{
"type": "FeatureCollection",
"name": "se2532_rgb_250_04_osm_road_buffers",
"crs": { "type": "name", "properties": { "name": "urn:ogc:def:crs:EPSG::27700" } },
"features": [
{ "type": "Feature", "properties": { "highway": "tertiary", "lanes": "2", "maxspeed": "30 mph", "name": "Stonebridge Lane", "osm_type": "way", "osm_id": 4020256, "junction": null, "oneway": null, "maxspeed:type": null, "ref": null, "turn:lanes": null, "sidewalk": null, "surface": null, "parking:both": null, "lane_markings": null, "source:name": null, "sidewalk:left": null, "sidewalk:right": null, "note": null, "foot": null, "source": null, "noname": null, "fixme": null }, "geometry": { "type": "Polygon", "coordinates": [ [ [ 425505.468870223034173, 432879.693388278596103 ], [ 425530.160251609282568, 432894.309508596605156 ], [ 425540.99523860035697, 432900.727915272582322 ], [ 425561.682223355805036, 432918.614426817803178 ], [ 425561.7266472040792, 432918.652513525565155 ], [ 425587.47601144015789, 432940.542617509432603 ], [ 425599.007903913734481, 432950.461331230239011 ], [ 425599.503486088651698, 432950.850200626824517 ], [ 425600.032020878512412, 432951.192942622525152 ], [ 425600.589228002587333, 432951.486781559069641 ], [ 425612.344795224780682, 432957.024962801253423 ], [ 425618.31137730384944, 432944.360054657328874 ], [ 425607.416130409634206, 432939.227180093468633 ], [ 425596.589930510672275, 432929.915440695243888 ], [ 425596.559232407482341, 432929.889190608984791 ], [ 425570.816772771882825, 432908.004956378717907 ], [ 425549.679060092545114, 432889.728733606345486 ], [ 425549.189927413593978, 432889.342494533921126 ], [ 425548.668378880363889, 432889.001292942208238 ], [ 425537.294622183428146, 432882.26373100746423 ], [ 425512.062773905170616, 432867.327679659007117 ], [ 425511.513164942793082, 432867.034543227986433 ], [ 425510.939673036686145, 432866.791425946925301 ], [ 425487.106296487210784, 432857.916884884878527 ], [ 425482.220974517811555, 432871.03685551189119 ], [ 425505.468870223034173, 432879.693388278596103 ] ] ] } },
{ "type": "Feature", "properties": { "highway": "trunk", "lanes": "2", "maxspeed": "40 mph", "name": "Ring Road", "osm_type": "way", "osm_id": 6018132, "junction": "roundabout", "oneway": "yes", "maxspeed:type": null, "ref": null, "turn:lanes": null, "sidewalk": null, "surface": null, "parking:both": null, "lane_markings": null, "source:name": null, "sidewalk:left": null, "sidewalk:right": null, "note": null, "foot": null, "source": null, "noname": null, "fixme": null }, "geometry": { "type": "Polygon", "coordinates": [ [ [ 425492.423036761640105, 432873.630650406586938 ], [ 425493.359868635074235, 432872.745819908217527 ], [ 425494.196417301194742, 432871.765633548842743 ], [ 425494.923035849351436, 432870.701394639909267 ], [ 425497.688370878226124, 432866.143507620436139 ], [ 425498.33223474904662, 432864.930852031917311 ], [ 425498.833364725462161, 432863.652586407260969 ], [ 425499.185200548788998, 432862.325444435235113 ], [ 425500.254440543532837, 432857.101910796831362 ], [ 425500.441425079305191, 432855.861479616025463 ], [ 425500.497894105792511, 432854.608306052628905 ], [ 425500.423230529238936, 432853.356084793747868 ], [ 425499.939321400248446, 432849.047604929131921 ], [ 425499.761896366777364, 432847.938702446001116 ], [ 425499.481586519861594, 432846.851241757394746 ], [ 425499.100846798333805, 432845.794746786297765 ], [ 425497.44261055579409, 432841.791432524158154 ], [ 425496.969875286973547, 432840.784813169681001 ], [ 425496.405982045049313, 432839.826280138920993 ], [ 425495.755773894372396, 432838.924065907136537 ], [ 425493.059923664084636, 432835.527068398310803 ], [ 425492.316664725600276, 432834.67606966837775 ], [ 425491.496661990066059, 432833.898748498177156 ], [ 425490.607185195665807, 432833.20199623220833 ], [ 425487.069847238541115, 432830.690536720387172 ], [ 425486.13639730081195, 432830.090711251366884 ], [ 425485.151535130979028, 432829.579667333455291 ], [ 425484.123680749209598, 432829.161774106090888 ], [ 425480.033756338583771, 432827.715440561529249 ], [ 425478.96939994499553, 432827.393690731434617 ], [ 425477.879831346916035, 432827.171839980001096 ], [ 425476.774405531119555, 432827.051793107646517 ], [ 425472.440923148416914, 432826.783524412894621 ], [ 425471.225154740968719, 432826.769973781716544 ], [ 425470.014255564950872, 432826.879516584915109 ], [ 425468.82065647962736, 432827.111028277082369 ], [ 425463.88618692138698, 432828.330422737752087 ], [ 425462.643548271968029, 432828.709958201972768 ], [ 425461.44922786927782, 432829.221618985349778 ], [ 425460.317227444553282, 432829.859406583185773 ], [ 425456.039995071012527, 432832.584409810195211 ], [ 425454.970593247096986, 432833.351273720851168 ], [ 425453.991590699763037, 432834.230622645351104 ], [ 425453.114760618133005, 432835.211881798924878 ], [ 425449.944188468623906, 432839.177897088811733 ], [ 425449.239523444965016, 432840.156370691023767 ], [ 425448.636612359143328, 432841.200622388802003 ], [ 425448.141542784986086, 432842.300108406227082 ], [ 425446.578288248507306, 432846.297085649566725 ], [ 425446.221299308002926, 432847.351638567633927 ], [ 425445.963581026240718, 432848.434737938805483 ], [ 425445.807351790252142, 432849.537060662172735 ], [ 425445.402051779499743, 432853.818467395496555 ], [ 425445.348654074827209, 432854.932052188727539 ], [ 425445.398833129205741, 432856.045786658476572 ], [ 425445.552155826881062, 432857.150057710765395 ], [ 425446.339614900003653, 432861.371168777986895 ], [ 425446.588158379367087, 432862.433176399557851 ], [ 425446.932103423285298, 432863.468229951860849 ], [ 425447.36860858212458, 432864.467778497783002 ], [ 425449.212709656101651, 432868.216186154109892 ], [ 425449.728926308976952, 432869.156808353029191 ], [ 425450.327099755348172, 432870.047559879545588 ], [ 425451.002447724109516, 432870.881319362204522 ], [ 425453.778804038011003, 432874.011709739570506 ], [ 425454.515299905207939, 432874.771782642346807 ], [ 425455.315902286034543, 432875.464005733316299 ], [ 425456.174383511533961, 432876.082994396740105 ], [ 425459.509237460209988, 432878.270682656846475 ], [ 425460.393132478173357, 432878.797748538607266 ], [ 425461.318936317460611, 432879.247143796295859 ], [ 425462.279840019764379, 432879.615563287399709 ], [ 425466.061079436680302, 432880.882195427664556 ], [ 425467.441613776434679, 432881.254795155429747 ], [ 425468.856667256681249, 432881.460535934951622 ], [ 425472.353288100624923, 432881.757645325793419 ], [ 425473.704626173188444, 432881.796045156661421 ], [ 425475.051708070444874, 432881.682205376622733 ], [ 425478.532847794238478, 432881.189270359172951 ], [ 425479.568079911405221, 432880.996008171583526 ], [ 425480.582381157379132, 432880.71272599423537 ], [ 425481.567939610686153, 432880.341605603171047 ], [ 425485.833681774500292, 432878.51777872821549 ], [ 425486.908541092940141, 432877.99340648483485 ], [ 425487.925867173471488, 432877.364648622111417 ], [ 425488.875555362610612, 432876.637750315945596 ], [ 425492.423036761640105, 432873.630650406586938 ] ], [ [ 425475.416135087434668, 432856.584509666194208 ], [ 425474.736047939106356, 432857.161000356893055 ], [ 425473.594294268114027, 432857.649159497756045 ], [ 425473.031776580028236, 432857.728812912537251 ], [ 425472.321071951359045, 432857.668424031755421 ], [ 425471.375294407771435, 432857.351609331090003 ], [ 425470.674383415782358, 432856.89180666138418 ], [ 425470.032689129468054, 432856.168285113002639 ], [ 425469.630574011185672, 432855.35092677542707 ], [ 425469.453920995409135, 432854.40399248333415 ], [ 425469.542061789426953, 432853.472912840661593 ], [ 425469.828724581631832, 432852.739964603388216 ], [ 425470.61634031921858, 432851.754749345534947 ], [ 425471.553623476473149, 432851.157610961410683 ], [ 425472.793241942010354, 432850.851279374503065 ], [ 425473.615387643338181, 432850.902175151801202 ], [ 425474.54225065628998, 432851.229944795486517 ], [ 425475.321521937148646, 432851.783216293493751 ], [ 425475.912272036017384, 432852.527610990102403 ], [ 425476.278610692010261, 432853.412025845318567 ], [ 425476.361333999724593, 432854.148551949823741 ], [ 425476.090081329457462, 432855.473696402623318 ], [ 425475.416135087434668, 432856.584509666194208 ] ] ] } },
{ "type": "Feature", "properties": { "highway": "tertiary", "lanes": "2", "maxspeed": "30 mph", "name": "Stonebridge Lane", "osm_type": "way", "osm_id": 6018135, "junction": null, "oneway": null, "maxspeed:type": null, "ref": null, "turn:lanes": null, "sidewalk": null, "surface": null, "parking:both": null, "lane_markings": null, "source:name": null, "sidewalk:left": null, "sidewalk:right": null, "note": null, "foot": null, "source": null, "noname": null, "fixme": null }, "geometry": { "type": "Polygon", "coordinates": [ [ [ 425101.927949269302189, 432446.10741606663214 ], [ 425111.638409478589892, 432456.181845330342185 ], [ 425121.271092091687024, 432471.450188980263192 ], [ 425130.435925440397114, 432485.978935554740019 ], [ 425139.807056720950641, 432501.820377421332523 ], [ 425140.244982139149215, 432502.473854923795443 ], [ 425140.753462771477643, 432503.074070688860957 ], [ 425150.534941681078635, 432513.384796102705877 ], [ 425151.063745163963176, 432513.887013447412755 ], [ 425151.641930477577262, 432514.331487437535543 ], [ 425167.901670378516428, 432525.533645149960648 ], [ 425168.676120449323207, 432525.99658923316747 ], [ 425173.406826004211325, 432528.425193750765175 ], [ 425185.282836599159054, 432534.516671668447088 ], [ 425198.519003901805263, 432544.326297530496959 ], [ 425214.506015050050337, 432562.05603640677873 ], [ 425235.946605904551689, 432588.159213240083773 ], [ 425250.941188405966386, 432611.677512170630507 ], [ 425254.460706999816466, 432623.446947271761019 ], [ 425260.013794045487884, 432642.013429003767669 ], [ 425260.051665094622876, 432642.135949655727018 ], [ 425263.679999548767228, 432653.504215536580887 ], [ 425263.919607884250581, 432654.145005353784654 ], [ 425264.220622636959888, 432654.759345538797788 ], [ 425280.271451598440763, 432683.829517926205881 ], [ 425280.715813275717665, 432684.532175152387936 ], [ 425281.240346734994091, 432685.177193855924997 ], [ 425292.191651445813477, 432697.118948786926921 ], [ 425292.729447593563236, 432697.645515374431852 ], [ 425359.066559657338075, 432755.952273179835174 ], [ 425397.285731682262849, 432812.886339224583935 ], [ 425403.174851554038469, 432822.018525154853705 ], [ 425405.688500970019959, 432825.923778917698655 ], [ 425406.071861091128085, 432826.461779962759465 ], [ 425406.504230449558236, 432826.96124652295839 ], [ 425406.981758221751079, 432827.417730185028631 ], [ 425418.017575916601345, 432837.012606851698365 ], [ 425418.622517732845154, 432837.482982221234124 ], [ 425419.275249905884266, 432837.884415029548109 ], [ 425419.967950205376837, 432838.212094574701041 ], [ 425437.670524030982051, 432845.428691153065301 ], [ 425448.023700644611381, 432849.637397076119669 ], [ 425456.681773921474814, 432853.155957086419221 ], [ 425461.952618263661861, 432840.186061176296789 ], [ 425453.29556743579451, 432836.667916721489746 ], [ 425442.952283924736548, 432832.463236118957866 ], [ 425426.327507301757578, 432825.686012237507384 ], [ 425416.920572447008453, 432817.507336018141359 ], [ 425414.945428825274576, 432814.438715146796312 ], [ 425409.016455744800624, 432805.244724560063332 ], [ 425408.945537723600864, 432805.136946681130212 ], [ 425370.183237330697011, 432747.393797008029651 ], [ 425369.82585446187295, 432746.908023738127667 ], [ 425369.427985733025707, 432746.454814449592959 ], [ 425368.992584289691877, 432746.037533048365731 ], [ 425302.255064967495855, 432687.37883877317654 ], [ 425292.123387425439432, 432676.330839156464208 ], [ 425276.808414816041477, 432648.59339986712439 ], [ 425273.408334847306833, 432637.940298950008582 ], [ 425267.873769018100575, 432619.435742051049601 ], [ 425264.074731428467203, 432606.731582329899538 ], [ 425263.861238606099505, 432606.121737490349915 ], [ 425263.592423576279543, 432605.534176095039584 ], [ 425263.270576697424985, 432604.973904285929166 ], [ 425247.52524329314474, 432580.278087798273191 ], [ 425247.032058903540019, 432579.598272064351477 ], [ 425225.221983904193621, 432553.04526108072605 ], [ 425225.011414429813158, 432552.800624782743398 ], [ 425208.447753382031806, 432534.431375991378445 ], [ 425207.955756440584082, 432533.937574706680607 ], [ 425207.417086754285265, 432533.495154467236716 ], [ 425193.156990737013984, 432522.926671651366632 ], [ 425192.682751957792789, 432522.604429849714506 ], [ 425192.183731776662171, 432522.322080673591699 ], [ 425179.799578597419895, 432515.969965297554154 ], [ 425175.472150144632906, 432513.748391334025655 ], [ 425160.187697293993551, 432503.218158229195978 ], [ 425151.454178632586263, 432494.012095051351935 ], [ 425142.434546568023507, 432478.764845521771349 ], [ 425142.330258947215043, 432478.594165118469391 ], [ 425133.111947916506324, 432463.980641913658474 ], [ 425123.09628431283636, 432448.105251831526402 ], [ 425122.684813912841491, 432447.521353234595153 ], [ 425122.215979571104981, 432446.982428544491995 ], [ 425112.007535212906078, 432436.391349608718883 ], [ 425095.789901403768454, 432419.570247346360702 ], [ 425085.711268557293806, 432429.287302453012671 ], [ 425101.927949269302189, 432446.10741606663214 ] ] ] } },
{ "type": "Feature", "properties": { "highway": "tertiary", "lanes": null, "maxspeed": null, "name": "Hall Lane", "osm_type": "way", "osm_id": 6018137, "junction": null, "oneway": null, "maxspeed:type": null, "ref": null, "turn:lanes": null, "sidewalk": null, "surface": null, "parking:both": null, "lane_markings": null, "source:name": null, "sidewalk:left": null, "sidewalk:right": null, "note": null, "foot": null, "source": null, "noname": null, "fixme": null }, "geometry": { "type": "Polygon", "coordinates": [ [ [ 425071.903772664372809, 432421.239041204564273 ], [ 425031.010917958628852, 432425.632467790157534 ], [ 425030.271390973473899, 432425.752240410307422 ], [ 425001.551350913185161, 432431.996953394962475 ], [ 424990.923089797666762, 432434.310696725733578 ], [ 424993.901101459807251, 432447.990296374075115 ], [ 425004.526783222798258, 432445.677114335005172 ], [ 425032.87940935313236, 432439.512289628153667 ], [ 425073.748440467461478, 432435.121422589989379 ], [ 425074.441231649369001, 432435.011644957470708 ], [ 425092.191135506262071, 432431.278943816083483 ], [ 425089.310034454800189, 432417.57860598328989 ], [ 425071.903772664372809, 432421.239041204564273 ] ] ] } },
{ "type": "Feature", "properties": { "highway": "residential", "lanes": null, "maxspeed": "20 mph", "name": "Bawn Avenue", "osm_type": "way", "osm_id": 7665581, "junction": null, "oneway": null, "maxspeed:type": "sign", "ref": null, "turn:lanes": null, "sidewalk": null, "surface": null, "parking:both": null, "lane_markings": null, "source:name": null, "sidewalk:left": null, "sidewalk:right": null, "note": null, "foot": null, "source": null, "noname": null, "fixme": null }, "geometry": { "type": "Polygon", "coordinates": [ [ [ 425376.920775593607686, 432752.53500767640071 ], [ 425390.379351546871476, 432748.221458177489694 ], [ 425431.604161492898129, 432738.139659734966699 ], [ 425432.233205316879321, 432737.941025375621393 ], [ 425447.820859263767488, 432731.861467161332257 ], [ 425448.175643058959395, 432731.707022002723534 ], [ 425461.479042260034475, 432725.292478838877287 ], [ 425461.847410407382995, 432725.09548899019137 ], [ 425462.198049518978223, 432724.868437661381904 ], [ 425462.528512132528704, 432724.612909671734087 ], [ 425519.990201993903611, 432676.213893656735308 ], [ 425560.56934061931679, 432642.031871343380772 ], [ 425606.226041105983313, 432604.628773721051402 ], [ 425606.470737924741115, 432604.414644362521358 ], [ 425618.364498899783939, 432593.303381983248983 ], [ 425631.661735124012921, 432580.964769899961539 ], [ 425632.047849623369984, 432580.564271792420186 ], [ 425632.387082823261153, 432580.123359128891025 ], [ 425642.256152975081932, 432565.701953201147262 ], [ 425642.458103767188732, 432565.381435918563511 ], [ 425642.635207740298938, 432565.046548424637876 ], [ 425649.252559060114436, 432551.297244427376427 ], [ 425649.415506229968742, 432550.919685276807286 ], [ 425649.546876521082595, 432550.53001292864792 ], [ 425649.645781330764294, 432550.130863168567885 ], [ 425652.069106276554521, 432538.28351734665921 ], [ 425652.155935027869418, 432537.663314824632835 ], [ 425653.361924219003413, 432521.915143022022676 ], [ 425654.923397580510937, 432501.40596373565495 ], [ 425655.873845854424872, 432489.006680784164928 ], [ 425655.884657921444159, 432488.429304959136061 ], [ 425655.589919230609667, 432480.886540913837962 ], [ 425655.152024939947296, 432469.393181458231993 ], [ 425654.719011341396254, 432458.173111559764948 ], [ 425654.667710298439488, 432457.626218151475769 ], [ 425654.556728455529083, 432457.088252327637747 ], [ 425649.276276816206519, 432437.110092751448974 ], [ 425639.608281310589518, 432439.665452394168824 ], [ 425644.747729542432353, 432459.110137038980611 ], [ 425645.159321871236898, 432469.775132887938526 ], [ 425645.597262049326673, 432481.269696744973771 ], [ 425645.880990838515572, 432488.530763229646254 ], [ 425644.952549097419251, 432500.642955095157959 ], [ 425643.391033755324315, 432521.152683462074492 ], [ 425642.209084942587651, 432536.586928728036582 ], [ 425639.972909931966569, 432547.519320900726598 ], [ 425633.789148444193415, 432560.36772692197701 ], [ 425624.4501348126214, 432574.014575558598153 ], [ 425611.556414120772388, 432585.978762344806455 ], [ 425611.544062301923987, 432585.990262551698834 ], [ 425599.763000388338696, 432596.996240417123772 ], [ 425554.205665920511819, 432634.317934940569103 ], [ 425554.153034033835866, 432634.361657506728079 ], [ 425513.547969207400456, 432668.565518879331648 ], [ 425456.568274782970548, 432716.558558235235978 ], [ 425444.006830695143435, 432722.615350494452287 ], [ 425428.907515008642804, 432728.50444509612862 ], [ 425387.832972442964092, 432738.549494662380312 ], [ 425387.494688654784113, 432738.644942904356867 ], [ 425373.875334624026436, 432743.010025011084508 ], [ 425362.849706091510598, 432746.532426986552309 ], [ 425365.892918173281942, 432756.058121723646764 ], [ 425376.920775593607686, 432752.53500767640071 ] ] ] } },
{ "type": "Feature", "properties": { "highway": "trunk", "lanes": "2", "maxspeed": "40 mph", "name": "Ring Road Farnley", "osm_type": "way", "osm_id": 7922226, "junction": null, "oneway": "yes", "maxspeed:type": null, "ref": "A6110", "turn:lanes": "left;through|right;through", "sidewalk": null, "surface": null, "parking:both": null, "lane_markings": null, "source:name": null, "sidewalk:left": null, "sidewalk:right": null, "note": null, "foot": null, "source": null, "noname": null, "fixme": null }, "geometry": { "type": "Polygon", "coordinates": [ [ [ 425223.727774167084135, 432971.504165183403529 ], [ 425222.704627591650933, 432971.995103840483353 ], [ 425184.840213561838027, 432992.420018527074717 ], [ 425183.358096001436934, 432993.365853667375632 ], [ 425143.837989649444353, 433022.87234647537116 ], [ 425142.584500466589816, 433023.950357211462688 ], [ 425105.801856773905456, 433060.281067492149305 ], [ 425105.463302975171246, 433060.629275107465219 ], [ 425066.080824762524571, 433102.809925133769866 ], [ 425065.556544333405327, 433103.410241361474618 ], [ 425043.056784348213114, 433130.969261644000653 ], [ 425037.134909204207361, 433135.389395543606952 ], [ 425033.077174664300401, 433138.192332725098822 ], [ 425027.754966773209162, 433140.354327192588244 ], [ 425036.787469070986845, 433162.589747185062151 ], [ 425043.32994306855835, 433159.932054574077483 ], [ 425044.515964403864928, 433159.372947161318734 ], [ 425045.633905052382033, 433158.687778267485555 ], [ 425050.956522112712264, 433155.011105701851193 ], [ 425051.314181453490164, 433154.754227879748214 ], [ 425058.596116519591305, 433149.318934622511733 ], [ 425059.717083700292278, 433148.37009243236389 ], [ 425060.713748732814565, 433147.291423004353419 ], [ 425083.895387061988004, 433118.897198296384886 ], [ 425122.83999846043298, 433077.185526041081175 ], [ 425158.860315540630836, 433041.607775975193363 ], [ 425197.010138321551494, 433013.124363975075539 ], [ 425233.598801695159636, 432993.387617823085748 ], [ 425250.975919150572736, 432986.039027901017107 ], [ 425241.628084870229941, 432963.934322649263777 ], [ 425223.727774167084135, 432971.504165183403529 ] ] ] } },
{ "type": "Feature", "properties": { "highway": "trunk", "lanes": "2", "maxspeed": "40 mph", "name": "Ring Road Low Wortley", "osm_type": "way", "osm_id": 7922516, "junction": null, "oneway": "yes", "maxspeed:type": null, "ref": "A6110", "turn:lanes": null, "sidewalk": null, "surface": null, "parking:both": null, "lane_markings": null, "source:name": null, "sidewalk:left": null, "sidewalk:right": null, "note": null, "foot": null, "source": null, "noname": null, "fixme": null }, "geometry": { "type": "Polygon", "coordinates": [ [ [ 425501.71363455808023, 432849.78066052950453 ], [ 425505.058403750997968, 432841.050259369483683 ], [ 425514.47733271017205, 432828.188326430215966 ], [ 425532.183444118418265, 432805.719709547993261 ], [ 425559.702504838758614, 432774.422239740029909 ], [ 425591.54260286106728, 432747.965314440487418 ], [ 425627.053683709120378, 432723.194237982213963 ], [ 425661.073683736030944, 432704.337175639229827 ], [ 425696.162641451286618, 432688.751975173305254 ], [ 425722.115362843556795, 432678.392327662848402 ], [ 425766.157191332546063, 432663.13821319694398 ], [ 425766.98572227783734, 432662.816411213600077 ], [ 425767.788161186734214, 432662.434165427112021 ], [ 425796.397646258759778, 432647.48165800049901 ], [ 425797.434914370940533, 432646.871448738442268 ], [ 425823.480530537082814, 432629.735411426925566 ], [ 425824.293877339747269, 432629.150216216687113 ], [ 425825.055567994073499, 432628.499206383654382 ], [ 425833.479005088389385, 432620.668110664293636 ], [ 425834.383588672732003, 432619.730579745140858 ], [ 425845.496330787194893, 432606.885222042328678 ], [ 425845.858134482346941, 432606.446409134834539 ], [ 425858.205607380135916, 432590.726172132825013 ], [ 425858.316824284323957, 432590.582346122420859 ], [ 425861.741194582427852, 432586.083928638196085 ], [ 425862.053504711366259, 432585.654253345506731 ], [ 425865.420546362758614, 432580.799483134469483 ], [ 425866.108677520649508, 432579.681259617384057 ], [ 425866.670521250518505, 432578.494549902330618 ], [ 425877.950533797091339, 432550.852280673512723 ], [ 425878.383147052372806, 432549.598005128849763 ], [ 425884.960721590497997, 432526.447124921192881 ], [ 425885.160146956448443, 432525.63977744866861 ], [ 425890.958148448378779, 432498.100874095398467 ], [ 425891.125436886155512, 432497.09670793620171 ], [ 425902.508836771245115, 432404.749526699015405 ], [ 425916.171440371894278, 432317.409782274800818 ], [ 425892.459804888349026, 432313.700558272947092 ], [ 425878.767038689577021, 432401.233120529737789 ], [ 425878.712999596551526, 432401.619635062932502 ], [ 425867.368051446333993, 432493.654878797358833 ], [ 425861.760726924636401, 432520.288119283621199 ], [ 425855.4784446140402, 432542.399668816127814 ], [ 425844.947781464608852, 432568.205617588944733 ], [ 425842.483793888008222, 432571.758318958804011 ], [ 425839.275398428842891, 432575.973021509475075 ], [ 425827.159779827052262, 432591.398072240292095 ], [ 425816.659948812739458, 432603.534958330972586 ], [ 425809.450059070077259, 432610.237844108894933 ], [ 425784.747023889853153, 432626.490565098705702 ], [ 425757.460848179762252, 432640.751455985824578 ], [ 425713.997688283852767, 432655.805145599704701 ], [ 425713.476303899893537, 432655.999380237888545 ], [ 425687.052277316106483, 432666.547160452464595 ], [ 425686.62994708243059, 432666.725167199037969 ], [ 425650.847874961036723, 432682.618223117780872 ], [ 425649.90136474504834, 432683.089602787338663 ], [ 425614.877757546957582, 432702.502957986842375 ], [ 425613.82993200479541, 432703.156407844857313 ], [ 425577.397013738169335, 432728.570520353619941 ], [ 425576.593309454794507, 432729.183026082639117 ], [ 425543.641820669639856, 432756.563440448429901 ], [ 425542.944966151146218, 432757.190056882041972 ], [ 425542.299135615699925, 432757.869142513081897 ], [ 425513.946466105873697, 432790.114676871162374 ], [ 425513.533097870997153, 432790.611135931452736 ], [ 425495.495802862336859, 432813.500016600708477 ], [ 425495.239395945915021, 432813.837482898728922 ], [ 425484.745908144395798, 432828.166769910836592 ], [ 425484.155679116782267, 432829.05266689916607 ], [ 425483.646282362751663, 432829.987385426764376 ], [ 425483.221726494317409, 432830.963569883431774 ], [ 425478.938133604708128, 432842.14445626916131 ], [ 425478.615514285746031, 432843.106448596459813 ], [ 425478.375315882731229, 432844.092256483389065 ], [ 425476.729631137626711, 432852.35012671048753 ], [ 425500.266789914632682, 432857.04077237052843 ], [ 425501.71363455808023, 432849.78066052950453 ] ] ] } },
{ "type": "Feature", "properties": { "highway": "tertiary", "lanes": "2", "maxspeed": "30 mph", "name": "Butt Lane", "osm_type": "way", "osm_id": 8033113, "junction": null, "oneway": null, "maxspeed:type": "sign", "ref": null, "turn:lanes": null, "sidewalk": "both", "surface": "asphalt", "parking:both": null, "lane_markings": null, "source:name": null, "sidewalk:left": null, "sidewalk:right": null, "note": null, "foot": null, "source": null, "noname": null, "fixme": null }, "geometry": { "type": "Polygon", "coordinates": [ [ [ 424987.101345001487061, 432901.20003886136692 ], [ 424987.429225267085712, 432911.380227353249211 ], [ 424988.216165718971752, 432935.908914544968866 ], [ 424988.031127660360653, 432970.698544991202652 ], [ 424983.958239827537909, 432991.496167586999945 ], [ 424977.291005017817952, 433013.670905476261396 ], [ 424977.169004175579175, 433014.133434609917458 ], [ 424973.027341067616362, 433032.336187990906183 ], [ 424972.90925998869352, 433033.00265101401601 ], [ 424970.819586556055583, 433049.369359801406972 ], [ 424970.767528320779093, 433050.010317098058295 ], [ 424970.774510330869816, 433050.653347087616567 ], [ 424971.738450084871147, 433067.603725420252886 ], [ 424971.788485928380396, 433068.130856033065356 ], [ 424971.878223761217669, 433068.652696420555003 ], [ 424975.566722578485496, 433086.118239734321833 ], [ 424975.708323541854043, 433086.674749023106415 ], [ 424975.895062591705937, 433087.217779361701105 ], [ 424985.572322556574363, 433112.002857048239093 ], [ 424985.830963463056833, 433112.585477811342571 ], [ 424986.141532844281755, 433113.142154316650704 ], [ 424994.035348274803255, 433125.890056142292451 ], [ 425008.755385647993535, 433151.123301067913417 ], [ 425020.848155827959999, 433144.068876259669196 ], [ 425006.081658875802532, 433118.755989828670863 ], [ 425005.986658163717948, 433118.59795814496465 ], [ 424998.380943323776592, 433106.315316506486852 ], [ 424989.145636213419493, 433082.662153832381591 ], [ 424985.685738901433069, 433066.279069722164422 ], [ 424984.788554269587621, 433050.502545431663748 ], [ 424986.753612950618844, 433035.111842425074428 ], [ 424990.767012265045196, 433017.472812877036631 ], [ 424997.464870621857699, 432995.196223298262339 ], [ 424997.630833134171553, 432994.525966252258513 ], [ 425001.897030044929124, 432972.741238336602692 ], [ 425001.992997304478195, 432972.090278163261246 ], [ 425002.027418313256931, 432971.433182997920085 ], [ 425002.216663813276682, 432935.852497276791837 ], [ 425002.21316310914699, 432935.590804727515206 ], [ 425001.422011794813443, 432910.930866273818538 ], [ 425001.09403711464256, 432900.747744649765082 ], [ 425000.889967970433645, 432894.50160326511832 ], [ 424986.897433915524743, 432894.958758296852466 ], [ 424987.101345001487061, 432901.20003886136692 ] ] ] } },
{ "type": "Feature", "properties": { "highway": "residential", "lanes": null, "maxspeed": "20 mph", "name": "Tong Approach", "osm_type": "way", "osm_id": 8033114, "junction": null, "oneway": null, "maxspeed:type": null, "ref": null, "turn:lanes": null, "sidewalk": null, "surface": null, "parking:both": null, "lane_markings": null, "source:name": null, "sidewalk:left": null, "sidewalk:right": null, "note": null, "foot": null, "source": null, "noname": null, "fixme": null }, "geometry": { "type": "Polygon", "coordinates": [ [ [ 424978.186211480177008, 432930.724646335642319 ], [ 424967.092019539151806, 432928.304923460411374 ], [ 424966.966416288050823, 432928.27921086398419 ], [ 424929.83514343056595, 432921.172708311933093 ], [ 424927.955375323945191, 432930.994442978757434 ], [ 424965.02368171379203, 432938.088894466345664 ], [ 424976.568657216557767, 432940.606936471245717 ], [ 424977.085101490665693, 432940.691545486275572 ], [ 424977.607560495496728, 432940.721711062709801 ], [ 424995.190178798337001, 432940.81519573868718 ], [ 424995.243346849281806, 432930.815337081789039 ], [ 424978.186211480177008, 432930.724646335642319 ] ] ] } },
{ "type": "Feature", "properties": { "highway": "tertiary", "lanes": "2", "maxspeed": "40 mph", "name": "Tong Road", "osm_type": "way", "osm_id": 8033116, "junction": null, "oneway": null, "maxspeed:type": null, "ref": null, "turn:lanes": null, "sidewalk": null, "surface": null, "parking:both": null, "lane_markings": null, "source:name": null, "sidewalk:left": null, "sidewalk:right": null, "note": null, "foot": null, "source": null, "noname": null, "fixme": null }, "geometry": { "type": "Polygon", "coordinates": [ [ [ 425278.521413412410766, 432984.319324005220551 ], [ 425282.002252463484183, 432970.758949397539254 ], [ 425257.12132738227956, 432964.372216128336731 ], [ 425253.640488331206143, 432977.932590736018028 ], [ 425278.521413412410766, 432984.319324005220551 ] ] ] } },
{ "type": "Feature", "properties": { "highway": "residential", "lanes": null, "maxspeed": "20 mph", "name": "Butterbowl Drive", "osm_type": "way", "osm_id": 8065786, "junction": null, "oneway": null, "maxspeed:type": "sign", "ref": null, "turn:lanes": null, "sidewalk": "both", "surface": null, "parking:both": null, "lane_markings": null, "source:name": null, "sidewalk:left": null, "sidewalk:right": null, "note": null, "foot": null, "source": null, "noname": null, "fixme": null }, "geometry": { "type": "Polygon", "coordinates": [ [ [ 425603.253986860334408, 432451.339765431301203 ], [ 425603.961655952967703, 432451.277026712778024 ], [ 425628.776349204883445, 432447.284445384866558 ], [ 425629.151662451738957, 432447.209218690928537 ], [ 425645.611856533272658, 432443.249057232460473 ], [ 425646.124841412296519, 432443.096167622308712 ], [ 425646.618542193900794, 432442.889314396074042 ], [ 425656.950405735522509, 432437.894391639041714 ], [ 425657.087818686559331, 432437.825332527514547 ], [ 425673.520581208285876, 432429.247726686066017 ], [ 425673.896383356419392, 432429.030301133112516 ], [ 425693.295105560100637, 432416.652665650413837 ], [ 425693.591650429007132, 432416.448053112195339 ], [ 425704.242753377940971, 432408.517650765308645 ], [ 425704.686595798237249, 432408.14534062857274 ], [ 425705.084394204022828, 432407.724190583627205 ], [ 425713.917995780939236, 432397.213708259921987 ], [ 425706.262667931616306, 432390.779739382152911 ], [ 425697.803687180101406, 432400.844486687215976 ], [ 425687.764188331959303, 432408.319512100890279 ], [ 425668.700603564910125, 432420.483308291295543 ], [ 425652.528641903831158, 432428.924780784349423 ], [ 425642.750019093044102, 432433.652240202762187 ], [ 425626.998723322700243, 432437.441847671638243 ], [ 425602.724727788066957, 432441.347432977170683 ], [ 425579.623152424988803, 432441.747589781123679 ], [ 425579.796342685760465, 432451.746089925349224 ], [ 425603.253986860334408, 432451.339765431301203 ] ] ] } },
{ "type": "Feature", "properties": { "highway": "residential", "lanes": null, "maxspeed": "20 mph", "name": "Whincover View", "osm_type": "way", "osm_id": 26439599, "junction": null, "oneway": null, "maxspeed:type": null, "ref": null, "turn:lanes": null, "sidewalk": null, "surface": null, "parking:both": null, "lane_markings": null, "source:name": null, "sidewalk:left": null, "sidewalk:right": null, "note": null, "foot": null, "source": null, "noname": null, "fixme": null }, "geometry": { "type": "Polygon", "coordinates": [ [ [ 425768.088628026947845, 432071.475680793751962 ], [ 425768.343811716127675, 432070.940688683826011 ], [ 425778.108989822736476, 432046.894806073454674 ], [ 425778.275185513484757, 432046.417733997048344 ], [ 425778.392391847388353, 432045.926326377026271 ], [ 425781.040374655218329, 432031.665890959382523 ], [ 425781.114992998540401, 432031.059739552845713 ], [ 425781.115154312399682, 432030.449012609955389 ], [ 425780.401838798890822, 432018.740304334030952 ], [ 425780.361353562329896, 432018.340852889348753 ], [ 425777.639598535839468, 431999.18880872160662 ], [ 425767.739074836950749, 432000.595802142634057 ], [ 425770.432561829511542, 432019.548933980171569 ], [ 425771.096313136920799, 432030.444071236299351 ], [ 425768.653042973717675, 432043.602048043103423 ], [ 425759.190389387251344, 432066.902990927977953 ], [ 425745.624169002461713, 432091.47957697941456 ], [ 425754.378932432446163, 432096.3121867593145 ], [ 425768.088628026947845, 432071.475680793751962 ] ] ] } },
{ "type": "Feature", "properties": { "highway": "residential", "lanes": null, "maxspeed": null, "name": "Whincover Cross", "osm_type": "way", "osm_id": 26439600, "junction": null, "oneway": null, "maxspeed:type": null, "ref": null, "turn:lanes": null, "sidewalk": null, "surface": null, "parking:both": null, "lane_markings": null, "source:name": null, "sidewalk:left": null, "sidewalk:right": null, "note": null, "foot": null, "source": null, "noname": null, "fixme": null }, "geometry": { "type": "Polygon", "coordinates": [ [ [ 425583.886742620961741, 432049.40729175141314 ], [ 425574.450016740011051, 432052.716098885226529 ], [ 425594.563983766362071, 432110.081181082932744 ], [ 425604.00070964731276, 432106.772373949119356 ], [ 425583.886742620961741, 432049.40729175141314 ] ] ] } },
{ "type": "Feature", "properties": { "highway": "residential", "lanes": "1", "maxspeed": null, "name": "Whincover Drive", "osm_type": "way", "osm_id": 26439602, "junction": null, "oneway": "yes", "maxspeed:type": null, "ref": null, "turn:lanes": null, "sidewalk": null, "surface": null, "parking:both": null, "lane_markings": null, "source:name": null, "sidewalk:left": null, "sidewalk:right": null, "note": null, "foot": null, "source": null, "noname": null, "fixme": null }, "geometry": { "type": "Polygon", "coordinates": [ [ [ 425919.44902115536388, 432240.813854933658149 ], [ 425919.934247332625091, 432240.861483092303388 ], [ 425920.421805395046249, 432240.861625896010082 ], [ 425920.907059389282949, 432240.814281986968126 ], [ 425921.385395270248409, 432240.719901535427198 ], [ 425921.852264773799106, 432240.579381959396414 ], [ 425925.740745977440383, 432239.198923304327764 ], [ 425926.180470418243203, 432239.018856978567783 ], [ 425926.601116324192844, 432238.797862663399428 ], [ 425926.998884733300656, 432238.537936215696391 ], [ 425927.370183296210598, 432238.241425098385662 ], [ 425931.958563021558803, 432234.205659860628657 ], [ 425925.35413703910308, 432226.696894486551173 ], [ 425921.488334776775446, 432230.097107921435963 ], [ 425919.679163464345038, 432230.739385989902075 ], [ 425913.240124973177444, 432229.788481273630168 ], [ 425911.779189081222285, 432239.681189008115325 ], [ 425919.44902115536388, 432240.813854933658149 ] ] ] } },
{ "type": "Feature", "properties": { "highway": "residential", "lanes": null, "maxspeed": "20 mph", "name": "Cow Close Road", "osm_type": "way", "osm_id": 26439703, "junction": null, "oneway": null, "maxspeed:type": "sign", "ref": null, "turn:lanes": null, "sidewalk": "both", "surface": null, "parking:both": null, "lane_markings": null, "source:name": null, "sidewalk:left": null, "sidewalk:right": null, "note": null, "foot": null, "source": null, "noname": null, "fixme": null }, "geometry": { "type": "Polygon", "coordinates": [ [ [ 425928.024796119891107, 432038.709148361929692 ], [ 425928.459751187998336, 432038.46421188430395 ], [ 425928.868115666555241, 432038.177126109658275 ], [ 425940.561578087101225, 432029.051371813344304 ], [ 425941.101465257292148, 432028.562780885957181 ], [ 425948.742991037841421, 432020.56068875035271 ], [ 425949.061445021012332, 432020.192942385270726 ], [ 425949.342654812149704, 432019.79598976613488 ], [ 425970.708493641926907, 431986.292193958826829 ], [ 425975.933329861843958, 431978.65587088430766 ], [ 426034.442574021930341, 431913.852712272084318 ], [ 426037.596612715104129, 431910.359217699209694 ], [ 426054.70698233274743, 431894.600433849205729 ], [ 426054.823368583747651, 431894.489733639871702 ], [ 426074.871573486947455, 431874.798033567145467 ], [ 426093.482381216774229, 431857.455958736885805 ], [ 426095.523791894956958, 431855.552359337452799 ], [ 426095.532676183211152, 431855.544054584170226 ], [ 426115.185888628708199, 431837.128013045119587 ], [ 426115.244414910208434, 431837.072275840735529 ], [ 426118.82197203533724, 431833.609640235372353 ], [ 426118.911847777431831, 431833.520419582840987 ], [ 426134.374160321836825, 431817.777038539235946 ], [ 426144.058512958232313, 431808.193846593436319 ], [ 426155.915249392273836, 431798.43830225901911 ], [ 426166.836183100997005, 431793.129802874813322 ], [ 426179.228604179283138, 431789.116929855372291 ], [ 426194.879113497096114, 431786.020602298900485 ], [ 426206.91504077333957, 431784.624839663505554 ], [ 426229.177828329557087, 431784.803852277458645 ], [ 426249.178877996164374, 431785.093383571191225 ], [ 426271.388858314545359, 431785.417730545974337 ], [ 426291.246820515661966, 431785.717901865078602 ], [ 426311.445704875106458, 431786.008984206535388 ], [ 426311.53177923389012, 431786.009483621339314 ], [ 426331.386423246120103, 431785.953778883675113 ], [ 426331.614484366786201, 431785.94793440529611 ], [ 426352.805667670385446, 431784.920698292902671 ], [ 426352.903389990504365, 431784.915001898189075 ], [ 426372.52141371864127, 431783.578625942580402 ], [ 426371.841790671285708, 431773.601747046224773 ], [ 426352.272600221273024, 431774.934796488436405 ], [ 426331.244269836868625, 431775.954138355504256 ], [ 426311.546762395766564, 431776.009402226482052 ], [ 426291.396200071845669, 431775.719017484574579 ], [ 426271.538720012351405, 431775.418853453535121 ], [ 426249.324579439475201, 431775.094445067981724 ], [ 426229.306487645022571, 431774.804667034884915 ], [ 426229.274319350253791, 431774.804304876772221 ], [ 426206.686335662961937, 431774.62267739669187 ], [ 426206.07016068889061, 431774.655800909327809 ], [ 426193.528721053735353, 431776.11018597119255 ], [ 426193.134292196715251, 431776.17197243636474 ], [ 426176.998465575336013, 431779.364316123072058 ], [ 426176.428527750598732, 431779.512422330386471 ], [ 426163.42367506067967, 431783.72361093928339 ], [ 426162.778145902324468, 431783.983547250390984 ], [ 426151.010343213158194, 431789.703696735319681 ], [ 426150.496084687998518, 431789.992338490090333 ], [ 426150.019387714739423, 431790.339521279151086 ], [ 426137.527776119764894, 431800.61743134324206 ], [ 426137.187676520785317, 431800.924445081152953 ], [ 426127.314979362592567, 431810.69401414191816 ], [ 426127.264668494346552, 431810.74451435636729 ], [ 426111.821753388969228, 431826.468145361111965 ], [ 426108.318737027293537, 431829.858634668693412 ], [ 426088.69945006375201, 431848.242886336927768 ], [ 426086.664436094812118, 431850.1405212857062 ], [ 426068.006166390608996, 431867.526822520478163 ], [ 426067.91113811993273, 431867.617736624437384 ], [ 426047.873320905258879, 431887.299233726516832 ], [ 426030.652518184913788, 431903.159727325255517 ], [ 426030.328567635617219, 431903.486908683204092 ], [ 426027.020217586366925, 431907.151322494784836 ], [ 425968.285584551340435, 431972.204115352360532 ], [ 425967.870202219171915, 431972.731418977549765 ], [ 425962.409727363614365, 431980.712138062750455 ], [ 425962.320540751155932, 431980.847123541636392 ], [ 425941.173699846898671, 432014.007508456532378 ], [ 425934.121446622128133, 432021.392523136746604 ], [ 425923.110766046273056, 432029.985424191749189 ], [ 425909.558061429474037, 432036.749617887660861 ], [ 425914.023774549888913, 432045.697098333388567 ], [ 425928.024796119891107, 432038.709148361929692 ] ] ] } },
{ "type": "Feature", "properties": { "highway": "tertiary", "lanes": null, "maxspeed": "20 mph", "name": "Maple Drive", "osm_type": "way", "osm_id": 27512946, "junction": null, "oneway": null, "maxspeed:type": "sign", "ref": null, "turn:lanes": null, "sidewalk": null, "surface": null, "parking:both": null, "lane_markings": null, "source:name": null, "sidewalk:left": null, "sidewalk:right": null, "note": null, "foot": null, "source": null, "noname": null, "fixme": null }, "geometry": { "type": "Polygon", "coordinates": [ [ [ 424856.896204619202763, 432092.486111308273394 ], [ 424857.219824871164747, 432093.150314376689494 ], [ 424857.611651149112731, 432093.776707185897976 ], [ 424858.067318222194444, 432094.35831126262201 ], [ 424858.581749626435339, 432094.888647112704348 ], [ 424859.149214220349677, 432095.361806407454424 ], [ 424867.208724316849839, 432101.390344986342825 ], [ 424867.74616871442413, 432101.754745223734062 ], [ 424868.315066909824964, 432102.067776942101773 ], [ 424868.910523661761545, 432102.326746573671699 ], [ 424881.266507673892193, 432107.03176843514666 ], [ 424881.895224559877533, 432107.237722460646182 ], [ 424882.540576949308161, 432107.383401137136389 ], [ 424900.69411863188725, 432110.588235110393725 ], [ 424912.303361982689239, 432115.649014756490942 ], [ 424921.440281197545119, 432121.863794442848302 ], [ 424922.127051945135463, 432122.275535221793689 ], [ 424929.952858462405857, 432126.378106692107394 ], [ 424930.784589351329487, 432126.747344033850823 ], [ 424938.646681473124772, 432129.64180611592019 ], [ 424945.538584210036788, 432132.296694678429049 ], [ 424952.910398984211497, 432135.213003870565444 ], [ 424957.839376173913479, 432139.670795693411492 ], [ 424968.962548385548871, 432165.924625409592409 ], [ 424969.218000325025059, 432166.462620125326794 ], [ 424969.518259003467392, 432166.976953415665776 ], [ 424974.674314761825372, 432175.004102867678739 ], [ 424975.02427853672998, 432175.500222235918045 ], [ 424975.415915486228187, 432175.964150647458155 ], [ 424975.846279468794819, 432176.392398138705175 ], [ 424983.982627415505704, 432183.814945633232128 ], [ 424987.890849864517804, 432188.733924429630861 ], [ 424995.456149813253433, 432204.714668388944119 ], [ 424995.933768471470103, 432205.564836374076549 ], [ 425001.482870227016974, 432214.005777248472441 ], [ 425013.181348825397436, 432206.315159686550032 ], [ 425007.900736910989508, 432198.28262849256862 ], [ 425000.199740634707268, 432182.015243120258674 ], [ 424999.815660858468618, 432181.311277606582735 ], [ 424999.353587003948633, 432180.65585982229095 ], [ 424994.595250351529103, 432174.666907707927749 ], [ 424994.230081304209307, 432174.243220964446664 ], [ 424993.832250202074647, 432173.850042501289863 ], [ 424985.958520368789323, 432166.667073676770087 ], [ 424981.620340199384373, 432159.91322495957138 ], [ 424970.126930159400217, 432132.785529343003873 ], [ 424969.792637237114832, 432132.102408898703288 ], [ 424969.386207889125217, 432131.459586618177127 ], [ 424968.912439684499986, 432130.864650497562252 ], [ 424968.376925073098391, 432130.32462327578105 ], [ 424961.360353438358288, 432123.978800510871224 ], [ 424960.876779879792593, 432123.579342703160364 ], [ 424960.359390723984689, 432123.224774813919794 ], [ 424959.812339971482288, 432122.917943588516209 ], [ 424959.240019769233186, 432122.661312505602837 ], [ 424950.659339624398854, 432119.266773013281636 ], [ 424950.600584119383711, 432119.243834779888857 ], [ 424943.63044402981177, 432116.558807740279008 ], [ 424943.53255267185159, 432116.521935752651189 ], [ 424936.049268298782408, 432113.766933326900471 ], [ 424928.982481075043324, 432110.062267285538837 ], [ 424919.636691281630192, 432103.705417323857546 ], [ 424919.081518666353077, 432103.364465875783935 ], [ 424918.497051736805588, 432103.076606655027717 ], [ 424905.526777520601172, 432097.422517256229185 ], [ 424904.750728544022422, 432097.13747542980127 ], [ 424903.946485756896436, 432096.945917615375947 ], [ 424885.628212830517441, 432093.712001918233 ], [ 424874.809084673179314, 432089.592197744583245 ], [ 424869.050043145602103, 432085.284416798793245 ], [ 424865.863670809427276, 432077.760126112902071 ], [ 424852.971985943149775, 432083.219472347584087 ], [ 424856.896204619202763, 432092.486111308273394 ] ] ] } },
{ "type": "Feature", "properties": { "highway": "tertiary", "lanes": null, "maxspeed": null, "name": "Chapel Lane", "osm_type": "way", "osm_id": 27512948, "junction": null, "oneway": null, "maxspeed:type": null, "ref": null, "turn:lanes": null, "sidewalk": null, "surface": null, "parking:both": null, "lane_markings": null, "source:name": null, "sidewalk:left": null, "sidewalk:right": null, "note": null, "foot": null, "source": null, "noname": null, "fixme": null }, "geometry": { "type": "Polygon", "coordinates": [ [ [ 425012.771180303883739, 432223.679540721524972 ], [ 425013.337765754491556, 432224.098624397767708 ], [ 425013.943618136341684, 432224.458614803035744 ], [ 425014.582596700347494, 432224.755863175960258 ], [ 425015.248224939743523, 432224.987356690806337 ], [ 425034.940277312649414, 432230.74249664566014 ], [ 425038.581811787560582, 432234.870679060230032 ], [ 425047.008367720176466, 432246.952887532417662 ], [ 425052.181621996685863, 432257.542746147082653 ], [ 425053.485573826765176, 432267.721927199687343 ], [ 425053.386742395174224, 432277.770753243064974 ], [ 425042.215796922566369, 432309.124841910728719 ], [ 425042.053241042944137, 432309.644105455547106 ], [ 425033.443672879016958, 432341.43035600805888 ], [ 425033.27953846892342, 432342.209594690066297 ], [ 425029.496672425011639, 432367.123310322582256 ], [ 425025.597610943543259, 432392.815786839346401 ], [ 425025.519709945830982, 432393.72908688505413 ], [ 425024.849925362272188, 432427.948472159041557 ], [ 425024.760069718409795, 432432.452800999803003 ], [ 425038.757284886494745, 432432.732027678343002 ], [ 425038.847166731895413, 432428.226385393936653 ], [ 425039.508040783461183, 432394.462265605921857 ], [ 425043.338066471042112, 432369.224693423893768 ], [ 425047.061022300913464, 432344.705542657873593 ], [ 425055.495145627646707, 432313.567028838209808 ], [ 425066.968841008492745, 432281.363195850222837 ], [ 425067.188194089627359, 432280.619609093002509 ], [ 425067.323974327882752, 432279.856326205364894 ], [ 425067.374516234558541, 432279.082709662499838 ], [ 425067.489628199313302, 432267.378537314245477 ], [ 425067.4332305205171, 432266.420263558218721 ], [ 425065.921414271637332, 432254.618407875590492 ], [ 425065.783448330708779, 432253.868351028359029 ], [ 425065.564704910560977, 432253.137754565861542 ], [ 425065.267780450289138, 432252.435290517052636 ], [ 425059.349662703287322, 432240.320666557759978 ], [ 425059.093629125738516, 432239.844170970551204 ], [ 425058.801566205918789, 432239.388868336798623 ], [ 425049.836697851016652, 432226.534813933656551 ], [ 425049.344647197984159, 432225.908509588625748 ], [ 425044.098619195225183, 432219.961412095406558 ], [ 425043.641133291472215, 432219.489439851429779 ], [ 425043.141394575824961, 432219.062459328153636 ], [ 425042.603809429623652, 432218.684235371008981 ], [ 425042.033117940241937, 432218.35810292075621 ], [ 425041.434352106007282, 432218.086937607964501 ], [ 425040.812791466945782, 432217.873130397638306 ], [ 425020.547590221976861, 432211.950483678549062 ], [ 425011.772809254121967, 432204.749351584061515 ], [ 425002.891409798292443, 432215.571585350960959 ], [ 425012.771180303883739, 432223.679540721524972 ] ] ] } },
{ "type": "Feature", "properties": { "highway": "residential", "lanes": null, "maxspeed": "20 mph", "name": "Bawn Approach", "osm_type": "way", "osm_id": 27515788, "junction": null, "oneway": null, "maxspeed:type": "sign", "ref": null, "turn:lanes": null, "sidewalk": "both", "surface": null, "parking:both": null, "lane_markings": null, "source:name": null, "sidewalk:left": null, "sidewalk:right": null, "note": null, "foot": null, "source": null, "noname": null, "fixme": null }, "geometry": { "type": "Polygon", "coordinates": [ [ [ 425515.43013898312347, 432439.558738571591675 ], [ 425515.497073958104011, 432419.041041558317374 ], [ 425519.906257538299542, 432405.428251372824889 ], [ 425544.22692024736898, 432365.559198299073614 ], [ 425564.100435833563097, 432333.150231214531232 ], [ 425564.326640225190204, 432332.739246061420999 ], [ 425564.513330832356587, 432332.30886966799153 ], [ 425570.128222889441531, 432317.497654192440677 ], [ 425571.745661057822872, 432313.234619484108407 ], [ 425571.906050108838826, 432312.733979395066854 ], [ 425572.012987685040571, 432312.219266367086675 ], [ 425572.065291633713059, 432311.696170349721797 ], [ 425572.847458773292601, 432295.088959512999281 ], [ 425572.850487698975485, 432294.695401246775873 ], [ 425572.822552703786641, 432294.302823968580924 ], [ 425571.622953359386884, 432283.481600085855462 ], [ 425571.195366535976063, 432279.648446701525245 ], [ 425571.107496172131505, 432279.119786792434752 ], [ 425570.963548847881611, 432278.603568168007769 ], [ 425566.229960366443265, 432264.581021219724789 ], [ 425565.996534185193013, 432264.008905388007406 ], [ 425559.989359937084373, 432251.54823740752181 ], [ 425559.76545505336253, 432251.134714112034999 ], [ 425559.503691606165376, 432250.744054656068329 ], [ 425559.206384996999986, 432250.379714577342384 ], [ 425545.236892050714232, 432234.816064766142517 ], [ 425544.922624023922253, 432234.496050728601404 ], [ 425532.755150097538717, 432223.170199115178548 ], [ 425532.606212319456972, 432223.037017113994807 ], [ 425520.834008108475246, 432212.926102904952131 ], [ 425520.449865855567623, 432212.627385535568465 ], [ 425520.038505055825226, 432212.367424712283537 ], [ 425519.60382207488874, 432212.148682756349444 ], [ 425519.149934183631558, 432211.973231568175834 ], [ 425518.681140559900086, 432211.842733002849855 ], [ 425507.059386135777459, 432209.209492096677423 ], [ 425506.337203203875106, 432209.100554537901189 ], [ 425477.173557307571173, 432206.861779487750027 ], [ 425477.095331019721925, 432206.856391020002775 ], [ 425430.266813427617308, 432203.999443033826537 ], [ 425426.166622173972428, 432203.743800047726836 ], [ 425426.136754080129322, 432203.742027499072719 ], [ 425365.636797470389865, 432200.333229574142024 ], [ 425346.140522696077824, 432199.226748739485629 ], [ 425337.086788364569657, 432198.721594476199243 ], [ 425306.992574613832403, 432197.024127128242981 ], [ 425306.490085196099244, 432197.021074787830003 ], [ 425305.989827027660795, 432197.068474118772428 ], [ 425293.401660840085242, 432198.903300366306212 ], [ 425292.861018793017138, 432199.012854420521762 ], [ 425292.335735311324243, 432199.181297816743609 ], [ 425291.832204059697688, 432199.406580289360136 ], [ 425281.769349721958861, 432204.592891563312151 ], [ 425286.350602523656562, 432213.481767913443036 ], [ 425295.670778244792018, 432208.678227009891998 ], [ 425306.933029387320857, 432207.036663521255832 ], [ 425336.525150820321869, 432208.70581029827008 ], [ 425345.57628502487205, 432209.21081812819466 ], [ 425365.071193929587025, 432210.317221445031464 ], [ 425425.559271537116729, 432213.72535047918791 ], [ 425429.647863053658511, 432213.980270232830662 ], [ 425429.654526580881793, 432213.980681231594644 ], [ 425476.447241766669322, 432216.835444958764128 ], [ 425505.206715383508708, 432219.043193338962737 ], [ 425515.260417327051982, 432221.321147101407405 ], [ 425526.014904158713762, 432230.557963908882812 ], [ 425537.944922013790347, 432241.662784251151606 ], [ 425551.289970527286641, 432256.530729893536773 ], [ 425556.85424163681455, 432268.072684893675614 ], [ 425561.316678686998785, 432281.291986336000264 ], [ 425561.684026976756286, 432284.585115058755036 ], [ 425562.839972486428451, 432295.012550864776131 ], [ 425562.113790910050739, 432310.43105917936191 ], [ 425560.77831428142963, 432313.950936063250992 ], [ 425555.329541572020389, 432328.323953904968221 ], [ 425535.699034079734702, 432360.336632709193509 ], [ 425535.692964565241709, 432360.346556526899803 ], [ 425511.062548687041271, 432400.723390399536584 ], [ 425510.787241046666168, 432401.240632821107283 ], [ 425510.574335050652735, 432401.786531214951538 ], [ 425505.742943048535381, 432416.702835884992965 ], [ 425505.60940262384247, 432417.201664617809001 ], [ 425505.528024139406625, 432417.711606469354592 ], [ 425505.499675620929338, 432418.227222131681629 ], [ 425505.430211440601852, 432439.520626979588997 ], [ 425505.411865442642011, 432444.113832375383936 ], [ 425515.411785677075386, 432444.153773658326827 ], [ 425515.43013898312347, 432439.558738571591675 ] ] ] } },
{ "type": "Feature", "properties": { "highway": "tertiary", "lanes": "2", "maxspeed": "30 mph", "name": "Silver Royd Hill", "osm_type": "way", "osm_id": 27714026, "junction": null, "oneway": null, "maxspeed:type": null, "ref": null, "turn:lanes": null, "sidewalk": null, "surface": null, "parking:both": null, "lane_markings": null, "source:name": null, "sidewalk:left": null, "sidewalk:right": null, "note": null, "foot": null, "source": null, "noname": null, "fixme": null }, "geometry": { "type": "Polygon", "coordinates": [ [ [ 425618.854149792867247, 432958.618250629573595 ], [ 425619.479642082413193, 432958.724276577471755 ], [ 425620.112164832709823, 432958.773236522742081 ], [ 425620.746522552159149, 432958.764728312380612 ], [ 425621.377504676929675, 432958.698821832018439 ], [ 425621.999928369885311, 432958.576058432285208 ], [ 425622.608681092387997, 432958.397446482093073 ], [ 425640.895440537016839, 432952.118907060474157 ], [ 425672.845897415827494, 432941.743025335774291 ], [ 425683.878486028057523, 432939.018995232065208 ], [ 425699.078084143460728, 432937.143444987072144 ], [ 425726.696524454921018, 432936.603143491025548 ], [ 425746.045709288911894, 432938.791309739521239 ], [ 425796.277938722807448, 432951.265821587527171 ], [ 425813.447005089139566, 432955.744711309380364 ], [ 425864.09412099403562, 432968.962977762974333 ], [ 425864.954467543167993, 432969.13079632492736 ], [ 425881.56865668023238, 432971.302686105947942 ], [ 425901.836416175996419, 432973.962076821655501 ], [ 425902.74406871147221, 432974.021567916555796 ], [ 425913.691495656152256, 432974.026308795204386 ], [ 425932.926405253179837, 432974.04342935414752 ], [ 425933.541222952248063, 432974.016926349315327 ], [ 425936.658791155612562, 432973.74485155910952 ], [ 425961.478718046855647, 432971.573099011613522 ], [ 425982.993768737302162, 432972.277009478944819 ], [ 426008.358073897717986, 432977.305216715845745 ], [ 426023.508047119830735, 432984.553622754057869 ], [ 426047.937915992923081, 432998.38981189171318 ], [ 426048.104112636996433, 432998.48098977812333 ], [ 426076.217209411610384, 433013.412617895111907 ], [ 426076.32278809894342, 433013.46754802390933 ], [ 426112.854651980742346, 433032.081329045759048 ], [ 426132.752863532456104, 433042.269260577682871 ], [ 426139.133222859411035, 433029.807679022371303 ], [ 426119.228882291121408, 433019.616609419404995 ], [ 426119.216618052334525, 433019.61034531891346 ], [ 426082.73164178233128, 433001.020454557379708 ], [ 426054.754816528060474, 432986.161203940515406 ], [ 426030.19700804137392, 432972.252554459264502 ], [ 426029.768444215820637, 432972.02901068009669 ], [ 426013.605109325028025, 432964.295768350071739 ], [ 426013.067822582437657, 432964.065754586132243 ], [ 426012.513220768072642, 432963.881363146821968 ], [ 426011.945170060789678, 432963.7438794412883 ], [ 425985.155303046456538, 432958.433069531689398 ], [ 425984.591805548756383, 432958.345048289222177 ], [ 425984.023012736812234, 432958.30319251207402 ], [ 425961.516290729457978, 432957.566837416554336 ], [ 425960.677222176338546, 432957.589738187205512 ], [ 425935.440824578632601, 432959.797932255954947 ], [ 425932.630874431924894, 432960.043160763161723 ], [ 425913.702357194677461, 432960.026312917179894 ], [ 425903.205894503800664, 432960.021766601479612 ], [ 425883.388360088516492, 432957.421451206842903 ], [ 425867.204614627582487, 432955.305830360914115 ], [ 425816.982034340966493, 432942.198362416180316 ], [ 425799.77198645635508, 432937.708781812689267 ], [ 425799.692144976463169, 432937.688454660237767 ], [ 425748.974986204935703, 432925.093517005210742 ], [ 425748.074477447778918, 432924.931501342507545 ], [ 425727.809395766176749, 432922.639757884608116 ], [ 425726.885876376240049, 432922.596760446205735 ], [ 425698.442754321324173, 432923.153195249382406 ], [ 425697.722408320871182, 432923.204547083354555 ], [ 425681.749092262878548, 432925.175570041872561 ], [ 425680.928390778251924, 432925.326965549786109 ], [ 425669.24542119941907, 432928.211579664552119 ], [ 425668.761292445880827, 432928.349763851787429 ], [ 425636.515588801470585, 432938.821526694286149 ], [ 425636.404561559320427, 432938.858611745643429 ], [ 425619.908918429282494, 432944.522192873351742 ], [ 425616.809498786460608, 432943.851060275977943 ], [ 425613.846673742169514, 432957.533957182604354 ], [ 425618.854149792867247, 432958.618250629573595 ] ] ] } },
{ "type": "Feature", "properties": { "highway": "trunk_link", "lanes": "2", "maxspeed": null, "name": null, "osm_type": "way", "osm_id": 27747233, "junction": null, "oneway": "yes", "maxspeed:type": null, "ref": null, "turn:lanes": "right|right", "sidewalk": null, "surface": null, "parking:both": null, "lane_markings": null, "source:name": null, "sidewalk:left": null, "sidewalk:right": null, "note": null, "foot": null, "source": null, "noname": null, "fixme": null }, "geometry": { "type": "Polygon", "coordinates": [ [ [ 425867.0508038267144, 432551.103353223821614 ], [ 425867.12502609717194, 432550.380848374217749 ], [ 425867.133415033691563, 432549.654589585028589 ], [ 425867.075901490228716, 432548.930563069297932 ], [ 425866.952959524060134, 432548.214736640569754 ], [ 425865.294816144392826, 432540.63976747111883 ], [ 425865.109128645854071, 432539.943326508742757 ], [ 425864.861511743918527, 432539.266424942063168 ], [ 425864.553975429444108, 432538.614557412278373 ], [ 425864.189016079762951, 432537.993015350715723 ], [ 425863.769596194615588, 432537.406844026758336 ], [ 425863.299120348470751, 432536.8608015931095 ], [ 425858.582921991939656, 432531.861423225549515 ], [ 425858.035963461210486, 432531.334189248445909 ], [ 425857.441460332309362, 432530.861214269534685 ], [ 425856.804773716547061, 432530.446763483341783 ], [ 425856.131645127374213, 432530.094574324786663 ], [ 425855.428144704957958, 432529.807822765840683 ], [ 425854.700616476475261, 432529.589094675087836 ], [ 425853.955621147120837, 432529.440362499153707 ], [ 425847.747827610815875, 432528.504989682871383 ], [ 425846.882812478637788, 432528.42237661004765 ], [ 425846.013940001139417, 432528.434069194830954 ], [ 425841.163005521520972, 432528.763431185041554 ], [ 425840.361063797667157, 432528.858736253459938 ], [ 425839.572816782689188, 432529.034407047205605 ], [ 425838.80629712715745, 432529.288653388852254 ], [ 425838.069316068722401, 432529.618884374620393 ], [ 425831.164987506810576, 432533.141320129390806 ], [ 425838.436216743779369, 432547.393661178648472 ], [ 425843.881288034725003, 432544.615706214506645 ], [ 425846.226977737562265, 432544.456441843474749 ], [ 425848.840035116241779, 432544.850169957207981 ], [ 425850.139042257214896, 432546.22717484732857 ], [ 425851.008852424856741, 432550.200766808120534 ], [ 425847.647188087343238, 432572.782723296724726 ], [ 425863.472794862114824, 432575.138603219704237 ], [ 425867.0508038267144, 432551.103353223821614 ] ] ] } },
{ "type": "Feature", "properties": { "highway": "trunk_link", "lanes": "2", "maxspeed": null, "name": null, "osm_type": "way", "osm_id": 27747235, "junction": null, "oneway": "yes", "maxspeed:type": null, "ref": null, "turn:lanes": "right|right", "sidewalk": null, "surface": null, "parking:both": null, "lane_markings": null, "source:name": null, "sidewalk:left": null, "sidewalk:right": null, "note": null, "foot": null, "source": null, "noname": null, "fixme": null }, "geometry": { "type": "Polygon", "coordinates": [ [ [ 425791.007722163049038, 432605.957879836380016 ], [ 425790.934210717852693, 432606.680114530550782 ], [ 425790.92647419514833, 432607.406039480003528 ], [ 425791.08577779767802, 432611.990926060010679 ], [ 425791.150395666481927, 432612.764918309345376 ], [ 425791.289763931126799, 432613.528996811655816 ], [ 425791.502568959724158, 432614.275959655991755 ], [ 425791.786804933624808, 432614.998766256729141 ], [ 425792.139792753499933, 432615.690603715949692 ], [ 425795.990040749602485, 432622.409741459647194 ], [ 425796.394531341909897, 432623.04442056035623 ], [ 425796.856874546909239, 432623.63827993843006 ], [ 425797.372978409111965, 432624.186063658096828 ], [ 425797.938275165797677, 432624.682923575048335 ], [ 425798.547761673864443, 432625.124462244450115 ], [ 425799.196043690200895, 432625.506771840737201 ], [ 425802.986540772544686, 432627.508057701634243 ], [ 425803.652255187742412, 432627.821281899698079 ], [ 425804.343929661554284, 432628.072023805114441 ], [ 425805.055714302288834, 432628.258162748243194 ], [ 425805.781589134712704, 432628.378124444221612 ], [ 425809.82421697943937, 432628.856502926268149 ], [ 425810.652998360514175, 432628.911158126429655 ], [ 425811.482979760563467, 432628.879588455602061 ], [ 425812.305214683408849, 432628.7621342081693 ], [ 425818.425815977621824, 432627.560742804955225 ], [ 425815.344038859708235, 432611.860339950362686 ], [ 425810.456524832698051, 432612.819692970253527 ], [ 425809.140291280753445, 432612.66393838863587 ], [ 425808.718559853208717, 432612.441274942480959 ], [ 425807.00731967354659, 432609.454958608781453 ], [ 425806.942111911484972, 432607.578226454381365 ], [ 425808.484597265138291, 432597.14804040879244 ], [ 425792.656742393737659, 432594.807311853102874 ], [ 425791.007722163049038, 432605.957879836380016 ] ] ] } },
{ "type": "Feature", "properties": { "highway": "residential", "lanes": null, "maxspeed": null, "name": "Stonebridge Avenue", "osm_type": "way", "osm_id": 27747237, "junction": null, "oneway": null, "maxspeed:type": null, "ref": null, "turn:lanes": null, "sidewalk": null, "surface": null, "parking:both": null, "lane_markings": null, "source:name": null, "sidewalk:left": null, "sidewalk:right": null, "note": null, "foot": null, "source": null, "noname": null, "fixme": null }, "geometry": { "type": "Polygon", "coordinates": [ [ [ 425636.812447530508507, 432679.639829780557193 ], [ 425628.886117852991447, 432666.353611967700999 ], [ 425628.618261880648788, 432665.950369901314843 ], [ 425628.312665383797139, 432665.574921146966517 ], [ 425627.972193036053795, 432665.230785176099744 ], [ 425627.600036438612733, 432664.9211879328941 ], [ 425627.199684202088974, 432664.649031594104599 ], [ 425626.774889244174119, 432664.416867363965139 ], [ 425626.329633609566372, 432664.226871559163556 ], [ 425625.868091142037883, 432664.080825207871385 ], [ 425625.394588358991314, 432663.980097354331519 ], [ 425624.913563894224353, 432663.925632225349545 ], [ 425624.429526889929548, 432663.917940379295032 ], [ 425623.947014728095382, 432663.957093919801991 ], [ 425615.330005270370748, 432665.078370033123065 ], [ 425614.82365464407485, 432665.17097829526756 ], [ 425614.329508719965816, 432665.315155452350155 ], [ 425613.852804797410499, 432665.509373415377922 ], [ 425613.398595313425176, 432665.751573728397489 ], [ 425612.971694293490145, 432666.039189385366626 ], [ 425612.576626329158898, 432666.369172037171666 ], [ 425607.014371579338331, 432671.52368344279239 ], [ 425613.811486850201618, 432678.858478872512933 ], [ 425618.203070731775369, 432674.788821831520181 ], [ 425621.980796852149069, 432674.297250587202143 ], [ 425628.276219495455734, 432684.849720628990326 ], [ 425628.382905084290542, 432685.020625805831514 ], [ 425631.290382595150732, 432689.47585575573612 ], [ 425639.664860278833658, 432684.010682060034014 ], [ 425636.812447530508507, 432679.639829780557193 ] ] ] } },
{ "type": "Feature", "properties": { "highway": "residential", "lanes": null, "maxspeed": "20 mph", "name": "Whincover Hill", "osm_type": "way", "osm_id": 31804492, "junction": null, "oneway": null, "maxspeed:type": "sign", "ref": null, "turn:lanes": null, "sidewalk": "both", "surface": null, "parking:both": null, "lane_markings": null, "source:name": null, "sidewalk:left": null, "sidewalk:right": null, "note": null, "foot": null, "source": null, "noname": null, "fixme": null }, "geometry": { "type": "Polygon", "coordinates": [ [ [ 425715.418109717895277, 432106.017883403343149 ], [ 425715.344234119285829, 432106.429004262608942 ], [ 425715.304931834922172, 432106.844856754993089 ], [ 425714.701751239481382, 432118.334954465273768 ], [ 425714.702574679919053, 432118.87443095742492 ], [ 425714.761515608872287, 432119.410678596585058 ], [ 425716.381386827037204, 432129.23288055206649 ], [ 425716.459381018707063, 432129.613183288136497 ], [ 425732.063976632314734, 432193.073634156491607 ], [ 425732.096372672065627, 432193.19842086819699 ], [ 425734.783469930174761, 432203.026151598372962 ], [ 425745.170173992984928, 432241.034311727038585 ], [ 425745.331398773298133, 432241.523603815003298 ], [ 425749.606467069417704, 432252.550875337445177 ], [ 425749.821981638320722, 432253.030335516959894 ], [ 425750.086642991111148, 432253.484519358025864 ], [ 425754.961190089583397, 432260.921306522213854 ], [ 425755.366184463375248, 432261.456927416322287 ], [ 425759.779200977296568, 432266.543553992232773 ], [ 425759.864889762247913, 432266.639788779313676 ], [ 425766.067328273493331, 432273.427418862702325 ], [ 425766.362464856472798, 432273.724412568088155 ], [ 425766.681415152794216, 432273.995671802258585 ], [ 425776.09610585361952, 432281.346114540181588 ], [ 425776.322137044509873, 432281.512588836427312 ], [ 425784.966725732025225, 432287.512550541257951 ], [ 425790.668616067443509, 432279.297415326058399 ], [ 425782.139380530745257, 432273.377516943204682 ], [ 425773.166266917774919, 432266.371831903874408 ], [ 425767.290480700670741, 432259.9416733107646 ], [ 425763.140209808538202, 432255.157898278383072 ], [ 425758.739507090416737, 432248.444025414646603 ], [ 425754.748475989676081, 432238.149410088255536 ], [ 425744.429675701190718, 432200.389730855240487 ], [ 425741.759315380535554, 432190.623213263170328 ], [ 425726.216498008288909, 432127.414000885444693 ], [ 425724.716406103339978, 432118.318089138250798 ], [ 425725.269226168864407, 432107.787318392016459 ], [ 425729.845528461737558, 432087.282039710320532 ], [ 425720.085634800605476, 432085.103857963345945 ], [ 425715.418109717895277, 432106.017883403343149 ] ] ] } },
{ "type": "Feature", "properties": { "highway": "trunk_link", "lanes": "1", "maxspeed": null, "name": "Ring Road Low Wortley", "osm_type": "way", "osm_id": 31804493, "junction": null, "oneway": "yes", "maxspeed:type": null, "ref": "A6110", "turn:lanes": null, "sidewalk": null, "surface": null, "parking:both": null, "lane_markings": null, "source:name": null, "sidewalk:left": null, "sidewalk:right": null, "note": null, "foot": null, "source": null, "noname": null, "fixme": null }, "geometry": { "type": "Polygon", "coordinates": [ [ [ 425926.265752298175357, 432244.801899827201851 ], [ 425926.132669993734453, 432244.342147230054252 ], [ 425924.480776485288516, 432239.21496761625167 ], [ 425924.250848685158417, 432238.591349012393039 ], [ 425923.969947716279421, 432237.988969064143021 ], [ 425923.640012527990621, 432237.411985764629208 ], [ 425919.283444725093432, 432230.478569145430811 ], [ 425905.735869329306297, 432238.991101136314683 ], [ 425909.559090638416819, 432245.075704283313826 ], [ 425910.830145896412432, 432249.020830632711295 ], [ 425913.118511185108218, 432257.914302447927184 ], [ 425928.613779104372952, 432253.927239354583435 ], [ 425926.265752298175357, 432244.801899827201851 ] ] ] } },
{ "type": "Feature", "properties": { "highway": "residential", "lanes": null, "maxspeed": "20 mph", "name": "Cross Lane", "osm_type": "way", "osm_id": 31804495, "junction": "roundabout", "oneway": null, "maxspeed:type": "GB:zone20", "ref": null, "turn:lanes": null, "sidewalk": "left", "surface": "asphalt", "parking:both": "no", "lane_markings": null, "source:name": null, "sidewalk:left": null, "sidewalk:right": null, "note": null, "foot": null, "source": null, "noname": null, "fixme": null }, "geometry": { "type": "Polygon", "coordinates": [ [ [ 425223.504359598562587, 432326.797640330798458 ], [ 425223.886211959645152, 432327.103306589240674 ], [ 425224.296103210188448, 432327.370200294593815 ], [ 425224.730110804201104, 432327.5957673478988 ], [ 425225.184081409068312, 432327.777849134872667 ], [ 425225.653670651605353, 432327.914703183167148 ], [ 425226.134384692588355, 432328.005019837350119 ], [ 425226.621623231563717, 432328.047934792004526 ], [ 425237.227327627362683, 432328.460908876382746 ], [ 425237.284555885300506, 432328.462809162796475 ], [ 425254.399656426045112, 432328.933030962012708 ], [ 425254.816205130016897, 432328.927113926154561 ], [ 425255.230815442977473, 432328.886541491490789 ], [ 425261.119021839404013, 432328.061463706078939 ], [ 425261.589882690168452, 432327.972294419712853 ], [ 425262.050044078088831, 432327.838456460041925 ], [ 425262.495278756367043, 432327.661179321992677 ], [ 425262.92149660148425, 432327.442091552133206 ], [ 425267.81894590286538, 432324.620100630971137 ], [ 425268.280922697565984, 432324.318792158097494 ], [ 425268.70690188894514, 432323.968433651491068 ], [ 425269.091700002783909, 432323.573288404499181 ], [ 425271.949085014814045, 432320.295285616302863 ], [ 425272.266587199701462, 432319.890806052775588 ], [ 425272.540867949079257, 432319.455856141576078 ], [ 425272.769026345049497, 432318.995036110514775 ], [ 425272.948649280879181, 432318.513219801534433 ], [ 425273.077836982847657, 432318.015503122704104 ], [ 425273.84915367141366, 432314.258984979707748 ], [ 425273.931541144498624, 432313.697761122137308 ], [ 425273.949831356818322, 432313.130817225261126 ], [ 425273.86337504745461, 432309.603338396467734 ], [ 425273.824730636377353, 432309.093516754626762 ], [ 425273.734223705774639, 432308.590307064179797 ], [ 425273.592800637765322, 432308.098971117171459 ], [ 425273.401940217008814, 432307.624646548123565 ], [ 425271.604300468985457, 432303.743055471393745 ], [ 425271.374233955924865, 432303.304617277462967 ], [ 425271.101931534532923, 432302.891083673457615 ], [ 425269.041591622168198, 432300.076199026196264 ], [ 425268.772443795227446, 432299.73989660089137 ], [ 425268.475349601358175, 432299.428007335343864 ], [ 425268.152513953275047, 432299.142845945316367 ], [ 425267.806332806474529, 432298.886528783186805 ], [ 425264.569808695814572, 432296.699518317647744 ], [ 425264.179437015729491, 432296.460991791507695 ], [ 425263.76889809651766, 432296.259143462055363 ], [ 425263.341628722846508, 432296.095663082087412 ], [ 425262.901205736852717, 432295.971919210918713 ], [ 425262.451316094549838, 432295.888947757717688 ], [ 425261.995726001274306, 432295.847443309612572 ], [ 425254.716863072768319, 432295.519045959226787 ], [ 425241.571343915537, 432294.936469541687984 ], [ 425240.956735101470258, 432294.947054387128446 ], [ 425228.676593150477856, 432295.915862068592105 ], [ 425228.157499547174666, 432295.984314081957564 ], [ 425227.648410361376591, 432296.106674402544741 ], [ 425227.1549081398407, 432296.281601257156581 ], [ 425226.682404506427702, 432296.50717644096585 ], [ 425221.614011672325432, 432299.261530472256709 ], [ 425221.193902334314771, 432299.517369982670061 ], [ 425220.800963859946933, 432299.813250138075091 ], [ 425220.438999040343333, 432300.146307461080141 ], [ 425220.111510909046046, 432300.513318679993972 ], [ 425219.821668839897029, 432300.910731923300773 ], [ 425219.572277874744032, 432301.334701093786862 ], [ 425217.37546940863831, 432305.528625822917093 ], [ 425217.189647427410819, 432305.924614227900747 ], [ 425217.039146062335931, 432306.335328197397757 ], [ 425216.925117170263547, 432306.757624346297234 ], [ 425215.804484388558194, 432311.76953910337761 ], [ 425215.723876563366503, 432312.230336044798605 ], [ 425215.686685962195043, 432312.696649567980785 ], [ 425215.69323812390212, 432313.164397910470143 ], [ 425215.743475695722736, 432313.629486750462092 ], [ 425215.836958935309667, 432314.087845045491122 ], [ 425215.972869559715036, 432314.535460667277221 ], [ 425218.445867973496206, 432321.491496357775759 ], [ 425218.638858980615623, 432321.958199072745629 ], [ 425218.877945285639726, 432322.40305263485061 ], [ 425219.160687663534191, 432322.821518524375279 ], [ 425219.484201498096809, 432323.20932743587764 ], [ 425219.845186211052351, 432323.562522835039999 ], [ 425223.504359598562587, 432326.797640330798458 ] ], [ [ 425228.792263384268153, 432318.124878750066273 ], [ 425227.435771814431064, 432316.92558887071209 ], [ 425225.878162698587403, 432312.544354923651554 ], [ 425226.540099537058268, 432309.583910554181784 ], [ 425227.724997319106478, 432307.321823446254712 ], [ 425230.523038057843223, 432305.801263568515424 ], [ 425241.436235135304742, 432304.940297205059323 ], [ 425254.268147820490412, 432305.508973816758953 ], [ 425260.137963806744665, 432305.773799797985703 ], [ 425261.486283194331918, 432306.684897169936448 ], [ 425262.739016828883905, 432308.396411204012111 ], [ 425263.891798891010694, 432310.88557988795219 ], [ 425263.938867559016217, 432312.806014975241851 ], [ 425263.546727801731322, 432314.715840257995296 ], [ 425262.102488546515815, 432316.3726769410423 ], [ 425258.769977797172032, 432318.292924502689857 ], [ 425254.256772411055863, 432318.925331937905867 ], [ 425237.587812717480119, 432318.467367452103645 ], [ 425228.792263384268153, 432318.124878750066273 ] ] ] } },
{ "type": "Feature", "properties": { "highway": "residential", "lanes": null, "maxspeed": "20 mph", "name": "Cross Lane", "osm_type": "way", "osm_id": 31804496, "junction": null, "oneway": null, "maxspeed:type": "sign", "ref": null, "turn:lanes": null, "sidewalk": "both", "surface": null, "parking:both": null, "lane_markings": null, "source:name": null, "sidewalk:left": null, "sidewalk:right": null, "note": null, "foot": null, "source": null, "noname": null, "fixme": null }, "geometry": { "type": "Polygon", "coordinates": [ [ [ 425215.571241981408093, 432332.09582249034429 ], [ 425200.847176114388276, 432342.804390338016674 ], [ 425197.257590028981213, 432345.409416978713125 ], [ 425169.074467734259088, 432365.887951411947142 ], [ 425124.505849517183378, 432395.770850185479503 ], [ 425087.965671610319987, 432420.276154339080676 ], [ 425093.535498350742273, 432428.581395460292697 ], [ 425130.075039910443593, 432404.076518035144545 ], [ 425174.721791203308385, 432374.141231664980296 ], [ 425174.876444130553864, 432374.033254794660024 ], [ 425203.13227379124146, 432353.501888349885121 ], [ 425206.722732514550444, 432350.89622842031531 ], [ 425206.726877513632644, 432350.893217077245936 ], [ 425222.277683458232787, 432339.583374942070805 ], [ 425222.668887736683246, 432339.267605846689548 ], [ 425223.026404455536976, 432338.914147638657596 ], [ 425223.346619107760489, 432338.526573793322314 ], [ 425223.626294311543461, 432338.108802696340717 ], [ 425231.10566753760213, 432325.62080883118324 ], [ 425222.526672701525968, 432320.482633318286389 ], [ 425215.571241981408093, 432332.09582249034429 ] ] ] } },
{ "type": "Feature", "properties": { "highway": "residential", "lanes": null, "maxspeed": "20 mph", "name": "Butterbowl Drive", "osm_type": "way", "osm_id": 31804497, "junction": null, "oneway": null, "maxspeed:type": "sign", "ref": null, "turn:lanes": null, "sidewalk": "both", "surface": null, "parking:both": null, "lane_markings": null, "source:name": null, "sidewalk:left": null, "sidewalk:right": null, "note": null, "foot": null, "source": null, "noname": null, "fixme": null }, "geometry": { "type": "Polygon", "coordinates": [ [ [ 425277.942037001717836, 432208.725367079896387 ], [ 425277.936807734018657, 432208.732020994299091 ], [ 425271.435092686966527, 432217.019471200066619 ], [ 425271.149842554470524, 432217.422574985190295 ], [ 425270.905747387034353, 432217.851850944105536 ], [ 425270.705188189516775, 432218.303111742250621 ], [ 425270.550121298932936, 432218.771955595933832 ], [ 425267.721231446426827, 432228.992872187402099 ], [ 425266.15500457608141, 432234.660817038442474 ], [ 425266.038169236620888, 432235.196481955936179 ], [ 425265.980684508511331, 432235.741718515928369 ], [ 425264.475447183125652, 432265.707679279556032 ], [ 425264.4693092078669, 432265.918754426005762 ], [ 425264.288442441611551, 432288.659159881586675 ], [ 425263.811423681152519, 432292.791978235996794 ], [ 425263.075724153139163, 432296.019905035675038 ], [ 425260.593995944247581, 432300.678562520304695 ], [ 425269.419797025271691, 432305.380183015251532 ], [ 425272.215304117882624, 432300.13250521000009 ], [ 425272.405734470463358, 432299.73344922187971 ], [ 425272.560165044444147, 432299.31912978150649 ], [ 425272.677388134645298, 432298.892787022690754 ], [ 425273.622105150891002, 432294.74778317444725 ], [ 425273.714144043100532, 432294.209995616402011 ], [ 425274.253179006511346, 432289.539878264477011 ], [ 425274.285997417464387, 432289.006340213760268 ], [ 425274.468153015710413, 432266.1038897226681 ], [ 425275.940462335885968, 432236.793453038146254 ], [ 425277.359174756158609, 432231.659339854726568 ], [ 425279.920746995660011, 432222.404254797380418 ], [ 425285.801921361882705, 432214.907780504261609 ], [ 425287.988609583233483, 432212.130198816361371 ], [ 425280.13134266238194, 432205.944460660393815 ], [ 425277.942037001717836, 432208.725367079896387 ] ] ] } },
{ "type": "Feature", "properties": { "highway": "residential", "lanes": null, "maxspeed": "20 mph", "name": "Havercroft", "osm_type": "way", "osm_id": 31804498, "junction": null, "oneway": null, "maxspeed:type": "sign", "ref": null, "turn:lanes": null, "sidewalk": null, "surface": null, "parking:both": null, "lane_markings": null, "source:name": null, "sidewalk:left": null, "sidewalk:right": null, "note": null, "foot": null, "source": null, "noname": null, "fixme": null }, "geometry": { "type": "Polygon", "coordinates": [ [ [ 425170.813400988234207, 432361.115965984179638 ], [ 425160.167032401193865, 432348.965227919747122 ], [ 425158.614965720509645, 432344.536902771564201 ], [ 425159.22733010572847, 432341.321090611920226 ], [ 425161.084181578364223, 432334.585611808579415 ], [ 425181.109038059716113, 432320.690867539553437 ], [ 425175.40823756204918, 432312.474976006371435 ], [ 425153.895043715136126, 432327.402440140314866 ], [ 425153.501785973727237, 432327.705299463414121 ], [ 425153.140494536375627, 432328.045657977520023 ], [ 425152.81472993636271, 432328.420161443704274 ], [ 425152.527702589228284, 432328.825119123910554 ], [ 425152.282241154345684, 432329.256540153524838 ], [ 425152.080764658225235, 432329.710172870953102 ], [ 425151.925258655275684, 432330.181546718173195 ], [ 425149.533225057297386, 432338.858326650981326 ], [ 425149.441669459221885, 432339.251857727358583 ], [ 425148.54002700035926, 432343.986804521817248 ], [ 425148.469028025399894, 432344.507018342497759 ], [ 425148.452971385908313, 432345.031809213280212 ], [ 425148.492034130962566, 432345.55539051129017 ], [ 425148.585785534000024, 432346.071988951240201 ], [ 425148.733191842271481, 432346.57590824435465 ], [ 425151.049993282824289, 432353.186159086064436 ], [ 425151.2293994827196, 432353.629012453893665 ], [ 425151.450258414959535, 432354.052718746068422 ], [ 425151.710553145443555, 432354.453408580331597 ], [ 425152.007906603452284, 432354.827422765840311 ], [ 425163.290963411564007, 432367.704815141798463 ], [ 425168.175897829409223, 432373.282539669657126 ], [ 425175.698706069204491, 432366.69411374325864 ], [ 425170.813400988234207, 432361.115965984179638 ] ] ] } },
{ "type": "Feature", "properties": { "highway": "tertiary_link", "lanes": "1", "maxspeed": null, "name": null, "osm_type": "way", "osm_id": 31804499, "junction": null, "oneway": "yes", "maxspeed:type": null, "ref": null, "turn:lanes": null, "sidewalk": null, "surface": null, "parking:both": null, "lane_markings": null, "source:name": null, "sidewalk:left": null, "sidewalk:right": null, "note": null, "foot": null, "source": null, "noname": null, "fixme": null }, "geometry": { "type": "Polygon", "coordinates": [ [ [ 425227.110258304746822, 432971.079093925538473 ], [ 425223.680735461646691, 432980.909527856740169 ], [ 425233.122647152864374, 432984.203507761820219 ], [ 425237.043469264754094, 432972.964806493371725 ], [ 425237.180349883041345, 432972.501634470187128 ], [ 425237.271904044959228, 432972.02741673309356 ], [ 425237.31727749662241, 432971.54657801106805 ], [ 425237.316046877123881, 432971.063604810682591 ], [ 425237.268223668972496, 432970.583003554434981 ], [ 425237.17425409052521, 432970.109258533280808 ], [ 425235.162209952308331, 432962.031933061836753 ], [ 425225.458728609548416, 432964.449049076938536 ], [ 425227.110258304746822, 432971.079093925538473 ] ] ] } },
{ "type": "Feature", "properties": { "highway": "tertiary_link", "lanes": "1", "maxspeed": null, "name": null, "osm_type": "way", "osm_id": 31804500, "junction": null, "oneway": "yes", "maxspeed:type": null, "ref": null, "turn:lanes": null, "sidewalk": null, "surface": null, "parking:both": null, "lane_markings": null, "source:name": null, "sidewalk:left": null, "sidewalk:right": null, "note": null, "foot": null, "source": null, "noname": null, "fixme": null }, "geometry": { "type": "Polygon", "coordinates": [ [ [ 425320.75729899777798, 432978.003994598577265 ], [ 425320.365207847265992, 432975.806790614326019 ], [ 425322.290868670970667, 432970.862604693742469 ], [ 425330.463460167113226, 432961.619128354184795 ], [ 425322.971753252495546, 432954.995358467975166 ], [ 425314.209180560545065, 432964.90612341806991 ], [ 425313.932172743487172, 432965.248734516091645 ], [ 425313.686400946928188, 432965.61440092039993 ], [ 425313.473773497389629, 432966.000283367466182 ], [ 425313.295941367920022, 432966.403385623649228 ], [ 425310.536991952394601, 432973.487062399915885 ], [ 425310.390906768443529, 432973.919561414862983 ], [ 425310.284876831632573, 432974.36358160735108 ], [ 425310.219785991823301, 432974.815421691338997 ], [ 425310.196176836499944, 432975.271315194957424 ], [ 425310.214246168150567, 432975.72746185795404 ], [ 425310.273843363451306, 432976.18005930952495 ], [ 425311.213878142705653, 432981.447834824386518 ], [ 425311.318512869591359, 432981.907618899887893 ], [ 425311.465995354519691, 432982.355501405429095 ], [ 425311.655013889307156, 432982.787498877209146 ], [ 425311.883887344505638, 432983.199769132828806 ], [ 425312.150580121146049, 432983.588645443494897 ], [ 425312.452720255649183, 432983.9506691461429 ], [ 425312.787620515737217, 432984.28262040449772 ], [ 425324.181916189263575, 432994.557908484130166 ], [ 425330.878913920954801, 432987.131588979740627 ], [ 425320.75729899777798, 432978.003994598577265 ] ] ] } },
{ "type": "Feature", "properties": { "highway": "residential", "lanes": null, "maxspeed": "20 mph", "name": "Stonebridge Grove", "osm_type": "way", "osm_id": 31804501, "junction": null, "oneway": null, "maxspeed:type": null, "ref": null, "turn:lanes": null, "sidewalk": null, "surface": null, "parking:both": null, "lane_markings": null, "source:name": null, "sidewalk:left": null, "sidewalk:right": null, "note": null, "foot": null, "source": null, "noname": null, "fixme": null }, "geometry": { "type": "Polygon", "coordinates": [ [ [ 425046.142065343854483, 432816.596816698787734 ], [ 425049.780925881292205, 432815.865901101147756 ], [ 425049.850459282286465, 432815.851419817307033 ], [ 425055.40293330361601, 432814.653831837407779 ], [ 425060.704216701560654, 432814.257812186318915 ], [ 425066.163246858573984, 432814.57754558470333 ], [ 425072.828711783571634, 432816.276383049727883 ], [ 425087.872137550322805, 432821.966953010822181 ], [ 425103.486243050836492, 432836.92633356427541 ], [ 425114.894481097522657, 432849.518537242664024 ], [ 425115.231746851932257, 432849.856819261389319 ], [ 425115.5997549930471, 432850.161372904258315 ], [ 425115.995146594010293, 432850.429418413783424 ], [ 425130.579563243256416, 432859.330497838323936 ], [ 425131.101462908321992, 432859.608083564497065 ], [ 425131.652475580573082, 432859.82213526556734 ], [ 425154.256558709777892, 432867.097247652593069 ], [ 425154.351632246747613, 432867.126805679232348 ], [ 425178.102759611792862, 432874.252406426763628 ], [ 425201.979413241322618, 432881.412359617475886 ], [ 425202.216228007455356, 432881.477081695746165 ], [ 425250.54744477692293, 432893.419087890826631 ], [ 425251.095557480119169, 432893.522472086246125 ], [ 425251.651774775178637, 432893.564163187227678 ], [ 425252.209174742049072, 432893.543642363278195 ], [ 425277.803069563233294, 432891.166711970930919 ], [ 425278.329546127584763, 432891.089379938784987 ], [ 425278.844822760031093, 432890.956534885859583 ], [ 425279.343063276319299, 432890.769681456731632 ], [ 425295.739587331132498, 432883.603600048343651 ], [ 425296.340263126650825, 432883.291036926035304 ], [ 425334.432054755394347, 432860.064363216457423 ], [ 425334.570798500266392, 432859.97660686832387 ], [ 425405.875391062931158, 432813.219649978913367 ], [ 425400.391833987669088, 432804.857198077486828 ], [ 425329.155892862472683, 432851.569137778133154 ], [ 425291.423924777307548, 432874.576407157233916 ], [ 425276.076364275766537, 432881.284040287660901 ], [ 425252.125834142323583, 432883.508349771844223 ], [ 425204.734159454354085, 432871.798492032918148 ], [ 425180.976031277503353, 432864.67408141476335 ], [ 425157.272892155102454, 432857.562877670454327 ], [ 425135.281870265491307, 432850.485078724217601 ], [ 425121.820770064368844, 432842.269575498183258 ], [ 425110.778396653768141, 432830.081206487142481 ], [ 425110.531985406647436, 432829.827827839413658 ], [ 425094.053914081421681, 432814.040708959451877 ], [ 425093.673882130242418, 432813.71161230886355 ], [ 425093.262724127795082, 432813.422340833640192 ], [ 425092.824596534308512, 432813.175818824151065 ], [ 425092.363928449805826, 432812.974538409675006 ], [ 425076.104442528507207, 432806.823961832153145 ], [ 425075.57028027321212, 432806.655443334486336 ], [ 425068.168751803634223, 432804.769004203262739 ], [ 425067.700982769019902, 432804.673308509227354 ], [ 425067.226218737836462, 432804.622666132927407 ], [ 425060.956321998557542, 432804.255440575594548 ], [ 425060.291499684157316, 432804.260779647389427 ], [ 425054.313727376400493, 432804.707334778620861 ], [ 425053.632016912451945, 432804.805835674400441 ], [ 425047.776803327782545, 432806.068720179900993 ], [ 425041.282433207612485, 432807.373204473522492 ], [ 425040.81296055263374, 432807.491410425747745 ], [ 425040.357120447442867, 432807.654465690720826 ], [ 425039.919186433544382, 432807.86084161081817 ], [ 425039.503264181199484, 432808.10860339354258 ], [ 425039.11325299856253, 432808.395428250019904 ], [ 425038.75280927499989, 432808.718627171881963 ], [ 425038.425312202482019, 432809.075170140480623 ], [ 425038.133832095190883, 432809.461714533739723 ], [ 425037.881101605016738, 432809.874636463762727 ], [ 425037.669490102736745, 432810.310064750665333 ], [ 425037.500981464982033, 432810.76391721557593 ], [ 425021.238621419994161, 432862.047100107942242 ], [ 425030.770829329499975, 432865.069849249150138 ], [ 425046.142065343854483, 432816.596816698787734 ] ] ] } },
{ "type": "Feature", "properties": { "highway": "residential", "lanes": null, "maxspeed": null, "name": "Stonebridge Approach", "osm_type": "way", "osm_id": 31804536, "junction": null, "oneway": null, "maxspeed:type": null, "ref": null, "turn:lanes": null, "sidewalk": null, "surface": "asphalt", "parking:both": null, "lane_markings": "no", "source:name": null, "sidewalk:left": null, "sidewalk:right": null, "note": null, "foot": null, "source": null, "noname": null, "fixme": null }, "geometry": { "type": "Polygon", "coordinates": [ [ [ 425177.640680020966101, 432947.334551757201552 ], [ 425187.242739306821022, 432950.127481665229425 ], [ 425208.216622331354301, 432878.019525186857209 ], [ 425198.614563045499381, 432875.226595278829336 ], [ 425177.640680020966101, 432947.334551757201552 ] ] ] } },
{ "type": "Feature", "properties": { "highway": "residential", "lanes": null, "maxspeed": "20 mph", "name": "Whincover Gardens", "osm_type": "way", "osm_id": 31804564, "junction": null, "oneway": null, "maxspeed:type": null, "ref": null, "turn:lanes": null, "sidewalk": null, "surface": null, "parking:both": null, "lane_markings": null, "source:name": null, "sidewalk:left": null, "sidewalk:right": null, "note": null, "foot": null, "source": null, "noname": null, "fixme": null }, "geometry": { "type": "Polygon", "coordinates": [ [ [ 425693.022145824390464, 432303.640123748395126 ], [ 425693.963367770018522, 432294.208321837184485 ], [ 425693.986942050454672, 432293.818477502907626 ], [ 425693.98001640138682, 432293.427982449124102 ], [ 425691.942273741704412, 432257.590368523204233 ], [ 425691.894390015280806, 432257.128330581297632 ], [ 425690.03133877273649, 432244.779154643358197 ], [ 425689.886990236409474, 432244.124023613287136 ], [ 425688.224764526879881, 432238.429434162913822 ], [ 425681.813738531433046, 432216.527724303305149 ], [ 425681.78581718163332, 432216.435634100111201 ], [ 425642.75946503598243, 432092.042713613365777 ], [ 425633.218024745117873, 432095.036192722269334 ], [ 425672.229973103676457, 432219.383202457858715 ], [ 425678.625886320834979, 432241.233278091065586 ], [ 425680.193382764642593, 432246.60333623731276 ], [ 425681.97159934497904, 432258.390188313846011 ], [ 425683.973920579708647, 432293.604848527873401 ], [ 425683.071854009351227, 432302.644285555870738 ], [ 425681.301819037471432, 432320.313250050123315 ], [ 425691.252015791193116, 432321.310037170129362 ], [ 425693.022145824390464, 432303.640123748395126 ] ] ] } },
{ "type": "Feature", "properties": { "highway": "residential", "lanes": null, "maxspeed": null, "name": "Whincover Grange", "osm_type": "way", "osm_id": 31804568, "junction": null, "oneway": null, "maxspeed:type": null, "ref": null, "turn:lanes": null, "sidewalk": null, "surface": null, "parking:both": null, "lane_markings": null, "source:name": null, "sidewalk:left": null, "sidewalk:right": null, "note": null, "foot": null, "source": null, "noname": null, "fixme": null }, "geometry": { "type": "Polygon", "coordinates": [ [ [ 425761.866378870443441, 432115.981136555026751 ], [ 425761.623954335460439, 432116.419325987808406 ], [ 425761.42657785420306, 432116.879567401425447 ], [ 425761.276229346636683, 432117.357244028884452 ], [ 425761.174416986585129, 432117.847564207389951 ], [ 425761.122162072628271, 432118.345609444426373 ], [ 425761.119988783553708, 432118.846383755852003 ], [ 425762.055631312541664, 432139.279278688773047 ], [ 425762.100726874487009, 432139.758207830600441 ], [ 425762.191637920681387, 432140.230586824880447 ], [ 425762.327522954088636, 432140.692043204442598 ], [ 425762.507124186260626, 432141.138305604807101 ], [ 425762.72877917974256, 432141.565243301040027 ], [ 425762.990436236257665, 432141.968904442735948 ], [ 425763.289673387655057, 432142.345552633749321 ], [ 425763.623720814241096, 432142.691701516974717 ], [ 425763.989486483100336, 432143.004147045139689 ], [ 425764.38358476862777, 432143.279997138306499 ], [ 425764.802367791067809, 432143.51669845363358 ], [ 425765.241959181905258, 432143.712060020130593 ], [ 425765.698289964930154, 432143.864273518440314 ], [ 425766.167136219446547, 432143.971930019441061 ], [ 425766.644158178241923, 432144.034033025614917 ], [ 425767.124940397683531, 432144.050007694750093 ], [ 425767.60503262799466, 432144.019706160994247 ], [ 425781.00216594961239, 432142.524373658583499 ], [ 425779.892895702563692, 432132.58608811639715 ], [ 425771.80097984924214, 432133.489274230320007 ], [ 425771.180419769720174, 432119.937262097897474 ], [ 425777.802030753111467, 432109.267528172873426 ], [ 425769.305278543033637, 432103.994464368966874 ], [ 425761.866378870443441, 432115.981136555026751 ] ] ] } },
{ "type": "Feature", "properties": { "highway": "residential", "lanes": null, "maxspeed": "20 mph", "name": "Whincover Bank", "osm_type": "way", "osm_id": 31804570, "junction": null, "oneway": null, "maxspeed:type": "sign", "ref": null, "turn:lanes": null, "sidewalk": "both", "surface": null, "parking:both": null, "lane_markings": null, "source:name": null, "sidewalk:left": null, "sidewalk:right": null, "note": null, "foot": null, "source": null, "noname": null, "fixme": null }, "geometry": { "type": "Polygon", "coordinates": [ [ [ 425840.425973077304661, 432176.187159347115085 ], [ 425847.107732802454848, 432171.272832347429357 ], [ 425847.243357263447251, 432171.169473264191765 ], [ 425856.733196276531089, 432163.678077857068274 ], [ 425857.150200605101418, 432163.309419648023322 ], [ 425857.52364588691853, 432162.896696851705201 ], [ 425857.848904365848284, 432162.445023953448981 ], [ 425863.252316957805306, 432153.985432234127074 ], [ 425863.334890149533749, 432153.851559472677764 ], [ 425868.741750850807875, 432144.768923686875496 ], [ 425868.999708658317104, 432144.274870051885955 ], [ 425891.131071454437915, 432095.430356168013532 ], [ 425911.851276712783147, 432049.711345520918258 ], [ 425915.852231687458698, 432044.139816758979578 ], [ 425907.729604291904252, 432038.30689946206985 ], [ 425903.440066794981249, 432044.280293736897875 ], [ 425903.172624146216549, 432044.694379812688567 ], [ 425902.947255770908669, 432045.132788234041072 ], [ 425882.022728313109837, 432091.302634608699009 ], [ 425860.006274136423599, 432139.893542024015915 ], [ 425854.782415261433925, 432148.668764871312305 ], [ 425849.875226625765208, 432156.351467541302554 ], [ 425841.114142177975737, 432163.267575148958713 ], [ 425834.500926458160393, 432168.131489133229479 ], [ 425828.089973862981424, 432172.847373655182309 ], [ 425834.015467619523406, 432180.90271497273352 ], [ 425840.425973077304661, 432176.187159347115085 ] ] ] } },
{ "type": "Feature", "properties": { "highway": "residential", "lanes": null, "maxspeed": "20 mph", "name": "Whincover Road", "osm_type": "way", "osm_id": 31804571, "junction": null, "oneway": null, "maxspeed:type": null, "ref": null, "turn:lanes": null, "sidewalk": null, "surface": null, "parking:both": null, "lane_markings": null, "source:name": null, "sidewalk:left": null, "sidewalk:right": null, "note": null, "foot": null, "source": null, "noname": null, "fixme": null }, "geometry": { "type": "Polygon", "coordinates": [ [ [ 425449.022080509923398, 432108.875207790697459 ], [ 425580.962008904665709, 432055.72960153099848 ], [ 425636.243304562289268, 432035.501054499996826 ], [ 425639.678253389080055, 432035.049588526948355 ], [ 425639.68385947594652, 432035.048848476493731 ], [ 425653.386115089058876, 432033.232152004959062 ], [ 425659.749744503351394, 432032.387853014050052 ], [ 425660.128153946774546, 432032.3227751996601 ], [ 425668.987597202474717, 432030.4463303227094 ], [ 425703.970533804851584, 432023.038305847905576 ], [ 425704.23072625376517, 432022.975888846674934 ], [ 425740.967903711425606, 432013.116434378549457 ], [ 425773.921371522650588, 432004.738137678708881 ], [ 425774.00055132486159, 432004.717314879992045 ], [ 425791.310277808865067, 432000.013330981251784 ], [ 425811.88238780410029, 432002.235612801741809 ], [ 425835.660749052301981, 432009.990266819891986 ], [ 425864.861154519836418, 432023.192650822282303 ], [ 425909.542387063440401, 432045.689240853476804 ], [ 425914.039448915922549, 432036.757475367572624 ], [ 425869.264838128117844, 432014.213870248466264 ], [ 425869.076198013033718, 432014.123784395575058 ], [ 425839.531122195417993, 432000.765564532543067 ], [ 425839.021486272104084, 432000.567933462560177 ], [ 425814.487598259118386, 431992.566885313135572 ], [ 425813.986618580296636, 431992.431822428130545 ], [ 425813.474339356529526, 431992.349405085027684 ], [ 425791.446385042800102, 431989.969857123040128 ], [ 425790.981229694094509, 431989.94145315134665 ], [ 425790.515450262115337, 431989.956479952728841 ], [ 425790.053092996648047, 431990.01480698864907 ], [ 425789.598174419079442, 431990.115927569102496 ], [ 425771.417626703798305, 431995.056560444005299 ], [ 425738.471782312612049, 432003.432918917620555 ], [ 425738.407789460208733, 432003.449640249134973 ], [ 425701.767931742651854, 432013.282976228801999 ], [ 425666.915830844372977, 432020.663294793455862 ], [ 425658.244057851203252, 432022.499990791489836 ], [ 425652.071555265923962, 432023.318931916437577 ], [ 425638.372326441924088, 432025.135227084916551 ], [ 425634.392403018020559, 432025.658320758724585 ], [ 425633.85188061138615, 432025.759871129994281 ], [ 425633.325781325052958, 432025.920172380458098 ], [ 425577.450196144869551, 432046.366181998339016 ], [ 425577.300230643537361, 432046.423805800906848 ], [ 425442.415943166881334, 432100.755404431198258 ], [ 425441.958947368490044, 432100.966816625208594 ], [ 425441.525532284576911, 432101.223120430426206 ], [ 425441.120093442325015, 432101.521716513321735 ], [ 425440.746742644812912, 432101.859576628659852 ], [ 425440.409266270580702, 432102.233274330443237 ], [ 425440.11108687374508, 432102.639019722060766 ], [ 425439.8552284737234, 432103.072697891504504 ], [ 425439.644285886897705, 432103.529910643526819 ], [ 425439.480398410989437, 432104.006021104229148 ], [ 425439.365228129026946, 432104.496200746449176 ], [ 425439.29994305310538, 432104.995478358992841 ], [ 425435.680916043231264, 432150.33751841186313 ], [ 425445.649214344681241, 432151.133149591099937 ], [ 425449.022080509923398, 432108.875207790697459 ] ] ] } },
{ "type": "Feature", "properties": { "highway": "residential", "lanes": null, "maxspeed": "20 mph", "name": "Whincover Grove", "osm_type": "way", "osm_id": 31804572, "junction": null, "oneway": null, "maxspeed:type": null, "ref": null, "turn:lanes": null, "sidewalk": null, "surface": null, "parking:both": null, "lane_markings": null, "source:name": null, "sidewalk:left": null, "sidewalk:right": null, "note": null, "foot": null, "source": null, "noname": null, "fixme": null }, "geometry": { "type": "Polygon", "coordinates": [ [ [ 425806.264626086805947, 432091.102149106154684 ], [ 425796.533247035811655, 432104.792505768476985 ], [ 425786.104935883835424, 432114.117085402831435 ], [ 425792.770496299199294, 432121.571634641382843 ], [ 425803.616631817712914, 432111.873453133972362 ], [ 425804.011110514809843, 432111.47897629684303 ], [ 425804.359188503585756, 432111.043009404500481 ], [ 425814.884201591194142, 432096.236147777817678 ], [ 425815.170224033470731, 432095.784423172823153 ], [ 425815.406376258353703, 432095.304739857616369 ], [ 425815.589957969496027, 432094.802582798933145 ], [ 425824.003715783881489, 432067.311365668254439 ], [ 425814.441529240168165, 432064.384833846415859 ], [ 425806.264626086805947, 432091.102149106154684 ] ] ] } },
{ "type": "Feature", "properties": { "highway": "residential", "lanes": null, "maxspeed": null, "name": "Pinder Grove", "osm_type": "way", "osm_id": 36894123, "junction": null, "oneway": null, "maxspeed:type": null, "ref": null, "turn:lanes": null, "sidewalk": null, "surface": null, "parking:both": null, "lane_markings": null, "source:name": null, "sidewalk:left": null, "sidewalk:right": null, "note": null, "foot": null, "source": null, "noname": null, "fixme": null }, "geometry": { "type": "Polygon", "coordinates": [ [ [ 425957.022367426543497, 431976.238068517239299 ], [ 425949.45397502114065, 431969.702057776798028 ], [ 425921.826580667693634, 432001.693278402031865 ], [ 425929.39497307309648, 432008.229289142473135 ], [ 425957.022367426543497, 431976.238068517239299 ] ] ] } },
{ "type": "Feature", "properties": { "highway": "residential", "lanes": null, "maxspeed": "20 mph", "name": "Havercroft Gardens", "osm_type": "way", "osm_id": 36894133, "junction": null, "oneway": null, "maxspeed:type": "sign", "ref": null, "turn:lanes": null, "sidewalk": null, "surface": null, "parking:both": null, "lane_markings": null, "source:name": null, "sidewalk:left": null, "sidewalk:right": null, "note": null, "foot": null, "source": null, "noname": null, "fixme": null }, "geometry": { "type": "Polygon", "coordinates": [ [ [ 425168.072333476506174, 432266.96020641294308 ], [ 425167.641100390581414, 432276.950903987511992 ], [ 425189.418775286292657, 432277.890903810271993 ], [ 425189.850008372217417, 432267.900206235703081 ], [ 425168.072333476506174, 432266.96020641294308 ] ] ] } },
{ "type": "Feature", "properties": { "highway": "residential", "lanes": null, "maxspeed": null, "name": "Billey Lane", "osm_type": "way", "osm_id": 36894145, "junction": null, "oneway": null, "maxspeed:type": null, "ref": null, "turn:lanes": null, "sidewalk": null, "surface": null, "parking:both": null, "lane_markings": null, "source:name": "OS_OpenData_Locator", "sidewalk:left": null, "sidewalk:right": null, "note": null, "foot": null, "source": null, "noname": null, "fixme": null }, "geometry": { "type": "Polygon", "coordinates": [ [ [ 425338.28538141498575, 432107.847214876033831 ], [ 425338.227327244821936, 432107.39339579018997 ], [ 425338.128033585788216, 432106.946783185587265 ], [ 425337.988331811968237, 432106.511116496811155 ], [ 425337.809391629882157, 432106.09004350961186 ], [ 425337.592711284465622, 432105.687089818413369 ], [ 425337.340105014678556, 432105.305629306938499 ], [ 425337.053687863110099, 432104.948855899041519 ], [ 425330.479057386808563, 432097.48608352051815 ], [ 425328.655208756914362, 432078.762074047233909 ], [ 425368.997387488547247, 431995.353960537351668 ], [ 425359.995093229750637, 431990.999801826663315 ], [ 425319.041473140881862, 432075.672080330434255 ], [ 425318.861787233734503, 432076.09137639880646 ], [ 425318.721063872682862, 432076.525303989357781 ], [ 425318.620474417752121, 432076.970251154503785 ], [ 425318.560856160300318, 432077.422514221281745 ], [ 425318.542705353698693, 432077.878328620339744 ], [ 425318.566173082508612, 432078.33390022162348 ], [ 425320.682806014141534, 432100.063694247975945 ], [ 425320.7602017778554, 432100.57860122207785 ], [ 425320.890726636513136, 432101.082667247042991 ], [ 425321.072965077881236, 432101.570425841782708 ], [ 425321.304940767528024, 432102.03658737562364 ], [ 425321.584137982164975, 432102.476096433121711 ], [ 425321.907528891577385, 432102.884186638751999 ], [ 425328.453548274526838, 432110.314482959802262 ], [ 425331.334875629923772, 432145.60516260022996 ], [ 425341.30171135434648, 432144.791414700972382 ], [ 425338.28538141498575, 432107.847214876033831 ] ] ] } },
{ "type": "Feature", "properties": { "highway": "residential", "lanes": null, "maxspeed": null, "name": "Maple Grove", "osm_type": "way", "osm_id": 36894154, "junction": null, "oneway": null, "maxspeed:type": null, "ref": null, "turn:lanes": null, "sidewalk": null, "surface": null, "parking:both": null, "lane_markings": null, "source:name": null, "sidewalk:left": null, "sidewalk:right": null, "note": null, "foot": null, "source": null, "noname": null, "fixme": null }, "geometry": { "type": "Polygon", "coordinates": [ [ [ 425008.89811106340494, 432179.783930198056623 ], [ 425009.257892037101556, 432179.479908166395035 ], [ 425009.587467436969746, 432179.143379117711447 ], [ 425009.883912324148696, 432178.777329703560099 ], [ 425010.144595789024606, 432178.385008564742748 ], [ 425010.367204299662262, 432177.969897500413936 ], [ 425010.549762234615628, 432177.535680567089003 ], [ 425010.690649415890221, 432177.086211383575574 ], [ 425010.788615488098003, 432176.62547893030569 ], [ 425010.842791015224066, 432176.157572147902101 ], [ 425011.707449914014433, 432163.489407707005739 ], [ 425001.73066220752662, 432162.808447311166674 ], [ 425001.019724242796656, 432173.224438006465789 ], [ 424990.829168775875587, 432181.043545668013394 ], [ 424996.916596578725148, 432188.977222164161503 ], [ 425008.89811106340494, 432179.783930198056623 ] ] ] } },
{ "type": "Feature", "properties": { "highway": "residential", "lanes": null, "maxspeed": "20 mph", "name": "Whincover Close", "osm_type": "way", "osm_id": 36920482, "junction": null, "oneway": null, "maxspeed:type": "sign", "ref": null, "turn:lanes": null, "sidewalk": null, "surface": null, "parking:both": null, "lane_markings": null, "source:name": null, "sidewalk:left": "no", "sidewalk:right": "separate", "note": null, "foot": null, "source": null, "noname": null, "fixme": null }, "geometry": { "type": "Polygon", "coordinates": [ [ [ 425900.164415178820491, 432216.003551443340257 ], [ 425904.142182621813845, 432211.407758315908723 ], [ 425909.627549027849454, 432206.864578929671552 ], [ 425910.058235210715793, 432206.462826294184197 ], [ 425910.438690744980704, 432206.013216068851762 ], [ 425915.722351155127399, 432198.966056371689774 ], [ 425915.976017941255122, 432198.593911075498909 ], [ 425916.19516857486451, 432198.200449565774761 ], [ 425941.466265911527444, 432147.593329823110253 ], [ 425981.376072119688615, 432067.693965507496614 ], [ 425972.430015013669617, 432063.225401727424469 ], [ 425932.520081555878278, 432143.125020796607714 ], [ 425907.450424550916068, 432193.328742274141405 ], [ 425902.792924045061227, 432199.540751999709755 ], [ 425897.443892482260708, 432203.971013924514409 ], [ 425897.136277182493359, 432204.248043996281922 ], [ 425896.85263309860602, 432204.549571552139241 ], [ 425892.117984138429165, 432210.019842869893182 ], [ 425891.815526667051017, 432210.406064923736267 ], [ 425891.552372219855897, 432210.820067017688416 ], [ 425891.331053900416009, 432211.257864000741392 ], [ 425885.073225116124377, 432225.309204871184193 ], [ 425894.208252369659021, 432229.377530949073844 ], [ 425900.164415178820491, 432216.003551443340257 ] ] ] } },
{ "type": "Feature", "properties": { "highway": "residential", "lanes": null, "maxspeed": "20 mph", "name": "Butterbowl Road", "osm_type": "way", "osm_id": 36920483, "junction": null, "oneway": null, "maxspeed:type": "sign", "ref": null, "turn:lanes": null, "sidewalk": "right", "surface": null, "parking:both": null, "lane_markings": null, "source:name": null, "sidewalk:left": null, "sidewalk:right": null, "note": null, "foot": null, "source": null, "noname": null, "fixme": null }, "geometry": { "type": "Polygon", "coordinates": [ [ [ 425807.985013536585029, 432337.478083288879134 ], [ 425828.90124978433596, 432350.946244207094423 ], [ 425829.293219231069088, 432351.174183823342901 ], [ 425829.704226485511754, 432351.365676780347712 ], [ 425830.13089148135623, 432351.519148266757838 ], [ 425830.569705385132693, 432351.633336154394783 ], [ 425831.017059452424292, 432351.707301378017291 ], [ 425831.469274705683347, 432351.740435658022761 ], [ 425839.9542878549546, 432351.976227222359739 ], [ 425840.519215517502744, 432351.959973022399936 ], [ 425841.078700024925638, 432351.880069650011137 ], [ 425852.390915790514555, 432349.605771086644381 ], [ 425852.823323473799974, 432349.498592897260096 ], [ 425853.244474878418259, 432349.353351500933059 ], [ 425853.651026676001493, 432349.171199902833905 ], [ 425854.039751437725499, 432348.953584121074528 ], [ 425854.407563255401328, 432348.702231707924511 ], [ 425863.822257431573234, 432341.633235535526183 ], [ 425864.20428694516886, 432341.315515656315256 ], [ 425864.552895149798132, 432340.961446749686729 ], [ 425864.864639295672532, 432340.574525493604597 ], [ 425865.13644069165457, 432340.158573005814105 ], [ 425870.563962587912101, 432330.875779899884947 ], [ 425870.816464232455473, 432330.383223476936109 ], [ 425871.012975705554709, 432329.865775748970918 ], [ 425876.67197708733147, 432312.050437715603039 ], [ 425876.706403735093772, 432311.937449340359308 ], [ 425886.558086176752113, 432278.179053141735494 ], [ 425886.680172353459056, 432277.658749989524949 ], [ 425889.453823524003383, 432262.152922569948714 ], [ 425879.610070420487318, 432260.392091846151743 ], [ 425876.883539038302843, 432275.634500666463282 ], [ 425867.123368971340824, 432309.07931479200488 ], [ 425861.650592044286896, 432326.308391860395204 ], [ 425857.01226075051818, 432334.241417388489936 ], [ 425849.309189269552007, 432340.025246559700463 ], [ 425839.664405688003171, 432341.964311186689883 ], [ 425833.141890831117053, 432341.783055842155591 ], [ 425813.384170123143122, 432329.060873958165757 ], [ 425813.354748833051417, 432329.042074303026311 ], [ 425773.847498172370251, 432303.991505884332582 ], [ 425768.49250633927295, 432312.436863334849477 ], [ 425807.985013536585029, 432337.478083288879134 ] ] ] } },
{ "type": "Feature", "properties": { "highway": "residential", "lanes": null, "maxspeed": null, "name": "Butterbowl Gardens", "osm_type": "way", "osm_id": 36920484, "junction": null, "oneway": null, "maxspeed:type": null, "ref": null, "turn:lanes": null, "sidewalk": null, "surface": null, "parking:both": null, "lane_markings": null, "source:name": null, "sidewalk:left": null, "sidewalk:right": null, "note": null, "foot": null, "source": null, "noname": null, "fixme": null }, "geometry": { "type": "Polygon", "coordinates": [ [ [ 425820.218356886936817, 432427.876298322807997 ], [ 425820.384488999727182, 432427.415859765664209 ], [ 425820.504802726267371, 432426.94138305290835 ], [ 425836.509126432240009, 432347.732615890505258 ], [ 425826.707207549712621, 432345.752114383445587 ], [ 425810.800178066187073, 432424.479351957153995 ], [ 425806.2423160605249, 432435.404288281919435 ], [ 425815.47134326439118, 432439.254620328778401 ], [ 425820.218356886936817, 432427.876298322807997 ] ] ] } },
{ "type": "Feature", "properties": { "highway": "residential", "lanes": null, "maxspeed": "20 mph", "name": "Whincover Mount", "osm_type": "way", "osm_id": 36920485, "junction": null, "oneway": null, "maxspeed:type": null, "ref": null, "turn:lanes": null, "sidewalk": null, "surface": null, "parking:both": null, "lane_markings": null, "source:name": null, "sidewalk:left": null, "sidewalk:right": null, "note": null, "foot": null, "source": null, "noname": null, "fixme": null }, "geometry": { "type": "Polygon", "coordinates": [ [ [ 425576.582511682121549, 432179.598828013520688 ], [ 425559.128973430895712, 432161.722055665799417 ], [ 425546.310838458302896, 432130.375967042054981 ], [ 425537.054824177001137, 432134.160963689908385 ], [ 425550.242072942259256, 432166.409701075172052 ], [ 425550.445507691940293, 432166.845970484893769 ], [ 425550.689952333341353, 432167.260655320074875 ], [ 425550.973141190246679, 432167.649912004708312 ], [ 425551.29244947922416, 432168.010132647992577 ], [ 425569.475594851712231, 432186.634204495756421 ], [ 425569.57363551016897, 432186.731880928447936 ], [ 425591.51116466789972, 432207.991133232193533 ], [ 425598.470344558358192, 432200.809920573316049 ], [ 425576.582511682121549, 432179.598828013520688 ] ] ] } },
{ "type": "Feature", "properties": { "highway": "residential", "lanes": null, "maxspeed": "20 mph", "name": "Butterbowl Garth", "osm_type": "way", "osm_id": 36920487, "junction": null, "oneway": null, "maxspeed:type": "GB:zone20", "ref": null, "turn:lanes": null, "sidewalk": "both", "surface": "asphalt", "parking:both": null, "lane_markings": null, "source:name": null, "sidewalk:left": null, "sidewalk:right": null, "note": null, "foot": null, "source": null, "noname": null, "fixme": null }, "geometry": { "type": "Polygon", "coordinates": [ [ [ 425212.614871072990354, 432417.218830218946096 ], [ 425244.63705005357042, 432417.079176254628692 ], [ 425258.805391092959326, 432417.010633240861353 ], [ 425259.2607456111582, 432416.987642452761065 ], [ 425259.712112702196464, 432416.923268058046233 ], [ 425260.155739224981517, 432416.81804533326067 ], [ 425260.587936401774641, 432416.672849210794084 ], [ 425261.005110490194056, 432416.48888700408861 ], [ 425267.122527763538528, 432413.450927937636152 ], [ 425267.12795224878937, 432413.44822999619646 ], [ 425272.829227446112782, 432410.608313506061677 ], [ 425268.370562260388397, 432401.657318881887477 ], [ 425262.671998467238154, 432404.495884768664837 ], [ 425257.596609620435629, 432407.016364061448257 ], [ 425244.59224721690407, 432407.079276548873167 ], [ 425212.572175937821157, 432407.218921358464286 ], [ 425204.461674601072446, 432407.253301844990347 ], [ 425204.504064308246598, 432417.253212000185158 ], [ 425212.614871072990354, 432417.218830218946096 ] ] ] } },
{ "type": "Feature", "properties": { "highway": "residential", "lanes": null, "maxspeed": "20 mph", "name": "Butterbowl Lawn", "osm_type": "way", "osm_id": 36920488, "junction": null, "oneway": null, "maxspeed:type": "sign", "ref": null, "turn:lanes": null, "sidewalk": "both", "surface": null, "parking:both": null, "lane_markings": null, "source:name": null, "sidewalk:left": null, "sidewalk:right": null, "note": null, "foot": null, "source": null, "noname": null, "fixme": null }, "geometry": { "type": "Polygon", "coordinates": [ [ [ 425293.836681257525925, 432385.722743378020823 ], [ 425321.680921904044226, 432385.505517150566448 ], [ 425322.178775629843585, 432385.476763890765142 ], [ 425322.671288993442431, 432385.39856114826398 ], [ 425323.153562765743118, 432385.271686837309971 ], [ 425323.620799575059209, 432385.097403027815744 ], [ 425324.068351628433447, 432384.877443391189445 ], [ 425324.491766945109703, 432384.613995954568963 ], [ 425324.886833642143756, 432384.309681335871574 ], [ 425325.249621831811965, 432383.967526675376575 ], [ 425325.576522713585291, 432383.590935523447115 ], [ 425325.864284472656436, 432383.183653984160628 ], [ 425326.110044626751915, 432382.749733451171778 ], [ 425326.311358500446659, 432382.293490307114553 ], [ 425326.466223543509841, 432381.819462986546569 ], [ 425326.573099250847008, 432381.332366830320098 ], [ 425326.630922486714553, 432380.837047180335503 ], [ 425327.118502592376899, 432373.496362695761491 ], [ 425317.140489022305701, 432372.833606937609147 ], [ 425316.96059063525172, 432375.542038399900775 ], [ 425293.7579285519314, 432375.723053454828914 ], [ 425268.988480097672436, 432375.92362619866617 ], [ 425269.069453393400181, 432385.923298359615728 ], [ 425293.836681257525925, 432385.722743378020823 ] ] ] } },
{ "type": "Feature", "properties": { "highway": "residential", "lanes": null, "maxspeed": "20 mph", "name": "Butterbowl Grove", "osm_type": "way", "osm_id": 36920489, "junction": null, "oneway": null, "maxspeed:type": "GB:zone20", "ref": null, "turn:lanes": null, "sidewalk": "both", "surface": "asphalt", "parking:both": null, "lane_markings": null, "source:name": null, "sidewalk:left": null, "sidewalk:right": null, "note": null, "foot": null, "source": null, "noname": null, "fixme": null }, "geometry": { "type": "Polygon", "coordinates": [ [ [ 425233.355180273763835, 432483.118660708656535 ], [ 425243.806872804532759, 432482.952232801239006 ], [ 425286.510416226170491, 432482.28057730459841 ], [ 425286.970711879315786, 432482.252066495886538 ], [ 425287.426422660821117, 432482.181266509520356 ], [ 425287.87367165775504, 432482.068779669119976 ], [ 425288.308653944754042, 432481.915562945127022 ], [ 425288.727668954234105, 432481.722919813124463 ], [ 425295.182643153937533, 432478.386405504890718 ], [ 425295.595540982380044, 432478.147358743997756 ], [ 425295.983775024360511, 432477.870046105876099 ], [ 425296.343810362799559, 432477.556992555037141 ], [ 425296.672368833154906, 432477.211048481345642 ], [ 425296.966458871611394, 432476.835363746620715 ], [ 425302.032011593400966, 432469.686208495637402 ], [ 425302.306683851813432, 432469.253053077496588 ], [ 425302.535536185081583, 432468.794037745101377 ], [ 425302.716160439886153, 432468.313992596813478 ], [ 425302.846655954374, 432467.817969022260513 ], [ 425304.787589930579998, 432458.526888200023677 ], [ 425304.856860667583533, 432458.106542757654097 ], [ 425307.07691222417634, 432439.804719051637221 ], [ 425297.149681270355359, 432438.600524055247661 ], [ 425294.955303274386097, 432456.690698181104381 ], [ 425293.270821239158977, 432464.754166039754637 ], [ 425289.510298538836651, 432470.06149617448682 ], [ 425285.179042798408773, 432472.300280761905015 ], [ 425243.649121211783495, 432472.953477144998033 ], [ 425233.198727209120989, 432473.119884619256482 ], [ 425191.714662027428858, 432473.765173694700934 ], [ 425191.870194282848388, 432483.763964107376523 ], [ 425233.355180273763835, 432483.118660708656535 ] ] ] } },
{ "type": "Feature", "properties": { "highway": "residential", "lanes": null, "maxspeed": "20 mph", "name": "Bawn Drive", "osm_type": "way", "osm_id": 36920490, "junction": null, "oneway": null, "maxspeed:type": null, "ref": null, "turn:lanes": null, "sidewalk": null, "surface": null, "parking:both": null, "lane_markings": null, "source:name": null, "sidewalk:left": null, "sidewalk:right": null, "note": null, "foot": null, "source": null, "noname": null, "fixme": null }, "geometry": { "type": "Polygon", "coordinates": [ [ [ 425294.114110313123092, 432610.744646015926264 ], [ 425313.933450355718378, 432605.133149533881806 ], [ 425333.162370987411123, 432599.684475312009454 ], [ 425333.493534732901026, 432599.578061622974928 ], [ 425346.549708402249962, 432594.875674352631904 ], [ 425352.674601846258156, 432592.672710338549223 ], [ 425371.486339398252312, 432585.898858846339863 ], [ 425373.898877453815658, 432585.034181922092102 ], [ 425374.288414603390265, 432584.875783680938184 ], [ 425374.663264276634436, 432584.685213703894988 ], [ 425375.020775098935701, 432584.46381992433453 ], [ 425385.343143278325442, 432577.454400341201108 ], [ 425388.869221408327576, 432575.058018768555485 ], [ 425397.445813218539115, 432569.229763948067557 ], [ 425397.930893495155033, 432568.854665489983745 ], [ 425436.656807990686502, 432534.9177392560523 ], [ 425444.82384039030876, 432527.761300792626571 ], [ 425474.510793406399898, 432503.062812543998007 ], [ 425474.819238169118762, 432502.783686649694573 ], [ 425475.103412676195148, 432502.479886903078295 ], [ 425482.953702762606554, 432493.354422981617972 ], [ 425483.299206657917239, 432492.90328382741427 ], [ 425483.59129085362656, 432492.41585557552753 ], [ 425483.826182796387002, 432491.898433839029167 ], [ 425487.414497960009612, 432482.627483289164957 ], [ 425487.564841745886952, 432482.17641865753103 ], [ 425487.671661628643051, 432481.71311306883581 ], [ 425487.733991689397953, 432481.241755964991171 ], [ 425487.751268308318686, 432480.766609593527392 ], [ 425487.338166125409771, 432443.94766153767705 ], [ 425477.338795488409232, 432444.059852734208107 ], [ 425477.741094489989337, 432479.915935451805126 ], [ 425474.811204452591483, 432487.485745910089463 ], [ 425467.794540037109982, 432495.642172904219478 ], [ 425438.37898216873873, 432520.114870049816091 ], [ 425438.281593402265571, 432520.198027364560403 ], [ 425430.066317076270934, 432527.396740019321442 ], [ 425391.571175203018356, 432561.13143181137275 ], [ 425383.248556453909259, 432566.787098294880707 ], [ 425379.724609920638613, 432569.182031645148527 ], [ 425369.927811289089732, 432575.834562439180445 ], [ 425368.108906303299591, 432576.486475541605614 ], [ 425368.101917924243025, 432576.488986101641785 ], [ 425349.289264918421395, 432583.263167590950616 ], [ 425343.164206192363054, 432585.466191052633803 ], [ 425330.268689124903176, 432590.110714804963209 ], [ 425311.208711696148384, 432595.511517681065015 ], [ 425291.387510993925389, 432601.123540976084769 ], [ 425283.35245476977434, 432603.407053793256637 ], [ 425286.086143862456083, 432613.026146471092943 ], [ 425294.114110313123092, 432610.744646015926264 ] ] ] } },
{ "type": "Feature", "properties": { "highway": "residential", "lanes": null, "maxspeed": "20 mph", "name": "Bawn Gardens", "osm_type": "way", "osm_id": 36920491, "junction": null, "oneway": null, "maxspeed:type": null, "ref": null, "turn:lanes": null, "sidewalk": null, "surface": null, "parking:both": null, "lane_markings": null, "source:name": null, "sidewalk:left": null, "sidewalk:right": null, "note": null, "foot": null, "source": null, "noname": null, "fixme": null }, "geometry": { "type": "Polygon", "coordinates": [ [ [ 425368.048164726234972, 432691.076450509775896 ], [ 425404.061086397850886, 432680.934886595001444 ], [ 425404.595057177590206, 432680.751396293693688 ], [ 425405.104936097923201, 432680.508874189632479 ], [ 425429.560518744634464, 432667.133879559056368 ], [ 425440.914353253669105, 432660.919295465922914 ], [ 425441.367689173785038, 432660.638759148481768 ], [ 425441.788578987587243, 432660.311549969948828 ], [ 425445.641051220882218, 432656.97228169371374 ], [ 425476.640411018393934, 432630.091805632750038 ], [ 425518.176622061349917, 432594.080029817530885 ], [ 425522.656983049178962, 432590.199972026748583 ], [ 425559.431124625261873, 432558.30987651279429 ], [ 425574.96710335672833, 432544.842976075189654 ], [ 425575.294047815783415, 432544.532686244347133 ], [ 425575.591719768650364, 432544.194213399139699 ], [ 425575.857700065593235, 432543.830308274074923 ], [ 425576.089827111863997, 432543.443928289052565 ], [ 425578.838514967879746, 432538.363068920851219 ], [ 425579.045782998844516, 432537.931828612403478 ], [ 425579.210882670013234, 432537.4827514042845 ], [ 425582.610121358186007, 432526.664296006085351 ], [ 425582.71305286034476, 432526.285236672847532 ], [ 425582.785911892133299, 432525.899267200264148 ], [ 425584.044363316264935, 432517.416797860874794 ], [ 425584.096807315771002, 432516.813024069357198 ], [ 425584.346777717175428, 432507.201316102931742 ], [ 425584.865450764656998, 432486.963868956721853 ], [ 425584.990794212964829, 432482.091499488626141 ], [ 425584.992287701519672, 432481.922893595590722 ], [ 425584.874633117753547, 432467.224495332746301 ], [ 425584.709585795353632, 432446.706620778364595 ], [ 425574.709909315395635, 432446.787058928108308 ], [ 425574.874954260885715, 432467.304637508408632 ], [ 425574.991933142126072, 432481.918621344899293 ], [ 425574.868751925881952, 432486.706940202217083 ], [ 425574.350133266940247, 432506.942278218397405 ], [ 425574.108079924364574, 432516.249564314843155 ], [ 425572.95195621898165, 432524.042303625668865 ], [ 425569.814650319749489, 432534.027128774730954 ], [ 425567.728221507743001, 432537.883824016491417 ], [ 425552.880759866035078, 432550.753903921751771 ], [ 425516.109226620872505, 432582.641738862672355 ], [ 425511.629071660805494, 432586.521618230384775 ], [ 425470.089536294224672, 432622.536275182559621 ], [ 425439.090860416297801, 432649.416158305015415 ], [ 425435.643333492451347, 432652.404425732034724 ], [ 425424.761408550606575, 432658.360707836051006 ], [ 425400.804334224143531, 432671.463063445815351 ], [ 425365.336869496153668, 432681.451021760120057 ], [ 425338.341985018167179, 432689.060740326007362 ], [ 425341.055191896448378, 432698.685630373947788 ], [ 425368.048164726234972, 432691.076450509775896 ] ] ] } },
{ "type": "Feature", "properties": { "highway": "residential", "lanes": null, "maxspeed": "20 mph", "name": "Butterbowl Mount", "osm_type": "way", "osm_id": 36920492, "junction": null, "oneway": null, "maxspeed:type": "sign", "ref": null, "turn:lanes": null, "sidewalk": "both", "surface": null, "parking:both": null, "lane_markings": null, "source:name": null, "sidewalk:left": null, "sidewalk:right": null, "note": null, "foot": null, "source": null, "noname": null, "fixme": null }, "geometry": { "type": "Polygon", "coordinates": [ [ [ 425627.062383781420067, 432423.902997746132314 ], [ 425628.619203967507929, 432384.062152843747754 ], [ 425618.626829897752032, 432383.671691002498847 ], [ 425617.034177042834926, 432424.429535706818569 ], [ 425617.037045772711281, 432424.883170003886335 ], [ 425617.081017961958423, 432425.334677203907631 ], [ 425617.16573164507281, 432425.780340638593771 ], [ 425617.290489485021681, 432426.216491743689403 ], [ 425623.242210389173124, 432443.939659147523344 ], [ 425632.721959574555513, 432440.756208915030584 ], [ 425627.062383781420067, 432423.902997746132314 ] ] ] } },
{ "type": "Feature", "properties": { "highway": "residential", "lanes": null, "maxspeed": "20 mph", "name": "Farnley Crescent", "osm_type": "way", "osm_id": 36920493, "junction": null, "oneway": null, "maxspeed:type": null, "ref": null, "turn:lanes": null, "sidewalk": null, "surface": null, "parking:both": null, "lane_markings": null, "source:name": null, "sidewalk:left": null, "sidewalk:right": null, "note": null, "foot": null, "source": null, "noname": null, "fixme": null }, "geometry": { "type": "Polygon", "coordinates": [ [ [ 425432.450984423514456, 432806.716215277207084 ], [ 425393.31930699601071, 432740.852460520924069 ], [ 425384.722196600574534, 432745.960267569753341 ], [ 425424.227489798737224, 432812.452866758685559 ], [ 425424.494566795125138, 432812.856527014169842 ], [ 425424.799422245414462, 432813.232472327013966 ], [ 425425.139199389144778, 432813.577179763000458 ], [ 425445.061064498848282, 432831.920928916661069 ], [ 425451.834755713469349, 432824.564495859201998 ], [ 425432.450984423514456, 432806.716215277207084 ] ] ] } },
{ "type": "Feature", "properties": { "highway": "residential", "lanes": null, "maxspeed": "20 mph", "name": "Bawn Lane", "osm_type": "way", "osm_id": 36920494, "junction": null, "oneway": null, "maxspeed:type": "sign", "ref": null, "turn:lanes": null, "sidewalk": null, "surface": null, "parking:both": null, "lane_markings": null, "source:name": null, "sidewalk:left": null, "sidewalk:right": null, "note": null, "foot": null, "source": null, "noname": null, "fixme": null }, "geometry": { "type": "Polygon", "coordinates": [ [ [ 425217.062084592529573, 432532.819339926762041 ], [ 425218.941446885175537, 432531.024192015465815 ], [ 425273.101275281747803, 432525.978282764088362 ], [ 425273.270955654617865, 432525.959547285805456 ], [ 425310.633039284090046, 432521.187260617618449 ], [ 425317.080410014372319, 432520.365347481274512 ], [ 425317.086099395994097, 432520.364618880266789 ], [ 425327.62842305097729, 432519.008387503155973 ], [ 425328.259742796886712, 432518.885462090023793 ], [ 425344.543217131169513, 432514.61175806785468 ], [ 425344.95137207780499, 432514.485770846658852 ], [ 425345.347284114221111, 432514.325405950774439 ], [ 425345.728063664631918, 432514.131833808263764 ], [ 425354.570248320931569, 432509.15053046826506 ], [ 425371.41548680269625, 432499.66180704801809 ], [ 425371.887376476661302, 432499.35998391720932 ], [ 425372.322544146387372, 432499.007271334528923 ], [ 425391.231031635426916, 432481.840051500941627 ], [ 425396.741611016157549, 432477.454422590264585 ], [ 425390.514450605318416, 432469.629943488223944 ], [ 425384.876758129219525, 432474.11673614726169 ], [ 425384.62936695193639, 432474.327101664151996 ], [ 425366.017292095697485, 432491.225205269816797 ], [ 425349.662307332037017, 432500.437774574384093 ], [ 425341.38127660471946, 432505.102948120969813 ], [ 425326.032853489974514, 432509.131241853174288 ], [ 425315.812995505577419, 432510.445989201252814 ], [ 425309.367858762678225, 432511.267617548059206 ], [ 425272.088622415147256, 432516.029321918496862 ], [ 425216.281852734915446, 432521.228671764256433 ], [ 425215.80848643463105, 432521.295730121841189 ], [ 425215.343688792374451, 432521.407692746433895 ], [ 425214.891709406045265, 432521.563535975117702 ], [ 425214.45668067765655, 432521.761834948963951 ], [ 425214.042580030916724, 432522.000776640430558 ], [ 425213.653193546226248, 432522.278176429797895 ], [ 425213.292081345047336, 432522.591498078778386 ], [ 425210.153054062160663, 432525.589865286834538 ], [ 425210.149385861936025, 432525.593372676637955 ], [ 425199.791840538789984, 432535.50692052859813 ], [ 425206.706372458313126, 432542.73113317321986 ], [ 425217.062084592529573, 432532.819339926762041 ] ] ] } },
{ "type": "Feature", "properties": { "highway": "residential", "lanes": null, "maxspeed": null, "name": "Stonebridge Grove", "osm_type": "way", "osm_id": 36920495, "junction": null, "oneway": null, "maxspeed:type": null, "ref": null, "turn:lanes": null, "sidewalk": null, "surface": null, "parking:both": null, "lane_markings": null, "source:name": null, "sidewalk:left": null, "sidewalk:right": null, "note": null, "foot": null, "source": null, "noname": null, "fixme": null }, "geometry": { "type": "Polygon", "coordinates": [ [ [ 425316.390399504103698, 432821.925401170155965 ], [ 425307.930714500835165, 432827.25772989646066 ], [ 425327.599177461001091, 432858.461545280762948 ], [ 425336.058862464269623, 432853.129216554458253 ], [ 425316.390399504103698, 432821.925401170155965 ] ] ] } },
{ "type": "Feature", "properties": { "highway": "residential", "lanes": null, "maxspeed": null, "name": "Stonebridge Grove", "osm_type": "way", "osm_id": 36920498, "junction": null, "oneway": null, "maxspeed:type": null, "ref": null, "turn:lanes": null, "sidewalk": null, "surface": null, "parking:both": null, "lane_markings": null, "source:name": null, "sidewalk:left": null, "sidewalk:right": null, "note": null, "foot": null, "source": null, "noname": null, "fixme": null }, "geometry": { "type": "Polygon", "coordinates": [ [ [ 425040.567238558025565, 432804.05649164703209 ], [ 425033.908643700007815, 432811.517263357643969 ], [ 425038.937787990726065, 432816.005677641485818 ], [ 425045.596382848743815, 432808.544905930873938 ], [ 425040.567238558025565, 432804.05649164703209 ] ] ] } },
{ "type": "Feature", "properties": { "highway": "residential", "lanes": null, "maxspeed": "20 mph", "name": "Stonecliffe Garth", "osm_type": "way", "osm_id": 36920500, "junction": null, "oneway": null, "maxspeed:type": null, "ref": null, "turn:lanes": null, "sidewalk": null, "surface": null, "parking:both": null, "lane_markings": null, "source:name": null, "sidewalk:left": null, "sidewalk:right": null, "note": null, "foot": null, "source": null, "noname": null, "fixme": null }, "geometry": { "type": "Polygon", "coordinates": [ [ [ 425212.995757112861611, 432556.717472570948303 ], [ 425212.931835767289158, 432556.772687057440635 ], [ 425194.129611647455022, 432573.2931821977254 ], [ 425166.297487541974988, 432595.796888110751752 ], [ 425140.280390430125408, 432614.742053032852709 ], [ 425146.166910521336831, 432622.825918520102277 ], [ 425172.286175592860673, 432603.80635679513216 ], [ 425172.486622384050861, 432603.652496494818479 ], [ 425200.496659470023587, 432581.004938773112372 ], [ 425200.65322453121189, 432580.872955439437646 ], [ 425219.500652088201605, 432564.312742489215452 ], [ 425223.049118098744657, 432561.299579238402657 ], [ 425216.576416993921157, 432553.676972046145238 ], [ 425212.995757112861611, 432556.717472570948303 ] ] ] } },
{ "type": "Feature", "properties": { "highway": "residential", "lanes": null, "maxspeed": "20 mph", "name": "Stonecliffe Crescent", "osm_type": "way", "osm_id": 36920501, "junction": null, "oneway": null, "maxspeed:type": null, "ref": null, "turn:lanes": null, "sidewalk": null, "surface": null, "parking:both": null, "lane_markings": null, "source:name": null, "sidewalk:left": null, "sidewalk:right": null, "note": null, "foot": null, "source": null, "noname": null, "fixme": null }, "geometry": { "type": "Polygon", "coordinates": [ [ [ 425170.20013715577079, 432678.114811353618279 ], [ 425170.495173876232002, 432678.020807504479308 ], [ 425192.099491682252847, 432670.392700112250168 ], [ 425192.625950666784775, 432670.17227094527334 ], [ 425193.12385910609737, 432669.893281221331563 ], [ 425217.372694184537977, 432654.424340932106134 ], [ 425217.843199306866154, 432654.084213369234931 ], [ 425218.271105668332893, 432653.6918385803001 ], [ 425233.508478045463562, 432637.996617480646819 ], [ 425233.799496555875521, 432637.669316863000859 ], [ 425234.06075657607289, 432637.31780488655204 ], [ 425234.290253536542878, 432636.944778596865945 ], [ 425234.486226576322224, 432636.55310011212714 ], [ 425236.786852310644463, 432631.402879755129106 ], [ 425236.98151831922587, 432630.894418404262979 ], [ 425237.119745818141382, 432630.367805682530161 ], [ 425238.872015024593566, 432621.821141465043183 ], [ 425238.950221232720651, 432621.302952173980884 ], [ 425238.973760301596485, 432620.779423507454339 ], [ 425238.942373643862084, 432620.2563066657749 ], [ 425238.856406056205742, 432619.739348324830644 ], [ 425238.716801931674127, 432619.234227506793104 ], [ 425236.544651362171862, 432612.724845916731283 ], [ 425236.349919827887788, 432612.230476017226465 ], [ 425236.103826366481371, 432611.759562037594151 ], [ 425235.80915008141892, 432611.317421952262521 ], [ 425235.469218716316391, 432610.909048795700073 ], [ 425227.36668712052051, 432602.165208159654867 ], [ 425217.672566073015332, 432591.699597167491447 ], [ 425201.021463663259055, 432573.719510472321417 ], [ 425193.684441603196319, 432580.514222187281121 ], [ 425210.335724783246405, 432598.494504080677871 ], [ 425220.030728203651961, 432608.961067709489726 ], [ 425227.400550381862558, 432616.914205698296428 ], [ 425228.80632789619267, 432621.126962585316505 ], [ 425227.433357395930216, 432627.823603605444077 ], [ 425225.716864755318966, 432631.666173567355145 ], [ 425211.502623798209243, 432646.307520452071913 ], [ 425188.229277335107327, 432661.154172078997362 ], [ 425167.311849643883761, 432668.53975056525087 ], [ 425158.335322645551059, 432671.096499858074822 ], [ 425161.074635681870859, 432680.713992467266507 ], [ 425170.20013715577079, 432678.114811353618279 ] ] ] } },
{ "type": "Feature", "properties": { "highway": "residential", "lanes": null, "maxspeed": "20 mph", "name": "Stonecliffe Mount", "osm_type": "way", "osm_id": 36920502, "junction": null, "oneway": null, "maxspeed:type": null, "ref": null, "turn:lanes": null, "sidewalk": null, "surface": null, "parking:both": null, "lane_markings": null, "source:name": null, "sidewalk:left": null, "sidewalk:right": null, "note": null, "foot": null, "source": null, "noname": null, "fixme": null }, "geometry": { "type": "Polygon", "coordinates": [ [ [ 425143.92240550077986, 432555.319443726388272 ], [ 425144.295067353348713, 432555.073740262072533 ], [ 425144.64433105464559, 432554.795779984851833 ], [ 425153.653224515495822, 432546.944357647618745 ], [ 425154.050015942018945, 432546.557845323404763 ], [ 425175.554924994183239, 432523.152124410436954 ], [ 425168.191171619051602, 432516.386391912645195 ], [ 425146.873936836316716, 432539.587850089010317 ], [ 425138.41167835163651, 432546.962869627110194 ], [ 425098.180563266272657, 432570.982845579448622 ], [ 425103.306882680626586, 432579.568930208741222 ], [ 425143.92240550077986, 432555.319443726388272 ] ] ] } },
{ "type": "Feature", "properties": { "highway": "residential", "lanes": null, "maxspeed": "20 mph", "name": "Stonecliffe Way", "osm_type": "way", "osm_id": 36920503, "junction": null, "oneway": null, "maxspeed:type": null, "ref": null, "turn:lanes": null, "sidewalk": null, "surface": null, "parking:both": null, "lane_markings": null, "source:name": null, "sidewalk:left": null, "sidewalk:right": null, "note": null, "foot": null, "source": null, "noname": null, "fixme": null }, "geometry": { "type": "Polygon", "coordinates": [ [ [ 425004.881969806214329, 432506.186820990231354 ], [ 425021.236739608692005, 432506.474175815470517 ], [ 425021.918828035180923, 432506.439508273208048 ], [ 425051.019104260893073, 432502.956240502244327 ], [ 425051.61927512899274, 432502.846919501258526 ], [ 425089.025313167076092, 432493.644773932581302 ], [ 425086.63646760006668, 432483.934294188686181 ], [ 425049.527174231829122, 432493.063438504294027 ], [ 425021.070181804301683, 432496.469705984811299 ], [ 425005.063045468705241, 432496.18846038216725 ], [ 424996.487432724912651, 432496.031606360978913 ], [ 424996.30455624172464, 432506.029934030782897 ], [ 425004.881969806214329, 432506.186820990231354 ] ] ] } },
{ "type": "Feature", "properties": { "highway": "residential", "lanes": null, "maxspeed": "20 mph", "name": "Stonecliffe Terrace", "osm_type": "way", "osm_id": 36920504, "junction": null, "oneway": null, "maxspeed:type": null, "ref": null, "turn:lanes": null, "sidewalk": null, "surface": null, "parking:both": null, "lane_markings": null, "source:name": null, "sidewalk:left": null, "sidewalk:right": null, "note": null, "foot": null, "source": null, "noname": null, "fixme": null }, "geometry": { "type": "Polygon", "coordinates": [ [ [ 425002.08793725137366, 432563.149707768228836 ], [ 425017.213869701838121, 432563.152317746367771 ], [ 425017.306213225238025, 432563.151480877597351 ], [ 425045.092359164322261, 432562.643016139452811 ], [ 425045.700580219738185, 432562.594652750412934 ], [ 425046.298382102802861, 432562.472567623422947 ], [ 425076.424377007933799, 432554.377537383174058 ], [ 425073.829369583108928, 432544.720108301669825 ], [ 425044.295927896513604, 432552.655916041927412 ], [ 425017.169419572455809, 432553.152309927681927 ], [ 425002.088559959200211, 432553.149707726843189 ], [ 424994.12092423409922, 432553.151846869790461 ], [ 424994.123609634640161, 432563.151846509252209 ], [ 425002.08793725137366, 432563.149707768228836 ] ] ] } },
{ "type": "Feature", "properties": { "highway": "residential", "lanes": null, "maxspeed": "20 mph", "name": "Stonecliffe Grove", "osm_type": "way", "osm_id": 36920505, "junction": null, "oneway": null, "maxspeed:type": "sign", "ref": null, "turn:lanes": null, "sidewalk": "both", "surface": null, "parking:both": null, "lane_markings": null, "source:name": null, "sidewalk:left": null, "sidewalk:right": null, "note": null, "foot": null, "source": null, "noname": null, "fixme": null }, "geometry": { "type": "Polygon", "coordinates": [ [ [ 424997.243801606004126, 432624.778237421822269 ], [ 425014.598593814589549, 432626.77299849584233 ], [ 425015.037802628590725, 432626.80396720598219 ], [ 425015.478032967308536, 432626.796176686591934 ], [ 425040.831753293343354, 432625.228877067158464 ], [ 425041.094015384558588, 432625.205719723016955 ], [ 425063.488360240997281, 432622.632540710503235 ], [ 425063.908309591584839, 432622.566090994514525 ], [ 425064.321095201768912, 432622.464203498733696 ], [ 425088.980267977167387, 432615.252456830057781 ], [ 425089.352876718272455, 432615.127389822679106 ], [ 425117.562241969630122, 432604.407728654623497 ], [ 425114.010034720413387, 432595.059904113120865 ], [ 425085.98451413330622, 432605.709703641594388 ], [ 425061.923296177817974, 432612.746574262331706 ], [ 425040.083321632992011, 432615.25605442316737 ], [ 425015.301780393288936, 432616.787983451911714 ], [ 424998.38420607696753, 432614.843476234120317 ], [ 424988.787857039889786, 432613.746256833954249 ], [ 424987.651887396292295, 432623.681525978201535 ], [ 424997.243801606004126, 432624.778237421822269 ] ] ] } },
{ "type": "Feature", "properties": { "highway": "residential", "lanes": null, "maxspeed": "20 mph", "name": "Stonecliffe Drive", "osm_type": "way", "osm_id": 36920506, "junction": null, "oneway": null, "maxspeed:type": "sign", "ref": null, "turn:lanes": null, "sidewalk": "both", "surface": null, "parking:both": null, "lane_markings": null, "source:name": null, "sidewalk:left": null, "sidewalk:right": null, "note": null, "foot": null, "source": null, "noname": null, "fixme": null }, "geometry": { "type": "Polygon", "coordinates": [ [ [ 425028.834838521957863, 432687.816090602660552 ], [ 425029.137446543958504, 432687.813918294734322 ], [ 425042.138680623727851, 432687.326863344176672 ], [ 425042.410389823955484, 432687.309265760530252 ], [ 425053.708221502543893, 432686.267981015902478 ], [ 425054.097188866580836, 432686.21667309536133 ], [ 425065.26136367674917, 432684.295730656362139 ], [ 425065.58353797881864, 432684.229316630284302 ], [ 425077.794100626080763, 432681.29037074057851 ], [ 425078.250107835920062, 432681.157408423896413 ], [ 425141.297256052552257, 432659.475423894298729 ], [ 425138.045180407643784, 432650.018997296516318 ], [ 425075.222874396655243, 432671.623658341064584 ], [ 425063.40347097342601, 432674.468456579488702 ], [ 425052.594952653162181, 432676.328203663113527 ], [ 425041.628226869623177, 432677.338971444172785 ], [ 425028.914358179201372, 432677.815261052397545 ], [ 424985.239378515456337, 432676.806726749753579 ], [ 424985.008521964016836, 432686.804061657283455 ], [ 425028.834838521957863, 432687.816090602660552 ] ] ] } },
{ "type": "Feature", "properties": { "highway": "residential", "lanes": null, "maxspeed": null, "name": "Butt Row", "osm_type": "way", "osm_id": 36920509, "junction": null, "oneway": null, "maxspeed:type": null, "ref": null, "turn:lanes": null, "sidewalk": "no", "surface": null, "parking:both": null, "lane_markings": null, "source:name": null, "sidewalk:left": null, "sidewalk:right": null, "note": null, "foot": null, "source": null, "noname": null, "fixme": null }, "geometry": { "type": "Polygon", "coordinates": [ [ [ 425038.309354896424338, 432984.218875627557281 ], [ 425038.682734911562875, 432984.271235724794678 ], [ 425047.4332234315807, 432985.163462376804091 ], [ 425048.44759480189532, 432975.215042868047021 ], [ 425039.884784067515284, 432974.341952418792062 ], [ 424995.908083024085499, 432966.474102474225219 ], [ 424994.146951623493806, 432976.317801788507495 ], [ 425038.309354896424338, 432984.218875627557281 ] ] ] } },
{ "type": "Feature", "properties": { "highway": "residential", "lanes": null, "maxspeed": "20 mph", "name": "Nutting Grove Terrace", "osm_type": "way", "osm_id": 36960912, "junction": null, "oneway": null, "maxspeed:type": "sign", "ref": null, "turn:lanes": null, "sidewalk": null, "surface": null, "parking:both": null, "lane_markings": null, "source:name": null, "sidewalk:left": null, "sidewalk:right": null, "note": "Based on sketch as road was temporarily blocked", "foot": null, "source": null, "noname": null, "fixme": null }, "geometry": { "type": "Polygon", "coordinates": [ [ [ 425318.505477810045704, 432279.728680174855981 ], [ 425331.349656142003369, 432282.001155029516667 ], [ 425331.44285802426748, 432282.016738095146138 ], [ 425341.317729512928054, 432283.572011254203971 ], [ 425410.784531483834144, 432294.494808906922117 ], [ 425425.111799839884043, 432296.752367313427385 ], [ 425427.787566193321254, 432297.177963986934628 ], [ 425427.798252171312924, 432297.179651804792229 ], [ 425433.746454623527825, 432298.11255790386349 ], [ 425432.596702456125058, 432304.905706019781064 ], [ 425442.456477284664288, 432306.574490107188467 ], [ 425444.450772322481498, 432294.791479852690827 ], [ 425444.509079227922484, 432294.300478882039897 ], [ 425444.518605254532304, 432293.806119798799045 ], [ 425444.47925724479137, 432293.313237071910407 ], [ 425444.39141999342246, 432292.826650732546113 ], [ 425444.25595248414902, 432292.351119238010142 ], [ 425444.074179489864036, 432291.891292937158141 ], [ 425443.847878617001697, 432291.451668593741488 ], [ 425443.579262921935879, 432291.03654541115975 ], [ 425443.270959269022569, 432290.649982989300042 ], [ 425442.925982641696464, 432290.295761624991428 ], [ 425442.547706658020616, 432289.977345343097113 ], [ 425442.139830579573754, 432289.697848021110985 ], [ 425441.706343134923372, 432289.460002937703393 ], [ 425441.251483513100538, 432289.266136043181177 ], [ 425440.779699907230679, 432289.118143213505391 ], [ 425440.295606014784425, 432289.017471709812526 ], [ 425429.35303827363532, 432287.301257733081002 ], [ 425426.679036664019804, 432286.875941752630752 ], [ 425426.671881135960575, 432286.874808937485795 ], [ 425412.340231851034332, 432284.616560224734712 ], [ 425342.872904435032979, 432273.693679848278407 ], [ 425333.045335116155911, 432272.145856689487118 ], [ 425320.250077659613453, 432269.882037497241981 ], [ 425270.341849906893913, 432261.035270250344183 ], [ 425268.596452229714487, 432270.881771504471544 ], [ 425318.505477810045704, 432279.728680174855981 ] ] ] } },
{ "type": "Feature", "properties": { "highway": "residential", "lanes": null, "maxspeed": "20 mph", "name": "Whincover Drive", "osm_type": "way", "osm_id": 40104951, "junction": null, "oneway": null, "maxspeed:type": "sign", "ref": null, "turn:lanes": null, "sidewalk": "both", "surface": null, "parking:both": null, "lane_markings": null, "source:name": null, "sidewalk:left": null, "sidewalk:right": null, "note": null, "foot": null, "source": null, "noname": null, "fixme": null }, "geometry": { "type": "Polygon", "coordinates": [ [ [ 425835.389338256616611, 432174.385527180915233 ], [ 425822.690248369530309, 432151.606177591660526 ], [ 425822.537006647326052, 432151.34963481820887 ], [ 425818.17307140660705, 432144.51640843966743 ], [ 425813.677812074136455, 432137.481203674571589 ], [ 425813.286994701309595, 432136.950282019097358 ], [ 425796.161523583810776, 432116.639902706141584 ], [ 425795.865372694912367, 432116.318323432817124 ], [ 425795.542263652547263, 432116.023842321767006 ], [ 425795.194666542345658, 432115.758710605383385 ], [ 425792.307379963807762, 432113.749812384252436 ], [ 425776.43725687317783, 432102.546288422483485 ], [ 425776.214206344215199, 432102.397621178650297 ], [ 425765.569965295086149, 432095.708028841530904 ], [ 425765.030133758438751, 432095.413430214219261 ], [ 425752.122270876949187, 432089.367908149783034 ], [ 425751.471902876044624, 432089.116963107779156 ], [ 425726.435933789762203, 432081.414030075247865 ], [ 425726.054291709908284, 432081.312917037284933 ], [ 425725.665861543442588, 432081.242230904579628 ], [ 425703.655478391097859, 432078.12885838089278 ], [ 425703.270851152774412, 432078.089549921511207 ], [ 425702.884336522780359, 432078.080078480066732 ], [ 425685.322976341063622, 432078.328989945701323 ], [ 425685.14833471440943, 432078.334518616786227 ], [ 425672.315877200977411, 432078.96536237897817 ], [ 425671.680041106941644, 432079.037620418414008 ], [ 425657.634602300415281, 432081.552762447099667 ], [ 425655.876713438599836, 432081.865256722434424 ], [ 425655.462187316676136, 432081.957257979258429 ], [ 425655.056961882102769, 432082.084098367777187 ], [ 425643.743508603540249, 432086.160387939889915 ], [ 425636.298942162597086, 432088.833651775843464 ], [ 425636.134531927877106, 432088.89597448380664 ], [ 425619.117657606664579, 432095.691075979382731 ], [ 425597.534826221643016, 432103.742103338008747 ], [ 425597.44521330203861, 432103.776515066158026 ], [ 425577.054293601948302, 432111.832154965959489 ], [ 425576.938616641331464, 432111.879534441337455 ], [ 425539.730520134558901, 432127.665370609378442 ], [ 425527.086793453549035, 432133.026337781280745 ], [ 425498.024536050157622, 432143.10397505533183 ], [ 425471.925420646730345, 432145.904565341887064 ], [ 425440.769766090612393, 432145.735827725904528 ], [ 425415.063585696334485, 432144.798101252468769 ], [ 425400.558834189316258, 432144.265626038424671 ], [ 425336.637250892294105, 432140.208471898629796 ], [ 425277.602513594436459, 432136.408254663983826 ], [ 425277.418215018580668, 432136.399801679421216 ], [ 425256.191491464502178, 432135.818398469127715 ], [ 425255.740485736401752, 432135.826400003221352 ], [ 425255.292036459082738, 432135.875015196448658 ], [ 425239.893895803252235, 432138.251200010243338 ], [ 425239.434804522956256, 432138.344247283588629 ], [ 425238.986435519880615, 432138.479849037830718 ], [ 425219.036472282721661, 432145.549177831737325 ], [ 425218.648110673122574, 432145.705385062203277 ], [ 425218.274176267383154, 432145.893529950117227 ], [ 425217.917289978242479, 432146.112293784681242 ], [ 425204.056756810459774, 432155.428477060224395 ], [ 425203.715473543561529, 432155.67949209199287 ], [ 425203.396664981439244, 432155.958497316227295 ], [ 425203.102619950368535, 432156.263489667151589 ], [ 425193.914642149175052, 432166.639498218370136 ], [ 425193.849973808741197, 432166.713996339705773 ], [ 425186.065476707764901, 432175.862533059902489 ], [ 425185.770682094735093, 432176.244961251679342 ], [ 425185.514151026727632, 432176.654041924513876 ], [ 425185.298275965731591, 432177.085959907213692 ], [ 425176.13365089596482, 432197.876271783665288 ], [ 425175.921968705719337, 432198.448875966423657 ], [ 425171.689198630629107, 432212.478622894210275 ], [ 425171.574291232100222, 432212.936712103255559 ], [ 425171.503117525950074, 432213.403599388606381 ], [ 425171.476312522310764, 432213.875119192467537 ], [ 425171.296059033658821, 432232.766481924627442 ], [ 425171.341870723932516, 432233.491146434098482 ], [ 425173.580015345069114, 432249.869810872478411 ], [ 425173.667772032204084, 432250.34179000405129 ], [ 425173.800388412317261, 432250.803177512076218 ], [ 425177.880532720766496, 432262.796853201754857 ], [ 425178.077672044513747, 432263.289058778551407 ], [ 425178.325824681029189, 432263.757620953489095 ], [ 425185.346096135966945, 432275.466648184810765 ], [ 425185.359678370004985, 432275.489167338120751 ], [ 425189.938009123085067, 432283.035033764317632 ], [ 425190.188087595219258, 432283.408290711697191 ], [ 425190.470662578707561, 432283.757591970905196 ], [ 425201.388179389992729, 432296.07722473127069 ], [ 425201.647947399294935, 432296.349040060420521 ], [ 425207.953559942543507, 432302.468903680681251 ], [ 425207.975938041636255, 432302.490487864823081 ], [ 425212.820153731270693, 432307.133857854409143 ], [ 425213.198175444151275, 432307.461538202129304 ], [ 425218.722738917625975, 432311.785903514130041 ], [ 425224.886523282330018, 432303.911402748664841 ], [ 425219.559177451767027, 432299.74141001974931 ], [ 425214.906988432223443, 432295.282105095451698 ], [ 425208.747528901323676, 432289.304089154116809 ], [ 425198.253671688435134, 432277.46252578968415 ], [ 425193.915926015586592, 432270.313184424187057 ], [ 425187.176219585409854, 432259.072108259424567 ], [ 425183.422713810927235, 432248.038593864999712 ], [ 425181.299076990515459, 432232.497893526917323 ], [ 425181.469050027488265, 432214.68396759184543 ], [ 425185.407411024789326, 432201.630055585643277 ], [ 425194.154355930339079, 432181.787267564621288 ], [ 425201.434013861755375, 432173.232030529703479 ], [ 425210.165588783624116, 432163.371439002919942 ], [ 425222.971650711551774, 432154.764005326724146 ], [ 425241.883483017096296, 432148.062541315273847 ], [ 425256.369981794268824, 432145.827037745795678 ], [ 425277.052188895002473, 432146.393526567029767 ], [ 425335.997095492959488, 432150.187961169460323 ], [ 425399.992000378435478, 432154.249771109723952 ], [ 425400.125288637704216, 432154.25644640653627 ], [ 425414.697307114838623, 432154.791391017904971 ], [ 425440.482793232717086, 432155.732010590203572 ], [ 425440.637985817273147, 432155.735260671703145 ], [ 425472.152335321705323, 432155.905940963304602 ], [ 425472.71288190089399, 432155.877474113251083 ], [ 425499.657886823930312, 432152.98611485096626 ], [ 425500.217233227565885, 432152.893769542919472 ], [ 425500.762530591979157, 432152.738699108536821 ], [ 425530.521896156598814, 432142.419332395133097 ], [ 425530.835596991179045, 432142.298594811349176 ], [ 425543.634643122786656, 432136.871771859936416 ], [ 425580.786695047572721, 432121.109713187383022 ], [ 425601.074838820262812, 432113.094675961358007 ], [ 425622.666280404082499, 432105.040436746785417 ], [ 425622.772972881561145, 432104.999241252779029 ], [ 425639.761300717946142, 432098.215538810763974 ], [ 425647.125646090891678, 432095.57108149852138 ], [ 425647.130709200515412, 432095.569260314048734 ], [ 425658.046135295880958, 432091.636381778051145 ], [ 425659.387943905370776, 432091.39785275713075 ], [ 425659.394169301027432, 432091.396742026845459 ], [ 425673.127119161363225, 432088.93755795666948 ], [ 425685.55206937569892, 432088.326747258077376 ], [ 425702.63859927887097, 432088.084565948869567 ], [ 425723.873466895252932, 432091.088241665158421 ], [ 425748.197246506868396, 432098.572052050149068 ], [ 425760.509701806877274, 432104.338709231698886 ], [ 425770.779584421194158, 432110.793028306448832 ], [ 425786.554113866412081, 432121.929067870543804 ], [ 425786.582057391642593, 432121.94865209137788 ], [ 425788.941783512360416, 432123.590487592446152 ], [ 425805.42901576240547, 432143.14393161283806 ], [ 425809.745453923998866, 432149.899276068841573 ], [ 425814.0286164394347, 432156.606025245797355 ], [ 425826.685511745803524, 432179.309687119384762 ], [ 425826.748063830367755, 432179.418649802159052 ], [ 425843.297123852127697, 432207.425361504254397 ], [ 425851.906437673897017, 432202.338150527852122 ], [ 425835.389338256616611, 432174.385527180915233 ] ] ] } },
{ "type": "Feature", "properties": { "highway": "trunk", "lanes": "2", "maxspeed": "40 mph", "name": "Ring Road Low Wortley", "osm_type": "way", "osm_id": 40549682, "junction": null, "oneway": "yes", "maxspeed:type": null, "ref": "A6110", "turn:lanes": null, "sidewalk": null, "surface": null, "parking:both": null, "lane_markings": null, "source:name": null, "sidewalk:left": "separate", "sidewalk:right": "no", "note": null, "foot": null, "source": null, "noname": null, "fixme": null }, "geometry": { "type": "Polygon", "coordinates": [ [ [ 426188.062107866746373, 431876.392612796858884 ], [ 426187.00656785722822, 431876.58208960457705 ], [ 426185.972159097436816, 431876.865046650869772 ], [ 426169.000354304153007, 431882.33362658158876 ], [ 426167.837009121081792, 431882.776298381213564 ], [ 426141.586333205108531, 431894.357248103537131 ], [ 426140.627573061094154, 431894.832364900503308 ], [ 426139.714948019012809, 431895.390999411698431 ], [ 426114.872024335316382, 431912.164745812420733 ], [ 426114.570949798682705, 431912.374804559804033 ], [ 426085.891358708438929, 431933.04381610074779 ], [ 426084.847051570599433, 431933.88914759963518 ], [ 426066.052013689768501, 431950.930374193063471 ], [ 426065.274555836396758, 431951.702842358208727 ], [ 426044.471787947579287, 431974.351763814513106 ], [ 426043.669989997171797, 431975.32234092411818 ], [ 426025.990680176881142, 431999.16803635697579 ], [ 426025.828574082639534, 431999.392032291565556 ], [ 425998.180985575483646, 432038.536830065131653 ], [ 425997.528920597047545, 432039.567484622297343 ], [ 425943.282481974572875, 432135.809978190169204 ], [ 425964.190072781173512, 432147.594402090588119 ], [ 426018.136700124945492, 432051.883825194032397 ], [ 426045.352272284217179, 432013.350697135087103 ], [ 426062.573830751702189, 431990.122412645025179 ], [ 426082.579135611187667, 431968.341725531907286 ], [ 426100.469333814166021, 431952.120905796880834 ], [ 426128.454142055823468, 431931.952615297283046 ], [ 426152.255456304876134, 431915.882155382831115 ], [ 426176.954034558089916, 431904.985940981365275 ], [ 426192.308871289889794, 431900.038373352959752 ], [ 426194.038713162997738, 431899.807084884610958 ], [ 426190.858097735210322, 431876.01877503504511 ], [ 426188.062107866746373, 431876.392612796858884 ] ] ] } },
{ "type": "Feature", "properties": { "highway": "trunk", "lanes": "2", "maxspeed": "40 mph", "name": "Ring Road Low Wortley", "osm_type": "way", "osm_id": 40549683, "junction": null, "oneway": "yes", "maxspeed:type": null, "ref": "A6110", "turn:lanes": null, "sidewalk": null, "surface": null, "parking:both": null, "lane_markings": null, "source:name": null, "sidewalk:left": null, "sidewalk:right": null, "note": null, "foot": null, "source": null, "noname": null, "fixme": null }, "geometry": { "type": "Polygon", "coordinates": [ [ [ 425876.845772272034083, 432313.796143505896907 ], [ 425876.704727939039003, 432314.321489161113277 ], [ 425866.782396735274233, 432354.933248030487448 ], [ 425866.633991860959213, 432355.629677986260504 ], [ 425844.92550405318616, 432474.737951471644919 ], [ 425839.61696347797988, 432496.905336020165123 ], [ 425832.115931552369148, 432518.892223353264853 ], [ 425824.079325371363666, 432534.877293555007782 ], [ 425823.884287227177992, 432535.284111374407075 ], [ 425815.796784375386778, 432553.000147605140228 ], [ 425798.595089721260592, 432579.493618172069546 ], [ 425791.530496249441057, 432588.078220591996796 ], [ 425781.571902784926351, 432598.816436981549487 ], [ 425756.727258776547387, 432618.856910702830646 ], [ 425738.396856591862161, 432630.070311016228516 ], [ 425697.569104472117033, 432649.420922942634206 ], [ 425631.084488741238602, 432675.576336244121194 ], [ 425630.236607057857327, 432675.948280798678752 ], [ 425629.419925646274351, 432676.384488974523265 ], [ 425607.62895315058995, 432689.127599959785584 ], [ 425606.532496764732059, 432689.852164479612838 ], [ 425586.065683761611581, 432705.050360545341391 ], [ 425585.650240504590329, 432705.373226702678949 ], [ 425561.681663352646865, 432724.858311749645509 ], [ 425561.222842569230124, 432725.250886816182174 ], [ 425532.952923123142682, 432750.698630520375445 ], [ 425531.926154353306629, 432751.743166660948191 ], [ 425502.199249685858376, 432785.928394383692648 ], [ 425501.357470271294005, 432787.016610355174635 ], [ 425484.050665364076849, 432812.257440713525284 ], [ 425476.621018247911707, 432819.941090370179154 ], [ 425464.435080805385951, 432829.209227293613367 ], [ 425478.963859542331193, 432848.311965013970621 ], [ 425491.876995232014451, 432838.490750171244144 ], [ 425492.581131615501363, 432837.911705276463181 ], [ 425493.239277373882942, 432837.280876300123055 ], [ 425502.004463174554985, 432828.216028964205179 ], [ 425502.67220643023029, 432827.464913027477451 ], [ 425503.274756065628026, 432826.660556052753236 ], [ 425520.761751575395465, 432801.156929617631249 ], [ 425549.555072780349292, 432768.045300495869014 ], [ 425577.055204830772709, 432743.290496592584532 ], [ 425600.585249689116608, 432724.16191326797707 ], [ 425620.312441218120512, 432709.512943511945195 ], [ 425640.734282525489107, 432697.570484755036887 ], [ 425706.734010755841155, 432671.605828861705959 ], [ 425707.480332855891902, 432671.282604253850877 ], [ 425749.253241541795433, 432651.484028455568478 ], [ 425750.375857156293932, 432650.876846869941801 ], [ 425769.916509389411658, 432638.923090827534907 ], [ 425771.188486695173196, 432638.026699528214522 ], [ 425797.314955595473293, 432616.952265406725928 ], [ 425798.579579026962165, 432615.771994575159624 ], [ 425809.369340976991225, 432604.137540470343083 ], [ 425809.836522301891819, 432603.60289599391399 ], [ 425817.556940572219901, 432594.22136234579375 ], [ 425818.355719008599408, 432593.130911389889661 ], [ 425836.409245224785991, 432565.325478549988475 ], [ 425836.863726644602139, 432564.565506246872246 ], [ 425837.26092921406962, 432563.774088922538795 ], [ 425845.623222330526914, 432545.45611234329408 ], [ 425853.928491019178182, 432528.936663705098908 ], [ 425854.5644682146376, 432527.421099844097625 ], [ 425862.513186339114327, 432504.121962928154971 ], [ 425862.825968181889039, 432503.042014754668344 ], [ 425868.342126027215272, 432480.007662760035601 ], [ 425868.477613333496265, 432479.364633888239041 ], [ 425890.181171513162553, 432360.283407864451874 ], [ 425899.954397120280191, 432320.281933051650412 ], [ 425924.025730918336194, 432238.108266944589559 ], [ 425900.993583136063535, 432231.361403337155934 ], [ 425876.845772272034083, 432313.796143505896907 ] ] ] } },
{ "type": "Feature", "properties": { "highway": "trunk", "lanes": "2", "maxspeed": "40 mph", "name": "Ring Road Low Wortley", "osm_type": "way", "osm_id": 40549684, "junction": null, "oneway": "yes", "maxspeed:type": null, "ref": "A6110", "turn:lanes": null, "sidewalk": "no", "surface": null, "parking:both": null, "lane_markings": null, "source:name": null, "sidewalk:left": null, "sidewalk:right": null, "note": null, "foot": "yes", "source": null, "noname": null, "fixme": null }, "geometry": { "type": "Polygon", "coordinates": [ [ [ 425973.35977597447345, 432156.056921417242847 ], [ 426011.338406308728736, 432087.977567734371405 ], [ 426031.881750872009434, 432056.167177881347016 ], [ 426053.874965388386045, 432024.063901826448273 ], [ 426071.457913239428308, 431999.882127562246751 ], [ 426089.893421470944304, 431978.818261398060713 ], [ 426107.371638174401596, 431960.344595814764034 ], [ 426127.564290356938727, 431945.803916517354082 ], [ 426149.501497967517935, 431932.096792601805646 ], [ 426153.328807283367496, 431930.546072911238298 ], [ 426144.316338185977656, 431908.302525514969602 ], [ 426139.521658540761564, 431910.245196859817952 ], [ 426138.574876731494442, 431910.67750786797842 ], [ 426137.669117078243289, 431911.190233967092354 ], [ 426114.512785934552085, 431925.65910831297515 ], [ 426113.859279653639533, 431926.097883255977649 ], [ 426092.424125573190395, 431941.533285121724475 ], [ 426091.536580057931133, 431942.238377866859082 ], [ 426090.719523654028308, 431943.024069698178209 ], [ 426072.299792364239693, 431962.49287259473931 ], [ 426071.986738960782532, 431962.836871402047109 ], [ 426053.041122160677332, 431984.483572521654423 ], [ 426052.365501892287284, 431985.329687219578773 ], [ 426034.364855631720275, 432010.085920825484209 ], [ 426034.170725470117759, 432010.360936277953442 ], [ 426011.990069475257769, 432042.737818791123573 ], [ 426011.809159983065911, 432043.009755285282154 ], [ 425990.966975775896572, 432075.282884082582314 ], [ 425990.567946740426123, 432075.946849372819997 ], [ 425952.141825864382554, 432144.828361179796048 ], [ 425951.666403986047953, 432145.776863846927881 ], [ 425926.008270120015368, 432203.168973001069389 ], [ 425947.9183670214843, 432212.964260325417854 ], [ 425973.35977597447345, 432156.056921417242847 ] ] ] } },
{ "type": "Feature", "properties": { "highway": "residential", "lanes": null, "maxspeed": "20 mph", "name": "Silver Royd Drive", "osm_type": "way", "osm_id": 144140753, "junction": null, "oneway": null, "maxspeed:type": null, "ref": null, "turn:lanes": null, "sidewalk": null, "surface": null, "parking:both": null, "lane_markings": null, "source:name": null, "sidewalk:left": null, "sidewalk:right": null, "note": null, "foot": null, "source": "OS_OpenData_StreetView", "noname": null, "fixme": null }, "geometry": { "type": "Polygon", "coordinates": [ [ [ 425838.633832962659653, 432813.556033932196442 ], [ 425838.414608706138097, 432813.928544009104371 ], [ 425838.228375506412704, 432814.318595579243265 ], [ 425838.076525069482159, 432814.723273817915469 ], [ 425833.514499032113235, 432828.688482646772172 ], [ 425826.671197224466596, 432846.839731488260441 ], [ 425819.388552519434597, 432865.939203281071968 ], [ 425819.334724419284612, 432866.087346013402566 ], [ 425812.374717908911407, 432886.225699663511477 ], [ 425805.663423838152084, 432905.475336013420019 ], [ 425805.638481269648764, 432905.54870135395322 ], [ 425793.258806852274574, 432942.909415047615767 ], [ 425802.751257399679162, 432946.054789843270555 ], [ 425815.118744793406222, 432908.730855461151805 ], [ 425821.819513123715296, 432889.51140951475827 ], [ 425821.823955391242635, 432889.498612262308598 ], [ 425828.760427964967676, 432869.428352620045189 ], [ 425836.018328181409743, 432850.393775749602355 ], [ 425836.024969786754809, 432850.376258964650333 ], [ 425842.911088380846195, 432832.111442408757284 ], [ 425842.985380535945296, 432831.900171993649565 ], [ 425847.37966086162487, 432818.448463937093038 ], [ 425877.383711400092579, 432772.165531243139412 ], [ 425868.99266592040658, 432766.725829435337801 ], [ 425838.633832962659653, 432813.556033932196442 ] ] ] } },
{ "type": "Feature", "properties": { "highway": "residential", "lanes": null, "maxspeed": "20 mph", "name": "Silver Royd Road", "osm_type": "way", "osm_id": 145675406, "junction": null, "oneway": null, "maxspeed:type": null, "ref": null, "turn:lanes": null, "sidewalk": null, "surface": null, "parking:both": null, "lane_markings": null, "source:name": null, "sidewalk:left": null, "sidewalk:right": null, "note": null, "foot": null, "source": "OS_OpenData_StreetView", "noname": null, "fixme": null }, "geometry": { "type": "Polygon", "coordinates": [ [ [ 425933.232547473278828, 432869.412851481291 ], [ 425933.173013931373134, 432869.574863078421913 ], [ 425927.444345872092526, 432886.03682466421742 ], [ 425925.722650490351953, 432890.5941462762421 ], [ 425913.336472505063284, 432923.380215219280217 ], [ 425905.620569100428838, 432943.196702477987856 ], [ 425905.598726185038686, 432943.253831898618955 ], [ 425899.093138175085187, 432960.586039327259641 ], [ 425898.890564458270092, 432961.270879121031612 ], [ 425897.863414405612275, 432965.949368115281686 ], [ 425907.630785838817246, 432968.09376903064549 ], [ 425908.581166307674721, 432963.76495207514381 ], [ 425914.950203439395409, 432946.796543912903871 ], [ 425922.664167521870695, 432926.985037348116748 ], [ 425922.682243354909588, 432926.937911683227867 ], [ 425935.077342117030639, 432894.12822954764124 ], [ 425936.822299018211197, 432889.509334775502793 ], [ 425936.86718983144965, 432889.385607040254399 ], [ 425942.589120602759067, 432872.943005796987563 ], [ 425951.533669547352474, 432849.841443885408808 ], [ 425942.208261586201843, 432846.230797633237671 ], [ 425933.232547473278828, 432869.412851481291 ] ] ] } },
{ "type": "Feature", "properties": { "highway": "residential", "lanes": null, "maxspeed": "20 mph", "name": "Silver Royd Terrace", "osm_type": "way", "osm_id": 145675415, "junction": null, "oneway": null, "maxspeed:type": null, "ref": null, "turn:lanes": null, "sidewalk": null, "surface": null, "parking:both": null, "lane_markings": null, "source:name": "OS_OpenData_Locator", "sidewalk:left": null, "sidewalk:right": null, "note": null, "foot": null, "source": "OS_OpenData_StreetView", "noname": null, "fixme": null }, "geometry": { "type": "Polygon", "coordinates": [ [ [ 425883.213813991518691, 432863.432112539943773 ], [ 425833.159783795592375, 432843.952790343784727 ], [ 425829.533078822074458, 432853.271964718936943 ], [ 425879.587147623416968, 432872.751301939017139 ], [ 425902.411851364944596, 432881.633465506020002 ], [ 425906.038402788864914, 432872.314231376047246 ], [ 425883.213813991518691, 432863.432112539943773 ] ] ] } },
{ "type": "Feature", "properties": { "highway": "residential", "lanes": null, "maxspeed": null, "name": "Cliffe Park Rise", "osm_type": "way", "osm_id": 145675420, "junction": null, "oneway": null, "maxspeed:type": null, "ref": null, "turn:lanes": null, "sidewalk": null, "surface": null, "parking:both": null, "lane_markings": null, "source:name": "OS_OpenData_Locator", "sidewalk:left": null, "sidewalk:right": null, "note": null, "foot": null, "source": "OS_OpenData_StreetView", "noname": null, "fixme": null }, "geometry": { "type": "Polygon", "coordinates": [ [ [ 425999.522797440062277, 432616.812733495782595 ], [ 425999.893690382712521, 432617.151264592190273 ], [ 426000.296669276955072, 432617.450885834638029 ], [ 426000.727669437939767, 432617.708575064840261 ], [ 426001.182343541469891, 432617.921733076043893 ], [ 426001.656105473986827, 432618.088209829526022 ], [ 426002.144176590663847, 432618.206326141778845 ], [ 426002.64163391571492, 432618.274890621309169 ], [ 426003.14345979859354, 432618.293211686017457 ], [ 426003.64459252479719, 432618.26110453880392 ], [ 426004.139977371320128, 432618.178893031319603 ], [ 426004.624617591849528, 432618.04740639787633 ], [ 426005.093624816683587, 432617.867970890831202 ], [ 426005.542268359859008, 432617.642396403534804 ], [ 426005.966022935579531, 432617.372958214546088 ], [ 426006.360614303033799, 432617.062374037690461 ], [ 426006.722062378772534, 432616.713776609918568 ], [ 426007.046721382474061, 432616.330682092229836 ], [ 426007.331316610216163, 432615.916954604035709 ], [ 426007.572977465111762, 432615.476767246960662 ], [ 426007.769266412011348, 432615.014560012612492 ], [ 426021.034365525003523, 432578.827544403844513 ], [ 426034.500502275594044, 432542.085077347583137 ], [ 426025.111235292919446, 432538.643905232311226 ], [ 426011.645257976662833, 432575.385937298415229 ], [ 425999.969888152729254, 432607.236192351731006 ], [ 425994.956199747743085, 432612.203452226880472 ], [ 425999.522797440062277, 432616.812733495782595 ] ] ] } },
{ "type": "Feature", "properties": { "highway": "residential", "lanes": null, "maxspeed": null, "name": "Silver Royd Street", "osm_type": "way", "osm_id": 145675421, "junction": null, "oneway": null, "maxspeed:type": null, "ref": null, "turn:lanes": null, "sidewalk": null, "surface": null, "parking:both": null, "lane_markings": null, "source:name": "OS_OpenData_Locator", "sidewalk:left": null, "sidewalk:right": null, "note": null, "foot": null, "source": "OS_OpenData_StreetView", "noname": null, "fixme": null }, "geometry": { "type": "Polygon", "coordinates": [ [ [ 425902.084282759518828, 432850.265919405559544 ], [ 425902.028205223265104, 432850.242046309751458 ], [ 425873.284963518381119, 432838.211993564502336 ], [ 425873.117097729002126, 432838.145273179572541 ], [ 425839.995101207809057, 432825.668521234474611 ], [ 425836.469998598040547, 432835.026600716460962 ], [ 425869.507459510234185, 432847.471508873917628 ], [ 425898.13925951346755, 432859.454919366224203 ], [ 425935.908756823337171, 432875.806620867631864 ], [ 425939.881746084371116, 432866.629728347121272 ], [ 425902.084282759518828, 432850.265919405559544 ] ] ] } },
{ "type": "Feature", "properties": { "highway": "residential", "lanes": null, "maxspeed": "20 mph", "name": "Silver Royd Garth", "osm_type": "way", "osm_id": 145675430, "junction": null, "oneway": null, "maxspeed:type": null, "ref": null, "turn:lanes": null, "sidewalk": null, "surface": null, "parking:both": null, "lane_markings": null, "source:name": "OS_OpenData_Locator", "sidewalk:left": null, "sidewalk:right": null, "note": null, "foot": null, "source": "OS_OpenData_StreetView", "noname": null, "fixme": null }, "geometry": { "type": "Polygon", "coordinates": [ [ [ 425895.65197368117515, 432852.566411580715794 ], [ 425904.543602576828562, 432857.142319750913884 ], [ 425931.367810899566393, 432805.019135247159284 ], [ 425922.476182003912982, 432800.443227076961193 ], [ 425895.65197368117515, 432852.566411580715794 ] ] ] } },
{ "type": "Feature", "properties": { "highway": "residential", "lanes": null, "maxspeed": null, "name": null, "osm_type": "way", "osm_id": 145675434, "junction": null, "oneway": null, "maxspeed:type": null, "ref": null, "turn:lanes": null, "sidewalk": null, "surface": null, "parking:both": null, "lane_markings": null, "source:name": null, "sidewalk:left": null, "sidewalk:right": null, "note": null, "foot": null, "source": "OS_OpenData_StreetView", "noname": "yes", "fixme": null }, "geometry": { "type": "Polygon", "coordinates": [ [ [ 425886.057983567821793, 432869.910463728534523 ], [ 425876.743016652530059, 432866.27296577434754 ], [ 425869.298996966215782, 432885.335738583526108 ], [ 425878.613963881507516, 432888.973236537713092 ], [ 425886.057983567821793, 432869.910463728534523 ] ] ] } },
{ "type": "Feature", "properties": { "highway": "residential", "lanes": null, "maxspeed": "20 mph", "name": "Silver Royd Grove", "osm_type": "way", "osm_id": 145675441, "junction": null, "oneway": null, "maxspeed:type": null, "ref": null, "turn:lanes": null, "sidewalk": null, "surface": null, "parking:both": null, "lane_markings": null, "source:name": "OS_OpenData_Locator", "sidewalk:left": null, "sidewalk:right": null, "note": null, "foot": null, "source": "OS_OpenData_StreetView", "noname": null, "fixme": null }, "geometry": { "type": "Polygon", "coordinates": [ [ [ 425875.771465707977768, 432882.495536131551489 ], [ 425825.87510350998491, 432863.061521071591415 ], [ 425822.245795274036936, 432872.379681927035563 ], [ 425872.141660574998241, 432891.813503438199405 ], [ 425894.998858667619061, 432900.717970206285827 ], [ 425898.628829235851299, 432891.400067348149605 ], [ 425875.771465707977768, 432882.495536131551489 ] ] ] } },
{ "type": "Feature", "properties": { "highway": "residential", "lanes": null, "maxspeed": "20 mph", "name": "Silver Royd Avenue", "osm_type": "way", "osm_id": 145675445, "junction": null, "oneway": null, "maxspeed:type": null, "ref": null, "turn:lanes": null, "sidewalk": null, "surface": null, "parking:both": null, "lane_markings": null, "source:name": "OS_OpenData_Locator", "sidewalk:left": null, "sidewalk:right": null, "note": null, "foot": null, "source": "OS_OpenData_StreetView", "noname": null, "fixme": null }, "geometry": { "type": "Polygon", "coordinates": [ [ [ 425818.832050162309315, 432883.175594618660398 ], [ 425815.364410674723331, 432892.555118934134953 ], [ 425916.271078693680465, 432929.860629833769053 ], [ 425919.738718181266449, 432920.481105518294498 ], [ 425818.832050162309315, 432883.175594618660398 ] ] ] } },
{ "type": "Feature", "properties": { "highway": "residential", "lanes": null, "maxspeed": "20 mph", "name": "Silver Royd Place", "osm_type": "way", "osm_id": 145675452, "junction": null, "oneway": null, "maxspeed:type": null, "ref": null, "turn:lanes": null, "sidewalk": null, "surface": null, "parking:both": null, "lane_markings": null, "source:name": "OS_OpenData_Locator", "sidewalk:left": null, "sidewalk:right": null, "note": null, "foot": null, "source": "OS_OpenData_StreetView", "noname": null, "fixme": null }, "geometry": { "type": "Polygon", "coordinates": [ [ [ 425812.157905157655478, 432902.446373599465005 ], [ 425808.611507929046638, 432911.796403904096223 ], [ 425908.506639570521656, 432949.685887302388437 ], [ 425912.053036799130496, 432940.335856997757219 ], [ 425812.157905157655478, 432902.446373599465005 ] ] ] } },
{ "type": "Feature", "properties": { "highway": "residential", "lanes": null, "maxspeed": "20 mph", "name": "Silver Royd Close", "osm_type": "way", "osm_id": 145675457, "junction": null, "oneway": null, "maxspeed:type": null, "ref": null, "turn:lanes": null, "sidewalk": null, "surface": null, "parking:both": null, "lane_markings": null, "source:name": "OS_OpenData_Locator", "sidewalk:left": null, "sidewalk:right": null, "note": null, "foot": null, "source": "OS_OpenData_StreetView", "noname": null, "fixme": null }, "geometry": { "type": "Polygon", "coordinates": [ [ [ 425966.339492701459676, 432901.080864965042565 ], [ 425953.839417584007606, 432897.13966828386765 ], [ 425935.057706814201083, 432883.678324400156271 ], [ 425929.232197803736199, 432891.806266622443218 ], [ 425948.662320504430681, 432905.73234431486344 ], [ 425949.106375868082978, 432906.016421564563643 ], [ 425949.577871815068647, 432906.252168508886825 ], [ 425950.071567478415091, 432906.436964725726284 ], [ 425964.079538150050212, 432910.853591586113907 ], [ 425964.580740998499095, 432910.983508543518838 ], [ 425965.092691869183909, 432911.0608972836053 ], [ 425965.609900955052581, 432911.08492794301128 ], [ 425985.005445453687571, 432910.980751909024548 ], [ 425984.951734906178899, 432900.980896151217166 ], [ 425966.339492701459676, 432901.080864965042565 ] ] ] } },
{ "type": "Feature", "properties": { "highway": "unclassified", "lanes": null, "maxspeed": null, "name": "Pipe and Nook Lane", "osm_type": "way", "osm_id": 145679971, "junction": null, "oneway": null, "maxspeed:type": null, "ref": null, "turn:lanes": null, "sidewalk": null, "surface": null, "parking:both": null, "lane_markings": null, "source:name": null, "sidewalk:left": null, "sidewalk:right": null, "note": "License remap. Infor from LeedsTracker", "foot": null, "source": null, "noname": null, "fixme": null }, "geometry": { "type": "Polygon", "coordinates": [ [ [ 425607.430782144248951, 432979.712148677150253 ], [ 425597.714447404141538, 432998.843733354588039 ], [ 425576.376160261454061, 433035.988546423031949 ], [ 425576.186933679447975, 433036.351592604245525 ], [ 425565.969630124105606, 433058.081168602977414 ], [ 425575.019161146425176, 433062.336281794996466 ], [ 425585.14928922127001, 433040.792105615197215 ], [ 425606.449681346886791, 433003.713258634670638 ], [ 425606.572158645431045, 433003.486743159941398 ], [ 425616.574419383832719, 432983.792166614206508 ], [ 425616.778525836125482, 432983.334903076465707 ], [ 425616.935871312220115, 432982.859517140605021 ], [ 425625.155030471098144, 432953.108240005152766 ], [ 425615.516094158927444, 432950.445364347368013 ], [ 425607.430782144248951, 432979.712148677150253 ] ] ] } },
{ "type": "Feature", "properties": { "highway": "tertiary", "lanes": "2", "maxspeed": "40 mph", "name": "Tong Road", "osm_type": "way", "osm_id": 187284555, "junction": null, "oneway": null, "maxspeed:type": null, "ref": null, "turn:lanes": null, "sidewalk": null, "surface": null, "parking:both": null, "lane_markings": null, "source:name": null, "sidewalk:left": null, "sidewalk:right": null, "note": null, "foot": null, "source": null, "noname": null, "fixme": null }, "geometry": { "type": "Polygon", "coordinates": [ [ [ 424874.74721314443741, 432868.364798187918495 ], [ 424936.625145973754115, 432886.132785820751451 ], [ 424936.710835654579569, 432886.156802711484488 ], [ 424968.884267022600397, 432894.954102218383923 ], [ 424975.723907606909052, 432896.885306919517461 ], [ 424991.981577887025196, 432901.463977115810849 ], [ 425011.726804352307227, 432907.11683520389488 ], [ 425180.443647498090286, 432955.440200521319639 ], [ 425225.294149230583571, 432969.3113188034622 ], [ 425225.929241746373009, 432969.475563250074629 ], [ 425228.877296995662618, 432970.092207438370679 ], [ 425231.743641566194128, 432956.38877470040461 ], [ 425229.116984741121996, 432955.839357362943701 ], [ 425184.509974464948755, 432942.043544788844883 ], [ 425184.369128867401741, 432942.001599558629096 ], [ 425015.581247057474684, 432893.657887562992983 ], [ 424995.820329632842913, 432888.000537262065336 ], [ 424995.791300594981294, 432887.992294201278128 ], [ 424979.525879335298669, 432883.41144271963276 ], [ 424972.660601374227554, 432881.472999184567016 ], [ 424972.60474781692028, 432881.457478092226665 ], [ 424940.446278710325714, 432872.664269771368708 ], [ 424878.59022216295125, 432854.902563820709474 ], [ 424878.548400864994619, 432854.890695457579568 ], [ 424839.52618456329219, 432843.947492398903705 ], [ 424835.745925916358829, 432857.427464378182776 ], [ 424874.74721314443741, 432868.364798187918495 ] ] ] } },
{ "type": "Feature", "properties": { "highway": "tertiary", "lanes": "2", "maxspeed": "40 mph", "name": "Tong Road", "osm_type": "way", "osm_id": 187286389, "junction": null, "oneway": null, "maxspeed:type": null, "ref": null, "turn:lanes": null, "sidewalk": null, "surface": null, "parking:both": null, "lane_markings": null, "source:name": null, "sidewalk:left": null, "sidewalk:right": null, "note": "License remap. Info from LeedsTracker", "foot": null, "source": null, "noname": null, "fixme": null }, "geometry": { "type": "Polygon", "coordinates": [ [ [ 425509.298240220348816, 433035.455082731728908 ], [ 425497.634213316254318, 433032.131243282114156 ], [ 425433.715136961371172, 433013.883319176151417 ], [ 425359.072391079680528, 432992.562728928925935 ], [ 425329.451471804757603, 432984.113512448733672 ], [ 425303.121789760189131, 432976.595236193912569 ], [ 425299.277816444868222, 432990.057177701441105 ], [ 425325.608428397448733, 432997.575719485699665 ], [ 425355.228494787064847, 433006.024692488776054 ], [ 425429.870494125469122, 433027.3450694969506 ], [ 425493.792591956211254, 433045.593856258667074 ], [ 425505.456115670967847, 433048.917552133498248 ], [ 425568.572440483258106, 433066.939704948861618 ], [ 425572.416350787272677, 433053.477745449112263 ], [ 425509.298240220348816, 433035.455082731728908 ] ] ] } },
{ "type": "Feature", "properties": { "highway": "living_street", "lanes": null, "maxspeed": null, "name": "Marsden Street", "osm_type": "way", "osm_id": 194212033, "junction": null, "oneway": null, "maxspeed:type": null, "ref": null, "turn:lanes": null, "sidewalk": null, "surface": null, "parking:both": null, "lane_markings": null, "source:name": "OS_OpenData_Locator", "sidewalk:left": null, "sidewalk:right": null, "note": null, "foot": null, "source": "bing", "noname": null, "fixme": null }, "geometry": { "type": "Polygon", "coordinates": [ [ [ 425939.956272133335005, 432982.605746309214737 ], [ 425939.988343855540734, 432976.795595846604556 ], [ 425931.988465732021723, 432976.751436943886802 ], [ 425931.933254143281374, 432986.753632515203208 ], [ 425931.951452530687675, 432987.157472627644893 ], [ 425932.010318928631023, 432987.557413579430431 ], [ 425932.109252097667195, 432987.949370523157995 ], [ 425932.247241571487393, 432988.329340157273691 ], [ 425932.422877977078315, 432988.693441613926552 ], [ 425932.634367429942358, 432989.037956096988637 ], [ 425932.879549855890218, 432989.359364864358213 ], [ 425933.155921053257771, 432989.654385166999418 ], [ 425933.460658269934356, 432989.920003777893726 ], [ 425933.790649034024682, 432990.153507767885458 ], [ 425934.142522943206131, 432990.352512214449234 ], [ 425934.512686088914052, 432990.514984560664743 ], [ 425934.897357763140462, 432990.639265374687966 ], [ 425935.292609073338099, 432990.724085298716091 ], [ 425935.694403070316184, 432990.768578013870865 ], [ 425936.098635980451945, 432990.772289088054094 ], [ 425956.729914313065819, 432989.918234269658569 ], [ 425956.399028762243688, 432981.92508002667455 ], [ 425939.956272133335005, 432982.605746309214737 ] ] ] } },
{ "type": "Feature", "properties": { "highway": "trunk", "lanes": "3", "maxspeed": "40 mph", "name": "Ring Road Farnley", "osm_type": "way", "osm_id": 534926806, "junction": null, "oneway": "yes", "maxspeed:type": null, "ref": "A6110", "turn:lanes": "left;through|through|right", "sidewalk": null, "surface": null, "parking:both": null, "lane_markings": null, "source:name": null, "sidewalk:left": null, "sidewalk:right": null, "note": null, "foot": null, "source": null, "noname": null, "fixme": null }, "geometry": { "type": "Polygon", "coordinates": [ [ [ 425205.276488238945603, 433026.007761213928461 ], [ 425234.168562153761741, 433010.887925462855492 ], [ 425245.703873240330722, 433006.272759175859392 ], [ 425236.788762082287576, 432983.990012643160298 ], [ 425224.687284452957101, 432988.831696682609618 ], [ 425223.58083030913258, 432989.340958408720326 ], [ 425193.528511472104583, 433005.067974963283632 ], [ 425192.330505857127719, 433005.786704206315335 ], [ 425150.979430403385777, 433033.992678521608468 ], [ 425164.503461079031695, 433053.81944311602274 ], [ 425205.276488238945603, 433026.007761213928461 ] ] ] } },
{ "type": "Feature", "properties": { "highway": "trunk", "lanes": "2", "maxspeed": "40 mph", "name": "Ring Road Farnley", "osm_type": "way", "osm_id": 534926807, "junction": null, "oneway": "yes", "maxspeed:type": null, "ref": "A6110", "turn:lanes": "left;through|through", "sidewalk": null, "surface": null, "parking:both": null, "lane_markings": null, "source:name": null, "sidewalk:left": null, "sidewalk:right": null, "note": null, "foot": null, "source": null, "noname": null, "fixme": null }, "geometry": { "type": "Polygon", "coordinates": [ [ [ 425285.194430895207915, 432988.478491224930622 ], [ 425275.329234980687033, 432966.599782177829184 ], [ 425236.313719704048708, 432984.192031385959126 ], [ 425246.17891561856959, 433006.070740433060564 ], [ 425285.194430895207915, 432988.478491224930622 ] ] ] } },
{ "type": "Feature", "properties": { "highway": "tertiary", "lanes": "2", "maxspeed": "40 mph", "name": "Tong Road", "osm_type": "way", "osm_id": 534926808, "junction": null, "oneway": null, "maxspeed:type": null, "ref": null, "turn:lanes": null, "sidewalk": null, "surface": null, "parking:both": null, "lane_markings": null, "source:name": null, "sidewalk:left": null, "sidewalk:right": null, "note": null, "foot": null, "source": null, "noname": null, "fixme": null }, "geometry": { "type": "Polygon", "coordinates": [ [ [ 425236.935105209297035, 432972.722265303193126 ], [ 425241.218829131510574, 432959.393735400808509 ], [ 425232.452331242035143, 432956.576226118195336 ], [ 425228.168607319821604, 432969.904756020579953 ], [ 425236.935105209297035, 432972.722265303193126 ] ] ] } },
{ "type": "Feature", "properties": { "highway": "tertiary", "lanes": "2", "maxspeed": "40 mph", "name": "Tong Road", "osm_type": "way", "osm_id": 534926809, "junction": null, "oneway": null, "maxspeed:type": null, "ref": null, "turn:lanes": null, "sidewalk": null, "surface": null, "parking:both": null, "lane_markings": null, "source:name": null, "sidewalk:left": null, "sidewalk:right": null, "note": null, "foot": null, "source": null, "noname": null, "fixme": null }, "geometry": { "type": "Polygon", "coordinates": [ [ [ 425253.293198842729907, 432977.833830755203962 ], [ 425257.468616870755795, 432964.470976109150797 ], [ 425241.164676184416749, 432959.376573028974235 ], [ 425236.989258156390861, 432972.7394276750274 ], [ 425253.293198842729907, 432977.833830755203962 ] ] ] } },
{ "type": "Feature", "properties": { "highway": "trunk", "lanes": "2", "maxspeed": "40 mph", "name": "Ring Road Farnley", "osm_type": "way", "osm_id": 534926810, "junction": null, "oneway": "yes", "maxspeed:type": null, "ref": "A6110", "turn:lanes": null, "sidewalk": null, "surface": null, "parking:both": null, "lane_markings": null, "source:name": null, "sidewalk:left": null, "sidewalk:right": null, "note": null, "foot": null, "source": null, "noname": null, "fixme": null }, "geometry": { "type": "Polygon", "coordinates": [ [ [ 425241.633349623531103, 432963.932097721437458 ], [ 425250.970654397271574, 432986.041252828843426 ], [ 425260.049560243613087, 432982.206980985880364 ], [ 425250.712255469872616, 432960.097825878474396 ], [ 425241.633349623531103, 432963.932097721437458 ] ] ] } },
{ "type": "Feature", "properties": { "highway": "trunk", "lanes": "2", "maxspeed": "40 mph", "name": "Ring Road Farnley", "osm_type": "way", "osm_id": 534926811, "junction": null, "oneway": "yes", "maxspeed:type": null, "ref": "A6110", "turn:lanes": null, "sidewalk": null, "surface": null, "parking:both": null, "lane_markings": null, "source:name": null, "sidewalk:left": null, "sidewalk:right": null, "note": null, "foot": null, "source": null, "noname": null, "fixme": null }, "geometry": { "type": "Polygon", "coordinates": [ [ [ 425299.84223955264315, 432982.1774598985794 ], [ 425290.355962352710776, 432960.131813051935751 ], [ 425275.518694337981287, 432966.516313278058078 ], [ 425285.004971537913661, 432988.561960124701727 ], [ 425299.84223955264315, 432982.1774598985794 ] ] ] } },
{ "type": "Feature", "properties": { "highway": "trunk_link", "lanes": "1", "maxspeed": null, "name": null, "osm_type": "way", "osm_id": 534926813, "junction": null, "oneway": "yes", "maxspeed:type": null, "ref": "A6110", "turn:lanes": null, "sidewalk": null, "surface": null, "parking:both": null, "lane_markings": null, "source:name": null, "sidewalk:left": null, "sidewalk:right": null, "note": null, "foot": null, "source": null, "noname": null, "fixme": null }, "geometry": { "type": "Polygon", "coordinates": [ [ [ 425251.256090701441281, 432966.811582805938087 ], [ 425250.853412346506957, 432966.073372121201828 ], [ 425250.375470992585178, 432965.381507297162898 ], [ 425249.827547181164846, 432964.743632411758881 ], [ 425249.215694655955303, 432964.166795034368988 ], [ 425244.2512969209929, 432959.956663479504641 ], [ 425233.90263741981471, 432972.159337224496994 ], [ 425237.564535453333519, 432975.264864477678202 ], [ 425239.087276214326266, 432978.443224376067519 ], [ 425253.51672780647641, 432971.530126174213365 ], [ 425251.256090701441281, 432966.811582805938087 ] ] ] } },
{ "type": "Feature", "properties": { "highway": "trunk", "lanes": "2", "maxspeed": "40 mph", "name": "Ring Road Farnley", "osm_type": "way", "osm_id": 534926814, "junction": null, "oneway": "yes", "maxspeed:type": null, "ref": "A6110", "turn:lanes": null, "sidewalk": null, "surface": null, "parking:both": null, "lane_markings": null, "source:name": null, "sidewalk:left": null, "sidewalk:right": null, "note": null, "foot": null, "source": null, "noname": null, "fixme": null }, "geometry": { "type": "Polygon", "coordinates": [ [ [ 425440.247417100879829, 432862.16143299167743 ], [ 425411.58936820254894, 432886.358892619377002 ], [ 425378.574743806093466, 432906.039736461942084 ], [ 425355.024250173941255, 432919.355958741914947 ], [ 425277.614488819846883, 432950.453051410790067 ], [ 425273.89880375994835, 432951.788703931262717 ], [ 425251.341396609379444, 432959.852741982263979 ], [ 425259.420419104106259, 432982.452064882090781 ], [ 425281.987707758089527, 432974.384494296566118 ], [ 425282.007464584545232, 432974.377411945548374 ], [ 425285.941443784686271, 432972.963290686777327 ], [ 425286.355374972627033, 432972.805813220329583 ], [ 425364.710134042543359, 432941.329095539986156 ], [ 425366.14332734112395, 432940.639783821301535 ], [ 425390.50740385230165, 432926.863535071024671 ], [ 425390.745566631550901, 432926.725239502615295 ], [ 425424.723725806747098, 432906.47000846453011 ], [ 425425.545589082699735, 432905.933338632632513 ], [ 425426.320841515029315, 432905.331294266274199 ], [ 425456.592631515813991, 432879.771270309225656 ], [ 425457.4167428270448, 432879.006499477720354 ], [ 425458.165663588966709, 432878.167958142817952 ], [ 425467.4508037394844, 432866.735972155933268 ], [ 425448.8213974974351, 432851.605036194552667 ], [ 425440.247417100879829, 432862.16143299167743 ] ] ] } },
{ "type": "Feature", "properties": { "highway": "trunk_link", "lanes": "1", "maxspeed": null, "name": null, "osm_type": "way", "osm_id": 534926815, "junction": null, "oneway": "yes", "maxspeed:type": null, "ref": "A6110", "turn:lanes": null, "sidewalk": null, "surface": null, "parking:both": null, "lane_markings": null, "source:name": null, "sidewalk:left": null, "sidewalk:right": null, "note": null, "foot": null, "source": null, "noname": null, "fixme": null }, "geometry": { "type": "Polygon", "coordinates": [ [ [ 425253.525321695022285, 432985.937524265667889 ], [ 425253.757848574547097, 432985.270162148342934 ], [ 425253.930571648932528, 432984.584882873168681 ], [ 425254.042143027938437, 432983.887034198502079 ], [ 425254.091692034678999, 432983.18206197116524 ], [ 425254.299301111139357, 432975.194538434850983 ], [ 425238.30470290966332, 432974.778812115429901 ], [ 425238.134217934799381, 432981.338027985591907 ], [ 425233.815388900227845, 432992.168060455296654 ], [ 425248.677246422390454, 432998.094711363723036 ], [ 425253.525321695022285, 432985.937524265667889 ] ] ] } },
{ "type": "Feature", "properties": { "highway": "trunk", "lanes": "3", "maxspeed": "40 mph", "name": "Ring Road Low Wortley", "osm_type": "way", "osm_id": 534931981, "junction": null, "oneway": "yes", "maxspeed:type": null, "ref": "A6110", "turn:lanes": "through|through|right", "sidewalk": null, "surface": null, "parking:both": null, "lane_markings": null, "source:name": null, "sidewalk:left": null, "sidewalk:right": null, "note": null, "foot": null, "source": null, "noname": null, "fixme": null }, "geometry": { "type": "Polygon", "coordinates": [ [ [ 425923.570940775389317, 432290.778006349049974 ], [ 425932.422026134910993, 432259.155212822428439 ], [ 425909.310264154570177, 432252.68632898008218 ], [ 425900.451618371182121, 432284.336134078039322 ], [ 425900.43662387895165, 432284.390192284889054 ], [ 425892.744747147720773, 432312.374786559550557 ], [ 425915.886498112522531, 432318.735553988197353 ], [ 425923.570940775389317, 432290.778006349049974 ] ] ] } },
{ "type": "Feature", "properties": { "highway": "trunk", "lanes": "2", "maxspeed": "40 mph", "name": "Ring Road Low Wortley", "osm_type": "way", "osm_id": 534931982, "junction": null, "oneway": "yes", "maxspeed:type": null, "ref": "A6110", "turn:lanes": null, "sidewalk": null, "surface": null, "parking:both": null, "lane_markings": null, "source:name": null, "sidewalk:left": null, "sidewalk:right": null, "note": null, "foot": null, "source": null, "noname": null, "fixme": null }, "geometry": { "type": "Polygon", "coordinates": [ [ [ 425935.835348083346616, 432246.937679669528734 ], [ 425940.047352661204059, 432234.225539891398512 ], [ 425917.265347399457823, 432226.677014455781318 ], [ 425912.963648866512813, 432239.659857190912589 ], [ 425912.797221259039361, 432240.205218193528708 ], [ 425909.308714906394016, 432252.691869186062831 ], [ 425932.423575383087154, 432259.149672616447788 ], [ 425935.835348083346616, 432246.937679669528734 ] ] ] } },
{ "type": "Feature", "properties": { "highway": "residential", "lanes": "2", "maxspeed": "20 mph", "name": "Whincover Drive", "osm_type": "way", "osm_id": 534931983, "junction": null, "oneway": null, "maxspeed:type": "sign", "ref": null, "turn:lanes": null, "sidewalk": "both", "surface": null, "parking:both": null, "lane_markings": null, "source:name": null, "sidewalk:left": null, "sidewalk:right": null, "note": null, "foot": null, "source": null, "noname": null, "fixme": null }, "geometry": { "type": "Polygon", "coordinates": [ [ [ 425907.123349128640257, 432226.683687953394838 ], [ 425891.63828739488963, 432221.683339398063254 ], [ 425867.9302175687626, 432212.59115546423709 ], [ 425851.194989891664591, 432200.076670360460412 ], [ 425844.008571634360123, 432209.686841671646107 ], [ 425861.410849332460202, 432222.700142071640585 ], [ 425861.867285276239272, 432223.009805088920984 ], [ 425862.350229127914645, 432223.276244934415445 ], [ 425862.855599677015562, 432223.497210006695241 ], [ 425887.492279958794825, 432232.945521500776522 ], [ 425887.796997160476167, 432233.053062908758875 ], [ 425903.428612403513398, 432238.100733411381952 ], [ 425910.661079969373532, 432240.442966434173286 ], [ 425914.358234085026197, 432229.026703847572207 ], [ 425907.123349128640257, 432226.683687953394838 ] ] ] } },
{ "type": "Feature", "properties": { "highway": "trunk_link", "lanes": null, "maxspeed": null, "name": null, "osm_type": "way", "osm_id": 560402063, "junction": null, "oneway": "yes", "maxspeed:type": null, "ref": "A6110", "turn:lanes": null, "sidewalk": null, "surface": null, "parking:both": null, "lane_markings": null, "source:name": null, "sidewalk:left": null, "sidewalk:right": null, "note": null, "foot": null, "source": null, "noname": null, "fixme": null }, "geometry": { "type": "Polygon", "coordinates": [ [ [ 425345.016264649457298, 432932.173423958593048 ], [ 425312.779283899231814, 432946.03785763878841 ], [ 425312.002962030936033, 432946.422822818043642 ], [ 425297.498404134006705, 432954.622625780873932 ], [ 425296.906306323420722, 432954.99233783344971 ], [ 425296.348691234597936, 432955.412257149349898 ], [ 425295.829804294626229, 432955.879186654346995 ], [ 425295.353596072061919, 432956.389571360079572 ], [ 425291.236590815824457, 432961.207319997367449 ], [ 425290.794010487385094, 432961.775087679445278 ], [ 425290.404261388990562, 432962.380342277232558 ], [ 425290.070499498629943, 432963.018182765459642 ], [ 425287.851170563197229, 432967.768265989143401 ], [ 425302.347031342156697, 432974.54100696137175 ], [ 425304.106318395410199, 432970.775562468741555 ], [ 425306.600681003299542, 432967.856641722435597 ], [ 425319.499302932876162, 432960.564716034918092 ], [ 425352.34123764547985, 432946.440104636596516 ], [ 425352.992326808976941, 432946.124465701635927 ], [ 425353.612233971129172, 432945.751289943698794 ], [ 425354.195888048969209, 432945.323630086437333 ], [ 425365.252294326317497, 432936.426663370046299 ], [ 425355.221575235249475, 432923.961324445030186 ], [ 425345.016264649457298, 432932.173423958593048 ] ] ] } },
{ "type": "Feature", "properties": { "highway": "trunk_link", "lanes": null, "maxspeed": null, "name": null, "osm_type": "way", "osm_id": 560402064, "junction": null, "oneway": "yes", "maxspeed:type": null, "ref": "A6110", "turn:lanes": null, "sidewalk": null, "surface": null, "parking:both": null, "lane_markings": null, "source:name": null, "sidewalk:left": null, "sidewalk:right": null, "note": null, "foot": null, "source": null, "noname": null, "fixme": null }, "geometry": { "type": "Polygon", "coordinates": [ [ [ 425287.204824147745967, 432976.457456640375312 ], [ 425287.25903842644766, 432977.239200908865314 ], [ 425287.389474717143457, 432978.011890797119122 ], [ 425287.59488151781261, 432978.768112547404598 ], [ 425287.873288003786001, 432979.500610409420915 ], [ 425288.222022937552538, 432980.20235625753412 ], [ 425288.637740298407152, 432980.866617023537401 ], [ 425289.116451386886183, 432981.487019298772793 ], [ 425295.113069494371302, 432988.517707114631776 ], [ 425307.28653671068605, 432978.134706780721899 ], [ 425303.143720539927017, 432973.277494489913806 ], [ 425303.097461799974553, 432970.992698966700118 ], [ 425287.100740105379373, 432971.316573983815033 ], [ 425287.204824147745967, 432976.457456640375312 ] ] ] } },
{ "type": "Feature", "properties": { "highway": "trunk", "lanes": "2", "maxspeed": "40 mph", "name": "Ring Road Farnley", "osm_type": "way", "osm_id": 560402065, "junction": null, "oneway": "yes", "maxspeed:type": null, "ref": "A6110", "turn:lanes": null, "sidewalk": null, "surface": null, "parking:both": null, "lane_markings": null, "source:name": null, "sidewalk:left": null, "sidewalk:right": null, "note": null, "foot": null, "source": null, "noname": null, "fixme": null }, "geometry": { "type": "Polygon", "coordinates": [ [ [ 425307.858886371890549, 432978.726248152204789 ], [ 425331.154128288035281, 432969.457009161356837 ], [ 425331.404578516900074, 432969.354066270170733 ], [ 425364.445980487507768, 432955.335183060145937 ], [ 425365.390698016912211, 432954.884778238192666 ], [ 425395.544460016593803, 432938.858926925633568 ], [ 425396.464968674990814, 432938.315801952732727 ], [ 425430.36076937627513, 432916.224334413534962 ], [ 425431.397254869982135, 432915.46684055699734 ], [ 425455.658499083656352, 432895.661022975982632 ], [ 425477.212374096969143, 432878.997224155580625 ], [ 425462.532928646891378, 432860.010021063033491 ], [ 425440.853262804681435, 432876.771071679890156 ], [ 425440.604302041116171, 432876.968874018464703 ], [ 425416.717842054844368, 432896.468734164896887 ], [ 425383.808721488458104, 432917.917136435804423 ], [ 425354.589848126750439, 432933.446121509710792 ], [ 425322.155279249767773, 432947.20753615727881 ], [ 425298.830696944496594, 432956.488449767348357 ], [ 425298.522182140732184, 432956.616208906576503 ], [ 425290.354064570681658, 432960.132629864208866 ], [ 425299.844137334672268, 432982.176643086306285 ], [ 425307.858886371890549, 432978.726248152204789 ] ] ] } },
{ "type": "Feature", "properties": { "highway": "tertiary", "lanes": "2", "maxspeed": "40 mph", "name": "Tong Road", "osm_type": "way", "osm_id": 560402066, "junction": null, "oneway": null, "maxspeed:type": null, "ref": null, "turn:lanes": null, "sidewalk": null, "surface": null, "parking:both": null, "lane_markings": null, "source:name": null, "sidewalk:left": null, "sidewalk:right": null, "note": "License remap. Info from LeedsTracker", "foot": null, "source": null, "noname": null, "fixme": null }, "geometry": { "type": "Polygon", "coordinates": [ [ [ 425295.395483711035922, 432974.394026678986847 ], [ 425295.311121208593249, 432974.370561463525519 ], [ 425282.095436448929831, 432970.783553960849531 ], [ 425278.428229426965117, 432984.294719441910274 ], [ 425291.601659548643511, 432987.870258170471061 ], [ 425299.281837089103647, 432990.05832447274588 ], [ 425303.117769115953706, 432976.594089422607794 ], [ 425295.395483711035922, 432974.394026678986847 ] ] ] } },
{ "type": "Feature", "properties": { "highway": "residential", "lanes": null, "maxspeed": null, "name": "Marsden Street", "osm_type": "way", "osm_id": 741325985, "junction": null, "oneway": null, "maxspeed:type": null, "ref": null, "turn:lanes": null, "sidewalk": null, "surface": null, "parking:both": null, "lane_markings": null, "source:name": "OS_OpenData_Locator", "sidewalk:left": null, "sidewalk:right": null, "note": null, "foot": null, "source": "bing", "noname": null, "fixme": null }, "geometry": { "type": "Polygon", "coordinates": [ [ [ 425941.050108561466914, 432966.802249678294174 ], [ 425931.050299430673476, 432966.740464995265938 ], [ 425930.98850022838451, 432976.742624053731561 ], [ 425940.988309359177947, 432976.804408736759797 ], [ 425941.050108561466914, 432966.802249678294174 ] ] ] } },
{ "type": "Feature", "properties": { "highway": "residential", "lanes": null, "maxspeed": null, "name": "Chapel Lane", "osm_type": "way", "osm_id": 924357742, "junction": null, "oneway": null, "maxspeed:type": null, "ref": null, "turn:lanes": null, "sidewalk": null, "surface": null, "parking:both": null, "lane_markings": null, "source:name": null, "sidewalk:left": null, "sidewalk:right": null, "note": null, "foot": null, "source": null, "noname": null, "fixme": null }, "geometry": { "type": "Polygon", "coordinates": [ [ [ 424847.103988469054457, 432220.167854067578446 ], [ 424847.636718463676516, 432220.279345971124712 ], [ 424848.178410616703331, 432220.332273309235461 ], [ 424890.403755029488821, 432222.146721345954575 ], [ 424890.456672667933162, 432222.14871456444962 ], [ 424952.9483794462285, 432224.171220142219681 ], [ 424953.041253472387325, 432224.173362483561505 ], [ 424995.121556653117295, 432224.752974396513309 ], [ 424995.608522574941162, 432224.735936979413964 ], [ 424996.091517757216934, 432224.671580654801801 ], [ 424996.56595517374808, 432224.560516617377289 ], [ 424997.027329071832355, 432224.403799647116102 ], [ 424997.471257763623726, 432224.202918091963511 ], [ 424997.893525239080191, 432223.959779732627794 ], [ 424998.290121205733158, 432223.676693664689083 ], [ 425010.431810870300978, 432214.083713499072473 ], [ 425004.232408182113431, 432206.23722343595 ], [ 424993.483901803730987, 432214.72946886025602 ], [ 424953.225426852644887, 432214.174950714863371 ], [ 424890.806611236650497, 432212.154804214602336 ], [ 424849.15392030205112, 432210.364963436732069 ], [ 424839.259994720865507, 432207.724907801428344 ], [ 424836.681840679317247, 432217.386849725211505 ], [ 424847.103988469054457, 432220.167854067578446 ] ] ] } },
{ "type": "Feature", "properties": { "highway": "residential", "lanes": null, "maxspeed": "20 mph", "name": "Butterbowl Drive", "osm_type": "way", "osm_id": 954709338, "junction": null, "oneway": null, "maxspeed:type": "GB:zone20", "ref": null, "turn:lanes": null, "sidewalk": "both", "surface": "asphalt", "parking:both": null, "lane_markings": null, "source:name": null, "sidewalk:left": null, "sidewalk:right": null, "note": null, "foot": null, "source": null, "noname": null, "fixme": null }, "geometry": { "type": "Polygon", "coordinates": [ [ [ 425261.964121982979123, 432324.131689410482068 ], [ 425262.515221154666506, 432325.566621015605051 ], [ 425263.137790045584552, 432328.220747617946472 ], [ 425263.744843997352291, 432331.731269617041107 ], [ 425264.028614016831852, 432380.876808988919947 ], [ 425263.66723984136479, 432395.663995608687401 ], [ 425263.681812505994458, 432396.186641341657378 ], [ 425263.750883686589077, 432396.704907775740139 ], [ 425265.685031110187992, 432407.051573173259385 ], [ 425265.80536743166158, 432407.55144468776416 ], [ 425265.976401538937353, 432408.036315490608104 ], [ 425270.737111753609497, 432419.599814299144782 ], [ 425270.935840857971925, 432420.024718250730075 ], [ 425271.173514369642362, 432420.42912884260295 ], [ 425271.448040413612034, 432420.809486669080798 ], [ 425277.67176184541313, 432428.631320830609184 ], [ 425278.058074626780581, 432429.062940798001364 ], [ 425278.491714413859881, 432429.44698493136093 ], [ 425288.667572675098199, 432437.456986903096549 ], [ 425289.002859412517864, 432437.69914105697535 ], [ 425289.357012413092889, 432437.912756325094961 ], [ 425299.710124399396591, 432443.587226742762141 ], [ 425300.175010050472338, 432443.811639310093597 ], [ 425300.660556261427701, 432443.986923496355303 ], [ 425301.161587504553609, 432444.11121091467794 ], [ 425301.672763194248546, 432444.183176762307994 ], [ 425309.17360764706973, 432444.846631642081775 ], [ 425317.076166598009877, 432445.545641429722309 ], [ 425317.412999441672582, 432445.5640116945724 ], [ 425363.059985022817273, 432446.511071630811784 ], [ 425416.203852347272914, 432447.621501060028095 ], [ 425482.233917790406849, 432449.002663673949428 ], [ 425482.315319248009473, 432449.003703489899635 ], [ 425510.38866400095867, 432449.133749370812438 ], [ 425510.434987118758727, 432439.133856662898324 ], [ 425482.402347326511517, 432439.003999342094176 ], [ 425416.412923090683762, 432437.623686827486381 ], [ 425363.268519146542531, 432436.513246184505988 ], [ 425317.789156048151199, 432435.569663938193116 ], [ 425310.054697775049135, 432434.885523260687478 ], [ 425303.597595751925837, 432434.314388120663352 ], [ 425294.526975623797625, 432429.342842786805704 ], [ 425285.134401746152434, 432421.949408901564311 ], [ 425279.714347343309782, 432415.137605521595106 ], [ 425275.419905900896993, 432404.70664747885894 ], [ 425273.677081413392443, 432395.3834585644654 ], [ 425274.027474333823193, 432381.04561746690888 ], [ 425274.028883397753816, 432380.894592386495788 ], [ 425273.742283478728496, 432331.258948599745054 ], [ 425273.722797921742313, 432330.845883988891728 ], [ 425273.669245805765968, 432330.435842246457469 ], [ 425272.966334831609856, 432326.370990298630204 ], [ 425272.907330338843167, 432326.081126808130648 ], [ 425272.173039635759778, 432322.9507094079745 ], [ 425271.972761910874397, 432322.299914080882445 ], [ 425271.043573478411417, 432319.880527666653506 ], [ 425270.853660229069646, 432319.448224446969107 ], [ 425270.623814440041315, 432319.035763504216447 ], [ 425270.356085904699285, 432318.646823216462508 ], [ 425269.302739941806067, 432317.261508738039993 ], [ 425261.342521566024516, 432323.314187765470706 ], [ 425261.964121982979123, 432324.131689410482068 ] ] ] } },
{ "type": "Feature", "properties": { "highway": "residential", "lanes": null, "maxspeed": "20 mph", "name": "Butterbowl Drive", "osm_type": "way", "osm_id": 954709339, "junction": null, "oneway": null, "maxspeed:type": "sign", "ref": null, "turn:lanes": null, "sidewalk": "both", "surface": null, "parking:both": null, "lane_markings": null, "source:name": null, "sidewalk:left": null, "sidewalk:right": null, "note": null, "foot": null, "source": null, "noname": null, "fixme": null }, "geometry": { "type": "Polygon", "coordinates": [ [ [ 425560.351749616442248, 432451.027027328673285 ], [ 425573.950199558865279, 432451.535003690631129 ], [ 425579.522945581527893, 432451.743349136959296 ], [ 425579.896549529221375, 432441.750330569513608 ], [ 425574.323724460205995, 432441.541982167924289 ], [ 425560.728658055362757, 432441.034132778877392 ], [ 425510.600882208906114, 432439.13737853692146 ], [ 425510.222768910811283, 432449.130227496789303 ], [ 425560.351749616442248, 432451.027027328673285 ] ] ] } },
{ "type": "Feature", "properties": { "highway": "residential", "lanes": null, "maxspeed": null, "name": "Old School Lane", "osm_type": "way", "osm_id": 1056450647, "junction": null, "oneway": null, "maxspeed:type": null, "ref": null, "turn:lanes": null, "sidewalk": null, "surface": null, "parking:both": null, "lane_markings": null, "source:name": null, "sidewalk:left": null, "sidewalk:right": null, "note": null, "foot": null, "source": null, "noname": null, "fixme": null }, "geometry": { "type": "Polygon", "coordinates": [ [ [ 426004.443331486603711, 432855.010314481158275 ], [ 426016.841317778103985, 432859.009151576494332 ], [ 426016.986454032827169, 432859.053543342684861 ], [ 426043.549382724566385, 432866.739268675039057 ], [ 426060.319420449144673, 432872.942806797102094 ], [ 426065.268683438654989, 432876.078422208200209 ], [ 426054.611350457824301, 432893.20590698934393 ], [ 426053.677853042376228, 432894.696829320571851 ], [ 426062.153564030420966, 432900.003647882316727 ], [ 426063.090770636568777, 432898.50680146907689 ], [ 426063.09817244077567, 432898.494942958466709 ], [ 426076.379395508847665, 432877.150583503535017 ], [ 426076.6167476537521, 432876.724029929784592 ], [ 426076.811374435725156, 432876.2763644210645 ], [ 426076.961420796927996, 432875.811853838327806 ], [ 426077.065456591546535, 432875.334925599046983 ], [ 426077.122490216977894, 432874.850125477823894 ], [ 426077.131978065241128, 432874.362074278993532 ], [ 426077.093829704273958, 432873.875423794030212 ], [ 426077.008408739755396, 432873.39481246372452 ], [ 426076.87652934959624, 432872.924821167602204 ], [ 426076.699448523810133, 432872.469929561717436 ], [ 426076.478854083397891, 432872.034473381587304 ], [ 426076.216848593263421, 432871.622603116673417 ], [ 426075.915929322014563, 432871.238244450651109 ], [ 426075.578964439453557, 432870.885060844186228 ], [ 426075.209165679116268, 432870.566418617207091 ], [ 426074.810057725873776, 432870.285354863503017 ], [ 426065.225244378147181, 432864.212877302896231 ], [ 426064.766899361391552, 432863.955220176954754 ], [ 426064.284030866925605, 432863.747120763349812 ], [ 426046.84835498558823, 432857.297351133136544 ], [ 426046.503348171769176, 432857.18379312515026 ], [ 426019.838757453369908, 432849.468652873125393 ], [ 426007.416020789882168, 432845.461832811532076 ], [ 426007.220863673486747, 432845.40324943291489 ], [ 425989.545976469118614, 432840.487791937193833 ], [ 425986.866619812033605, 432850.122159996652044 ], [ 426004.443331486603711, 432855.010314481158275 ] ] ] } },
{ "type": "Feature", "properties": { "highway": "trunk", "lanes": "2", "maxspeed": "40 mph", "name": "Ring Road Low Wortley", "osm_type": "way", "osm_id": 1103529484, "junction": null, "oneway": "yes", "maxspeed:type": null, "ref": "A6110", "turn:lanes": null, "sidewalk": "left", "surface": null, "parking:both": null, "lane_markings": null, "source:name": null, "sidewalk:left": null, "sidewalk:right": null, "note": null, "foot": null, "source": null, "noname": null, "fixme": null }, "geometry": { "type": "Polygon", "coordinates": [ [ [ 425901.538619468512479, 432229.873113749607 ], [ 425923.48069458588725, 432239.596556532138493 ], [ 425964.707314936560579, 432146.563911531644408 ], [ 425942.765239819185808, 432136.840468749112915 ], [ 425901.538619468512479, 432229.873113749607 ] ] ] } },
{ "type": "Feature", "properties": { "highway": "trunk", "lanes": "2", "maxspeed": "40 mph", "name": "Ring Road Low Wortley", "osm_type": "way", "osm_id": 1103529485, "junction": null, "oneway": "yes", "maxspeed:type": null, "ref": "A6110", "turn:lanes": null, "sidewalk": null, "surface": null, "parking:both": null, "lane_markings": null, "source:name": null, "sidewalk:left": null, "sidewalk:right": null, "note": null, "foot": null, "source": null, "noname": null, "fixme": null }, "geometry": { "type": "Polygon", "coordinates": [ [ [ 425943.471299515163992, 432225.022405544063076 ], [ 425948.213807696709409, 432212.241121954459231 ], [ 425925.712829444790259, 432203.892111372028012 ], [ 425920.970961893268395, 432216.671668613911606 ], [ 425917.406287981430069, 432226.275621069944464 ], [ 425939.906412079231814, 432234.626933277235366 ], [ 425943.471299515163992, 432225.022405544063076 ] ] ] } },
{ "type": "Feature", "properties": { "highway": "residential", "lanes": null, "maxspeed": "20 mph", "name": "Butterbowl Drive", "osm_type": "way", "osm_id": 1142539520, "junction": null, "oneway": null, "maxspeed:type": "sign", "ref": null, "turn:lanes": null, "sidewalk": "right", "surface": null, "parking:both": null, "lane_markings": null, "source:name": null, "sidewalk:left": null, "sidewalk:right": null, "note": null, "foot": null, "source": null, "noname": null, "fixme": null }, "geometry": { "type": "Polygon", "coordinates": [ [ [ 425720.974156890530139, 432388.818787201598752 ], [ 425721.186905951239169, 432388.547173107275739 ], [ 425742.742318990174681, 432358.98037445708178 ], [ 425742.838564903882798, 432358.843609831121285 ], [ 425763.808472367818467, 432327.960804304282647 ], [ 425775.306869191292208, 432311.022445985989179 ], [ 425767.033135320350993, 432305.40592323319288 ], [ 425755.53525137831457, 432322.343526088749059 ], [ 425734.612494183937088, 432353.156892462982796 ], [ 425713.208034030627459, 432382.516634372121189 ], [ 425706.262801870761905, 432390.779580024129245 ], [ 425713.917861841793638, 432397.213867617945652 ], [ 425720.974156890530139, 432388.818787201598752 ] ] ] } },
{ "type": "Feature", "properties": { "highway": "residential", "lanes": null, "maxspeed": "20 mph", "name": "Butterbowl Drive", "osm_type": "way", "osm_id": 1142539521, "junction": null, "oneway": null, "maxspeed:type": "sign", "ref": null, "turn:lanes": null, "sidewalk": "both", "surface": null, "parking:both": null, "lane_markings": null, "source:name": null, "sidewalk:left": null, "sidewalk:right": null, "note": null, "foot": null, "source": null, "noname": null, "fixme": null }, "geometry": { "type": "Polygon", "coordinates": [ [ [ 425783.587609470356256, 432298.362368673726451 ], [ 425791.909656205854844, 432286.278612152615096 ], [ 425821.279862830997445, 432245.258434223069344 ], [ 425830.872013638785575, 432232.06882594054332 ], [ 425832.087765766307712, 432230.648668714042287 ], [ 425851.396940782491583, 432208.137022583687212 ], [ 425843.806620743533131, 432201.626489448419306 ], [ 425824.495875671971589, 432224.139966031478252 ], [ 425823.146545640425757, 432225.716156114183832 ], [ 425822.901120995578822, 432226.026960319199134 ], [ 425813.181532982620411, 432239.391800085373688 ], [ 425813.15987613692414, 432239.421812038344797 ], [ 425783.752291110577062, 432280.494194866798352 ], [ 425783.699763752229046, 432280.568992678949144 ], [ 425775.317891527200118, 432292.739616850798484 ], [ 425775.251270786626264, 432292.838870663370471 ], [ 425766.985474367742427, 432305.477448167453986 ], [ 425775.354530143900774, 432310.950921051728074 ], [ 425783.587609470356256, 432298.362368673726451 ] ] ] } },
{ "type": "Feature", "properties": { "highway": "residential", "lanes": null, "maxspeed": "20 mph", "name": "Butterbowl Road", "osm_type": "way", "osm_id": 1142541454, "junction": null, "oneway": null, "maxspeed:type": "sign", "ref": null, "turn:lanes": null, "sidewalk": "both", "surface": null, "parking:both": null, "lane_markings": null, "source:name": null, "sidewalk:left": null, "sidewalk:right": null, "note": null, "foot": null, "source": null, "noname": null, "fixme": null }, "geometry": { "type": "Polygon", "coordinates": [ [ [ 425890.247696394915693, 432253.641312794876285 ], [ 425890.598825967346784, 432249.756785033503547 ], [ 425890.619121361407451, 432249.314938779280055 ], [ 425890.637348881689832, 432238.302990385389421 ], [ 425894.282294235657901, 432229.202389859303366 ], [ 425884.999183250125498, 432225.48434596095467 ], [ 425880.997388905205298, 432235.475917352072429 ], [ 425880.842224649561103, 432235.923741350881755 ], [ 425880.730158398975618, 432236.384244809800293 ], [ 425880.662197056575678, 432236.853290155238938 ], [ 425880.638951247557998, 432237.326663065876346 ], [ 425880.619501487119123, 432249.077013896778226 ], [ 425880.288763437187299, 432252.735963545797858 ], [ 425879.552557974006049, 432260.81898190069478 ], [ 425889.511335970484652, 432261.726032515405677 ], [ 425890.247696394915693, 432253.641312794876285 ] ] ] } },
{ "type": "Feature", "properties": { "highway": "residential", "lanes": null, "maxspeed": null, "name": "Stonebridge Vale", "osm_type": "way", "osm_id": 1161319335, "junction": null, "oneway": null, "maxspeed:type": null, "ref": null, "turn:lanes": null, "sidewalk": null, "surface": "paved", "parking:both": null, "lane_markings": null, "source:name": null, "sidewalk:left": null, "sidewalk:right": null, "note": null, "foot": null, "source": "survey", "noname": null, "fixme": "Road will continue to the southeast, needs to be resurveyed once construction is completed." }, "geometry": { "type": "Polygon", "coordinates": [ [ [ 425540.390389783366118, 432888.839341876737308 ], [ 425557.873634614981711, 432872.155787413823418 ], [ 425558.152678773214575, 432871.867234921024647 ], [ 425576.162148564355448, 432851.682068401074503 ], [ 425576.526566031621769, 432851.221867116400972 ], [ 425576.834536299225874, 432850.722127557033673 ], [ 425581.089331951981876, 432842.813057074265089 ], [ 425585.227732007799204, 432839.505466349131893 ], [ 425592.619356761861127, 432833.588895469438285 ], [ 425615.431583924219012, 432824.625662676000502 ], [ 425615.539590414729901, 432824.581765067530796 ], [ 425640.796884092502296, 432813.971553583745845 ], [ 425641.138888939341996, 432813.812449880642816 ], [ 425641.467926265089773, 432813.628016310394742 ], [ 425668.816045871120878, 432796.912742473359685 ], [ 425685.849666715541389, 432788.61078339011874 ], [ 425681.468467664730269, 432779.621617974131368 ], [ 425664.220943932188675, 432788.027830465463921 ], [ 425663.804005595506169, 432788.256179905380122 ], [ 425636.575385603238828, 432804.89841512782732 ], [ 425611.720346370711923, 432815.339645532716531 ], [ 425588.257549563597422, 432824.558495944424067 ], [ 425587.801161172392312, 432824.764767732645851 ], [ 425587.367698183981702, 432825.015662634919863 ], [ 425586.961509765242226, 432825.308663288073149 ], [ 425578.982956089195795, 432831.695038891688455 ], [ 425574.048220251745079, 432835.63909607968526 ], [ 425573.671242663927842, 432835.97284501924878 ], [ 425573.329741467430722, 432836.342814462783281 ], [ 425573.027179490658455, 432836.745252913504373 ], [ 425572.766624717565719, 432837.176079638069496 ], [ 425568.307547964737751, 432845.464880136190914 ], [ 425550.824641146638896, 432865.059870409022551 ], [ 425533.487067889247555, 432881.604416386224329 ], [ 425530.275360198924318, 432884.668820112885442 ], [ 425537.178564845351502, 432891.903857473575044 ], [ 425540.390389783366118, 432888.839341876737308 ] ] ] } },
{ "type": "Feature", "properties": { "highway": "residential", "lanes": null, "maxspeed": null, "name": "Bobbin Row", "osm_type": "way", "osm_id": 1161319916, "junction": null, "oneway": null, "maxspeed:type": null, "ref": null, "turn:lanes": null, "sidewalk": null, "surface": null, "parking:both": null, "lane_markings": null, "source:name": null, "sidewalk:left": null, "sidewalk:right": null, "note": null, "foot": null, "source": "survey", "noname": null, "fixme": null }, "geometry": { "type": "Polygon", "coordinates": [ [ [ 425608.74067861342337, 432880.965064152958803 ], [ 425621.968243366514798, 432899.261733951279894 ], [ 425630.07223797851475, 432893.402956661768258 ], [ 425616.84450214181561, 432875.106050216709264 ], [ 425586.157713178079575, 432832.669820238486864 ], [ 425578.054402762209065, 432838.529543807380833 ], [ 425608.74067861342337, 432880.965064152958803 ] ] ] } },
{ "type": "Feature", "properties": { "highway": "residential", "lanes": null, "maxspeed": null, "name": "Bobbin Row", "osm_type": "way", "osm_id": 1161319917, "junction": null, "oneway": null, "maxspeed:type": null, "ref": null, "turn:lanes": null, "sidewalk": null, "surface": null, "parking:both": null, "lane_markings": null, "source:name": null, "sidewalk:left": null, "sidewalk:right": null, "note": null, "foot": null, "source": "survey", "noname": null, "fixme": null }, "geometry": { "type": "Polygon", "coordinates": [ [ [ 425595.169301754212938, 432918.105730566661805 ], [ 425601.966533404076472, 432925.440418146783486 ], [ 425629.418856497446541, 432899.999689096584916 ], [ 425622.621624847583007, 432892.665001516463235 ], [ 425595.169301754212938, 432918.105730566661805 ] ] ] } },
{ "type": "Feature", "properties": { "highway": "residential", "lanes": null, "maxspeed": null, "name": "Park Meadow Lane", "osm_type": "way", "osm_id": 1161320471, "junction": null, "oneway": null, "maxspeed:type": null, "ref": null, "turn:lanes": null, "sidewalk": null, "surface": "paved", "parking:both": null, "lane_markings": null, "source:name": null, "sidewalk:left": null, "sidewalk:right": null, "note": null, "foot": null, "source": "survey", "noname": null, "fixme": "This road is currently under construction and will continue to the southeast. It will need to be resurveyed once construction is completed." }, "geometry": { "type": "Polygon", "coordinates": [ [ [ 425650.422233503195457, 432878.685693081584759 ], [ 425692.486383590148762, 432857.302661383873783 ], [ 425692.929231801477727, 432857.048283613752574 ], [ 425693.34382127400022, 432856.750058602250647 ], [ 425693.725826635665726, 432856.411097702046391 ], [ 425694.071262461482547, 432856.034937259624712 ], [ 425694.376524852763396, 432855.62550172052579 ], [ 425716.356123936071526, 432822.767530145414639 ], [ 425708.044304029026534, 432817.207525663950946 ], [ 425686.790762395830825, 432848.980091860808898 ], [ 425645.165429232176393, 432870.140053886105306 ], [ 425644.700130437850021, 432870.408985807152931 ], [ 425644.26638392242603, 432870.726304742216598 ], [ 425643.869200800196268, 432871.088344675896224 ], [ 425622.458243549626786, 432892.823474192235153 ], [ 425629.582237795402762, 432899.841216420812998 ], [ 425650.422233503195457, 432878.685693081584759 ] ] ] } },
{ "type": "Feature", "properties": { "highway": "residential", "lanes": null, "maxspeed": null, "name": "Wortley Vale", "osm_type": "way", "osm_id": 1329625447, "junction": null, "oneway": null, "maxspeed:type": null, "ref": null, "turn:lanes": null, "sidewalk": null, "surface": null, "parking:both": null, "lane_markings": null, "source:name": null, "sidewalk:left": null, "sidewalk:right": null, "note": null, "foot": null, "source": null, "noname": null, "fixme": null }, "geometry": { "type": "Polygon", "coordinates": [ [ [ 426008.953903168265242, 432810.114597233303357 ], [ 425999.782778251974378, 432806.128312274988275 ], [ 425983.620735682430677, 432843.311833487765398 ], [ 425992.791860598721541, 432847.29811844608048 ], [ 426008.953903168265242, 432810.114597233303357 ] ] ] } },
{ "type": "Feature", "properties": { "highway": "residential", "lanes": null, "maxspeed": null, "name": null, "osm_type": "way", "osm_id": 1394562324, "junction": null, "oneway": null, "maxspeed:type": null, "ref": null, "turn:lanes": null, "sidewalk": null, "surface": null, "parking:both": null, "lane_markings": null, "source:name": null, "sidewalk:left": null, "sidewalk:right": null, "note": null, "foot": null, "source": null, "noname": null, "fixme": null }, "geometry": { "type": "Polygon", "coordinates": [ [ [ 425687.571693202131428, 432781.003106130054221 ], [ 425679.74644117814023, 432787.229295234195888 ], [ 425708.287587970553432, 432823.100622456753626 ], [ 425716.112839994544629, 432816.874433352611959 ], [ 425687.571693202131428, 432781.003106130054221 ] ] ] } },
{ "type": "Feature", "properties": { "highway": "residential", "lanes": null, "maxspeed": null, "name": null, "osm_type": "way", "osm_id": 1394562325, "junction": null, "oneway": null, "maxspeed:type": null, "ref": null, "turn:lanes": null, "sidewalk": null, "surface": null, "parking:both": null, "lane_markings": null, "source:name": null, "sidewalk:left": null, "sidewalk:right": null, "note": null, "foot": null, "source": null, "noname": null, "fixme": null }, "geometry": { "type": "Polygon", "coordinates": [ [ [ 425772.140157863614149, 432741.85410957026761 ], [ 425763.907130257692188, 432736.178084866260178 ], [ 425708.08370017958805, 432817.149515552679077 ], [ 425716.316727785510011, 432822.825540256686509 ], [ 425772.140157863614149, 432741.85410957026761 ] ] ] } }
]
}
