{
"type": "FeatureCollection",
"name": "se3032_rgb_250_04_osm_buildings",
"crs": { "type": "name", "properties": { "name": "urn:ogc:def:crs:EPSG::27700" } },
"features": [
{ "type": "Feature", "properties": { "addr:city": "Leeds", "addr:housename": "Crown Point Retail Park", "addr:postcode": "LS10 1ET", "addr:street": "Junction Street", "addr:suburb": "Hunslet", "addr:unit": "13", "amenity": "cafe", "brand": "Starbucks", "brand:wikidata": "Q37158", "building": "retail", "cuisine": "coffee_shop", "fhrs:id": "1544460", "internet_access": "yes", "name": "Starbucks", "official_name": "Starbucks Coffee", "opening_hours": "Mo 08:30-18:00; Tu-Th 07:00-20:00; Fr 08:00-19:00; Sa 07:30-19:00; Su 10:00; 16:00", "outdoor_seating": "yes", "phone": "+44 113 243 5877", "source:addr": "FHRS Open Data", "takeaway": "yes", "toilets": "customers", "website": "https://www.starbucks.com/store-locator/store/1043549/leeds-crown-point-shopping-par-crown-point-sp-junction-street-leeds-eng-ls-10-1-e", "osm_type": "way", "osm_id": 28090828, "postal_code": null, "building:levels": null, "elevator": null, "fee": null, "roof:shape": null, "source": null, "tourism": null, "wheelchair": null, "wikidata": null, "wikipedia": null, "industrial": null, "historic": null, "office": null, "old_name": null, "addr:housenumber": null, "brand:wikipedia": null, "email": null, "operator": null, "payment:american_express": null, "payment:cash": null, "payment:cheque": null, "payment:mastercard": null, "payment:visa": null, "shop": null, "contact:website": null, "addr:country": null, "alt_name": null, "opening_hours:service": null, "club": null, "leisure": null, "sport": null, "access": null, "operator:type": null, "parking": null, "clothes": null, "roof:levels": null, "ref:GB:uprn": null, "branch": null, "check_date": null, "capacity": null, "landuse": null, "rooms": null, "bridge": null, "layer": null, "disused:amenity": null, "operator:website": null, "operator:wikidata": null, "addr:county": null, "addr:town": null, "check_date:compressed_air": null, "compressed_air": null, "fuel:diesel": null, "fuel:octane_95": null, "healthcare": null, "was:shop": null, "check_date:opening_hours": null, "contact:phone": null, "toilets:access": null, "isced:level": null, "loc_name": null, "max_age": null, "min_age": null, "ref:edubase": null, "ref:edubase:group": null, "religion": null, "school": null, "school:boarding": null, "school:gender": null, "school:group:type": null, "school:type": null, "power": null, "bicycle_parking": null, "covered": null, "food": null, "bench": null, "shelter_type": null, "payment:credit_cards": null, "payment:debit_cards": null, "construction": null, "fixme": null }, "geometry": { "type": "Polygon", "coordinates": [ [ [ 430356.168469531228766, 432580.059473352041095 ], [ 430356.143049312813673, 432603.357868276536465 ], [ 430379.334194947674405, 432603.407697672024369 ], [ 430379.483107927197125, 432580.388259149622172 ], [ 430356.168469531228766, 432580.059473352041095 ] ] ] } },
{ "type": "Feature", "properties": { "addr:city": null, "addr:housename": null, "addr:postcode": null, "addr:street": null, "addr:suburb": null, "addr:unit": null, "amenity": null, "brand": null, "brand:wikidata": null, "building": "industrial", "cuisine": null, "fhrs:id": null, "internet_access": null, "name": "Leathley House", "official_name": null, "opening_hours": null, "outdoor_seating": null, "phone": null, "source:addr": null, "takeaway": null, "toilets": null, "website": null, "osm_type": "way", "osm_id": 30286806, "postal_code": "LS10 1BG", "building:levels": null, "elevator": null, "fee": null, "roof:shape": null, "source": null, "tourism": null, "wheelchair": null, "wikidata": null, "wikipedia": null, "industrial": null, "historic": null, "office": null, "old_name": null, "addr:housenumber": null, "brand:wikipedia": null, "email": null, "operator": null, "payment:american_express": null, "payment:cash": null, "payment:cheque": null, "payment:mastercard": null, "payment:visa": null, "shop": null, "contact:website": null, "addr:country": null, "alt_name": null, "opening_hours:service": null, "club": null, "leisure": null, "sport": null, "access": null, "operator:type": null, "parking": null, "clothes": null, "roof:levels": null, "ref:GB:uprn": null, "branch": null, "check_date": null, "capacity": null, "landuse": null, "rooms": null, "bridge": null, "layer": null, "disused:amenity": null, "operator:website": null, "operator:wikidata": null, "addr:county": null, "addr:town": null, "check_date:compressed_air": null, "compressed_air": null, "fuel:diesel": null, "fuel:octane_95": null, "healthcare": null, "was:shop": null, "check_date:opening_hours": null, "contact:phone": null, "toilets:access": null, "isced:level": null, "loc_name": null, "max_age": null, "min_age": null, "ref:edubase": null, "ref:edubase:group": null, "religion": null, "school": null, "school:boarding": null, "school:gender": null, "school:group:type": null, "school:type": null, "power": null, "bicycle_parking": null, "covered": null, "food": null, "bench": null, "shelter_type": null, "payment:credit_cards": null, "payment:debit_cards": null, "construction": null, "fixme": null }, "geometry": { "type": "Polygon", "coordinates": [ [ [ 430481.581082086602692, 432377.014974339166656 ], [ 430531.592475912824739, 432350.30282444448676 ], [ 430524.416842041595373, 432337.182729919091798 ], [ 430520.516056044434663, 432339.238004334736615 ], [ 430513.972962250001729, 432327.123407867038622 ], [ 430524.657524417969398, 432321.440521580632776 ], [ 430516.511375650763512, 432311.652034848579206 ], [ 430462.385006486088969, 432342.921707232831977 ], [ 430481.581082086602692, 432377.014974339166656 ] ] ] } },
{ "type": "Feature", "properties": { "addr:city": null, "addr:housename": null, "addr:postcode": null, "addr:street": null, "addr:suburb": null, "addr:unit": null, "amenity": null, "brand": null, "brand:wikidata": null, "building": "retail", "cuisine": null, "fhrs:id": null, "internet_access": null, "name": null, "official_name": null, "opening_hours": null, "outdoor_seating": null, "phone": null, "source:addr": null, "takeaway": null, "toilets": null, "website": null, "osm_type": "way", "osm_id": 30286808, "postal_code": null, "building:levels": null, "elevator": null, "fee": null, "roof:shape": null, "source": null, "tourism": null, "wheelchair": null, "wikidata": null, "wikipedia": null, "industrial": null, "historic": null, "office": null, "old_name": null, "addr:housenumber": null, "brand:wikipedia": null, "email": null, "operator": null, "payment:american_express": null, "payment:cash": null, "payment:cheque": null, "payment:mastercard": null, "payment:visa": null, "shop": null, "contact:website": null, "addr:country": null, "alt_name": null, "opening_hours:service": null, "club": null, "leisure": null, "sport": null, "access": null, "operator:type": null, "parking": null, "clothes": null, "roof:levels": null, "ref:GB:uprn": null, "branch": null, "check_date": null, "capacity": null, "landuse": null, "rooms": null, "bridge": null, "layer": null, "disused:amenity": null, "operator:website": null, "operator:wikidata": null, "addr:county": null, "addr:town": null, "check_date:compressed_air": null, "compressed_air": null, "fuel:diesel": null, "fuel:octane_95": null, "healthcare": null, "was:shop": null, "check_date:opening_hours": null, "contact:phone": null, "toilets:access": null, "isced:level": null, "loc_name": null, "max_age": null, "min_age": null, "ref:edubase": null, "ref:edubase:group": null, "religion": null, "school": null, "school:boarding": null, "school:gender": null, "school:group:type": null, "school:type": null, "power": null, "bicycle_parking": null, "covered": null, "food": null, "bench": null, "shelter_type": null, "payment:credit_cards": null, "payment:debit_cards": null, "construction": null, "fixme": null }, "geometry": { "type": "Polygon", "coordinates": [ [ [ 430440.860367949702777, 432354.943232327117585 ], [ 430431.809736709110439, 432327.113235746743158 ], [ 430496.804264060629066, 432288.26997465104796 ], [ 430516.511375650763512, 432311.652034848579206 ], [ 430462.385006486088969, 432342.921707232831977 ], [ 430440.860367949702777, 432354.943232327117585 ] ] ] } },
{ "type": "Feature", "properties": { "addr:city": "Leeds", "addr:housename": null, "addr:postcode": "LS10 1LG", "addr:street": "Armouries Drive", "addr:suburb": "Hunslet", "addr:unit": null, "amenity": null, "brand": null, "brand:wikidata": null, "building": "civic", "cuisine": null, "fhrs:id": "1689017", "internet_access": null, "name": "Royal Armouries", "official_name": null, "opening_hours": "Tu-Su 10:00-17:00", "outdoor_seating": null, "phone": null, "source:addr": "FHRS Open Data", "takeaway": null, "toilets": null, "website": "https://royalarmouries.org/", "osm_type": "way", "osm_id": 78431237, "postal_code": null, "building:levels": "6", "elevator": "yes", "fee": "no", "roof:shape": "flat", "source": "OS OpenData StreetView", "tourism": "museum", "wheelchair": "yes", "wikidata": "Q7373689", "wikipedia": "en:Royal Armouries Museum", "industrial": null, "historic": null, "office": null, "old_name": null, "addr:housenumber": null, "brand:wikipedia": null, "email": null, "operator": null, "payment:american_express": null, "payment:cash": null, "payment:cheque": null, "payment:mastercard": null, "payment:visa": null, "shop": null, "contact:website": null, "addr:country": null, "alt_name": null, "opening_hours:service": null, "club": null, "leisure": null, "sport": null, "access": null, "operator:type": null, "parking": null, "clothes": null, "roof:levels": null, "ref:GB:uprn": null, "branch": null, "check_date": null, "capacity": null, "landuse": null, "rooms": null, "bridge": null, "layer": null, "disused:amenity": null, "operator:website": null, "operator:wikidata": null, "addr:county": null, "addr:town": null, "check_date:compressed_air": null, "compressed_air": null, "fuel:diesel": null, "fuel:octane_95": null, "healthcare": null, "was:shop": null, "check_date:opening_hours": null, "contact:phone": null, "toilets:access": null, "isced:level": null, "loc_name": null, "max_age": null, "min_age": null, "ref:edubase": null, "ref:edubase:group": null, "religion": null, "school": null, "school:boarding": null, "school:gender": null, "school:group:type": null, "school:type": null, "power": null, "bicycle_parking": null, "covered": null, "food": null, "bench": null, "shelter_type": null, "payment:credit_cards": null, "payment:debit_cards": null, "construction": null, "fixme": null }, "geometry": { "type": "Polygon", "coordinates": [ [ [ 430880.91476918628905, 432963.234566912055016 ], [ 430860.888192584039643, 432959.08627895405516 ], [ 430871.339194444997702, 432914.627290828502737 ], [ 430878.198157526901923, 432885.454573338502087 ], [ 430892.905160415219143, 432889.100622133933939 ], [ 430889.962755272048526, 432902.744433102547191 ], [ 430898.190756338241044, 432904.82356826949399 ], [ 430904.701974644442089, 432906.490868905559182 ], [ 430903.467550261178985, 432913.870647134725004 ], [ 430937.279230950109195, 432921.603602017043158 ], [ 430937.86819119984284, 432920.205561214359477 ], [ 430958.47619220346678, 432925.114603646215983 ], [ 430953.119861833518371, 432950.135856072651222 ], [ 430946.277428193599917, 432948.755589520558715 ], [ 430945.637283272400964, 432951.922383472090587 ], [ 430931.275563141447492, 432948.901517001213506 ], [ 430928.695795640232973, 432959.487945195985958 ], [ 430917.406521989090834, 432957.099310852936469 ], [ 430913.457920362474397, 432971.470823069335893 ], [ 430886.552382027963176, 432964.495548583916388 ], [ 430885.471417969092727, 432969.58431099797599 ], [ 430888.396796004788484, 432974.543659164453857 ], [ 430887.405497948639095, 432980.022433713776991 ], [ 430882.147729362302925, 432984.115728607750498 ], [ 430875.909855639387388, 432982.973194605088793 ], [ 430873.045584352395963, 432976.734724619775079 ], [ 430874.420561966428068, 432971.013690212508664 ], [ 430879.781841142219491, 432968.211725203203969 ], [ 430880.91476918628905, 432963.234566912055016 ] ] ] } },
{ "type": "Feature", "properties": { "addr:city": "Leeds", "addr:housename": null, "addr:postcode": "LS11 5AD", "addr:street": "Great Wilson Street", "addr:suburb": "Holbeck", "addr:unit": null, "amenity": null, "brand": null, "brand:wikidata": null, "building": "warehouse", "cuisine": null, "fhrs:id": "803031", "internet_access": null, "name": "Asda MCE", "official_name": null, "opening_hours": null, "outdoor_seating": null, "phone": null, "source:addr": null, "takeaway": null, "toilets": null, "website": null, "osm_type": "way", "osm_id": 78499387, "postal_code": null, "building:levels": null, "elevator": null, "fee": null, "roof:shape": null, "source": "OS_OpenData_StreetView; Bing", "tourism": null, "wheelchair": null, "wikidata": null, "wikipedia": null, "industrial": "warehouse", "historic": null, "office": null, "old_name": null, "addr:housenumber": null, "brand:wikipedia": null, "email": null, "operator": null, "payment:american_express": null, "payment:cash": null, "payment:cheque": null, "payment:mastercard": null, "payment:visa": null, "shop": null, "contact:website": null, "addr:country": null, "alt_name": null, "opening_hours:service": null, "club": null, "leisure": null, "sport": null, "access": null, "operator:type": null, "parking": null, "clothes": null, "roof:levels": null, "ref:GB:uprn": null, "branch": null, "check_date": null, "capacity": null, "landuse": null, "rooms": null, "bridge": null, "layer": null, "disused:amenity": null, "operator:website": null, "operator:wikidata": null, "addr:county": null, "addr:town": null, "check_date:compressed_air": null, "compressed_air": null, "fuel:diesel": null, "fuel:octane_95": null, "healthcare": null, "was:shop": null, "check_date:opening_hours": null, "contact:phone": null, "toilets:access": null, "isced:level": null, "loc_name": null, "max_age": null, "min_age": null, "ref:edubase": null, "ref:edubase:group": null, "religion": null, "school": null, "school:boarding": null, "school:gender": null, "school:group:type": null, "school:type": null, "power": null, "bicycle_parking": null, "covered": null, "food": null, "bench": null, "shelter_type": null, "payment:credit_cards": null, "payment:debit_cards": null, "construction": null, "fixme": null }, "geometry": { "type": "Polygon", "coordinates": [ [ [ 430011.49359681858914, 432843.474320461624302 ], [ 430002.141818396863528, 432829.540020765038207 ], [ 429977.932466749451123, 432845.718875564169139 ], [ 429963.946995869337115, 432824.890125734265894 ], [ 430044.098700510687195, 432771.328234508633614 ], [ 430084.67716521397233, 432831.770386399002746 ], [ 430065.052727406320628, 432844.885046581737697 ], [ 430070.651969268685207, 432853.22114731289912 ], [ 430034.533020588336512, 432877.356678427779116 ], [ 430022.323005714046303, 432859.164921415736899 ], [ 430011.49359681858914, 432843.474320461624302 ] ] ] } },
{ "type": "Feature", "properties": { "addr:city": null, "addr:housename": "Salem Chapel", "addr:postcode": null, "addr:street": "Hunslet Road", "addr:suburb": null, "addr:unit": null, "amenity": null, "brand": null, "brand:wikidata": null, "building": "yes", "cuisine": null, "fhrs:id": null, "internet_access": null, "name": "AQL", "official_name": null, "opening_hours": null, "outdoor_seating": null, "phone": null, "source:addr": null, "takeaway": null, "toilets": null, "website": null, "osm_type": "way", "osm_id": 78500925, "postal_code": null, "building:levels": null, "elevator": null, "fee": null, "roof:shape": null, "source": "OS_OpenData_StreetView", "tourism": null, "wheelchair": null, "wikidata": "Q26547147", "wikipedia": null, "industrial": null, "historic": "yes", "office": "telecommunication", "old_name": "Salem Chapel", "addr:housenumber": null, "brand:wikipedia": null, "email": null, "operator": null, "payment:american_express": null, "payment:cash": null, "payment:cheque": null, "payment:mastercard": null, "payment:visa": null, "shop": null, "contact:website": null, "addr:country": null, "alt_name": null, "opening_hours:service": null, "club": null, "leisure": null, "sport": null, "access": null, "operator:type": null, "parking": null, "clothes": null, "roof:levels": null, "ref:GB:uprn": null, "branch": null, "check_date": null, "capacity": null, "landuse": null, "rooms": null, "bridge": null, "layer": null, "disused:amenity": null, "operator:website": null, "operator:wikidata": null, "addr:county": null, "addr:town": null, "check_date:compressed_air": null, "compressed_air": null, "fuel:diesel": null, "fuel:octane_95": null, "healthcare": null, "was:shop": null, "check_date:opening_hours": null, "contact:phone": null, "toilets:access": null, "isced:level": null, "loc_name": null, "max_age": null, "min_age": null, "ref:edubase": null, "ref:edubase:group": null, "religion": null, "school": null, "school:boarding": null, "school:gender": null, "school:group:type": null, "school:type": null, "power": null, "bicycle_parking": null, "covered": null, "food": null, "bench": null, "shelter_type": null, "payment:credit_cards": null, "payment:debit_cards": null, "construction": null, "fixme": null }, "geometry": { "type": "Polygon", "coordinates": [ [ [ 430318.792229460086673, 432999.381329443305731 ], [ 430320.12222566769924, 432992.358065646607429 ], [ 430324.341036791971419, 432992.986131976009347 ], [ 430325.229074503295124, 432990.132395752589218 ], [ 430321.031361057772301, 432987.256942698382773 ], [ 430318.982035566761624, 432983.24935118900612 ], [ 430319.487814093648922, 432978.37927687575575 ], [ 430321.81721159897279, 432974.722623823909089 ], [ 430326.426002788182814, 432972.093190408777446 ], [ 430331.846234466938768, 432972.350727021927014 ], [ 430348.547067052451894, 432976.375112845911644 ], [ 430376.798273003369104, 432983.189095993177034 ], [ 430362.205263048817869, 433009.786822639638558 ], [ 430359.370235557085834, 433009.112037012469955 ], [ 430355.574922396626789, 433008.197391634341329 ], [ 430342.702323655888904, 433005.110076530487277 ], [ 430339.124036962748505, 433004.25247874984052 ], [ 430318.792229460086673, 432999.381329443305731 ] ] ] } },
{ "type": "Feature", "properties": { "addr:city": "Leeds", "addr:housename": null, "addr:postcode": "LS10 1AD", "addr:street": "Whitehouse Street", "addr:suburb": null, "addr:unit": null, "amenity": null, "brand": null, "brand:wikidata": null, "building": "yes", "cuisine": null, "fhrs:id": null, "internet_access": null, "name": null, "official_name": null, "opening_hours": null, "outdoor_seating": null, "phone": null, "source:addr": null, "takeaway": null, "toilets": null, "website": null, "osm_type": "way", "osm_id": 106441927, "postal_code": null, "building:levels": null, "elevator": null, "fee": null, "roof:shape": null, "source": null, "tourism": null, "wheelchair": null, "wikidata": null, "wikipedia": null, "industrial": null, "historic": null, "office": null, "old_name": null, "addr:housenumber": "36", "brand:wikipedia": null, "email": null, "operator": null, "payment:american_express": null, "payment:cash": null, "payment:cheque": null, "payment:mastercard": null, "payment:visa": null, "shop": null, "contact:website": null, "addr:country": null, "alt_name": null, "opening_hours:service": null, "club": null, "leisure": null, "sport": null, "access": null, "operator:type": null, "parking": null, "clothes": null, "roof:levels": null, "ref:GB:uprn": null, "branch": null, "check_date": null, "capacity": null, "landuse": null, "rooms": null, "bridge": null, "layer": null, "disused:amenity": null, "operator:website": null, "operator:wikidata": null, "addr:county": null, "addr:town": null, "check_date:compressed_air": null, "compressed_air": null, "fuel:diesel": null, "fuel:octane_95": null, "healthcare": null, "was:shop": null, "check_date:opening_hours": null, "contact:phone": null, "toilets:access": null, "isced:level": null, "loc_name": null, "max_age": null, "min_age": null, "ref:edubase": null, "ref:edubase:group": null, "religion": null, "school": null, "school:boarding": null, "school:gender": null, "school:group:type": null, "school:type": null, "power": null, "bicycle_parking": null, "covered": null, "food": null, "bench": null, "shelter_type": null, "payment:credit_cards": null, "payment:debit_cards": null, "construction": null, "fixme": null }, "geometry": { "type": "Polygon", "coordinates": [ [ [ 430754.861410808225628, 432034.469669149606489 ], [ 430769.856051650713198, 432017.767102918820456 ], [ 430771.754438521689735, 432015.65440881671384 ], [ 430765.314798829203937, 432009.90440993802622 ], [ 430766.61587229889119, 432008.444255399168469 ], [ 430772.443846419104375, 432001.951272823382169 ], [ 430790.85210102959536, 432018.394259036285803 ], [ 430762.40930790558923, 432050.08485162362922 ], [ 430750.440640591492411, 432039.403072070097551 ], [ 430754.861410808225628, 432034.469669149606489 ] ] ] } },
{ "type": "Feature", "properties": { "addr:city": "Leeds", "addr:housename": null, "addr:postcode": "LS10 1BG", "addr:street": "Leathley Road", "addr:suburb": null, "addr:unit": null, "amenity": null, "brand": "Costco", "brand:wikidata": "Q715583", "building": "yes", "cuisine": null, "fhrs:id": "320903", "internet_access": null, "name": "Costco", "official_name": null, "opening_hours": "Mo-Fr 10:00-11:00 open \"Trade and Executive Members only\"; Mo-Fr 11:00-20:30 open; Sa 09:30-18:30 open; Su 11:00-17:00 open; PH 10:00-18:00; easter closed; Dec 24,31 09:00-17:00; Dec 25,26 closed; Jan 01 closed", "outdoor_seating": null, "phone": "+441132042925", "source:addr": null, "takeaway": null, "toilets": null, "website": "https://www.costco.co.uk/store-finder/Leeds", "osm_type": "way", "osm_id": 106443558, "postal_code": null, "building:levels": null, "elevator": null, "fee": null, "roof:shape": null, "source": null, "tourism": null, "wheelchair": null, "wikidata": null, "wikipedia": null, "industrial": null, "historic": null, "office": null, "old_name": null, "addr:housenumber": null, "brand:wikipedia": "en:Costco", "email": "warehousememberservices@costco.co.uk", "operator": "Costco Wholesale UK Limited", "payment:american_express": "yes", "payment:cash": "yes", "payment:cheque": "no", "payment:mastercard": "yes", "payment:visa": "yes", "shop": "wholesale", "contact:website": null, "addr:country": null, "alt_name": null, "opening_hours:service": null, "club": null, "leisure": null, "sport": null, "access": null, "operator:type": null, "parking": null, "clothes": null, "roof:levels": null, "ref:GB:uprn": null, "branch": null, "check_date": null, "capacity": null, "landuse": null, "rooms": null, "bridge": null, "layer": null, "disused:amenity": null, "operator:website": null, "operator:wikidata": null, "addr:county": null, "addr:town": null, "check_date:compressed_air": null, "compressed_air": null, "fuel:diesel": null, "fuel:octane_95": null, "healthcare": null, "was:shop": null, "check_date:opening_hours": null, "contact:phone": null, "toilets:access": null, "isced:level": null, "loc_name": null, "max_age": null, "min_age": null, "ref:edubase": null, "ref:edubase:group": null, "religion": null, "school": null, "school:boarding": null, "school:gender": null, "school:group:type": null, "school:type": null, "power": null, "bicycle_parking": null, "covered": null, "food": null, "bench": null, "shelter_type": null, "payment:credit_cards": null, "payment:debit_cards": null, "construction": null, "fixme": null }, "geometry": { "type": "Polygon", "coordinates": [ [ [ 430617.821858939365484, 432329.913293457822874 ], [ 430638.393329749815166, 432343.899750691372901 ], [ 430632.966599445964675, 432352.609657113789581 ], [ 430669.9869351106463, 432375.170724238385446 ], [ 430675.435121771821287, 432367.21759165241383 ], [ 430707.860131410998292, 432387.156509676715359 ], [ 430760.634896636009216, 432304.899889636551961 ], [ 430651.386631350847892, 432237.883723748847842 ], [ 430626.838594983739313, 432277.900800282834098 ], [ 430635.118031786230858, 432300.563528720289469 ], [ 430617.821858939365484, 432329.913293457822874 ] ] ] } },
{ "type": "Feature", "properties": { "addr:city": null, "addr:housename": null, "addr:postcode": null, "addr:street": null, "addr:suburb": null, "addr:unit": null, "amenity": null, "brand": null, "brand:wikidata": null, "building": "yes", "cuisine": null, "fhrs:id": null, "internet_access": null, "name": null, "official_name": null, "opening_hours": null, "outdoor_seating": null, "phone": null, "source:addr": null, "takeaway": null, "toilets": null, "website": null, "osm_type": "way", "osm_id": 120560092, "postal_code": null, "building:levels": null, "elevator": null, "fee": null, "roof:shape": null, "source": "bing", "tourism": null, "wheelchair": null, "wikidata": null, "wikipedia": null, "industrial": null, "historic": null, "office": null, "old_name": null, "addr:housenumber": null, "brand:wikipedia": null, "email": null, "operator": null, "payment:american_express": null, "payment:cash": null, "payment:cheque": null, "payment:mastercard": null, "payment:visa": null, "shop": null, "contact:website": null, "addr:country": null, "alt_name": null, "opening_hours:service": null, "club": null, "leisure": null, "sport": null, "access": null, "operator:type": null, "parking": null, "clothes": null, "roof:levels": null, "ref:GB:uprn": null, "branch": null, "check_date": null, "capacity": null, "landuse": null, "rooms": null, "bridge": null, "layer": null, "disused:amenity": null, "operator:website": null, "operator:wikidata": null, "addr:county": null, "addr:town": null, "check_date:compressed_air": null, "compressed_air": null, "fuel:diesel": null, "fuel:octane_95": null, "healthcare": null, "was:shop": null, "check_date:opening_hours": null, "contact:phone": null, "toilets:access": null, "isced:level": null, "loc_name": null, "max_age": null, "min_age": null, "ref:edubase": null, "ref:edubase:group": null, "religion": null, "school": null, "school:boarding": null, "school:gender": null, "school:group:type": null, "school:type": null, "power": null, "bicycle_parking": null, "covered": null, "food": null, "bench": null, "shelter_type": null, "payment:credit_cards": null, "payment:debit_cards": null, "construction": null, "fixme": null }, "geometry": { "type": "Polygon", "coordinates": [ [ [ 430182.55715774820419, 432795.937460013781674 ], [ 430206.124521738442127, 432782.41472186089959 ], [ 430230.074253927683458, 432780.132167949224822 ], [ 430225.235262260423042, 432736.619277631049044 ], [ 430188.318040418089367, 432742.212012912146747 ], [ 430160.799944917904213, 432760.493791786488146 ], [ 430182.55715774820419, 432795.937460013781674 ] ] ] } },
{ "type": "Feature", "properties": { "addr:city": null, "addr:housename": null, "addr:postcode": null, "addr:street": null, "addr:suburb": null, "addr:unit": null, "amenity": null, "brand": null, "brand:wikidata": null, "building": "detached", "cuisine": null, "fhrs:id": null, "internet_access": null, "name": "Excel Publishing", "official_name": null, "opening_hours": null, "outdoor_seating": null, "phone": null, "source:addr": null, "takeaway": null, "toilets": null, "website": null, "osm_type": "way", "osm_id": 127874632, "postal_code": null, "building:levels": null, "elevator": null, "fee": null, "roof:shape": null, "source": "Bing", "tourism": null, "wheelchair": null, "wikidata": null, "wikipedia": null, "industrial": null, "historic": null, "office": "publisher", "old_name": null, "addr:housenumber": null, "brand:wikipedia": null, "email": null, "operator": null, "payment:american_express": null, "payment:cash": null, "payment:cheque": null, "payment:mastercard": null, "payment:visa": null, "shop": null, "contact:website": null, "addr:country": null, "alt_name": null, "opening_hours:service": null, "club": null, "leisure": null, "sport": null, "access": null, "operator:type": null, "parking": null, "clothes": null, "roof:levels": null, "ref:GB:uprn": null, "branch": null, "check_date": null, "capacity": null, "landuse": null, "rooms": null, "bridge": null, "layer": null, "disused:amenity": null, "operator:website": null, "operator:wikidata": null, "addr:county": null, "addr:town": null, "check_date:compressed_air": null, "compressed_air": null, "fuel:diesel": null, "fuel:octane_95": null, "healthcare": null, "was:shop": null, "check_date:opening_hours": null, "contact:phone": null, "toilets:access": null, "isced:level": null, "loc_name": null, "max_age": null, "min_age": null, "ref:edubase": null, "ref:edubase:group": null, "religion": null, "school": null, "school:boarding": null, "school:gender": null, "school:group:type": null, "school:type": null, "power": null, "bicycle_parking": null, "covered": null, "food": null, "bench": null, "shelter_type": null, "payment:credit_cards": null, "payment:debit_cards": null, "construction": null, "fixme": null }, "geometry": { "type": "Polygon", "coordinates": [ [ [ 430660.34372327622259, 433000.353017679182813 ], [ 430674.951084249070846, 433003.085371995926835 ], [ 430677.146960752783343, 432991.672950665582903 ], [ 430662.539492592331953, 432988.951715538627468 ], [ 430660.34372327622259, 433000.353017679182813 ] ] ] } },
{ "type": "Feature", "properties": { "addr:city": "Leeds", "addr:housename": "Hunsletp", "addr:postcode": "LS10 1BS", "addr:street": "Jack Lane", "addr:suburb": "Hunslet", "addr:unit": null, "amenity": null, "brand": null, "brand:wikidata": null, "building": "retail", "cuisine": null, "fhrs:id": "1751981", "internet_access": null, "name": "Schneider Electric", "official_name": null, "opening_hours": null, "outdoor_seating": null, "phone": null, "source:addr": "FHRS Open Data", "takeaway": null, "toilets": null, "website": null, "osm_type": "way", "osm_id": 151204605, "postal_code": null, "building:levels": null, "elevator": null, "fee": null, "roof:shape": null, "source": "Bing", "tourism": null, "wheelchair": null, "wikidata": null, "wikipedia": null, "industrial": null, "historic": null, "office": "company", "old_name": null, "addr:housenumber": "123", "brand:wikipedia": null, "email": null, "operator": null, "payment:american_express": null, "payment:cash": null, "payment:cheque": null, "payment:mastercard": null, "payment:visa": null, "shop": null, "contact:website": null, "addr:country": null, "alt_name": null, "opening_hours:service": null, "club": null, "leisure": null, "sport": null, "access": null, "operator:type": null, "parking": null, "clothes": null, "roof:levels": null, "ref:GB:uprn": null, "branch": null, "check_date": null, "capacity": null, "landuse": null, "rooms": null, "bridge": null, "layer": null, "disused:amenity": null, "operator:website": null, "operator:wikidata": null, "addr:county": null, "addr:town": null, "check_date:compressed_air": null, "compressed_air": null, "fuel:diesel": null, "fuel:octane_95": null, "healthcare": null, "was:shop": null, "check_date:opening_hours": null, "contact:phone": null, "toilets:access": null, "isced:level": null, "loc_name": null, "max_age": null, "min_age": null, "ref:edubase": null, "ref:edubase:group": null, "religion": null, "school": null, "school:boarding": null, "school:gender": null, "school:group:type": null, "school:type": null, "power": null, "bicycle_parking": null, "covered": null, "food": null, "bench": null, "shelter_type": null, "payment:credit_cards": null, "payment:debit_cards": null, "construction": null, "fixme": null }, "geometry": { "type": "Polygon", "coordinates": [ [ [ 430587.196855472109746, 432021.313845449476503 ], [ 430583.552165877714287, 432025.484741076477803 ], [ 430575.772121261048596, 432025.189308891771361 ], [ 430571.090290344029199, 432028.752640466555022 ], [ 430570.610663439380005, 432034.613098380737938 ], [ 430572.257044036174193, 432037.794820565730333 ], [ 430574.255610413965769, 432039.510159365134314 ], [ 430600.182518886867911, 432064.079061423079111 ], [ 430615.632673097075894, 432047.145321339834481 ], [ 430587.196855472109746, 432021.313845449476503 ] ] ] } },
{ "type": "Feature", "properties": { "addr:city": null, "addr:housename": null, "addr:postcode": null, "addr:street": null, "addr:suburb": null, "addr:unit": null, "amenity": null, "brand": null, "brand:wikidata": null, "building": "yes", "cuisine": null, "fhrs:id": null, "internet_access": null, "name": null, "official_name": null, "opening_hours": null, "outdoor_seating": null, "phone": null, "source:addr": null, "takeaway": null, "toilets": null, "website": null, "osm_type": "way", "osm_id": 151204608, "postal_code": null, "building:levels": null, "elevator": null, "fee": null, "roof:shape": null, "source": "Bing", "tourism": null, "wheelchair": null, "wikidata": null, "wikipedia": null, "industrial": null, "historic": null, "office": null, "old_name": null, "addr:housenumber": null, "brand:wikipedia": null, "email": null, "operator": null, "payment:american_express": null, "payment:cash": null, "payment:cheque": null, "payment:mastercard": null, "payment:visa": null, "shop": null, "contact:website": null, "addr:country": null, "alt_name": null, "opening_hours:service": null, "club": null, "leisure": null, "sport": null, "access": null, "operator:type": null, "parking": null, "clothes": null, "roof:levels": null, "ref:GB:uprn": null, "branch": null, "check_date": null, "capacity": null, "landuse": null, "rooms": null, "bridge": null, "layer": null, "disused:amenity": null, "operator:website": null, "operator:wikidata": null, "addr:county": null, "addr:town": null, "check_date:compressed_air": null, "compressed_air": null, "fuel:diesel": null, "fuel:octane_95": null, "healthcare": null, "was:shop": null, "check_date:opening_hours": null, "contact:phone": null, "toilets:access": null, "isced:level": null, "loc_name": null, "max_age": null, "min_age": null, "ref:edubase": null, "ref:edubase:group": null, "religion": null, "school": null, "school:boarding": null, "school:gender": null, "school:group:type": null, "school:type": null, "power": null, "bicycle_parking": null, "covered": null, "food": null, "bench": null, "shelter_type": null, "payment:credit_cards": null, "payment:debit_cards": null, "construction": null, "fixme": null }, "geometry": { "type": "Polygon", "coordinates": [ [ [ 430537.047566648048814, 432107.161011117044836 ], [ 430618.862149853084702, 432181.461293267668225 ], [ 430630.276959804235958, 432168.951832252787426 ], [ 430616.213437119382434, 432156.176106850150973 ], [ 430655.236633796419483, 432113.405089554842561 ], [ 430674.271860517328605, 432130.69731444271747 ], [ 430683.357522022386547, 432120.731828524381854 ], [ 430700.270404437440448, 432136.085438728099689 ], [ 430706.303112294524908, 432129.482449880684726 ], [ 430615.632673097075894, 432047.145321339834481 ], [ 430600.182518886867911, 432064.079061423079111 ], [ 430568.068082357931416, 432099.273951132781804 ], [ 430555.039151594100986, 432087.439760587876663 ], [ 430537.047566648048814, 432107.161011117044836 ] ] ] } },
{ "type": "Feature", "properties": { "addr:city": null, "addr:housename": null, "addr:postcode": null, "addr:street": null, "addr:suburb": null, "addr:unit": null, "amenity": null, "brand": null, "brand:wikidata": null, "building": "yes", "cuisine": null, "fhrs:id": null, "internet_access": null, "name": null, "official_name": null, "opening_hours": null, "outdoor_seating": null, "phone": null, "source:addr": null, "takeaway": null, "toilets": null, "website": null, "osm_type": "way", "osm_id": 151204623, "postal_code": null, "building:levels": null, "elevator": null, "fee": null, "roof:shape": null, "source": "Bing", "tourism": null, "wheelchair": null, "wikidata": null, "wikipedia": null, "industrial": null, "historic": null, "office": null, "old_name": null, "addr:housenumber": null, "brand:wikipedia": null, "email": null, "operator": null, "payment:american_express": null, "payment:cash": null, "payment:cheque": null, "payment:mastercard": null, "payment:visa": null, "shop": null, "contact:website": null, "addr:country": null, "alt_name": null, "opening_hours:service": null, "club": null, "leisure": null, "sport": null, "access": null, "operator:type": null, "parking": null, "clothes": null, "roof:levels": null, "ref:GB:uprn": null, "branch": null, "check_date": null, "capacity": null, "landuse": null, "rooms": null, "bridge": null, "layer": null, "disused:amenity": null, "operator:website": null, "operator:wikidata": null, "addr:county": null, "addr:town": null, "check_date:compressed_air": null, "compressed_air": null, "fuel:diesel": null, "fuel:octane_95": null, "healthcare": null, "was:shop": null, "check_date:opening_hours": null, "contact:phone": null, "toilets:access": null, "isced:level": null, "loc_name": null, "max_age": null, "min_age": null, "ref:edubase": null, "ref:edubase:group": null, "religion": null, "school": null, "school:boarding": null, "school:gender": null, "school:group:type": null, "school:type": null, "power": null, "bicycle_parking": null, "covered": null, "food": null, "bench": null, "shelter_type": null, "payment:credit_cards": null, "payment:debit_cards": null, "construction": null, "fixme": null }, "geometry": { "type": "Polygon", "coordinates": [ [ [ 430696.27155821910128, 432230.733351518283598 ], [ 430727.153543796099257, 432264.080677246791311 ], [ 430761.302381945191883, 432231.158842476084828 ], [ 430730.418413815437816, 432197.110320158419199 ], [ 430696.27155821910128, 432230.733351518283598 ] ] ] } },
{ "type": "Feature", "properties": { "addr:city": null, "addr:housename": null, "addr:postcode": null, "addr:street": null, "addr:suburb": null, "addr:unit": null, "amenity": null, "brand": null, "brand:wikidata": null, "building": "yes", "cuisine": null, "fhrs:id": null, "internet_access": null, "name": null, "official_name": null, "opening_hours": null, "outdoor_seating": null, "phone": null, "source:addr": null, "takeaway": null, "toilets": null, "website": null, "osm_type": "way", "osm_id": 151204624, "postal_code": null, "building:levels": null, "elevator": null, "fee": null, "roof:shape": null, "source": "Bing", "tourism": null, "wheelchair": null, "wikidata": null, "wikipedia": null, "industrial": null, "historic": null, "office": null, "old_name": null, "addr:housenumber": null, "brand:wikipedia": null, "email": null, "operator": null, "payment:american_express": null, "payment:cash": null, "payment:cheque": null, "payment:mastercard": null, "payment:visa": null, "shop": null, "contact:website": null, "addr:country": null, "alt_name": null, "opening_hours:service": null, "club": null, "leisure": null, "sport": null, "access": null, "operator:type": null, "parking": null, "clothes": null, "roof:levels": null, "ref:GB:uprn": null, "branch": null, "check_date": null, "capacity": null, "landuse": null, "rooms": null, "bridge": null, "layer": null, "disused:amenity": null, "operator:website": null, "operator:wikidata": null, "addr:county": null, "addr:town": null, "check_date:compressed_air": null, "compressed_air": null, "fuel:diesel": null, "fuel:octane_95": null, "healthcare": null, "was:shop": null, "check_date:opening_hours": null, "contact:phone": null, "toilets:access": null, "isced:level": null, "loc_name": null, "max_age": null, "min_age": null, "ref:edubase": null, "ref:edubase:group": null, "religion": null, "school": null, "school:boarding": null, "school:gender": null, "school:group:type": null, "school:type": null, "power": null, "bicycle_parking": null, "covered": null, "food": null, "bench": null, "shelter_type": null, "payment:credit_cards": null, "payment:debit_cards": null, "construction": null, "fixme": null }, "geometry": { "type": "Polygon", "coordinates": [ [ [ 430730.67757872067159, 432161.529969595023431 ], [ 430740.23715499980608, 432150.644207476405427 ], [ 430725.129009317082819, 432137.438514520297758 ], [ 430715.576103642466478, 432148.313224485260434 ], [ 430730.67757872067159, 432161.529969595023431 ] ] ] } },
{ "type": "Feature", "properties": { "addr:city": "Leeds", "addr:housename": "Crowd Point Shopping Park", "addr:postcode": "LS10 1ET", "addr:street": "Junction Street", "addr:suburb": "Hunslet", "addr:unit": "1", "amenity": null, "brand": "Argos", "brand:wikidata": "Q4789707", "building": "yes", "cuisine": null, "fhrs:id": "1205278", "internet_access": null, "name": "Argos", "official_name": null, "opening_hours": null, "outdoor_seating": null, "phone": null, "source:addr": null, "takeaway": null, "toilets": null, "website": null, "osm_type": "way", "osm_id": 151204633, "postal_code": null, "building:levels": null, "elevator": null, "fee": null, "roof:shape": null, "source": "Bing", "tourism": null, "wheelchair": null, "wikidata": null, "wikipedia": null, "industrial": null, "historic": null, "office": null, "old_name": null, "addr:housenumber": null, "brand:wikipedia": "en:Argos (retailer)", "email": null, "operator": null, "payment:american_express": null, "payment:cash": null, "payment:cheque": null, "payment:mastercard": null, "payment:visa": null, "shop": "catalogue", "contact:website": "https://www.argos.co.uk/stores/468-leeds-crown-point-argos", "addr:country": null, "alt_name": null, "opening_hours:service": null, "club": null, "leisure": null, "sport": null, "access": null, "operator:type": null, "parking": null, "clothes": null, "roof:levels": null, "ref:GB:uprn": null, "branch": null, "check_date": null, "capacity": null, "landuse": null, "rooms": null, "bridge": null, "layer": null, "disused:amenity": null, "operator:website": null, "operator:wikidata": null, "addr:county": null, "addr:town": null, "check_date:compressed_air": null, "compressed_air": null, "fuel:diesel": null, "fuel:octane_95": null, "healthcare": null, "was:shop": null, "check_date:opening_hours": null, "contact:phone": null, "toilets:access": null, "isced:level": null, "loc_name": null, "max_age": null, "min_age": null, "ref:edubase": null, "ref:edubase:group": null, "religion": null, "school": null, "school:boarding": null, "school:gender": null, "school:group:type": null, "school:type": null, "power": null, "bicycle_parking": null, "covered": null, "food": null, "bench": null, "shelter_type": null, "payment:credit_cards": null, "payment:debit_cards": null, "construction": null, "fixme": null }, "geometry": { "type": "Polygon", "coordinates": [ [ [ 430461.970163964433596, 432699.407041916740127 ], [ 430462.076776172791142, 432658.59629804850556 ], [ 430448.504213415144477, 432658.664043763768859 ], [ 430408.85060518363025, 432658.351469230721705 ], [ 430409.383140327117871, 432699.221980261732824 ], [ 430461.970163964433596, 432699.407041916740127 ] ] ] } },
{ "type": "Feature", "properties": { "addr:city": null, "addr:housename": null, "addr:postcode": null, "addr:street": null, "addr:suburb": null, "addr:unit": null, "amenity": null, "brand": null, "brand:wikidata": null, "building": "yes", "cuisine": null, "fhrs:id": null, "internet_access": null, "name": null, "official_name": null, "opening_hours": null, "outdoor_seating": null, "phone": null, "source:addr": null, "takeaway": null, "toilets": null, "website": null, "osm_type": "way", "osm_id": 151472842, "postal_code": null, "building:levels": null, "elevator": null, "fee": null, "roof:shape": null, "source": "Bing", "tourism": null, "wheelchair": null, "wikidata": null, "wikipedia": null, "industrial": null, "historic": null, "office": null, "old_name": null, "addr:housenumber": null, "brand:wikipedia": null, "email": null, "operator": null, "payment:american_express": null, "payment:cash": null, "payment:cheque": null, "payment:mastercard": null, "payment:visa": null, "shop": null, "contact:website": null, "addr:country": null, "alt_name": null, "opening_hours:service": null, "club": null, "leisure": null, "sport": null, "access": null, "operator:type": null, "parking": null, "clothes": null, "roof:levels": null, "ref:GB:uprn": null, "branch": null, "check_date": null, "capacity": null, "landuse": null, "rooms": null, "bridge": null, "layer": null, "disused:amenity": null, "operator:website": null, "operator:wikidata": null, "addr:county": null, "addr:town": null, "check_date:compressed_air": null, "compressed_air": null, "fuel:diesel": null, "fuel:octane_95": null, "healthcare": null, "was:shop": null, "check_date:opening_hours": null, "contact:phone": null, "toilets:access": null, "isced:level": null, "loc_name": null, "max_age": null, "min_age": null, "ref:edubase": null, "ref:edubase:group": null, "religion": null, "school": null, "school:boarding": null, "school:gender": null, "school:group:type": null, "school:type": null, "power": null, "bicycle_parking": null, "covered": null, "food": null, "bench": null, "shelter_type": null, "payment:credit_cards": null, "payment:debit_cards": null, "construction": null, "fixme": null }, "geometry": { "type": "Polygon", "coordinates": [ [ [ 430768.611073544656392, 432188.692955365171656 ], [ 430808.022535372816492, 432228.53885724931024 ], [ 430826.963248161249794, 432209.881870900513604 ], [ 430787.55830210930435, 432170.046979637118056 ], [ 430768.611073544656392, 432188.692955365171656 ] ] ] } },
{ "type": "Feature", "properties": { "addr:city": null, "addr:housename": null, "addr:postcode": null, "addr:street": null, "addr:suburb": null, "addr:unit": null, "amenity": null, "brand": null, "brand:wikidata": null, "building": "yes", "cuisine": null, "fhrs:id": null, "internet_access": null, "name": null, "official_name": null, "opening_hours": null, "outdoor_seating": null, "phone": null, "source:addr": null, "takeaway": null, "toilets": null, "website": null, "osm_type": "way", "osm_id": 151472844, "postal_code": null, "building:levels": null, "elevator": null, "fee": null, "roof:shape": null, "source": "Bing", "tourism": null, "wheelchair": null, "wikidata": null, "wikipedia": null, "industrial": null, "historic": null, "office": null, "old_name": null, "addr:housenumber": null, "brand:wikipedia": null, "email": null, "operator": null, "payment:american_express": null, "payment:cash": null, "payment:cheque": null, "payment:mastercard": null, "payment:visa": null, "shop": null, "contact:website": null, "addr:country": null, "alt_name": null, "opening_hours:service": null, "club": null, "leisure": null, "sport": null, "access": null, "operator:type": null, "parking": null, "clothes": null, "roof:levels": null, "ref:GB:uprn": null, "branch": null, "check_date": null, "capacity": null, "landuse": null, "rooms": null, "bridge": null, "layer": null, "disused:amenity": null, "operator:website": null, "operator:wikidata": null, "addr:county": null, "addr:town": null, "check_date:compressed_air": null, "compressed_air": null, "fuel:diesel": null, "fuel:octane_95": null, "healthcare": null, "was:shop": null, "check_date:opening_hours": null, "contact:phone": null, "toilets:access": null, "isced:level": null, "loc_name": null, "max_age": null, "min_age": null, "ref:edubase": null, "ref:edubase:group": null, "religion": null, "school": null, "school:boarding": null, "school:gender": null, "school:group:type": null, "school:type": null, "power": null, "bicycle_parking": null, "covered": null, "food": null, "bench": null, "shelter_type": null, "payment:credit_cards": null, "payment:debit_cards": null, "construction": null, "fixme": null }, "geometry": { "type": "Polygon", "coordinates": [ [ [ 430647.824027448135894, 432018.449037402868271 ], [ 430655.016951747471467, 432013.800662857363932 ], [ 430661.051387247338425, 432023.097165676648729 ], [ 430683.119773900543805, 432008.854922885191627 ], [ 430658.04933014215203, 431970.194081773515791 ], [ 430628.781229241518304, 431989.095928933355026 ], [ 430647.824027448135894, 432018.449037402868271 ] ] ] } },
{ "type": "Feature", "properties": { "addr:city": null, "addr:housename": null, "addr:postcode": null, "addr:street": null, "addr:suburb": null, "addr:unit": null, "amenity": null, "brand": null, "brand:wikidata": null, "building": "yes", "cuisine": null, "fhrs:id": null, "internet_access": null, "name": null, "official_name": null, "opening_hours": null, "outdoor_seating": null, "phone": null, "source:addr": null, "takeaway": null, "toilets": null, "website": null, "osm_type": "way", "osm_id": 151472845, "postal_code": null, "building:levels": null, "elevator": null, "fee": null, "roof:shape": null, "source": "Bing", "tourism": null, "wheelchair": null, "wikidata": null, "wikipedia": null, "industrial": null, "historic": null, "office": null, "old_name": null, "addr:housenumber": null, "brand:wikipedia": null, "email": null, "operator": null, "payment:american_express": null, "payment:cash": null, "payment:cheque": null, "payment:mastercard": null, "payment:visa": null, "shop": null, "contact:website": null, "addr:country": null, "alt_name": null, "opening_hours:service": null, "club": null, "leisure": null, "sport": null, "access": null, "operator:type": null, "parking": null, "clothes": null, "roof:levels": null, "ref:GB:uprn": null, "branch": null, "check_date": null, "capacity": null, "landuse": null, "rooms": null, "bridge": null, "layer": null, "disused:amenity": null, "operator:website": null, "operator:wikidata": null, "addr:county": null, "addr:town": null, "check_date:compressed_air": null, "compressed_air": null, "fuel:diesel": null, "fuel:octane_95": null, "healthcare": null, "was:shop": null, "check_date:opening_hours": null, "contact:phone": null, "toilets:access": null, "isced:level": null, "loc_name": null, "max_age": null, "min_age": null, "ref:edubase": null, "ref:edubase:group": null, "religion": null, "school": null, "school:boarding": null, "school:gender": null, "school:group:type": null, "school:type": null, "power": null, "bicycle_parking": null, "covered": null, "food": null, "bench": null, "shelter_type": null, "payment:credit_cards": null, "payment:debit_cards": null, "construction": null, "fixme": null }, "geometry": { "type": "Polygon", "coordinates": [ [ [ 430741.727781137509737, 432096.057000217726454 ], [ 430767.797334585164208, 432119.793302905047312 ], [ 430795.611999227432534, 432089.378154476638883 ], [ 430769.548929371812847, 432065.652867035591044 ], [ 430741.727781137509737, 432096.057000217726454 ] ] ] } },
{ "type": "Feature", "properties": { "addr:city": "Leeds", "addr:housename": null, "addr:postcode": "LS10 1AD", "addr:street": "Whitehouse Street", "addr:suburb": null, "addr:unit": null, "amenity": null, "brand": "Tesla", "brand:wikidata": "Q478214", "building": "yes", "cuisine": null, "fhrs:id": null, "internet_access": null, "name": "Tesla", "official_name": null, "opening_hours": "Mo-Fr 09:00-18:00; Sa 09:00-17:00; Su 10:00-16:00", "outdoor_seating": null, "phone": "+44 1133 607811", "source:addr": null, "takeaway": null, "toilets": null, "website": "https://www.tesla.com/en_GB/findus/location/service/leedswhitehousestreet", "osm_type": "way", "osm_id": 151472854, "postal_code": null, "building:levels": null, "elevator": null, "fee": null, "roof:shape": null, "source": null, "tourism": null, "wheelchair": null, "wikidata": null, "wikipedia": null, "industrial": null, "historic": null, "office": null, "old_name": null, "addr:housenumber": "7", "brand:wikipedia": "en:Tesla, Inc.", "email": null, "operator": null, "payment:american_express": null, "payment:cash": null, "payment:cheque": null, "payment:mastercard": null, "payment:visa": null, "shop": "car", "contact:website": null, "addr:country": "GB", "alt_name": "Tesla Leeds-Whitehouse Street", "opening_hours:service": "Mo-Fr 08:00-18:00; Sa-Su off", "club": null, "leisure": null, "sport": null, "access": null, "operator:type": null, "parking": null, "clothes": null, "roof:levels": null, "ref:GB:uprn": null, "branch": null, "check_date": null, "capacity": null, "landuse": null, "rooms": null, "bridge": null, "layer": null, "disused:amenity": null, "operator:website": null, "operator:wikidata": null, "addr:county": null, "addr:town": null, "check_date:compressed_air": null, "compressed_air": null, "fuel:diesel": null, "fuel:octane_95": null, "healthcare": null, "was:shop": null, "check_date:opening_hours": null, "contact:phone": null, "toilets:access": null, "isced:level": null, "loc_name": null, "max_age": null, "min_age": null, "ref:edubase": null, "ref:edubase:group": null, "religion": null, "school": null, "school:boarding": null, "school:gender": null, "school:group:type": null, "school:type": null, "power": null, "bicycle_parking": null, "covered": null, "food": null, "bench": null, "shelter_type": null, "payment:credit_cards": null, "payment:debit_cards": null, "construction": null, "fixme": null }, "geometry": { "type": "Polygon", "coordinates": [ [ [ 430902.264854591689073, 432161.520952678169124 ], [ 430906.508061422558967, 432165.554359269444831 ], [ 430918.802565648336895, 432152.661961223231629 ], [ 430911.082132098963484, 432145.345636508660391 ], [ 430906.218747282517143, 432150.442875773762353 ], [ 430904.765027621760964, 432149.064768873737194 ], [ 430881.630072981119156, 432127.093824897427112 ], [ 430860.677116688922979, 432149.064147921511903 ], [ 430888.742926784500014, 432175.707103375229053 ], [ 430902.264854591689073, 432161.520952678169124 ] ] ] } },
{ "type": "Feature", "properties": { "addr:city": null, "addr:housename": null, "addr:postcode": null, "addr:street": null, "addr:suburb": null, "addr:unit": null, "amenity": null, "brand": null, "brand:wikidata": null, "building": "yes", "cuisine": null, "fhrs:id": null, "internet_access": null, "name": null, "official_name": null, "opening_hours": null, "outdoor_seating": null, "phone": null, "source:addr": null, "takeaway": null, "toilets": null, "website": null, "osm_type": "way", "osm_id": 151472856, "postal_code": null, "building:levels": null, "elevator": null, "fee": null, "roof:shape": null, "source": "Bing", "tourism": null, "wheelchair": null, "wikidata": null, "wikipedia": null, "industrial": null, "historic": null, "office": null, "old_name": null, "addr:housenumber": null, "brand:wikipedia": null, "email": null, "operator": null, "payment:american_express": null, "payment:cash": null, "payment:cheque": null, "payment:mastercard": null, "payment:visa": null, "shop": null, "contact:website": null, "addr:country": null, "alt_name": null, "opening_hours:service": null, "club": null, "leisure": null, "sport": null, "access": null, "operator:type": null, "parking": null, "clothes": null, "roof:levels": null, "ref:GB:uprn": null, "branch": null, "check_date": null, "capacity": null, "landuse": null, "rooms": null, "bridge": null, "layer": null, "disused:amenity": null, "operator:website": null, "operator:wikidata": null, "addr:county": null, "addr:town": null, "check_date:compressed_air": null, "compressed_air": null, "fuel:diesel": null, "fuel:octane_95": null, "healthcare": null, "was:shop": null, "check_date:opening_hours": null, "contact:phone": null, "toilets:access": null, "isced:level": null, "loc_name": null, "max_age": null, "min_age": null, "ref:edubase": null, "ref:edubase:group": null, "religion": null, "school": null, "school:boarding": null, "school:gender": null, "school:group:type": null, "school:type": null, "power": null, "bicycle_parking": null, "covered": null, "food": null, "bench": null, "shelter_type": null, "payment:credit_cards": null, "payment:debit_cards": null, "construction": null, "fixme": null }, "geometry": { "type": "Polygon", "coordinates": [ [ [ 430536.088055816246197, 432287.167813545209356 ], [ 430544.643092582584359, 432303.990840803016908 ], [ 430612.614541016460862, 432269.585696744034067 ], [ 430598.347792895219754, 432241.52110269817058 ], [ 430587.876261137134861, 432246.826914563891478 ], [ 430593.588169008377008, 432258.068344555445947 ], [ 430536.088055816246197, 432287.167813545209356 ] ] ] } },
{ "type": "Feature", "properties": { "addr:city": null, "addr:housename": null, "addr:postcode": null, "addr:street": null, "addr:suburb": null, "addr:unit": null, "amenity": null, "brand": null, "brand:wikidata": null, "building": "yes", "cuisine": null, "fhrs:id": null, "internet_access": null, "name": "Ricoh", "official_name": null, "opening_hours": null, "outdoor_seating": null, "phone": null, "source:addr": null, "takeaway": null, "toilets": null, "website": null, "osm_type": "way", "osm_id": 151472858, "postal_code": null, "building:levels": null, "elevator": null, "fee": null, "roof:shape": null, "source": "Bing", "tourism": null, "wheelchair": null, "wikidata": null, "wikipedia": null, "industrial": null, "historic": null, "office": null, "old_name": null, "addr:housenumber": null, "brand:wikipedia": null, "email": null, "operator": null, "payment:american_express": null, "payment:cash": null, "payment:cheque": null, "payment:mastercard": null, "payment:visa": null, "shop": null, "contact:website": null, "addr:country": null, "alt_name": null, "opening_hours:service": null, "club": null, "leisure": null, "sport": null, "access": null, "operator:type": null, "parking": null, "clothes": null, "roof:levels": null, "ref:GB:uprn": null, "branch": null, "check_date": null, "capacity": null, "landuse": null, "rooms": null, "bridge": null, "layer": null, "disused:amenity": null, "operator:website": null, "operator:wikidata": null, "addr:county": null, "addr:town": null, "check_date:compressed_air": null, "compressed_air": null, "fuel:diesel": null, "fuel:octane_95": null, "healthcare": null, "was:shop": null, "check_date:opening_hours": null, "contact:phone": null, "toilets:access": null, "isced:level": null, "loc_name": null, "max_age": null, "min_age": null, "ref:edubase": null, "ref:edubase:group": null, "religion": null, "school": null, "school:boarding": null, "school:gender": null, "school:group:type": null, "school:type": null, "power": null, "bicycle_parking": null, "covered": null, "food": null, "bench": null, "shelter_type": null, "payment:credit_cards": null, "payment:debit_cards": null, "construction": null, "fixme": null }, "geometry": { "type": "Polygon", "coordinates": [ [ [ 430919.591529939614702, 432112.890464192721993 ], [ 430931.698718261788599, 432124.463703425950371 ], [ 430942.201493407657836, 432113.517802992486395 ], [ 430930.09422874066513, 432101.955662644235417 ], [ 430919.591529939614702, 432112.890464192721993 ] ] ] } },
{ "type": "Feature", "properties": { "addr:city": null, "addr:housename": null, "addr:postcode": null, "addr:street": null, "addr:suburb": null, "addr:unit": null, "amenity": null, "brand": null, "brand:wikidata": null, "building": "yes", "cuisine": null, "fhrs:id": null, "internet_access": null, "name": null, "official_name": null, "opening_hours": null, "outdoor_seating": null, "phone": null, "source:addr": null, "takeaway": null, "toilets": null, "website": null, "osm_type": "way", "osm_id": 151472859, "postal_code": null, "building:levels": null, "elevator": null, "fee": null, "roof:shape": null, "source": "Bing", "tourism": null, "wheelchair": null, "wikidata": null, "wikipedia": null, "industrial": null, "historic": null, "office": null, "old_name": null, "addr:housenumber": null, "brand:wikipedia": null, "email": null, "operator": null, "payment:american_express": null, "payment:cash": null, "payment:cheque": null, "payment:mastercard": null, "payment:visa": null, "shop": null, "contact:website": null, "addr:country": null, "alt_name": null, "opening_hours:service": null, "club": null, "leisure": null, "sport": null, "access": null, "operator:type": null, "parking": null, "clothes": null, "roof:levels": null, "ref:GB:uprn": null, "branch": null, "check_date": null, "capacity": null, "landuse": null, "rooms": null, "bridge": null, "layer": null, "disused:amenity": null, "operator:website": null, "operator:wikidata": null, "addr:county": null, "addr:town": null, "check_date:compressed_air": null, "compressed_air": null, "fuel:diesel": null, "fuel:octane_95": null, "healthcare": null, "was:shop": null, "check_date:opening_hours": null, "contact:phone": null, "toilets:access": null, "isced:level": null, "loc_name": null, "max_age": null, "min_age": null, "ref:edubase": null, "ref:edubase:group": null, "religion": null, "school": null, "school:boarding": null, "school:gender": null, "school:group:type": null, "school:type": null, "power": null, "bicycle_parking": null, "covered": null, "food": null, "bench": null, "shelter_type": null, "payment:credit_cards": null, "payment:debit_cards": null, "construction": null, "fixme": null }, "geometry": { "type": "Polygon", "coordinates": [ [ [ 430724.83603677659994, 432031.135529367951676 ], [ 430743.002099508012179, 432010.092099763685837 ], [ 430732.49954759015236, 431994.858165271230973 ], [ 430705.516048293677159, 432013.017892812145874 ], [ 430724.83603677659994, 432031.135529367951676 ] ] ] } },
{ "type": "Feature", "properties": { "addr:city": null, "addr:housename": null, "addr:postcode": null, "addr:street": null, "addr:suburb": null, "addr:unit": null, "amenity": null, "brand": null, "brand:wikidata": null, "building": "yes", "cuisine": null, "fhrs:id": null, "internet_access": null, "name": null, "official_name": null, "opening_hours": null, "outdoor_seating": null, "phone": null, "source:addr": null, "takeaway": null, "toilets": null, "website": null, "osm_type": "way", "osm_id": 151472860, "postal_code": null, "building:levels": null, "elevator": null, "fee": null, "roof:shape": null, "source": "Bing", "tourism": null, "wheelchair": null, "wikidata": null, "wikipedia": null, "industrial": null, "historic": null, "office": null, "old_name": null, "addr:housenumber": null, "brand:wikipedia": null, "email": null, "operator": null, "payment:american_express": null, "payment:cash": null, "payment:cheque": null, "payment:mastercard": null, "payment:visa": null, "shop": null, "contact:website": null, "addr:country": null, "alt_name": null, "opening_hours:service": null, "club": null, "leisure": null, "sport": null, "access": null, "operator:type": null, "parking": null, "clothes": null, "roof:levels": null, "ref:GB:uprn": null, "branch": null, "check_date": null, "capacity": null, "landuse": null, "rooms": null, "bridge": null, "layer": null, "disused:amenity": null, "operator:website": null, "operator:wikidata": null, "addr:county": null, "addr:town": null, "check_date:compressed_air": null, "compressed_air": null, "fuel:diesel": null, "fuel:octane_95": null, "healthcare": null, "was:shop": null, "check_date:opening_hours": null, "contact:phone": null, "toilets:access": null, "isced:level": null, "loc_name": null, "max_age": null, "min_age": null, "ref:edubase": null, "ref:edubase:group": null, "religion": null, "school": null, "school:boarding": null, "school:gender": null, "school:group:type": null, "school:type": null, "power": null, "bicycle_parking": null, "covered": null, "food": null, "bench": null, "shelter_type": null, "payment:credit_cards": null, "payment:debit_cards": null, "construction": null, "fixme": null }, "geometry": { "type": "Polygon", "coordinates": [ [ [ 430695.65927302633645, 432055.233557388535701 ], [ 430715.298754326766357, 432033.54319724929519 ], [ 430702.027011888800189, 432021.584619132918306 ], [ 430691.666360657545738, 432033.021541185793467 ], [ 430687.270792231429368, 432029.065222188364714 ], [ 430677.992049659835175, 432039.307598335901275 ], [ 430695.65927302633645, 432055.233557388535701 ] ] ] } },
{ "type": "Feature", "properties": { "addr:city": null, "addr:housename": null, "addr:postcode": null, "addr:street": null, "addr:suburb": null, "addr:unit": null, "amenity": null, "brand": null, "brand:wikidata": null, "building": "yes", "cuisine": null, "fhrs:id": null, "internet_access": null, "name": "Thermal Engineering Contracts Ltd", "official_name": null, "opening_hours": null, "outdoor_seating": null, "phone": null, "source:addr": null, "takeaway": null, "toilets": null, "website": null, "osm_type": "way", "osm_id": 151472862, "postal_code": null, "building:levels": null, "elevator": null, "fee": null, "roof:shape": null, "source": "Bing", "tourism": null, "wheelchair": null, "wikidata": null, "wikipedia": null, "industrial": null, "historic": null, "office": "company", "old_name": null, "addr:housenumber": null, "brand:wikipedia": null, "email": null, "operator": null, "payment:american_express": null, "payment:cash": null, "payment:cheque": null, "payment:mastercard": null, "payment:visa": null, "shop": null, "contact:website": null, "addr:country": null, "alt_name": null, "opening_hours:service": null, "club": null, "leisure": null, "sport": null, "access": null, "operator:type": null, "parking": null, "clothes": null, "roof:levels": null, "ref:GB:uprn": null, "branch": null, "check_date": null, "capacity": null, "landuse": null, "rooms": null, "bridge": null, "layer": null, "disused:amenity": null, "operator:website": null, "operator:wikidata": null, "addr:county": null, "addr:town": null, "check_date:compressed_air": null, "compressed_air": null, "fuel:diesel": null, "fuel:octane_95": null, "healthcare": null, "was:shop": null, "check_date:opening_hours": null, "contact:phone": null, "toilets:access": null, "isced:level": null, "loc_name": null, "max_age": null, "min_age": null, "ref:edubase": null, "ref:edubase:group": null, "religion": null, "school": null, "school:boarding": null, "school:gender": null, "school:group:type": null, "school:type": null, "power": null, "bicycle_parking": null, "covered": null, "food": null, "bench": null, "shelter_type": null, "payment:credit_cards": null, "payment:debit_cards": null, "construction": null, "fixme": null }, "geometry": { "type": "Polygon", "coordinates": [ [ [ 430752.342529457353521, 431999.516464638640173 ], [ 430761.154698663740419, 431991.129277298692614 ], [ 430751.480659803724848, 431981.196864815661684 ], [ 430742.139836927584838, 431987.800395579775795 ], [ 430752.342529457353521, 431999.516464638640173 ] ] ] } },
{ "type": "Feature", "properties": { "addr:city": null, "addr:housename": null, "addr:postcode": null, "addr:street": null, "addr:suburb": null, "addr:unit": null, "amenity": null, "brand": null, "brand:wikidata": null, "building": "yes", "cuisine": null, "fhrs:id": null, "internet_access": null, "name": null, "official_name": null, "opening_hours": null, "outdoor_seating": null, "phone": null, "source:addr": null, "takeaway": null, "toilets": null, "website": null, "osm_type": "way", "osm_id": 151472864, "postal_code": null, "building:levels": null, "elevator": null, "fee": null, "roof:shape": null, "source": "Bing", "tourism": null, "wheelchair": null, "wikidata": null, "wikipedia": null, "industrial": null, "historic": null, "office": null, "old_name": null, "addr:housenumber": null, "brand:wikipedia": null, "email": null, "operator": null, "payment:american_express": null, "payment:cash": null, "payment:cheque": null, "payment:mastercard": null, "payment:visa": null, "shop": null, "contact:website": null, "addr:country": null, "alt_name": null, "opening_hours:service": null, "club": null, "leisure": null, "sport": null, "access": null, "operator:type": null, "parking": null, "clothes": null, "roof:levels": null, "ref:GB:uprn": null, "branch": null, "check_date": null, "capacity": null, "landuse": null, "rooms": null, "bridge": null, "layer": null, "disused:amenity": null, "operator:website": null, "operator:wikidata": null, "addr:county": null, "addr:town": null, "check_date:compressed_air": null, "compressed_air": null, "fuel:diesel": null, "fuel:octane_95": null, "healthcare": null, "was:shop": null, "check_date:opening_hours": null, "contact:phone": null, "toilets:access": null, "isced:level": null, "loc_name": null, "max_age": null, "min_age": null, "ref:edubase": null, "ref:edubase:group": null, "religion": null, "school": null, "school:boarding": null, "school:gender": null, "school:group:type": null, "school:type": null, "power": null, "bicycle_parking": null, "covered": null, "food": null, "bench": null, "shelter_type": null, "payment:credit_cards": null, "payment:debit_cards": null, "construction": null, "fixme": null }, "geometry": { "type": "Polygon", "coordinates": [ [ [ 430581.608305236906745, 432299.725229461444542 ], [ 430566.131215821194928, 432320.942545187077485 ], [ 430587.280350366723724, 432336.301075416151434 ], [ 430602.757486734015401, 432315.083829005947337 ], [ 430581.608305236906745, 432299.725229461444542 ] ] ] } },
{ "type": "Feature", "properties": { "addr:city": null, "addr:housename": null, "addr:postcode": null, "addr:street": null, "addr:suburb": null, "addr:unit": null, "amenity": null, "brand": null, "brand:wikidata": null, "building": "yes", "cuisine": null, "fhrs:id": null, "internet_access": null, "name": null, "official_name": null, "opening_hours": null, "outdoor_seating": null, "phone": null, "source:addr": null, "takeaway": null, "toilets": null, "website": null, "osm_type": "way", "osm_id": 151472866, "postal_code": null, "building:levels": null, "elevator": null, "fee": null, "roof:shape": null, "source": "Bing", "tourism": null, "wheelchair": null, "wikidata": null, "wikipedia": null, "industrial": null, "historic": null, "office": null, "old_name": null, "addr:housenumber": null, "brand:wikipedia": null, "email": null, "operator": null, "payment:american_express": null, "payment:cash": null, "payment:cheque": null, "payment:mastercard": null, "payment:visa": null, "shop": null, "contact:website": null, "addr:country": null, "alt_name": null, "opening_hours:service": null, "club": null, "leisure": null, "sport": null, "access": null, "operator:type": null, "parking": null, "clothes": null, "roof:levels": null, "ref:GB:uprn": null, "branch": null, "check_date": null, "capacity": null, "landuse": null, "rooms": null, "bridge": null, "layer": null, "disused:amenity": null, "operator:website": null, "operator:wikidata": null, "addr:county": null, "addr:town": null, "check_date:compressed_air": null, "compressed_air": null, "fuel:diesel": null, "fuel:octane_95": null, "healthcare": null, "was:shop": null, "check_date:opening_hours": null, "contact:phone": null, "toilets:access": null, "isced:level": null, "loc_name": null, "max_age": null, "min_age": null, "ref:edubase": null, "ref:edubase:group": null, "religion": null, "school": null, "school:boarding": null, "school:gender": null, "school:group:type": null, "school:type": null, "power": null, "bicycle_parking": null, "covered": null, "food": null, "bench": null, "shelter_type": null, "payment:credit_cards": null, "payment:debit_cards": null, "construction": null, "fixme": null }, "geometry": { "type": "Polygon", "coordinates": [ [ [ 430739.817607929231599, 432028.496477451990359 ], [ 430747.763985304685775, 432035.591465998906642 ], [ 430751.474486452003475, 432031.454506732523441 ], [ 430754.861410808225628, 432034.469669149606489 ], [ 430769.856051650713198, 432017.767102918820456 ], [ 430758.529401240928564, 432007.645826952648349 ], [ 430739.817607929231599, 432028.496477451990359 ] ] ] } },
{ "type": "Feature", "properties": { "addr:city": null, "addr:housename": null, "addr:postcode": null, "addr:street": null, "addr:suburb": null, "addr:unit": null, "amenity": null, "brand": null, "brand:wikidata": null, "building": "yes", "cuisine": null, "fhrs:id": null, "internet_access": null, "name": null, "official_name": null, "opening_hours": null, "outdoor_seating": null, "phone": null, "source:addr": null, "takeaway": null, "toilets": null, "website": null, "osm_type": "way", "osm_id": 151472868, "postal_code": null, "building:levels": null, "elevator": null, "fee": null, "roof:shape": null, "source": "Bing", "tourism": null, "wheelchair": null, "wikidata": null, "wikipedia": null, "industrial": null, "historic": null, "office": null, "old_name": null, "addr:housenumber": null, "brand:wikipedia": null, "email": null, "operator": null, "payment:american_express": null, "payment:cash": null, "payment:cheque": null, "payment:mastercard": null, "payment:visa": null, "shop": null, "contact:website": null, "addr:country": null, "alt_name": null, "opening_hours:service": null, "club": null, "leisure": null, "sport": null, "access": null, "operator:type": null, "parking": null, "clothes": null, "roof:levels": null, "ref:GB:uprn": null, "branch": null, "check_date": null, "capacity": null, "landuse": null, "rooms": null, "bridge": null, "layer": null, "disused:amenity": null, "operator:website": null, "operator:wikidata": null, "addr:county": null, "addr:town": null, "check_date:compressed_air": null, "compressed_air": null, "fuel:diesel": null, "fuel:octane_95": null, "healthcare": null, "was:shop": null, "check_date:opening_hours": null, "contact:phone": null, "toilets:access": null, "isced:level": null, "loc_name": null, "max_age": null, "min_age": null, "ref:edubase": null, "ref:edubase:group": null, "religion": null, "school": null, "school:boarding": null, "school:gender": null, "school:group:type": null, "school:type": null, "power": null, "bicycle_parking": null, "covered": null, "food": null, "bench": null, "shelter_type": null, "payment:credit_cards": null, "payment:debit_cards": null, "construction": null, "fixme": null }, "geometry": { "type": "Polygon", "coordinates": [ [ [ 430744.253428441181313, 432140.044838710920885 ], [ 430750.140364576596767, 432133.574467658763751 ], [ 430739.77778967411723, 432124.182757328380831 ], [ 430733.884194717160426, 432130.664224065141752 ], [ 430744.253428441181313, 432140.044838710920885 ] ] ] } },
{ "type": "Feature", "properties": { "addr:city": null, "addr:housename": null, "addr:postcode": null, "addr:street": null, "addr:suburb": null, "addr:unit": null, "amenity": null, "brand": null, "brand:wikidata": null, "building": "yes", "cuisine": null, "fhrs:id": null, "internet_access": null, "name": "Lone Star", "official_name": null, "opening_hours": null, "outdoor_seating": null, "phone": null, "source:addr": null, "takeaway": null, "toilets": null, "website": null, "osm_type": "way", "osm_id": 151472870, "postal_code": null, "building:levels": null, "elevator": null, "fee": null, "roof:shape": null, "source": "Bing", "tourism": null, "wheelchair": null, "wikidata": null, "wikipedia": null, "industrial": "machine_shop", "historic": null, "office": null, "old_name": null, "addr:housenumber": null, "brand:wikipedia": null, "email": null, "operator": null, "payment:american_express": null, "payment:cash": null, "payment:cheque": null, "payment:mastercard": null, "payment:visa": null, "shop": null, "contact:website": null, "addr:country": null, "alt_name": null, "opening_hours:service": null, "club": null, "leisure": null, "sport": null, "access": null, "operator:type": null, "parking": null, "clothes": null, "roof:levels": null, "ref:GB:uprn": null, "branch": null, "check_date": null, "capacity": null, "landuse": null, "rooms": null, "bridge": null, "layer": null, "disused:amenity": null, "operator:website": null, "operator:wikidata": null, "addr:county": null, "addr:town": null, "check_date:compressed_air": null, "compressed_air": null, "fuel:diesel": null, "fuel:octane_95": null, "healthcare": null, "was:shop": null, "check_date:opening_hours": null, "contact:phone": null, "toilets:access": null, "isced:level": null, "loc_name": null, "max_age": null, "min_age": null, "ref:edubase": null, "ref:edubase:group": null, "religion": null, "school": null, "school:boarding": null, "school:gender": null, "school:group:type": null, "school:type": null, "power": null, "bicycle_parking": null, "covered": null, "food": null, "bench": null, "shelter_type": null, "payment:credit_cards": null, "payment:debit_cards": null, "construction": null, "fixme": null }, "geometry": { "type": "Polygon", "coordinates": [ [ [ 430856.011740839108825, 432293.520238470169716 ], [ 430858.112514692649711, 432295.692553122178651 ], [ 430866.030104871199001, 432288.022897948045284 ], [ 430860.172590289032087, 432281.998428478254937 ], [ 430885.145666351367254, 432257.80701852159109 ], [ 430853.61935978179099, 432225.411272422410548 ], [ 430828.878343850257806, 432249.381845914758742 ], [ 430854.835054073133506, 432276.055267188581638 ], [ 430846.652235251909588, 432283.979105103877373 ], [ 430838.661030593153555, 432275.771011081407778 ], [ 430798.993888979079202, 432314.197013936238363 ], [ 430816.304779696394689, 432331.990339297801256 ], [ 430856.011740839108825, 432293.520238470169716 ] ] ] } },
{ "type": "Feature", "properties": { "addr:city": null, "addr:housename": null, "addr:postcode": null, "addr:street": null, "addr:suburb": null, "addr:unit": null, "amenity": null, "brand": null, "brand:wikidata": null, "building": "yes", "cuisine": null, "fhrs:id": null, "internet_access": null, "name": "Mitchell Fox", "official_name": null, "opening_hours": null, "outdoor_seating": null, "phone": null, "source:addr": null, "takeaway": null, "toilets": null, "website": null, "osm_type": "way", "osm_id": 151472871, "postal_code": null, "building:levels": null, "elevator": null, "fee": null, "roof:shape": null, "source": "Bing", "tourism": null, "wheelchair": null, "wikidata": null, "wikipedia": null, "industrial": null, "historic": null, "office": null, "old_name": null, "addr:housenumber": null, "brand:wikipedia": null, "email": null, "operator": null, "payment:american_express": null, "payment:cash": null, "payment:cheque": null, "payment:mastercard": null, "payment:visa": null, "shop": "trade", "contact:website": null, "addr:country": null, "alt_name": null, "opening_hours:service": null, "club": null, "leisure": null, "sport": null, "access": null, "operator:type": null, "parking": null, "clothes": null, "roof:levels": null, "ref:GB:uprn": null, "branch": null, "check_date": null, "capacity": null, "landuse": null, "rooms": null, "bridge": null, "layer": null, "disused:amenity": null, "operator:website": null, "operator:wikidata": null, "addr:county": null, "addr:town": null, "check_date:compressed_air": null, "compressed_air": null, "fuel:diesel": null, "fuel:octane_95": null, "healthcare": null, "was:shop": null, "check_date:opening_hours": null, "contact:phone": null, "toilets:access": null, "isced:level": null, "loc_name": null, "max_age": null, "min_age": null, "ref:edubase": null, "ref:edubase:group": null, "religion": null, "school": null, "school:boarding": null, "school:gender": null, "school:group:type": null, "school:type": null, "power": null, "bicycle_parking": null, "covered": null, "food": null, "bench": null, "shelter_type": null, "payment:credit_cards": null, "payment:debit_cards": null, "construction": null, "fixme": null }, "geometry": { "type": "Polygon", "coordinates": [ [ [ 430844.311081789317541, 432036.480418139370158 ], [ 430849.613787784823216, 432025.700438836007379 ], [ 430828.214584294939414, 432015.223558829748072 ], [ 430824.087356482283212, 432023.60798606055323 ], [ 430837.112054377328604, 432029.990993462968618 ], [ 430835.936682158848271, 432032.375440392643213 ], [ 430844.311081789317541, 432036.480418139370158 ] ] ] } },
{ "type": "Feature", "properties": { "addr:city": "Leeds", "addr:housename": null, "addr:postcode": "LS10 1JX", "addr:street": "South Accommodation Road", "addr:suburb": "Hunslet", "addr:unit": null, "amenity": null, "brand": "TeamSport Go Karting", "brand:wikidata": "Q7691413", "building": "yes", "cuisine": null, "fhrs:id": "813496", "internet_access": null, "name": "TeamSport Leeds", "official_name": null, "opening_hours": null, "outdoor_seating": null, "phone": "+44 844 998 0000", "source:addr": null, "takeaway": null, "toilets": null, "website": "https://www.team-sport.co.uk/go-kart-tracks/leeds", "osm_type": "way", "osm_id": 151472872, "postal_code": null, "building:levels": null, "elevator": null, "fee": null, "roof:shape": null, "source": "Bing", "tourism": null, "wheelchair": null, "wikidata": null, "wikipedia": null, "industrial": null, "historic": null, "office": null, "old_name": null, "addr:housenumber": null, "brand:wikipedia": null, "email": null, "operator": null, "payment:american_express": null, "payment:cash": null, "payment:cheque": null, "payment:mastercard": null, "payment:visa": null, "shop": null, "contact:website": null, "addr:country": null, "alt_name": null, "opening_hours:service": null, "club": "sport", "leisure": "sports_centre", "sport": "karting", "access": null, "operator:type": null, "parking": null, "clothes": null, "roof:levels": null, "ref:GB:uprn": null, "branch": null, "check_date": null, "capacity": null, "landuse": null, "rooms": null, "bridge": null, "layer": null, "disused:amenity": null, "operator:website": null, "operator:wikidata": null, "addr:county": null, "addr:town": null, "check_date:compressed_air": null, "compressed_air": null, "fuel:diesel": null, "fuel:octane_95": null, "healthcare": null, "was:shop": null, "check_date:opening_hours": null, "contact:phone": null, "toilets:access": null, "isced:level": null, "loc_name": null, "max_age": null, "min_age": null, "ref:edubase": null, "ref:edubase:group": null, "religion": null, "school": null, "school:boarding": null, "school:gender": null, "school:group:type": null, "school:type": null, "power": null, "bicycle_parking": null, "covered": null, "food": null, "bench": null, "shelter_type": null, "payment:credit_cards": null, "payment:debit_cards": null, "construction": null, "fixme": null }, "geometry": { "type": "Polygon", "coordinates": [ [ [ 430969.61079353094101, 432432.512917400803417 ], [ 431012.023826164309867, 432432.314382632961497 ], [ 431012.047290699381847, 432329.985463559860364 ], [ 430970.163059778802563, 432329.786946057109162 ], [ 430969.61079353094101, 432432.512917400803417 ] ] ] } },
{ "type": "Feature", "properties": { "addr:city": null, "addr:housename": null, "addr:postcode": null, "addr:street": null, "addr:suburb": null, "addr:unit": null, "amenity": null, "brand": null, "brand:wikidata": null, "building": "yes", "cuisine": null, "fhrs:id": null, "internet_access": null, "name": null, "official_name": null, "opening_hours": null, "outdoor_seating": null, "phone": null, "source:addr": null, "takeaway": null, "toilets": null, "website": null, "osm_type": "way", "osm_id": 151472874, "postal_code": null, "building:levels": null, "elevator": null, "fee": null, "roof:shape": null, "source": "Bing", "tourism": null, "wheelchair": null, "wikidata": null, "wikipedia": null, "industrial": null, "historic": null, "office": null, "old_name": null, "addr:housenumber": null, "brand:wikipedia": null, "email": null, "operator": null, "payment:american_express": null, "payment:cash": null, "payment:cheque": null, "payment:mastercard": null, "payment:visa": null, "shop": null, "contact:website": null, "addr:country": null, "alt_name": null, "opening_hours:service": null, "club": null, "leisure": null, "sport": null, "access": null, "operator:type": null, "parking": null, "clothes": null, "roof:levels": null, "ref:GB:uprn": null, "branch": null, "check_date": null, "capacity": null, "landuse": null, "rooms": null, "bridge": null, "layer": null, "disused:amenity": null, "operator:website": null, "operator:wikidata": null, "addr:county": null, "addr:town": null, "check_date:compressed_air": null, "compressed_air": null, "fuel:diesel": null, "fuel:octane_95": null, "healthcare": null, "was:shop": null, "check_date:opening_hours": null, "contact:phone": null, "toilets:access": null, "isced:level": null, "loc_name": null, "max_age": null, "min_age": null, "ref:edubase": null, "ref:edubase:group": null, "religion": null, "school": null, "school:boarding": null, "school:gender": null, "school:group:type": null, "school:type": null, "power": null, "bicycle_parking": null, "covered": null, "food": null, "bench": null, "shelter_type": null, "payment:credit_cards": null, "payment:debit_cards": null, "construction": null, "fixme": null }, "geometry": { "type": "Polygon", "coordinates": [ [ [ 430797.681152672506869, 432147.638133045518771 ], [ 430813.381420042191166, 432161.949455775204115 ], [ 430844.540897856000811, 432127.907100272015668 ], [ 430828.966674275405239, 432113.462985150516033 ], [ 430797.681152672506869, 432147.638133045518771 ] ] ] } },
{ "type": "Feature", "properties": { "addr:city": null, "addr:housename": null, "addr:postcode": null, "addr:street": null, "addr:suburb": null, "addr:unit": null, "amenity": null, "brand": null, "brand:wikidata": null, "building": "yes", "cuisine": null, "fhrs:id": null, "internet_access": null, "name": null, "official_name": null, "opening_hours": null, "outdoor_seating": null, "phone": null, "source:addr": null, "takeaway": null, "toilets": null, "website": null, "osm_type": "way", "osm_id": 151472877, "postal_code": null, "building:levels": null, "elevator": null, "fee": null, "roof:shape": null, "source": "Bing", "tourism": null, "wheelchair": null, "wikidata": null, "wikipedia": null, "industrial": null, "historic": null, "office": null, "old_name": null, "addr:housenumber": null, "brand:wikipedia": null, "email": null, "operator": null, "payment:american_express": null, "payment:cash": null, "payment:cheque": null, "payment:mastercard": null, "payment:visa": null, "shop": null, "contact:website": null, "addr:country": null, "alt_name": null, "opening_hours:service": null, "club": null, "leisure": null, "sport": null, "access": null, "operator:type": null, "parking": null, "clothes": null, "roof:levels": null, "ref:GB:uprn": null, "branch": null, "check_date": null, "capacity": null, "landuse": null, "rooms": null, "bridge": null, "layer": null, "disused:amenity": null, "operator:website": null, "operator:wikidata": null, "addr:county": null, "addr:town": null, "check_date:compressed_air": null, "compressed_air": null, "fuel:diesel": null, "fuel:octane_95": null, "healthcare": null, "was:shop": null, "check_date:opening_hours": null, "contact:phone": null, "toilets:access": null, "isced:level": null, "loc_name": null, "max_age": null, "min_age": null, "ref:edubase": null, "ref:edubase:group": null, "religion": null, "school": null, "school:boarding": null, "school:gender": null, "school:group:type": null, "school:type": null, "power": null, "bicycle_parking": null, "covered": null, "food": null, "bench": null, "shelter_type": null, "payment:credit_cards": null, "payment:debit_cards": null, "construction": null, "fixme": null }, "geometry": { "type": "Polygon", "coordinates": [ [ [ 430494.805364279309288, 432018.69921884208452 ], [ 430495.651433325838298, 432018.293037582654506 ], [ 430522.460929662222043, 432005.482744870125316 ], [ 430495.961429603863508, 431949.233891649637371 ], [ 430469.006026928487699, 431963.16715077846311 ], [ 430494.805364279309288, 432018.69921884208452 ] ] ] } },
{ "type": "Feature", "properties": { "addr:city": null, "addr:housename": null, "addr:postcode": null, "addr:street": null, "addr:suburb": null, "addr:unit": null, "amenity": null, "brand": null, "brand:wikidata": null, "building": "yes", "cuisine": null, "fhrs:id": null, "internet_access": null, "name": null, "official_name": null, "opening_hours": null, "outdoor_seating": null, "phone": null, "source:addr": null, "takeaway": null, "toilets": null, "website": null, "osm_type": "way", "osm_id": 151472879, "postal_code": null, "building:levels": null, "elevator": null, "fee": null, "roof:shape": null, "source": "Bing", "tourism": null, "wheelchair": null, "wikidata": null, "wikipedia": null, "industrial": null, "historic": null, "office": null, "old_name": null, "addr:housenumber": null, "brand:wikipedia": null, "email": null, "operator": null, "payment:american_express": null, "payment:cash": null, "payment:cheque": null, "payment:mastercard": null, "payment:visa": null, "shop": null, "contact:website": null, "addr:country": null, "alt_name": null, "opening_hours:service": null, "club": null, "leisure": null, "sport": null, "access": null, "operator:type": null, "parking": null, "clothes": null, "roof:levels": null, "ref:GB:uprn": null, "branch": null, "check_date": null, "capacity": null, "landuse": null, "rooms": null, "bridge": null, "layer": null, "disused:amenity": null, "operator:website": null, "operator:wikidata": null, "addr:county": null, "addr:town": null, "check_date:compressed_air": null, "compressed_air": null, "fuel:diesel": null, "fuel:octane_95": null, "healthcare": null, "was:shop": null, "check_date:opening_hours": null, "contact:phone": null, "toilets:access": null, "isced:level": null, "loc_name": null, "max_age": null, "min_age": null, "ref:edubase": null, "ref:edubase:group": null, "religion": null, "school": null, "school:boarding": null, "school:gender": null, "school:group:type": null, "school:type": null, "power": null, "bicycle_parking": null, "covered": null, "food": null, "bench": null, "shelter_type": null, "payment:credit_cards": null, "payment:debit_cards": null, "construction": null, "fixme": null }, "geometry": { "type": "Polygon", "coordinates": [ [ [ 430860.677116688922979, 432149.064147921511903 ], [ 430859.13831305259373, 432147.596485491958447 ], [ 430829.056159922969528, 432179.131262099836022 ], [ 430865.968554931692779, 432214.176922471961007 ], [ 430877.506360302970279, 432202.091667644912377 ], [ 430896.05073786561843, 432182.642381433513947 ], [ 430890.923463754123077, 432177.77981946663931 ], [ 430888.742926784500014, 432175.707103375229053 ], [ 430860.677116688922979, 432149.064147921511903 ] ] ] } },
{ "type": "Feature", "properties": { "addr:city": null, "addr:housename": null, "addr:postcode": null, "addr:street": null, "addr:suburb": null, "addr:unit": null, "amenity": null, "brand": null, "brand:wikidata": null, "building": "yes", "cuisine": null, "fhrs:id": null, "internet_access": null, "name": null, "official_name": null, "opening_hours": null, "outdoor_seating": null, "phone": null, "source:addr": null, "takeaway": null, "toilets": null, "website": null, "osm_type": "way", "osm_id": 151472882, "postal_code": null, "building:levels": null, "elevator": null, "fee": null, "roof:shape": null, "source": "Bing", "tourism": null, "wheelchair": null, "wikidata": null, "wikipedia": null, "industrial": null, "historic": null, "office": null, "old_name": null, "addr:housenumber": null, "brand:wikipedia": null, "email": null, "operator": null, "payment:american_express": null, "payment:cash": null, "payment:cheque": null, "payment:mastercard": null, "payment:visa": null, "shop": null, "contact:website": null, "addr:country": null, "alt_name": null, "opening_hours:service": null, "club": null, "leisure": null, "sport": null, "access": null, "operator:type": null, "parking": null, "clothes": null, "roof:levels": null, "ref:GB:uprn": null, "branch": null, "check_date": null, "capacity": null, "landuse": null, "rooms": null, "bridge": null, "layer": null, "disused:amenity": null, "operator:website": null, "operator:wikidata": null, "addr:county": null, "addr:town": null, "check_date:compressed_air": null, "compressed_air": null, "fuel:diesel": null, "fuel:octane_95": null, "healthcare": null, "was:shop": null, "check_date:opening_hours": null, "contact:phone": null, "toilets:access": null, "isced:level": null, "loc_name": null, "max_age": null, "min_age": null, "ref:edubase": null, "ref:edubase:group": null, "religion": null, "school": null, "school:boarding": null, "school:gender": null, "school:group:type": null, "school:type": null, "power": null, "bicycle_parking": null, "covered": null, "food": null, "bench": null, "shelter_type": null, "payment:credit_cards": null, "payment:debit_cards": null, "construction": null, "fixme": null }, "geometry": { "type": "Polygon", "coordinates": [ [ [ 430706.964961930993013, 432057.477095318841748 ], [ 430712.263363098725677, 432062.418454981059767 ], [ 430724.393159572966397, 432049.479968457133509 ], [ 430719.094756198755931, 432044.538595163496211 ], [ 430706.964961930993013, 432057.477095318841748 ] ] ] } },
{ "type": "Feature", "properties": { "addr:city": null, "addr:housename": null, "addr:postcode": null, "addr:street": null, "addr:suburb": null, "addr:unit": null, "amenity": null, "brand": null, "brand:wikidata": null, "building": "yes", "cuisine": null, "fhrs:id": null, "internet_access": null, "name": null, "official_name": null, "opening_hours": null, "outdoor_seating": null, "phone": null, "source:addr": null, "takeaway": null, "toilets": null, "website": null, "osm_type": "way", "osm_id": 151472885, "postal_code": null, "building:levels": null, "elevator": null, "fee": null, "roof:shape": null, "source": "Bing", "tourism": null, "wheelchair": null, "wikidata": null, "wikipedia": null, "industrial": null, "historic": null, "office": null, "old_name": null, "addr:housenumber": null, "brand:wikipedia": null, "email": null, "operator": null, "payment:american_express": null, "payment:cash": null, "payment:cheque": null, "payment:mastercard": null, "payment:visa": null, "shop": null, "contact:website": null, "addr:country": null, "alt_name": null, "opening_hours:service": null, "club": null, "leisure": null, "sport": null, "access": null, "operator:type": null, "parking": null, "clothes": null, "roof:levels": null, "ref:GB:uprn": null, "branch": null, "check_date": null, "capacity": null, "landuse": null, "rooms": null, "bridge": null, "layer": null, "disused:amenity": null, "operator:website": null, "operator:wikidata": null, "addr:county": null, "addr:town": null, "check_date:compressed_air": null, "compressed_air": null, "fuel:diesel": null, "fuel:octane_95": null, "healthcare": null, "was:shop": null, "check_date:opening_hours": null, "contact:phone": null, "toilets:access": null, "isced:level": null, "loc_name": null, "max_age": null, "min_age": null, "ref:edubase": null, "ref:edubase:group": null, "religion": null, "school": null, "school:boarding": null, "school:gender": null, "school:group:type": null, "school:type": null, "power": null, "bicycle_parking": null, "covered": null, "food": null, "bench": null, "shelter_type": null, "payment:credit_cards": null, "payment:debit_cards": null, "construction": null, "fixme": null }, "geometry": { "type": "Polygon", "coordinates": [ [ [ 430799.744298927485943, 432252.016782711725682 ], [ 430753.231019826314878, 432297.541391651262529 ], [ 430765.815164824249223, 432304.689043004531413 ], [ 430808.859545588318724, 432262.657726139063016 ], [ 430799.744298927485943, 432252.016782711725682 ] ] ] } },
{ "type": "Feature", "properties": { "addr:city": null, "addr:housename": null, "addr:postcode": null, "addr:street": null, "addr:suburb": null, "addr:unit": null, "amenity": null, "brand": null, "brand:wikidata": null, "building": "yes", "cuisine": null, "fhrs:id": null, "internet_access": null, "name": null, "official_name": null, "opening_hours": null, "outdoor_seating": null, "phone": null, "source:addr": null, "takeaway": null, "toilets": null, "website": null, "osm_type": "way", "osm_id": 151472886, "postal_code": null, "building:levels": null, "elevator": null, "fee": null, "roof:shape": null, "source": "Bing", "tourism": null, "wheelchair": null, "wikidata": null, "wikipedia": null, "industrial": null, "historic": null, "office": null, "old_name": null, "addr:housenumber": null, "brand:wikipedia": null, "email": null, "operator": null, "payment:american_express": null, "payment:cash": null, "payment:cheque": null, "payment:mastercard": null, "payment:visa": null, "shop": null, "contact:website": null, "addr:country": null, "alt_name": null, "opening_hours:service": null, "club": null, "leisure": null, "sport": null, "access": null, "operator:type": null, "parking": null, "clothes": null, "roof:levels": null, "ref:GB:uprn": null, "branch": null, "check_date": null, "capacity": null, "landuse": null, "rooms": null, "bridge": null, "layer": null, "disused:amenity": null, "operator:website": null, "operator:wikidata": null, "addr:county": null, "addr:town": null, "check_date:compressed_air": null, "compressed_air": null, "fuel:diesel": null, "fuel:octane_95": null, "healthcare": null, "was:shop": null, "check_date:opening_hours": null, "contact:phone": null, "toilets:access": null, "isced:level": null, "loc_name": null, "max_age": null, "min_age": null, "ref:edubase": null, "ref:edubase:group": null, "religion": null, "school": null, "school:boarding": null, "school:gender": null, "school:group:type": null, "school:type": null, "power": null, "bicycle_parking": null, "covered": null, "food": null, "bench": null, "shelter_type": null, "payment:credit_cards": null, "payment:debit_cards": null, "construction": null, "fixme": null }, "geometry": { "type": "Polygon", "coordinates": [ [ [ 430881.395951939397492, 432205.788936563651077 ], [ 430903.582766663224902, 432182.536168498219922 ], [ 430894.552793688781094, 432173.965102788759395 ], [ 430890.923463754123077, 432177.77981946663931 ], [ 430896.05073786561843, 432182.642381433513947 ], [ 430877.506360302970279, 432202.091667644912377 ], [ 430881.395951939397492, 432205.788936563651077 ] ] ] } },
{ "type": "Feature", "properties": { "addr:city": null, "addr:housename": null, "addr:postcode": null, "addr:street": null, "addr:suburb": null, "addr:unit": null, "amenity": null, "brand": null, "brand:wikidata": null, "building": "yes", "cuisine": null, "fhrs:id": null, "internet_access": null, "name": "Litmus", "official_name": null, "opening_hours": null, "outdoor_seating": null, "phone": null, "source:addr": null, "takeaway": null, "toilets": null, "website": null, "osm_type": "way", "osm_id": 151472887, "postal_code": null, "building:levels": null, "elevator": null, "fee": null, "roof:shape": null, "source": "Bing", "tourism": null, "wheelchair": null, "wikidata": null, "wikipedia": null, "industrial": null, "historic": null, "office": "company", "old_name": null, "addr:housenumber": null, "brand:wikipedia": null, "email": null, "operator": null, "payment:american_express": null, "payment:cash": null, "payment:cheque": null, "payment:mastercard": null, "payment:visa": null, "shop": null, "contact:website": null, "addr:country": null, "alt_name": null, "opening_hours:service": null, "club": null, "leisure": null, "sport": null, "access": null, "operator:type": null, "parking": null, "clothes": null, "roof:levels": null, "ref:GB:uprn": null, "branch": null, "check_date": null, "capacity": null, "landuse": null, "rooms": null, "bridge": null, "layer": null, "disused:amenity": null, "operator:website": null, "operator:wikidata": null, "addr:county": null, "addr:town": null, "check_date:compressed_air": null, "compressed_air": null, "fuel:diesel": null, "fuel:octane_95": null, "healthcare": null, "was:shop": null, "check_date:opening_hours": null, "contact:phone": null, "toilets:access": null, "isced:level": null, "loc_name": null, "max_age": null, "min_age": null, "ref:edubase": null, "ref:edubase:group": null, "religion": null, "school": null, "school:boarding": null, "school:gender": null, "school:group:type": null, "school:type": null, "power": null, "bicycle_parking": null, "covered": null, "food": null, "bench": null, "shelter_type": null, "payment:credit_cards": null, "payment:debit_cards": null, "construction": null, "fixme": null }, "geometry": { "type": "Polygon", "coordinates": [ [ [ 430769.36308181664208, 431996.456929512671195 ], [ 430762.16777639684733, 432004.46526903193444 ], [ 430766.61587229889119, 432008.444255399168469 ], [ 430772.443846419104375, 432001.951272823382169 ], [ 430773.811252292245626, 432000.424796801991761 ], [ 430769.36308181664208, 431996.456929512671195 ] ] ] } },
{ "type": "Feature", "properties": { "addr:city": null, "addr:housename": null, "addr:postcode": null, "addr:street": null, "addr:suburb": null, "addr:unit": null, "amenity": null, "brand": null, "brand:wikidata": null, "building": "yes", "cuisine": null, "fhrs:id": null, "internet_access": null, "name": "Broadley Group", "official_name": null, "opening_hours": null, "outdoor_seating": null, "phone": null, "source:addr": null, "takeaway": null, "toilets": null, "website": null, "osm_type": "way", "osm_id": 151472889, "postal_code": null, "building:levels": null, "elevator": null, "fee": null, "roof:shape": null, "source": "Bing", "tourism": null, "wheelchair": null, "wikidata": null, "wikipedia": null, "industrial": null, "historic": null, "office": "company", "old_name": null, "addr:housenumber": null, "brand:wikipedia": null, "email": null, "operator": null, "payment:american_express": null, "payment:cash": null, "payment:cheque": null, "payment:mastercard": null, "payment:visa": null, "shop": null, "contact:website": null, "addr:country": null, "alt_name": null, "opening_hours:service": null, "club": null, "leisure": null, "sport": null, "access": null, "operator:type": null, "parking": null, "clothes": null, "roof:levels": null, "ref:GB:uprn": null, "branch": null, "check_date": null, "capacity": null, "landuse": null, "rooms": null, "bridge": null, "layer": null, "disused:amenity": null, "operator:website": null, "operator:wikidata": null, "addr:county": null, "addr:town": null, "check_date:compressed_air": null, "compressed_air": null, "fuel:diesel": null, "fuel:octane_95": null, "healthcare": null, "was:shop": null, "check_date:opening_hours": null, "contact:phone": null, "toilets:access": null, "isced:level": null, "loc_name": null, "max_age": null, "min_age": null, "ref:edubase": null, "ref:edubase:group": null, "religion": null, "school": null, "school:boarding": null, "school:gender": null, "school:group:type": null, "school:type": null, "power": null, "bicycle_parking": null, "covered": null, "food": null, "bench": null, "shelter_type": null, "payment:credit_cards": null, "payment:debit_cards": null, "construction": null, "fixme": null }, "geometry": { "type": "Polygon", "coordinates": [ [ [ 430803.200987506308593, 432082.618598504457623 ], [ 430825.355257852177601, 432059.331869464367628 ], [ 430824.691055015369784, 432053.107884155120701 ], [ 430800.429304532823153, 432030.006197785027325 ], [ 430775.827894749294501, 432056.692795334616676 ], [ 430803.200987506308593, 432082.618598504457623 ] ] ] } },
{ "type": "Feature", "properties": { "addr:city": null, "addr:housename": null, "addr:postcode": null, "addr:street": null, "addr:suburb": null, "addr:unit": null, "amenity": null, "brand": null, "brand:wikidata": null, "building": "yes", "cuisine": null, "fhrs:id": null, "internet_access": null, "name": null, "official_name": null, "opening_hours": null, "outdoor_seating": null, "phone": null, "source:addr": null, "takeaway": null, "toilets": null, "website": null, "osm_type": "way", "osm_id": 151472891, "postal_code": null, "building:levels": null, "elevator": null, "fee": null, "roof:shape": null, "source": "Bing", "tourism": null, "wheelchair": null, "wikidata": null, "wikipedia": null, "industrial": null, "historic": null, "office": null, "old_name": null, "addr:housenumber": null, "brand:wikipedia": null, "email": null, "operator": null, "payment:american_express": null, "payment:cash": null, "payment:cheque": null, "payment:mastercard": null, "payment:visa": null, "shop": null, "contact:website": null, "addr:country": null, "alt_name": null, "opening_hours:service": null, "club": null, "leisure": null, "sport": null, "access": null, "operator:type": null, "parking": null, "clothes": null, "roof:levels": null, "ref:GB:uprn": null, "branch": null, "check_date": null, "capacity": null, "landuse": null, "rooms": null, "bridge": null, "layer": null, "disused:amenity": null, "operator:website": null, "operator:wikidata": null, "addr:county": null, "addr:town": null, "check_date:compressed_air": null, "compressed_air": null, "fuel:diesel": null, "fuel:octane_95": null, "healthcare": null, "was:shop": null, "check_date:opening_hours": null, "contact:phone": null, "toilets:access": null, "isced:level": null, "loc_name": null, "max_age": null, "min_age": null, "ref:edubase": null, "ref:edubase:group": null, "religion": null, "school": null, "school:boarding": null, "school:gender": null, "school:group:type": null, "school:type": null, "power": null, "bicycle_parking": null, "covered": null, "food": null, "bench": null, "shelter_type": null, "payment:credit_cards": null, "payment:debit_cards": null, "construction": null, "fixme": null }, "geometry": { "type": "Polygon", "coordinates": [ [ [ 430709.577640931820497, 432068.053074995987117 ], [ 430729.044960316212382, 432085.771147900843062 ], [ 430744.289581828226801, 432069.092389233992435 ], [ 430737.411798816698138, 432062.838874508044682 ], [ 430741.493364153197035, 432058.381671956391074 ], [ 430728.903812142380048, 432046.917039944091812 ], [ 430709.577640931820497, 432068.053074995987117 ] ] ] } },
{ "type": "Feature", "properties": { "addr:city": null, "addr:housename": null, "addr:postcode": null, "addr:street": null, "addr:suburb": null, "addr:unit": null, "amenity": "parking", "brand": null, "brand:wikidata": null, "building": "yes", "cuisine": null, "fhrs:id": null, "internet_access": null, "name": "Asda House", "official_name": null, "opening_hours": null, "outdoor_seating": null, "phone": null, "source:addr": null, "takeaway": null, "toilets": null, "website": null, "osm_type": "way", "osm_id": 155224834, "postal_code": null, "building:levels": "3", "elevator": null, "fee": null, "roof:shape": null, "source": "survey;Bing", "tourism": null, "wheelchair": null, "wikidata": null, "wikipedia": null, "industrial": null, "historic": null, "office": null, "old_name": null, "addr:housenumber": null, "brand:wikipedia": null, "email": null, "operator": "Asda", "payment:american_express": null, "payment:cash": null, "payment:cheque": null, "payment:mastercard": null, "payment:visa": null, "shop": null, "contact:website": null, "addr:country": null, "alt_name": null, "opening_hours:service": null, "club": null, "leisure": null, "sport": null, "access": "private", "operator:type": "private", "parking": "multi-storey", "clothes": null, "roof:levels": null, "ref:GB:uprn": null, "branch": null, "check_date": null, "capacity": null, "landuse": null, "rooms": null, "bridge": null, "layer": null, "disused:amenity": null, "operator:website": null, "operator:wikidata": null, "addr:county": null, "addr:town": null, "check_date:compressed_air": null, "compressed_air": null, "fuel:diesel": null, "fuel:octane_95": null, "healthcare": null, "was:shop": null, "check_date:opening_hours": null, "contact:phone": null, "toilets:access": null, "isced:level": null, "loc_name": null, "max_age": null, "min_age": null, "ref:edubase": null, "ref:edubase:group": null, "religion": null, "school": null, "school:boarding": null, "school:gender": null, "school:group:type": null, "school:type": null, "power": null, "bicycle_parking": null, "covered": null, "food": null, "bench": null, "shelter_type": null, "payment:credit_cards": null, "payment:debit_cards": null, "construction": null, "fixme": null }, "geometry": { "type": "Polygon", "coordinates": [ [ [ 430174.984358275309205, 432991.189481682959013 ], [ 430172.70671138499165, 432987.83694251824636 ], [ 430177.111472713993862, 432985.161546503659338 ], [ 430168.002146064362023, 432971.551126739825122 ], [ 430169.854428346036002, 432958.055646294611506 ], [ 430170.856826918956358, 432950.718700184603222 ], [ 430185.470836237131152, 432952.481572358752601 ], [ 430224.840994050202426, 433003.604471441009082 ], [ 430223.753167871152982, 433010.896352047333494 ], [ 430215.983128878229763, 433016.465150107396767 ], [ 430217.957484792976175, 433018.825514367548749 ], [ 430212.913876686594449, 433022.498132474371232 ], [ 430210.948469686496537, 433019.77065851772204 ], [ 430202.545838827558327, 433026.39241148205474 ], [ 430186.058601645461749, 433023.994365515187383 ], [ 430181.860733322973829, 433026.259408036363311 ], [ 430168.805834246159066, 433009.497123001492582 ], [ 430168.695981331693474, 433001.986134887556545 ], [ 430174.984358275309205, 432991.189481682959013 ] ] ] } },
{ "type": "Feature", "properties": { "addr:city": "Leeds", "addr:housename": "Crowd Point Shopping Park", "addr:postcode": "LS10 1ET", "addr:street": "Junction Street", "addr:suburb": null, "addr:unit": null, "amenity": null, "brand": null, "brand:wikidata": null, "building": "retail", "cuisine": null, "fhrs:id": null, "internet_access": null, "name": null, "official_name": null, "opening_hours": null, "outdoor_seating": null, "phone": null, "source:addr": null, "takeaway": null, "toilets": null, "website": null, "osm_type": "way", "osm_id": 161590956, "postal_code": null, "building:levels": null, "elevator": null, "fee": null, "roof:shape": null, "source": null, "tourism": null, "wheelchair": null, "wikidata": null, "wikipedia": null, "industrial": null, "historic": null, "office": null, "old_name": null, "addr:housenumber": null, "brand:wikipedia": null, "email": null, "operator": null, "payment:american_express": null, "payment:cash": null, "payment:cheque": null, "payment:mastercard": null, "payment:visa": null, "shop": null, "contact:website": null, "addr:country": null, "alt_name": null, "opening_hours:service": null, "club": null, "leisure": null, "sport": null, "access": null, "operator:type": null, "parking": null, "clothes": null, "roof:levels": null, "ref:GB:uprn": null, "branch": null, "check_date": null, "capacity": null, "landuse": null, "rooms": null, "bridge": null, "layer": null, "disused:amenity": null, "operator:website": null, "operator:wikidata": null, "addr:county": null, "addr:town": null, "check_date:compressed_air": null, "compressed_air": null, "fuel:diesel": null, "fuel:octane_95": null, "healthcare": null, "was:shop": null, "check_date:opening_hours": null, "contact:phone": null, "toilets:access": null, "isced:level": null, "loc_name": null, "max_age": null, "min_age": null, "ref:edubase": null, "ref:edubase:group": null, "religion": null, "school": null, "school:boarding": null, "school:gender": null, "school:group:type": null, "school:type": null, "power": null, "bicycle_parking": null, "covered": null, "food": null, "bench": null, "shelter_type": null, "payment:credit_cards": null, "payment:debit_cards": null, "construction": null, "fixme": null }, "geometry": { "type": "Polygon", "coordinates": [ [ [ 430301.790578998974524, 432431.416445826645941 ], [ 430324.659596997254994, 432431.486170072923414 ], [ 430324.369706334604416, 432424.341189240920357 ], [ 430325.701725047081709, 432424.171768720727414 ], [ 430326.858082560822368, 432423.656297779059969 ], [ 430327.930586482631043, 432422.862127170781605 ], [ 430328.64122814318398, 432421.987735593807884 ], [ 430329.360254792263731, 432420.835239821695723 ], [ 430329.809657555364538, 432419.603118539787829 ], [ 430330.090059593028855, 432418.013863058295101 ], [ 430332.751801693055313, 432418.031053610146046 ], [ 430332.805551697616465, 432409.708899935474619 ], [ 430307.347081661981065, 432409.633552244282328 ], [ 430307.429048280231655, 432424.498868043767288 ], [ 430301.664144625829067, 432424.461669115815312 ], [ 430301.790578998974524, 432431.416445826645941 ] ] ] } },
{ "type": "Feature", "properties": { "addr:city": "Leeds", "addr:housename": "Crowd Point Shopping Park", "addr:postcode": "LS10 1ET", "addr:street": "Junction Street", "addr:suburb": null, "addr:unit": null, "amenity": null, "brand": "The Food Warehouse", "brand:wikidata": "Q87263899", "building": "retail", "cuisine": null, "fhrs:id": null, "internet_access": null, "name": "The Food Warehouse", "official_name": null, "opening_hours": "Mo-Sa 08:00-20:00; Su 10:00-16:00", "outdoor_seating": null, "phone": "+44 113 243 3854", "source:addr": null, "takeaway": null, "toilets": null, "website": "https://www.iceland.co.uk/store-finder/store?StoreID=1761&StoreName=LEEDS%2520CROWN%2520POINT%2520FWH&searchVal=LS10%25201ET", "osm_type": "way", "osm_id": 161590957, "postal_code": null, "building:levels": null, "elevator": null, "fee": null, "roof:shape": null, "source": null, "tourism": null, "wheelchair": "yes", "wikidata": null, "wikipedia": null, "industrial": null, "historic": null, "office": null, "old_name": null, "addr:housenumber": null, "brand:wikipedia": "en:Oak Furnitureland", "email": null, "operator": "Iceland Foods Ltd.", "payment:american_express": null, "payment:cash": null, "payment:cheque": null, "payment:mastercard": null, "payment:visa": null, "shop": "convenience", "contact:website": null, "addr:country": null, "alt_name": null, "opening_hours:service": null, "club": null, "leisure": null, "sport": null, "access": null, "operator:type": null, "parking": null, "clothes": null, "roof:levels": null, "ref:GB:uprn": null, "branch": null, "check_date": null, "capacity": null, "landuse": null, "rooms": null, "bridge": null, "layer": null, "disused:amenity": null, "operator:website": null, "operator:wikidata": null, "addr:county": null, "addr:town": null, "check_date:compressed_air": null, "compressed_air": null, "fuel:diesel": null, "fuel:octane_95": null, "healthcare": null, "was:shop": null, "check_date:opening_hours": null, "contact:phone": null, "toilets:access": null, "isced:level": null, "loc_name": null, "max_age": null, "min_age": null, "ref:edubase": null, "ref:edubase:group": null, "religion": null, "school": null, "school:boarding": null, "school:gender": null, "school:group:type": null, "school:type": null, "power": null, "bicycle_parking": null, "covered": null, "food": null, "bench": null, "shelter_type": null, "payment:credit_cards": null, "payment:debit_cards": null, "construction": null, "fixme": null }, "geometry": { "type": "Polygon", "coordinates": [ [ [ 430324.052682952780742, 432626.493608082877472 ], [ 430279.666986525116954, 432626.385230490239337 ], [ 430279.716707455867436, 432605.390147158061154 ], [ 430293.420535630255472, 432605.422894110670313 ], [ 430324.102603066014126, 432605.498524537542835 ], [ 430324.052682952780742, 432626.493608082877472 ] ] ] } },
{ "type": "Feature", "properties": { "addr:city": "Leeds", "addr:housename": "Crowd Point Shopping Park", "addr:postcode": "LS10 1ET", "addr:street": "Junction Street", "addr:suburb": "Hunslet", "addr:unit": "14A Crown Point Retail Park", "amenity": null, "brand": "American Golf", "brand:wikidata": "Q62657494", "building": "retail", "cuisine": null, "fhrs:id": null, "internet_access": null, "name": "American Golf", "official_name": null, "opening_hours": null, "outdoor_seating": null, "phone": null, "source:addr": null, "takeaway": null, "toilets": null, "website": null, "osm_type": "way", "osm_id": 161590958, "postal_code": null, "building:levels": null, "elevator": null, "fee": null, "roof:shape": null, "source": null, "tourism": null, "wheelchair": null, "wikidata": null, "wikipedia": null, "industrial": null, "historic": null, "office": null, "old_name": "Carpetright", "addr:housenumber": null, "brand:wikipedia": "en:OneBelow", "email": null, "operator": null, "payment:american_express": null, "payment:cash": null, "payment:cheque": null, "payment:mastercard": null, "payment:visa": null, "shop": "sports", "contact:website": null, "addr:country": null, "alt_name": null, "opening_hours:service": null, "club": null, "leisure": null, "sport": "golf", "access": null, "operator:type": null, "parking": null, "clothes": null, "roof:levels": null, "ref:GB:uprn": null, "branch": null, "check_date": null, "capacity": null, "landuse": null, "rooms": null, "bridge": null, "layer": null, "disused:amenity": null, "operator:website": null, "operator:wikidata": null, "addr:county": null, "addr:town": null, "check_date:compressed_air": null, "compressed_air": null, "fuel:diesel": null, "fuel:octane_95": null, "healthcare": null, "was:shop": null, "check_date:opening_hours": null, "contact:phone": null, "toilets:access": null, "isced:level": null, "loc_name": null, "max_age": null, "min_age": null, "ref:edubase": null, "ref:edubase:group": null, "religion": null, "school": null, "school:boarding": null, "school:gender": null, "school:group:type": null, "school:type": null, "power": null, "bicycle_parking": null, "covered": null, "food": null, "bench": null, "shelter_type": null, "payment:credit_cards": null, "payment:debit_cards": null, "construction": null, "fixme": null }, "geometry": { "type": "Polygon", "coordinates": [ [ [ 430289.260806503298227, 432583.321404326590709 ], [ 430289.230357327964157, 432595.193012666888535 ], [ 430293.440373979043216, 432595.197915402124636 ], [ 430293.420535630255472, 432605.422894110670313 ], [ 430324.102603066014126, 432605.498524537542835 ], [ 430324.13737976498669, 432592.970489198341966 ], [ 430324.159634419891518, 432583.401979852118529 ], [ 430289.260806503298227, 432583.321404326590709 ] ] ] } },
{ "type": "Feature", "properties": { "addr:city": "Leeds", "addr:housename": "Crowd Point Shopping Park", "addr:postcode": "LS10 1ET", "addr:street": "Junction Street", "addr:suburb": null, "addr:unit": null, "amenity": null, "brand": "Home Bargains", "brand:wikidata": "Q5888229", "building": "yes", "cuisine": null, "fhrs:id": null, "internet_access": null, "name": "Home Bargains", "official_name": null, "opening_hours": "Mo-Fr 08:00-21:00; Sa 08:00-19:00; Su 10:00-16:00", "outdoor_seating": null, "phone": null, "source:addr": null, "takeaway": null, "toilets": null, "website": null, "osm_type": "way", "osm_id": 161590959, "postal_code": null, "building:levels": null, "elevator": null, "fee": null, "roof:shape": null, "source": null, "tourism": null, "wheelchair": null, "wikidata": null, "wikipedia": null, "industrial": null, "historic": null, "office": null, "old_name": "Mothercare", "addr:housenumber": null, "brand:wikipedia": "en:Home Bargains", "email": null, "operator": null, "payment:american_express": null, "payment:cash": null, "payment:cheque": null, "payment:mastercard": null, "payment:visa": null, "shop": "variety_store", "contact:website": "https://storelocator.homebargains.co.uk/store/A772/Crown+Point+Retail+Park", "addr:country": null, "alt_name": null, "opening_hours:service": null, "club": null, "leisure": null, "sport": null, "access": null, "operator:type": null, "parking": null, "clothes": null, "roof:levels": null, "ref:GB:uprn": null, "branch": null, "check_date": null, "capacity": null, "landuse": null, "rooms": null, "bridge": null, "layer": null, "disused:amenity": null, "operator:website": null, "operator:wikidata": null, "addr:county": null, "addr:town": null, "check_date:compressed_air": null, "compressed_air": null, "fuel:diesel": null, "fuel:octane_95": null, "healthcare": null, "was:shop": null, "check_date:opening_hours": null, "contact:phone": null, "toilets:access": null, "isced:level": null, "loc_name": null, "max_age": null, "min_age": null, "ref:edubase": null, "ref:edubase:group": null, "religion": null, "school": null, "school:boarding": null, "school:gender": null, "school:group:type": null, "school:type": null, "power": null, "bicycle_parking": null, "covered": null, "food": null, "bench": null, "shelter_type": null, "payment:credit_cards": null, "payment:debit_cards": null, "construction": null, "fixme": null }, "geometry": { "type": "Polygon", "coordinates": [ [ [ 430342.634909830405377, 432425.17124697053805 ], [ 430342.432386867352761, 432395.329099543392658 ], [ 430342.447978630196303, 432357.221494013443589 ], [ 430368.624456152145285, 432357.368430623668246 ], [ 430369.043667035875842, 432375.073145185015164 ], [ 430393.173172172391787, 432374.873194004176185 ], [ 430392.490941894066054, 432425.315600832225755 ], [ 430342.634909830405377, 432425.17124697053805 ] ] ] } },
{ "type": "Feature", "properties": { "addr:city": "Leeds", "addr:housename": "Crowd Point Shopping Park", "addr:postcode": "LS10 1ET", "addr:street": "Junction Street", "addr:suburb": null, "addr:unit": "11b", "amenity": null, "brand": "Next", "brand:wikidata": "Q246655", "building": "retail", "cuisine": null, "fhrs:id": "467459", "internet_access": null, "name": "Next Outlet", "official_name": null, "opening_hours": "Mo-Sa 09:00-19:30; Su 11:00-17:00", "outdoor_seating": null, "phone": null, "source:addr": null, "takeaway": null, "toilets": null, "website": "https://www.crownpoint-shopping.co.uk/stores/next/", "osm_type": "way", "osm_id": 161590960, "postal_code": null, "building:levels": null, "elevator": null, "fee": null, "roof:shape": null, "source": null, "tourism": null, "wheelchair": null, "wikidata": null, "wikipedia": null, "industrial": null, "historic": null, "office": null, "old_name": null, "addr:housenumber": null, "brand:wikipedia": "en:Next plc", "email": null, "operator": null, "payment:american_express": null, "payment:cash": null, "payment:cheque": null, "payment:mastercard": null, "payment:visa": null, "shop": "clothes", "contact:website": null, "addr:country": null, "alt_name": null, "opening_hours:service": null, "club": null, "leisure": null, "sport": null, "access": null, "operator:type": null, "parking": null, "clothes": "men;women;children", "roof:levels": null, "ref:GB:uprn": null, "branch": null, "check_date": null, "capacity": null, "landuse": null, "rooms": null, "bridge": null, "layer": null, "disused:amenity": null, "operator:website": null, "operator:wikidata": null, "addr:county": null, "addr:town": null, "check_date:compressed_air": null, "compressed_air": null, "fuel:diesel": null, "fuel:octane_95": null, "healthcare": null, "was:shop": null, "check_date:opening_hours": null, "contact:phone": null, "toilets:access": null, "isced:level": null, "loc_name": null, "max_age": null, "min_age": null, "ref:edubase": null, "ref:edubase:group": null, "religion": null, "school": null, "school:boarding": null, "school:gender": null, "school:group:type": null, "school:type": null, "power": null, "bicycle_parking": null, "covered": null, "food": null, "bench": null, "shelter_type": null, "payment:credit_cards": null, "payment:debit_cards": null, "construction": null, "fixme": null }, "geometry": { "type": "Polygon", "coordinates": [ [ [ 430324.3937013039249, 432515.521690291585401 ], [ 430288.842265579616651, 432515.414656317094341 ], [ 430272.838917313318234, 432515.355975611018948 ], [ 430272.746169293299317, 432538.94321540161036 ], [ 430324.261450933059677, 432539.064171200501733 ], [ 430324.292291778838262, 432533.267547266907059 ], [ 430324.3937013039249, 432515.521690291585401 ] ] ] } },
{ "type": "Feature", "properties": { "addr:city": "Leeds", "addr:housename": "City Office Park", "addr:postcode": "LS11 5BD", "addr:street": "Meadow Lane", "addr:suburb": "Holbeck", "addr:unit": "3", "amenity": null, "brand": null, "brand:wikidata": null, "building": "commercial", "cuisine": null, "fhrs:id": "321722", "internet_access": null, "name": null, "official_name": null, "opening_hours": null, "outdoor_seating": null, "phone": null, "source:addr": null, "takeaway": null, "toilets": null, "website": null, "osm_type": "way", "osm_id": 161595471, "postal_code": null, "building:levels": "0", "elevator": null, "fee": null, "roof:shape": null, "source": null, "tourism": null, "wheelchair": null, "wikidata": null, "wikipedia": null, "industrial": null, "historic": null, "office": null, "old_name": null, "addr:housenumber": null, "brand:wikipedia": null, "email": null, "operator": null, "payment:american_express": null, "payment:cash": null, "payment:cheque": null, "payment:mastercard": null, "payment:visa": null, "shop": null, "contact:website": null, "addr:country": null, "alt_name": null, "opening_hours:service": null, "club": null, "leisure": null, "sport": null, "access": null, "operator:type": null, "parking": null, "clothes": null, "roof:levels": "3", "ref:GB:uprn": null, "branch": null, "check_date": null, "capacity": null, "landuse": null, "rooms": null, "bridge": null, "layer": null, "disused:amenity": null, "operator:website": null, "operator:wikidata": null, "addr:county": null, "addr:town": null, "check_date:compressed_air": null, "compressed_air": null, "fuel:diesel": null, "fuel:octane_95": null, "healthcare": null, "was:shop": null, "check_date:opening_hours": null, "contact:phone": null, "toilets:access": null, "isced:level": null, "loc_name": null, "max_age": null, "min_age": null, "ref:edubase": null, "ref:edubase:group": null, "religion": null, "school": null, "school:boarding": null, "school:gender": null, "school:group:type": null, "school:type": null, "power": null, "bicycle_parking": null, "covered": null, "food": null, "bench": null, "shelter_type": null, "payment:credit_cards": null, "payment:debit_cards": null, "construction": null, "fixme": null }, "geometry": { "type": "Polygon", "coordinates": [ [ [ 430121.244499947119039, 432672.085931343375705 ], [ 430126.768008837942034, 432679.92092504852917 ], [ 430121.047836411918979, 432693.502869827207178 ], [ 430123.193191612721421, 432696.965795368421823 ], [ 430145.736163282825146, 432693.227358728647232 ], [ 430166.533218918310013, 432726.417260559275746 ], [ 430145.435198122868314, 432740.111818225705065 ], [ 430141.575368524936493, 432733.811787172686309 ], [ 430122.446581569034606, 432745.571978287305683 ], [ 430089.101699685445055, 432692.352337713469751 ], [ 430121.244499947119039, 432672.085931343375705 ] ] ] } },
{ "type": "Feature", "properties": { "addr:city": "Leeds", "addr:housename": "City Office Park", "addr:postcode": "LS11 5BD", "addr:street": "Meadow Lane", "addr:suburb": "Holbeck", "addr:unit": "2", "amenity": null, "brand": null, "brand:wikidata": null, "building": "commercial", "cuisine": null, "fhrs:id": null, "internet_access": null, "name": null, "official_name": null, "opening_hours": null, "outdoor_seating": null, "phone": null, "source:addr": null, "takeaway": null, "toilets": null, "website": null, "osm_type": "way", "osm_id": 161595472, "postal_code": null, "building:levels": null, "elevator": null, "fee": null, "roof:shape": null, "source": null, "tourism": null, "wheelchair": null, "wikidata": null, "wikipedia": null, "industrial": null, "historic": null, "office": null, "old_name": null, "addr:housenumber": null, "brand:wikipedia": null, "email": null, "operator": null, "payment:american_express": null, "payment:cash": null, "payment:cheque": null, "payment:mastercard": null, "payment:visa": null, "shop": null, "contact:website": null, "addr:country": null, "alt_name": null, "opening_hours:service": null, "club": null, "leisure": null, "sport": null, "access": null, "operator:type": null, "parking": null, "clothes": null, "roof:levels": null, "ref:GB:uprn": null, "branch": null, "check_date": null, "capacity": null, "landuse": null, "rooms": null, "bridge": null, "layer": null, "disused:amenity": null, "operator:website": null, "operator:wikidata": null, "addr:county": null, "addr:town": null, "check_date:compressed_air": null, "compressed_air": null, "fuel:diesel": null, "fuel:octane_95": null, "healthcare": null, "was:shop": null, "check_date:opening_hours": null, "contact:phone": null, "toilets:access": null, "isced:level": null, "loc_name": null, "max_age": null, "min_age": null, "ref:edubase": null, "ref:edubase:group": null, "religion": null, "school": null, "school:boarding": null, "school:gender": null, "school:group:type": null, "school:type": null, "power": null, "bicycle_parking": null, "covered": null, "food": null, "bench": null, "shelter_type": null, "payment:credit_cards": null, "payment:debit_cards": null, "construction": null, "fixme": null }, "geometry": { "type": "Polygon", "coordinates": [ [ [ 430204.474828258389607, 432719.317758915829472 ], [ 430246.522983144968748, 432713.969594660797156 ], [ 430236.402046227594838, 432637.421955640427768 ], [ 430193.491599852219224, 432642.542146042571403 ], [ 430204.474828258389607, 432719.317758915829472 ] ] ] } },
{ "type": "Feature", "properties": { "addr:city": null, "addr:housename": null, "addr:postcode": null, "addr:street": null, "addr:suburb": null, "addr:unit": null, "amenity": null, "brand": null, "brand:wikidata": null, "building": "retail", "cuisine": null, "fhrs:id": null, "internet_access": null, "name": null, "official_name": null, "opening_hours": null, "outdoor_seating": null, "phone": null, "source:addr": null, "takeaway": null, "toilets": null, "website": null, "osm_type": "way", "osm_id": 162252460, "postal_code": null, "building:levels": null, "elevator": null, "fee": null, "roof:shape": null, "source": null, "tourism": null, "wheelchair": null, "wikidata": null, "wikipedia": null, "industrial": null, "historic": null, "office": null, "old_name": null, "addr:housenumber": null, "brand:wikipedia": null, "email": null, "operator": null, "payment:american_express": null, "payment:cash": null, "payment:cheque": null, "payment:mastercard": null, "payment:visa": null, "shop": null, "contact:website": null, "addr:country": null, "alt_name": null, "opening_hours:service": null, "club": null, "leisure": null, "sport": null, "access": null, "operator:type": null, "parking": null, "clothes": null, "roof:levels": null, "ref:GB:uprn": null, "branch": null, "check_date": null, "capacity": null, "landuse": null, "rooms": null, "bridge": null, "layer": null, "disused:amenity": null, "operator:website": null, "operator:wikidata": null, "addr:county": null, "addr:town": null, "check_date:compressed_air": null, "compressed_air": null, "fuel:diesel": null, "fuel:octane_95": null, "healthcare": null, "was:shop": null, "check_date:opening_hours": null, "contact:phone": null, "toilets:access": null, "isced:level": null, "loc_name": null, "max_age": null, "min_age": null, "ref:edubase": null, "ref:edubase:group": null, "religion": null, "school": null, "school:boarding": null, "school:gender": null, "school:group:type": null, "school:type": null, "power": null, "bicycle_parking": null, "covered": null, "food": null, "bench": null, "shelter_type": null, "payment:credit_cards": null, "payment:debit_cards": null, "construction": null, "fixme": null }, "geometry": { "type": "Polygon", "coordinates": [ [ [ 430086.267517498228699, 432363.428615237935446 ], [ 430109.214772226521745, 432368.816171035752632 ], [ 430110.112018220534083, 432365.550781563855708 ], [ 430114.158051383157726, 432366.500207883073017 ], [ 430115.633326490700711, 432358.376318616676144 ], [ 430121.862197375565302, 432360.051833961741067 ], [ 430128.040695667208638, 432334.656668526004069 ], [ 430099.519741611555219, 432328.142918563098647 ], [ 430098.628057646681555, 432330.540491692256182 ], [ 430092.835727719706483, 432329.624395307968371 ], [ 430091.039822533552069, 432336.377698154887185 ], [ 430092.564809837553184, 432336.943785297567956 ], [ 430086.267517498228699, 432363.428615237935446 ] ] ] } },
{ "type": "Feature", "properties": { "addr:city": null, "addr:housename": null, "addr:postcode": null, "addr:street": null, "addr:suburb": null, "addr:unit": null, "amenity": null, "brand": null, "brand:wikidata": null, "building": "industrial", "cuisine": null, "fhrs:id": null, "internet_access": null, "name": null, "official_name": null, "opening_hours": null, "outdoor_seating": null, "phone": null, "source:addr": null, "takeaway": null, "toilets": null, "website": null, "osm_type": "way", "osm_id": 162252461, "postal_code": null, "building:levels": null, "elevator": null, "fee": null, "roof:shape": null, "source": null, "tourism": null, "wheelchair": null, "wikidata": null, "wikipedia": null, "industrial": null, "historic": null, "office": null, "old_name": null, "addr:housenumber": null, "brand:wikipedia": null, "email": null, "operator": null, "payment:american_express": null, "payment:cash": null, "payment:cheque": null, "payment:mastercard": null, "payment:visa": null, "shop": null, "contact:website": null, "addr:country": null, "alt_name": null, "opening_hours:service": null, "club": null, "leisure": null, "sport": null, "access": null, "operator:type": null, "parking": null, "clothes": null, "roof:levels": null, "ref:GB:uprn": null, "branch": null, "check_date": null, "capacity": null, "landuse": null, "rooms": null, "bridge": null, "layer": null, "disused:amenity": null, "operator:website": null, "operator:wikidata": null, "addr:county": null, "addr:town": null, "check_date:compressed_air": null, "compressed_air": null, "fuel:diesel": null, "fuel:octane_95": null, "healthcare": null, "was:shop": null, "check_date:opening_hours": null, "contact:phone": null, "toilets:access": null, "isced:level": null, "loc_name": null, "max_age": null, "min_age": null, "ref:edubase": null, "ref:edubase:group": null, "religion": null, "school": null, "school:boarding": null, "school:gender": null, "school:group:type": null, "school:type": null, "power": null, "bicycle_parking": null, "covered": null, "food": null, "bench": null, "shelter_type": null, "payment:credit_cards": null, "payment:debit_cards": null, "construction": null, "fixme": null }, "geometry": { "type": "Polygon", "coordinates": [ [ [ 430170.309876759070903, 432250.289996636915021 ], [ 430209.564250198076479, 432267.109424581634812 ], [ 430212.270951131824404, 432260.150624360190704 ], [ 430217.79736716276966, 432262.467074965476058 ], [ 430224.247594739834312, 432247.165365809807554 ], [ 430211.859865494130645, 432242.112195194815286 ], [ 430209.307839016662911, 432247.558809222769924 ], [ 430199.93952312914189, 432243.270556131494232 ], [ 430201.959220370627008, 432238.632736265193671 ], [ 430191.93766601732932, 432234.484941317234188 ], [ 430189.447245734452736, 432239.575919328024611 ], [ 430176.767839959531557, 432234.787999405059963 ], [ 430170.309876759070903, 432250.289996636915021 ] ] ] } },
{ "type": "Feature", "properties": { "addr:city": null, "addr:housename": null, "addr:postcode": null, "addr:street": null, "addr:suburb": null, "addr:unit": null, "amenity": null, "brand": null, "brand:wikidata": null, "building": "industrial", "cuisine": null, "fhrs:id": null, "internet_access": null, "name": null, "official_name": null, "opening_hours": null, "outdoor_seating": null, "phone": null, "source:addr": null, "takeaway": null, "toilets": null, "website": null, "osm_type": "way", "osm_id": 162252462, "postal_code": null, "building:levels": null, "elevator": null, "fee": null, "roof:shape": null, "source": null, "tourism": null, "wheelchair": null, "wikidata": null, "wikipedia": null, "industrial": null, "historic": null, "office": null, "old_name": null, "addr:housenumber": null, "brand:wikipedia": null, "email": null, "operator": null, "payment:american_express": null, "payment:cash": null, "payment:cheque": null, "payment:mastercard": null, "payment:visa": null, "shop": null, "contact:website": null, "addr:country": null, "alt_name": null, "opening_hours:service": null, "club": null, "leisure": null, "sport": null, "access": null, "operator:type": null, "parking": null, "clothes": null, "roof:levels": null, "ref:GB:uprn": null, "branch": null, "check_date": null, "capacity": null, "landuse": null, "rooms": null, "bridge": null, "layer": null, "disused:amenity": null, "operator:website": null, "operator:wikidata": null, "addr:county": null, "addr:town": null, "check_date:compressed_air": null, "compressed_air": null, "fuel:diesel": null, "fuel:octane_95": null, "healthcare": null, "was:shop": null, "check_date:opening_hours": null, "contact:phone": null, "toilets:access": null, "isced:level": null, "loc_name": null, "max_age": null, "min_age": null, "ref:edubase": null, "ref:edubase:group": null, "religion": null, "school": null, "school:boarding": null, "school:gender": null, "school:group:type": null, "school:type": null, "power": null, "bicycle_parking": null, "covered": null, "food": null, "bench": null, "shelter_type": null, "payment:credit_cards": null, "payment:debit_cards": null, "construction": null, "fixme": null }, "geometry": { "type": "Polygon", "coordinates": [ [ [ 430167.761405297555029, 432354.694255141657777 ], [ 430178.124802625796292, 432356.874836870934814 ], [ 430179.222235365014058, 432351.174079514341429 ], [ 430192.334218145872001, 432354.217956482432783 ], [ 430203.691363539837766, 432301.251748038921505 ], [ 430205.804955646861345, 432301.476741012884304 ], [ 430212.361447490518913, 432270.665590852266178 ], [ 430179.354748531302903, 432263.899978045956232 ], [ 430176.517828135518357, 432276.777168797678314 ], [ 430182.22735493251821, 432278.282531708013266 ], [ 430179.055163244192954, 432294.117171079735272 ], [ 430176.837506535171997, 432293.680121299345046 ], [ 430170.492114107240923, 432324.492675749701448 ], [ 430173.66897629655432, 432325.358685617218725 ], [ 430167.761405297555029, 432354.694255141657777 ] ] ] } },
{ "type": "Feature", "properties": { "addr:city": null, "addr:housename": null, "addr:postcode": null, "addr:street": null, "addr:suburb": null, "addr:unit": null, "amenity": null, "brand": null, "brand:wikidata": null, "building": "industrial", "cuisine": null, "fhrs:id": null, "internet_access": null, "name": null, "official_name": null, "opening_hours": null, "outdoor_seating": null, "phone": null, "source:addr": null, "takeaway": null, "toilets": null, "website": null, "osm_type": "way", "osm_id": 162252463, "postal_code": null, "building:levels": null, "elevator": null, "fee": null, "roof:shape": null, "source": null, "tourism": null, "wheelchair": null, "wikidata": null, "wikipedia": null, "industrial": null, "historic": null, "office": null, "old_name": null, "addr:housenumber": null, "brand:wikipedia": null, "email": null, "operator": null, "payment:american_express": null, "payment:cash": null, "payment:cheque": null, "payment:mastercard": null, "payment:visa": null, "shop": null, "contact:website": null, "addr:country": null, "alt_name": null, "opening_hours:service": null, "club": null, "leisure": null, "sport": null, "access": null, "operator:type": null, "parking": null, "clothes": null, "roof:levels": null, "ref:GB:uprn": null, "branch": null, "check_date": null, "capacity": null, "landuse": null, "rooms": null, "bridge": null, "layer": null, "disused:amenity": null, "operator:website": null, "operator:wikidata": null, "addr:county": null, "addr:town": null, "check_date:compressed_air": null, "compressed_air": null, "fuel:diesel": null, "fuel:octane_95": null, "healthcare": null, "was:shop": null, "check_date:opening_hours": null, "contact:phone": null, "toilets:access": null, "isced:level": null, "loc_name": null, "max_age": null, "min_age": null, "ref:edubase": null, "ref:edubase:group": null, "religion": null, "school": null, "school:boarding": null, "school:gender": null, "school:group:type": null, "school:type": null, "power": null, "bicycle_parking": null, "covered": null, "food": null, "bench": null, "shelter_type": null, "payment:credit_cards": null, "payment:debit_cards": null, "construction": null, "fixme": null }, "geometry": { "type": "Polygon", "coordinates": [ [ [ 430217.432806339522358, 432230.03147036198061 ], [ 430228.855169646791182, 432234.588883483083919 ], [ 430252.990562270395458, 432178.344902863143943 ], [ 430240.701153957983479, 432173.347922872984782 ], [ 430242.468539755500387, 432169.02003308525309 ], [ 430233.070732033986133, 432165.198831456131302 ], [ 430228.355868237907998, 432177.029154378687963 ], [ 430233.558377964247484, 432179.521559124113992 ], [ 430228.989411012560595, 432191.208178361877799 ], [ 430226.82162619108567, 432190.181730789132416 ], [ 430217.855778389552142, 432209.350340401520953 ], [ 430220.313461733632721, 432210.378649173420854 ], [ 430215.158233970752917, 432223.074005958857015 ], [ 430219.349755244853441, 432224.981322537641972 ], [ 430217.432806339522358, 432230.03147036198061 ] ] ] } },
{ "type": "Feature", "properties": { "addr:city": null, "addr:housename": null, "addr:postcode": null, "addr:street": null, "addr:suburb": null, "addr:unit": null, "amenity": null, "brand": null, "brand:wikidata": null, "building": "commercial", "cuisine": null, "fhrs:id": null, "internet_access": null, "name": "Leeds City Council - Apex Centre", "official_name": null, "opening_hours": null, "outdoor_seating": null, "phone": null, "source:addr": null, "takeaway": null, "toilets": null, "website": null, "osm_type": "way", "osm_id": 162252464, "postal_code": null, "building:levels": null, "elevator": null, "fee": null, "roof:shape": null, "source": null, "tourism": null, "wheelchair": null, "wikidata": null, "wikipedia": null, "industrial": null, "historic": null, "office": null, "old_name": null, "addr:housenumber": null, "brand:wikipedia": null, "email": null, "operator": null, "payment:american_express": null, "payment:cash": null, "payment:cheque": null, "payment:mastercard": null, "payment:visa": null, "shop": null, "contact:website": null, "addr:country": null, "alt_name": null, "opening_hours:service": null, "club": null, "leisure": null, "sport": null, "access": null, "operator:type": null, "parking": null, "clothes": null, "roof:levels": null, "ref:GB:uprn": null, "branch": null, "check_date": null, "capacity": null, "landuse": null, "rooms": null, "bridge": null, "layer": null, "disused:amenity": null, "operator:website": null, "operator:wikidata": null, "addr:county": null, "addr:town": null, "check_date:compressed_air": null, "compressed_air": null, "fuel:diesel": null, "fuel:octane_95": null, "healthcare": null, "was:shop": null, "check_date:opening_hours": null, "contact:phone": null, "toilets:access": null, "isced:level": null, "loc_name": null, "max_age": null, "min_age": null, "ref:edubase": null, "ref:edubase:group": null, "religion": null, "school": null, "school:boarding": null, "school:gender": null, "school:group:type": null, "school:type": null, "power": null, "bicycle_parking": null, "covered": null, "food": null, "bench": null, "shelter_type": null, "payment:credit_cards": null, "payment:debit_cards": null, "construction": null, "fixme": null }, "geometry": { "type": "Polygon", "coordinates": [ [ [ 430143.466947671666276, 432225.561833929037675 ], [ 430181.442406479618512, 432190.23482706467621 ], [ 430169.393983686750289, 432177.462278403574601 ], [ 430155.892208933655638, 432180.657839983818121 ], [ 430135.519627010275144, 432180.527084891451523 ], [ 430117.579983418865595, 432198.64807180443313 ], [ 430124.277203767967876, 432205.41132366459351 ], [ 430116.128696763073094, 432214.32689054554794 ], [ 430119.10546260792762, 432217.639371909201145 ], [ 430111.18678106967127, 432225.655188338365406 ], [ 430112.653697607980575, 432228.090132706216536 ], [ 430113.179253480047919, 432229.361903780838475 ], [ 430109.914870317967143, 432233.913897353224456 ], [ 430113.647359858849086, 432238.566379758180119 ], [ 430117.277145227009896, 432234.57304827903863 ], [ 430119.487415243696887, 432236.167160412878729 ], [ 430137.707620590983424, 432219.483277936582454 ], [ 430143.466947671666276, 432225.561833929037675 ] ] ] } },
{ "type": "Feature", "properties": { "addr:city": null, "addr:housename": null, "addr:postcode": null, "addr:street": null, "addr:suburb": null, "addr:unit": null, "amenity": null, "brand": null, "brand:wikidata": null, "building": "industrial", "cuisine": null, "fhrs:id": null, "internet_access": null, "name": null, "official_name": null, "opening_hours": null, "outdoor_seating": null, "phone": null, "source:addr": null, "takeaway": null, "toilets": null, "website": null, "osm_type": "way", "osm_id": 162252465, "postal_code": null, "building:levels": null, "elevator": null, "fee": null, "roof:shape": null, "source": null, "tourism": null, "wheelchair": null, "wikidata": null, "wikipedia": null, "industrial": null, "historic": null, "office": null, "old_name": null, "addr:housenumber": null, "brand:wikipedia": null, "email": null, "operator": null, "payment:american_express": null, "payment:cash": null, "payment:cheque": null, "payment:mastercard": null, "payment:visa": null, "shop": null, "contact:website": null, "addr:country": null, "alt_name": null, "opening_hours:service": null, "club": null, "leisure": null, "sport": null, "access": null, "operator:type": null, "parking": null, "clothes": null, "roof:levels": null, "ref:GB:uprn": "72562534", "branch": null, "check_date": null, "capacity": null, "landuse": null, "rooms": null, "bridge": null, "layer": null, "disused:amenity": null, "operator:website": null, "operator:wikidata": null, "addr:county": null, "addr:town": null, "check_date:compressed_air": null, "compressed_air": null, "fuel:diesel": null, "fuel:octane_95": null, "healthcare": null, "was:shop": null, "check_date:opening_hours": null, "contact:phone": null, "toilets:access": null, "isced:level": null, "loc_name": null, "max_age": null, "min_age": null, "ref:edubase": null, "ref:edubase:group": null, "religion": null, "school": null, "school:boarding": null, "school:gender": null, "school:group:type": null, "school:type": null, "power": null, "bicycle_parking": null, "covered": null, "food": null, "bench": null, "shelter_type": null, "payment:credit_cards": null, "payment:debit_cards": null, "construction": null, "fixme": null }, "geometry": { "type": "Polygon", "coordinates": [ [ [ 430330.871284246561117, 432073.592078609275632 ], [ 430333.275037378305569, 432066.65364392590709 ], [ 430371.013037531578448, 432079.681666191434488 ], [ 430361.145318082650192, 432084.324309546500444 ], [ 430330.871284246561117, 432073.592078609275632 ] ] ] } },
{ "type": "Feature", "properties": { "addr:city": null, "addr:housename": null, "addr:postcode": null, "addr:street": null, "addr:suburb": null, "addr:unit": null, "amenity": null, "brand": null, "brand:wikidata": null, "building": "industrial", "cuisine": null, "fhrs:id": null, "internet_access": null, "name": null, "official_name": null, "opening_hours": null, "outdoor_seating": null, "phone": null, "source:addr": null, "takeaway": null, "toilets": null, "website": null, "osm_type": "way", "osm_id": 162252466, "postal_code": null, "building:levels": null, "elevator": null, "fee": null, "roof:shape": null, "source": null, "tourism": null, "wheelchair": null, "wikidata": null, "wikipedia": null, "industrial": null, "historic": null, "office": null, "old_name": null, "addr:housenumber": null, "brand:wikipedia": null, "email": null, "operator": null, "payment:american_express": null, "payment:cash": null, "payment:cheque": null, "payment:mastercard": null, "payment:visa": null, "shop": null, "contact:website": null, "addr:country": null, "alt_name": null, "opening_hours:service": null, "club": null, "leisure": null, "sport": null, "access": null, "operator:type": null, "parking": null, "clothes": null, "roof:levels": null, "ref:GB:uprn": "72569227", "branch": null, "check_date": null, "capacity": null, "landuse": null, "rooms": null, "bridge": null, "layer": null, "disused:amenity": null, "operator:website": null, "operator:wikidata": null, "addr:county": null, "addr:town": null, "check_date:compressed_air": null, "compressed_air": null, "fuel:diesel": null, "fuel:octane_95": null, "healthcare": null, "was:shop": null, "check_date:opening_hours": null, "contact:phone": null, "toilets:access": null, "isced:level": null, "loc_name": null, "max_age": null, "min_age": null, "ref:edubase": null, "ref:edubase:group": null, "religion": null, "school": null, "school:boarding": null, "school:gender": null, "school:group:type": null, "school:type": null, "power": null, "bicycle_parking": null, "covered": null, "food": null, "bench": null, "shelter_type": null, "payment:credit_cards": null, "payment:debit_cards": null, "construction": null, "fixme": null }, "geometry": { "type": "Polygon", "coordinates": [ [ [ 430324.408496737305541, 431998.89266563183628 ], [ 430335.629126810468733, 432014.352835439494811 ], [ 430358.389459637750406, 431997.910526168067008 ], [ 430347.168792015407234, 431982.461427911068313 ], [ 430324.408496737305541, 431998.89266563183628 ] ] ] } },
{ "type": "Feature", "properties": { "addr:city": null, "addr:housename": null, "addr:postcode": null, "addr:street": null, "addr:suburb": null, "addr:unit": null, "amenity": null, "brand": null, "brand:wikidata": null, "building": "retail", "cuisine": null, "fhrs:id": null, "internet_access": null, "name": null, "official_name": null, "opening_hours": null, "outdoor_seating": null, "phone": null, "source:addr": null, "takeaway": null, "toilets": null, "website": null, "osm_type": "way", "osm_id": 162252467, "postal_code": null, "building:levels": null, "elevator": null, "fee": null, "roof:shape": null, "source": null, "tourism": null, "wheelchair": null, "wikidata": null, "wikipedia": null, "industrial": null, "historic": null, "office": null, "old_name": null, "addr:housenumber": null, "brand:wikipedia": null, "email": null, "operator": null, "payment:american_express": null, "payment:cash": null, "payment:cheque": null, "payment:mastercard": null, "payment:visa": null, "shop": null, "contact:website": null, "addr:country": null, "alt_name": null, "opening_hours:service": null, "club": null, "leisure": null, "sport": null, "access": null, "operator:type": null, "parking": null, "clothes": null, "roof:levels": null, "ref:GB:uprn": null, "branch": null, "check_date": null, "capacity": null, "landuse": null, "rooms": null, "bridge": null, "layer": null, "disused:amenity": null, "operator:website": null, "operator:wikidata": null, "addr:county": null, "addr:town": null, "check_date:compressed_air": null, "compressed_air": null, "fuel:diesel": null, "fuel:octane_95": null, "healthcare": null, "was:shop": null, "check_date:opening_hours": null, "contact:phone": null, "toilets:access": null, "isced:level": null, "loc_name": null, "max_age": null, "min_age": null, "ref:edubase": null, "ref:edubase:group": null, "religion": null, "school": null, "school:boarding": null, "school:gender": null, "school:group:type": null, "school:type": null, "power": null, "bicycle_parking": null, "covered": null, "food": null, "bench": null, "shelter_type": null, "payment:credit_cards": null, "payment:debit_cards": null, "construction": null, "fixme": null }, "geometry": { "type": "Polygon", "coordinates": [ [ [ 430090.852082746336237, 432433.553877724683844 ], [ 430099.620165774889756, 432397.805524812778458 ], [ 430076.8904638516251, 432392.419407736626454 ], [ 430067.905126460187603, 432428.166410459554754 ], [ 430090.852082746336237, 432433.553877724683844 ] ] ] } },
{ "type": "Feature", "properties": { "addr:city": null, "addr:housename": null, "addr:postcode": null, "addr:street": null, "addr:suburb": null, "addr:unit": null, "amenity": null, "brand": null, "brand:wikidata": null, "building": "industrial", "cuisine": null, "fhrs:id": null, "internet_access": null, "name": null, "official_name": null, "opening_hours": null, "outdoor_seating": null, "phone": null, "source:addr": null, "takeaway": null, "toilets": null, "website": null, "osm_type": "way", "osm_id": 162252469, "postal_code": null, "building:levels": null, "elevator": null, "fee": null, "roof:shape": null, "source": null, "tourism": null, "wheelchair": null, "wikidata": null, "wikipedia": null, "industrial": null, "historic": null, "office": null, "old_name": null, "addr:housenumber": null, "brand:wikipedia": null, "email": null, "operator": null, "payment:american_express": null, "payment:cash": null, "payment:cheque": null, "payment:mastercard": null, "payment:visa": null, "shop": null, "contact:website": null, "addr:country": null, "alt_name": null, "opening_hours:service": null, "club": null, "leisure": null, "sport": null, "access": null, "operator:type": null, "parking": null, "clothes": null, "roof:levels": null, "ref:GB:uprn": null, "branch": null, "check_date": null, "capacity": null, "landuse": null, "rooms": null, "bridge": null, "layer": null, "disused:amenity": null, "operator:website": null, "operator:wikidata": null, "addr:county": null, "addr:town": null, "check_date:compressed_air": null, "compressed_air": null, "fuel:diesel": null, "fuel:octane_95": null, "healthcare": null, "was:shop": null, "check_date:opening_hours": null, "contact:phone": null, "toilets:access": null, "isced:level": null, "loc_name": null, "max_age": null, "min_age": null, "ref:edubase": null, "ref:edubase:group": null, "religion": null, "school": null, "school:boarding": null, "school:gender": null, "school:group:type": null, "school:type": null, "power": null, "bicycle_parking": null, "covered": null, "food": null, "bench": null, "shelter_type": null, "payment:credit_cards": null, "payment:debit_cards": null, "construction": null, "fixme": null }, "geometry": { "type": "Polygon", "coordinates": [ [ [ 430098.015324733569287, 432318.197463995777071 ], [ 430120.451803576550446, 432323.125619718804955 ], [ 430131.225699359027203, 432277.765915166237392 ], [ 430108.19422225584276, 432272.088431819691323 ], [ 430098.015324733569287, 432318.197463995777071 ] ] ] } },
{ "type": "Feature", "properties": { "addr:city": null, "addr:housename": null, "addr:postcode": null, "addr:street": null, "addr:suburb": null, "addr:unit": null, "amenity": null, "brand": null, "brand:wikidata": null, "building": "industrial", "cuisine": null, "fhrs:id": null, "internet_access": null, "name": null, "official_name": null, "opening_hours": null, "outdoor_seating": null, "phone": null, "source:addr": null, "takeaway": null, "toilets": null, "website": null, "osm_type": "way", "osm_id": 162252470, "postal_code": null, "building:levels": null, "elevator": null, "fee": null, "roof:shape": null, "source": null, "tourism": null, "wheelchair": null, "wikidata": null, "wikipedia": null, "industrial": null, "historic": null, "office": null, "old_name": null, "addr:housenumber": null, "brand:wikipedia": null, "email": null, "operator": null, "payment:american_express": null, "payment:cash": null, "payment:cheque": null, "payment:mastercard": null, "payment:visa": null, "shop": null, "contact:website": null, "addr:country": null, "alt_name": null, "opening_hours:service": null, "club": null, "leisure": null, "sport": null, "access": null, "operator:type": null, "parking": null, "clothes": null, "roof:levels": null, "ref:GB:uprn": null, "branch": null, "check_date": null, "capacity": null, "landuse": null, "rooms": null, "bridge": null, "layer": null, "disused:amenity": null, "operator:website": null, "operator:wikidata": null, "addr:county": null, "addr:town": null, "check_date:compressed_air": null, "compressed_air": null, "fuel:diesel": null, "fuel:octane_95": null, "healthcare": null, "was:shop": null, "check_date:opening_hours": null, "contact:phone": null, "toilets:access": null, "isced:level": null, "loc_name": null, "max_age": null, "min_age": null, "ref:edubase": null, "ref:edubase:group": null, "religion": null, "school": null, "school:boarding": null, "school:gender": null, "school:group:type": null, "school:type": null, "power": null, "bicycle_parking": null, "covered": null, "food": null, "bench": null, "shelter_type": null, "payment:credit_cards": null, "payment:debit_cards": null, "construction": null, "fixme": null }, "geometry": { "type": "Polygon", "coordinates": [ [ [ 430258.939257595455274, 432177.515368950320408 ], [ 430271.245881235285196, 432157.344744174741209 ], [ 430266.054550498840399, 432153.116661897394806 ], [ 430260.506208186096046, 432159.300532047753222 ], [ 430252.146924227767158, 432174.289484093547799 ], [ 430258.939257595455274, 432177.515368950320408 ] ] ] } },
{ "type": "Feature", "properties": { "addr:city": "Leeds", "addr:housename": "Unit 8", "addr:postcode": "LS11 5NF", "addr:street": "New Craven Gate", "addr:suburb": null, "addr:unit": null, "amenity": null, "brand": null, "brand:wikidata": null, "building": "industrial", "cuisine": null, "fhrs:id": null, "internet_access": null, "name": "Consort Motorhomes", "official_name": null, "opening_hours": null, "outdoor_seating": null, "phone": null, "source:addr": null, "takeaway": null, "toilets": null, "website": null, "osm_type": "way", "osm_id": 162252473, "postal_code": null, "building:levels": null, "elevator": null, "fee": null, "roof:shape": null, "source": null, "tourism": null, "wheelchair": null, "wikidata": null, "wikipedia": null, "industrial": null, "historic": null, "office": null, "old_name": null, "addr:housenumber": null, "brand:wikipedia": null, "email": null, "operator": null, "payment:american_express": null, "payment:cash": null, "payment:cheque": null, "payment:mastercard": null, "payment:visa": null, "shop": null, "contact:website": null, "addr:country": null, "alt_name": null, "opening_hours:service": null, "club": null, "leisure": null, "sport": null, "access": null, "operator:type": null, "parking": null, "clothes": null, "roof:levels": null, "ref:GB:uprn": null, "branch": null, "check_date": null, "capacity": null, "landuse": null, "rooms": null, "bridge": null, "layer": null, "disused:amenity": null, "operator:website": null, "operator:wikidata": null, "addr:county": null, "addr:town": null, "check_date:compressed_air": null, "compressed_air": null, "fuel:diesel": null, "fuel:octane_95": null, "healthcare": null, "was:shop": null, "check_date:opening_hours": null, "contact:phone": null, "toilets:access": null, "isced:level": null, "loc_name": null, "max_age": null, "min_age": null, "ref:edubase": null, "ref:edubase:group": null, "religion": null, "school": null, "school:boarding": null, "school:gender": null, "school:group:type": null, "school:type": null, "power": null, "bicycle_parking": null, "covered": null, "food": null, "bench": null, "shelter_type": null, "payment:credit_cards": null, "payment:debit_cards": null, "construction": null, "fixme": null }, "geometry": { "type": "Polygon", "coordinates": [ [ [ 430291.600485668284819, 432017.239690975053236 ], [ 430294.655965628859121, 432020.608422291697934 ], [ 430318.169357126695104, 432003.84811240399722 ], [ 430324.408496737305541, 431998.89266563183628 ], [ 430347.168792015407234, 431982.461427911068313 ], [ 430352.436709158238955, 431978.935040005366318 ], [ 430336.933708924450912, 431956.21505619387608 ], [ 430281.175187482440379, 431995.932305833557621 ], [ 430281.782724578806665, 431997.772066920879297 ], [ 430279.073525747749954, 431999.968741425778717 ], [ 430291.600485668284819, 432017.239690975053236 ] ] ] } },
{ "type": "Feature", "properties": { "addr:city": null, "addr:housename": null, "addr:postcode": null, "addr:street": null, "addr:suburb": null, "addr:unit": null, "amenity": null, "brand": null, "brand:wikidata": null, "building": "industrial", "cuisine": null, "fhrs:id": null, "internet_access": null, "name": null, "official_name": null, "opening_hours": null, "outdoor_seating": null, "phone": null, "source:addr": null, "takeaway": null, "toilets": null, "website": null, "osm_type": "way", "osm_id": 162252475, "postal_code": null, "building:levels": null, "elevator": null, "fee": null, "roof:shape": null, "source": null, "tourism": null, "wheelchair": null, "wikidata": null, "wikipedia": null, "industrial": null, "historic": null, "office": null, "old_name": null, "addr:housenumber": null, "brand:wikipedia": null, "email": null, "operator": null, "payment:american_express": null, "payment:cash": null, "payment:cheque": null, "payment:mastercard": null, "payment:visa": null, "shop": null, "contact:website": null, "addr:country": null, "alt_name": null, "opening_hours:service": null, "club": null, "leisure": null, "sport": null, "access": null, "operator:type": null, "parking": null, "clothes": null, "roof:levels": null, "ref:GB:uprn": null, "branch": null, "check_date": null, "capacity": null, "landuse": null, "rooms": null, "bridge": null, "layer": null, "disused:amenity": null, "operator:website": null, "operator:wikidata": null, "addr:county": null, "addr:town": null, "check_date:compressed_air": null, "compressed_air": null, "fuel:diesel": null, "fuel:octane_95": null, "healthcare": null, "was:shop": null, "check_date:opening_hours": null, "contact:phone": null, "toilets:access": null, "isced:level": null, "loc_name": null, "max_age": null, "min_age": null, "ref:edubase": null, "ref:edubase:group": null, "religion": null, "school": null, "school:boarding": null, "school:gender": null, "school:group:type": null, "school:type": null, "power": null, "bicycle_parking": null, "covered": null, "food": null, "bench": null, "shelter_type": null, "payment:credit_cards": null, "payment:debit_cards": null, "construction": null, "fixme": null }, "geometry": { "type": "Polygon", "coordinates": [ [ [ 430352.003097626671661, 432055.214368419372477 ], [ 430389.331976324261632, 432068.340031051891856 ], [ 430388.081235577818006, 432072.226155622745864 ], [ 430379.957643908914179, 432076.156832338194363 ], [ 430352.855526648811065, 432066.056924754288048 ], [ 430349.721916336915456, 432059.49439224821981 ], [ 430352.003097626671661, 432055.214368419372477 ] ] ] } },
{ "type": "Feature", "properties": { "addr:city": "Leeds", "addr:housename": "Fairfield House", "addr:postcode": "LS11 5NF", "addr:street": "New Craven Gate", "addr:suburb": "Hunslet", "addr:unit": "1", "amenity": "studio", "brand": null, "brand:wikidata": null, "building": "yes", "cuisine": null, "fhrs:id": "322390", "internet_access": null, "name": "Eiger Studios", "official_name": null, "opening_hours": null, "outdoor_seating": null, "phone": null, "source:addr": null, "takeaway": null, "toilets": null, "website": "https://eigerstudios.co.uk/", "osm_type": "way", "osm_id": 162252477, "postal_code": null, "building:levels": "2", "elevator": null, "fee": null, "roof:shape": null, "source": null, "tourism": null, "wheelchair": null, "wikidata": null, "wikipedia": null, "industrial": null, "historic": null, "office": null, "old_name": null, "addr:housenumber": "1", "brand:wikipedia": null, "email": "eigerstudios@gmail.com", "operator": null, "payment:american_express": null, "payment:cash": null, "payment:cheque": null, "payment:mastercard": null, "payment:visa": null, "shop": null, "contact:website": null, "addr:country": null, "alt_name": null, "opening_hours:service": null, "club": null, "leisure": null, "sport": null, "access": null, "operator:type": null, "parking": null, "clothes": null, "roof:levels": null, "ref:GB:uprn": null, "branch": null, "check_date": null, "capacity": null, "landuse": null, "rooms": null, "bridge": null, "layer": null, "disused:amenity": null, "operator:website": null, "operator:wikidata": null, "addr:county": null, "addr:town": null, "check_date:compressed_air": null, "compressed_air": null, "fuel:diesel": null, "fuel:octane_95": null, "healthcare": null, "was:shop": null, "check_date:opening_hours": null, "contact:phone": null, "toilets:access": null, "isced:level": null, "loc_name": null, "max_age": null, "min_age": null, "ref:edubase": null, "ref:edubase:group": null, "religion": null, "school": null, "school:boarding": null, "school:gender": null, "school:group:type": null, "school:type": null, "power": null, "bicycle_parking": null, "covered": null, "food": null, "bench": null, "shelter_type": null, "payment:credit_cards": null, "payment:debit_cards": null, "construction": null, "fixme": null }, "geometry": { "type": "Polygon", "coordinates": [ [ [ 430291.600485668284819, 432017.239690975053236 ], [ 430284.46400639048079, 432022.389669294469059 ], [ 430281.75351702660555, 432018.655999909155071 ], [ 430276.940699649509043, 432022.12976848310791 ], [ 430267.124138978950214, 432008.603643251932226 ], [ 430279.073525747749954, 431999.968741425778717 ], [ 430291.600485668284819, 432017.239690975053236 ] ] ] } },
{ "type": "Feature", "properties": { "addr:city": null, "addr:housename": null, "addr:postcode": null, "addr:street": null, "addr:suburb": null, "addr:unit": null, "amenity": null, "brand": null, "brand:wikidata": null, "building": "industrial", "cuisine": null, "fhrs:id": null, "internet_access": null, "name": null, "official_name": null, "opening_hours": null, "outdoor_seating": null, "phone": null, "source:addr": null, "takeaway": null, "toilets": null, "website": null, "osm_type": "way", "osm_id": 162252479, "postal_code": null, "building:levels": null, "elevator": null, "fee": null, "roof:shape": null, "source": null, "tourism": null, "wheelchair": null, "wikidata": null, "wikipedia": null, "industrial": null, "historic": null, "office": null, "old_name": null, "addr:housenumber": null, "brand:wikipedia": null, "email": null, "operator": null, "payment:american_express": null, "payment:cash": null, "payment:cheque": null, "payment:mastercard": null, "payment:visa": null, "shop": null, "contact:website": null, "addr:country": null, "alt_name": null, "opening_hours:service": null, "club": null, "leisure": null, "sport": null, "access": null, "operator:type": null, "parking": null, "clothes": null, "roof:levels": null, "ref:GB:uprn": "72565663", "branch": null, "check_date": null, "capacity": null, "landuse": null, "rooms": null, "bridge": null, "layer": null, "disused:amenity": null, "operator:website": null, "operator:wikidata": null, "addr:county": null, "addr:town": null, "check_date:compressed_air": null, "compressed_air": null, "fuel:diesel": null, "fuel:octane_95": null, "healthcare": null, "was:shop": null, "check_date:opening_hours": null, "contact:phone": null, "toilets:access": null, "isced:level": null, "loc_name": null, "max_age": null, "min_age": null, "ref:edubase": null, "ref:edubase:group": null, "religion": null, "school": null, "school:boarding": null, "school:gender": null, "school:group:type": null, "school:type": null, "power": null, "bicycle_parking": null, "covered": null, "food": null, "bench": null, "shelter_type": null, "payment:credit_cards": null, "payment:debit_cards": null, "construction": null, "fixme": null }, "geometry": { "type": "Polygon", "coordinates": [ [ [ 430287.142550653254148, 432025.967365707387216 ], [ 430281.803322573425248, 432030.350094053894281 ], [ 430298.466415300907101, 432054.034245158196427 ], [ 430332.701451642322354, 432027.930305089452304 ], [ 430329.683474838966504, 432023.860831868252717 ], [ 430331.868127379857469, 432022.283873677020893 ], [ 430318.169357126695104, 432003.84811240399722 ], [ 430294.655965628859121, 432020.608422291697934 ], [ 430287.142550653254148, 432025.967365707387216 ] ] ] } },
{ "type": "Feature", "properties": { "addr:city": null, "addr:housename": null, "addr:postcode": null, "addr:street": null, "addr:suburb": null, "addr:unit": null, "amenity": null, "brand": null, "brand:wikidata": null, "building": "industrial", "cuisine": null, "fhrs:id": null, "internet_access": null, "name": null, "official_name": null, "opening_hours": null, "outdoor_seating": null, "phone": null, "source:addr": null, "takeaway": null, "toilets": null, "website": null, "osm_type": "way", "osm_id": 162252482, "postal_code": null, "building:levels": null, "elevator": null, "fee": null, "roof:shape": null, "source": null, "tourism": null, "wheelchair": null, "wikidata": null, "wikipedia": null, "industrial": null, "historic": null, "office": null, "old_name": null, "addr:housenumber": null, "brand:wikipedia": null, "email": null, "operator": null, "payment:american_express": null, "payment:cash": null, "payment:cheque": null, "payment:mastercard": null, "payment:visa": null, "shop": null, "contact:website": null, "addr:country": null, "alt_name": null, "opening_hours:service": null, "club": null, "leisure": null, "sport": null, "access": null, "operator:type": null, "parking": null, "clothes": null, "roof:levels": null, "ref:GB:uprn": null, "branch": null, "check_date": null, "capacity": null, "landuse": null, "rooms": null, "bridge": null, "layer": null, "disused:amenity": null, "operator:website": null, "operator:wikidata": null, "addr:county": null, "addr:town": null, "check_date:compressed_air": null, "compressed_air": null, "fuel:diesel": null, "fuel:octane_95": null, "healthcare": null, "was:shop": null, "check_date:opening_hours": null, "contact:phone": null, "toilets:access": null, "isced:level": null, "loc_name": null, "max_age": null, "min_age": null, "ref:edubase": null, "ref:edubase:group": null, "religion": null, "school": null, "school:boarding": null, "school:gender": null, "school:group:type": null, "school:type": null, "power": null, "bicycle_parking": null, "covered": null, "food": null, "bench": null, "shelter_type": null, "payment:credit_cards": null, "payment:debit_cards": null, "construction": null, "fixme": null }, "geometry": { "type": "Polygon", "coordinates": [ [ [ 430311.741979591315612, 432099.237174371490255 ], [ 430314.098799392115325, 432095.480558089679107 ], [ 430325.929508250905201, 432076.631037184270099 ], [ 430336.364400619815569, 432080.069700273685157 ], [ 430333.235845005663577, 432088.027075197082013 ], [ 430329.860391055233777, 432087.282065883628093 ], [ 430321.676039932877757, 432100.636454283143394 ], [ 430319.433259395707864, 432098.97527907602489 ], [ 430317.777393550961278, 432101.32337297021877 ], [ 430315.515456342080142, 432101.609184145345353 ], [ 430311.741979591315612, 432099.237174371490255 ] ] ] } },
{ "type": "Feature", "properties": { "addr:city": null, "addr:housename": null, "addr:postcode": null, "addr:street": null, "addr:suburb": null, "addr:unit": null, "amenity": null, "brand": null, "brand:wikidata": null, "building": "commercial", "cuisine": null, "fhrs:id": null, "internet_access": null, "name": "Medasil", "official_name": null, "opening_hours": null, "outdoor_seating": null, "phone": null, "source:addr": null, "takeaway": null, "toilets": null, "website": null, "osm_type": "way", "osm_id": 162258087, "postal_code": null, "building:levels": null, "elevator": null, "fee": null, "roof:shape": null, "source": null, "tourism": null, "wheelchair": null, "wikidata": null, "wikipedia": null, "industrial": null, "historic": null, "office": "company", "old_name": null, "addr:housenumber": null, "brand:wikipedia": null, "email": null, "operator": null, "payment:american_express": null, "payment:cash": null, "payment:cheque": null, "payment:mastercard": null, "payment:visa": null, "shop": null, "contact:website": null, "addr:country": null, "alt_name": null, "opening_hours:service": null, "club": null, "leisure": null, "sport": null, "access": null, "operator:type": null, "parking": null, "clothes": null, "roof:levels": null, "ref:GB:uprn": null, "branch": null, "check_date": null, "capacity": null, "landuse": null, "rooms": null, "bridge": null, "layer": null, "disused:amenity": null, "operator:website": null, "operator:wikidata": null, "addr:county": null, "addr:town": null, "check_date:compressed_air": null, "compressed_air": null, "fuel:diesel": null, "fuel:octane_95": null, "healthcare": null, "was:shop": null, "check_date:opening_hours": null, "contact:phone": null, "toilets:access": null, "isced:level": null, "loc_name": null, "max_age": null, "min_age": null, "ref:edubase": null, "ref:edubase:group": null, "religion": null, "school": null, "school:boarding": null, "school:gender": null, "school:group:type": null, "school:type": null, "power": null, "bicycle_parking": null, "covered": null, "food": null, "bench": null, "shelter_type": null, "payment:credit_cards": null, "payment:debit_cards": null, "construction": null, "fixme": null }, "geometry": { "type": "Polygon", "coordinates": [ [ [ 430540.267539770109579, 432675.893819011398591 ], [ 430529.157686183112673, 432678.202616741647944 ], [ 430525.804536411247682, 432663.961347080999985 ], [ 430510.554636916494928, 432665.642456075409427 ], [ 430513.89735943521373, 432690.620571369538084 ], [ 430515.81176304758992, 432693.080807840218768 ], [ 430518.60150352132041, 432694.667752416338772 ], [ 430521.753795963944867, 432695.211178487399593 ], [ 430524.550331353850197, 432695.752294167876244 ], [ 430527.007895980321337, 432694.722392959170975 ], [ 430539.679715068661608, 432686.248625529347919 ], [ 430563.860800892871339, 432666.745692213415168 ], [ 430561.2268623347627, 432659.440792023320682 ], [ 430536.949328949092887, 432664.389849691651762 ], [ 430540.267539770109579, 432675.893819011398591 ] ] ] } },
{ "type": "Feature", "properties": { "addr:city": null, "addr:housename": null, "addr:postcode": null, "addr:street": null, "addr:suburb": null, "addr:unit": null, "amenity": null, "brand": null, "brand:wikidata": null, "building": "industrial", "cuisine": null, "fhrs:id": null, "internet_access": null, "name": null, "official_name": null, "opening_hours": null, "outdoor_seating": null, "phone": null, "source:addr": null, "takeaway": null, "toilets": null, "website": null, "osm_type": "way", "osm_id": 162258088, "postal_code": null, "building:levels": null, "elevator": null, "fee": null, "roof:shape": null, "source": null, "tourism": null, "wheelchair": null, "wikidata": null, "wikipedia": null, "industrial": null, "historic": null, "office": null, "old_name": null, "addr:housenumber": null, "brand:wikipedia": null, "email": null, "operator": null, "payment:american_express": null, "payment:cash": null, "payment:cheque": null, "payment:mastercard": null, "payment:visa": null, "shop": null, "contact:website": null, "addr:country": null, "alt_name": null, "opening_hours:service": null, "club": null, "leisure": null, "sport": null, "access": null, "operator:type": null, "parking": null, "clothes": null, "roof:levels": null, "ref:GB:uprn": null, "branch": null, "check_date": null, "capacity": null, "landuse": null, "rooms": null, "bridge": null, "layer": null, "disused:amenity": null, "operator:website": null, "operator:wikidata": null, "addr:county": null, "addr:town": null, "check_date:compressed_air": null, "compressed_air": null, "fuel:diesel": null, "fuel:octane_95": null, "healthcare": null, "was:shop": null, "check_date:opening_hours": null, "contact:phone": null, "toilets:access": null, "isced:level": null, "loc_name": null, "max_age": null, "min_age": null, "ref:edubase": null, "ref:edubase:group": null, "religion": null, "school": null, "school:boarding": null, "school:gender": null, "school:group:type": null, "school:type": null, "power": null, "bicycle_parking": null, "covered": null, "food": null, "bench": null, "shelter_type": null, "payment:credit_cards": null, "payment:debit_cards": null, "construction": null, "fixme": null }, "geometry": { "type": "Polygon", "coordinates": [ [ [ 430515.089552316349, 432459.489626610302366 ], [ 430560.386990890779998, 432433.136582659441046 ], [ 430569.728150497248862, 432412.135209507192485 ], [ 430564.638594772783108, 432400.452801319537684 ], [ 430546.142271391639952, 432349.04002189997118 ], [ 430491.240747634554282, 432377.956660264637321 ], [ 430492.732133868499659, 432401.954735256847925 ], [ 430493.810091339168139, 432425.694221429876052 ], [ 430494.522813899791799, 432436.680548932519741 ], [ 430496.335503265960142, 432436.558803483960219 ], [ 430511.146895685640629, 432435.553499326808378 ], [ 430515.089552316349, 432459.489626610302366 ] ] ] } },
{ "type": "Feature", "properties": { "addr:city": null, "addr:housename": null, "addr:postcode": null, "addr:street": null, "addr:suburb": null, "addr:unit": null, "amenity": null, "brand": null, "brand:wikidata": null, "building": "retail", "cuisine": null, "fhrs:id": null, "internet_access": null, "name": null, "official_name": null, "opening_hours": null, "outdoor_seating": null, "phone": null, "source:addr": null, "takeaway": null, "toilets": null, "website": null, "osm_type": "way", "osm_id": 162258089, "postal_code": null, "building:levels": null, "elevator": null, "fee": null, "roof:shape": null, "source": null, "tourism": null, "wheelchair": null, "wikidata": null, "wikipedia": null, "industrial": null, "historic": null, "office": null, "old_name": null, "addr:housenumber": null, "brand:wikipedia": null, "email": null, "operator": null, "payment:american_express": null, "payment:cash": null, "payment:cheque": null, "payment:mastercard": null, "payment:visa": null, "shop": null, "contact:website": null, "addr:country": null, "alt_name": null, "opening_hours:service": null, "club": null, "leisure": null, "sport": null, "access": null, "operator:type": null, "parking": null, "clothes": null, "roof:levels": null, "ref:GB:uprn": null, "branch": null, "check_date": null, "capacity": null, "landuse": null, "rooms": null, "bridge": null, "layer": null, "disused:amenity": null, "operator:website": null, "operator:wikidata": null, "addr:county": null, "addr:town": null, "check_date:compressed_air": null, "compressed_air": null, "fuel:diesel": null, "fuel:octane_95": null, "healthcare": null, "was:shop": null, "check_date:opening_hours": null, "contact:phone": null, "toilets:access": null, "isced:level": null, "loc_name": null, "max_age": null, "min_age": null, "ref:edubase": null, "ref:edubase:group": null, "religion": null, "school": null, "school:boarding": null, "school:gender": null, "school:group:type": null, "school:type": null, "power": null, "bicycle_parking": null, "covered": null, "food": null, "bench": null, "shelter_type": null, "payment:credit_cards": null, "payment:debit_cards": null, "construction": null, "fixme": null }, "geometry": { "type": "Polygon", "coordinates": [ [ [ 430501.273421874269843, 432522.330471144523472 ], [ 430498.495699622901157, 432468.149391780723818 ], [ 430522.169550665828865, 432467.023664922569878 ], [ 430522.5396991946036, 432481.034137091599405 ], [ 430527.179439407773316, 432480.830641550710425 ], [ 430527.243860765127465, 432489.164691815734841 ], [ 430523.066110215790104, 432489.248800111818127 ], [ 430523.574440640164539, 432500.244931778637692 ], [ 430527.985015903192107, 432499.817420854698867 ], [ 430528.284583567583468, 432507.452040302450769 ], [ 430523.756871543708257, 432507.656262642121874 ], [ 430524.249360394082032, 432521.08896116761025 ], [ 430501.273421874269843, 432522.330471144523472 ] ] ] } },
{ "type": "Feature", "properties": { "addr:city": null, "addr:housename": null, "addr:postcode": null, "addr:street": null, "addr:suburb": null, "addr:unit": null, "amenity": null, "brand": null, "brand:wikidata": null, "building": "retail", "cuisine": null, "fhrs:id": null, "internet_access": null, "name": null, "official_name": null, "opening_hours": null, "outdoor_seating": null, "phone": null, "source:addr": null, "takeaway": null, "toilets": null, "website": null, "osm_type": "way", "osm_id": 162258091, "postal_code": null, "building:levels": null, "elevator": null, "fee": null, "roof:shape": null, "source": null, "tourism": null, "wheelchair": null, "wikidata": null, "wikipedia": null, "industrial": null, "historic": null, "office": null, "old_name": null, "addr:housenumber": null, "brand:wikipedia": null, "email": null, "operator": null, "payment:american_express": null, "payment:cash": null, "payment:cheque": null, "payment:mastercard": null, "payment:visa": null, "shop": null, "contact:website": null, "addr:country": null, "alt_name": null, "opening_hours:service": null, "club": null, "leisure": null, "sport": null, "access": null, "operator:type": null, "parking": null, "clothes": null, "roof:levels": null, "ref:GB:uprn": null, "branch": null, "check_date": null, "capacity": null, "landuse": null, "rooms": null, "bridge": null, "layer": null, "disused:amenity": null, "operator:website": null, "operator:wikidata": null, "addr:county": null, "addr:town": null, "check_date:compressed_air": null, "compressed_air": null, "fuel:diesel": null, "fuel:octane_95": null, "healthcare": null, "was:shop": null, "check_date:opening_hours": null, "contact:phone": null, "toilets:access": null, "isced:level": null, "loc_name": null, "max_age": null, "min_age": null, "ref:edubase": null, "ref:edubase:group": null, "religion": null, "school": null, "school:boarding": null, "school:gender": null, "school:group:type": null, "school:type": null, "power": null, "bicycle_parking": null, "covered": null, "food": null, "bench": null, "shelter_type": null, "payment:credit_cards": null, "payment:debit_cards": null, "construction": null, "fixme": null }, "geometry": { "type": "Polygon", "coordinates": [ [ [ 430540.448268670530524, 432473.851684082415886 ], [ 430550.351696370984428, 432467.674219290609471 ], [ 430552.768341613700613, 432470.92770701891277 ], [ 430557.659030175185762, 432467.599371484015137 ], [ 430560.188976333127357, 432471.665823465329595 ], [ 430571.48201156721916, 432464.573959430563264 ], [ 430569.074281778070144, 432460.964476986089721 ], [ 430585.386305768275633, 432450.077856255578808 ], [ 430587.794101264851633, 432453.676221190486103 ], [ 430597.582087518938351, 432447.030797127867118 ], [ 430591.267030980729032, 432437.387621311354451 ], [ 430587.422550337971188, 432439.910512959817424 ], [ 430574.678393009875435, 432419.911370015935972 ], [ 430563.435057569178753, 432427.448604170233011 ], [ 430565.670568204659503, 432431.201604896807112 ], [ 430528.391747633053456, 432455.49271156580653 ], [ 430540.448268670530524, 432473.851684082415886 ] ] ] } },
{ "type": "Feature", "properties": { "addr:city": null, "addr:housename": null, "addr:postcode": null, "addr:street": null, "addr:suburb": null, "addr:unit": null, "amenity": null, "brand": null, "brand:wikidata": null, "building": "industrial", "cuisine": null, "fhrs:id": null, "internet_access": null, "name": null, "official_name": null, "opening_hours": null, "outdoor_seating": null, "phone": null, "source:addr": null, "takeaway": null, "toilets": null, "website": null, "osm_type": "way", "osm_id": 162258092, "postal_code": null, "building:levels": null, "elevator": null, "fee": null, "roof:shape": null, "source": null, "tourism": null, "wheelchair": null, "wikidata": null, "wikipedia": null, "industrial": null, "historic": null, "office": null, "old_name": null, "addr:housenumber": null, "brand:wikipedia": null, "email": null, "operator": null, "payment:american_express": null, "payment:cash": null, "payment:cheque": null, "payment:mastercard": null, "payment:visa": null, "shop": null, "contact:website": null, "addr:country": null, "alt_name": null, "opening_hours:service": null, "club": null, "leisure": null, "sport": null, "access": null, "operator:type": null, "parking": null, "clothes": null, "roof:levels": null, "ref:GB:uprn": null, "branch": null, "check_date": null, "capacity": null, "landuse": null, "rooms": null, "bridge": null, "layer": null, "disused:amenity": null, "operator:website": null, "operator:wikidata": null, "addr:county": null, "addr:town": null, "check_date:compressed_air": null, "compressed_air": null, "fuel:diesel": null, "fuel:octane_95": null, "healthcare": null, "was:shop": null, "check_date:opening_hours": null, "contact:phone": null, "toilets:access": null, "isced:level": null, "loc_name": null, "max_age": null, "min_age": null, "ref:edubase": null, "ref:edubase:group": null, "religion": null, "school": null, "school:boarding": null, "school:gender": null, "school:group:type": null, "school:type": null, "power": null, "bicycle_parking": null, "covered": null, "food": null, "bench": null, "shelter_type": null, "payment:credit_cards": null, "payment:debit_cards": null, "construction": null, "fixme": null }, "geometry": { "type": "Polygon", "coordinates": [ [ [ 430486.798779244360048, 432567.921249918173999 ], [ 430487.054839208314661, 432567.043931049178354 ], [ 430471.16135362762725, 432567.341326458263211 ], [ 430470.679635469743516, 432568.473087894963101 ], [ 430486.798779244360048, 432567.921249918173999 ] ] ] } },
{ "type": "Feature", "properties": { "addr:city": null, "addr:housename": null, "addr:postcode": null, "addr:street": null, "addr:suburb": null, "addr:unit": null, "amenity": null, "brand": null, "brand:wikidata": null, "building": "industrial", "cuisine": null, "fhrs:id": null, "internet_access": null, "name": null, "official_name": null, "opening_hours": null, "outdoor_seating": null, "phone": null, "source:addr": null, "takeaway": null, "toilets": null, "website": null, "osm_type": "way", "osm_id": 162258093, "postal_code": null, "building:levels": null, "elevator": null, "fee": null, "roof:shape": null, "source": null, "tourism": null, "wheelchair": null, "wikidata": null, "wikipedia": null, "industrial": null, "historic": null, "office": null, "old_name": null, "addr:housenumber": null, "brand:wikipedia": null, "email": null, "operator": null, "payment:american_express": null, "payment:cash": null, "payment:cheque": null, "payment:mastercard": null, "payment:visa": null, "shop": null, "contact:website": null, "addr:country": null, "alt_name": null, "opening_hours:service": null, "club": null, "leisure": null, "sport": null, "access": null, "operator:type": null, "parking": null, "clothes": null, "roof:levels": null, "ref:GB:uprn": null, "branch": null, "check_date": null, "capacity": null, "landuse": null, "rooms": null, "bridge": null, "layer": null, "disused:amenity": null, "operator:website": null, "operator:wikidata": null, "addr:county": null, "addr:town": null, "check_date:compressed_air": null, "compressed_air": null, "fuel:diesel": null, "fuel:octane_95": null, "healthcare": null, "was:shop": null, "check_date:opening_hours": null, "contact:phone": null, "toilets:access": null, "isced:level": null, "loc_name": null, "max_age": null, "min_age": null, "ref:edubase": null, "ref:edubase:group": null, "religion": null, "school": null, "school:boarding": null, "school:gender": null, "school:group:type": null, "school:type": null, "power": null, "bicycle_parking": null, "covered": null, "food": null, "bench": null, "shelter_type": null, "payment:credit_cards": null, "payment:debit_cards": null, "construction": null, "fixme": null }, "geometry": { "type": "Polygon", "coordinates": [ [ [ 430332.169947600283194, 432291.843507820856757 ], [ 430350.248686016886495, 432309.373016853234731 ], [ 430364.74701424309751, 432294.679828395717777 ], [ 430346.881841083988547, 432276.728842917480506 ], [ 430332.169947600283194, 432291.843507820856757 ] ] ] } },
{ "type": "Feature", "properties": { "addr:city": null, "addr:housename": null, "addr:postcode": null, "addr:street": null, "addr:suburb": null, "addr:unit": null, "amenity": null, "brand": null, "brand:wikidata": null, "building": "industrial", "cuisine": null, "fhrs:id": null, "internet_access": null, "name": null, "official_name": null, "opening_hours": null, "outdoor_seating": null, "phone": null, "source:addr": null, "takeaway": null, "toilets": null, "website": null, "osm_type": "way", "osm_id": 162258095, "postal_code": null, "building:levels": null, "elevator": null, "fee": null, "roof:shape": null, "source": null, "tourism": null, "wheelchair": null, "wikidata": null, "wikipedia": null, "industrial": null, "historic": null, "office": null, "old_name": null, "addr:housenumber": null, "brand:wikipedia": null, "email": null, "operator": null, "payment:american_express": null, "payment:cash": null, "payment:cheque": null, "payment:mastercard": null, "payment:visa": null, "shop": null, "contact:website": null, "addr:country": null, "alt_name": null, "opening_hours:service": null, "club": null, "leisure": null, "sport": null, "access": null, "operator:type": null, "parking": null, "clothes": null, "roof:levels": null, "ref:GB:uprn": null, "branch": null, "check_date": null, "capacity": null, "landuse": null, "rooms": null, "bridge": null, "layer": null, "disused:amenity": null, "operator:website": null, "operator:wikidata": null, "addr:county": null, "addr:town": null, "check_date:compressed_air": null, "compressed_air": null, "fuel:diesel": null, "fuel:octane_95": null, "healthcare": null, "was:shop": null, "check_date:opening_hours": null, "contact:phone": null, "toilets:access": null, "isced:level": null, "loc_name": null, "max_age": null, "min_age": null, "ref:edubase": null, "ref:edubase:group": null, "religion": null, "school": null, "school:boarding": null, "school:gender": null, "school:group:type": null, "school:type": null, "power": null, "bicycle_parking": null, "covered": null, "food": null, "bench": null, "shelter_type": null, "payment:credit_cards": null, "payment:debit_cards": null, "construction": null, "fixme": null }, "geometry": { "type": "Polygon", "coordinates": [ [ [ 430427.026811901363544, 432288.373715145280585 ], [ 430456.858546086645219, 432293.907719044946134 ], [ 430462.260053615958896, 432262.633233295753598 ], [ 430432.649257521261461, 432257.545682247728109 ], [ 430427.026811901363544, 432288.373715145280585 ] ] ] } },
{ "type": "Feature", "properties": { "addr:city": null, "addr:housename": null, "addr:postcode": null, "addr:street": null, "addr:suburb": null, "addr:unit": null, "amenity": null, "brand": null, "brand:wikidata": null, "building": "industrial", "cuisine": null, "fhrs:id": null, "internet_access": null, "name": null, "official_name": null, "opening_hours": null, "outdoor_seating": null, "phone": null, "source:addr": null, "takeaway": null, "toilets": null, "website": null, "osm_type": "way", "osm_id": 162258096, "postal_code": null, "building:levels": null, "elevator": null, "fee": null, "roof:shape": null, "source": null, "tourism": null, "wheelchair": null, "wikidata": null, "wikipedia": null, "industrial": null, "historic": null, "office": null, "old_name": null, "addr:housenumber": null, "brand:wikipedia": null, "email": null, "operator": null, "payment:american_express": null, "payment:cash": null, "payment:cheque": null, "payment:mastercard": null, "payment:visa": null, "shop": null, "contact:website": null, "addr:country": null, "alt_name": null, "opening_hours:service": null, "club": null, "leisure": null, "sport": null, "access": null, "operator:type": null, "parking": null, "clothes": null, "roof:levels": null, "ref:GB:uprn": null, "branch": null, "check_date": null, "capacity": null, "landuse": null, "rooms": null, "bridge": null, "layer": null, "disused:amenity": null, "operator:website": null, "operator:wikidata": null, "addr:county": null, "addr:town": null, "check_date:compressed_air": null, "compressed_air": null, "fuel:diesel": null, "fuel:octane_95": null, "healthcare": null, "was:shop": null, "check_date:opening_hours": null, "contact:phone": null, "toilets:access": null, "isced:level": null, "loc_name": null, "max_age": null, "min_age": null, "ref:edubase": null, "ref:edubase:group": null, "religion": null, "school": null, "school:boarding": null, "school:gender": null, "school:group:type": null, "school:type": null, "power": null, "bicycle_parking": null, "covered": null, "food": null, "bench": null, "shelter_type": null, "payment:credit_cards": null, "payment:debit_cards": null, "construction": null, "fixme": null }, "geometry": { "type": "Polygon", "coordinates": [ [ [ 430468.413121642486658, 432538.016706255730242 ], [ 430484.518182221858297, 432537.620536848320626 ], [ 430482.161322993109934, 432481.506216075154953 ], [ 430466.054553912370466, 432482.136037582647987 ], [ 430468.413121642486658, 432538.016706255730242 ] ] ] } },
{ "type": "Feature", "properties": { "addr:city": null, "addr:housename": null, "addr:postcode": null, "addr:street": null, "addr:suburb": null, "addr:unit": null, "amenity": null, "brand": null, "brand:wikidata": null, "building": "industrial", "cuisine": null, "fhrs:id": null, "internet_access": null, "name": null, "official_name": null, "opening_hours": null, "outdoor_seating": null, "phone": null, "source:addr": null, "takeaway": null, "toilets": null, "website": null, "osm_type": "way", "osm_id": 162258097, "postal_code": null, "building:levels": null, "elevator": null, "fee": null, "roof:shape": null, "source": null, "tourism": null, "wheelchair": null, "wikidata": null, "wikipedia": null, "industrial": null, "historic": null, "office": null, "old_name": null, "addr:housenumber": null, "brand:wikipedia": null, "email": null, "operator": null, "payment:american_express": null, "payment:cash": null, "payment:cheque": null, "payment:mastercard": null, "payment:visa": null, "shop": null, "contact:website": null, "addr:country": null, "alt_name": null, "opening_hours:service": null, "club": null, "leisure": null, "sport": null, "access": null, "operator:type": null, "parking": null, "clothes": null, "roof:levels": null, "ref:GB:uprn": null, "branch": null, "check_date": null, "capacity": null, "landuse": null, "rooms": null, "bridge": null, "layer": null, "disused:amenity": null, "operator:website": null, "operator:wikidata": null, "addr:county": null, "addr:town": null, "check_date:compressed_air": null, "compressed_air": null, "fuel:diesel": null, "fuel:octane_95": null, "healthcare": null, "was:shop": null, "check_date:opening_hours": null, "contact:phone": null, "toilets:access": null, "isced:level": null, "loc_name": null, "max_age": null, "min_age": null, "ref:edubase": null, "ref:edubase:group": null, "religion": null, "school": null, "school:boarding": null, "school:gender": null, "school:group:type": null, "school:type": null, "power": null, "bicycle_parking": null, "covered": null, "food": null, "bench": null, "shelter_type": null, "payment:credit_cards": null, "payment:debit_cards": null, "construction": null, "fixme": null }, "geometry": { "type": "Polygon", "coordinates": [ [ [ 430497.40516782499617, 432459.541646844707429 ], [ 430515.089552316349, 432459.489626610302366 ], [ 430511.146895685640629, 432435.553499326808378 ], [ 430496.335503265960142, 432436.558803483960219 ], [ 430497.40516782499617, 432459.541646844707429 ] ] ] } },
{ "type": "Feature", "properties": { "addr:city": null, "addr:housename": null, "addr:postcode": null, "addr:street": null, "addr:suburb": null, "addr:unit": null, "amenity": null, "brand": null, "brand:wikidata": null, "building": "industrial", "cuisine": null, "fhrs:id": null, "internet_access": null, "name": null, "official_name": null, "opening_hours": null, "outdoor_seating": null, "phone": null, "source:addr": null, "takeaway": null, "toilets": null, "website": null, "osm_type": "way", "osm_id": 162258098, "postal_code": null, "building:levels": null, "elevator": null, "fee": null, "roof:shape": null, "source": null, "tourism": null, "wheelchair": null, "wikidata": null, "wikipedia": null, "industrial": null, "historic": null, "office": null, "old_name": null, "addr:housenumber": null, "brand:wikipedia": null, "email": null, "operator": null, "payment:american_express": null, "payment:cash": null, "payment:cheque": null, "payment:mastercard": null, "payment:visa": null, "shop": null, "contact:website": null, "addr:country": null, "alt_name": null, "opening_hours:service": null, "club": null, "leisure": null, "sport": null, "access": null, "operator:type": null, "parking": null, "clothes": null, "roof:levels": null, "ref:GB:uprn": null, "branch": null, "check_date": null, "capacity": null, "landuse": null, "rooms": null, "bridge": null, "layer": null, "disused:amenity": null, "operator:website": null, "operator:wikidata": null, "addr:county": null, "addr:town": null, "check_date:compressed_air": null, "compressed_air": null, "fuel:diesel": null, "fuel:octane_95": null, "healthcare": null, "was:shop": null, "check_date:opening_hours": null, "contact:phone": null, "toilets:access": null, "isced:level": null, "loc_name": null, "max_age": null, "min_age": null, "ref:edubase": null, "ref:edubase:group": null, "religion": null, "school": null, "school:boarding": null, "school:gender": null, "school:group:type": null, "school:type": null, "power": null, "bicycle_parking": null, "covered": null, "food": null, "bench": null, "shelter_type": null, "payment:credit_cards": null, "payment:debit_cards": null, "construction": null, "fixme": null }, "geometry": { "type": "Polygon", "coordinates": [ [ [ 430507.008229248400312, 432601.019851810531691 ], [ 430541.951866173651069, 432592.167888419469818 ], [ 430536.992074641864747, 432572.709034235798754 ], [ 430502.054818728764076, 432581.572203548857942 ], [ 430507.008229248400312, 432601.019851810531691 ] ] ] } },
{ "type": "Feature", "properties": { "addr:city": null, "addr:housename": null, "addr:postcode": null, "addr:street": null, "addr:suburb": null, "addr:unit": null, "amenity": null, "brand": null, "brand:wikidata": null, "building": "industrial", "cuisine": null, "fhrs:id": null, "internet_access": null, "name": null, "official_name": null, "opening_hours": null, "outdoor_seating": null, "phone": null, "source:addr": null, "takeaway": null, "toilets": null, "website": null, "osm_type": "way", "osm_id": 162258099, "postal_code": null, "building:levels": null, "elevator": null, "fee": null, "roof:shape": null, "source": null, "tourism": null, "wheelchair": null, "wikidata": null, "wikipedia": null, "industrial": null, "historic": null, "office": null, "old_name": null, "addr:housenumber": null, "brand:wikipedia": null, "email": null, "operator": null, "payment:american_express": null, "payment:cash": null, "payment:cheque": null, "payment:mastercard": null, "payment:visa": null, "shop": null, "contact:website": null, "addr:country": null, "alt_name": null, "opening_hours:service": null, "club": null, "leisure": null, "sport": null, "access": null, "operator:type": null, "parking": null, "clothes": null, "roof:levels": null, "ref:GB:uprn": null, "branch": null, "check_date": null, "capacity": null, "landuse": null, "rooms": null, "bridge": null, "layer": null, "disused:amenity": null, "operator:website": null, "operator:wikidata": null, "addr:county": null, "addr:town": null, "check_date:compressed_air": null, "compressed_air": null, "fuel:diesel": null, "fuel:octane_95": null, "healthcare": null, "was:shop": null, "check_date:opening_hours": null, "contact:phone": null, "toilets:access": null, "isced:level": null, "loc_name": null, "max_age": null, "min_age": null, "ref:edubase": null, "ref:edubase:group": null, "religion": null, "school": null, "school:boarding": null, "school:gender": null, "school:group:type": null, "school:type": null, "power": null, "bicycle_parking": null, "covered": null, "food": null, "bench": null, "shelter_type": null, "payment:credit_cards": null, "payment:debit_cards": null, "construction": null, "fixme": null }, "geometry": { "type": "Polygon", "coordinates": [ [ [ 430400.775483028497547, 432297.694484390085563 ], [ 430403.240409574296791, 432284.358835290186107 ], [ 430415.395684890390839, 432286.596047173021361 ], [ 430412.937313350092154, 432299.931732692872174 ], [ 430400.775483028497547, 432297.694484390085563 ] ] ] } },
{ "type": "Feature", "properties": { "addr:city": null, "addr:housename": null, "addr:postcode": null, "addr:street": null, "addr:suburb": null, "addr:unit": null, "amenity": null, "brand": null, "brand:wikidata": null, "building": "industrial", "cuisine": null, "fhrs:id": null, "internet_access": null, "name": null, "official_name": null, "opening_hours": null, "outdoor_seating": null, "phone": null, "source:addr": null, "takeaway": null, "toilets": null, "website": null, "osm_type": "way", "osm_id": 162258103, "postal_code": null, "building:levels": null, "elevator": null, "fee": null, "roof:shape": null, "source": null, "tourism": null, "wheelchair": null, "wikidata": null, "wikipedia": null, "industrial": null, "historic": null, "office": null, "old_name": null, "addr:housenumber": null, "brand:wikipedia": null, "email": null, "operator": null, "payment:american_express": null, "payment:cash": null, "payment:cheque": null, "payment:mastercard": null, "payment:visa": null, "shop": null, "contact:website": null, "addr:country": null, "alt_name": null, "opening_hours:service": null, "club": null, "leisure": null, "sport": null, "access": null, "operator:type": null, "parking": null, "clothes": null, "roof:levels": null, "ref:GB:uprn": null, "branch": null, "check_date": null, "capacity": null, "landuse": null, "rooms": null, "bridge": null, "layer": null, "disused:amenity": null, "operator:website": null, "operator:wikidata": null, "addr:county": null, "addr:town": null, "check_date:compressed_air": null, "compressed_air": null, "fuel:diesel": null, "fuel:octane_95": null, "healthcare": null, "was:shop": null, "check_date:opening_hours": null, "contact:phone": null, "toilets:access": null, "isced:level": null, "loc_name": null, "max_age": null, "min_age": null, "ref:edubase": null, "ref:edubase:group": null, "religion": null, "school": null, "school:boarding": null, "school:gender": null, "school:group:type": null, "school:type": null, "power": null, "bicycle_parking": null, "covered": null, "food": null, "bench": null, "shelter_type": null, "payment:credit_cards": null, "payment:debit_cards": null, "construction": null, "fixme": null }, "geometry": { "type": "Polygon", "coordinates": [ [ [ 430502.715882773452904, 432550.801028199843131 ], [ 430530.368171164649539, 432543.692963320296258 ], [ 430525.390898418787401, 432523.866840847767889 ], [ 430499.708334327267949, 432530.998854507924989 ], [ 430499.322374847775791, 432536.659656950621866 ], [ 430502.715882773452904, 432550.801028199843131 ] ] ] } },
{ "type": "Feature", "properties": { "addr:city": null, "addr:housename": null, "addr:postcode": null, "addr:street": null, "addr:suburb": null, "addr:unit": null, "amenity": null, "brand": null, "brand:wikidata": null, "building": "industrial", "cuisine": null, "fhrs:id": null, "internet_access": null, "name": null, "official_name": null, "opening_hours": null, "outdoor_seating": null, "phone": null, "source:addr": null, "takeaway": null, "toilets": null, "website": null, "osm_type": "way", "osm_id": 162258104, "postal_code": null, "building:levels": null, "elevator": null, "fee": null, "roof:shape": null, "source": null, "tourism": null, "wheelchair": null, "wikidata": null, "wikipedia": null, "industrial": null, "historic": null, "office": null, "old_name": null, "addr:housenumber": null, "brand:wikipedia": null, "email": null, "operator": null, "payment:american_express": null, "payment:cash": null, "payment:cheque": null, "payment:mastercard": null, "payment:visa": null, "shop": null, "contact:website": null, "addr:country": null, "alt_name": null, "opening_hours:service": null, "club": null, "leisure": null, "sport": null, "access": null, "operator:type": null, "parking": null, "clothes": null, "roof:levels": null, "ref:GB:uprn": null, "branch": null, "check_date": null, "capacity": null, "landuse": null, "rooms": null, "bridge": null, "layer": null, "disused:amenity": null, "operator:website": null, "operator:wikidata": null, "addr:county": null, "addr:town": null, "check_date:compressed_air": null, "compressed_air": null, "fuel:diesel": null, "fuel:octane_95": null, "healthcare": null, "was:shop": null, "check_date:opening_hours": null, "contact:phone": null, "toilets:access": null, "isced:level": null, "loc_name": null, "max_age": null, "min_age": null, "ref:edubase": null, "ref:edubase:group": null, "religion": null, "school": null, "school:boarding": null, "school:gender": null, "school:group:type": null, "school:type": null, "power": null, "bicycle_parking": null, "covered": null, "food": null, "bench": null, "shelter_type": null, "payment:credit_cards": null, "payment:debit_cards": null, "construction": null, "fixme": null }, "geometry": { "type": "Polygon", "coordinates": [ [ [ 430546.606005753506906, 432603.914202629239298 ], [ 430562.357188335387036, 432600.155844748136587 ], [ 430578.352523096371442, 432596.343497729743831 ], [ 430559.049116769223474, 432515.206919212709181 ], [ 430527.293253275915049, 432523.12261524843052 ], [ 430546.606005753506906, 432603.914202629239298 ] ] ] } },
{ "type": "Feature", "properties": { "addr:city": null, "addr:housename": null, "addr:postcode": null, "addr:street": null, "addr:suburb": null, "addr:unit": null, "amenity": null, "brand": null, "brand:wikidata": null, "building": "industrial", "cuisine": null, "fhrs:id": null, "internet_access": null, "name": null, "official_name": null, "opening_hours": null, "outdoor_seating": null, "phone": null, "source:addr": null, "takeaway": null, "toilets": null, "website": null, "osm_type": "way", "osm_id": 162258105, "postal_code": null, "building:levels": null, "elevator": null, "fee": null, "roof:shape": null, "source": null, "tourism": null, "wheelchair": null, "wikidata": null, "wikipedia": null, "industrial": null, "historic": null, "office": null, "old_name": null, "addr:housenumber": null, "brand:wikipedia": null, "email": null, "operator": null, "payment:american_express": null, "payment:cash": null, "payment:cheque": null, "payment:mastercard": null, "payment:visa": null, "shop": null, "contact:website": null, "addr:country": null, "alt_name": null, "opening_hours:service": null, "club": null, "leisure": null, "sport": null, "access": null, "operator:type": null, "parking": null, "clothes": null, "roof:levels": null, "ref:GB:uprn": null, "branch": null, "check_date": null, "capacity": null, "landuse": null, "rooms": null, "bridge": null, "layer": null, "disused:amenity": null, "operator:website": null, "operator:wikidata": null, "addr:county": null, "addr:town": null, "check_date:compressed_air": null, "compressed_air": null, "fuel:diesel": null, "fuel:octane_95": null, "healthcare": null, "was:shop": null, "check_date:opening_hours": null, "contact:phone": null, "toilets:access": null, "isced:level": null, "loc_name": null, "max_age": null, "min_age": null, "ref:edubase": null, "ref:edubase:group": null, "religion": null, "school": null, "school:boarding": null, "school:gender": null, "school:group:type": null, "school:type": null, "power": null, "bicycle_parking": null, "covered": null, "food": null, "bench": null, "shelter_type": null, "payment:credit_cards": null, "payment:debit_cards": null, "construction": null, "fixme": null }, "geometry": { "type": "Polygon", "coordinates": [ [ [ 430403.240409574296791, 432284.358835290186107 ], [ 430413.774864667211659, 432218.414483053144068 ], [ 430439.050651342608035, 432222.439065241254866 ], [ 430432.649257521261461, 432257.545682247728109 ], [ 430427.026811901363544, 432288.373715145280585 ], [ 430415.395684890390839, 432286.596047173021361 ], [ 430403.240409574296791, 432284.358835290186107 ] ] ] } },
{ "type": "Feature", "properties": { "addr:city": null, "addr:housename": null, "addr:postcode": null, "addr:street": null, "addr:suburb": null, "addr:unit": null, "amenity": null, "brand": null, "brand:wikidata": null, "building": "college", "cuisine": null, "fhrs:id": null, "internet_access": null, "name": "Leeds City College", "official_name": null, "opening_hours": null, "outdoor_seating": null, "phone": null, "source:addr": null, "takeaway": null, "toilets": null, "website": null, "osm_type": "way", "osm_id": 162258106, "postal_code": null, "building:levels": null, "elevator": null, "fee": null, "roof:shape": null, "source": null, "tourism": null, "wheelchair": null, "wikidata": null, "wikipedia": null, "industrial": null, "historic": null, "office": null, "old_name": null, "addr:housenumber": null, "brand:wikipedia": null, "email": null, "operator": null, "payment:american_express": null, "payment:cash": null, "payment:cheque": null, "payment:mastercard": null, "payment:visa": null, "shop": null, "contact:website": null, "addr:country": null, "alt_name": null, "opening_hours:service": null, "club": null, "leisure": null, "sport": null, "access": null, "operator:type": null, "parking": null, "clothes": null, "roof:levels": null, "ref:GB:uprn": null, "branch": "Printworks", "check_date": null, "capacity": null, "landuse": null, "rooms": null, "bridge": null, "layer": null, "disused:amenity": null, "operator:website": null, "operator:wikidata": null, "addr:county": null, "addr:town": null, "check_date:compressed_air": null, "compressed_air": null, "fuel:diesel": null, "fuel:octane_95": null, "healthcare": null, "was:shop": null, "check_date:opening_hours": null, "contact:phone": null, "toilets:access": null, "isced:level": null, "loc_name": null, "max_age": null, "min_age": null, "ref:edubase": null, "ref:edubase:group": null, "religion": null, "school": null, "school:boarding": null, "school:gender": null, "school:group:type": null, "school:type": null, "power": null, "bicycle_parking": null, "covered": null, "food": null, "bench": null, "shelter_type": null, "payment:credit_cards": null, "payment:debit_cards": null, "construction": null, "fixme": null }, "geometry": { "type": "Polygon", "coordinates": [ [ [ 430607.560221187653951, 432588.122257367474958 ], [ 430605.148150903580245, 432586.203931276104413 ], [ 430606.410067391814664, 432584.654467036831193 ], [ 430599.321685012371745, 432578.455403799074702 ], [ 430576.575180199579336, 432607.235744828009047 ], [ 430605.364518521819264, 432631.856746209668927 ], [ 430611.011596207274124, 432631.737784966477193 ], [ 430643.760269832913764, 432590.728253158624284 ], [ 430665.82886974606663, 432559.896559574641287 ], [ 430661.375627566070762, 432556.774356494192034 ], [ 430663.55394527252065, 432554.129382455023006 ], [ 430665.6327146323747, 432551.595022839610465 ], [ 430684.542223333963193, 432520.286607886664569 ], [ 430671.63983104302315, 432510.489018878666684 ], [ 430672.809843592694961, 432508.894466662313789 ], [ 430659.370418556034565, 432498.592718983185478 ], [ 430642.082579340960365, 432485.350795635953546 ], [ 430642.47579457773827, 432484.663527866010554 ], [ 430634.955721996200737, 432478.97340779483784 ], [ 430635.415836685046088, 432478.130807010340504 ], [ 430628.614518309419509, 432473.357746577006765 ], [ 430625.249852213833947, 432475.04926063073799 ], [ 430621.122947092168033, 432472.385405675275251 ], [ 430600.55944758746773, 432500.734812854789197 ], [ 430604.534806874464266, 432503.397662303876132 ], [ 430605.282678672869224, 432504.904592905193567 ], [ 430607.020987774303649, 432505.071690812357701 ], [ 430616.35905859794002, 432511.841747599421069 ], [ 430616.938735022675246, 432513.881648218608461 ], [ 430619.106660587654915, 432513.840151026844978 ], [ 430628.820158560934942, 432520.623807304888032 ], [ 430629.349443935381714, 432522.307337795267813 ], [ 430631.365181147179101, 432522.364990827976726 ], [ 430640.777831580780912, 432528.801793271559291 ], [ 430641.536541146924719, 432530.664843707578257 ], [ 430643.663912984542549, 432530.778862223261967 ], [ 430644.918905643629842, 432529.284994782065041 ], [ 430653.282913977222051, 432534.869377409340814 ], [ 430649.180604760011192, 432540.561544339871034 ], [ 430650.433088019257411, 432541.470953079639003 ], [ 430646.513318665733095, 432546.452227473957464 ], [ 430644.506159076641779, 432545.081714762607589 ], [ 430624.124382335343398, 432569.838395338971168 ], [ 430618.760372251388617, 432564.930078111356124 ], [ 430615.525774792593438, 432568.914474310586229 ], [ 430620.380035017558839, 432573.185262219398282 ], [ 430607.560221187653951, 432588.122257367474958 ] ] ] } },
{ "type": "Feature", "properties": { "addr:city": null, "addr:housename": null, "addr:postcode": null, "addr:street": null, "addr:suburb": null, "addr:unit": null, "amenity": null, "brand": null, "brand:wikidata": null, "building": "industrial", "cuisine": null, "fhrs:id": null, "internet_access": null, "name": null, "official_name": null, "opening_hours": null, "outdoor_seating": null, "phone": null, "source:addr": null, "takeaway": null, "toilets": null, "website": null, "osm_type": "way", "osm_id": 162258107, "postal_code": null, "building:levels": null, "elevator": null, "fee": null, "roof:shape": null, "source": null, "tourism": null, "wheelchair": null, "wikidata": null, "wikipedia": null, "industrial": null, "historic": null, "office": null, "old_name": null, "addr:housenumber": null, "brand:wikipedia": null, "email": null, "operator": null, "payment:american_express": null, "payment:cash": null, "payment:cheque": null, "payment:mastercard": null, "payment:visa": null, "shop": null, "contact:website": null, "addr:country": null, "alt_name": null, "opening_hours:service": null, "club": null, "leisure": null, "sport": null, "access": null, "operator:type": null, "parking": null, "clothes": null, "roof:levels": null, "ref:GB:uprn": null, "branch": null, "check_date": null, "capacity": null, "landuse": null, "rooms": null, "bridge": null, "layer": null, "disused:amenity": null, "operator:website": null, "operator:wikidata": null, "addr:county": null, "addr:town": null, "check_date:compressed_air": null, "compressed_air": null, "fuel:diesel": null, "fuel:octane_95": null, "healthcare": null, "was:shop": null, "check_date:opening_hours": null, "contact:phone": null, "toilets:access": null, "isced:level": null, "loc_name": null, "max_age": null, "min_age": null, "ref:edubase": null, "ref:edubase:group": null, "religion": null, "school": null, "school:boarding": null, "school:gender": null, "school:group:type": null, "school:type": null, "power": null, "bicycle_parking": null, "covered": null, "food": null, "bench": null, "shelter_type": null, "payment:credit_cards": null, "payment:debit_cards": null, "construction": null, "fixme": null }, "geometry": { "type": "Polygon", "coordinates": [ [ [ 430525.703353008022532, 432657.229249569703825 ], [ 430554.158081121568102, 432650.237809775280766 ], [ 430540.908625724201556, 432596.567136563942768 ], [ 430504.508379268168937, 432605.509782525361516 ], [ 430507.519103425554931, 432617.712688787607476 ], [ 430515.464297961443663, 432615.761568843619898 ], [ 430525.703353008022532, 432657.229249569703825 ] ] ] } },
{ "type": "Feature", "properties": { "addr:city": null, "addr:housename": null, "addr:postcode": null, "addr:street": null, "addr:suburb": null, "addr:unit": null, "amenity": null, "brand": null, "brand:wikidata": null, "building": "industrial", "cuisine": null, "fhrs:id": null, "internet_access": null, "name": null, "official_name": null, "opening_hours": null, "outdoor_seating": null, "phone": null, "source:addr": null, "takeaway": null, "toilets": null, "website": null, "osm_type": "way", "osm_id": 162258108, "postal_code": null, "building:levels": null, "elevator": null, "fee": null, "roof:shape": null, "source": null, "tourism": null, "wheelchair": null, "wikidata": null, "wikipedia": null, "industrial": null, "historic": null, "office": null, "old_name": null, "addr:housenumber": null, "brand:wikipedia": null, "email": null, "operator": null, "payment:american_express": null, "payment:cash": null, "payment:cheque": null, "payment:mastercard": null, "payment:visa": null, "shop": null, "contact:website": null, "addr:country": null, "alt_name": null, "opening_hours:service": null, "club": null, "leisure": null, "sport": null, "access": null, "operator:type": null, "parking": null, "clothes": null, "roof:levels": null, "ref:GB:uprn": null, "branch": null, "check_date": null, "capacity": null, "landuse": null, "rooms": null, "bridge": null, "layer": null, "disused:amenity": null, "operator:website": null, "operator:wikidata": null, "addr:county": null, "addr:town": null, "check_date:compressed_air": null, "compressed_air": null, "fuel:diesel": null, "fuel:octane_95": null, "healthcare": null, "was:shop": null, "check_date:opening_hours": null, "contact:phone": null, "toilets:access": null, "isced:level": null, "loc_name": null, "max_age": null, "min_age": null, "ref:edubase": null, "ref:edubase:group": null, "religion": null, "school": null, "school:boarding": null, "school:gender": null, "school:group:type": null, "school:type": null, "power": null, "bicycle_parking": null, "covered": null, "food": null, "bench": null, "shelter_type": null, "payment:credit_cards": null, "payment:debit_cards": null, "construction": null, "fixme": null }, "geometry": { "type": "Polygon", "coordinates": [ [ [ 430492.517652985814493, 432718.086161730228923 ], [ 430501.497045516618527, 432708.019501820439473 ], [ 430501.53397369151935, 432702.334178407094441 ], [ 430488.728167711466085, 432614.764560525654815 ], [ 430486.798779244360048, 432567.921249918173999 ], [ 430470.679635469743516, 432568.473087894963101 ], [ 430473.109544928825926, 432616.387767286389135 ], [ 430486.406652181933168, 432705.451459773001261 ], [ 430492.517652985814493, 432718.086161730228923 ] ] ] } },
{ "type": "Feature", "properties": { "addr:city": null, "addr:housename": null, "addr:postcode": null, "addr:street": null, "addr:suburb": null, "addr:unit": null, "amenity": null, "brand": null, "brand:wikidata": null, "building": "industrial", "cuisine": null, "fhrs:id": null, "internet_access": null, "name": null, "official_name": null, "opening_hours": null, "outdoor_seating": null, "phone": null, "source:addr": null, "takeaway": null, "toilets": null, "website": null, "osm_type": "way", "osm_id": 162260502, "postal_code": null, "building:levels": null, "elevator": null, "fee": null, "roof:shape": null, "source": null, "tourism": null, "wheelchair": null, "wikidata": null, "wikipedia": null, "industrial": null, "historic": null, "office": null, "old_name": null, "addr:housenumber": null, "brand:wikipedia": null, "email": null, "operator": null, "payment:american_express": null, "payment:cash": null, "payment:cheque": null, "payment:mastercard": null, "payment:visa": null, "shop": null, "contact:website": null, "addr:country": null, "alt_name": null, "opening_hours:service": null, "club": null, "leisure": null, "sport": null, "access": null, "operator:type": null, "parking": null, "clothes": null, "roof:levels": null, "ref:GB:uprn": null, "branch": null, "check_date": null, "capacity": null, "landuse": null, "rooms": null, "bridge": null, "layer": null, "disused:amenity": null, "operator:website": null, "operator:wikidata": null, "addr:county": null, "addr:town": null, "check_date:compressed_air": null, "compressed_air": null, "fuel:diesel": null, "fuel:octane_95": null, "healthcare": null, "was:shop": null, "check_date:opening_hours": null, "contact:phone": null, "toilets:access": null, "isced:level": null, "loc_name": null, "max_age": null, "min_age": null, "ref:edubase": null, "ref:edubase:group": null, "religion": null, "school": null, "school:boarding": null, "school:gender": null, "school:group:type": null, "school:type": null, "power": null, "bicycle_parking": null, "covered": null, "food": null, "bench": null, "shelter_type": null, "payment:credit_cards": null, "payment:debit_cards": null, "construction": null, "fixme": null }, "geometry": { "type": "Polygon", "coordinates": [ [ [ 430454.409725182282273, 432187.880091373692267 ], [ 430481.552438916172832, 432175.338764505693689 ], [ 430478.313427420507651, 432167.796340553555638 ], [ 430451.749508614826482, 432181.509704423486255 ], [ 430454.409725182282273, 432187.880091373692267 ] ] ] } },
{ "type": "Feature", "properties": { "addr:city": null, "addr:housename": null, "addr:postcode": null, "addr:street": null, "addr:suburb": null, "addr:unit": null, "amenity": null, "brand": null, "brand:wikidata": null, "building": "industrial", "cuisine": null, "fhrs:id": null, "internet_access": null, "name": null, "official_name": null, "opening_hours": null, "outdoor_seating": null, "phone": null, "source:addr": null, "takeaway": null, "toilets": null, "website": null, "osm_type": "way", "osm_id": 162260503, "postal_code": null, "building:levels": null, "elevator": null, "fee": null, "roof:shape": null, "source": null, "tourism": null, "wheelchair": null, "wikidata": null, "wikipedia": null, "industrial": null, "historic": null, "office": null, "old_name": null, "addr:housenumber": null, "brand:wikipedia": null, "email": null, "operator": null, "payment:american_express": null, "payment:cash": null, "payment:cheque": null, "payment:mastercard": null, "payment:visa": null, "shop": null, "contact:website": null, "addr:country": null, "alt_name": null, "opening_hours:service": null, "club": null, "leisure": null, "sport": null, "access": null, "operator:type": null, "parking": null, "clothes": null, "roof:levels": null, "ref:GB:uprn": null, "branch": null, "check_date": null, "capacity": null, "landuse": null, "rooms": null, "bridge": null, "layer": null, "disused:amenity": null, "operator:website": null, "operator:wikidata": null, "addr:county": null, "addr:town": null, "check_date:compressed_air": null, "compressed_air": null, "fuel:diesel": null, "fuel:octane_95": null, "healthcare": null, "was:shop": null, "check_date:opening_hours": null, "contact:phone": null, "toilets:access": null, "isced:level": null, "loc_name": null, "max_age": null, "min_age": null, "ref:edubase": null, "ref:edubase:group": null, "religion": null, "school": null, "school:boarding": null, "school:gender": null, "school:group:type": null, "school:type": null, "power": null, "bicycle_parking": null, "covered": null, "food": null, "bench": null, "shelter_type": null, "payment:credit_cards": null, "payment:debit_cards": null, "construction": null, "fixme": null }, "geometry": { "type": "Polygon", "coordinates": [ [ [ 430516.539698995940853, 432204.872736778226681 ], [ 430531.466037335630972, 432197.448339169844985 ], [ 430523.457695497956593, 432180.617767698829994 ], [ 430508.718633831536863, 432188.621977167669684 ], [ 430516.539698995940853, 432204.872736778226681 ] ] ] } },
{ "type": "Feature", "properties": { "addr:city": null, "addr:housename": null, "addr:postcode": null, "addr:street": null, "addr:suburb": null, "addr:unit": null, "amenity": null, "brand": null, "brand:wikidata": null, "building": "industrial", "cuisine": null, "fhrs:id": null, "internet_access": null, "name": null, "official_name": null, "opening_hours": null, "outdoor_seating": null, "phone": null, "source:addr": null, "takeaway": null, "toilets": null, "website": null, "osm_type": "way", "osm_id": 162260504, "postal_code": null, "building:levels": null, "elevator": null, "fee": null, "roof:shape": null, "source": null, "tourism": null, "wheelchair": null, "wikidata": null, "wikipedia": null, "industrial": null, "historic": null, "office": null, "old_name": null, "addr:housenumber": null, "brand:wikipedia": null, "email": null, "operator": null, "payment:american_express": null, "payment:cash": null, "payment:cheque": null, "payment:mastercard": null, "payment:visa": null, "shop": null, "contact:website": null, "addr:country": null, "alt_name": null, "opening_hours:service": null, "club": null, "leisure": null, "sport": null, "access": null, "operator:type": null, "parking": null, "clothes": null, "roof:levels": null, "ref:GB:uprn": null, "branch": null, "check_date": null, "capacity": null, "landuse": null, "rooms": null, "bridge": null, "layer": null, "disused:amenity": null, "operator:website": null, "operator:wikidata": null, "addr:county": null, "addr:town": null, "check_date:compressed_air": null, "compressed_air": null, "fuel:diesel": null, "fuel:octane_95": null, "healthcare": null, "was:shop": null, "check_date:opening_hours": null, "contact:phone": null, "toilets:access": null, "isced:level": null, "loc_name": null, "max_age": null, "min_age": null, "ref:edubase": null, "ref:edubase:group": null, "religion": null, "school": null, "school:boarding": null, "school:gender": null, "school:group:type": null, "school:type": null, "power": null, "bicycle_parking": null, "covered": null, "food": null, "bench": null, "shelter_type": null, "payment:credit_cards": null, "payment:debit_cards": null, "construction": null, "fixme": null }, "geometry": { "type": "Polygon", "coordinates": [ [ [ 430357.681110595818609, 432193.139716583886184 ], [ 430366.009740412002429, 432194.150421069585718 ], [ 430368.340084644965827, 432172.06858685077168 ], [ 430360.576831681013573, 432171.250680938712321 ], [ 430357.681110595818609, 432193.139716583886184 ] ] ] } },
{ "type": "Feature", "properties": { "addr:city": null, "addr:housename": null, "addr:postcode": null, "addr:street": null, "addr:suburb": null, "addr:unit": null, "amenity": null, "brand": null, "brand:wikidata": null, "building": "commercial", "cuisine": null, "fhrs:id": null, "internet_access": null, "name": null, "official_name": null, "opening_hours": null, "outdoor_seating": null, "phone": null, "source:addr": null, "takeaway": null, "toilets": null, "website": null, "osm_type": "way", "osm_id": 162260505, "postal_code": null, "building:levels": null, "elevator": null, "fee": null, "roof:shape": null, "source": null, "tourism": null, "wheelchair": null, "wikidata": null, "wikipedia": null, "industrial": null, "historic": null, "office": null, "old_name": null, "addr:housenumber": null, "brand:wikipedia": null, "email": null, "operator": null, "payment:american_express": null, "payment:cash": null, "payment:cheque": null, "payment:mastercard": null, "payment:visa": null, "shop": null, "contact:website": null, "addr:country": null, "alt_name": null, "opening_hours:service": null, "club": null, "leisure": null, "sport": null, "access": null, "operator:type": null, "parking": null, "clothes": null, "roof:levels": null, "ref:GB:uprn": null, "branch": null, "check_date": null, "capacity": null, "landuse": null, "rooms": null, "bridge": null, "layer": null, "disused:amenity": null, "operator:website": null, "operator:wikidata": null, "addr:county": null, "addr:town": null, "check_date:compressed_air": null, "compressed_air": null, "fuel:diesel": null, "fuel:octane_95": null, "healthcare": null, "was:shop": null, "check_date:opening_hours": null, "contact:phone": null, "toilets:access": null, "isced:level": null, "loc_name": null, "max_age": null, "min_age": null, "ref:edubase": null, "ref:edubase:group": null, "religion": null, "school": null, "school:boarding": null, "school:gender": null, "school:group:type": null, "school:type": null, "power": null, "bicycle_parking": null, "covered": null, "food": null, "bench": null, "shelter_type": null, "payment:credit_cards": null, "payment:debit_cards": null, "construction": null, "fixme": null }, "geometry": { "type": "Polygon", "coordinates": [ [ [ 430344.023805254022591, 432130.643854863592423 ], [ 430346.715850048349239, 432134.154916245373897 ], [ 430353.030490041535813, 432128.710437197471038 ], [ 430350.468930326052941, 432125.400489374762401 ], [ 430344.023805254022591, 432130.643854863592423 ] ] ] } },
{ "type": "Feature", "properties": { "addr:city": null, "addr:housename": null, "addr:postcode": null, "addr:street": null, "addr:suburb": null, "addr:unit": null, "amenity": null, "brand": null, "brand:wikidata": null, "building": "industrial", "cuisine": null, "fhrs:id": null, "internet_access": null, "name": null, "official_name": null, "opening_hours": null, "outdoor_seating": null, "phone": null, "source:addr": null, "takeaway": null, "toilets": null, "website": null, "osm_type": "way", "osm_id": 162260506, "postal_code": null, "building:levels": null, "elevator": null, "fee": null, "roof:shape": null, "source": null, "tourism": null, "wheelchair": null, "wikidata": null, "wikipedia": null, "industrial": null, "historic": null, "office": null, "old_name": null, "addr:housenumber": null, "brand:wikipedia": null, "email": null, "operator": null, "payment:american_express": null, "payment:cash": null, "payment:cheque": null, "payment:mastercard": null, "payment:visa": null, "shop": null, "contact:website": null, "addr:country": null, "alt_name": null, "opening_hours:service": null, "club": null, "leisure": null, "sport": null, "access": null, "operator:type": null, "parking": null, "clothes": null, "roof:levels": null, "ref:GB:uprn": "72548381", "branch": null, "check_date": null, "capacity": null, "landuse": null, "rooms": null, "bridge": null, "layer": null, "disused:amenity": null, "operator:website": null, "operator:wikidata": null, "addr:county": null, "addr:town": null, "check_date:compressed_air": null, "compressed_air": null, "fuel:diesel": null, "fuel:octane_95": null, "healthcare": null, "was:shop": null, "check_date:opening_hours": null, "contact:phone": null, "toilets:access": null, "isced:level": null, "loc_name": null, "max_age": null, "min_age": null, "ref:edubase": null, "ref:edubase:group": null, "religion": null, "school": null, "school:boarding": null, "school:gender": null, "school:group:type": null, "school:type": null, "power": null, "bicycle_parking": null, "covered": null, "food": null, "bench": null, "shelter_type": null, "payment:credit_cards": null, "payment:debit_cards": null, "construction": null, "fixme": null }, "geometry": { "type": "Polygon", "coordinates": [ [ [ 430272.409005851077382, 432177.25724930758588 ], [ 430286.092459250998218, 432183.709725196589716 ], [ 430306.067388043971732, 432143.349843868403696 ], [ 430292.776317127689254, 432136.321272240253165 ], [ 430272.409005851077382, 432177.25724930758588 ] ] ] } },
{ "type": "Feature", "properties": { "addr:city": null, "addr:housename": null, "addr:postcode": null, "addr:street": null, "addr:suburb": null, "addr:unit": null, "amenity": null, "brand": null, "brand:wikidata": null, "building": "commercial", "cuisine": null, "fhrs:id": null, "internet_access": null, "name": null, "official_name": null, "opening_hours": null, "outdoor_seating": null, "phone": null, "source:addr": null, "takeaway": null, "toilets": null, "website": null, "osm_type": "way", "osm_id": 162260507, "postal_code": null, "building:levels": null, "elevator": null, "fee": null, "roof:shape": null, "source": null, "tourism": null, "wheelchair": null, "wikidata": null, "wikipedia": null, "industrial": null, "historic": null, "office": null, "old_name": null, "addr:housenumber": null, "brand:wikipedia": null, "email": null, "operator": null, "payment:american_express": null, "payment:cash": null, "payment:cheque": null, "payment:mastercard": null, "payment:visa": null, "shop": null, "contact:website": null, "addr:country": null, "alt_name": null, "opening_hours:service": null, "club": null, "leisure": null, "sport": null, "access": null, "operator:type": null, "parking": null, "clothes": null, "roof:levels": null, "ref:GB:uprn": null, "branch": null, "check_date": null, "capacity": null, "landuse": null, "rooms": null, "bridge": null, "layer": null, "disused:amenity": null, "operator:website": null, "operator:wikidata": null, "addr:county": null, "addr:town": null, "check_date:compressed_air": null, "compressed_air": null, "fuel:diesel": null, "fuel:octane_95": null, "healthcare": null, "was:shop": null, "check_date:opening_hours": null, "contact:phone": null, "toilets:access": null, "isced:level": null, "loc_name": null, "max_age": null, "min_age": null, "ref:edubase": null, "ref:edubase:group": null, "religion": null, "school": null, "school:boarding": null, "school:gender": null, "school:group:type": null, "school:type": null, "power": null, "bicycle_parking": null, "covered": null, "food": null, "bench": null, "shelter_type": null, "payment:credit_cards": null, "payment:debit_cards": null, "construction": null, "fixme": null }, "geometry": { "type": "Polygon", "coordinates": [ [ [ 430351.889946665731259, 432141.042170808301307 ], [ 430354.669647928327322, 432144.242266040411778 ], [ 430362.351658911386039, 432137.248949959757738 ], [ 430359.859999111620709, 432134.339996721129864 ], [ 430351.889946665731259, 432141.042170808301307 ] ] ] } },
{ "type": "Feature", "properties": { "addr:city": null, "addr:housename": null, "addr:postcode": null, "addr:street": null, "addr:suburb": null, "addr:unit": null, "amenity": null, "brand": null, "brand:wikidata": null, "building": "industrial", "cuisine": null, "fhrs:id": null, "internet_access": null, "name": null, "official_name": null, "opening_hours": null, "outdoor_seating": null, "phone": null, "source:addr": null, "takeaway": null, "toilets": null, "website": null, "osm_type": "way", "osm_id": 162260508, "postal_code": null, "building:levels": null, "elevator": null, "fee": null, "roof:shape": null, "source": null, "tourism": null, "wheelchair": null, "wikidata": null, "wikipedia": null, "industrial": null, "historic": null, "office": null, "old_name": null, "addr:housenumber": null, "brand:wikipedia": null, "email": null, "operator": null, "payment:american_express": null, "payment:cash": null, "payment:cheque": null, "payment:mastercard": null, "payment:visa": null, "shop": null, "contact:website": null, "addr:country": null, "alt_name": null, "opening_hours:service": null, "club": null, "leisure": null, "sport": null, "access": null, "operator:type": null, "parking": null, "clothes": null, "roof:levels": null, "ref:GB:uprn": null, "branch": null, "check_date": null, "capacity": null, "landuse": null, "rooms": null, "bridge": null, "layer": null, "disused:amenity": null, "operator:website": null, "operator:wikidata": null, "addr:county": null, "addr:town": null, "check_date:compressed_air": null, "compressed_air": null, "fuel:diesel": null, "fuel:octane_95": null, "healthcare": null, "was:shop": null, "check_date:opening_hours": null, "contact:phone": null, "toilets:access": null, "isced:level": null, "loc_name": null, "max_age": null, "min_age": null, "ref:edubase": null, "ref:edubase:group": null, "religion": null, "school": null, "school:boarding": null, "school:gender": null, "school:group:type": null, "school:type": null, "power": null, "bicycle_parking": null, "covered": null, "food": null, "bench": null, "shelter_type": null, "payment:credit_cards": null, "payment:debit_cards": null, "construction": null, "fixme": null }, "geometry": { "type": "Polygon", "coordinates": [ [ [ 430481.997153580305167, 432196.159028457710519 ], [ 430490.530792247387581, 432191.97528557816986 ], [ 430484.424003380001523, 432179.596536323660985 ], [ 430477.049976887356024, 432183.787815023562871 ], [ 430481.997153580305167, 432196.159028457710519 ] ] ] } },
{ "type": "Feature", "properties": { "addr:city": null, "addr:housename": null, "addr:postcode": null, "addr:street": null, "addr:suburb": null, "addr:unit": null, "amenity": null, "brand": null, "brand:wikidata": null, "building": "industrial", "cuisine": null, "fhrs:id": null, "internet_access": null, "name": null, "official_name": null, "opening_hours": null, "outdoor_seating": null, "phone": null, "source:addr": null, "takeaway": null, "toilets": null, "website": null, "osm_type": "way", "osm_id": 162260509, "postal_code": null, "building:levels": null, "elevator": null, "fee": null, "roof:shape": null, "source": null, "tourism": null, "wheelchair": null, "wikidata": null, "wikipedia": null, "industrial": null, "historic": null, "office": null, "old_name": null, "addr:housenumber": null, "brand:wikipedia": null, "email": null, "operator": null, "payment:american_express": null, "payment:cash": null, "payment:cheque": null, "payment:mastercard": null, "payment:visa": null, "shop": null, "contact:website": null, "addr:country": null, "alt_name": null, "opening_hours:service": null, "club": null, "leisure": null, "sport": null, "access": null, "operator:type": null, "parking": null, "clothes": null, "roof:levels": null, "ref:GB:uprn": null, "branch": null, "check_date": null, "capacity": null, "landuse": null, "rooms": null, "bridge": null, "layer": null, "disused:amenity": null, "operator:website": null, "operator:wikidata": null, "addr:county": null, "addr:town": null, "check_date:compressed_air": null, "compressed_air": null, "fuel:diesel": null, "fuel:octane_95": null, "healthcare": null, "was:shop": null, "check_date:opening_hours": null, "contact:phone": null, "toilets:access": null, "isced:level": null, "loc_name": null, "max_age": null, "min_age": null, "ref:edubase": null, "ref:edubase:group": null, "religion": null, "school": null, "school:boarding": null, "school:gender": null, "school:group:type": null, "school:type": null, "power": null, "bicycle_parking": null, "covered": null, "food": null, "bench": null, "shelter_type": null, "payment:credit_cards": null, "payment:debit_cards": null, "construction": null, "fixme": null }, "geometry": { "type": "Polygon", "coordinates": [ [ [ 430494.455557662353385, 432212.62899752240628 ], [ 430512.288339861901477, 432204.077398155000992 ], [ 430505.620973779237829, 432189.758995629730634 ], [ 430487.390223092923407, 432198.708585478249006 ], [ 430494.455557662353385, 432212.62899752240628 ] ] ] } },
{ "type": "Feature", "properties": { "addr:city": null, "addr:housename": null, "addr:postcode": null, "addr:street": null, "addr:suburb": null, "addr:unit": null, "amenity": null, "brand": null, "brand:wikidata": null, "building": "commercial", "cuisine": null, "fhrs:id": null, "internet_access": null, "name": null, "official_name": null, "opening_hours": null, "outdoor_seating": null, "phone": null, "source:addr": null, "takeaway": null, "toilets": null, "website": null, "osm_type": "way", "osm_id": 162260510, "postal_code": null, "building:levels": null, "elevator": null, "fee": null, "roof:shape": null, "source": null, "tourism": null, "wheelchair": null, "wikidata": null, "wikipedia": null, "industrial": null, "historic": null, "office": null, "old_name": null, "addr:housenumber": null, "brand:wikipedia": null, "email": null, "operator": null, "payment:american_express": null, "payment:cash": null, "payment:cheque": null, "payment:mastercard": null, "payment:visa": null, "shop": null, "contact:website": null, "addr:country": null, "alt_name": null, "opening_hours:service": null, "club": null, "leisure": null, "sport": null, "access": null, "operator:type": null, "parking": null, "clothes": null, "roof:levels": null, "ref:GB:uprn": null, "branch": null, "check_date": null, "capacity": null, "landuse": null, "rooms": null, "bridge": null, "layer": null, "disused:amenity": null, "operator:website": null, "operator:wikidata": null, "addr:county": null, "addr:town": null, "check_date:compressed_air": null, "compressed_air": null, "fuel:diesel": null, "fuel:octane_95": null, "healthcare": null, "was:shop": null, "check_date:opening_hours": null, "contact:phone": null, "toilets:access": null, "isced:level": null, "loc_name": null, "max_age": null, "min_age": null, "ref:edubase": null, "ref:edubase:group": null, "religion": null, "school": null, "school:boarding": null, "school:gender": null, "school:group:type": null, "school:type": null, "power": null, "bicycle_parking": null, "covered": null, "food": null, "bench": null, "shelter_type": null, "payment:credit_cards": null, "payment:debit_cards": null, "construction": null, "fixme": null }, "geometry": { "type": "Polygon", "coordinates": [ [ [ 430349.111535612144507, 432137.641811611247249 ], [ 430351.889946665731259, 432141.042170808301307 ], [ 430359.859999111620709, 432134.339996721129864 ], [ 430356.693421389267314, 432130.848113331594504 ], [ 430349.111535612144507, 432137.641811611247249 ] ] ] } },
{ "type": "Feature", "properties": { "addr:city": null, "addr:housename": null, "addr:postcode": null, "addr:street": null, "addr:suburb": null, "addr:unit": null, "amenity": null, "brand": null, "brand:wikidata": null, "building": "industrial", "cuisine": null, "fhrs:id": null, "internet_access": null, "name": null, "official_name": null, "opening_hours": null, "outdoor_seating": null, "phone": null, "source:addr": null, "takeaway": null, "toilets": null, "website": null, "osm_type": "way", "osm_id": 162260511, "postal_code": null, "building:levels": null, "elevator": null, "fee": null, "roof:shape": null, "source": null, "tourism": null, "wheelchair": null, "wikidata": null, "wikipedia": null, "industrial": null, "historic": null, "office": null, "old_name": null, "addr:housenumber": null, "brand:wikipedia": null, "email": null, "operator": null, "payment:american_express": null, "payment:cash": null, "payment:cheque": null, "payment:mastercard": null, "payment:visa": null, "shop": null, "contact:website": null, "addr:country": null, "alt_name": null, "opening_hours:service": null, "club": null, "leisure": null, "sport": null, "access": null, "operator:type": null, "parking": null, "clothes": null, "roof:levels": null, "ref:GB:uprn": null, "branch": null, "check_date": null, "capacity": null, "landuse": null, "rooms": null, "bridge": null, "layer": null, "disused:amenity": null, "operator:website": null, "operator:wikidata": null, "addr:county": null, "addr:town": null, "check_date:compressed_air": null, "compressed_air": null, "fuel:diesel": null, "fuel:octane_95": null, "healthcare": null, "was:shop": null, "check_date:opening_hours": null, "contact:phone": null, "toilets:access": null, "isced:level": null, "loc_name": null, "max_age": null, "min_age": null, "ref:edubase": null, "ref:edubase:group": null, "religion": null, "school": null, "school:boarding": null, "school:gender": null, "school:group:type": null, "school:type": null, "power": null, "bicycle_parking": null, "covered": null, "food": null, "bench": null, "shelter_type": null, "payment:credit_cards": null, "payment:debit_cards": null, "construction": null, "fixme": null }, "geometry": { "type": "Polygon", "coordinates": [ [ [ 430475.200368992809672, 432231.218517917091958 ], [ 430484.523668665089644, 432224.135914178448729 ], [ 430466.876980981847737, 432203.003756168764085 ], [ 430458.133550175407436, 432210.079029081971385 ], [ 430475.200368992809672, 432231.218517917091958 ] ] ] } },
{ "type": "Feature", "properties": { "addr:city": "Leeds", "addr:housename": "Somerville House", "addr:postcode": "LS10 1BG", "addr:street": "Leathley Road", "addr:suburb": "Hunslet", "addr:unit": null, "amenity": null, "brand": null, "brand:wikidata": null, "building": "industrial", "cuisine": null, "fhrs:id": "1078600", "internet_access": null, "name": "The Foundry", "official_name": null, "opening_hours": null, "outdoor_seating": null, "phone": null, "source:addr": null, "takeaway": null, "toilets": null, "website": null, "osm_type": "way", "osm_id": 162260512, "postal_code": null, "building:levels": null, "elevator": null, "fee": null, "roof:shape": null, "source": null, "tourism": null, "wheelchair": null, "wikidata": null, "wikipedia": null, "industrial": null, "historic": null, "office": null, "old_name": null, "addr:housenumber": null, "brand:wikipedia": null, "email": null, "operator": null, "payment:american_express": null, "payment:cash": null, "payment:cheque": null, "payment:mastercard": null, "payment:visa": null, "shop": null, "contact:website": null, "addr:country": null, "alt_name": null, "opening_hours:service": null, "club": null, "leisure": null, "sport": null, "access": null, "operator:type": null, "parking": null, "clothes": null, "roof:levels": null, "ref:GB:uprn": null, "branch": null, "check_date": null, "capacity": null, "landuse": null, "rooms": null, "bridge": null, "layer": null, "disused:amenity": null, "operator:website": null, "operator:wikidata": null, "addr:county": null, "addr:town": null, "check_date:compressed_air": null, "compressed_air": null, "fuel:diesel": null, "fuel:octane_95": null, "healthcare": null, "was:shop": null, "check_date:opening_hours": null, "contact:phone": null, "toilets:access": null, "isced:level": null, "loc_name": null, "max_age": null, "min_age": null, "ref:edubase": null, "ref:edubase:group": null, "religion": null, "school": null, "school:boarding": null, "school:gender": null, "school:group:type": null, "school:type": null, "power": null, "bicycle_parking": null, "covered": null, "food": null, "bench": null, "shelter_type": null, "payment:credit_cards": null, "payment:debit_cards": null, "construction": null, "fixme": null }, "geometry": { "type": "Polygon", "coordinates": [ [ [ 430492.411440090974793, 432273.754958059405908 ], [ 430514.515314596355893, 432262.916821943712421 ], [ 430513.492672641761601, 432261.09658439073246 ], [ 430508.97222926444374, 432253.045126636279747 ], [ 430487.064682268362958, 432264.084837634349242 ], [ 430492.411440090974793, 432273.754958059405908 ] ] ] } },
{ "type": "Feature", "properties": { "addr:city": null, "addr:housename": null, "addr:postcode": null, "addr:street": null, "addr:suburb": null, "addr:unit": null, "amenity": null, "brand": null, "brand:wikidata": null, "building": "industrial", "cuisine": null, "fhrs:id": null, "internet_access": null, "name": null, "official_name": null, "opening_hours": null, "outdoor_seating": null, "phone": null, "source:addr": null, "takeaway": null, "toilets": null, "website": null, "osm_type": "way", "osm_id": 162260514, "postal_code": null, "building:levels": null, "elevator": null, "fee": null, "roof:shape": null, "source": null, "tourism": null, "wheelchair": null, "wikidata": null, "wikipedia": null, "industrial": null, "historic": null, "office": null, "old_name": null, "addr:housenumber": null, "brand:wikipedia": null, "email": null, "operator": null, "payment:american_express": null, "payment:cash": null, "payment:cheque": null, "payment:mastercard": null, "payment:visa": null, "shop": null, "contact:website": null, "addr:country": null, "alt_name": null, "opening_hours:service": null, "club": null, "leisure": null, "sport": null, "access": null, "operator:type": null, "parking": null, "clothes": null, "roof:levels": null, "ref:GB:uprn": null, "branch": null, "check_date": null, "capacity": null, "landuse": null, "rooms": null, "bridge": null, "layer": null, "disused:amenity": null, "operator:website": null, "operator:wikidata": null, "addr:county": null, "addr:town": null, "check_date:compressed_air": null, "compressed_air": null, "fuel:diesel": null, "fuel:octane_95": null, "healthcare": null, "was:shop": null, "check_date:opening_hours": null, "contact:phone": null, "toilets:access": null, "isced:level": null, "loc_name": null, "max_age": null, "min_age": null, "ref:edubase": null, "ref:edubase:group": null, "religion": null, "school": null, "school:boarding": null, "school:gender": null, "school:group:type": null, "school:type": null, "power": null, "bicycle_parking": null, "covered": null, "food": null, "bench": null, "shelter_type": null, "payment:credit_cards": null, "payment:debit_cards": null, "construction": null, "fixme": null }, "geometry": { "type": "Polygon", "coordinates": [ [ [ 430355.908307787263766, 432170.764325790456496 ], [ 430360.576831681013573, 432171.250680938712321 ], [ 430368.340084644965827, 432172.06858685077168 ], [ 430369.212634886440355, 432163.484698245883919 ], [ 430356.379779618815519, 432162.044326837058179 ], [ 430355.908307787263766, 432170.764325790456496 ] ] ] } },
{ "type": "Feature", "properties": { "addr:city": null, "addr:housename": null, "addr:postcode": null, "addr:street": null, "addr:suburb": null, "addr:unit": null, "amenity": null, "brand": null, "brand:wikidata": null, "building": "commercial", "cuisine": null, "fhrs:id": null, "internet_access": null, "name": null, "official_name": null, "opening_hours": null, "outdoor_seating": null, "phone": null, "source:addr": null, "takeaway": null, "toilets": null, "website": null, "osm_type": "way", "osm_id": 162260515, "postal_code": null, "building:levels": null, "elevator": null, "fee": null, "roof:shape": null, "source": null, "tourism": null, "wheelchair": null, "wikidata": null, "wikipedia": null, "industrial": null, "historic": null, "office": null, "old_name": null, "addr:housenumber": null, "brand:wikipedia": null, "email": null, "operator": null, "payment:american_express": null, "payment:cash": null, "payment:cheque": null, "payment:mastercard": null, "payment:visa": null, "shop": null, "contact:website": null, "addr:country": null, "alt_name": null, "opening_hours:service": null, "club": null, "leisure": null, "sport": null, "access": null, "operator:type": null, "parking": null, "clothes": null, "roof:levels": null, "ref:GB:uprn": null, "branch": null, "check_date": null, "capacity": null, "landuse": null, "rooms": null, "bridge": null, "layer": null, "disused:amenity": null, "operator:website": null, "operator:wikidata": null, "addr:county": null, "addr:town": null, "check_date:compressed_air": null, "compressed_air": null, "fuel:diesel": null, "fuel:octane_95": null, "healthcare": null, "was:shop": null, "check_date:opening_hours": null, "contact:phone": null, "toilets:access": null, "isced:level": null, "loc_name": null, "max_age": null, "min_age": null, "ref:edubase": null, "ref:edubase:group": null, "religion": null, "school": null, "school:boarding": null, "school:gender": null, "school:group:type": null, "school:type": null, "power": null, "bicycle_parking": null, "covered": null, "food": null, "bench": null, "shelter_type": null, "payment:credit_cards": null, "payment:debit_cards": null, "construction": null, "fixme": null }, "geometry": { "type": "Polygon", "coordinates": [ [ [ 430346.715850048349239, 432134.154916245373897 ], [ 430347.83205130638089, 432135.786572921439074 ], [ 430349.111535612144507, 432137.641811611247249 ], [ 430356.693421389267314, 432130.848113331594504 ], [ 430354.293351812462788, 432128.039892119937576 ], [ 430353.030490041535813, 432128.710437197471038 ], [ 430346.715850048349239, 432134.154916245373897 ] ] ] } },
{ "type": "Feature", "properties": { "addr:city": null, "addr:housename": null, "addr:postcode": null, "addr:street": null, "addr:suburb": null, "addr:unit": null, "amenity": null, "brand": null, "brand:wikidata": null, "building": "commercial", "cuisine": null, "fhrs:id": null, "internet_access": null, "name": null, "official_name": null, "opening_hours": null, "outdoor_seating": null, "phone": null, "source:addr": null, "takeaway": null, "toilets": null, "website": null, "osm_type": "way", "osm_id": 162260516, "postal_code": null, "building:levels": null, "elevator": null, "fee": null, "roof:shape": null, "source": null, "tourism": null, "wheelchair": null, "wikidata": null, "wikipedia": null, "industrial": null, "historic": null, "office": null, "old_name": null, "addr:housenumber": null, "brand:wikipedia": null, "email": null, "operator": null, "payment:american_express": null, "payment:cash": null, "payment:cheque": null, "payment:mastercard": null, "payment:visa": null, "shop": null, "contact:website": null, "addr:country": null, "alt_name": null, "opening_hours:service": null, "club": null, "leisure": null, "sport": null, "access": null, "operator:type": null, "parking": null, "clothes": null, "roof:levels": null, "ref:GB:uprn": null, "branch": null, "check_date": null, "capacity": null, "landuse": null, "rooms": null, "bridge": null, "layer": null, "disused:amenity": null, "operator:website": null, "operator:wikidata": null, "addr:county": null, "addr:town": null, "check_date:compressed_air": null, "compressed_air": null, "fuel:diesel": null, "fuel:octane_95": null, "healthcare": null, "was:shop": null, "check_date:opening_hours": null, "contact:phone": null, "toilets:access": null, "isced:level": null, "loc_name": null, "max_age": null, "min_age": null, "ref:edubase": null, "ref:edubase:group": null, "religion": null, "school": null, "school:boarding": null, "school:gender": null, "school:group:type": null, "school:type": null, "power": null, "bicycle_parking": null, "covered": null, "food": null, "bench": null, "shelter_type": null, "payment:credit_cards": null, "payment:debit_cards": null, "construction": null, "fixme": null }, "geometry": { "type": "Polygon", "coordinates": [ [ [ 430342.573150952113792, 432131.825000863173045 ], [ 430344.023805254022591, 432130.643854863592423 ], [ 430350.468930326052941, 432125.400489374762401 ], [ 430352.098423153744079, 432124.075859141303226 ], [ 430349.990199488878716, 432120.969115191604942 ], [ 430340.371386637503747, 432128.917930953670293 ], [ 430342.573150952113792, 432131.825000863173045 ] ] ] } },
{ "type": "Feature", "properties": { "addr:city": null, "addr:housename": null, "addr:postcode": null, "addr:street": null, "addr:suburb": null, "addr:unit": null, "amenity": null, "brand": null, "brand:wikidata": null, "building": "industrial", "cuisine": null, "fhrs:id": null, "internet_access": null, "name": null, "official_name": null, "opening_hours": null, "outdoor_seating": null, "phone": null, "source:addr": null, "takeaway": null, "toilets": null, "website": null, "osm_type": "way", "osm_id": 162260517, "postal_code": null, "building:levels": null, "elevator": null, "fee": null, "roof:shape": null, "source": null, "tourism": null, "wheelchair": null, "wikidata": null, "wikipedia": null, "industrial": null, "historic": null, "office": null, "old_name": null, "addr:housenumber": null, "brand:wikipedia": null, "email": null, "operator": null, "payment:american_express": null, "payment:cash": null, "payment:cheque": null, "payment:mastercard": null, "payment:visa": null, "shop": null, "contact:website": null, "addr:country": null, "alt_name": null, "opening_hours:service": null, "club": null, "leisure": null, "sport": null, "access": null, "operator:type": null, "parking": null, "clothes": null, "roof:levels": null, "ref:GB:uprn": null, "branch": null, "check_date": null, "capacity": null, "landuse": null, "rooms": null, "bridge": null, "layer": null, "disused:amenity": null, "operator:website": null, "operator:wikidata": null, "addr:county": null, "addr:town": null, "check_date:compressed_air": null, "compressed_air": null, "fuel:diesel": null, "fuel:octane_95": null, "healthcare": null, "was:shop": null, "check_date:opening_hours": null, "contact:phone": null, "toilets:access": null, "isced:level": null, "loc_name": null, "max_age": null, "min_age": null, "ref:edubase": null, "ref:edubase:group": null, "religion": null, "school": null, "school:boarding": null, "school:gender": null, "school:group:type": null, "school:type": null, "power": null, "bicycle_parking": null, "covered": null, "food": null, "bench": null, "shelter_type": null, "payment:credit_cards": null, "payment:debit_cards": null, "construction": null, "fixme": null }, "geometry": { "type": "Polygon", "coordinates": [ [ [ 430562.347593571292236, 432213.860269086319022 ], [ 430586.62064000684768, 432201.868320310721174 ], [ 430570.784014565637335, 432169.95500625949353 ], [ 430537.625471617735457, 432186.506686999462545 ], [ 430545.423848098318558, 432202.178778627072461 ], [ 430554.374002193158958, 432197.786460120929405 ], [ 430562.347593571292236, 432213.860269086319022 ] ] ] } },
{ "type": "Feature", "properties": { "addr:city": null, "addr:housename": null, "addr:postcode": null, "addr:street": null, "addr:suburb": null, "addr:unit": null, "amenity": null, "brand": null, "brand:wikidata": null, "building": "commercial", "cuisine": null, "fhrs:id": null, "internet_access": null, "name": null, "official_name": null, "opening_hours": null, "outdoor_seating": null, "phone": null, "source:addr": null, "takeaway": null, "toilets": null, "website": null, "osm_type": "way", "osm_id": 162260519, "postal_code": null, "building:levels": null, "elevator": null, "fee": null, "roof:shape": null, "source": null, "tourism": null, "wheelchair": null, "wikidata": null, "wikipedia": null, "industrial": null, "historic": null, "office": null, "old_name": null, "addr:housenumber": null, "brand:wikipedia": null, "email": null, "operator": null, "payment:american_express": null, "payment:cash": null, "payment:cheque": null, "payment:mastercard": null, "payment:visa": null, "shop": null, "contact:website": null, "addr:country": null, "alt_name": null, "opening_hours:service": null, "club": null, "leisure": null, "sport": null, "access": null, "operator:type": null, "parking": null, "clothes": null, "roof:levels": null, "ref:GB:uprn": null, "branch": null, "check_date": null, "capacity": null, "landuse": null, "rooms": null, "bridge": null, "layer": null, "disused:amenity": null, "operator:website": null, "operator:wikidata": null, "addr:county": null, "addr:town": null, "check_date:compressed_air": null, "compressed_air": null, "fuel:diesel": null, "fuel:octane_95": null, "healthcare": null, "was:shop": null, "check_date:opening_hours": null, "contact:phone": null, "toilets:access": null, "isced:level": null, "loc_name": null, "max_age": null, "min_age": null, "ref:edubase": null, "ref:edubase:group": null, "religion": null, "school": null, "school:boarding": null, "school:gender": null, "school:group:type": null, "school:type": null, "power": null, "bicycle_parking": null, "covered": null, "food": null, "bench": null, "shelter_type": null, "payment:credit_cards": null, "payment:debit_cards": null, "construction": null, "fixme": null }, "geometry": { "type": "Polygon", "coordinates": [ [ [ 430355.772594353475142, 432145.884965358884074 ], [ 430353.195221986039542, 432148.082448940258473 ], [ 430344.852612703805789, 432138.003715898841619 ], [ 430347.83205130638089, 432135.786572921439074 ], [ 430349.111535612144507, 432137.641811611247249 ], [ 430351.889946665731259, 432141.042170808301307 ], [ 430354.669647928327322, 432144.242266040411778 ], [ 430355.772594353475142, 432145.884965358884074 ] ] ] } },
{ "type": "Feature", "properties": { "addr:city": null, "addr:housename": null, "addr:postcode": null, "addr:street": null, "addr:suburb": null, "addr:unit": null, "amenity": null, "brand": null, "brand:wikidata": null, "building": "industrial", "cuisine": null, "fhrs:id": null, "internet_access": null, "name": null, "official_name": null, "opening_hours": null, "outdoor_seating": null, "phone": null, "source:addr": null, "takeaway": null, "toilets": null, "website": null, "osm_type": "way", "osm_id": 162260520, "postal_code": null, "building:levels": null, "elevator": null, "fee": null, "roof:shape": null, "source": null, "tourism": null, "wheelchair": null, "wikidata": null, "wikipedia": null, "industrial": null, "historic": null, "office": null, "old_name": null, "addr:housenumber": null, "brand:wikipedia": null, "email": null, "operator": null, "payment:american_express": null, "payment:cash": null, "payment:cheque": null, "payment:mastercard": null, "payment:visa": null, "shop": null, "contact:website": null, "addr:country": null, "alt_name": null, "opening_hours:service": null, "club": null, "leisure": null, "sport": null, "access": null, "operator:type": null, "parking": null, "clothes": null, "roof:levels": null, "ref:GB:uprn": null, "branch": null, "check_date": null, "capacity": null, "landuse": null, "rooms": null, "bridge": null, "layer": null, "disused:amenity": null, "operator:website": null, "operator:wikidata": null, "addr:county": null, "addr:town": null, "check_date:compressed_air": null, "compressed_air": null, "fuel:diesel": null, "fuel:octane_95": null, "healthcare": null, "was:shop": null, "check_date:opening_hours": null, "contact:phone": null, "toilets:access": null, "isced:level": null, "loc_name": null, "max_age": null, "min_age": null, "ref:edubase": null, "ref:edubase:group": null, "religion": null, "school": null, "school:boarding": null, "school:gender": null, "school:group:type": null, "school:type": null, "power": null, "bicycle_parking": null, "covered": null, "food": null, "bench": null, "shelter_type": null, "payment:credit_cards": null, "payment:debit_cards": null, "construction": null, "fixme": null }, "geometry": { "type": "Polygon", "coordinates": [ [ [ 430513.492672641761601, 432261.09658439073246 ], [ 430578.514840606658254, 432229.386610213667154 ], [ 430570.122983673762064, 432211.785741398460232 ], [ 430561.205857229360845, 432216.167118326062337 ], [ 430553.19266096240608, 432200.104179945075884 ], [ 430497.352864054846577, 432227.12317654187791 ], [ 430508.97222926444374, 432253.045126636279747 ], [ 430513.492672641761601, 432261.09658439073246 ] ] ] } },
{ "type": "Feature", "properties": { "addr:city": null, "addr:housename": null, "addr:postcode": null, "addr:street": null, "addr:suburb": null, "addr:unit": null, "amenity": null, "brand": null, "brand:wikidata": null, "building": "commercial", "cuisine": null, "fhrs:id": null, "internet_access": null, "name": null, "official_name": null, "opening_hours": null, "outdoor_seating": null, "phone": null, "source:addr": null, "takeaway": null, "toilets": null, "website": null, "osm_type": "way", "osm_id": 162260521, "postal_code": null, "building:levels": null, "elevator": null, "fee": null, "roof:shape": null, "source": null, "tourism": null, "wheelchair": null, "wikidata": null, "wikipedia": null, "industrial": null, "historic": null, "office": null, "old_name": null, "addr:housenumber": null, "brand:wikipedia": null, "email": null, "operator": null, "payment:american_express": null, "payment:cash": null, "payment:cheque": null, "payment:mastercard": null, "payment:visa": null, "shop": null, "contact:website": null, "addr:country": null, "alt_name": null, "opening_hours:service": null, "club": null, "leisure": null, "sport": null, "access": null, "operator:type": null, "parking": null, "clothes": null, "roof:levels": null, "ref:GB:uprn": null, "branch": null, "check_date": null, "capacity": null, "landuse": null, "rooms": null, "bridge": null, "layer": null, "disused:amenity": null, "operator:website": null, "operator:wikidata": null, "addr:county": null, "addr:town": null, "check_date:compressed_air": null, "compressed_air": null, "fuel:diesel": null, "fuel:octane_95": null, "healthcare": null, "was:shop": null, "check_date:opening_hours": null, "contact:phone": null, "toilets:access": null, "isced:level": null, "loc_name": null, "max_age": null, "min_age": null, "ref:edubase": null, "ref:edubase:group": null, "religion": null, "school": null, "school:boarding": null, "school:gender": null, "school:group:type": null, "school:type": null, "power": null, "bicycle_parking": null, "covered": null, "food": null, "bench": null, "shelter_type": null, "payment:credit_cards": null, "payment:debit_cards": null, "construction": null, "fixme": null }, "geometry": { "type": "Polygon", "coordinates": [ [ [ 430354.669647928327322, 432144.242266040411778 ], [ 430355.772594353475142, 432145.884965358884074 ], [ 430358.118073203251697, 432148.982119341264479 ], [ 430362.783378726104274, 432144.873279639519751 ], [ 430361.344474680896383, 432143.2172806058079 ], [ 430364.843315596808679, 432140.157904549385421 ], [ 430362.351658911386039, 432137.248949959757738 ], [ 430354.669647928327322, 432144.242266040411778 ] ] ] } },
{ "type": "Feature", "properties": { "addr:city": null, "addr:housename": null, "addr:postcode": null, "addr:street": null, "addr:suburb": null, "addr:unit": null, "amenity": null, "brand": null, "brand:wikidata": null, "building": "commercial", "cuisine": null, "fhrs:id": null, "internet_access": null, "name": "The Hunslet Engine", "official_name": null, "opening_hours": null, "outdoor_seating": null, "phone": null, "source:addr": null, "takeaway": null, "toilets": null, "website": null, "osm_type": "way", "osm_id": 162377534, "postal_code": null, "building:levels": null, "elevator": null, "fee": null, "roof:shape": null, "source": null, "tourism": null, "wheelchair": null, "wikidata": "Q26655850", "wikipedia": null, "industrial": null, "historic": null, "office": null, "old_name": null, "addr:housenumber": null, "brand:wikipedia": null, "email": null, "operator": null, "payment:american_express": null, "payment:cash": null, "payment:cheque": null, "payment:mastercard": null, "payment:visa": null, "shop": null, "contact:website": null, "addr:country": null, "alt_name": null, "opening_hours:service": null, "club": null, "leisure": null, "sport": null, "access": null, "operator:type": null, "parking": null, "clothes": null, "roof:levels": null, "ref:GB:uprn": null, "branch": null, "check_date": null, "capacity": null, "landuse": null, "rooms": null, "bridge": null, "layer": null, "disused:amenity": null, "operator:website": null, "operator:wikidata": null, "addr:county": null, "addr:town": null, "check_date:compressed_air": null, "compressed_air": null, "fuel:diesel": null, "fuel:octane_95": null, "healthcare": null, "was:shop": null, "check_date:opening_hours": null, "contact:phone": null, "toilets:access": null, "isced:level": null, "loc_name": null, "max_age": null, "min_age": null, "ref:edubase": null, "ref:edubase:group": null, "religion": null, "school": null, "school:boarding": null, "school:gender": null, "school:group:type": null, "school:type": null, "power": null, "bicycle_parking": null, "covered": null, "food": null, "bench": null, "shelter_type": null, "payment:credit_cards": null, "payment:debit_cards": null, "construction": null, "fixme": null }, "geometry": { "type": "Polygon", "coordinates": [ [ [ 430543.385967869544402, 432037.30657540645916 ], [ 430548.838232288486324, 432048.001064638723619 ], [ 430566.156564872770105, 432038.6229705439182 ], [ 430560.592315191461239, 432027.927732362877578 ], [ 430543.385967869544402, 432037.30657540645916 ] ] ] } },
{ "type": "Feature", "properties": { "addr:city": null, "addr:housename": null, "addr:postcode": null, "addr:street": null, "addr:suburb": null, "addr:unit": null, "amenity": null, "brand": null, "brand:wikidata": null, "building": "commercial", "cuisine": null, "fhrs:id": null, "internet_access": null, "name": "Boyne Engine Works", "official_name": null, "opening_hours": null, "outdoor_seating": null, "phone": null, "source:addr": null, "takeaway": null, "toilets": null, "website": null, "osm_type": "way", "osm_id": 162377535, "postal_code": null, "building:levels": null, "elevator": null, "fee": null, "roof:shape": null, "source": null, "tourism": null, "wheelchair": null, "wikidata": "Q26655848", "wikipedia": null, "industrial": null, "historic": null, "office": null, "old_name": null, "addr:housenumber": null, "brand:wikipedia": null, "email": null, "operator": null, "payment:american_express": null, "payment:cash": null, "payment:cheque": null, "payment:mastercard": null, "payment:visa": null, "shop": null, "contact:website": null, "addr:country": null, "alt_name": null, "opening_hours:service": null, "club": null, "leisure": null, "sport": null, "access": null, "operator:type": null, "parking": null, "clothes": null, "roof:levels": null, "ref:GB:uprn": "72750638", "branch": null, "check_date": null, "capacity": null, "landuse": null, "rooms": null, "bridge": null, "layer": null, "disused:amenity": null, "operator:website": null, "operator:wikidata": null, "addr:county": null, "addr:town": null, "check_date:compressed_air": null, "compressed_air": null, "fuel:diesel": null, "fuel:octane_95": null, "healthcare": null, "was:shop": null, "check_date:opening_hours": null, "contact:phone": null, "toilets:access": null, "isced:level": null, "loc_name": null, "max_age": null, "min_age": null, "ref:edubase": null, "ref:edubase:group": null, "religion": null, "school": null, "school:boarding": null, "school:gender": null, "school:group:type": null, "school:type": null, "power": null, "bicycle_parking": null, "covered": null, "food": null, "bench": null, "shelter_type": null, "payment:credit_cards": null, "payment:debit_cards": null, "construction": null, "fixme": null }, "geometry": { "type": "Polygon", "coordinates": [ [ [ 430455.932130992528982, 432087.229999358882196 ], [ 430478.542789855331648, 432077.618871567887254 ], [ 430469.296215289155953, 432058.610729609848931 ], [ 430466.818795911560301, 432053.509923891513608 ], [ 430444.971094887354411, 432064.338824730715714 ], [ 430455.932130992528982, 432087.229999358882196 ] ] ] } },
{ "type": "Feature", "properties": { "addr:city": null, "addr:housename": null, "addr:postcode": null, "addr:street": null, "addr:suburb": null, "addr:unit": null, "amenity": null, "brand": null, "brand:wikidata": null, "building": "commercial", "cuisine": null, "fhrs:id": null, "internet_access": null, "name": null, "official_name": null, "opening_hours": null, "outdoor_seating": null, "phone": null, "source:addr": null, "takeaway": null, "toilets": null, "website": null, "osm_type": "way", "osm_id": 162377536, "postal_code": null, "building:levels": null, "elevator": null, "fee": null, "roof:shape": null, "source": null, "tourism": null, "wheelchair": null, "wikidata": null, "wikipedia": null, "industrial": null, "historic": null, "office": null, "old_name": null, "addr:housenumber": null, "brand:wikipedia": null, "email": null, "operator": null, "payment:american_express": null, "payment:cash": null, "payment:cheque": null, "payment:mastercard": null, "payment:visa": null, "shop": null, "contact:website": null, "addr:country": null, "alt_name": null, "opening_hours:service": null, "club": null, "leisure": null, "sport": null, "access": null, "operator:type": null, "parking": null, "clothes": null, "roof:levels": null, "ref:GB:uprn": null, "branch": null, "check_date": null, "capacity": null, "landuse": null, "rooms": null, "bridge": null, "layer": null, "disused:amenity": null, "operator:website": null, "operator:wikidata": null, "addr:county": null, "addr:town": null, "check_date:compressed_air": null, "compressed_air": null, "fuel:diesel": null, "fuel:octane_95": null, "healthcare": null, "was:shop": null, "check_date:opening_hours": null, "contact:phone": null, "toilets:access": null, "isced:level": null, "loc_name": null, "max_age": null, "min_age": null, "ref:edubase": null, "ref:edubase:group": null, "religion": null, "school": null, "school:boarding": null, "school:gender": null, "school:group:type": null, "school:type": null, "power": null, "bicycle_parking": null, "covered": null, "food": null, "bench": null, "shelter_type": null, "payment:credit_cards": null, "payment:debit_cards": null, "construction": null, "fixme": null }, "geometry": { "type": "Polygon", "coordinates": [ [ [ 430543.385967869544402, 432037.30657540645916 ], [ 430537.978424298693426, 432037.972373152617365 ], [ 430542.126307648490183, 432050.649988173623569 ], [ 430539.414115725201555, 432052.279050405719317 ], [ 430543.384483462199569, 432058.813774739159271 ], [ 430553.629819494031835, 432052.883314831880853 ], [ 430548.838232288486324, 432048.001064638723619 ], [ 430543.385967869544402, 432037.30657540645916 ] ] ] } },
{ "type": "Feature", "properties": { "addr:city": "Leeds", "addr:housename": null, "addr:postcode": "LS10 1NF", "addr:street": "Royal Armouries Square", "addr:suburb": "Hunslet", "addr:unit": null, "amenity": "conference_centre", "brand": null, "brand:wikidata": null, "building": "yes", "cuisine": null, "fhrs:id": "321783", "internet_access": null, "name": "New Dock Hall", "official_name": null, "opening_hours": null, "outdoor_seating": null, "phone": null, "source:addr": null, "takeaway": null, "toilets": null, "website": null, "osm_type": "way", "osm_id": 178825277, "postal_code": null, "building:levels": null, "elevator": null, "fee": null, "roof:shape": null, "source": null, "tourism": null, "wheelchair": null, "wikidata": null, "wikipedia": null, "industrial": null, "historic": null, "office": null, "old_name": "Saviles Hall", "addr:housenumber": null, "brand:wikipedia": null, "email": null, "operator": null, "payment:american_express": null, "payment:cash": null, "payment:cheque": null, "payment:mastercard": null, "payment:visa": null, "shop": null, "contact:website": null, "addr:country": null, "alt_name": null, "opening_hours:service": null, "club": null, "leisure": null, "sport": null, "access": null, "operator:type": null, "parking": null, "clothes": null, "roof:levels": null, "ref:GB:uprn": null, "branch": null, "check_date": "2024-05-20", "capacity": null, "landuse": null, "rooms": null, "bridge": null, "layer": null, "disused:amenity": null, "operator:website": null, "operator:wikidata": null, "addr:county": null, "addr:town": null, "check_date:compressed_air": null, "compressed_air": null, "fuel:diesel": null, "fuel:octane_95": null, "healthcare": null, "was:shop": null, "check_date:opening_hours": null, "contact:phone": null, "toilets:access": null, "isced:level": null, "loc_name": null, "max_age": null, "min_age": null, "ref:edubase": null, "ref:edubase:group": null, "religion": null, "school": null, "school:boarding": null, "school:gender": null, "school:group:type": null, "school:type": null, "power": null, "bicycle_parking": null, "covered": null, "food": null, "bench": null, "shelter_type": null, "payment:credit_cards": null, "payment:debit_cards": null, "construction": null, "fixme": null }, "geometry": { "type": "Polygon", "coordinates": [ [ [ 430957.256198077695444, 432874.336974206147715 ], [ 430947.812276527634822, 432859.821576678543352 ], [ 430941.099633038858883, 432858.720333697041497 ], [ 430954.168935567198787, 432806.99101616058033 ], [ 430991.573539975681342, 432815.471255842829123 ], [ 430990.836836705624592, 432820.284107499290258 ], [ 430994.360978097247425, 432821.364373106742278 ], [ 430984.579848812310956, 432857.950050746789202 ], [ 430957.256198077695444, 432874.336974206147715 ] ] ] } },
{ "type": "Feature", "properties": { "addr:city": null, "addr:housename": null, "addr:postcode": null, "addr:street": null, "addr:suburb": null, "addr:unit": null, "amenity": "parking", "brand": null, "brand:wikidata": null, "building": "yes", "cuisine": null, "fhrs:id": null, "internet_access": null, "name": "CitiPark Leeds Dock Car Park", "official_name": null, "opening_hours": "24/7", "outdoor_seating": null, "phone": null, "source:addr": null, "takeaway": null, "toilets": null, "website": null, "osm_type": "way", "osm_id": 178825278, "postal_code": null, "building:levels": null, "elevator": null, "fee": "yes", "roof:shape": null, "source": "Bing", "tourism": null, "wheelchair": null, "wikidata": null, "wikipedia": null, "industrial": null, "historic": null, "office": null, "old_name": null, "addr:housenumber": null, "brand:wikipedia": null, "email": null, "operator": null, "payment:american_express": null, "payment:cash": null, "payment:cheque": null, "payment:mastercard": null, "payment:visa": null, "shop": null, "contact:website": null, "addr:country": null, "alt_name": null, "opening_hours:service": null, "club": null, "leisure": null, "sport": null, "access": "yes", "operator:type": null, "parking": "multi-storey", "clothes": null, "roof:levels": null, "ref:GB:uprn": null, "branch": null, "check_date": null, "capacity": "1648", "landuse": null, "rooms": null, "bridge": null, "layer": null, "disused:amenity": null, "operator:website": null, "operator:wikidata": null, "addr:county": null, "addr:town": null, "check_date:compressed_air": null, "compressed_air": null, "fuel:diesel": null, "fuel:octane_95": null, "healthcare": null, "was:shop": null, "check_date:opening_hours": null, "contact:phone": null, "toilets:access": null, "isced:level": null, "loc_name": null, "max_age": null, "min_age": null, "ref:edubase": null, "ref:edubase:group": null, "religion": null, "school": null, "school:boarding": null, "school:gender": null, "school:group:type": null, "school:type": null, "power": null, "bicycle_parking": null, "covered": null, "food": null, "bench": null, "shelter_type": null, "payment:credit_cards": null, "payment:debit_cards": null, "construction": null, "fixme": null }, "geometry": { "type": "Polygon", "coordinates": [ [ [ 431087.08709790580906, 432801.872035332489759 ], [ 431045.295305456733331, 432828.187534414581023 ], [ 431030.659085708553903, 432836.747094163089059 ], [ 431014.579033871763386, 432810.560662308824249 ], [ 430994.186775849841069, 432793.858860311680473 ], [ 430987.639497941883747, 432802.627724449150264 ], [ 430974.460970438085496, 432799.9483298297273 ], [ 430964.772174715413712, 432794.577152771991678 ], [ 430967.361258677381556, 432788.597119619022124 ], [ 430970.208998529065866, 432789.350241367705166 ], [ 430970.779044665629044, 432786.828317659907043 ], [ 430971.362487467762548, 432784.273103310726583 ], [ 430966.3430084931897, 432782.159368555992842 ], [ 430989.695292152231559, 432724.723396179964766 ], [ 431020.020339877577499, 432735.849717262550257 ], [ 431034.801760956877843, 432745.237901187036186 ], [ 431057.290953072195407, 432764.657453289604746 ], [ 431067.115292075264733, 432775.426004309556447 ], [ 431087.08709790580906, 432801.872035332489759 ] ] ] } },
{ "type": "Feature", "properties": { "addr:city": null, "addr:housename": "mackenzie house", "addr:postcode": null, "addr:street": "Chadwick Street", "addr:suburb": null, "addr:unit": null, "amenity": null, "brand": null, "brand:wikidata": null, "building": "apartments", "cuisine": null, "fhrs:id": null, "internet_access": null, "name": null, "official_name": null, "opening_hours": null, "outdoor_seating": null, "phone": null, "source:addr": null, "takeaway": null, "toilets": null, "website": null, "osm_type": "way", "osm_id": 178952458, "postal_code": null, "building:levels": null, "elevator": null, "fee": null, "roof:shape": null, "source": "Bing", "tourism": null, "wheelchair": null, "wikidata": null, "wikipedia": null, "industrial": null, "historic": null, "office": null, "old_name": null, "addr:housenumber": null, "brand:wikipedia": null, "email": null, "operator": null, "payment:american_express": null, "payment:cash": null, "payment:cheque": null, "payment:mastercard": null, "payment:visa": null, "shop": null, "contact:website": null, "addr:country": null, "alt_name": null, "opening_hours:service": null, "club": null, "leisure": null, "sport": null, "access": null, "operator:type": null, "parking": null, "clothes": null, "roof:levels": null, "ref:GB:uprn": null, "branch": null, "check_date": null, "capacity": null, "landuse": null, "rooms": null, "bridge": null, "layer": null, "disused:amenity": null, "operator:website": null, "operator:wikidata": null, "addr:county": null, "addr:town": null, "check_date:compressed_air": null, "compressed_air": null, "fuel:diesel": null, "fuel:octane_95": null, "healthcare": null, "was:shop": null, "check_date:opening_hours": null, "contact:phone": null, "toilets:access": null, "isced:level": null, "loc_name": null, "max_age": null, "min_age": null, "ref:edubase": null, "ref:edubase:group": null, "religion": null, "school": null, "school:boarding": null, "school:gender": null, "school:group:type": null, "school:type": null, "power": null, "bicycle_parking": null, "covered": null, "food": null, "bench": null, "shelter_type": null, "payment:credit_cards": null, "payment:debit_cards": null, "construction": null, "fixme": null }, "geometry": { "type": "Polygon", "coordinates": [ [ [ 430794.438402188185137, 432941.504277536994778 ], [ 430777.67830387619324, 432937.511288137524389 ], [ 430781.286719493742567, 432925.72987707098946 ], [ 430776.695052313094493, 432925.699778057751246 ], [ 430779.94980012869928, 432914.605882097850554 ], [ 430784.176132697728463, 432917.1036402634345 ], [ 430789.070504242030438, 432898.098534308956005 ], [ 430784.304367750650272, 432897.544345294358209 ], [ 430787.558327460603323, 432885.571467373520136 ], [ 430790.311763658653945, 432886.635399686521851 ], [ 430791.632274934556335, 432884.185134223895147 ], [ 430802.089690433000214, 432879.847685647429898 ], [ 430803.759696117718704, 432883.374569982523099 ], [ 430809.41052803961793, 432884.646670442656614 ], [ 430794.438402188185137, 432941.504277536994778 ] ] ] } },
{ "type": "Feature", "properties": { "addr:city": null, "addr:housename": "Magellan House", "addr:postcode": null, "addr:street": null, "addr:suburb": null, "addr:unit": null, "amenity": null, "brand": null, "brand:wikidata": null, "building": "office", "cuisine": null, "fhrs:id": null, "internet_access": null, "name": null, "official_name": null, "opening_hours": null, "outdoor_seating": null, "phone": null, "source:addr": null, "takeaway": null, "toilets": null, "website": null, "osm_type": "way", "osm_id": 178952460, "postal_code": null, "building:levels": null, "elevator": null, "fee": null, "roof:shape": null, "source": "Bing", "tourism": null, "wheelchair": null, "wikidata": "Q66928036", "wikipedia": null, "industrial": null, "historic": null, "office": null, "old_name": null, "addr:housenumber": null, "brand:wikipedia": null, "email": null, "operator": null, "payment:american_express": null, "payment:cash": null, "payment:cheque": null, "payment:mastercard": null, "payment:visa": null, "shop": null, "contact:website": null, "addr:country": null, "alt_name": null, "opening_hours:service": null, "club": null, "leisure": null, "sport": null, "access": null, "operator:type": null, "parking": null, "clothes": null, "roof:levels": null, "ref:GB:uprn": null, "branch": null, "check_date": null, "capacity": null, "landuse": "commercial", "rooms": null, "bridge": null, "layer": null, "disused:amenity": null, "operator:website": null, "operator:wikidata": null, "addr:county": null, "addr:town": null, "check_date:compressed_air": null, "compressed_air": null, "fuel:diesel": null, "fuel:octane_95": null, "healthcare": null, "was:shop": null, "check_date:opening_hours": null, "contact:phone": null, "toilets:access": null, "isced:level": null, "loc_name": null, "max_age": null, "min_age": null, "ref:edubase": null, "ref:edubase:group": null, "religion": null, "school": null, "school:boarding": null, "school:gender": null, "school:group:type": null, "school:type": null, "power": null, "bicycle_parking": null, "covered": null, "food": null, "bench": null, "shelter_type": null, "payment:credit_cards": null, "payment:debit_cards": null, "construction": null, "fixme": null }, "geometry": { "type": "Polygon", "coordinates": [ [ [ 430794.475042773294263, 432990.160082662827335 ], [ 430789.551999869407155, 432986.422719649737701 ], [ 430781.259970342740417, 432984.076321982080117 ], [ 430775.78444509167457, 432984.218450750806369 ], [ 430770.272292636916973, 432988.944405411020853 ], [ 430770.759666477912106, 432996.001710483222269 ], [ 430769.155099835013971, 432997.571138052386232 ], [ 430773.982639530266169, 433004.823782932711765 ], [ 430775.729605493717827, 433001.630842047627084 ], [ 430777.946409644384403, 433004.148803515941836 ], [ 430776.518129470176063, 433006.965536307310686 ], [ 430779.678348889399786, 433009.278281815699302 ], [ 430781.645650069171097, 433006.643105432973243 ], [ 430786.921324226073921, 433009.848707362893037 ], [ 430795.497741037863307, 433012.01895914087072 ], [ 430800.626425384893082, 433011.518534997478127 ], [ 430804.244826574111357, 433009.261369267595001 ], [ 430805.330912348581478, 433005.385395516175777 ], [ 430803.594674720894545, 432999.910962149035186 ], [ 430799.683483000961132, 432994.57803096587304 ], [ 430794.475042773294263, 432990.160082662827335 ] ] ] } },
{ "type": "Feature", "properties": { "addr:city": "Leeds", "addr:housename": "Cartier House", "addr:postcode": "LS10 1HY", "addr:street": "The Boulevard", "addr:suburb": null, "addr:unit": null, "amenity": null, "brand": null, "brand:wikidata": null, "building": "apartments", "cuisine": null, "fhrs:id": null, "internet_access": null, "name": null, "official_name": null, "opening_hours": null, "outdoor_seating": null, "phone": null, "source:addr": null, "takeaway": null, "toilets": null, "website": null, "osm_type": "way", "osm_id": 178952463, "postal_code": null, "building:levels": null, "elevator": null, "fee": null, "roof:shape": null, "source": "Bing", "tourism": null, "wheelchair": null, "wikidata": null, "wikipedia": null, "industrial": null, "historic": null, "office": null, "old_name": null, "addr:housenumber": null, "brand:wikipedia": null, "email": null, "operator": null, "payment:american_express": null, "payment:cash": null, "payment:cheque": null, "payment:mastercard": null, "payment:visa": null, "shop": null, "contact:website": null, "addr:country": null, "alt_name": null, "opening_hours:service": null, "club": null, "leisure": null, "sport": null, "access": null, "operator:type": null, "parking": null, "clothes": null, "roof:levels": null, "ref:GB:uprn": null, "branch": null, "check_date": null, "capacity": null, "landuse": null, "rooms": null, "bridge": null, "layer": null, "disused:amenity": null, "operator:website": null, "operator:wikidata": null, "addr:county": null, "addr:town": null, "check_date:compressed_air": null, "compressed_air": null, "fuel:diesel": null, "fuel:octane_95": null, "healthcare": null, "was:shop": null, "check_date:opening_hours": null, "contact:phone": null, "toilets:access": null, "isced:level": null, "loc_name": null, "max_age": null, "min_age": null, "ref:edubase": null, "ref:edubase:group": null, "religion": null, "school": null, "school:boarding": null, "school:gender": null, "school:group:type": null, "school:type": null, "power": null, "bicycle_parking": null, "covered": null, "food": null, "bench": null, "shelter_type": null, "payment:credit_cards": null, "payment:debit_cards": null, "construction": null, "fixme": null }, "geometry": { "type": "Polygon", "coordinates": [ [ [ 430932.517496484564617, 432866.385482053738087 ], [ 430917.803350834990852, 432862.817146749352105 ], [ 430930.181132737954613, 432806.009591632289812 ], [ 430946.805799503519665, 432809.61280796804931 ], [ 430938.496920847042929, 432843.782734978711233 ], [ 430942.232967820484191, 432844.697462281910703 ], [ 430940.323501651524566, 432852.528963216580451 ], [ 430936.140072349458933, 432851.522278858465143 ], [ 430932.517496484564617, 432866.385482053738087 ] ] ] } },
{ "type": "Feature", "properties": { "addr:city": "Leeds", "addr:housename": null, "addr:postcode": "LS10 1LE", "addr:street": "Armouries Drive", "addr:suburb": null, "addr:unit": null, "amenity": null, "brand": "Holiday Inn Express", "brand:wikidata": "Q5880423", "building": "yes", "cuisine": null, "fhrs:id": "940077", "internet_access": "yes", "name": "Holiday Inn Express Leeds City Centre - Armouries", "official_name": null, "opening_hours": null, "outdoor_seating": null, "phone": "+44 113 380 4400", "source:addr": null, "takeaway": null, "toilets": null, "website": "https://www.ihg.com/holidayinnexpress/hotels/gb/en/leeds/leecd/hoteldetail", "osm_type": "way", "osm_id": 178952465, "postal_code": null, "building:levels": null, "elevator": null, "fee": null, "roof:shape": null, "source": null, "tourism": "hotel", "wheelchair": "yes", "wikidata": null, "wikipedia": null, "industrial": null, "historic": null, "office": null, "old_name": null, "addr:housenumber": null, "brand:wikipedia": "en:Holiday Inn Express", "email": null, "operator": null, "payment:american_express": null, "payment:cash": null, "payment:cheque": null, "payment:mastercard": null, "payment:visa": null, "shop": null, "contact:website": null, "addr:country": null, "alt_name": null, "opening_hours:service": null, "club": null, "leisure": null, "sport": null, "access": null, "operator:type": null, "parking": null, "clothes": null, "roof:levels": null, "ref:GB:uprn": null, "branch": null, "check_date": "2024-05-20", "capacity": null, "landuse": null, "rooms": "130", "bridge": null, "layer": null, "disused:amenity": null, "operator:website": null, "operator:wikidata": null, "addr:county": null, "addr:town": null, "check_date:compressed_air": null, "compressed_air": null, "fuel:diesel": null, "fuel:octane_95": null, "healthcare": null, "was:shop": null, "check_date:opening_hours": null, "contact:phone": null, "toilets:access": null, "isced:level": null, "loc_name": null, "max_age": null, "min_age": null, "ref:edubase": null, "ref:edubase:group": null, "religion": null, "school": null, "school:boarding": null, "school:gender": null, "school:group:type": null, "school:type": null, "power": null, "bicycle_parking": null, "covered": null, "food": null, "bench": null, "shelter_type": null, "payment:credit_cards": null, "payment:debit_cards": null, "construction": null, "fixme": null }, "geometry": { "type": "Polygon", "coordinates": [ [ [ 430966.426422068383545, 432890.386024466832168 ], [ 430957.895115920749959, 432876.355058003449813 ], [ 431003.178310244285967, 432848.949201505049132 ], [ 431011.709532777487766, 432862.980250274529681 ], [ 430966.426422068383545, 432890.386024466832168 ] ] ] } },
{ "type": "Feature", "properties": { "addr:city": null, "addr:housename": null, "addr:postcode": null, "addr:street": null, "addr:suburb": null, "addr:unit": null, "amenity": null, "brand": null, "brand:wikidata": null, "building": "apartments", "cuisine": null, "fhrs:id": null, "internet_access": null, "name": null, "official_name": null, "opening_hours": null, "outdoor_seating": null, "phone": null, "source:addr": null, "takeaway": null, "toilets": null, "website": null, "osm_type": "way", "osm_id": 178952468, "postal_code": null, "building:levels": null, "elevator": null, "fee": null, "roof:shape": null, "source": "Bing", "tourism": null, "wheelchair": null, "wikidata": null, "wikipedia": null, "industrial": null, "historic": null, "office": null, "old_name": null, "addr:housenumber": null, "brand:wikipedia": null, "email": null, "operator": null, "payment:american_express": null, "payment:cash": null, "payment:cheque": null, "payment:mastercard": null, "payment:visa": null, "shop": null, "contact:website": null, "addr:country": null, "alt_name": null, "opening_hours:service": null, "club": null, "leisure": null, "sport": null, "access": null, "operator:type": null, "parking": null, "clothes": null, "roof:levels": null, "ref:GB:uprn": null, "branch": null, "check_date": null, "capacity": null, "landuse": null, "rooms": null, "bridge": "yes", "layer": "2", "disused:amenity": null, "operator:website": null, "operator:wikidata": null, "addr:county": null, "addr:town": null, "check_date:compressed_air": null, "compressed_air": null, "fuel:diesel": null, "fuel:octane_95": null, "healthcare": null, "was:shop": null, "check_date:opening_hours": null, "contact:phone": null, "toilets:access": null, "isced:level": null, "loc_name": null, "max_age": null, "min_age": null, "ref:edubase": null, "ref:edubase:group": null, "religion": null, "school": null, "school:boarding": null, "school:gender": null, "school:group:type": null, "school:type": null, "power": null, "bicycle_parking": null, "covered": null, "food": null, "bench": null, "shelter_type": null, "payment:credit_cards": null, "payment:debit_cards": null, "construction": null, "fixme": null }, "geometry": { "type": "Polygon", "coordinates": [ [ [ 430722.870885207667015, 432989.112438055570237 ], [ 430722.567018445872236, 432984.203726374544203 ], [ 430721.351835348177701, 432964.524376707267947 ], [ 430721.220955353113823, 432962.376133565907367 ], [ 430737.935316365794279, 432961.272750380448997 ], [ 430738.073941798415035, 432963.24302305537276 ], [ 430738.729434621694963, 432972.804854931775481 ], [ 430739.445338293910027, 432983.201559358392842 ], [ 430739.728226904466283, 432987.286784518160857 ], [ 430722.870885207667015, 432989.112438055570237 ] ] ] } },
{ "type": "Feature", "properties": { "addr:city": null, "addr:housename": null, "addr:postcode": null, "addr:street": null, "addr:suburb": null, "addr:unit": null, "amenity": null, "brand": null, "brand:wikidata": null, "building": "yes", "cuisine": null, "fhrs:id": null, "internet_access": null, "name": "Condition", "official_name": null, "opening_hours": null, "outdoor_seating": null, "phone": null, "source:addr": null, "takeaway": null, "toilets": null, "website": null, "osm_type": "way", "osm_id": 178952471, "postal_code": null, "building:levels": null, "elevator": null, "fee": null, "roof:shape": null, "source": "Bing", "tourism": null, "wheelchair": null, "wikidata": null, "wikipedia": null, "industrial": null, "historic": null, "office": null, "old_name": "Primal Gym", "addr:housenumber": null, "brand:wikipedia": null, "email": null, "operator": null, "payment:american_express": null, "payment:cash": null, "payment:cheque": null, "payment:mastercard": null, "payment:visa": null, "shop": null, "contact:website": null, "addr:country": null, "alt_name": null, "opening_hours:service": null, "club": null, "leisure": "fitness_centre", "sport": null, "access": null, "operator:type": null, "parking": null, "clothes": null, "roof:levels": null, "ref:GB:uprn": null, "branch": null, "check_date": null, "capacity": null, "landuse": null, "rooms": null, "bridge": null, "layer": null, "disused:amenity": null, "operator:website": null, "operator:wikidata": null, "addr:county": null, "addr:town": null, "check_date:compressed_air": null, "compressed_air": null, "fuel:diesel": null, "fuel:octane_95": null, "healthcare": null, "was:shop": null, "check_date:opening_hours": null, "contact:phone": null, "toilets:access": null, "isced:level": null, "loc_name": null, "max_age": null, "min_age": null, "ref:edubase": null, "ref:edubase:group": null, "religion": null, "school": null, "school:boarding": null, "school:gender": null, "school:group:type": null, "school:type": null, "power": null, "bicycle_parking": null, "covered": null, "food": null, "bench": null, "shelter_type": null, "payment:credit_cards": null, "payment:debit_cards": null, "construction": null, "fixme": null }, "geometry": { "type": "Polygon", "coordinates": [ [ [ 430950.851724611711688, 432810.496205112431198 ], [ 430946.805799503519665, 432809.61280796804931 ], [ 430930.181132737954613, 432806.009591632289812 ], [ 430935.745090923213866, 432780.477873434661888 ], [ 430956.415864274546038, 432784.95338507660199 ], [ 430950.851724611711688, 432810.496205112431198 ] ] ] } },
{ "type": "Feature", "properties": { "addr:city": null, "addr:housename": null, "addr:postcode": null, "addr:street": null, "addr:suburb": null, "addr:unit": null, "amenity": null, "brand": null, "brand:wikidata": null, "building": "apartments", "cuisine": null, "fhrs:id": null, "internet_access": null, "name": null, "official_name": null, "opening_hours": null, "outdoor_seating": null, "phone": null, "source:addr": null, "takeaway": null, "toilets": null, "website": null, "osm_type": "way", "osm_id": 178952472, "postal_code": null, "building:levels": null, "elevator": null, "fee": null, "roof:shape": null, "source": "Bing", "tourism": null, "wheelchair": null, "wikidata": null, "wikipedia": null, "industrial": null, "historic": null, "office": null, "old_name": null, "addr:housenumber": null, "brand:wikipedia": null, "email": null, "operator": null, "payment:american_express": null, "payment:cash": null, "payment:cheque": null, "payment:mastercard": null, "payment:visa": null, "shop": null, "contact:website": null, "addr:country": null, "alt_name": null, "opening_hours:service": null, "club": null, "leisure": null, "sport": null, "access": null, "operator:type": null, "parking": null, "clothes": null, "roof:levels": null, "ref:GB:uprn": null, "branch": null, "check_date": null, "capacity": null, "landuse": null, "rooms": null, "bridge": null, "layer": null, "disused:amenity": null, "operator:website": null, "operator:wikidata": null, "addr:county": null, "addr:town": null, "check_date:compressed_air": null, "compressed_air": null, "fuel:diesel": null, "fuel:octane_95": null, "healthcare": null, "was:shop": null, "check_date:opening_hours": null, "contact:phone": null, "toilets:access": null, "isced:level": null, "loc_name": null, "max_age": null, "min_age": null, "ref:edubase": null, "ref:edubase:group": null, "religion": null, "school": null, "school:boarding": null, "school:gender": null, "school:group:type": null, "school:type": null, "power": null, "bicycle_parking": null, "covered": null, "food": null, "bench": null, "shelter_type": null, "payment:credit_cards": null, "payment:debit_cards": null, "construction": null, "fixme": null }, "geometry": { "type": "Polygon", "coordinates": [ [ [ 430791.190641849243548, 432951.530079485033639 ], [ 430783.211543863988481, 432955.705776916700415 ], [ 430773.299440335598774, 432958.288875746657141 ], [ 430764.48033563408535, 432955.939054090646096 ], [ 430762.177797099284362, 432956.446906986529939 ], [ 430762.517351369431708, 432958.919182967045344 ], [ 430737.935316365794279, 432961.272750380448997 ], [ 430721.220955353113823, 432962.376133565907367 ], [ 430737.170221180014778, 432944.300047817640007 ], [ 430750.604105705861002, 432943.152982903178781 ], [ 430749.05456821777625, 432937.323750478564762 ], [ 430760.472626652976032, 432936.163512955536135 ], [ 430759.97995257639559, 432941.979370095185004 ], [ 430762.306516342039686, 432941.827716888743453 ], [ 430774.829046595667023, 432941.019667744170874 ], [ 430780.591395932249725, 432940.345352472155355 ], [ 430787.13301895337645, 432940.388240734231658 ], [ 430791.888677733601071, 432942.53343356505502 ], [ 430795.120158256730065, 432945.035804329672828 ], [ 430795.2760627323878, 432948.385860605281778 ], [ 430791.190641849243548, 432951.530079485033639 ] ] ] } },
{ "type": "Feature", "properties": { "addr:city": null, "addr:housename": null, "addr:postcode": null, "addr:street": null, "addr:suburb": null, "addr:unit": null, "amenity": null, "brand": null, "brand:wikidata": null, "building": "apartments", "cuisine": null, "fhrs:id": null, "internet_access": null, "name": "Clarence House", "official_name": null, "opening_hours": null, "outdoor_seating": null, "phone": null, "source:addr": null, "takeaway": null, "toilets": null, "website": null, "osm_type": "way", "osm_id": 178952480, "postal_code": null, "building:levels": null, "elevator": null, "fee": null, "roof:shape": null, "source": "Bing", "tourism": null, "wheelchair": null, "wikidata": "Q66928032", "wikipedia": null, "industrial": null, "historic": null, "office": null, "old_name": null, "addr:housenumber": null, "brand:wikipedia": null, "email": null, "operator": null, "payment:american_express": null, "payment:cash": null, "payment:cheque": null, "payment:mastercard": null, "payment:visa": null, "shop": null, "contact:website": null, "addr:country": null, "alt_name": null, "opening_hours:service": null, "club": null, "leisure": null, "sport": null, "access": null, "operator:type": null, "parking": null, "clothes": null, "roof:levels": null, "ref:GB:uprn": null, "branch": null, "check_date": null, "capacity": null, "landuse": null, "rooms": null, "bridge": null, "layer": null, "disused:amenity": null, "operator:website": null, "operator:wikidata": null, "addr:county": null, "addr:town": null, "check_date:compressed_air": null, "compressed_air": null, "fuel:diesel": null, "fuel:octane_95": null, "healthcare": null, "was:shop": null, "check_date:opening_hours": null, "contact:phone": null, "toilets:access": null, "isced:level": null, "loc_name": null, "max_age": null, "min_age": null, "ref:edubase": null, "ref:edubase:group": null, "religion": null, "school": null, "school:boarding": null, "school:gender": null, "school:group:type": null, "school:type": null, "power": null, "bicycle_parking": null, "covered": null, "food": null, "bench": null, "shelter_type": null, "payment:credit_cards": null, "payment:debit_cards": null, "construction": null, "fixme": null }, "geometry": { "type": "Polygon", "coordinates": [ [ [ 430889.832605602394324, 432677.167803025222383 ], [ 430896.057922849548049, 432697.302958082524128 ], [ 430895.994088422623463, 432707.00472072744742 ], [ 430890.914623208693229, 432716.996149267652072 ], [ 430881.735148695064709, 432726.304162021493539 ], [ 430874.357978373300284, 432719.023519163951278 ], [ 430871.172439532529097, 432719.536640168167651 ], [ 430862.848390387254767, 432722.997850388870575 ], [ 430859.464139726536814, 432726.680684667429887 ], [ 430857.859021200623829, 432729.318208921467885 ], [ 430837.213885956793092, 432723.89756470604334 ], [ 430838.663926617358811, 432718.788964166073129 ], [ 430833.035707502509467, 432715.046928304480389 ], [ 430835.346834873722401, 432712.247136470279656 ], [ 430834.667410137190018, 432708.359577055322006 ], [ 430838.070140008407179, 432701.86187857715413 ], [ 430850.426941555575468, 432693.286741269868799 ], [ 430860.948304559336975, 432689.317010532831773 ], [ 430859.226712370291352, 432682.607630519894883 ], [ 430869.311907681636512, 432679.847824691096321 ], [ 430879.311995094525628, 432681.015084295650013 ], [ 430889.832605602394324, 432677.167803025222383 ] ] ] } },
{ "type": "Feature", "properties": { "addr:city": null, "addr:housename": null, "addr:postcode": null, "addr:street": null, "addr:suburb": null, "addr:unit": null, "amenity": null, "brand": null, "brand:wikidata": null, "building": "grandstand", "cuisine": null, "fhrs:id": null, "internet_access": null, "name": null, "official_name": null, "opening_hours": null, "outdoor_seating": null, "phone": null, "source:addr": null, "takeaway": null, "toilets": null, "website": null, "osm_type": "way", "osm_id": 178952481, "postal_code": null, "building:levels": null, "elevator": null, "fee": null, "roof:shape": null, "source": "Bing", "tourism": null, "wheelchair": null, "wikidata": null, "wikipedia": null, "industrial": null, "historic": null, "office": null, "old_name": null, "addr:housenumber": null, "brand:wikipedia": null, "email": null, "operator": null, "payment:american_express": null, "payment:cash": null, "payment:cheque": null, "payment:mastercard": null, "payment:visa": null, "shop": null, "contact:website": null, "addr:country": null, "alt_name": null, "opening_hours:service": null, "club": null, "leisure": null, "sport": null, "access": null, "operator:type": null, "parking": null, "clothes": null, "roof:levels": null, "ref:GB:uprn": null, "branch": null, "check_date": null, "capacity": null, "landuse": null, "rooms": null, "bridge": null, "layer": null, "disused:amenity": null, "operator:website": null, "operator:wikidata": null, "addr:county": null, "addr:town": null, "check_date:compressed_air": null, "compressed_air": null, "fuel:diesel": null, "fuel:octane_95": null, "healthcare": null, "was:shop": null, "check_date:opening_hours": null, "contact:phone": null, "toilets:access": null, "isced:level": null, "loc_name": null, "max_age": null, "min_age": null, "ref:edubase": null, "ref:edubase:group": null, "religion": null, "school": null, "school:boarding": null, "school:gender": null, "school:group:type": null, "school:type": null, "power": null, "bicycle_parking": null, "covered": null, "food": null, "bench": null, "shelter_type": null, "payment:credit_cards": null, "payment:debit_cards": null, "construction": null, "fixme": null }, "geometry": { "type": "Polygon", "coordinates": [ [ [ 431015.219069897080772, 432933.088388175005093 ], [ 431016.243497940828092, 432934.586087956442498 ], [ 431007.537237357406411, 432939.101518746465445 ], [ 431001.765521302062552, 432941.188541057868861 ], [ 430998.225813901401125, 432933.499106543837115 ], [ 430987.913719484640751, 432915.806879482232034 ], [ 431038.396830301964656, 432884.096403702860698 ], [ 431036.739766404614784, 432879.634904902661219 ], [ 431041.450598162773531, 432876.595170404878445 ], [ 431041.199368559697177, 432874.735406930092722 ], [ 431044.917659831233323, 432873.34694225853309 ], [ 431049.70240710262442, 432871.086550096748397 ], [ 431053.613660074071959, 432867.418463941896334 ], [ 431056.083697402034886, 432868.491805200115778 ], [ 431061.232368393044453, 432864.998805542243645 ], [ 431064.036397701478563, 432868.36639127926901 ], [ 431107.444625679345336, 432841.661220350069925 ], [ 431111.704341433767695, 432848.053723749821074 ], [ 431060.250936504278798, 432878.911393344518729 ], [ 431061.239552799495868, 432880.842794146388769 ], [ 431057.238316055387259, 432881.183496153680608 ], [ 431052.442351886245888, 432884.144767266931012 ], [ 431050.658201804035343, 432886.94793798297178 ], [ 431049.25650274642976, 432885.714768641279079 ], [ 431002.76412595808506, 432914.669886211282574 ], [ 431015.219069897080772, 432933.088388175005093 ] ] ] } },
{ "type": "Feature", "properties": { "addr:city": null, "addr:housename": null, "addr:postcode": null, "addr:street": null, "addr:suburb": null, "addr:unit": null, "amenity": null, "brand": null, "brand:wikidata": null, "building": "yes", "cuisine": null, "fhrs:id": null, "internet_access": null, "name": null, "official_name": null, "opening_hours": null, "outdoor_seating": null, "phone": null, "source:addr": null, "takeaway": null, "toilets": null, "website": null, "osm_type": "way", "osm_id": 178952486, "postal_code": null, "building:levels": null, "elevator": null, "fee": null, "roof:shape": null, "source": "Bing", "tourism": null, "wheelchair": null, "wikidata": null, "wikipedia": null, "industrial": null, "historic": null, "office": null, "old_name": null, "addr:housenumber": null, "brand:wikipedia": null, "email": null, "operator": null, "payment:american_express": null, "payment:cash": null, "payment:cheque": null, "payment:mastercard": null, "payment:visa": null, "shop": null, "contact:website": null, "addr:country": null, "alt_name": null, "opening_hours:service": null, "club": null, "leisure": null, "sport": null, "access": null, "operator:type": null, "parking": null, "clothes": null, "roof:levels": null, "ref:GB:uprn": null, "branch": null, "check_date": null, "capacity": null, "landuse": null, "rooms": null, "bridge": null, "layer": null, "disused:amenity": null, "operator:website": null, "operator:wikidata": null, "addr:county": null, "addr:town": null, "check_date:compressed_air": null, "compressed_air": null, "fuel:diesel": null, "fuel:octane_95": null, "healthcare": null, "was:shop": null, "check_date:opening_hours": null, "contact:phone": null, "toilets:access": null, "isced:level": null, "loc_name": null, "max_age": null, "min_age": null, "ref:edubase": null, "ref:edubase:group": null, "religion": null, "school": null, "school:boarding": null, "school:gender": null, "school:group:type": null, "school:type": null, "power": null, "bicycle_parking": null, "covered": null, "food": null, "bench": null, "shelter_type": null, "payment:credit_cards": null, "payment:debit_cards": null, "construction": null, "fixme": null }, "geometry": { "type": "Polygon", "coordinates": [ [ [ 430970.8862835104228, 432925.385594262625091 ], [ 430969.1416784360772, 432922.203073794487864 ], [ 430965.418826224864461, 432924.29252888110932 ], [ 430959.414204872387927, 432950.711420601699501 ], [ 430969.728344212577213, 432953.115977016044781 ], [ 430977.449501822469756, 432950.11828861781396 ], [ 430975.244888829125557, 432945.764462643885054 ], [ 430985.996000035956968, 432941.852163749746978 ], [ 430985.675317980058026, 432938.534391437424347 ], [ 430979.022642143652774, 432927.364130686270073 ], [ 430985.861108516808599, 432923.359259380144067 ], [ 430996.060343218967319, 432940.182880866224878 ], [ 430978.688839331851341, 432948.00133023224771 ], [ 430980.235135646711569, 432951.282683323952369 ], [ 431002.272018485877197, 432942.30452166905161 ], [ 431001.765521302062552, 432941.188541057868861 ], [ 430998.225813901401125, 432933.499106543837115 ], [ 430987.913719484640751, 432915.806879482232034 ], [ 430981.162276200135238, 432919.600921199889854 ], [ 430970.8862835104228, 432925.385594262625091 ] ] ] } },
{ "type": "Feature", "properties": { "addr:city": null, "addr:housename": null, "addr:postcode": null, "addr:street": null, "addr:suburb": null, "addr:unit": null, "amenity": null, "brand": null, "brand:wikidata": null, "building": "apartments", "cuisine": null, "fhrs:id": null, "internet_access": null, "name": null, "official_name": null, "opening_hours": null, "outdoor_seating": null, "phone": null, "source:addr": null, "takeaway": null, "toilets": null, "website": null, "osm_type": "way", "osm_id": 178952492, "postal_code": null, "building:levels": null, "elevator": null, "fee": null, "roof:shape": null, "source": "Bing", "tourism": null, "wheelchair": null, "wikidata": null, "wikipedia": null, "industrial": null, "historic": null, "office": null, "old_name": null, "addr:housenumber": null, "brand:wikipedia": null, "email": null, "operator": null, "payment:american_express": null, "payment:cash": null, "payment:cheque": null, "payment:mastercard": null, "payment:visa": null, "shop": null, "contact:website": null, "addr:country": null, "alt_name": null, "opening_hours:service": null, "club": null, "leisure": null, "sport": null, "access": null, "operator:type": null, "parking": null, "clothes": null, "roof:levels": null, "ref:GB:uprn": null, "branch": null, "check_date": null, "capacity": null, "landuse": null, "rooms": null, "bridge": null, "layer": null, "disused:amenity": null, "operator:website": null, "operator:wikidata": null, "addr:county": null, "addr:town": null, "check_date:compressed_air": null, "compressed_air": null, "fuel:diesel": null, "fuel:octane_95": null, "healthcare": null, "was:shop": null, "check_date:opening_hours": null, "contact:phone": null, "toilets:access": null, "isced:level": null, "loc_name": null, "max_age": null, "min_age": null, "ref:edubase": null, "ref:edubase:group": null, "religion": null, "school": null, "school:boarding": null, "school:gender": null, "school:group:type": null, "school:type": null, "power": null, "bicycle_parking": null, "covered": null, "food": null, "bench": null, "shelter_type": null, "payment:credit_cards": null, "payment:debit_cards": null, "construction": null, "fixme": null }, "geometry": { "type": "Polygon", "coordinates": [ [ [ 430906.015977272880264, 432848.987365722190589 ], [ 430902.154690756346099, 432845.078852599719539 ], [ 430898.946025084936991, 432849.118857486522757 ], [ 430895.084732831397559, 432845.21035021962598 ], [ 430879.775898520951159, 432840.892756711924449 ], [ 430884.311340207816102, 432829.451310907723382 ], [ 430876.159380785014946, 432821.798396525904536 ], [ 430888.809315804508515, 432805.681618411210366 ], [ 430893.103254604968242, 432789.899312993977219 ], [ 430885.549865622539073, 432782.383837714558467 ], [ 430898.679321693954989, 432767.505265639629215 ], [ 430902.326166656333953, 432750.950992207275704 ], [ 430894.24217364739161, 432742.964704901678488 ], [ 430908.384422768082004, 432727.380736344028264 ], [ 430909.931143459456507, 432728.614816959598102 ], [ 430918.18050985672744, 432719.489882706198841 ], [ 430930.473136994696688, 432730.674943755264394 ], [ 430924.250624107429758, 432737.154005065211095 ], [ 430927.412854079564568, 432740.178948452114128 ], [ 430923.678673246467952, 432742.969323359779082 ], [ 430930.3477424083394, 432749.711315828026272 ], [ 430925.803711476153694, 432769.43067133880686 ], [ 430923.341725374630187, 432767.122427137219347 ], [ 430914.979337003314868, 432776.413503451272845 ], [ 430918.494224539084826, 432778.906697881873697 ], [ 430914.759708725614473, 432782.754081518854946 ], [ 430921.257818618731108, 432788.437932270811871 ], [ 430916.891734914155677, 432808.15846867102664 ], [ 430914.187257109268103, 432805.65948425186798 ], [ 430905.352526067756116, 432815.659554591635242 ], [ 430908.977186147239991, 432818.487255536136217 ], [ 430905.843233782157768, 432822.18283047771547 ], [ 430911.917402847553603, 432828.20879578194581 ], [ 430906.015977272880264, 432848.987365722190589 ] ] ] } },
{ "type": "Feature", "properties": { "addr:city": null, "addr:housename": null, "addr:postcode": null, "addr:street": null, "addr:suburb": null, "addr:unit": null, "amenity": null, "brand": null, "brand:wikidata": null, "building": "apartments", "cuisine": null, "fhrs:id": null, "internet_access": null, "name": null, "official_name": null, "opening_hours": null, "outdoor_seating": null, "phone": null, "source:addr": null, "takeaway": null, "toilets": null, "website": null, "osm_type": "way", "osm_id": 178952493, "postal_code": null, "building:levels": null, "elevator": null, "fee": null, "roof:shape": null, "source": "Bing", "tourism": null, "wheelchair": null, "wikidata": null, "wikipedia": null, "industrial": null, "historic": null, "office": null, "old_name": null, "addr:housenumber": null, "brand:wikipedia": null, "email": null, "operator": null, "payment:american_express": null, "payment:cash": null, "payment:cheque": null, "payment:mastercard": null, "payment:visa": null, "shop": null, "contact:website": null, "addr:country": null, "alt_name": null, "opening_hours:service": null, "club": null, "leisure": null, "sport": null, "access": null, "operator:type": null, "parking": null, "clothes": null, "roof:levels": null, "ref:GB:uprn": null, "branch": null, "check_date": null, "capacity": null, "landuse": null, "rooms": null, "bridge": null, "layer": null, "disused:amenity": null, "operator:website": null, "operator:wikidata": null, "addr:county": null, "addr:town": null, "check_date:compressed_air": null, "compressed_air": null, "fuel:diesel": null, "fuel:octane_95": null, "healthcare": null, "was:shop": null, "check_date:opening_hours": null, "contact:phone": null, "toilets:access": null, "isced:level": null, "loc_name": null, "max_age": null, "min_age": null, "ref:edubase": null, "ref:edubase:group": null, "religion": null, "school": null, "school:boarding": null, "school:gender": null, "school:group:type": null, "school:type": null, "power": null, "bicycle_parking": null, "covered": null, "food": null, "bench": null, "shelter_type": null, "payment:credit_cards": null, "payment:debit_cards": null, "construction": null, "fixme": null }, "geometry": { "type": "Polygon", "coordinates": [ [ [ 430760.157034479198046, 432995.398172650486231 ], [ 430764.225119539129082, 432994.890760324313305 ], [ 430769.155099835013971, 432997.571138052386232 ], [ 430773.982639530266169, 433004.823782932711765 ], [ 430771.389515900751576, 433007.454861008329317 ], [ 430772.051591226831079, 433013.990372541709803 ], [ 430764.454883465426974, 433014.118612799909897 ], [ 430764.778658799128607, 433017.992706994060427 ], [ 430761.424389988591429, 433018.148751759203151 ], [ 430761.256947556918021, 433016.55658550246153 ], [ 430758.956698585476261, 433016.719537623459473 ], [ 430758.803103552141692, 433013.013454112224281 ], [ 430756.16007730551064, 433013.207541168783791 ], [ 430717.127798035740852, 433016.056278867996298 ], [ 430716.74065210291883, 433007.764610001351684 ], [ 430714.346718002867419, 433008.149498335551471 ], [ 430716.343460294941906, 433001.008312838850543 ], [ 430719.627604833513033, 432998.481862790533341 ], [ 430723.709003382071387, 432997.952249688678421 ], [ 430722.870885207667015, 432989.112438055570237 ], [ 430739.728226904466283, 432987.286784518160857 ], [ 430740.669781290635001, 432997.429060501977801 ], [ 430760.157034479198046, 432995.398172650486231 ] ] ] } },
{ "type": "Feature", "properties": { "addr:city": "Leeds", "addr:housename": "Sky 3", "addr:postcode": "LS10 1QG", "addr:street": "Leeds Dock", "addr:suburb": null, "addr:unit": null, "amenity": null, "brand": null, "brand:wikidata": null, "building": "office", "cuisine": null, "fhrs:id": null, "internet_access": null, "name": "Sky 3", "official_name": null, "opening_hours": null, "outdoor_seating": null, "phone": null, "source:addr": null, "takeaway": null, "toilets": null, "website": null, "osm_type": "way", "osm_id": 178952494, "postal_code": null, "building:levels": "0", "elevator": null, "fee": null, "roof:shape": null, "source": "Bing", "tourism": null, "wheelchair": null, "wikidata": null, "wikipedia": null, "industrial": null, "historic": null, "office": "company", "old_name": null, "addr:housenumber": null, "brand:wikipedia": null, "email": null, "operator": null, "payment:american_express": null, "payment:cash": null, "payment:cheque": null, "payment:mastercard": null, "payment:visa": null, "shop": null, "contact:website": null, "addr:country": null, "alt_name": null, "opening_hours:service": null, "club": null, "leisure": null, "sport": null, "access": null, "operator:type": null, "parking": null, "clothes": null, "roof:levels": "2", "ref:GB:uprn": null, "branch": null, "check_date": null, "capacity": null, "landuse": null, "rooms": null, "bridge": null, "layer": null, "disused:amenity": null, "operator:website": null, "operator:wikidata": null, "addr:county": null, "addr:town": null, "check_date:compressed_air": null, "compressed_air": null, "fuel:diesel": null, "fuel:octane_95": null, "healthcare": null, "was:shop": null, "check_date:opening_hours": null, "contact:phone": null, "toilets:access": null, "isced:level": null, "loc_name": null, "max_age": null, "min_age": null, "ref:edubase": null, "ref:edubase:group": null, "religion": null, "school": null, "school:boarding": null, "school:gender": null, "school:group:type": null, "school:type": null, "power": null, "bicycle_parking": null, "covered": null, "food": null, "bench": null, "shelter_type": null, "payment:credit_cards": null, "payment:debit_cards": null, "construction": null, "fixme": null }, "geometry": { "type": "Polygon", "coordinates": [ [ [ 430896.051324110419955, 432725.341332818265073 ], [ 430899.865578694327269, 432726.401182310073636 ], [ 430904.542578354070429, 432724.50710212555714 ], [ 430915.867775524500757, 432711.519309980329126 ], [ 430923.476557816960849, 432709.633425765438005 ], [ 430927.997763650200795, 432704.389309342368506 ], [ 430928.916546905064024, 432698.932319707237184 ], [ 430927.172998866648413, 432695.571802378050052 ], [ 430921.724970828799997, 432691.485929265152663 ], [ 430916.070491046761163, 432690.736610303982161 ], [ 430911.308844037121162, 432689.470236799446866 ], [ 430906.384401131770574, 432685.910767282475717 ], [ 430903.024472099728882, 432685.888653932022862 ], [ 430899.309516999754123, 432686.754315274534747 ], [ 430897.883485562808346, 432689.203856406616978 ], [ 430897.689354848815128, 432691.672630074201152 ], [ 430899.582909551856574, 432699.273265006020665 ], [ 430899.358687880390789, 432706.314773104037158 ], [ 430897.019993686815724, 432712.296490253298543 ], [ 430893.80546056269668, 432717.215442276210524 ], [ 430893.423866698285565, 432722.141907623270527 ], [ 430896.051324110419955, 432725.341332818265073 ] ] ] } },
{ "type": "Feature", "properties": { "addr:city": null, "addr:housename": null, "addr:postcode": null, "addr:street": null, "addr:suburb": null, "addr:unit": null, "amenity": null, "brand": null, "brand:wikidata": null, "building": "retail", "cuisine": null, "fhrs:id": null, "internet_access": null, "name": null, "official_name": null, "opening_hours": null, "outdoor_seating": null, "phone": null, "source:addr": null, "takeaway": null, "toilets": null, "website": null, "osm_type": "way", "osm_id": 189044082, "postal_code": null, "building:levels": null, "elevator": null, "fee": null, "roof:shape": null, "source": null, "tourism": null, "wheelchair": null, "wikidata": null, "wikipedia": null, "industrial": null, "historic": null, "office": null, "old_name": null, "addr:housenumber": null, "brand:wikipedia": null, "email": null, "operator": null, "payment:american_express": null, "payment:cash": null, "payment:cheque": null, "payment:mastercard": null, "payment:visa": null, "shop": null, "contact:website": null, "addr:country": null, "alt_name": null, "opening_hours:service": null, "club": null, "leisure": null, "sport": null, "access": null, "operator:type": null, "parking": null, "clothes": null, "roof:levels": null, "ref:GB:uprn": null, "branch": null, "check_date": null, "capacity": null, "landuse": null, "rooms": null, "bridge": null, "layer": null, "disused:amenity": null, "operator:website": null, "operator:wikidata": null, "addr:county": null, "addr:town": null, "check_date:compressed_air": null, "compressed_air": null, "fuel:diesel": null, "fuel:octane_95": null, "healthcare": null, "was:shop": null, "check_date:opening_hours": null, "contact:phone": null, "toilets:access": null, "isced:level": null, "loc_name": null, "max_age": null, "min_age": null, "ref:edubase": null, "ref:edubase:group": null, "religion": null, "school": null, "school:boarding": null, "school:gender": null, "school:group:type": null, "school:type": null, "power": null, "bicycle_parking": null, "covered": null, "food": null, "bench": null, "shelter_type": null, "payment:credit_cards": null, "payment:debit_cards": null, "construction": null, "fixme": null }, "geometry": { "type": "Polygon", "coordinates": [ [ [ 430935.660097461426631, 432773.378696763655171 ], [ 430954.847596752515528, 432704.043294335599057 ], [ 430982.863957276043948, 432715.62146017246414 ], [ 430981.426218488428276, 432719.83999006531667 ], [ 430978.248815185739659, 432719.118066159659065 ], [ 430967.271479124377947, 432749.264848118647933 ], [ 430975.029107617214322, 432751.774941475712694 ], [ 430964.055093674454838, 432781.432193608023226 ], [ 430935.660097461426631, 432773.378696763655171 ] ] ] } },
{ "type": "Feature", "properties": { "addr:city": null, "addr:housename": null, "addr:postcode": null, "addr:street": null, "addr:suburb": null, "addr:unit": null, "amenity": null, "brand": null, "brand:wikidata": null, "building": "yes", "cuisine": null, "fhrs:id": null, "internet_access": null, "name": "Aspli", "official_name": null, "opening_hours": null, "outdoor_seating": null, "phone": null, "source:addr": null, "takeaway": null, "toilets": null, "website": null, "osm_type": "way", "osm_id": 201078234, "postal_code": null, "building:levels": null, "elevator": null, "fee": null, "roof:shape": null, "source": null, "tourism": null, "wheelchair": null, "wikidata": null, "wikipedia": null, "industrial": null, "historic": null, "office": null, "old_name": null, "addr:housenumber": null, "brand:wikipedia": null, "email": null, "operator": null, "payment:american_express": null, "payment:cash": null, "payment:cheque": null, "payment:mastercard": null, "payment:visa": null, "shop": "safety_equipment", "contact:website": null, "addr:country": null, "alt_name": null, "opening_hours:service": null, "club": null, "leisure": null, "sport": null, "access": null, "operator:type": null, "parking": null, "clothes": null, "roof:levels": null, "ref:GB:uprn": null, "branch": null, "check_date": null, "capacity": null, "landuse": null, "rooms": null, "bridge": null, "layer": null, "disused:amenity": null, "operator:website": null, "operator:wikidata": null, "addr:county": null, "addr:town": null, "check_date:compressed_air": null, "compressed_air": null, "fuel:diesel": null, "fuel:octane_95": null, "healthcare": null, "was:shop": null, "check_date:opening_hours": null, "contact:phone": null, "toilets:access": null, "isced:level": null, "loc_name": null, "max_age": null, "min_age": null, "ref:edubase": null, "ref:edubase:group": null, "religion": null, "school": null, "school:boarding": null, "school:gender": null, "school:group:type": null, "school:type": null, "power": null, "bicycle_parking": null, "covered": null, "food": null, "bench": null, "shelter_type": null, "payment:credit_cards": null, "payment:debit_cards": null, "construction": null, "fixme": null }, "geometry": { "type": "Polygon", "coordinates": [ [ [ 430948.451736458111554, 432218.947757757036015 ], [ 430943.834326363517903, 432236.719491051393561 ], [ 430946.01160332118161, 432237.27902851277031 ], [ 430946.484837673953734, 432235.457425515865907 ], [ 430953.983524316281546, 432237.398323188885115 ], [ 430954.882778448751196, 432233.921702834544703 ], [ 430958.974149391637184, 432234.983422365388833 ], [ 430960.224896813218947, 432230.162831776076928 ], [ 430965.184589342738036, 432231.441681742668152 ], [ 430967.172224445384927, 432223.788732416229323 ], [ 430949.13579375873087, 432219.130287219188176 ], [ 430948.451736458111554, 432218.947757757036015 ] ] ] } },
{ "type": "Feature", "properties": { "addr:city": null, "addr:housename": null, "addr:postcode": null, "addr:street": null, "addr:suburb": null, "addr:unit": null, "amenity": null, "brand": null, "brand:wikidata": null, "building": "yes", "cuisine": null, "fhrs:id": null, "internet_access": null, "name": "Gemini Car Repair", "official_name": null, "opening_hours": null, "outdoor_seating": null, "phone": null, "source:addr": null, "takeaway": null, "toilets": null, "website": null, "osm_type": "way", "osm_id": 201078238, "postal_code": null, "building:levels": null, "elevator": null, "fee": null, "roof:shape": null, "source": null, "tourism": null, "wheelchair": null, "wikidata": null, "wikipedia": null, "industrial": null, "historic": null, "office": null, "old_name": null, "addr:housenumber": null, "brand:wikipedia": null, "email": null, "operator": null, "payment:american_express": null, "payment:cash": null, "payment:cheque": null, "payment:mastercard": null, "payment:visa": null, "shop": "car_repair", "contact:website": null, "addr:country": null, "alt_name": null, "opening_hours:service": null, "club": null, "leisure": null, "sport": null, "access": null, "operator:type": null, "parking": null, "clothes": null, "roof:levels": null, "ref:GB:uprn": null, "branch": null, "check_date": null, "capacity": null, "landuse": null, "rooms": null, "bridge": null, "layer": null, "disused:amenity": null, "operator:website": null, "operator:wikidata": null, "addr:county": null, "addr:town": null, "check_date:compressed_air": null, "compressed_air": null, "fuel:diesel": null, "fuel:octane_95": null, "healthcare": null, "was:shop": null, "check_date:opening_hours": null, "contact:phone": null, "toilets:access": null, "isced:level": null, "loc_name": null, "max_age": null, "min_age": null, "ref:edubase": null, "ref:edubase:group": null, "religion": null, "school": null, "school:boarding": null, "school:gender": null, "school:group:type": null, "school:type": null, "power": null, "bicycle_parking": null, "covered": null, "food": null, "bench": null, "shelter_type": null, "payment:credit_cards": null, "payment:debit_cards": null, "construction": null, "fixme": null }, "geometry": { "type": "Polygon", "coordinates": [ [ [ 430963.157234521291684, 432186.155198825406842 ], [ 430980.567891157697886, 432196.795544764609076 ], [ 430996.08762136020232, 432171.463112897239625 ], [ 431000.511815784848295, 432174.017995679285377 ], [ 431016.285484468273353, 432148.175493942224421 ], [ 430994.674369626562111, 432135.003865414299071 ], [ 430963.157234521291684, 432186.155198825406842 ] ] ] } },
{ "type": "Feature", "properties": { "addr:city": "Leeds", "addr:housename": null, "addr:postcode": "LS10 1PF", "addr:street": "Hunslet Road", "addr:suburb": "Hunslet", "addr:unit": null, "amenity": "cafe", "brand": null, "brand:wikidata": null, "building": "yes", "cuisine": null, "fhrs:id": "1157884", "internet_access": null, "name": "Ben's Cafe", "official_name": null, "opening_hours": null, "outdoor_seating": null, "phone": null, "source:addr": null, "takeaway": null, "toilets": null, "website": null, "osm_type": "way", "osm_id": 201078324, "postal_code": null, "building:levels": null, "elevator": null, "fee": null, "roof:shape": null, "source": null, "tourism": null, "wheelchair": null, "wikidata": null, "wikipedia": null, "industrial": null, "historic": null, "office": null, "old_name": "Hunslet Road Fisheries", "addr:housenumber": "207", "brand:wikipedia": null, "email": null, "operator": null, "payment:american_express": null, "payment:cash": null, "payment:cheque": null, "payment:mastercard": null, "payment:visa": null, "shop": null, "contact:website": null, "addr:country": null, "alt_name": null, "opening_hours:service": null, "club": null, "leisure": null, "sport": null, "access": null, "operator:type": null, "parking": null, "clothes": null, "roof:levels": null, "ref:GB:uprn": null, "branch": null, "check_date": null, "capacity": null, "landuse": null, "rooms": null, "bridge": null, "layer": null, "disused:amenity": null, "operator:website": null, "operator:wikidata": null, "addr:county": null, "addr:town": null, "check_date:compressed_air": null, "compressed_air": null, "fuel:diesel": null, "fuel:octane_95": null, "healthcare": null, "was:shop": null, "check_date:opening_hours": null, "contact:phone": null, "toilets:access": null, "isced:level": null, "loc_name": null, "max_age": null, "min_age": null, "ref:edubase": null, "ref:edubase:group": null, "religion": null, "school": null, "school:boarding": null, "school:gender": null, "school:group:type": null, "school:type": null, "power": null, "bicycle_parking": null, "covered": null, "food": null, "bench": null, "shelter_type": null, "payment:credit_cards": null, "payment:debit_cards": null, "construction": null, "fixme": null }, "geometry": { "type": "Polygon", "coordinates": [ [ [ 430956.401794841745868, 432257.37493465654552 ], [ 430949.224301371956244, 432255.692055443534628 ], [ 430947.529543455981184, 432262.901888301363215 ], [ 430954.687333671085071, 432264.573508820030838 ], [ 430956.401794841745868, 432257.37493465654552 ] ] ] } },
{ "type": "Feature", "properties": { "addr:city": "Leeds", "addr:housename": null, "addr:postcode": "LS10 1JZ", "addr:street": "Hunslet Road", "addr:suburb": null, "addr:unit": null, "amenity": null, "brand": null, "brand:wikidata": null, "building": "industrial", "cuisine": null, "fhrs:id": null, "internet_access": null, "name": "TF & JH Braime ltd", "official_name": null, "opening_hours": null, "outdoor_seating": null, "phone": null, "source:addr": null, "takeaway": null, "toilets": null, "website": null, "osm_type": "way", "osm_id": 201505210, "postal_code": null, "building:levels": null, "elevator": null, "fee": null, "roof:shape": null, "source": null, "tourism": null, "wheelchair": null, "wikidata": "Q26670893", "wikipedia": null, "industrial": "machine_shop", "historic": null, "office": null, "old_name": null, "addr:housenumber": null, "brand:wikipedia": null, "email": null, "operator": null, "payment:american_express": null, "payment:cash": null, "payment:cheque": null, "payment:mastercard": null, "payment:visa": null, "shop": null, "contact:website": null, "addr:country": null, "alt_name": null, "opening_hours:service": null, "club": null, "leisure": null, "sport": null, "access": null, "operator:type": null, "parking": null, "clothes": null, "roof:levels": null, "ref:GB:uprn": null, "branch": null, "check_date": null, "capacity": null, "landuse": null, "rooms": null, "bridge": null, "layer": null, "disused:amenity": null, "operator:website": null, "operator:wikidata": null, "addr:county": null, "addr:town": null, "check_date:compressed_air": null, "compressed_air": null, "fuel:diesel": null, "fuel:octane_95": null, "healthcare": null, "was:shop": null, "check_date:opening_hours": null, "contact:phone": null, "toilets:access": null, "isced:level": null, "loc_name": null, "max_age": null, "min_age": null, "ref:edubase": null, "ref:edubase:group": null, "religion": null, "school": null, "school:boarding": null, "school:gender": null, "school:group:type": null, "school:type": null, "power": null, "bicycle_parking": null, "covered": null, "food": null, "bench": null, "shelter_type": null, "payment:credit_cards": null, "payment:debit_cards": null, "construction": null, "fixme": null }, "geometry": { "type": "Polygon", "coordinates": [ [ [ 430842.563105546694715, 432532.381391229107976 ], [ 430858.64561896485975, 432515.374716977472417 ], [ 430875.340002442128025, 432526.577423858339898 ], [ 430855.237900634121615, 432546.673007090925239 ], [ 430856.144681172154378, 432548.047506667557172 ], [ 430849.696935647865757, 432554.69208206993062 ], [ 430851.515466710668989, 432556.684519957285374 ], [ 430897.847389178641606, 432516.455837152316235 ], [ 430885.661881587118842, 432509.922391887521371 ], [ 430899.266234760929365, 432480.059746281593107 ], [ 430914.554232947120909, 432496.72750426735729 ], [ 430936.406334555940703, 432465.094546302570961 ], [ 430924.418774735066108, 432456.503930193954147 ], [ 430925.802207907021511, 432454.53254979965277 ], [ 430919.737952005059924, 432449.930813000770286 ], [ 430915.580119084974285, 432455.989553680177778 ], [ 430904.807988478220068, 432448.920174138736911 ], [ 430907.876445251691621, 432446.203286021249369 ], [ 430901.816554391756654, 432439.932648728601635 ], [ 430897.525868946977425, 432444.154682929744013 ], [ 430851.181028272490948, 432398.988544664927758 ], [ 430833.820917508273851, 432419.858826520619914 ], [ 430829.567511317960452, 432417.40535731066484 ], [ 430816.655351379537024, 432434.199281145585701 ], [ 430793.137869132391643, 432417.466755313449539 ], [ 430775.146404484228697, 432441.22596306563355 ], [ 430790.168740914319642, 432452.272760458290577 ], [ 430781.090801886981353, 432465.142067670938559 ], [ 430774.414717826468404, 432460.380741310189478 ], [ 430769.798546999227256, 432467.037428959156387 ], [ 430796.808911698346492, 432485.617466841242276 ], [ 430786.594345321471337, 432493.984264208935201 ], [ 430842.563105546694715, 432532.381391229107976 ] ] ] } },
{ "type": "Feature", "properties": { "addr:city": "Leeds", "addr:housename": null, "addr:postcode": "LS10 1HD", "addr:street": "Sheaf Street", "addr:suburb": null, "addr:unit": null, "amenity": null, "brand": null, "brand:wikidata": null, "building": "commercial", "cuisine": null, "fhrs:id": null, "internet_access": null, "name": "Neighbourhood", "official_name": null, "opening_hours": null, "outdoor_seating": null, "phone": null, "source:addr": null, "takeaway": null, "toilets": null, "website": "https://www.neighbourhood.work/", "osm_type": "way", "osm_id": 201505219, "postal_code": null, "building:levels": "2", "elevator": null, "fee": null, "roof:shape": null, "source": null, "tourism": null, "wheelchair": null, "wikidata": null, "wikipedia": null, "industrial": null, "historic": null, "office": null, "old_name": "Duke Studios", "addr:housenumber": "3", "brand:wikipedia": null, "email": null, "operator": null, "payment:american_express": null, "payment:cash": null, "payment:cheque": null, "payment:mastercard": null, "payment:visa": null, "shop": null, "contact:website": null, "addr:country": null, "alt_name": null, "opening_hours:service": null, "club": null, "leisure": null, "sport": null, "access": null, "operator:type": null, "parking": null, "clothes": null, "roof:levels": null, "ref:GB:uprn": null, "branch": null, "check_date": null, "capacity": null, "landuse": null, "rooms": null, "bridge": null, "layer": null, "disused:amenity": null, "operator:website": null, "operator:wikidata": null, "addr:county": null, "addr:town": null, "check_date:compressed_air": null, "compressed_air": null, "fuel:diesel": null, "fuel:octane_95": null, "healthcare": null, "was:shop": null, "check_date:opening_hours": null, "contact:phone": null, "toilets:access": null, "isced:level": null, "loc_name": null, "max_age": null, "min_age": null, "ref:edubase": null, "ref:edubase:group": null, "religion": null, "school": null, "school:boarding": null, "school:gender": null, "school:group:type": null, "school:type": null, "power": null, "bicycle_parking": null, "covered": null, "food": null, "bench": null, "shelter_type": null, "payment:credit_cards": null, "payment:debit_cards": null, "construction": null, "fixme": null }, "geometry": { "type": "Polygon", "coordinates": [ [ [ 430521.038700578967109, 432881.250208730809391 ], [ 430547.249346397758927, 432906.07664301537443 ], [ 430555.153466268035118, 432886.067258783732541 ], [ 430534.606797910004389, 432866.573752505937591 ], [ 430521.038700578967109, 432881.250208730809391 ] ] ] } },
{ "type": "Feature", "properties": { "addr:city": "Leeds", "addr:housename": null, "addr:postcode": "LS10 1JY", "addr:street": "Hunslet Road", "addr:suburb": null, "addr:unit": null, "amenity": "fast_food", "brand": null, "brand:wikidata": null, "building": "yes", "cuisine": "japanese", "fhrs:id": null, "internet_access": null, "name": "Ichi Sushi", "official_name": null, "opening_hours": null, "outdoor_seating": null, "phone": null, "source:addr": null, "takeaway": "yes", "toilets": null, "website": null, "osm_type": "way", "osm_id": 201505227, "postal_code": null, "building:levels": null, "elevator": null, "fee": null, "roof:shape": null, "source": null, "tourism": null, "wheelchair": null, "wikidata": null, "wikipedia": null, "industrial": null, "historic": null, "office": null, "old_name": "Falak's Kitchen", "addr:housenumber": "146A", "brand:wikipedia": null, "email": null, "operator": null, "payment:american_express": null, "payment:cash": null, "payment:cheque": null, "payment:mastercard": null, "payment:visa": null, "shop": null, "contact:website": null, "addr:country": null, "alt_name": null, "opening_hours:service": null, "club": null, "leisure": null, "sport": null, "access": null, "operator:type": null, "parking": null, "clothes": null, "roof:levels": null, "ref:GB:uprn": null, "branch": null, "check_date": null, "capacity": null, "landuse": null, "rooms": null, "bridge": null, "layer": null, "disused:amenity": null, "operator:website": null, "operator:wikidata": null, "addr:county": null, "addr:town": null, "check_date:compressed_air": null, "compressed_air": null, "fuel:diesel": null, "fuel:octane_95": null, "healthcare": null, "was:shop": null, "check_date:opening_hours": null, "contact:phone": null, "toilets:access": null, "isced:level": null, "loc_name": null, "max_age": null, "min_age": null, "ref:edubase": null, "ref:edubase:group": null, "religion": null, "school": null, "school:boarding": null, "school:gender": null, "school:group:type": null, "school:type": null, "power": null, "bicycle_parking": null, "covered": null, "food": null, "bench": null, "shelter_type": null, "payment:credit_cards": null, "payment:debit_cards": null, "construction": null, "fixme": null }, "geometry": { "type": "Polygon", "coordinates": [ [ [ 430724.8534906663117, 432439.394593263510615 ], [ 430730.293832144350745, 432442.712462589610368 ], [ 430731.895477786543779, 432442.622806403320283 ], [ 430735.92721208644798, 432435.661845411173999 ], [ 430735.048621134657878, 432433.998269388801418 ], [ 430729.725991290644743, 432430.814681068761274 ], [ 430724.8534906663117, 432439.394593263510615 ] ] ] } },
{ "type": "Feature", "properties": { "addr:city": "Leeds", "addr:housename": null, "addr:postcode": "LS10 1JY", "addr:street": "Hunslet Road", "addr:suburb": null, "addr:unit": null, "amenity": null, "brand": null, "brand:wikidata": null, "building": "yes", "cuisine": null, "fhrs:id": null, "internet_access": null, "name": "Startright Motorcycles", "official_name": null, "opening_hours": null, "outdoor_seating": null, "phone": null, "source:addr": null, "takeaway": null, "toilets": null, "website": "https://startright.co.uk/", "osm_type": "way", "osm_id": 201505228, "postal_code": null, "building:levels": null, "elevator": null, "fee": null, "roof:shape": null, "source": null, "tourism": null, "wheelchair": null, "wikidata": null, "wikipedia": null, "industrial": null, "historic": null, "office": null, "old_name": null, "addr:housenumber": "144", "brand:wikipedia": null, "email": null, "operator": null, "payment:american_express": null, "payment:cash": null, "payment:cheque": null, "payment:mastercard": null, "payment:visa": null, "shop": "motorcycle", "contact:website": null, "addr:country": null, "alt_name": null, "opening_hours:service": null, "club": null, "leisure": null, "sport": null, "access": null, "operator:type": null, "parking": null, "clothes": null, "roof:levels": null, "ref:GB:uprn": null, "branch": null, "check_date": null, "capacity": null, "landuse": null, "rooms": null, "bridge": null, "layer": null, "disused:amenity": null, "operator:website": null, "operator:wikidata": null, "addr:county": null, "addr:town": null, "check_date:compressed_air": null, "compressed_air": null, "fuel:diesel": null, "fuel:octane_95": null, "healthcare": null, "was:shop": null, "check_date:opening_hours": null, "contact:phone": null, "toilets:access": null, "isced:level": null, "loc_name": null, "max_age": null, "min_age": null, "ref:edubase": null, "ref:edubase:group": null, "religion": null, "school": null, "school:boarding": null, "school:gender": null, "school:group:type": null, "school:type": null, "power": null, "bicycle_parking": null, "covered": null, "food": null, "bench": null, "shelter_type": null, "payment:credit_cards": null, "payment:debit_cards": null, "construction": null, "fixme": null }, "geometry": { "type": "Polygon", "coordinates": [ [ [ 430725.425418899452779, 432450.669325494556688 ], [ 430730.293832144350745, 432442.712462589610368 ], [ 430724.8534906663117, 432439.394593263510615 ], [ 430715.159172971150838, 432455.864930611336604 ], [ 430720.630697177897673, 432459.450025208876468 ], [ 430722.252902761334553, 432459.238110446720384 ], [ 430726.284608727670275, 432452.27714107115753 ], [ 430725.425418899452779, 432450.669325494556688 ] ] ] } },
{ "type": "Feature", "properties": { "addr:city": "Leeds", "addr:housename": null, "addr:postcode": "LS10 1JX", "addr:street": "Brookfield Street", "addr:suburb": null, "addr:unit": null, "amenity": null, "brand": null, "brand:wikidata": null, "building": "yes", "cuisine": null, "fhrs:id": "323376", "internet_access": null, "name": "The Brookfield Hotel", "official_name": null, "opening_hours": null, "outdoor_seating": null, "phone": "+44 1132 451851", "source:addr": null, "takeaway": null, "toilets": null, "website": null, "osm_type": "way", "osm_id": 201505229, "postal_code": null, "building:levels": null, "elevator": null, "fee": null, "roof:shape": null, "source": null, "tourism": "hotel", "wheelchair": null, "wikidata": null, "wikipedia": null, "industrial": null, "historic": null, "office": null, "old_name": null, "addr:housenumber": null, "brand:wikipedia": null, "email": null, "operator": null, "payment:american_express": null, "payment:cash": null, "payment:cheque": null, "payment:mastercard": null, "payment:visa": null, "shop": null, "contact:website": null, "addr:country": null, "alt_name": null, "opening_hours:service": null, "club": null, "leisure": null, "sport": null, "access": null, "operator:type": null, "parking": null, "clothes": null, "roof:levels": null, "ref:GB:uprn": null, "branch": null, "check_date": "2025-04-05", "capacity": null, "landuse": null, "rooms": null, "bridge": null, "layer": null, "disused:amenity": null, "operator:website": null, "operator:wikidata": null, "addr:county": null, "addr:town": null, "check_date:compressed_air": null, "compressed_air": null, "fuel:diesel": null, "fuel:octane_95": null, "healthcare": null, "was:shop": null, "check_date:opening_hours": null, "contact:phone": null, "toilets:access": null, "isced:level": null, "loc_name": null, "max_age": null, "min_age": null, "ref:edubase": null, "ref:edubase:group": null, "religion": null, "school": null, "school:boarding": null, "school:gender": null, "school:group:type": null, "school:type": null, "power": null, "bicycle_parking": null, "covered": null, "food": null, "bench": null, "shelter_type": null, "payment:credit_cards": null, "payment:debit_cards": null, "construction": null, "fixme": null }, "geometry": { "type": "Polygon", "coordinates": [ [ [ 430831.767728760489263, 432394.388258058112115 ], [ 430841.545695172273554, 432403.386922201723792 ], [ 430848.254605137277395, 432396.132101402501576 ], [ 430838.476636092644185, 432387.133423344232142 ], [ 430831.767728760489263, 432394.388258058112115 ] ] ] } },
{ "type": "Feature", "properties": { "addr:city": null, "addr:housename": null, "addr:postcode": null, "addr:street": null, "addr:suburb": null, "addr:unit": null, "amenity": null, "brand": null, "brand:wikidata": null, "building": "yes", "cuisine": null, "fhrs:id": null, "internet_access": null, "name": "Crown Hotel", "official_name": null, "opening_hours": null, "outdoor_seating": null, "phone": null, "source:addr": null, "takeaway": null, "toilets": null, "website": null, "osm_type": "way", "osm_id": 201505230, "postal_code": null, "building:levels": null, "elevator": null, "fee": null, "roof:shape": null, "source": null, "tourism": null, "wheelchair": null, "wikidata": null, "wikipedia": null, "industrial": null, "historic": null, "office": null, "old_name": null, "addr:housenumber": null, "brand:wikipedia": null, "email": null, "operator": null, "payment:american_express": null, "payment:cash": null, "payment:cheque": null, "payment:mastercard": null, "payment:visa": null, "shop": null, "contact:website": null, "addr:country": null, "alt_name": null, "opening_hours:service": null, "club": null, "leisure": null, "sport": null, "access": null, "operator:type": null, "parking": null, "clothes": null, "roof:levels": null, "ref:GB:uprn": null, "branch": null, "check_date": "2024-01-14", "capacity": null, "landuse": null, "rooms": null, "bridge": null, "layer": null, "disused:amenity": "pub", "operator:website": null, "operator:wikidata": null, "addr:county": null, "addr:town": null, "check_date:compressed_air": null, "compressed_air": null, "fuel:diesel": null, "fuel:octane_95": null, "healthcare": null, "was:shop": null, "check_date:opening_hours": null, "contact:phone": null, "toilets:access": null, "isced:level": null, "loc_name": null, "max_age": null, "min_age": null, "ref:edubase": null, "ref:edubase:group": null, "religion": null, "school": null, "school:boarding": null, "school:gender": null, "school:group:type": null, "school:type": null, "power": null, "bicycle_parking": null, "covered": null, "food": null, "bench": null, "shelter_type": null, "payment:credit_cards": null, "payment:debit_cards": null, "construction": null, "fixme": null }, "geometry": { "type": "Polygon", "coordinates": [ [ [ 430472.273448612773791, 432824.422768429969437 ], [ 430467.658892656560056, 432832.982366031617858 ], [ 430476.063204583886545, 432840.42479944427032 ], [ 430480.729282967571635, 432839.153302755323239 ], [ 430484.37367354152957, 432828.829456335748546 ], [ 430472.273448612773791, 432824.422768429969437 ] ] ] } },
{ "type": "Feature", "properties": { "addr:city": "Leeds", "addr:housename": null, "addr:postcode": "LS10 1JY", "addr:street": null, "addr:suburb": null, "addr:unit": null, "amenity": null, "brand": null, "brand:wikidata": null, "building": "yes", "cuisine": null, "fhrs:id": null, "internet_access": null, "name": "The Mulberry", "official_name": null, "opening_hours": null, "outdoor_seating": null, "phone": null, "source:addr": null, "takeaway": null, "toilets": null, "website": null, "osm_type": "way", "osm_id": 201505232, "postal_code": null, "building:levels": null, "elevator": null, "fee": null, "roof:shape": null, "source": null, "tourism": null, "wheelchair": null, "wikidata": null, "wikipedia": null, "industrial": null, "historic": null, "office": null, "old_name": null, "addr:housenumber": null, "brand:wikipedia": null, "email": null, "operator": null, "payment:american_express": null, "payment:cash": null, "payment:cheque": null, "payment:mastercard": null, "payment:visa": null, "shop": null, "contact:website": null, "addr:country": null, "alt_name": null, "opening_hours:service": null, "club": null, "leisure": null, "sport": null, "access": null, "operator:type": null, "parking": null, "clothes": null, "roof:levels": null, "ref:GB:uprn": null, "branch": null, "check_date": null, "capacity": null, "landuse": null, "rooms": null, "bridge": null, "layer": null, "disused:amenity": "pub", "operator:website": null, "operator:wikidata": null, "addr:county": null, "addr:town": null, "check_date:compressed_air": null, "compressed_air": null, "fuel:diesel": null, "fuel:octane_95": null, "healthcare": null, "was:shop": null, "check_date:opening_hours": null, "contact:phone": null, "toilets:access": null, "isced:level": null, "loc_name": null, "max_age": null, "min_age": null, "ref:edubase": null, "ref:edubase:group": null, "religion": null, "school": null, "school:boarding": null, "school:gender": null, "school:group:type": null, "school:type": null, "power": null, "bicycle_parking": null, "covered": null, "food": null, "bench": null, "shelter_type": null, "payment:credit_cards": null, "payment:debit_cards": null, "construction": null, "fixme": null }, "geometry": { "type": "Polygon", "coordinates": [ [ [ 430755.629983349179383, 432410.133480265038088 ], [ 430760.484073435014579, 432402.365702437818982 ], [ 430749.046366885537282, 432395.258947124704719 ], [ 430744.198950060876086, 432403.01565395493526 ], [ 430755.629983349179383, 432410.133480265038088 ] ] ] } },
{ "type": "Feature", "properties": { "addr:city": null, "addr:housename": null, "addr:postcode": null, "addr:street": null, "addr:suburb": null, "addr:unit": null, "amenity": null, "brand": null, "brand:wikidata": null, "building": "yes", "cuisine": null, "fhrs:id": null, "internet_access": null, "name": null, "official_name": null, "opening_hours": null, "outdoor_seating": null, "phone": null, "source:addr": null, "takeaway": null, "toilets": null, "website": null, "osm_type": "way", "osm_id": 201505237, "postal_code": null, "building:levels": null, "elevator": null, "fee": null, "roof:shape": null, "source": null, "tourism": null, "wheelchair": null, "wikidata": null, "wikipedia": null, "industrial": null, "historic": null, "office": null, "old_name": null, "addr:housenumber": null, "brand:wikipedia": null, "email": null, "operator": null, "payment:american_express": null, "payment:cash": null, "payment:cheque": null, "payment:mastercard": null, "payment:visa": null, "shop": null, "contact:website": null, "addr:country": null, "alt_name": null, "opening_hours:service": null, "club": null, "leisure": null, "sport": null, "access": null, "operator:type": null, "parking": null, "clothes": null, "roof:levels": null, "ref:GB:uprn": null, "branch": null, "check_date": null, "capacity": null, "landuse": null, "rooms": null, "bridge": null, "layer": null, "disused:amenity": null, "operator:website": null, "operator:wikidata": null, "addr:county": null, "addr:town": null, "check_date:compressed_air": null, "compressed_air": null, "fuel:diesel": null, "fuel:octane_95": null, "healthcare": null, "was:shop": null, "check_date:opening_hours": null, "contact:phone": null, "toilets:access": null, "isced:level": null, "loc_name": null, "max_age": null, "min_age": null, "ref:edubase": null, "ref:edubase:group": null, "religion": null, "school": null, "school:boarding": null, "school:gender": null, "school:group:type": null, "school:type": null, "power": null, "bicycle_parking": null, "covered": null, "food": null, "bench": null, "shelter_type": null, "payment:credit_cards": null, "payment:debit_cards": null, "construction": null, "fixme": null }, "geometry": { "type": "Polygon", "coordinates": [ [ [ 430761.327300239470787, 432453.685944471857511 ], [ 430759.07869729178492, 432456.986867825617082 ], [ 430761.289228386420291, 432458.492277796496637 ], [ 430763.53790508210659, 432455.180229621822946 ], [ 430761.327300239470787, 432453.685944471857511 ] ] ] } },
{ "type": "Feature", "properties": { "addr:city": "Leeds", "addr:housename": "Londis", "addr:postcode": "LS10 1PF", "addr:street": "Hunslet Road", "addr:suburb": "Hunslet", "addr:unit": null, "amenity": null, "brand": "Londis", "brand:wikidata": "Q21008564", "building": "retail", "cuisine": null, "fhrs:id": "1052946;1828091", "internet_access": null, "name": "Londis", "official_name": null, "opening_hours": null, "outdoor_seating": null, "phone": null, "source:addr": "FHRS Open Data", "takeaway": null, "toilets": null, "website": null, "osm_type": "way", "osm_id": 201505238, "postal_code": null, "building:levels": null, "elevator": null, "fee": null, "roof:shape": null, "source": null, "tourism": null, "wheelchair": null, "wikidata": null, "wikipedia": null, "industrial": null, "historic": null, "office": null, "old_name": null, "addr:housenumber": "169-175", "brand:wikipedia": "en:Londis (United Kingdom)", "email": null, "operator": "Motor Fuel Group", "payment:american_express": null, "payment:cash": null, "payment:cheque": null, "payment:mastercard": null, "payment:visa": null, "shop": "convenience", "contact:website": null, "addr:country": null, "alt_name": null, "opening_hours:service": null, "club": null, "leisure": null, "sport": null, "access": null, "operator:type": null, "parking": null, "clothes": null, "roof:levels": null, "ref:GB:uprn": null, "branch": "MFG | Apollo Service Station Londis", "check_date": null, "capacity": null, "landuse": null, "rooms": null, "bridge": null, "layer": null, "disused:amenity": null, "operator:website": "https://www.motorfuelgroup.com/locations/apollo-fs153/", "operator:wikidata": "Q107271358", "addr:county": null, "addr:town": null, "check_date:compressed_air": null, "compressed_air": null, "fuel:diesel": null, "fuel:octane_95": null, "healthcare": null, "was:shop": null, "check_date:opening_hours": null, "contact:phone": null, "toilets:access": null, "isced:level": null, "loc_name": null, "max_age": null, "min_age": null, "ref:edubase": null, "ref:edubase:group": null, "religion": null, "school": null, "school:boarding": null, "school:gender": null, "school:group:type": null, "school:type": null, "power": null, "bicycle_parking": null, "covered": null, "food": null, "bench": null, "shelter_type": null, "payment:credit_cards": null, "payment:debit_cards": null, "construction": null, "fixme": null }, "geometry": { "type": "Polygon", "coordinates": [ [ [ 430829.682488950900733, 432395.876625531585887 ], [ 430823.167820622795261, 432389.603106780443341 ], [ 430820.258523486088961, 432392.165325736510567 ], [ 430820.92441740562208, 432406.155517018400133 ], [ 430829.682488950900733, 432395.876625531585887 ] ] ] } },
{ "type": "Feature", "properties": { "addr:city": "Leeds", "addr:housename": null, "addr:postcode": "LS10 1PF", "addr:street": "Hunslet Road", "addr:suburb": null, "addr:unit": null, "amenity": "fuel", "brand": "JET", "brand:wikidata": "Q568940", "building": "roof", "cuisine": null, "fhrs:id": null, "internet_access": null, "name": "Jet", "official_name": null, "opening_hours": null, "outdoor_seating": null, "phone": "+44 113 244 9635", "source:addr": null, "takeaway": null, "toilets": null, "website": "https://www.jetlocal.co.uk/drivers/locator?location=mfg-apollo-s-station-leeds-leeds", "osm_type": "way", "osm_id": 201505244, "postal_code": null, "building:levels": null, "elevator": null, "fee": null, "roof:shape": null, "source": null, "tourism": null, "wheelchair": null, "wikidata": null, "wikipedia": null, "industrial": null, "historic": null, "office": null, "old_name": null, "addr:housenumber": "169-171", "brand:wikipedia": "en:Jet (brand)", "email": null, "operator": "Motor Fuel Group", "payment:american_express": null, "payment:cash": null, "payment:cheque": null, "payment:mastercard": null, "payment:visa": null, "shop": null, "contact:website": null, "addr:country": null, "alt_name": null, "opening_hours:service": null, "club": null, "leisure": null, "sport": null, "access": null, "operator:type": null, "parking": null, "clothes": null, "roof:levels": null, "ref:GB:uprn": null, "branch": null, "check_date": "2025-05-24", "capacity": null, "landuse": null, "rooms": null, "bridge": null, "layer": null, "disused:amenity": null, "operator:website": "https://www.motorfuelgroup.com/locations/apollo-fs153/", "operator:wikidata": "Q107271358", "addr:county": "West Yorkshire", "addr:town": "Leeds", "check_date:compressed_air": "2025-05-24", "compressed_air": "yes", "fuel:diesel": "yes", "fuel:octane_95": "yes", "healthcare": null, "was:shop": null, "check_date:opening_hours": null, "contact:phone": null, "toilets:access": null, "isced:level": null, "loc_name": null, "max_age": null, "min_age": null, "ref:edubase": null, "ref:edubase:group": null, "religion": null, "school": null, "school:boarding": null, "school:gender": null, "school:group:type": null, "school:type": null, "power": null, "bicycle_parking": null, "covered": null, "food": null, "bench": null, "shelter_type": null, "payment:credit_cards": null, "payment:debit_cards": null, "construction": null, "fixme": null }, "geometry": { "type": "Polygon", "coordinates": [ [ [ 430803.334268923907075, 432392.810877414885908 ], [ 430799.034999187570065, 432397.34448262793012 ], [ 430799.684877809660975, 432405.749138148850761 ], [ 430800.018567853840068, 432410.123981793643907 ], [ 430809.561128109111451, 432418.854002729291096 ], [ 430820.92441740562208, 432406.155517018400133 ], [ 430820.258523486088961, 432392.165325736510567 ], [ 430813.074931263865437, 432392.440850828890689 ], [ 430803.334268923907075, 432392.810877414885908 ] ] ] } },
{ "type": "Feature", "properties": { "addr:city": null, "addr:housename": null, "addr:postcode": null, "addr:street": null, "addr:suburb": null, "addr:unit": null, "amenity": null, "brand": null, "brand:wikidata": null, "building": "yes", "cuisine": null, "fhrs:id": null, "internet_access": null, "name": null, "official_name": null, "opening_hours": null, "outdoor_seating": null, "phone": null, "source:addr": null, "takeaway": null, "toilets": null, "website": null, "osm_type": "way", "osm_id": 201826316, "postal_code": null, "building:levels": null, "elevator": null, "fee": null, "roof:shape": null, "source": null, "tourism": null, "wheelchair": null, "wikidata": null, "wikipedia": null, "industrial": null, "historic": null, "office": null, "old_name": null, "addr:housenumber": null, "brand:wikipedia": null, "email": null, "operator": null, "payment:american_express": null, "payment:cash": null, "payment:cheque": null, "payment:mastercard": null, "payment:visa": null, "shop": null, "contact:website": null, "addr:country": null, "alt_name": null, "opening_hours:service": null, "club": null, "leisure": null, "sport": null, "access": null, "operator:type": null, "parking": null, "clothes": null, "roof:levels": null, "ref:GB:uprn": null, "branch": null, "check_date": null, "capacity": null, "landuse": null, "rooms": null, "bridge": null, "layer": null, "disused:amenity": null, "operator:website": null, "operator:wikidata": null, "addr:county": null, "addr:town": null, "check_date:compressed_air": null, "compressed_air": null, "fuel:diesel": null, "fuel:octane_95": null, "healthcare": null, "was:shop": null, "check_date:opening_hours": null, "contact:phone": null, "toilets:access": null, "isced:level": null, "loc_name": null, "max_age": null, "min_age": null, "ref:edubase": null, "ref:edubase:group": null, "religion": null, "school": null, "school:boarding": null, "school:gender": null, "school:group:type": null, "school:type": null, "power": null, "bicycle_parking": null, "covered": null, "food": null, "bench": null, "shelter_type": null, "payment:credit_cards": null, "payment:debit_cards": null, "construction": null, "fixme": null }, "geometry": { "type": "Polygon", "coordinates": [ [ [ 430882.0947382140439, 432407.135946849477477 ], [ 430891.004952226881869, 432415.817471604212187 ], [ 430893.73784894059645, 432413.031608810997568 ], [ 430901.947456786117982, 432421.040964769665152 ], [ 430905.496304004860576, 432417.414875354617834 ], [ 430895.584449361253064, 432407.758740278310142 ], [ 430897.309168266714551, 432405.989871217869222 ], [ 430895.292722502315883, 432404.029493375914171 ], [ 430896.977618875738699, 432402.304867608123459 ], [ 430891.77943406655686, 432397.241559786954895 ], [ 430882.0947382140439, 432407.135946849477477 ] ] ] } },
{ "type": "Feature", "properties": { "addr:city": null, "addr:housename": null, "addr:postcode": null, "addr:street": null, "addr:suburb": null, "addr:unit": null, "amenity": null, "brand": null, "brand:wikidata": null, "building": "yes", "cuisine": null, "fhrs:id": null, "internet_access": null, "name": null, "official_name": null, "opening_hours": null, "outdoor_seating": null, "phone": null, "source:addr": null, "takeaway": null, "toilets": null, "website": null, "osm_type": "way", "osm_id": 201826318, "postal_code": null, "building:levels": null, "elevator": null, "fee": null, "roof:shape": null, "source": null, "tourism": null, "wheelchair": null, "wikidata": null, "wikipedia": null, "industrial": null, "historic": null, "office": null, "old_name": null, "addr:housenumber": null, "brand:wikipedia": null, "email": null, "operator": null, "payment:american_express": null, "payment:cash": null, "payment:cheque": null, "payment:mastercard": null, "payment:visa": null, "shop": null, "contact:website": null, "addr:country": null, "alt_name": null, "opening_hours:service": null, "club": null, "leisure": null, "sport": null, "access": null, "operator:type": null, "parking": null, "clothes": null, "roof:levels": null, "ref:GB:uprn": null, "branch": null, "check_date": null, "capacity": null, "landuse": null, "rooms": null, "bridge": null, "layer": null, "disused:amenity": null, "operator:website": null, "operator:wikidata": null, "addr:county": null, "addr:town": null, "check_date:compressed_air": null, "compressed_air": null, "fuel:diesel": null, "fuel:octane_95": null, "healthcare": null, "was:shop": null, "check_date:opening_hours": null, "contact:phone": null, "toilets:access": null, "isced:level": null, "loc_name": null, "max_age": null, "min_age": null, "ref:edubase": null, "ref:edubase:group": null, "religion": null, "school": null, "school:boarding": null, "school:gender": null, "school:group:type": null, "school:type": null, "power": null, "bicycle_parking": null, "covered": null, "food": null, "bench": null, "shelter_type": null, "payment:credit_cards": null, "payment:debit_cards": null, "construction": null, "fixme": null }, "geometry": { "type": "Polygon", "coordinates": [ [ [ 430907.259149630728643, 432330.763329466339201 ], [ 430902.830218047252856, 432338.956556354416534 ], [ 430910.07867819519015, 432342.8539765792666 ], [ 430914.507545725617092, 432334.671882339636795 ], [ 430907.259149630728643, 432330.763329466339201 ] ] ] } },
{ "type": "Feature", "properties": { "addr:city": null, "addr:housename": null, "addr:postcode": null, "addr:street": null, "addr:suburb": null, "addr:unit": null, "amenity": null, "brand": null, "brand:wikidata": null, "building": "yes", "cuisine": null, "fhrs:id": null, "internet_access": null, "name": null, "official_name": null, "opening_hours": null, "outdoor_seating": null, "phone": null, "source:addr": null, "takeaway": null, "toilets": null, "website": null, "osm_type": "way", "osm_id": 201826319, "postal_code": null, "building:levels": null, "elevator": null, "fee": null, "roof:shape": null, "source": null, "tourism": null, "wheelchair": null, "wikidata": null, "wikipedia": null, "industrial": null, "historic": null, "office": null, "old_name": null, "addr:housenumber": null, "brand:wikipedia": null, "email": null, "operator": null, "payment:american_express": null, "payment:cash": null, "payment:cheque": null, "payment:mastercard": null, "payment:visa": null, "shop": null, "contact:website": null, "addr:country": null, "alt_name": null, "opening_hours:service": null, "club": null, "leisure": null, "sport": null, "access": null, "operator:type": null, "parking": null, "clothes": null, "roof:levels": null, "ref:GB:uprn": null, "branch": null, "check_date": null, "capacity": null, "landuse": null, "rooms": null, "bridge": null, "layer": null, "disused:amenity": null, "operator:website": null, "operator:wikidata": null, "addr:county": null, "addr:town": null, "check_date:compressed_air": null, "compressed_air": null, "fuel:diesel": null, "fuel:octane_95": null, "healthcare": null, "was:shop": null, "check_date:opening_hours": null, "contact:phone": null, "toilets:access": null, "isced:level": null, "loc_name": null, "max_age": null, "min_age": null, "ref:edubase": null, "ref:edubase:group": null, "religion": null, "school": null, "school:boarding": null, "school:gender": null, "school:group:type": null, "school:type": null, "power": null, "bicycle_parking": null, "covered": null, "food": null, "bench": null, "shelter_type": null, "payment:credit_cards": null, "payment:debit_cards": null, "construction": null, "fixme": null }, "geometry": { "type": "Polygon", "coordinates": [ [ [ 430901.610722646524664, 432401.122579857357778 ], [ 430901.665184306446463, 432407.865507142269053 ], [ 430909.382207299931906, 432407.627008246490732 ], [ 430909.524752612225711, 432400.98551460262388 ], [ 430901.610722646524664, 432401.122579857357778 ] ] ] } },
{ "type": "Feature", "properties": { "addr:city": null, "addr:housename": null, "addr:postcode": null, "addr:street": null, "addr:suburb": null, "addr:unit": null, "amenity": null, "brand": null, "brand:wikidata": null, "building": "retail", "cuisine": null, "fhrs:id": null, "internet_access": null, "name": "Clarence House", "official_name": null, "opening_hours": null, "outdoor_seating": null, "phone": null, "source:addr": null, "takeaway": null, "toilets": null, "website": null, "osm_type": "way", "osm_id": 202286654, "postal_code": null, "building:levels": null, "elevator": null, "fee": null, "roof:shape": null, "source": null, "tourism": null, "wheelchair": null, "wikidata": null, "wikipedia": null, "industrial": null, "historic": null, "office": null, "old_name": null, "addr:housenumber": null, "brand:wikipedia": null, "email": null, "operator": null, "payment:american_express": null, "payment:cash": null, "payment:cheque": null, "payment:mastercard": null, "payment:visa": null, "shop": null, "contact:website": null, "addr:country": null, "alt_name": null, "opening_hours:service": null, "club": null, "leisure": null, "sport": null, "access": null, "operator:type": null, "parking": null, "clothes": null, "roof:levels": null, "ref:GB:uprn": null, "branch": null, "check_date": null, "capacity": null, "landuse": null, "rooms": null, "bridge": null, "layer": null, "disused:amenity": null, "operator:website": null, "operator:wikidata": null, "addr:county": null, "addr:town": null, "check_date:compressed_air": null, "compressed_air": null, "fuel:diesel": null, "fuel:octane_95": null, "healthcare": null, "was:shop": null, "check_date:opening_hours": null, "contact:phone": null, "toilets:access": null, "isced:level": null, "loc_name": null, "max_age": null, "min_age": null, "ref:edubase": null, "ref:edubase:group": null, "religion": null, "school": null, "school:boarding": null, "school:gender": null, "school:group:type": null, "school:type": null, "power": null, "bicycle_parking": null, "covered": null, "food": null, "bench": null, "shelter_type": null, "payment:credit_cards": null, "payment:debit_cards": null, "construction": null, "fixme": null }, "geometry": { "type": "Polygon", "coordinates": [ [ [ 430699.62547117145732, 432896.889801648678258 ], [ 430687.177848645718768, 432897.309120236663148 ], [ 430688.183116097934544, 432916.875821900903247 ], [ 430690.02959559019655, 432918.612475335714407 ], [ 430701.085137990943622, 432917.483102228376083 ], [ 430699.62547117145732, 432896.889801648678258 ] ] ] } },
{ "type": "Feature", "properties": { "addr:city": null, "addr:housename": null, "addr:postcode": null, "addr:street": null, "addr:suburb": null, "addr:unit": null, "amenity": null, "brand": null, "brand:wikidata": null, "building": "yes", "cuisine": null, "fhrs:id": null, "internet_access": null, "name": "Newway Electrical", "official_name": null, "opening_hours": null, "outdoor_seating": null, "phone": null, "source:addr": null, "takeaway": null, "toilets": null, "website": null, "osm_type": "way", "osm_id": 202286658, "postal_code": null, "building:levels": null, "elevator": null, "fee": null, "roof:shape": null, "source": null, "tourism": null, "wheelchair": null, "wikidata": null, "wikipedia": null, "industrial": null, "historic": null, "office": null, "old_name": null, "addr:housenumber": null, "brand:wikipedia": null, "email": null, "operator": null, "payment:american_express": null, "payment:cash": null, "payment:cheque": null, "payment:mastercard": null, "payment:visa": null, "shop": null, "contact:website": null, "addr:country": null, "alt_name": null, "opening_hours:service": null, "club": null, "leisure": null, "sport": null, "access": null, "operator:type": null, "parking": null, "clothes": null, "roof:levels": null, "ref:GB:uprn": null, "branch": null, "check_date": null, "capacity": null, "landuse": null, "rooms": null, "bridge": null, "layer": null, "disused:amenity": null, "operator:website": null, "operator:wikidata": null, "addr:county": null, "addr:town": null, "check_date:compressed_air": null, "compressed_air": null, "fuel:diesel": null, "fuel:octane_95": null, "healthcare": null, "was:shop": null, "check_date:opening_hours": null, "contact:phone": null, "toilets:access": null, "isced:level": null, "loc_name": null, "max_age": null, "min_age": null, "ref:edubase": null, "ref:edubase:group": null, "religion": null, "school": null, "school:boarding": null, "school:gender": null, "school:group:type": null, "school:type": null, "power": null, "bicycle_parking": null, "covered": null, "food": null, "bench": null, "shelter_type": null, "payment:credit_cards": null, "payment:debit_cards": null, "construction": null, "fixme": null }, "geometry": { "type": "Polygon", "coordinates": [ [ [ 431007.583122793235816, 432214.753740877727978 ], [ 430996.315047980460804, 432209.883900414803065 ], [ 430988.032436699781101, 432230.880296918330714 ], [ 430999.441255839366931, 432235.383877456537448 ], [ 431007.583122793235816, 432214.753740877727978 ] ] ] } },
{ "type": "Feature", "properties": { "addr:city": null, "addr:housename": null, "addr:postcode": null, "addr:street": null, "addr:suburb": null, "addr:unit": null, "amenity": null, "brand": null, "brand:wikidata": null, "building": "yes", "cuisine": null, "fhrs:id": null, "internet_access": null, "name": "Vantage Motorhomes", "official_name": null, "opening_hours": null, "outdoor_seating": null, "phone": null, "source:addr": null, "takeaway": null, "toilets": null, "website": null, "osm_type": "way", "osm_id": 202286662, "postal_code": null, "building:levels": null, "elevator": null, "fee": null, "roof:shape": null, "source": null, "tourism": null, "wheelchair": null, "wikidata": null, "wikipedia": null, "industrial": null, "historic": null, "office": null, "old_name": null, "addr:housenumber": null, "brand:wikipedia": null, "email": null, "operator": null, "payment:american_express": null, "payment:cash": null, "payment:cheque": null, "payment:mastercard": null, "payment:visa": null, "shop": null, "contact:website": null, "addr:country": null, "alt_name": null, "opening_hours:service": null, "club": null, "leisure": null, "sport": null, "access": null, "operator:type": null, "parking": null, "clothes": null, "roof:levels": null, "ref:GB:uprn": null, "branch": null, "check_date": null, "capacity": null, "landuse": null, "rooms": null, "bridge": null, "layer": null, "disused:amenity": null, "operator:website": null, "operator:wikidata": null, "addr:county": null, "addr:town": null, "check_date:compressed_air": null, "compressed_air": null, "fuel:diesel": null, "fuel:octane_95": null, "healthcare": null, "was:shop": null, "check_date:opening_hours": null, "contact:phone": null, "toilets:access": null, "isced:level": null, "loc_name": null, "max_age": null, "min_age": null, "ref:edubase": null, "ref:edubase:group": null, "religion": null, "school": null, "school:boarding": null, "school:gender": null, "school:group:type": null, "school:type": null, "power": null, "bicycle_parking": null, "covered": null, "food": null, "bench": null, "shelter_type": null, "payment:credit_cards": null, "payment:debit_cards": null, "construction": null, "fixme": null }, "geometry": { "type": "Polygon", "coordinates": [ [ [ 430989.119964956655167, 432284.750137878814712 ], [ 431003.689919262542389, 432284.479133234592155 ], [ 431003.464844457281288, 432272.661461891490035 ], [ 430988.894779971626122, 432272.943593225209042 ], [ 430989.119964956655167, 432284.750137878814712 ] ] ] } },
{ "type": "Feature", "properties": { "addr:city": null, "addr:housename": null, "addr:postcode": null, "addr:street": null, "addr:suburb": null, "addr:unit": null, "amenity": null, "brand": null, "brand:wikidata": null, "building": "yes", "cuisine": null, "fhrs:id": null, "internet_access": null, "name": null, "official_name": null, "opening_hours": null, "outdoor_seating": null, "phone": null, "source:addr": null, "takeaway": null, "toilets": null, "website": null, "osm_type": "way", "osm_id": 202286663, "postal_code": null, "building:levels": null, "elevator": null, "fee": null, "roof:shape": null, "source": null, "tourism": null, "wheelchair": null, "wikidata": null, "wikipedia": null, "industrial": null, "historic": null, "office": null, "old_name": "Yellow Cars", "addr:housenumber": null, "brand:wikipedia": null, "email": null, "operator": null, "payment:american_express": null, "payment:cash": null, "payment:cheque": null, "payment:mastercard": null, "payment:visa": null, "shop": null, "contact:website": null, "addr:country": null, "alt_name": null, "opening_hours:service": null, "club": null, "leisure": null, "sport": null, "access": null, "operator:type": null, "parking": null, "clothes": null, "roof:levels": null, "ref:GB:uprn": null, "branch": null, "check_date": null, "capacity": null, "landuse": null, "rooms": null, "bridge": null, "layer": null, "disused:amenity": "taxi", "operator:website": null, "operator:wikidata": null, "addr:county": null, "addr:town": null, "check_date:compressed_air": null, "compressed_air": null, "fuel:diesel": null, "fuel:octane_95": null, "healthcare": null, "was:shop": null, "check_date:opening_hours": null, "contact:phone": null, "toilets:access": null, "isced:level": null, "loc_name": null, "max_age": null, "min_age": null, "ref:edubase": null, "ref:edubase:group": null, "religion": null, "school": null, "school:boarding": null, "school:gender": null, "school:group:type": null, "school:type": null, "power": null, "bicycle_parking": null, "covered": null, "food": null, "bench": null, "shelter_type": null, "payment:credit_cards": null, "payment:debit_cards": null, "construction": null, "fixme": null }, "geometry": { "type": "Polygon", "coordinates": [ [ [ 430954.687333671085071, 432264.573508820030838 ], [ 430962.206909868051298, 432266.336536344955675 ], [ 430963.908204639214091, 432259.13787799840793 ], [ 430956.401794841745868, 432257.37493465654552 ], [ 430954.687333671085071, 432264.573508820030838 ] ] ] } },
{ "type": "Feature", "properties": { "addr:city": "Leeds", "addr:housename": "Millwood house", "addr:postcode": "LS10 1PG", "addr:street": "Pym Street", "addr:suburb": null, "addr:unit": null, "amenity": null, "brand": null, "brand:wikidata": null, "building": "yes", "cuisine": null, "fhrs:id": null, "internet_access": null, "name": "Angels Massage & Spa", "official_name": null, "opening_hours": null, "outdoor_seating": null, "phone": null, "source:addr": null, "takeaway": null, "toilets": null, "website": null, "osm_type": "way", "osm_id": 202286668, "postal_code": null, "building:levels": null, "elevator": null, "fee": null, "roof:shape": null, "source": null, "tourism": null, "wheelchair": null, "wikidata": null, "wikipedia": null, "industrial": null, "historic": null, "office": null, "old_name": null, "addr:housenumber": null, "brand:wikipedia": null, "email": null, "operator": null, "payment:american_express": null, "payment:cash": null, "payment:cheque": null, "payment:mastercard": null, "payment:visa": null, "shop": "massage", "contact:website": null, "addr:country": null, "alt_name": null, "opening_hours:service": null, "club": null, "leisure": null, "sport": null, "access": null, "operator:type": null, "parking": null, "clothes": null, "roof:levels": null, "ref:GB:uprn": null, "branch": null, "check_date": null, "capacity": null, "landuse": null, "rooms": null, "bridge": null, "layer": null, "disused:amenity": null, "operator:website": null, "operator:wikidata": null, "addr:county": null, "addr:town": null, "check_date:compressed_air": null, "compressed_air": null, "fuel:diesel": null, "fuel:octane_95": null, "healthcare": null, "was:shop": null, "check_date:opening_hours": null, "contact:phone": null, "toilets:access": null, "isced:level": null, "loc_name": null, "max_age": null, "min_age": null, "ref:edubase": null, "ref:edubase:group": null, "religion": null, "school": null, "school:boarding": null, "school:gender": null, "school:group:type": null, "school:type": null, "power": null, "bicycle_parking": null, "covered": null, "food": null, "bench": null, "shelter_type": null, "payment:credit_cards": null, "payment:debit_cards": null, "construction": null, "fixme": null }, "geometry": { "type": "Polygon", "coordinates": [ [ [ 430991.980044655094389, 432207.79691643093247 ], [ 431002.019261816574726, 432212.169074741890654 ], [ 431003.21664518682519, 432209.451023269910365 ], [ 431005.84584275551606, 432203.437898735981435 ], [ 430995.806610217259731, 432199.065732325660065 ], [ 430991.980044655094389, 432207.79691643093247 ] ] ] } },
{ "type": "Feature", "properties": { "addr:city": null, "addr:housename": null, "addr:postcode": null, "addr:street": null, "addr:suburb": null, "addr:unit": null, "amenity": null, "brand": null, "brand:wikidata": null, "building": "yes", "cuisine": null, "fhrs:id": null, "internet_access": null, "name": null, "official_name": null, "opening_hours": null, "outdoor_seating": null, "phone": null, "source:addr": null, "takeaway": null, "toilets": null, "website": null, "osm_type": "way", "osm_id": 202286670, "postal_code": null, "building:levels": null, "elevator": null, "fee": null, "roof:shape": null, "source": null, "tourism": null, "wheelchair": null, "wikidata": null, "wikipedia": null, "industrial": null, "historic": null, "office": null, "old_name": null, "addr:housenumber": null, "brand:wikipedia": null, "email": null, "operator": null, "payment:american_express": null, "payment:cash": null, "payment:cheque": null, "payment:mastercard": null, "payment:visa": null, "shop": null, "contact:website": null, "addr:country": null, "alt_name": null, "opening_hours:service": null, "club": null, "leisure": null, "sport": null, "access": null, "operator:type": null, "parking": null, "clothes": null, "roof:levels": null, "ref:GB:uprn": null, "branch": null, "check_date": null, "capacity": null, "landuse": null, "rooms": null, "bridge": null, "layer": null, "disused:amenity": null, "operator:website": null, "operator:wikidata": null, "addr:county": null, "addr:town": null, "check_date:compressed_air": null, "compressed_air": null, "fuel:diesel": null, "fuel:octane_95": null, "healthcare": null, "was:shop": null, "check_date:opening_hours": null, "contact:phone": null, "toilets:access": null, "isced:level": null, "loc_name": null, "max_age": null, "min_age": null, "ref:edubase": null, "ref:edubase:group": null, "religion": null, "school": null, "school:boarding": null, "school:gender": null, "school:group:type": null, "school:type": null, "power": null, "bicycle_parking": null, "covered": null, "food": null, "bench": null, "shelter_type": null, "payment:credit_cards": null, "payment:debit_cards": null, "construction": null, "fixme": null }, "geometry": { "type": "Polygon", "coordinates": [ [ [ 431014.034232799545862, 432184.755191988893785 ], [ 431005.84584275551606, 432203.437898735981435 ], [ 431003.21664518682519, 432209.451023269910365 ], [ 431012.487094049865846, 432213.495465038460679 ], [ 431023.30472181388177, 432188.79965490126051 ], [ 431014.034232799545862, 432184.755191988893785 ] ] ] } },
{ "type": "Feature", "properties": { "addr:city": null, "addr:housename": null, "addr:postcode": null, "addr:street": null, "addr:suburb": null, "addr:unit": null, "amenity": null, "brand": null, "brand:wikidata": null, "building": "yes", "cuisine": null, "fhrs:id": null, "internet_access": null, "name": "Vantage Motorhomes", "official_name": null, "opening_hours": null, "outdoor_seating": null, "phone": null, "source:addr": null, "takeaway": null, "toilets": null, "website": null, "osm_type": "way", "osm_id": 202286672, "postal_code": null, "building:levels": null, "elevator": null, "fee": null, "roof:shape": null, "source": null, "tourism": null, "wheelchair": null, "wikidata": null, "wikipedia": null, "industrial": null, "historic": null, "office": null, "old_name": null, "addr:housenumber": null, "brand:wikipedia": null, "email": null, "operator": null, "payment:american_express": null, "payment:cash": null, "payment:cheque": null, "payment:mastercard": null, "payment:visa": null, "shop": null, "contact:website": null, "addr:country": null, "alt_name": null, "opening_hours:service": null, "club": null, "leisure": null, "sport": null, "access": null, "operator:type": null, "parking": null, "clothes": null, "roof:levels": null, "ref:GB:uprn": null, "branch": null, "check_date": null, "capacity": null, "landuse": null, "rooms": null, "bridge": null, "layer": null, "disused:amenity": null, "operator:website": null, "operator:wikidata": null, "addr:county": null, "addr:town": null, "check_date:compressed_air": null, "compressed_air": null, "fuel:diesel": null, "fuel:octane_95": null, "healthcare": null, "was:shop": null, "check_date:opening_hours": null, "contact:phone": null, "toilets:access": null, "isced:level": null, "loc_name": null, "max_age": null, "min_age": null, "ref:edubase": null, "ref:edubase:group": null, "religion": null, "school": null, "school:boarding": null, "school:gender": null, "school:group:type": null, "school:type": null, "power": null, "bicycle_parking": null, "covered": null, "food": null, "bench": null, "shelter_type": null, "payment:credit_cards": null, "payment:debit_cards": null, "construction": null, "fixme": null }, "geometry": { "type": "Polygon", "coordinates": [ [ [ 431040.177564673067536, 432269.82197292521596 ], [ 431003.426237346837297, 432270.524947525234893 ], [ 431003.464844457281288, 432272.661461891490035 ], [ 431003.689919262542389, 432284.479133234592155 ], [ 431003.812695319182239, 432290.833090663305484 ], [ 431040.563863287039567, 432290.130119636189193 ], [ 431040.304380315239541, 432276.554254351533018 ], [ 431040.177564673067536, 432269.82197292521596 ] ] ] } },
{ "type": "Feature", "properties": { "addr:city": "Leeds", "addr:housename": "Crowd Point Shopping Park", "addr:postcode": "LS10 1ET", "addr:street": "Junction Street", "addr:suburb": null, "addr:unit": "3a", "amenity": "pharmacy", "brand": "Boots", "brand:wikidata": "Q6123139", "building": "yes", "cuisine": null, "fhrs:id": "319710", "internet_access": null, "name": "Boots", "official_name": null, "opening_hours": null, "outdoor_seating": null, "phone": null, "source:addr": null, "takeaway": null, "toilets": null, "website": null, "osm_type": "way", "osm_id": 203009407, "postal_code": null, "building:levels": null, "elevator": null, "fee": null, "roof:shape": null, "source": "Bing", "tourism": null, "wheelchair": null, "wikidata": null, "wikipedia": null, "industrial": null, "historic": null, "office": null, "old_name": null, "addr:housenumber": null, "brand:wikipedia": "en:Boots (company)", "email": null, "operator": null, "payment:american_express": null, "payment:cash": null, "payment:cheque": null, "payment:mastercard": null, "payment:visa": null, "shop": null, "contact:website": null, "addr:country": null, "alt_name": null, "opening_hours:service": null, "club": null, "leisure": null, "sport": null, "access": null, "operator:type": null, "parking": null, "clothes": null, "roof:levels": null, "ref:GB:uprn": null, "branch": null, "check_date": null, "capacity": null, "landuse": null, "rooms": null, "bridge": null, "layer": null, "disused:amenity": null, "operator:website": null, "operator:wikidata": null, "addr:county": null, "addr:town": null, "check_date:compressed_air": null, "compressed_air": null, "fuel:diesel": null, "fuel:octane_95": null, "healthcare": "pharmacy", "was:shop": null, "check_date:opening_hours": null, "contact:phone": null, "toilets:access": null, "isced:level": null, "loc_name": null, "max_age": null, "min_age": null, "ref:edubase": null, "ref:edubase:group": null, "religion": null, "school": null, "school:boarding": null, "school:gender": null, "school:group:type": null, "school:type": null, "power": null, "bicycle_parking": null, "covered": null, "food": null, "bench": null, "shelter_type": null, "payment:credit_cards": null, "payment:debit_cards": null, "construction": null, "fixme": null }, "geometry": { "type": "Polygon", "coordinates": [ [ [ 430443.236189908580855, 432594.219482664368115 ], [ 430443.408812738896813, 432571.656377155100927 ], [ 430409.519982687023003, 432571.258789107319899 ], [ 430409.347667398571502, 432593.799643538775854 ], [ 430443.236189908580855, 432594.219482664368115 ] ] ] } },
{ "type": "Feature", "properties": { "addr:city": "Leeds", "addr:housename": "Crowd Point Shopping Park", "addr:postcode": "LS10 1ET", "addr:street": "Junction Street", "addr:suburb": null, "addr:unit": null, "amenity": null, "brand": "currys", "brand:wikidata": "Q3246464", "building": "yes", "cuisine": null, "fhrs:id": null, "internet_access": null, "name": "Currys", "official_name": null, "opening_hours": "Mo-Fr 10:00-20:00; Sa 10:00-18:00; Su 10:30-16:30", "outdoor_seating": null, "phone": "+44 844 561 6263", "source:addr": null, "takeaway": null, "toilets": null, "website": null, "osm_type": "way", "osm_id": 203009411, "postal_code": null, "building:levels": null, "elevator": null, "fee": null, "roof:shape": null, "source": "Bing", "tourism": null, "wheelchair": null, "wikidata": null, "wikipedia": null, "industrial": null, "historic": null, "office": null, "old_name": null, "addr:housenumber": null, "brand:wikipedia": "en:Currys", "email": null, "operator": null, "payment:american_express": null, "payment:cash": null, "payment:cheque": null, "payment:mastercard": null, "payment:visa": null, "shop": "electronics", "contact:website": null, "addr:country": null, "alt_name": null, "opening_hours:service": null, "club": null, "leisure": null, "sport": null, "access": null, "operator:type": null, "parking": null, "clothes": null, "roof:levels": null, "ref:GB:uprn": null, "branch": null, "check_date": null, "capacity": null, "landuse": null, "rooms": null, "bridge": null, "layer": null, "disused:amenity": null, "operator:website": null, "operator:wikidata": null, "addr:county": null, "addr:town": null, "check_date:compressed_air": null, "compressed_air": null, "fuel:diesel": null, "fuel:octane_95": null, "healthcare": null, "was:shop": null, "check_date:opening_hours": null, "contact:phone": null, "toilets:access": null, "isced:level": null, "loc_name": null, "max_age": null, "min_age": null, "ref:edubase": null, "ref:edubase:group": null, "religion": null, "school": null, "school:boarding": null, "school:gender": null, "school:group:type": null, "school:type": null, "power": null, "bicycle_parking": null, "covered": null, "food": null, "bench": null, "shelter_type": null, "payment:credit_cards": null, "payment:debit_cards": null, "construction": null, "fixme": null }, "geometry": { "type": "Polygon", "coordinates": [ [ [ 430444.106107516330667, 432481.370627853204496 ], [ 430450.542884468392003, 432481.423485695966519 ], [ 430450.932243530463893, 432431.535494979354553 ], [ 430412.152974220516626, 432431.228580913157202 ], [ 430410.598099466820713, 432431.218512320658192 ], [ 430410.215758888574783, 432481.106547550298274 ], [ 430444.106107516330667, 432481.370627853204496 ] ] ] } },
{ "type": "Feature", "properties": { "addr:city": "Leeds", "addr:housename": "Crowd Point Shopping Park", "addr:postcode": "LS10 1ET", "addr:street": "Junction Street", "addr:suburb": null, "addr:unit": null, "amenity": null, "brand": "Wren Kitchens", "brand:wikidata": "Q8037744", "building": "retail", "cuisine": null, "fhrs:id": null, "internet_access": null, "name": "Wren Kitchens", "official_name": null, "opening_hours": null, "outdoor_seating": null, "phone": null, "source:addr": null, "takeaway": null, "toilets": null, "website": null, "osm_type": "way", "osm_id": 203009413, "postal_code": null, "building:levels": null, "elevator": null, "fee": null, "roof:shape": null, "source": null, "tourism": null, "wheelchair": null, "wikidata": null, "wikipedia": null, "industrial": null, "historic": null, "office": null, "old_name": null, "addr:housenumber": null, "brand:wikipedia": "en:Wren Kitchens", "email": null, "operator": null, "payment:american_express": null, "payment:cash": null, "payment:cheque": null, "payment:mastercard": null, "payment:visa": null, "shop": "kitchen", "contact:website": "https://www.wrenkitchens.com/showrooms/leeds", "addr:country": null, "alt_name": null, "opening_hours:service": null, "club": null, "leisure": null, "sport": null, "access": null, "operator:type": null, "parking": null, "clothes": null, "roof:levels": null, "ref:GB:uprn": null, "branch": null, "check_date": null, "capacity": null, "landuse": null, "rooms": null, "bridge": null, "layer": null, "disused:amenity": null, "operator:website": null, "operator:wikidata": null, "addr:county": null, "addr:town": null, "check_date:compressed_air": null, "compressed_air": null, "fuel:diesel": null, "fuel:octane_95": null, "healthcare": null, "was:shop": null, "check_date:opening_hours": null, "contact:phone": null, "toilets:access": null, "isced:level": null, "loc_name": null, "max_age": null, "min_age": null, "ref:edubase": null, "ref:edubase:group": null, "religion": null, "school": null, "school:boarding": null, "school:gender": null, "school:group:type": null, "school:type": null, "power": null, "bicycle_parking": null, "covered": null, "food": null, "bench": null, "shelter_type": null, "payment:credit_cards": null, "payment:debit_cards": null, "construction": null, "fixme": null }, "geometry": { "type": "Polygon", "coordinates": [ [ [ 430324.463422944711056, 432492.479491725331172 ], [ 430288.918472252087668, 432492.361374443629757 ], [ 430289.017920282029081, 432460.596320732263848 ], [ 430324.563112301868387, 432460.714437938877381 ], [ 430324.505739694985095, 432478.78324162599165 ], [ 430324.463422944711056, 432492.479491725331172 ] ] ] } },
{ "type": "Feature", "properties": { "addr:city": "Leeds", "addr:housename": "Crowd Point Shopping Park", "addr:postcode": "LS10 1ET", "addr:street": "Junction Street", "addr:suburb": null, "addr:unit": "5a", "amenity": null, "brand": "Superdrug", "brand:wikidata": "Q7643261", "building": "yes", "cuisine": null, "fhrs:id": null, "internet_access": null, "name": "Superdrug", "official_name": null, "opening_hours": null, "outdoor_seating": null, "phone": null, "source:addr": null, "takeaway": null, "toilets": null, "website": null, "osm_type": "way", "osm_id": 203009416, "postal_code": null, "building:levels": null, "elevator": null, "fee": null, "roof:shape": null, "source": null, "tourism": null, "wheelchair": null, "wikidata": null, "wikipedia": null, "industrial": null, "historic": null, "office": null, "old_name": "Poundworld", "addr:housenumber": null, "brand:wikipedia": null, "email": null, "operator": null, "payment:american_express": null, "payment:cash": null, "payment:cheque": null, "payment:mastercard": null, "payment:visa": null, "shop": "chemist", "contact:website": null, "addr:country": null, "alt_name": null, "opening_hours:service": null, "club": null, "leisure": null, "sport": null, "access": null, "operator:type": null, "parking": null, "clothes": null, "roof:levels": null, "ref:GB:uprn": null, "branch": null, "check_date": null, "capacity": null, "landuse": null, "rooms": null, "bridge": null, "layer": null, "disused:amenity": null, "operator:website": null, "operator:wikidata": null, "addr:county": null, "addr:town": null, "check_date:compressed_air": null, "compressed_air": null, "fuel:diesel": null, "fuel:octane_95": null, "healthcare": null, "was:shop": null, "check_date:opening_hours": null, "contact:phone": null, "toilets:access": null, "isced:level": null, "loc_name": null, "max_age": null, "min_age": null, "ref:edubase": null, "ref:edubase:group": null, "religion": null, "school": null, "school:boarding": null, "school:gender": null, "school:group:type": null, "school:type": null, "power": null, "bicycle_parking": null, "covered": null, "food": null, "bench": null, "shelter_type": null, "payment:credit_cards": null, "payment:debit_cards": null, "construction": null, "fixme": null }, "geometry": { "type": "Polygon", "coordinates": [ [ [ 430409.950698299391661, 432514.917782243457623 ], [ 430409.864540832524654, 432526.188208408770151 ], [ 430443.760790577682201, 432526.507959392038174 ], [ 430443.847101829946041, 432515.226407687063329 ], [ 430409.950698299391661, 432514.917782243457623 ] ] ] } },
{ "type": "Feature", "properties": { "addr:city": "Leeds", "addr:housename": "Crowd Point Shopping Park", "addr:postcode": "LS10 1ET", "addr:street": "Junction Street", "addr:suburb": null, "addr:unit": null, "amenity": null, "brand": null, "brand:wikidata": "Q7795876", "building": "yes", "cuisine": null, "fhrs:id": null, "internet_access": null, "name": null, "official_name": null, "opening_hours": "closed", "outdoor_seating": null, "phone": null, "source:addr": null, "takeaway": null, "toilets": null, "website": null, "osm_type": "way", "osm_id": 203009417, "postal_code": null, "building:levels": null, "elevator": null, "fee": null, "roof:shape": null, "source": "Bing", "tourism": null, "wheelchair": null, "wikidata": null, "wikipedia": null, "industrial": null, "historic": null, "office": null, "old_name": null, "addr:housenumber": null, "brand:wikipedia": "en:Thomson Travel Group", "email": null, "operator": null, "payment:american_express": null, "payment:cash": null, "payment:cheque": null, "payment:mastercard": null, "payment:visa": null, "shop": "vacant", "contact:website": "https://www.tui.co.uk/shop-finder/tui-holiday-superstore-6-butterley-street-leeds", "addr:country": null, "alt_name": null, "opening_hours:service": null, "club": null, "leisure": null, "sport": null, "access": null, "operator:type": null, "parking": null, "clothes": null, "roof:levels": null, "ref:GB:uprn": null, "branch": null, "check_date": null, "capacity": null, "landuse": null, "rooms": null, "bridge": null, "layer": null, "disused:amenity": null, "operator:website": null, "operator:wikidata": null, "addr:county": null, "addr:town": null, "check_date:compressed_air": null, "compressed_air": null, "fuel:diesel": null, "fuel:octane_95": null, "healthcare": null, "was:shop": null, "check_date:opening_hours": null, "contact:phone": null, "toilets:access": null, "isced:level": null, "loc_name": null, "max_age": null, "min_age": null, "ref:edubase": null, "ref:edubase:group": null, "religion": null, "school": null, "school:boarding": null, "school:gender": null, "school:group:type": null, "school:type": null, "power": null, "bicycle_parking": null, "covered": null, "food": null, "bench": null, "shelter_type": null, "payment:credit_cards": null, "payment:debit_cards": null, "construction": null, "fixme": null }, "geometry": { "type": "Polygon", "coordinates": [ [ [ 430410.129601502616424, 432492.376973143545911 ], [ 430410.043444084352814, 432503.647398930042982 ], [ 430443.933413049671799, 432503.944856178248301 ], [ 430444.019796361622866, 432492.652178981108591 ], [ 430410.129601502616424, 432492.376973143545911 ] ] ] } },
{ "type": "Feature", "properties": { "addr:city": "Leeds", "addr:housename": "Crowd Point Shopping Park", "addr:postcode": "LS10 1ET", "addr:street": "Junction Street", "addr:suburb": null, "addr:unit": "3b", "amenity": null, "brand": "Poundland", "brand:wikidata": "Q1434528", "building": "yes", "cuisine": null, "fhrs:id": "740491", "internet_access": null, "name": "Poundland", "official_name": null, "opening_hours": null, "outdoor_seating": null, "phone": null, "source:addr": null, "takeaway": null, "toilets": null, "website": null, "osm_type": "way", "osm_id": 203009418, "postal_code": null, "building:levels": null, "elevator": null, "fee": null, "roof:shape": null, "source": "Bing", "tourism": null, "wheelchair": null, "wikidata": null, "wikipedia": null, "industrial": null, "historic": null, "office": null, "old_name": null, "addr:housenumber": null, "brand:wikipedia": "en:Poundland", "email": null, "operator": null, "payment:american_express": null, "payment:cash": null, "payment:cheque": null, "payment:mastercard": null, "payment:visa": null, "shop": "variety_store", "contact:website": null, "addr:country": null, "alt_name": null, "opening_hours:service": null, "club": null, "leisure": null, "sport": null, "access": null, "operator:type": null, "parking": null, "clothes": null, "roof:levels": null, "ref:GB:uprn": null, "branch": null, "check_date": null, "capacity": null, "landuse": null, "rooms": null, "bridge": null, "layer": null, "disused:amenity": null, "operator:website": null, "operator:wikidata": null, "addr:county": null, "addr:town": null, "check_date:compressed_air": null, "compressed_air": null, "fuel:diesel": null, "fuel:octane_95": null, "healthcare": null, "was:shop": null, "check_date:opening_hours": null, "contact:phone": null, "toilets:access": null, "isced:level": null, "loc_name": null, "max_age": null, "min_age": null, "ref:edubase": null, "ref:edubase:group": null, "religion": null, "school": null, "school:boarding": null, "school:gender": null, "school:group:type": null, "school:type": null, "power": null, "bicycle_parking": null, "covered": null, "food": null, "bench": null, "shelter_type": null, "payment:credit_cards": null, "payment:debit_cards": null, "construction": null, "fixme": null }, "geometry": { "type": "Polygon", "coordinates": [ [ [ 430443.408812738896813, 432571.656377155100927 ], [ 430443.581507564231288, 432549.082146536791697 ], [ 430409.692297846428119, 432548.717935438384302 ], [ 430409.519982687023003, 432571.258789107319899 ], [ 430443.408812738896813, 432571.656377155100927 ] ] ] } },
{ "type": "Feature", "properties": { "addr:city": "Leeds", "addr:housename": "Crowd Point Shopping Park", "addr:postcode": "LS10 1ET", "addr:street": "Junction Street", "addr:suburb": null, "addr:unit": null, "amenity": null, "brand": "JD Sports", "brand:wikidata": "Q6108019", "building": "retail", "cuisine": null, "fhrs:id": null, "internet_access": null, "name": "JD Sports", "official_name": null, "opening_hours": "Mo-Fr 09:00-20:00; Sa 09:00-19:00; Su 11:00-17:00", "outdoor_seating": null, "phone": null, "source:addr": null, "takeaway": null, "toilets": null, "website": "https://www.crownpoint-shopping.co.uk/stores/jd/", "osm_type": "way", "osm_id": 203009419, "postal_code": null, "building:levels": null, "elevator": null, "fee": null, "roof:shape": null, "source": null, "tourism": null, "wheelchair": null, "wikidata": null, "wikipedia": null, "industrial": null, "historic": null, "office": null, "old_name": "New Look", "addr:housenumber": null, "brand:wikipedia": null, "email": null, "operator": null, "payment:american_express": null, "payment:cash": null, "payment:cheque": null, "payment:mastercard": null, "payment:visa": null, "shop": "clothes", "contact:website": null, "addr:country": null, "alt_name": null, "opening_hours:service": null, "club": null, "leisure": null, "sport": null, "access": null, "operator:type": null, "parking": null, "clothes": "sports", "roof:levels": null, "ref:GB:uprn": null, "branch": null, "check_date": null, "capacity": null, "landuse": null, "rooms": null, "bridge": null, "layer": null, "disused:amenity": null, "operator:website": null, "operator:wikidata": null, "addr:county": null, "addr:town": null, "check_date:compressed_air": null, "compressed_air": null, "fuel:diesel": null, "fuel:octane_95": null, "healthcare": null, "was:shop": "clothes", "check_date:opening_hours": null, "contact:phone": null, "toilets:access": null, "isced:level": null, "loc_name": null, "max_age": null, "min_age": null, "ref:edubase": null, "ref:edubase:group": null, "religion": null, "school": null, "school:boarding": null, "school:gender": null, "school:group:type": null, "school:type": null, "power": null, "bicycle_parking": null, "covered": null, "food": null, "bench": null, "shelter_type": null, "payment:credit_cards": null, "payment:debit_cards": null, "construction": null, "fixme": null }, "geometry": { "type": "Polygon", "coordinates": [ [ [ 430324.463422944711056, 432492.479491725331172 ], [ 430324.430825249641202, 432503.650125832180493 ], [ 430324.3937013039249, 432515.521690291585401 ], [ 430288.842265579616651, 432515.414656317094341 ], [ 430288.918472252087668, 432492.361374443629757 ], [ 430324.463422944711056, 432492.479491725331172 ] ] ] } },
{ "type": "Feature", "properties": { "addr:city": "Leeds", "addr:housename": "Crowd Point Shopping Park", "addr:postcode": "LS10 1ET", "addr:street": "Junction Street", "addr:suburb": null, "addr:unit": null, "amenity": null, "brand": "Card Factory", "brand:wikidata": "Q5038192", "building": "yes", "cuisine": null, "fhrs:id": null, "internet_access": null, "name": "Card Factory", "official_name": null, "opening_hours": null, "outdoor_seating": null, "phone": null, "source:addr": null, "takeaway": null, "toilets": null, "website": null, "osm_type": "way", "osm_id": 203009420, "postal_code": null, "building:levels": null, "elevator": null, "fee": null, "roof:shape": null, "source": "Bing", "tourism": null, "wheelchair": null, "wikidata": null, "wikipedia": null, "industrial": null, "historic": null, "office": null, "old_name": null, "addr:housenumber": null, "brand:wikipedia": "en:Card Factory", "email": null, "operator": null, "payment:american_express": null, "payment:cash": null, "payment:cheque": null, "payment:mastercard": null, "payment:visa": null, "shop": "gift", "contact:website": null, "addr:country": null, "alt_name": null, "opening_hours:service": null, "club": null, "leisure": null, "sport": null, "access": null, "operator:type": null, "parking": null, "clothes": null, "roof:levels": null, "ref:GB:uprn": null, "branch": null, "check_date": null, "capacity": null, "landuse": null, "rooms": null, "bridge": null, "layer": null, "disused:amenity": null, "operator:website": null, "operator:wikidata": null, "addr:county": null, "addr:town": null, "check_date:compressed_air": null, "compressed_air": null, "fuel:diesel": null, "fuel:octane_95": null, "healthcare": null, "was:shop": null, "check_date:opening_hours": null, "contact:phone": null, "toilets:access": null, "isced:level": null, "loc_name": null, "max_age": null, "min_age": null, "ref:edubase": null, "ref:edubase:group": null, "religion": null, "school": null, "school:boarding": null, "school:gender": null, "school:group:type": null, "school:type": null, "power": null, "bicycle_parking": null, "covered": null, "food": null, "bench": null, "shelter_type": null, "payment:credit_cards": null, "payment:debit_cards": null, "construction": null, "fixme": null }, "geometry": { "type": "Polygon", "coordinates": [ [ [ 430444.019796361622866, 432492.652178981108591 ], [ 430444.106107516330667, 432481.370627853204496 ], [ 430410.215758888574783, 432481.106547550298274 ], [ 430410.129601502616424, 432492.376973143545911 ], [ 430444.019796361622866, 432492.652178981108591 ] ] ] } },
{ "type": "Feature", "properties": { "addr:city": "Leeds", "addr:housename": "Crowd Point Shopping Park", "addr:postcode": "LS10 1ET", "addr:street": "Junction Street", "addr:suburb": null, "addr:unit": null, "amenity": null, "brand": "Nike", "brand:wikidata": "Q483915", "building": "yes", "cuisine": null, "fhrs:id": null, "internet_access": null, "name": "Nike", "official_name": null, "opening_hours": null, "outdoor_seating": null, "phone": null, "source:addr": null, "takeaway": null, "toilets": null, "website": null, "osm_type": "way", "osm_id": 203009422, "postal_code": null, "building:levels": null, "elevator": null, "fee": null, "roof:shape": null, "source": "Bing", "tourism": null, "wheelchair": null, "wikidata": null, "wikipedia": null, "industrial": null, "historic": null, "office": null, "old_name": null, "addr:housenumber": null, "brand:wikipedia": "en:Nike, Inc.", "email": null, "operator": null, "payment:american_express": null, "payment:cash": null, "payment:cheque": null, "payment:mastercard": null, "payment:visa": null, "shop": "clothes", "contact:website": null, "addr:country": null, "alt_name": null, "opening_hours:service": null, "club": null, "leisure": null, "sport": null, "access": null, "operator:type": null, "parking": null, "clothes": "sports", "roof:levels": null, "ref:GB:uprn": null, "branch": null, "check_date": null, "capacity": null, "landuse": null, "rooms": null, "bridge": null, "layer": null, "disused:amenity": null, "operator:website": null, "operator:wikidata": null, "addr:county": null, "addr:town": null, "check_date:compressed_air": null, "compressed_air": null, "fuel:diesel": null, "fuel:octane_95": null, "healthcare": null, "was:shop": null, "check_date:opening_hours": null, "contact:phone": null, "toilets:access": null, "isced:level": null, "loc_name": null, "max_age": null, "min_age": null, "ref:edubase": null, "ref:edubase:group": null, "religion": null, "school": null, "school:boarding": null, "school:gender": null, "school:group:type": null, "school:type": null, "power": null, "bicycle_parking": null, "covered": null, "food": null, "bench": null, "shelter_type": null, "payment:credit_cards": null, "payment:debit_cards": null, "construction": null, "fixme": null }, "geometry": { "type": "Polygon", "coordinates": [ [ [ 430443.581507564231288, 432549.082146536791697 ], [ 430443.760790577682201, 432526.507959392038174 ], [ 430409.864540832524654, 432526.188208408770151 ], [ 430409.692297846428119, 432548.717935438384302 ], [ 430443.581507564231288, 432549.082146536791697 ] ] ] } },
{ "type": "Feature", "properties": { "addr:city": "Leeds", "addr:housename": "Crowd Point Shopping Park", "addr:postcode": "LS10 1ET", "addr:street": "Junction Street", "addr:suburb": null, "addr:unit": null, "amenity": null, "brand": "Specsavers", "brand:wikidata": "Q2000610", "building": "yes", "cuisine": null, "fhrs:id": null, "internet_access": null, "name": "Specsavers", "official_name": null, "opening_hours": null, "outdoor_seating": null, "phone": null, "source:addr": null, "takeaway": null, "toilets": null, "website": null, "osm_type": "way", "osm_id": 203009423, "postal_code": null, "building:levels": null, "elevator": null, "fee": null, "roof:shape": null, "source": "Bing", "tourism": null, "wheelchair": null, "wikidata": null, "wikipedia": null, "industrial": null, "historic": null, "office": null, "old_name": null, "addr:housenumber": null, "brand:wikipedia": "en:Specsavers", "email": null, "operator": null, "payment:american_express": null, "payment:cash": null, "payment:cheque": null, "payment:mastercard": null, "payment:visa": null, "shop": "optician", "contact:website": "https://www.specsavers.co.uk/stores/leedscrownpoint", "addr:country": null, "alt_name": null, "opening_hours:service": null, "club": null, "leisure": null, "sport": null, "access": null, "operator:type": null, "parking": null, "clothes": null, "roof:levels": null, "ref:GB:uprn": null, "branch": null, "check_date": null, "capacity": null, "landuse": null, "rooms": null, "bridge": null, "layer": null, "disused:amenity": null, "operator:website": null, "operator:wikidata": null, "addr:county": null, "addr:town": null, "check_date:compressed_air": null, "compressed_air": null, "fuel:diesel": null, "fuel:octane_95": null, "healthcare": null, "was:shop": null, "check_date:opening_hours": null, "contact:phone": null, "toilets:access": null, "isced:level": null, "loc_name": null, "max_age": null, "min_age": null, "ref:edubase": null, "ref:edubase:group": null, "religion": null, "school": null, "school:boarding": null, "school:gender": null, "school:group:type": null, "school:type": null, "power": null, "bicycle_parking": null, "covered": null, "food": null, "bench": null, "shelter_type": null, "payment:credit_cards": null, "payment:debit_cards": null, "construction": null, "fixme": null }, "geometry": { "type": "Polygon", "coordinates": [ [ [ 430443.847101829946041, 432515.226407687063329 ], [ 430443.933413049671799, 432503.944856178248301 ], [ 430410.043444084352814, 432503.647398930042982 ], [ 430409.950698299391661, 432514.917782243457623 ], [ 430443.847101829946041, 432515.226407687063329 ] ] ] } },
{ "type": "Feature", "properties": { "addr:city": "Leeds", "addr:housename": "Crowd Point Shopping Park", "addr:postcode": "LS10 1ET", "addr:street": "Junction Street", "addr:suburb": null, "addr:unit": null, "amenity": null, "brand": "Hobbycraft", "brand:wikidata": "Q16984508", "building": "retail", "cuisine": null, "fhrs:id": null, "internet_access": null, "name": "Hobbycraft", "official_name": null, "opening_hours": "Mo-Fr 09:00-20:00; Sa 09:00-18:00; Su 11:00-15:00", "outdoor_seating": null, "phone": "+44 330 026 1042", "source:addr": null, "takeaway": null, "toilets": null, "website": null, "osm_type": "way", "osm_id": 203009424, "postal_code": null, "building:levels": null, "elevator": null, "fee": null, "roof:shape": null, "source": null, "tourism": null, "wheelchair": null, "wikidata": null, "wikipedia": null, "industrial": null, "historic": null, "office": null, "old_name": null, "addr:housenumber": null, "brand:wikipedia": "en:Hobbycraft", "email": null, "operator": null, "payment:american_express": null, "payment:cash": null, "payment:cheque": null, "payment:mastercard": null, "payment:visa": null, "shop": "craft", "contact:website": null, "addr:country": null, "alt_name": null, "opening_hours:service": null, "club": null, "leisure": null, "sport": null, "access": null, "operator:type": null, "parking": null, "clothes": null, "roof:levels": null, "ref:GB:uprn": null, "branch": null, "check_date": null, "capacity": null, "landuse": null, "rooms": null, "bridge": null, "layer": null, "disused:amenity": null, "operator:website": null, "operator:wikidata": null, "addr:county": null, "addr:town": null, "check_date:compressed_air": null, "compressed_air": null, "fuel:diesel": null, "fuel:octane_95": null, "healthcare": null, "was:shop": null, "check_date:opening_hours": null, "contact:phone": null, "toilets:access": null, "isced:level": null, "loc_name": null, "max_age": null, "min_age": null, "ref:edubase": null, "ref:edubase:group": null, "religion": null, "school": null, "school:boarding": null, "school:gender": null, "school:group:type": null, "school:type": null, "power": null, "bicycle_parking": null, "covered": null, "food": null, "bench": null, "shelter_type": null, "payment:credit_cards": null, "payment:debit_cards": null, "construction": null, "fixme": null }, "geometry": { "type": "Polygon", "coordinates": [ [ [ 430289.017920282029081, 432460.596320732263848 ], [ 430289.114182923454791, 432431.368052898207679 ], [ 430301.790578998974524, 432431.416445826645941 ], [ 430324.659596997254994, 432431.486170072923414 ], [ 430324.563112301868387, 432460.714437938877381 ], [ 430289.017920282029081, 432460.596320732263848 ] ] ] } },
{ "type": "Feature", "properties": { "addr:city": "Leeds", "addr:housename": "Crowd Point Shopping Park", "addr:postcode": "LS10 1ET", "addr:street": "Junction Street", "addr:suburb": null, "addr:unit": "12", "amenity": null, "brand": "Asda", "brand:wikidata": "Q297410", "building": "retail", "cuisine": null, "fhrs:id": "321563", "internet_access": null, "name": "Asda Living", "official_name": null, "opening_hours": "Mo-Fr 09:00-20:00; Sa 09:00-19:00; Su 11:00-17:00", "outdoor_seating": null, "phone": null, "source:addr": null, "takeaway": null, "toilets": null, "website": null, "osm_type": "way", "osm_id": 203009425, "postal_code": null, "building:levels": null, "elevator": null, "fee": null, "roof:shape": null, "source": null, "tourism": null, "wheelchair": null, "wikidata": null, "wikipedia": null, "industrial": null, "historic": null, "office": null, "old_name": null, "addr:housenumber": null, "brand:wikipedia": "en:Asda", "email": null, "operator": "Asda Stores Ltd", "payment:american_express": null, "payment:cash": null, "payment:cheque": null, "payment:mastercard": null, "payment:visa": null, "shop": "department_store", "contact:website": "https://storelocator.asda.com/yorkshire-&-humber/leeds/crown-point-retail-park", "addr:country": null, "alt_name": null, "opening_hours:service": null, "club": null, "leisure": null, "sport": null, "access": null, "operator:type": null, "parking": null, "clothes": null, "roof:levels": null, "ref:GB:uprn": null, "branch": null, "check_date": "2025-06-05", "capacity": null, "landuse": null, "rooms": null, "bridge": null, "layer": null, "disused:amenity": null, "operator:website": null, "operator:wikidata": null, "addr:county": null, "addr:town": null, "check_date:compressed_air": null, "compressed_air": null, "fuel:diesel": null, "fuel:octane_95": null, "healthcare": null, "was:shop": null, "check_date:opening_hours": "2024-08-18", "contact:phone": "+44 113 386 8100", "toilets:access": null, "isced:level": null, "loc_name": null, "max_age": null, "min_age": null, "ref:edubase": null, "ref:edubase:group": null, "religion": null, "school": null, "school:boarding": null, "school:gender": null, "school:group:type": null, "school:type": null, "power": null, "bicycle_parking": null, "covered": null, "food": null, "bench": null, "shelter_type": null, "payment:credit_cards": null, "payment:debit_cards": null, "construction": null, "fixme": null }, "geometry": { "type": "Polygon", "coordinates": [ [ [ 430272.746169293299317, 432538.94321540161036 ], [ 430324.261450933059677, 432539.064171200501733 ], [ 430324.222352764161769, 432556.343124869279563 ], [ 430324.159634419891518, 432583.401979852118529 ], [ 430289.260806503298227, 432583.321404326590709 ], [ 430272.644840970286168, 432583.281023492570966 ], [ 430272.746169293299317, 432538.94321540161036 ] ] ] } },
{ "type": "Feature", "properties": { "addr:city": "Leeds", "addr:housename": "Crowd Point Shopping Park", "addr:postcode": "LS10 1ET", "addr:street": "Junction Street", "addr:suburb": "Hunslet", "addr:unit": "2b", "amenity": null, "brand": "M&S Foodhall", "brand:wikidata": "Q714491", "building": "retail", "cuisine": null, "fhrs:id": "1021208", "internet_access": null, "name": "M&S Foodhall", "official_name": null, "opening_hours": "Mo-Sa 08:30-20:00; Su 11:00-17:00", "outdoor_seating": null, "phone": null, "source:addr": null, "takeaway": null, "toilets": "yes", "website": null, "osm_type": "way", "osm_id": 203009426, "postal_code": null, "building:levels": null, "elevator": null, "fee": null, "roof:shape": null, "source": "Bing", "tourism": null, "wheelchair": null, "wikidata": null, "wikipedia": null, "industrial": null, "historic": null, "office": null, "old_name": null, "addr:housenumber": null, "brand:wikipedia": "en:Marks & Spencer", "email": null, "operator": null, "payment:american_express": null, "payment:cash": null, "payment:cheque": null, "payment:mastercard": null, "payment:visa": null, "shop": "supermarket", "contact:website": "https://www.marksandspencer.com/stores/leeds-crown-point-foodhall-802", "addr:country": null, "alt_name": null, "opening_hours:service": null, "club": null, "leisure": null, "sport": null, "access": null, "operator:type": null, "parking": null, "clothes": null, "roof:levels": null, "ref:GB:uprn": null, "branch": null, "check_date": "2024-07-21", "capacity": null, "landuse": null, "rooms": null, "bridge": null, "layer": null, "disused:amenity": null, "operator:website": null, "operator:wikidata": null, "addr:county": null, "addr:town": null, "check_date:compressed_air": null, "compressed_air": null, "fuel:diesel": null, "fuel:octane_95": null, "healthcare": null, "was:shop": null, "check_date:opening_hours": "2024-07-21", "contact:phone": null, "toilets:access": "customers", "isced:level": null, "loc_name": null, "max_age": null, "min_age": null, "ref:edubase": null, "ref:edubase:group": null, "religion": null, "school": null, "school:boarding": null, "school:gender": null, "school:group:type": null, "school:type": null, "power": null, "bicycle_parking": null, "covered": null, "food": null, "bench": null, "shelter_type": null, "payment:credit_cards": null, "payment:debit_cards": null, "construction": null, "fixme": null }, "geometry": { "type": "Polygon", "coordinates": [ [ [ 430448.835303861123975, 432615.729627029388212 ], [ 430449.00081285572378, 432594.267982636811212 ], [ 430443.236189908580855, 432594.219482664368115 ], [ 430409.347667398571502, 432593.799643538775854 ], [ 430409.181980100169312, 432615.31691807298921 ], [ 430448.835303861123975, 432615.729627029388212 ] ] ] } },
{ "type": "Feature", "properties": { "addr:city": "Leeds", "addr:housename": null, "addr:postcode": null, "addr:street": "City Walk", "addr:suburb": "Holbeck", "addr:unit": null, "amenity": null, "brand": null, "brand:wikidata": null, "building": "office", "cuisine": null, "fhrs:id": null, "internet_access": null, "name": null, "official_name": null, "opening_hours": null, "outdoor_seating": null, "phone": null, "source:addr": null, "takeaway": null, "toilets": null, "website": null, "osm_type": "way", "osm_id": 203560467, "postal_code": null, "building:levels": "6", "elevator": null, "fee": null, "roof:shape": null, "source": null, "tourism": null, "wheelchair": null, "wikidata": null, "wikipedia": null, "industrial": null, "historic": null, "office": null, "old_name": null, "addr:housenumber": "1", "brand:wikipedia": null, "email": null, "operator": null, "payment:american_express": null, "payment:cash": null, "payment:cheque": null, "payment:mastercard": null, "payment:visa": null, "shop": null, "contact:website": null, "addr:country": null, "alt_name": null, "opening_hours:service": null, "club": null, "leisure": null, "sport": null, "access": null, "operator:type": null, "parking": null, "clothes": null, "roof:levels": null, "ref:GB:uprn": null, "branch": null, "check_date": null, "capacity": null, "landuse": null, "rooms": null, "bridge": null, "layer": null, "disused:amenity": null, "operator:website": null, "operator:wikidata": null, "addr:county": null, "addr:town": null, "check_date:compressed_air": null, "compressed_air": null, "fuel:diesel": null, "fuel:octane_95": null, "healthcare": null, "was:shop": null, "check_date:opening_hours": null, "contact:phone": null, "toilets:access": null, "isced:level": null, "loc_name": null, "max_age": null, "min_age": null, "ref:edubase": null, "ref:edubase:group": null, "religion": null, "school": null, "school:boarding": null, "school:gender": null, "school:group:type": null, "school:type": null, "power": null, "bicycle_parking": null, "covered": null, "food": null, "bench": null, "shelter_type": null, "payment:credit_cards": null, "payment:debit_cards": null, "construction": null, "fixme": null }, "geometry": { "type": "Polygon", "coordinates": [ [ [ 429972.699346719426103, 432667.474957641679794 ], [ 429977.913806667551398, 432658.740689323050901 ], [ 429974.708101945230737, 432657.262677616556175 ], [ 429980.823428876406979, 432645.708073747926392 ], [ 429984.345654839766212, 432647.143605099641718 ], [ 429986.10675301856827, 432642.704315957613289 ], [ 429987.692063440161292, 432644.127482909243554 ], [ 429992.385370121512096, 432633.442794360336848 ], [ 429990.592698057182133, 432632.507860335055739 ], [ 429991.702959996124264, 432629.911388496635482 ], [ 429988.67618597188266, 432628.267615125281736 ], [ 429992.115184784284793, 432614.882344412617385 ], [ 429995.46947765891673, 432615.793873739778064 ], [ 429998.355508140637539, 432606.466187528101727 ], [ 429985.480668438773137, 432602.489749427186325 ], [ 429974.585025160573423, 432599.126800756552257 ], [ 429967.52727120014606, 432625.173010476864874 ], [ 429964.251915393630043, 432633.574745553196408 ], [ 429950.895279659016524, 432655.56418913800735 ], [ 429972.699346719426103, 432667.474957641679794 ] ] ] } },
{ "type": "Feature", "properties": { "addr:city": "Leeds", "addr:housename": null, "addr:postcode": "LS11 9AT", "addr:street": "City Walk", "addr:suburb": null, "addr:unit": null, "amenity": null, "brand": "Bewleys Hotels", "brand:wikidata": null, "building": "yes", "cuisine": null, "fhrs:id": "807408", "internet_access": null, "name": "Clayton Hotel", "official_name": null, "opening_hours": null, "outdoor_seating": null, "phone": null, "source:addr": null, "takeaway": null, "toilets": null, "website": "https://www.claytonhotelleeds.com/", "osm_type": "way", "osm_id": 203560468, "postal_code": null, "building:levels": "9", "elevator": null, "fee": null, "roof:shape": null, "source": null, "tourism": "hotel", "wheelchair": "yes", "wikidata": "Q56085020", "wikipedia": null, "industrial": null, "historic": null, "office": null, "old_name": null, "addr:housenumber": "7", "brand:wikipedia": null, "email": null, "operator": null, "payment:american_express": null, "payment:cash": null, "payment:cheque": null, "payment:mastercard": null, "payment:visa": null, "shop": null, "contact:website": null, "addr:country": null, "alt_name": null, "opening_hours:service": null, "club": null, "leisure": null, "sport": null, "access": null, "operator:type": null, "parking": null, "clothes": null, "roof:levels": null, "ref:GB:uprn": null, "branch": null, "check_date": "2024-07-11", "capacity": null, "landuse": null, "rooms": null, "bridge": null, "layer": null, "disused:amenity": null, "operator:website": null, "operator:wikidata": null, "addr:county": null, "addr:town": null, "check_date:compressed_air": null, "compressed_air": null, "fuel:diesel": null, "fuel:octane_95": null, "healthcare": null, "was:shop": null, "check_date:opening_hours": null, "contact:phone": null, "toilets:access": null, "isced:level": null, "loc_name": null, "max_age": null, "min_age": null, "ref:edubase": null, "ref:edubase:group": null, "religion": null, "school": null, "school:boarding": null, "school:gender": null, "school:group:type": null, "school:type": null, "power": null, "bicycle_parking": null, "covered": null, "food": null, "bench": null, "shelter_type": null, "payment:credit_cards": null, "payment:debit_cards": null, "construction": null, "fixme": null }, "geometry": { "type": "Polygon", "coordinates": [ [ [ 429961.078397667210083, 432582.640400417963974 ], [ 429963.421565060329158, 432580.941894255927764 ], [ 429964.580290579120629, 432588.303792798658833 ], [ 429989.336695459729526, 432582.609361356357113 ], [ 429999.623250334057957, 432580.24951803474687 ], [ 429997.72493776131887, 432572.126295664580539 ], [ 429995.460406340949703, 432572.857296074624173 ], [ 429994.73517059313599, 432570.872176885139197 ], [ 429996.680979430384468, 432570.528562022256665 ], [ 429994.994101387157571, 432563.341303375200368 ], [ 429986.803449724277016, 432564.546274198801257 ], [ 429985.836787367763463, 432562.192445980152115 ], [ 429989.349597598600667, 432558.921481562894769 ], [ 429987.420942218392156, 432554.514265124103986 ], [ 429983.151559943798929, 432548.323018423863687 ], [ 429978.167079613369424, 432542.683527758228593 ], [ 429973.388457697408739, 432536.789450745098293 ], [ 429965.311139069614001, 432530.551667100051418 ], [ 429963.681844118400477, 432536.015426927944645 ], [ 429963.095291070058011, 432540.172932707588188 ], [ 429963.658934732549824, 432543.736954837455414 ], [ 429956.921749774133787, 432542.247553066001274 ], [ 429952.533509642642457, 432543.321071089361794 ], [ 429946.501118982210755, 432519.127337870304473 ], [ 429937.648230323684402, 432521.885858985944651 ], [ 429937.302531609893776, 432520.303716419846751 ], [ 429927.886670981941279, 432522.491224528290331 ], [ 429935.099316348554567, 432555.860552483354695 ], [ 429961.078397667210083, 432582.640400417963974 ] ] ] } },
{ "type": "Feature", "properties": { "addr:city": null, "addr:housename": null, "addr:postcode": null, "addr:street": null, "addr:suburb": null, "addr:unit": null, "amenity": null, "brand": null, "brand:wikidata": null, "building": "office", "cuisine": null, "fhrs:id": null, "internet_access": null, "name": "Unisys", "official_name": null, "opening_hours": null, "outdoor_seating": null, "phone": null, "source:addr": null, "takeaway": null, "toilets": null, "website": null, "osm_type": "way", "osm_id": 203711640, "postal_code": null, "building:levels": "3", "elevator": null, "fee": null, "roof:shape": null, "source": null, "tourism": null, "wheelchair": null, "wikidata": null, "wikipedia": null, "industrial": null, "historic": null, "office": "company", "old_name": null, "addr:housenumber": null, "brand:wikipedia": null, "email": null, "operator": null, "payment:american_express": null, "payment:cash": null, "payment:cheque": null, "payment:mastercard": null, "payment:visa": null, "shop": null, "contact:website": null, "addr:country": null, "alt_name": null, "opening_hours:service": null, "club": null, "leisure": null, "sport": null, "access": null, "operator:type": null, "parking": null, "clothes": null, "roof:levels": null, "ref:GB:uprn": null, "branch": null, "check_date": null, "capacity": null, "landuse": null, "rooms": null, "bridge": null, "layer": null, "disused:amenity": null, "operator:website": null, "operator:wikidata": null, "addr:county": null, "addr:town": null, "check_date:compressed_air": null, "compressed_air": null, "fuel:diesel": null, "fuel:octane_95": null, "healthcare": null, "was:shop": null, "check_date:opening_hours": null, "contact:phone": null, "toilets:access": null, "isced:level": null, "loc_name": null, "max_age": null, "min_age": null, "ref:edubase": null, "ref:edubase:group": null, "religion": null, "school": null, "school:boarding": null, "school:gender": null, "school:group:type": null, "school:type": null, "power": null, "bicycle_parking": null, "covered": null, "food": null, "bench": null, "shelter_type": null, "payment:credit_cards": null, "payment:debit_cards": null, "construction": null, "fixme": null }, "geometry": { "type": "Polygon", "coordinates": [ [ [ 429959.165813951636665, 432723.398568593314849 ], [ 429962.00556947872974, 432721.30268199625425 ], [ 429966.389015372958966, 432727.149723761714995 ], [ 429974.918447752599604, 432719.27108118403703 ], [ 429980.007935891859233, 432724.944621070986614 ], [ 429990.843374041025527, 432716.023727333755232 ], [ 429985.412607366859447, 432709.112973438110203 ], [ 429988.961853044049349, 432706.309547787415795 ], [ 429992.149500780680683, 432705.450924072414637 ], [ 429994.566018425335642, 432713.922372406814247 ], [ 430008.197195868182462, 432710.838449093163945 ], [ 430007.001437680970412, 432704.132754564168863 ], [ 430018.502429564192425, 432701.391293068765663 ], [ 430017.48349490336841, 432694.853621144895442 ], [ 430020.145247347187251, 432693.813633597805165 ], [ 430018.430348307243548, 432685.869594444287941 ], [ 430003.383554119267501, 432689.834551037522033 ], [ 430001.141741441446356, 432680.830150429042988 ], [ 429986.799943326448556, 432684.788537822780199 ], [ 429973.64019836531952, 432693.483205332537182 ], [ 429972.215428924944717, 432691.682772146188654 ], [ 429961.139819335949142, 432701.069482674472965 ], [ 429965.588953314756509, 432706.950321397278458 ], [ 429953.638306186359841, 432717.188193783862516 ], [ 429959.165813951636665, 432723.398568593314849 ] ] ] } },
{ "type": "Feature", "properties": { "addr:city": null, "addr:housename": null, "addr:postcode": null, "addr:street": null, "addr:suburb": null, "addr:unit": null, "amenity": null, "brand": null, "brand:wikidata": null, "building": "office", "cuisine": null, "fhrs:id": null, "internet_access": null, "name": null, "official_name": null, "opening_hours": null, "outdoor_seating": null, "phone": null, "source:addr": null, "takeaway": null, "toilets": null, "website": null, "osm_type": "way", "osm_id": 203711641, "postal_code": null, "building:levels": "3", "elevator": null, "fee": null, "roof:shape": null, "source": null, "tourism": null, "wheelchair": null, "wikidata": null, "wikipedia": null, "industrial": null, "historic": null, "office": null, "old_name": null, "addr:housenumber": null, "brand:wikipedia": null, "email": null, "operator": null, "payment:american_express": null, "payment:cash": null, "payment:cheque": null, "payment:mastercard": null, "payment:visa": null, "shop": null, "contact:website": null, "addr:country": null, "alt_name": null, "opening_hours:service": null, "club": null, "leisure": null, "sport": null, "access": null, "operator:type": null, "parking": null, "clothes": null, "roof:levels": null, "ref:GB:uprn": null, "branch": null, "check_date": null, "capacity": null, "landuse": null, "rooms": null, "bridge": null, "layer": null, "disused:amenity": null, "operator:website": null, "operator:wikidata": null, "addr:county": null, "addr:town": null, "check_date:compressed_air": null, "compressed_air": null, "fuel:diesel": null, "fuel:octane_95": null, "healthcare": null, "was:shop": null, "check_date:opening_hours": null, "contact:phone": null, "toilets:access": null, "isced:level": null, "loc_name": null, "max_age": null, "min_age": null, "ref:edubase": null, "ref:edubase:group": null, "religion": null, "school": null, "school:boarding": null, "school:gender": null, "school:group:type": null, "school:type": null, "power": null, "bicycle_parking": null, "covered": null, "food": null, "bench": null, "shelter_type": null, "payment:credit_cards": null, "payment:debit_cards": null, "construction": null, "fixme": null }, "geometry": { "type": "Polygon", "coordinates": [ [ [ 430052.83676700713113, 432749.387377452105284 ], [ 430064.899761236680206, 432741.175469267298467 ], [ 430063.68133553682128, 432739.053664871957153 ], [ 430068.650378990336321, 432735.736450975993648 ], [ 430036.598478293279186, 432690.391790268360637 ], [ 430034.116632623423357, 432692.145004562451504 ], [ 430032.188943417218979, 432689.662630065809935 ], [ 430025.26401639089454, 432694.903359667630866 ], [ 430027.014967201801483, 432697.206579892896116 ], [ 430020.436948789400049, 432702.805577388382517 ], [ 430028.493348681542557, 432714.31721093528904 ], [ 430033.192424793553073, 432710.975980587303638 ], [ 430049.045915169175714, 432733.318941457546316 ], [ 430044.252553259721026, 432736.982216441771016 ], [ 430052.83676700713113, 432749.387377452105284 ] ] ] } },
{ "type": "Feature", "properties": { "addr:city": "Leeds", "addr:housename": "Crowd Point Shopping Park", "addr:postcode": "LS10 1ET", "addr:street": "Junction Street", "addr:suburb": null, "addr:unit": null, "amenity": null, "brand": "Smyths", "brand:wikidata": "Q7546779", "building": "retail", "cuisine": null, "fhrs:id": null, "internet_access": null, "name": "Smyths", "official_name": null, "opening_hours": null, "outdoor_seating": null, "phone": null, "source:addr": null, "takeaway": null, "toilets": null, "website": null, "osm_type": "way", "osm_id": 204188836, "postal_code": null, "building:levels": null, "elevator": null, "fee": null, "roof:shape": null, "source": null, "tourism": null, "wheelchair": null, "wikidata": null, "wikipedia": null, "industrial": null, "historic": null, "office": null, "old_name": null, "addr:housenumber": null, "brand:wikipedia": "en:Smyths", "email": null, "operator": null, "payment:american_express": null, "payment:cash": null, "payment:cheque": null, "payment:mastercard": null, "payment:visa": null, "shop": "toys", "contact:website": null, "addr:country": null, "alt_name": null, "opening_hours:service": null, "club": null, "leisure": null, "sport": null, "access": null, "operator:type": null, "parking": null, "clothes": null, "roof:levels": null, "ref:GB:uprn": null, "branch": null, "check_date": null, "capacity": null, "landuse": null, "rooms": null, "bridge": null, "layer": null, "disused:amenity": null, "operator:website": null, "operator:wikidata": null, "addr:county": null, "addr:town": null, "check_date:compressed_air": null, "compressed_air": null, "fuel:diesel": null, "fuel:octane_95": null, "healthcare": null, "was:shop": null, "check_date:opening_hours": null, "contact:phone": null, "toilets:access": null, "isced:level": null, "loc_name": null, "max_age": null, "min_age": null, "ref:edubase": null, "ref:edubase:group": null, "religion": null, "school": null, "school:boarding": null, "school:gender": null, "school:group:type": null, "school:type": null, "power": null, "bicycle_parking": null, "covered": null, "food": null, "bench": null, "shelter_type": null, "payment:credit_cards": null, "payment:debit_cards": null, "construction": null, "fixme": null }, "geometry": { "type": "Polygon", "coordinates": [ [ [ 430324.052682952780742, 432626.493608082877472 ], [ 430324.005850987101439, 432647.010279540671036 ], [ 430323.969808438327163, 432661.774702468654141 ], [ 430279.584374989266507, 432661.677450386574492 ], [ 430279.666986525116954, 432626.385230490239337 ], [ 430324.052682952780742, 432626.493608082877472 ] ] ] } },
{ "type": "Feature", "properties": { "addr:city": null, "addr:housename": null, "addr:postcode": null, "addr:street": null, "addr:suburb": null, "addr:unit": null, "amenity": null, "brand": null, "brand:wikidata": null, "building": "yes", "cuisine": null, "fhrs:id": null, "internet_access": null, "name": "Hitachi Capital", "official_name": null, "opening_hours": null, "outdoor_seating": null, "phone": null, "source:addr": null, "takeaway": null, "toilets": null, "website": null, "osm_type": "way", "osm_id": 204469775, "postal_code": null, "building:levels": null, "elevator": null, "fee": null, "roof:shape": null, "source": null, "tourism": null, "wheelchair": null, "wikidata": "Q29124054", "wikipedia": null, "industrial": null, "historic": null, "office": "company", "old_name": null, "addr:housenumber": null, "brand:wikipedia": null, "email": null, "operator": null, "payment:american_express": null, "payment:cash": null, "payment:cheque": null, "payment:mastercard": null, "payment:visa": null, "shop": null, "contact:website": null, "addr:country": null, "alt_name": null, "opening_hours:service": null, "club": null, "leisure": null, "sport": null, "access": null, "operator:type": null, "parking": null, "clothes": null, "roof:levels": null, "ref:GB:uprn": null, "branch": null, "check_date": null, "capacity": null, "landuse": null, "rooms": null, "bridge": null, "layer": null, "disused:amenity": null, "operator:website": null, "operator:wikidata": null, "addr:county": null, "addr:town": null, "check_date:compressed_air": null, "compressed_air": null, "fuel:diesel": null, "fuel:octane_95": null, "healthcare": null, "was:shop": null, "check_date:opening_hours": null, "contact:phone": null, "toilets:access": null, "isced:level": null, "loc_name": null, "max_age": null, "min_age": null, "ref:edubase": null, "ref:edubase:group": null, "religion": null, "school": null, "school:boarding": null, "school:gender": null, "school:group:type": null, "school:type": null, "power": null, "bicycle_parking": null, "covered": null, "food": null, "bench": null, "shelter_type": null, "payment:credit_cards": null, "payment:debit_cards": null, "construction": null, "fixme": null }, "geometry": { "type": "Polygon", "coordinates": [ [ [ 429944.317613008082844, 432400.707014844520018 ], [ 429916.879492311214563, 432410.41233992727939 ], [ 429922.317556487920228, 432425.556536377756856 ], [ 429925.820569055504166, 432423.832021641661413 ], [ 429933.821576690883376, 432448.283048188663088 ], [ 429961.908588248945307, 432473.16259704134427 ], [ 429964.770683854469098, 432481.013793376390822 ], [ 429974.088499408797361, 432480.783967124880292 ], [ 430016.403333175752778, 432465.955785747035407 ], [ 430017.3427355857566, 432456.081607399741188 ], [ 430008.203011750825681, 432428.42990067077335 ], [ 429993.895330017898232, 432434.146450602449477 ], [ 430000.180544682836626, 432452.778692599385977 ], [ 429998.116937079350464, 432457.115906804334372 ], [ 429969.517626277636737, 432467.10278982995078 ], [ 429968.089347921719309, 432462.743280842667446 ], [ 429963.132227694208268, 432464.158075897023082 ], [ 429958.000910196511541, 432446.401098500005901 ], [ 429951.875708615698386, 432448.108865866670385 ], [ 429940.987795426161028, 432420.735430908040144 ], [ 429943.341328978014644, 432416.388914175098762 ], [ 429950.342764682311099, 432414.69784926972352 ], [ 429944.317613008082844, 432400.707014844520018 ] ] ] } },
{ "type": "Feature", "properties": { "addr:city": null, "addr:housename": "Hurley House", "addr:postcode": null, "addr:street": "Dewsbury Road", "addr:suburb": null, "addr:unit": null, "amenity": null, "brand": null, "brand:wikidata": null, "building": "yes", "cuisine": null, "fhrs:id": null, "internet_access": null, "name": null, "official_name": null, "opening_hours": null, "outdoor_seating": null, "phone": null, "source:addr": null, "takeaway": null, "toilets": null, "website": null, "osm_type": "way", "osm_id": 205810397, "postal_code": null, "building:levels": "2", "elevator": null, "fee": null, "roof:shape": null, "source": null, "tourism": null, "wheelchair": null, "wikidata": null, "wikipedia": null, "industrial": null, "historic": null, "office": null, "old_name": null, "addr:housenumber": null, "brand:wikipedia": null, "email": null, "operator": null, "payment:american_express": null, "payment:cash": null, "payment:cheque": null, "payment:mastercard": null, "payment:visa": null, "shop": null, "contact:website": null, "addr:country": null, "alt_name": null, "opening_hours:service": null, "club": null, "leisure": null, "sport": null, "access": null, "operator:type": null, "parking": null, "clothes": null, "roof:levels": null, "ref:GB:uprn": null, "branch": null, "check_date": null, "capacity": null, "landuse": null, "rooms": null, "bridge": null, "layer": null, "disused:amenity": null, "operator:website": null, "operator:wikidata": null, "addr:county": null, "addr:town": null, "check_date:compressed_air": null, "compressed_air": null, "fuel:diesel": null, "fuel:octane_95": null, "healthcare": null, "was:shop": null, "check_date:opening_hours": null, "contact:phone": null, "toilets:access": null, "isced:level": null, "loc_name": null, "max_age": null, "min_age": null, "ref:edubase": null, "ref:edubase:group": null, "religion": null, "school": null, "school:boarding": null, "school:gender": null, "school:group:type": null, "school:type": null, "power": null, "bicycle_parking": null, "covered": null, "food": null, "bench": null, "shelter_type": null, "payment:credit_cards": null, "payment:debit_cards": null, "construction": null, "fixme": null }, "geometry": { "type": "Polygon", "coordinates": [ [ [ 430061.713404801499564, 432604.946465039625764 ], [ 430048.202776508172974, 432615.908451571827754 ], [ 430054.628841703524813, 432623.78251149749849 ], [ 430047.568897320132237, 432629.511903432896361 ], [ 430057.400743927864823, 432641.569008961436339 ], [ 430077.971292596776038, 432624.877691935864277 ], [ 430061.713404801499564, 432604.946465039625764 ] ] ] } },
{ "type": "Feature", "properties": { "addr:city": "Leeds", "addr:housename": "The Malthouse", "addr:postcode": "LS10 1LJ", "addr:street": "Chadwick Street", "addr:suburb": null, "addr:unit": null, "amenity": null, "brand": null, "brand:wikidata": null, "building": "office", "cuisine": null, "fhrs:id": null, "internet_access": null, "name": "Intermarketing", "official_name": null, "opening_hours": null, "outdoor_seating": null, "phone": null, "source:addr": null, "takeaway": null, "toilets": null, "website": null, "osm_type": "way", "osm_id": 205990066, "postal_code": null, "building:levels": null, "elevator": null, "fee": null, "roof:shape": null, "source": null, "tourism": null, "wheelchair": null, "wikidata": null, "wikipedia": null, "industrial": null, "historic": null, "office": "company", "old_name": null, "addr:housenumber": null, "brand:wikipedia": null, "email": null, "operator": null, "payment:american_express": null, "payment:cash": null, "payment:cheque": null, "payment:mastercard": null, "payment:visa": null, "shop": null, "contact:website": null, "addr:country": null, "alt_name": null, "opening_hours:service": null, "club": null, "leisure": null, "sport": null, "access": null, "operator:type": null, "parking": null, "clothes": null, "roof:levels": null, "ref:GB:uprn": null, "branch": null, "check_date": null, "capacity": null, "landuse": null, "rooms": null, "bridge": null, "layer": null, "disused:amenity": null, "operator:website": null, "operator:wikidata": null, "addr:county": null, "addr:town": null, "check_date:compressed_air": null, "compressed_air": null, "fuel:diesel": null, "fuel:octane_95": null, "healthcare": null, "was:shop": null, "check_date:opening_hours": null, "contact:phone": null, "toilets:access": null, "isced:level": null, "loc_name": null, "max_age": null, "min_age": null, "ref:edubase": null, "ref:edubase:group": null, "religion": null, "school": null, "school:boarding": null, "school:gender": null, "school:group:type": null, "school:type": null, "power": null, "bicycle_parking": null, "covered": null, "food": null, "bench": null, "shelter_type": null, "payment:credit_cards": null, "payment:debit_cards": null, "construction": null, "fixme": null }, "geometry": { "type": "Polygon", "coordinates": [ [ [ 430799.974733512266539, 432678.991973143187352 ], [ 430786.60809841111768, 432738.096521177212708 ], [ 430805.646535601525102, 432742.38263947959058 ], [ 430817.194852559594437, 432691.332816317211837 ], [ 430799.974733512266539, 432678.991973143187352 ] ] ] } },
{ "type": "Feature", "properties": { "addr:city": null, "addr:housename": null, "addr:postcode": null, "addr:street": null, "addr:suburb": null, "addr:unit": null, "amenity": null, "brand": null, "brand:wikidata": null, "building": "yes", "cuisine": null, "fhrs:id": null, "internet_access": null, "name": null, "official_name": null, "opening_hours": null, "outdoor_seating": null, "phone": null, "source:addr": null, "takeaway": null, "toilets": null, "website": null, "osm_type": "way", "osm_id": 205990068, "postal_code": null, "building:levels": null, "elevator": null, "fee": null, "roof:shape": null, "source": null, "tourism": null, "wheelchair": null, "wikidata": null, "wikipedia": null, "industrial": null, "historic": null, "office": null, "old_name": null, "addr:housenumber": null, "brand:wikipedia": null, "email": null, "operator": null, "payment:american_express": null, "payment:cash": null, "payment:cheque": null, "payment:mastercard": null, "payment:visa": null, "shop": null, "contact:website": null, "addr:country": null, "alt_name": null, "opening_hours:service": null, "club": null, "leisure": null, "sport": null, "access": null, "operator:type": null, "parking": null, "clothes": null, "roof:levels": null, "ref:GB:uprn": null, "branch": null, "check_date": null, "capacity": null, "landuse": null, "rooms": null, "bridge": null, "layer": null, "disused:amenity": null, "operator:website": null, "operator:wikidata": null, "addr:county": null, "addr:town": null, "check_date:compressed_air": null, "compressed_air": null, "fuel:diesel": null, "fuel:octane_95": null, "healthcare": null, "was:shop": null, "check_date:opening_hours": null, "contact:phone": null, "toilets:access": null, "isced:level": null, "loc_name": null, "max_age": null, "min_age": null, "ref:edubase": null, "ref:edubase:group": null, "religion": null, "school": null, "school:boarding": null, "school:gender": null, "school:group:type": null, "school:type": null, "power": null, "bicycle_parking": null, "covered": null, "food": null, "bench": null, "shelter_type": null, "payment:credit_cards": null, "payment:debit_cards": null, "construction": null, "fixme": null }, "geometry": { "type": "Polygon", "coordinates": [ [ [ 430587.57909021578962, 432849.806190394447185 ], [ 430580.980815953982528, 432847.315416239202023 ], [ 430577.769874683814123, 432855.795037946547382 ], [ 430584.368211042834446, 432858.274681762326509 ], [ 430587.57909021578962, 432849.806190394447185 ] ] ] } },
{ "type": "Feature", "properties": { "addr:city": "Leeds", "addr:housename": "Crowd Point Shopping Park", "addr:postcode": "LS10 1ET", "addr:street": "Junction Street", "addr:suburb": null, "addr:unit": null, "amenity": null, "brand": "Bensons for Beds", "brand:wikidata": "Q4890299", "building": "yes", "cuisine": null, "fhrs:id": null, "internet_access": null, "name": "Bensons for Beds", "official_name": null, "opening_hours": "Mo-Fr 10:00-20:00; Sa 09:00-18:00; Su 10:00-17:00", "outdoor_seating": null, "phone": null, "source:addr": null, "takeaway": null, "toilets": null, "website": "https://stores.bensonsforbeds.co.uk/leeds/unit-2-crown-point-rp", "osm_type": "way", "osm_id": 207226793, "postal_code": null, "building:levels": null, "elevator": null, "fee": null, "roof:shape": null, "source": null, "tourism": null, "wheelchair": null, "wikidata": null, "wikipedia": null, "industrial": null, "historic": null, "office": null, "old_name": null, "addr:housenumber": null, "brand:wikipedia": "en:Bensons for Beds", "email": null, "operator": null, "payment:american_express": null, "payment:cash": null, "payment:cheque": null, "payment:mastercard": null, "payment:visa": null, "shop": "bed", "contact:website": null, "addr:country": null, "alt_name": null, "opening_hours:service": null, "club": null, "leisure": null, "sport": null, "access": null, "operator:type": null, "parking": null, "clothes": null, "roof:levels": null, "ref:GB:uprn": null, "branch": null, "check_date": "2024-09-26", "capacity": null, "landuse": null, "rooms": null, "bridge": null, "layer": null, "disused:amenity": null, "operator:website": null, "operator:wikidata": null, "addr:county": null, "addr:town": null, "check_date:compressed_air": null, "compressed_air": null, "fuel:diesel": null, "fuel:octane_95": null, "healthcare": null, "was:shop": null, "check_date:opening_hours": "2024-09-26", "contact:phone": null, "toilets:access": null, "isced:level": null, "loc_name": null, "max_age": null, "min_age": null, "ref:edubase": null, "ref:edubase:group": null, "religion": null, "school": null, "school:boarding": null, "school:gender": null, "school:group:type": null, "school:type": null, "power": null, "bicycle_parking": null, "covered": null, "food": null, "bench": null, "shelter_type": null, "payment:credit_cards": null, "payment:debit_cards": null, "construction": null, "fixme": null }, "geometry": { "type": "Polygon", "coordinates": [ [ [ 430284.483033394732047, 432727.543602029676549 ], [ 430288.041361567971762, 432759.109732156386599 ], [ 430311.894950671354309, 432756.437553483061492 ], [ 430308.336780928017106, 432724.871404796140268 ], [ 430284.483033394732047, 432727.543602029676549 ] ] ] } },
{ "type": "Feature", "properties": { "addr:city": "Leeds", "addr:housename": null, "addr:postcode": "LS10 1ET", "addr:street": "Junction Street", "addr:suburb": null, "addr:unit": null, "amenity": null, "brand": null, "brand:wikidata": null, "building": "yes", "cuisine": null, "fhrs:id": null, "internet_access": null, "name": null, "official_name": null, "opening_hours": null, "outdoor_seating": null, "phone": null, "source:addr": null, "takeaway": null, "toilets": null, "website": null, "osm_type": "way", "osm_id": 207226794, "postal_code": null, "building:levels": null, "elevator": null, "fee": null, "roof:shape": null, "source": null, "tourism": null, "wheelchair": null, "wikidata": null, "wikipedia": null, "industrial": null, "historic": null, "office": null, "old_name": "Clarks", "addr:housenumber": null, "brand:wikipedia": null, "email": null, "operator": null, "payment:american_express": null, "payment:cash": null, "payment:cheque": null, "payment:mastercard": null, "payment:visa": null, "shop": "vacant", "contact:website": null, "addr:country": null, "alt_name": null, "opening_hours:service": null, "club": null, "leisure": null, "sport": null, "access": null, "operator:type": null, "parking": null, "clothes": null, "roof:levels": null, "ref:GB:uprn": null, "branch": null, "check_date": null, "capacity": null, "landuse": null, "rooms": null, "bridge": null, "layer": null, "disused:amenity": null, "operator:website": null, "operator:wikidata": null, "addr:county": null, "addr:town": null, "check_date:compressed_air": null, "compressed_air": null, "fuel:diesel": null, "fuel:octane_95": null, "healthcare": null, "was:shop": null, "check_date:opening_hours": null, "contact:phone": null, "toilets:access": null, "isced:level": null, "loc_name": null, "max_age": null, "min_age": null, "ref:edubase": null, "ref:edubase:group": null, "religion": null, "school": null, "school:boarding": null, "school:gender": null, "school:group:type": null, "school:type": null, "power": null, "bicycle_parking": null, "covered": null, "food": null, "bench": null, "shelter_type": null, "payment:credit_cards": null, "payment:debit_cards": null, "construction": null, "fixme": null }, "geometry": { "type": "Polygon", "coordinates": [ [ [ 430409.181980100169312, 432615.31691807298921 ], [ 430409.016292695188895, 432636.834193304530345 ], [ 430448.669722621503752, 432637.202397988992743 ], [ 430448.835303861123975, 432615.729627029388212 ], [ 430409.181980100169312, 432615.31691807298921 ] ] ] } },
{ "type": "Feature", "properties": { "addr:city": "Leeds", "addr:housename": "Crowd Point Shopping Park", "addr:postcode": "LS10 1ET", "addr:street": "Junction Street", "addr:suburb": null, "addr:unit": null, "amenity": null, "brand": "Dreams", "brand:wikidata": "Q5306688", "building": "yes", "cuisine": null, "fhrs:id": null, "internet_access": null, "name": "Dreams", "official_name": null, "opening_hours": "Mo-Fr 10:00-20:00; Sa 09:00-18:00; Su 11:00-17:00", "outdoor_seating": null, "phone": "+44 113 539 6645", "source:addr": null, "takeaway": null, "toilets": null, "website": "https://www.dreams.co.uk/store/leeds-crown-point", "osm_type": "way", "osm_id": 207226795, "postal_code": null, "building:levels": null, "elevator": null, "fee": null, "roof:shape": null, "source": null, "tourism": null, "wheelchair": null, "wikidata": null, "wikipedia": null, "industrial": null, "historic": null, "office": null, "old_name": null, "addr:housenumber": null, "brand:wikipedia": "en:Dreams (bed retailer)", "email": null, "operator": null, "payment:american_express": null, "payment:cash": null, "payment:cheque": null, "payment:mastercard": null, "payment:visa": null, "shop": "bed", "contact:website": null, "addr:country": null, "alt_name": null, "opening_hours:service": null, "club": null, "leisure": null, "sport": null, "access": null, "operator:type": null, "parking": null, "clothes": null, "roof:levels": null, "ref:GB:uprn": null, "branch": null, "check_date": "2024-09-15", "capacity": null, "landuse": null, "rooms": null, "bridge": null, "layer": null, "disused:amenity": null, "operator:website": null, "operator:wikidata": null, "addr:county": null, "addr:town": null, "check_date:compressed_air": null, "compressed_air": null, "fuel:diesel": null, "fuel:octane_95": null, "healthcare": null, "was:shop": null, "check_date:opening_hours": "2024-09-15", "contact:phone": null, "toilets:access": null, "isced:level": null, "loc_name": null, "max_age": null, "min_age": null, "ref:edubase": null, "ref:edubase:group": null, "religion": null, "school": null, "school:boarding": null, "school:gender": null, "school:group:type": null, "school:type": null, "power": null, "bicycle_parking": null, "covered": null, "food": null, "bench": null, "shelter_type": null, "payment:credit_cards": null, "payment:debit_cards": null, "construction": null, "fixme": null }, "geometry": { "type": "Polygon", "coordinates": [ [ [ 430288.041361567971762, 432759.109732156386599 ], [ 430291.599638257466722, 432790.675866646924987 ], [ 430315.453068930306472, 432788.003706535091624 ], [ 430315.247589622042142, 432786.155406926176511 ], [ 430311.894950671354309, 432756.437553483061492 ], [ 430288.041361567971762, 432759.109732156386599 ] ] ] } },
{ "type": "Feature", "properties": { "addr:city": "Leeds", "addr:housename": "Crowd Point Shopping Park", "addr:postcode": "LS10 1ET", "addr:street": "Junction Street", "addr:suburb": null, "addr:unit": null, "amenity": null, "brand": "Sports Direct", "brand:wikidata": "Q7579661", "building": "yes", "cuisine": null, "fhrs:id": null, "internet_access": null, "name": "Sports Direct", "official_name": null, "opening_hours": null, "outdoor_seating": null, "phone": null, "source:addr": null, "takeaway": null, "toilets": null, "website": "https://www.sportsdirect.com/", "osm_type": "way", "osm_id": 207226797, "postal_code": null, "building:levels": null, "elevator": null, "fee": null, "roof:shape": null, "source": "Bing", "tourism": null, "wheelchair": null, "wikidata": null, "wikipedia": null, "industrial": null, "historic": null, "office": null, "old_name": null, "addr:housenumber": null, "brand:wikipedia": "en:SportsDirect.com", "email": null, "operator": null, "payment:american_express": null, "payment:cash": null, "payment:cheque": null, "payment:mastercard": null, "payment:visa": null, "shop": "sports", "contact:website": null, "addr:country": null, "alt_name": null, "opening_hours:service": null, "club": null, "leisure": null, "sport": null, "access": null, "operator:type": null, "parking": null, "clothes": null, "roof:levels": null, "ref:GB:uprn": null, "branch": null, "check_date": null, "capacity": null, "landuse": null, "rooms": null, "bridge": null, "layer": null, "disused:amenity": null, "operator:website": null, "operator:wikidata": null, "addr:county": null, "addr:town": null, "check_date:compressed_air": null, "compressed_air": null, "fuel:diesel": null, "fuel:octane_95": null, "healthcare": null, "was:shop": null, "check_date:opening_hours": null, "contact:phone": null, "toilets:access": null, "isced:level": null, "loc_name": null, "max_age": null, "min_age": null, "ref:edubase": null, "ref:edubase:group": null, "religion": null, "school": null, "school:boarding": null, "school:gender": null, "school:group:type": null, "school:type": null, "power": null, "bicycle_parking": null, "covered": null, "food": null, "bench": null, "shelter_type": null, "payment:credit_cards": null, "payment:debit_cards": null, "construction": null, "fixme": null }, "geometry": { "type": "Polygon", "coordinates": [ [ [ 430409.016292695188895, 432636.834193304530345 ], [ 430408.85060518363025, 432658.351469230721705 ], [ 430448.504213415144477, 432658.664043763768859 ], [ 430448.669722621503752, 432637.202397988992743 ], [ 430409.016292695188895, 432636.834193304530345 ] ] ] } },
{ "type": "Feature", "properties": { "addr:city": "Leeds", "addr:housename": null, "addr:postcode": "LS10 1JQ", "addr:street": "Hunslet Road", "addr:suburb": null, "addr:unit": null, "amenity": null, "brand": null, "brand:wikidata": null, "building": "yes", "cuisine": null, "fhrs:id": "639127", "internet_access": null, "name": null, "official_name": null, "opening_hours": null, "outdoor_seating": null, "phone": null, "source:addr": null, "takeaway": null, "toilets": null, "website": null, "osm_type": "way", "osm_id": 270901958, "postal_code": null, "building:levels": null, "elevator": null, "fee": null, "roof:shape": null, "source": null, "tourism": null, "wheelchair": null, "wikidata": "Q28451507", "wikipedia": null, "industrial": null, "historic": "yes", "office": null, "old_name": "The Tetley", "addr:housenumber": "17-33", "brand:wikipedia": null, "email": null, "operator": null, "payment:american_express": null, "payment:cash": null, "payment:cheque": null, "payment:mastercard": null, "payment:visa": null, "shop": null, "contact:website": null, "addr:country": null, "alt_name": null, "opening_hours:service": null, "club": null, "leisure": null, "sport": null, "access": null, "operator:type": null, "parking": null, "clothes": null, "roof:levels": null, "ref:GB:uprn": null, "branch": null, "check_date": null, "capacity": null, "landuse": null, "rooms": null, "bridge": null, "layer": null, "disused:amenity": null, "operator:website": null, "operator:wikidata": null, "addr:county": null, "addr:town": null, "check_date:compressed_air": null, "compressed_air": null, "fuel:diesel": null, "fuel:octane_95": null, "healthcare": null, "was:shop": null, "check_date:opening_hours": null, "contact:phone": null, "toilets:access": null, "isced:level": null, "loc_name": null, "max_age": null, "min_age": null, "ref:edubase": null, "ref:edubase:group": null, "religion": null, "school": null, "school:boarding": null, "school:gender": null, "school:group:type": null, "school:type": null, "power": null, "bicycle_parking": null, "covered": null, "food": null, "bench": null, "shelter_type": null, "payment:credit_cards": null, "payment:debit_cards": null, "construction": null, "fixme": null }, "geometry": { "type": "Polygon", "coordinates": [ [ [ 430413.764792588946875, 432974.816594478208572 ], [ 430433.092349409067538, 432978.101705626235344 ], [ 430434.633159639430232, 432970.089594070916064 ], [ 430436.092254137503915, 432962.488628333085217 ], [ 430439.153198560408782, 432946.608916438766755 ], [ 430427.278744575625751, 432945.018771439790726 ], [ 430422.953013478487264, 432945.636070976615883 ], [ 430419.481842782115564, 432947.560693391482346 ], [ 430417.732146722672042, 432951.209927453426644 ], [ 430414.484245057450607, 432970.537610031082295 ], [ 430413.764792588946875, 432974.816594478208572 ] ] ] } },
{ "type": "Feature", "properties": { "addr:city": null, "addr:housename": null, "addr:postcode": null, "addr:street": "Neptune Street", "addr:suburb": null, "addr:unit": null, "amenity": null, "brand": null, "brand:wikidata": null, "building": "detached", "cuisine": null, "fhrs:id": null, "internet_access": null, "name": null, "official_name": null, "opening_hours": null, "outdoor_seating": null, "phone": null, "source:addr": null, "takeaway": null, "toilets": null, "website": null, "osm_type": "way", "osm_id": 281511760, "postal_code": null, "building:levels": "2", "elevator": null, "fee": null, "roof:shape": null, "source": null, "tourism": null, "wheelchair": null, "wikidata": null, "wikipedia": null, "industrial": null, "historic": null, "office": null, "old_name": null, "addr:housenumber": "ICBlue Neptune House", "brand:wikipedia": null, "email": null, "operator": null, "payment:american_express": null, "payment:cash": null, "payment:cheque": null, "payment:mastercard": null, "payment:visa": null, "shop": null, "contact:website": null, "addr:country": null, "alt_name": null, "opening_hours:service": null, "club": null, "leisure": null, "sport": null, "access": null, "operator:type": null, "parking": null, "clothes": null, "roof:levels": null, "ref:GB:uprn": null, "branch": null, "check_date": null, "capacity": null, "landuse": null, "rooms": null, "bridge": null, "layer": null, "disused:amenity": null, "operator:website": null, "operator:wikidata": null, "addr:county": null, "addr:town": null, "check_date:compressed_air": null, "compressed_air": null, "fuel:diesel": null, "fuel:octane_95": null, "healthcare": null, "was:shop": null, "check_date:opening_hours": null, "contact:phone": null, "toilets:access": null, "isced:level": null, "loc_name": null, "max_age": null, "min_age": null, "ref:edubase": null, "ref:edubase:group": null, "religion": null, "school": null, "school:boarding": null, "school:gender": null, "school:group:type": null, "school:type": null, "power": null, "bicycle_parking": null, "covered": null, "food": null, "bench": null, "shelter_type": null, "payment:credit_cards": null, "payment:debit_cards": null, "construction": null, "fixme": null }, "geometry": { "type": "Polygon", "coordinates": [ [ [ 430984.097112632472999, 433032.931168088922277 ], [ 430993.785555742215365, 433024.305423864396289 ], [ 430981.821224819635972, 433000.449420459452085 ], [ 430975.246397837705445, 433003.454663567594253 ], [ 430966.059267591277603, 433011.983615023898892 ], [ 430972.011009185109288, 433018.542921361397021 ], [ 430977.531095589976758, 433013.639233018038794 ], [ 430978.325831288821064, 433015.001892916858196 ], [ 430976.533315769513138, 433016.091576331527904 ], [ 430979.999228109954856, 433022.979410558007658 ], [ 430979.35721896024188, 433023.431355334003456 ], [ 430984.097112632472999, 433032.931168088922277 ] ] ] } },
{ "type": "Feature", "properties": { "addr:city": null, "addr:housename": null, "addr:postcode": null, "addr:street": null, "addr:suburb": null, "addr:unit": null, "amenity": null, "brand": null, "brand:wikidata": null, "building": "yes", "cuisine": null, "fhrs:id": null, "internet_access": null, "name": "Civica", "official_name": null, "opening_hours": null, "outdoor_seating": null, "phone": null, "source:addr": null, "takeaway": null, "toilets": null, "website": null, "osm_type": "way", "osm_id": 306745995, "postal_code": null, "building:levels": "2", "elevator": null, "fee": null, "roof:shape": null, "source": null, "tourism": null, "wheelchair": null, "wikidata": null, "wikipedia": null, "industrial": null, "historic": null, "office": null, "old_name": null, "addr:housenumber": null, "brand:wikipedia": null, "email": null, "operator": null, "payment:american_express": null, "payment:cash": null, "payment:cheque": null, "payment:mastercard": null, "payment:visa": null, "shop": null, "contact:website": null, "addr:country": null, "alt_name": null, "opening_hours:service": null, "club": null, "leisure": null, "sport": null, "access": null, "operator:type": null, "parking": null, "clothes": null, "roof:levels": null, "ref:GB:uprn": null, "branch": null, "check_date": null, "capacity": null, "landuse": null, "rooms": null, "bridge": null, "layer": null, "disused:amenity": null, "operator:website": null, "operator:wikidata": null, "addr:county": null, "addr:town": null, "check_date:compressed_air": null, "compressed_air": null, "fuel:diesel": null, "fuel:octane_95": null, "healthcare": null, "was:shop": null, "check_date:opening_hours": null, "contact:phone": null, "toilets:access": null, "isced:level": null, "loc_name": null, "max_age": null, "min_age": null, "ref:edubase": null, "ref:edubase:group": null, "religion": null, "school": null, "school:boarding": null, "school:gender": null, "school:group:type": null, "school:type": null, "power": null, "bicycle_parking": null, "covered": null, "food": null, "bench": null, "shelter_type": null, "payment:credit_cards": null, "payment:debit_cards": null, "construction": null, "fixme": null }, "geometry": { "type": "Polygon", "coordinates": [ [ [ 430052.761410222039558, 432530.54300652933307 ], [ 430047.677360185538419, 432546.654785974067636 ], [ 430064.010475018294528, 432551.788416869938374 ], [ 430062.997198607306927, 432554.663650999427773 ], [ 430064.20256867230637, 432556.7742442417657 ], [ 430066.917400035483297, 432557.748488932498731 ], [ 430069.249400139204226, 432556.773175566457212 ], [ 430070.164995594648644, 432553.719295964343473 ], [ 430115.534647419000976, 432567.962434750050306 ], [ 430120.618981247476768, 432551.839601936750114 ], [ 430052.761410222039558, 432530.54300652933307 ] ] ] } },
{ "type": "Feature", "properties": { "addr:city": null, "addr:housename": null, "addr:postcode": null, "addr:street": null, "addr:suburb": null, "addr:unit": null, "amenity": null, "brand": null, "brand:wikidata": null, "building": "commercial", "cuisine": null, "fhrs:id": null, "internet_access": null, "name": "Livingstone House", "official_name": null, "opening_hours": null, "outdoor_seating": null, "phone": null, "source:addr": null, "takeaway": null, "toilets": null, "website": null, "osm_type": "way", "osm_id": 352759922, "postal_code": null, "building:levels": null, "elevator": null, "fee": null, "roof:shape": null, "source": null, "tourism": null, "wheelchair": null, "wikidata": null, "wikipedia": null, "industrial": null, "historic": null, "office": null, "old_name": null, "addr:housenumber": null, "brand:wikipedia": null, "email": null, "operator": null, "payment:american_express": null, "payment:cash": null, "payment:cheque": null, "payment:mastercard": null, "payment:visa": null, "shop": null, "contact:website": null, "addr:country": null, "alt_name": null, "opening_hours:service": null, "club": null, "leisure": null, "sport": null, "access": null, "operator:type": null, "parking": null, "clothes": null, "roof:levels": null, "ref:GB:uprn": null, "branch": null, "check_date": null, "capacity": null, "landuse": null, "rooms": null, "bridge": null, "layer": null, "disused:amenity": null, "operator:website": null, "operator:wikidata": null, "addr:county": null, "addr:town": null, "check_date:compressed_air": null, "compressed_air": null, "fuel:diesel": null, "fuel:octane_95": null, "healthcare": null, "was:shop": null, "check_date:opening_hours": null, "contact:phone": null, "toilets:access": null, "isced:level": null, "loc_name": null, "max_age": null, "min_age": null, "ref:edubase": null, "ref:edubase:group": null, "religion": null, "school": null, "school:boarding": null, "school:gender": null, "school:group:type": null, "school:type": null, "power": null, "bicycle_parking": null, "covered": null, "food": null, "bench": null, "shelter_type": null, "payment:credit_cards": null, "payment:debit_cards": null, "construction": null, "fixme": null }, "geometry": { "type": "Polygon", "coordinates": [ [ [ 430802.480330756690819, 432825.319974723039195 ], [ 430799.01152723073028, 432840.90749854024034 ], [ 430800.991632007237058, 432841.354414828820154 ], [ 430799.545648775820155, 432847.864974721916951 ], [ 430797.381305245624389, 432847.383471538079903 ], [ 430793.891967717907391, 432863.093254578998312 ], [ 430806.387633512204047, 432866.412990050623193 ], [ 430805.936028925119899, 432867.967717119725421 ], [ 430805.054207364912145, 432867.817289130296558 ], [ 430804.030155908432789, 432871.270867861341685 ], [ 430812.128171801217832, 432873.093091660295613 ], [ 430812.998591302486602, 432869.961170817143284 ], [ 430812.361615435394924, 432869.645452842232771 ], [ 430812.806634172273334, 432868.090683150454424 ], [ 430813.582611948484555, 432868.307176154106855 ], [ 430828.083581604179926, 432871.239581079222262 ], [ 430831.07220535055967, 432855.548787194420584 ], [ 430829.249925730924588, 432855.147399738663808 ], [ 430830.763726352306549, 432848.348008566419594 ], [ 430832.908302555733826, 432848.829397430294193 ], [ 430836.486054160923231, 432832.719674187828787 ], [ 430817.006770018313546, 432828.408279786002822 ], [ 430818.188981281418819, 432826.958486150251701 ], [ 430819.039138043182902, 432823.904318027081899 ], [ 430811.874769435147755, 432822.355242224992253 ], [ 430811.316017792792991, 432825.177670256933197 ], [ 430811.624369502358604, 432827.382712175603956 ], [ 430802.480330756690819, 432825.319974723039195 ] ] ] } },
{ "type": "Feature", "properties": { "addr:city": "Leeds", "addr:housename": null, "addr:postcode": null, "addr:street": null, "addr:suburb": null, "addr:unit": null, "amenity": null, "brand": null, "brand:wikidata": null, "building": "yes", "cuisine": null, "fhrs:id": null, "internet_access": null, "name": "Leeds Museums Discovery Centre", "official_name": null, "opening_hours": "\"by appointment only\"", "outdoor_seating": null, "phone": null, "source:addr": null, "takeaway": null, "toilets": null, "website": "https://www.leeds.gov.uk/museumsandgalleries/Pages/discoverycentre.aspx", "osm_type": "way", "osm_id": 402538585, "postal_code": null, "building:levels": null, "elevator": null, "fee": "no", "roof:shape": null, "source": null, "tourism": "museum", "wheelchair": null, "wikidata": "Q69789812", "wikipedia": "en:Leeds Discovery Centre", "industrial": null, "historic": null, "office": null, "old_name": null, "addr:housenumber": null, "brand:wikipedia": null, "email": null, "operator": null, "payment:american_express": null, "payment:cash": null, "payment:cheque": null, "payment:mastercard": null, "payment:visa": null, "shop": null, "contact:website": null, "addr:country": null, "alt_name": null, "opening_hours:service": null, "club": null, "leisure": null, "sport": null, "access": null, "operator:type": null, "parking": null, "clothes": null, "roof:levels": null, "ref:GB:uprn": null, "branch": null, "check_date": null, "capacity": null, "landuse": null, "rooms": null, "bridge": null, "layer": null, "disused:amenity": null, "operator:website": null, "operator:wikidata": null, "addr:county": null, "addr:town": null, "check_date:compressed_air": null, "compressed_air": null, "fuel:diesel": null, "fuel:octane_95": null, "healthcare": null, "was:shop": null, "check_date:opening_hours": null, "contact:phone": null, "toilets:access": null, "isced:level": null, "loc_name": null, "max_age": null, "min_age": null, "ref:edubase": null, "ref:edubase:group": null, "religion": null, "school": null, "school:boarding": null, "school:gender": null, "school:group:type": null, "school:type": null, "power": null, "bicycle_parking": null, "covered": null, "food": null, "bench": null, "shelter_type": null, "payment:credit_cards": null, "payment:debit_cards": null, "construction": null, "fixme": null }, "geometry": { "type": "Polygon", "coordinates": [ [ [ 430973.351761991798412, 432592.556825992767699 ], [ 430976.112642602995038, 432585.520927611156367 ], [ 430979.234128413721919, 432586.743166133761406 ], [ 430991.282804671383929, 432556.058294050628319 ], [ 431040.596078607486561, 432575.321067965356633 ], [ 431025.792765134887304, 432613.041726315044798 ], [ 430973.351761991798412, 432592.556825992767699 ] ] ] } },
{ "type": "Feature", "properties": { "addr:city": null, "addr:housename": null, "addr:postcode": null, "addr:street": null, "addr:suburb": null, "addr:unit": null, "amenity": null, "brand": null, "brand:wikidata": null, "building": "commercial", "cuisine": null, "fhrs:id": null, "internet_access": null, "name": null, "official_name": null, "opening_hours": null, "outdoor_seating": null, "phone": null, "source:addr": null, "takeaway": null, "toilets": null, "website": null, "osm_type": "way", "osm_id": 438387923, "postal_code": null, "building:levels": null, "elevator": null, "fee": null, "roof:shape": null, "source": null, "tourism": null, "wheelchair": null, "wikidata": null, "wikipedia": null, "industrial": null, "historic": null, "office": null, "old_name": null, "addr:housenumber": null, "brand:wikipedia": null, "email": null, "operator": null, "payment:american_express": null, "payment:cash": null, "payment:cheque": null, "payment:mastercard": null, "payment:visa": null, "shop": null, "contact:website": null, "addr:country": null, "alt_name": null, "opening_hours:service": null, "club": null, "leisure": null, "sport": null, "access": null, "operator:type": null, "parking": null, "clothes": null, "roof:levels": null, "ref:GB:uprn": null, "branch": null, "check_date": null, "capacity": null, "landuse": null, "rooms": null, "bridge": null, "layer": null, "disused:amenity": null, "operator:website": null, "operator:wikidata": null, "addr:county": null, "addr:town": null, "check_date:compressed_air": null, "compressed_air": null, "fuel:diesel": null, "fuel:octane_95": null, "healthcare": null, "was:shop": null, "check_date:opening_hours": null, "contact:phone": null, "toilets:access": null, "isced:level": null, "loc_name": null, "max_age": null, "min_age": null, "ref:edubase": null, "ref:edubase:group": null, "religion": null, "school": null, "school:boarding": null, "school:gender": null, "school:group:type": null, "school:type": null, "power": null, "bicycle_parking": null, "covered": null, "food": null, "bench": null, "shelter_type": null, "payment:credit_cards": null, "payment:debit_cards": null, "construction": null, "fixme": null }, "geometry": { "type": "Polygon", "coordinates": [ [ [ 431081.227656950242817, 432693.762896209373139 ], [ 431072.444169005786534, 432711.86298475775402 ], [ 431064.517994767462369, 432707.938567345147021 ], [ 431056.999605852004606, 432723.042936758720316 ], [ 430897.931312361790333, 432646.890640301047824 ], [ 430904.736314356327057, 432633.005224925116636 ], [ 430950.383482937060762, 432651.642104831873439 ], [ 430958.451562241418287, 432634.071140887681395 ], [ 431047.056323980796151, 432676.435617992188781 ], [ 431054.943388862127904, 432659.38655859453138 ], [ 431083.304153094941285, 432673.682434547576122 ], [ 431075.417007604730316, 432690.731446776189841 ], [ 431081.227656950242817, 432693.762896209373139 ] ] ] } },
{ "type": "Feature", "properties": { "addr:city": null, "addr:housename": null, "addr:postcode": null, "addr:street": null, "addr:suburb": null, "addr:unit": null, "amenity": null, "brand": null, "brand:wikidata": null, "building": "commercial", "cuisine": null, "fhrs:id": null, "internet_access": null, "name": null, "official_name": null, "opening_hours": null, "outdoor_seating": null, "phone": null, "source:addr": null, "takeaway": null, "toilets": null, "website": null, "osm_type": "way", "osm_id": 438388245, "postal_code": null, "building:levels": null, "elevator": null, "fee": null, "roof:shape": null, "source": null, "tourism": null, "wheelchair": null, "wikidata": null, "wikipedia": null, "industrial": null, "historic": null, "office": null, "old_name": null, "addr:housenumber": null, "brand:wikipedia": null, "email": null, "operator": null, "payment:american_express": null, "payment:cash": null, "payment:cheque": null, "payment:mastercard": null, "payment:visa": null, "shop": null, "contact:website": null, "addr:country": null, "alt_name": null, "opening_hours:service": null, "club": null, "leisure": null, "sport": null, "access": null, "operator:type": null, "parking": null, "clothes": null, "roof:levels": null, "ref:GB:uprn": null, "branch": null, "check_date": null, "capacity": null, "landuse": null, "rooms": null, "bridge": null, "layer": null, "disused:amenity": null, "operator:website": null, "operator:wikidata": null, "addr:county": null, "addr:town": null, "check_date:compressed_air": null, "compressed_air": null, "fuel:diesel": null, "fuel:octane_95": null, "healthcare": null, "was:shop": null, "check_date:opening_hours": null, "contact:phone": null, "toilets:access": null, "isced:level": null, "loc_name": null, "max_age": null, "min_age": null, "ref:edubase": null, "ref:edubase:group": null, "religion": null, "school": null, "school:boarding": null, "school:gender": null, "school:group:type": null, "school:type": null, "power": null, "bicycle_parking": null, "covered": null, "food": null, "bench": null, "shelter_type": null, "payment:credit_cards": null, "payment:debit_cards": null, "construction": null, "fixme": null }, "geometry": { "type": "Polygon", "coordinates": [ [ [ 430899.699803049734328, 432529.318963839788921 ], [ 430864.104157996654976, 432561.006383158732206 ], [ 430865.610492301872, 432566.390312437782995 ], [ 430878.375548820651602, 432566.930413516121916 ], [ 430888.58558513247408, 432558.252247834694572 ], [ 430885.541130985773634, 432553.325501199811697 ], [ 430896.684698069351725, 432542.962287210044451 ], [ 430901.421313138736878, 432548.055944969411939 ], [ 430911.461739459249657, 432542.136048269225284 ], [ 430899.699803049734328, 432529.318963839788921 ] ] ] } },
{ "type": "Feature", "properties": { "addr:city": "Leeds", "addr:housename": null, "addr:postcode": null, "addr:street": "Sayner Lane", "addr:suburb": null, "addr:unit": null, "amenity": null, "brand": null, "brand:wikidata": null, "building": "commercial", "cuisine": null, "fhrs:id": null, "internet_access": null, "name": "Sayner Lane Motors", "official_name": null, "opening_hours": null, "outdoor_seating": null, "phone": null, "source:addr": null, "takeaway": null, "toilets": null, "website": null, "osm_type": "way", "osm_id": 438390222, "postal_code": null, "building:levels": null, "elevator": null, "fee": null, "roof:shape": null, "source": null, "tourism": null, "wheelchair": null, "wikidata": null, "wikipedia": null, "industrial": null, "historic": null, "office": null, "old_name": null, "addr:housenumber": null, "brand:wikipedia": null, "email": null, "operator": null, "payment:american_express": null, "payment:cash": null, "payment:cheque": null, "payment:mastercard": null, "payment:visa": null, "shop": "car_repair", "contact:website": null, "addr:country": null, "alt_name": null, "opening_hours:service": null, "club": null, "leisure": null, "sport": null, "access": null, "operator:type": null, "parking": null, "clothes": null, "roof:levels": null, "ref:GB:uprn": null, "branch": null, "check_date": null, "capacity": null, "landuse": null, "rooms": null, "bridge": null, "layer": null, "disused:amenity": null, "operator:website": null, "operator:wikidata": null, "addr:county": null, "addr:town": null, "check_date:compressed_air": null, "compressed_air": null, "fuel:diesel": null, "fuel:octane_95": null, "healthcare": null, "was:shop": null, "check_date:opening_hours": null, "contact:phone": null, "toilets:access": null, "isced:level": null, "loc_name": null, "max_age": null, "min_age": null, "ref:edubase": null, "ref:edubase:group": null, "religion": null, "school": null, "school:boarding": null, "school:gender": null, "school:group:type": null, "school:type": null, "power": null, "bicycle_parking": null, "covered": null, "food": null, "bench": null, "shelter_type": null, "payment:credit_cards": null, "payment:debit_cards": null, "construction": null, "fixme": null }, "geometry": { "type": "Polygon", "coordinates": [ [ [ 431012.06715570675442, 432441.716438365052454 ], [ 430969.65560237900354, 432441.703580919536762 ], [ 430969.778625520120841, 432468.007092697895132 ], [ 430981.157605408749077, 432467.959760220022872 ], [ 430981.08611452387413, 432453.828818730544299 ], [ 431012.126527717045974, 432453.677661783411168 ], [ 431012.06715570675442, 432441.716438365052454 ] ] ] } },
{ "type": "Feature", "properties": { "addr:city": null, "addr:housename": null, "addr:postcode": null, "addr:street": null, "addr:suburb": null, "addr:unit": null, "amenity": null, "brand": null, "brand:wikidata": null, "building": "yes", "cuisine": null, "fhrs:id": null, "internet_access": null, "name": null, "official_name": null, "opening_hours": null, "outdoor_seating": null, "phone": null, "source:addr": null, "takeaway": null, "toilets": null, "website": null, "osm_type": "way", "osm_id": 438393548, "postal_code": null, "building:levels": null, "elevator": null, "fee": null, "roof:shape": null, "source": null, "tourism": null, "wheelchair": null, "wikidata": null, "wikipedia": null, "industrial": null, "historic": null, "office": null, "old_name": null, "addr:housenumber": null, "brand:wikipedia": null, "email": null, "operator": null, "payment:american_express": null, "payment:cash": null, "payment:cheque": null, "payment:mastercard": null, "payment:visa": null, "shop": null, "contact:website": null, "addr:country": null, "alt_name": null, "opening_hours:service": null, "club": null, "leisure": null, "sport": null, "access": null, "operator:type": null, "parking": null, "clothes": null, "roof:levels": null, "ref:GB:uprn": null, "branch": null, "check_date": null, "capacity": null, "landuse": null, "rooms": null, "bridge": null, "layer": null, "disused:amenity": null, "operator:website": null, "operator:wikidata": null, "addr:county": null, "addr:town": null, "check_date:compressed_air": null, "compressed_air": null, "fuel:diesel": null, "fuel:octane_95": null, "healthcare": null, "was:shop": null, "check_date:opening_hours": null, "contact:phone": null, "toilets:access": null, "isced:level": null, "loc_name": null, "max_age": null, "min_age": null, "ref:edubase": null, "ref:edubase:group": null, "religion": null, "school": null, "school:boarding": null, "school:gender": null, "school:group:type": null, "school:type": null, "power": null, "bicycle_parking": null, "covered": null, "food": null, "bench": null, "shelter_type": null, "payment:credit_cards": null, "payment:debit_cards": null, "construction": null, "fixme": null }, "geometry": { "type": "Polygon", "coordinates": [ [ [ 430771.218714071146678, 432674.619939479744062 ], [ 430763.614278854627628, 432679.866258151247166 ], [ 430767.463790365844034, 432685.610424492508173 ], [ 430751.902564322343096, 432697.602836086764 ], [ 430757.384867999528069, 432707.541196243022569 ], [ 430753.194416813028511, 432731.724694884498604 ], [ 430741.394439338590018, 432715.669986481661908 ], [ 430748.08394451107597, 432692.170422690804116 ], [ 430745.738417263783049, 432689.162075884407386 ], [ 430741.698118737374898, 432683.372173201758415 ], [ 430764.714275751495734, 432666.833379436517134 ], [ 430771.218714071146678, 432674.619939479744062 ] ] ] } },
{ "type": "Feature", "properties": { "addr:city": "Leeds", "addr:housename": null, "addr:postcode": "LS10 1LJ", "addr:street": "Chadwick Street", "addr:suburb": null, "addr:unit": null, "amenity": null, "brand": null, "brand:wikidata": null, "building": "commercial", "cuisine": null, "fhrs:id": null, "internet_access": null, "name": "Jaywing & Epiphany", "official_name": null, "opening_hours": null, "outdoor_seating": null, "phone": "+44 800 019 9727", "source:addr": null, "takeaway": null, "toilets": null, "website": "https://www.epiphanysearch.co.uk/", "osm_type": "way", "osm_id": 438393549, "postal_code": null, "building:levels": null, "elevator": null, "fee": null, "roof:shape": null, "source": null, "tourism": null, "wheelchair": null, "wikidata": null, "wikipedia": null, "industrial": null, "historic": null, "office": null, "old_name": null, "addr:housenumber": null, "brand:wikipedia": null, "email": null, "operator": null, "payment:american_express": null, "payment:cash": null, "payment:cheque": null, "payment:mastercard": null, "payment:visa": null, "shop": null, "contact:website": null, "addr:country": null, "alt_name": null, "opening_hours:service": null, "club": null, "leisure": null, "sport": null, "access": null, "operator:type": null, "parking": null, "clothes": null, "roof:levels": null, "ref:GB:uprn": null, "branch": null, "check_date": null, "capacity": null, "landuse": null, "rooms": null, "bridge": null, "layer": null, "disused:amenity": null, "operator:website": null, "operator:wikidata": null, "addr:county": null, "addr:town": null, "check_date:compressed_air": null, "compressed_air": null, "fuel:diesel": null, "fuel:octane_95": null, "healthcare": null, "was:shop": null, "check_date:opening_hours": null, "contact:phone": null, "toilets:access": null, "isced:level": null, "loc_name": null, "max_age": null, "min_age": null, "ref:edubase": null, "ref:edubase:group": null, "religion": null, "school": null, "school:boarding": null, "school:gender": null, "school:group:type": null, "school:type": null, "power": null, "bicycle_parking": null, "covered": null, "food": null, "bench": null, "shelter_type": null, "payment:credit_cards": null, "payment:debit_cards": null, "construction": null, "fixme": null }, "geometry": { "type": "Polygon", "coordinates": [ [ [ 430773.985544394585304, 432670.64371049136389 ], [ 430773.267757334106136, 432671.595872856327333 ], [ 430772.249614959349856, 432672.134391992003657 ], [ 430770.036737404938322, 432672.008627667673863 ], [ 430768.645451687218156, 432671.176161129027605 ], [ 430767.548562334734015, 432669.655790063086897 ], [ 430767.382055206981022, 432667.918988079065457 ], [ 430767.39350016991375, 432666.172225711983629 ], [ 430768.568346056505106, 432664.844761256943457 ], [ 430770.266087201947812, 432664.15492554102093 ], [ 430771.95148094301112, 432664.343991384608671 ], [ 430772.654051078949124, 432663.703266975935549 ], [ 430773.25067490641959, 432662.138361094053835 ], [ 430773.897743865498342, 432660.918702814728022 ], [ 430776.00314929347951, 432660.353930679964833 ], [ 430778.214500841044355, 432660.713341175229289 ], [ 430779.601995834731497, 432662.124356028973125 ], [ 430780.057574034144636, 432663.985443152021617 ], [ 430780.107751164527144, 432665.376566158607602 ], [ 430779.725664626748767, 432666.375433425419033 ], [ 430779.046456446289085, 432667.472490375861526 ], [ 430777.169377493788488, 432668.383674549055286 ], [ 430775.716830065590329, 432667.851215913775377 ], [ 430774.134248632297385, 432669.064742932096124 ], [ 430773.985544394585304, 432670.64371049136389 ] ] ] } },
{ "type": "Feature", "properties": { "addr:city": "Leeds", "addr:housename": null, "addr:postcode": "LS10 1NH", "addr:street": "Chadwick Street", "addr:suburb": null, "addr:unit": null, "amenity": null, "brand": null, "brand:wikidata": null, "building": "apartments", "cuisine": null, "fhrs:id": null, "internet_access": null, "name": "La Salle", "official_name": null, "opening_hours": null, "outdoor_seating": null, "phone": null, "source:addr": null, "takeaway": null, "toilets": null, "website": null, "osm_type": "way", "osm_id": 438393949, "postal_code": null, "building:levels": null, "elevator": null, "fee": null, "roof:shape": null, "source": null, "tourism": null, "wheelchair": null, "wikidata": null, "wikipedia": null, "industrial": null, "historic": null, "office": null, "old_name": null, "addr:housenumber": null, "brand:wikipedia": null, "email": null, "operator": null, "payment:american_express": null, "payment:cash": null, "payment:cheque": null, "payment:mastercard": null, "payment:visa": null, "shop": null, "contact:website": null, "addr:country": null, "alt_name": null, "opening_hours:service": null, "club": null, "leisure": null, "sport": null, "access": null, "operator:type": null, "parking": null, "clothes": null, "roof:levels": null, "ref:GB:uprn": null, "branch": null, "check_date": null, "capacity": null, "landuse": null, "rooms": null, "bridge": null, "layer": null, "disused:amenity": null, "operator:website": null, "operator:wikidata": null, "addr:county": null, "addr:town": null, "check_date:compressed_air": null, "compressed_air": null, "fuel:diesel": null, "fuel:octane_95": null, "healthcare": null, "was:shop": null, "check_date:opening_hours": null, "contact:phone": null, "toilets:access": null, "isced:level": null, "loc_name": null, "max_age": null, "min_age": null, "ref:edubase": null, "ref:edubase:group": null, "religion": null, "school": null, "school:boarding": null, "school:gender": null, "school:group:type": null, "school:type": null, "power": null, "bicycle_parking": null, "covered": null, "food": null, "bench": null, "shelter_type": null, "payment:credit_cards": null, "payment:debit_cards": null, "construction": null, "fixme": null }, "geometry": { "type": "Polygon", "coordinates": [ [ [ 430824.469906471320428, 432813.547948928084224 ], [ 430811.406016900553368, 432810.458091577631421 ], [ 430812.855913951876573, 432804.359236295218579 ], [ 430806.310778868675698, 432802.814232903998345 ], [ 430808.23496689053718, 432794.715743973851204 ], [ 430813.68153295625234, 432796.008760859142058 ], [ 430818.586950435419567, 432775.357058661058545 ], [ 430812.548320187081117, 432773.926634913077578 ], [ 430814.716414645139594, 432764.806124596158043 ], [ 430820.945815461804159, 432766.282308602356352 ], [ 430825.932468329090625, 432745.308483307482675 ], [ 430820.40034811955411, 432743.99263856257312 ], [ 430822.100970724655781, 432736.83842837146949 ], [ 430828.922452120285016, 432738.452025270787999 ], [ 430830.480796321120579, 432731.897707100724801 ], [ 430842.788440251373686, 432734.804626220604405 ], [ 430841.101180508034304, 432741.925537898787297 ], [ 430855.257245129556395, 432745.267432560096495 ], [ 430851.747503994090948, 432760.031298375222832 ], [ 430838.762391454074532, 432756.964136514230631 ], [ 430830.448591861582827, 432791.990942780277692 ], [ 430842.986289683554787, 432794.955006565200165 ], [ 430841.475378370552789, 432801.309358295868151 ], [ 430839.618841238610912, 432809.130119587644003 ], [ 430826.265518339700066, 432805.971561709186062 ], [ 430824.469906471320428, 432813.547948928084224 ] ] ] } },
{ "type": "Feature", "properties": { "addr:city": "Leeds", "addr:housename": null, "addr:postcode": "LS10 1LA", "addr:street": "Sayner Road", "addr:suburb": "Hunslet", "addr:unit": null, "amenity": "school", "brand": null, "brand:wikidata": null, "building": "college", "cuisine": null, "fhrs:id": "1075903", "internet_access": null, "name": "University Technical College Leeds", "official_name": null, "opening_hours": null, "outdoor_seating": null, "phone": "+44 113 3530140", "source:addr": "FHRS Open Data", "takeaway": null, "toilets": null, "website": "https://www.utcleeds.co.uk/", "osm_type": "way", "osm_id": 448484749, "postal_code": null, "building:levels": null, "elevator": null, "fee": null, "roof:shape": null, "source": null, "tourism": null, "wheelchair": null, "wikidata": "Q27963371", "wikipedia": "en:University Technical College Leeds", "industrial": null, "historic": null, "office": null, "old_name": null, "addr:housenumber": "2", "brand:wikipedia": null, "email": null, "operator": "Resilience Multi Academy Trust", "payment:american_express": null, "payment:cash": null, "payment:cheque": null, "payment:mastercard": null, "payment:visa": null, "shop": null, "contact:website": null, "addr:country": null, "alt_name": "UTC Leeds", "opening_hours:service": null, "club": null, "leisure": null, "sport": null, "access": null, "operator:type": "private", "parking": null, "clothes": null, "roof:levels": null, "ref:GB:uprn": "72548513", "branch": null, "check_date": "2025-08-05", "capacity": "600", "landuse": null, "rooms": null, "bridge": null, "layer": null, "disused:amenity": null, "operator:website": null, "operator:wikidata": "Q63759120", "addr:county": null, "addr:town": null, "check_date:compressed_air": null, "compressed_air": null, "fuel:diesel": null, "fuel:octane_95": null, "healthcare": null, "was:shop": null, "check_date:opening_hours": null, "contact:phone": null, "toilets:access": null, "isced:level": "3", "loc_name": "UTC Leeds", "max_age": "19", "min_age": "14", "ref:edubase": "142604", "ref:edubase:group": "4386", "religion": "none", "school": "secondary", "school:boarding": "no", "school:gender": "mixed", "school:group:type": "multi_academy_trust", "school:type": "university_technical_college", "power": null, "bicycle_parking": null, "covered": null, "food": null, "bench": null, "shelter_type": null, "payment:credit_cards": null, "payment:debit_cards": null, "construction": null, "fixme": null }, "geometry": { "type": "Polygon", "coordinates": [ [ [ 430842.563105546694715, 432532.381391229107976 ], [ 430786.594345321471337, 432493.984264208935201 ], [ 430770.0499103841139, 432517.163281268905848 ], [ 430775.815097647777293, 432521.16204103117343 ], [ 430774.028173328260891, 432542.490670769708231 ], [ 430836.336564628989436, 432560.523550298297778 ], [ 430837.799047307344154, 432551.520808646571822 ], [ 430835.219860001874622, 432549.979561831103638 ], [ 430841.52744752675062, 432540.596963502583094 ], [ 430838.339561696047895, 432538.439767984091304 ], [ 430842.563105546694715, 432532.381391229107976 ] ] ] } },
{ "type": "Feature", "properties": { "addr:city": "Leeds", "addr:housename": "Crowd Point Shopping Park", "addr:postcode": "LS10 1ET", "addr:street": "Junction Street", "addr:suburb": null, "addr:unit": null, "amenity": null, "brand": "TK Maxx", "brand:wikidata": "Q23823668", "building": "yes", "cuisine": null, "fhrs:id": "321459", "internet_access": null, "name": "TK Maxx", "official_name": null, "opening_hours": null, "outdoor_seating": null, "phone": null, "source:addr": null, "takeaway": null, "toilets": null, "website": null, "osm_type": "way", "osm_id": 449855864, "postal_code": null, "building:levels": null, "elevator": null, "fee": null, "roof:shape": null, "source": "Bing", "tourism": null, "wheelchair": null, "wikidata": null, "wikipedia": null, "industrial": null, "historic": null, "office": null, "old_name": null, "addr:housenumber": null, "brand:wikipedia": "en:TK Maxx", "email": null, "operator": null, "payment:american_express": null, "payment:cash": null, "payment:cheque": null, "payment:mastercard": null, "payment:visa": null, "shop": "department_store", "contact:website": null, "addr:country": null, "alt_name": null, "opening_hours:service": null, "club": null, "leisure": null, "sport": null, "access": null, "operator:type": null, "parking": null, "clothes": null, "roof:levels": null, "ref:GB:uprn": null, "branch": null, "check_date": null, "capacity": null, "landuse": null, "rooms": null, "bridge": null, "layer": null, "disused:amenity": null, "operator:website": null, "operator:wikidata": null, "addr:county": null, "addr:town": null, "check_date:compressed_air": null, "compressed_air": null, "fuel:diesel": null, "fuel:octane_95": null, "healthcare": null, "was:shop": null, "check_date:opening_hours": null, "contact:phone": null, "toilets:access": null, "isced:level": null, "loc_name": null, "max_age": null, "min_age": null, "ref:edubase": null, "ref:edubase:group": null, "religion": null, "school": null, "school:boarding": null, "school:gender": null, "school:group:type": null, "school:type": null, "power": null, "bicycle_parking": null, "covered": null, "food": null, "bench": null, "shelter_type": null, "payment:credit_cards": null, "payment:debit_cards": null, "construction": null, "fixme": null }, "geometry": { "type": "Polygon", "coordinates": [ [ [ 430461.970163964433596, 432699.407041916740127 ], [ 430409.383140327117871, 432699.221980261732824 ], [ 430409.922248301736545, 432740.092536554206163 ], [ 430461.870135757431854, 432740.217831013258547 ], [ 430461.939004136656877, 432712.335653832415119 ], [ 430461.970163964433596, 432699.407041916740127 ] ] ] } },
{ "type": "Feature", "properties": { "addr:city": null, "addr:housename": null, "addr:postcode": null, "addr:street": null, "addr:suburb": null, "addr:unit": null, "amenity": null, "brand": null, "brand:wikidata": null, "building": "industrial", "cuisine": null, "fhrs:id": null, "internet_access": null, "name": null, "official_name": null, "opening_hours": null, "outdoor_seating": null, "phone": null, "source:addr": null, "takeaway": null, "toilets": null, "website": null, "osm_type": "way", "osm_id": 452323573, "postal_code": null, "building:levels": "1", "elevator": null, "fee": null, "roof:shape": null, "source": null, "tourism": null, "wheelchair": null, "wikidata": null, "wikipedia": null, "industrial": null, "historic": null, "office": null, "old_name": null, "addr:housenumber": null, "brand:wikipedia": null, "email": null, "operator": null, "payment:american_express": null, "payment:cash": null, "payment:cheque": null, "payment:mastercard": null, "payment:visa": null, "shop": null, "contact:website": null, "addr:country": null, "alt_name": null, "opening_hours:service": null, "club": null, "leisure": null, "sport": null, "access": null, "operator:type": null, "parking": null, "clothes": null, "roof:levels": null, "ref:GB:uprn": null, "branch": null, "check_date": null, "capacity": null, "landuse": null, "rooms": null, "bridge": null, "layer": null, "disused:amenity": null, "operator:website": null, "operator:wikidata": null, "addr:county": null, "addr:town": null, "check_date:compressed_air": null, "compressed_air": null, "fuel:diesel": null, "fuel:octane_95": null, "healthcare": null, "was:shop": null, "check_date:opening_hours": null, "contact:phone": null, "toilets:access": null, "isced:level": null, "loc_name": null, "max_age": null, "min_age": null, "ref:edubase": null, "ref:edubase:group": null, "religion": null, "school": null, "school:boarding": null, "school:gender": null, "school:group:type": null, "school:type": null, "power": null, "bicycle_parking": null, "covered": null, "food": null, "bench": null, "shelter_type": null, "payment:credit_cards": null, "payment:debit_cards": null, "construction": null, "fixme": null }, "geometry": { "type": "Polygon", "coordinates": [ [ [ 430112.197080212761648, 432924.050622488954104 ], [ 430132.824956359341741, 432925.985413584392518 ], [ 430133.63093575584935, 432917.423302334500477 ], [ 430113.155468304816168, 432915.344843000173569 ], [ 430112.197080212761648, 432924.050622488954104 ] ] ] } },
{ "type": "Feature", "properties": { "addr:city": "Leeds", "addr:housename": null, "addr:postcode": "LS10 1EL", "addr:street": "Crown Point Road", "addr:suburb": null, "addr:unit": null, "amenity": null, "brand": null, "brand:wikidata": null, "building": "yes", "cuisine": null, "fhrs:id": null, "internet_access": null, "name": "Indigo Blu", "official_name": null, "opening_hours": null, "outdoor_seating": null, "phone": null, "source:addr": null, "takeaway": null, "toilets": null, "website": "http://www.indigo-blu.co.uk", "osm_type": "way", "osm_id": 461387286, "postal_code": null, "building:levels": null, "elevator": null, "fee": null, "roof:shape": null, "source": null, "tourism": null, "wheelchair": null, "wikidata": null, "wikipedia": null, "industrial": null, "historic": null, "office": null, "old_name": null, "addr:housenumber": "14", "brand:wikipedia": null, "email": null, "operator": null, "payment:american_express": null, "payment:cash": null, "payment:cheque": null, "payment:mastercard": null, "payment:visa": null, "shop": null, "contact:website": null, "addr:country": null, "alt_name": null, "opening_hours:service": null, "club": null, "leisure": null, "sport": null, "access": null, "operator:type": null, "parking": null, "clothes": null, "roof:levels": null, "ref:GB:uprn": null, "branch": null, "check_date": null, "capacity": null, "landuse": null, "rooms": null, "bridge": null, "layer": null, "disused:amenity": null, "operator:website": null, "operator:wikidata": null, "addr:county": null, "addr:town": null, "check_date:compressed_air": null, "compressed_air": null, "fuel:diesel": null, "fuel:octane_95": null, "healthcare": null, "was:shop": null, "check_date:opening_hours": null, "contact:phone": null, "toilets:access": null, "isced:level": null, "loc_name": null, "max_age": null, "min_age": null, "ref:edubase": null, "ref:edubase:group": null, "religion": null, "school": null, "school:boarding": null, "school:gender": null, "school:group:type": null, "school:type": null, "power": null, "bicycle_parking": null, "covered": null, "food": null, "bench": null, "shelter_type": null, "payment:credit_cards": null, "payment:debit_cards": null, "construction": null, "fixme": null }, "geometry": { "type": "Polygon", "coordinates": [ [ [ 430470.378398201835807, 432769.234912741347216 ], [ 430429.640883956628386, 432787.896666540764272 ], [ 430437.942869621911086, 432799.966926815221086 ], [ 430450.428395590628497, 432817.104564876644872 ], [ 430456.991513114131521, 432801.67037957708817 ], [ 430450.702623346005566, 432794.119309392990544 ], [ 430461.182637945923489, 432789.325066845398396 ], [ 430464.367708509671502, 432780.745062659843825 ], [ 430465.628626842633821, 432781.365192234399728 ], [ 430470.378398201835807, 432769.234912741347216 ] ] ] } },
{ "type": "Feature", "properties": { "addr:city": null, "addr:housename": null, "addr:postcode": null, "addr:street": null, "addr:suburb": null, "addr:unit": null, "amenity": null, "brand": null, "brand:wikidata": null, "building": "apartments", "cuisine": null, "fhrs:id": null, "internet_access": null, "name": null, "official_name": null, "opening_hours": null, "outdoor_seating": null, "phone": null, "source:addr": null, "takeaway": null, "toilets": null, "website": null, "osm_type": "way", "osm_id": 544734251, "postal_code": null, "building:levels": null, "elevator": null, "fee": null, "roof:shape": null, "source": null, "tourism": null, "wheelchair": null, "wikidata": null, "wikipedia": null, "industrial": null, "historic": null, "office": null, "old_name": null, "addr:housenumber": null, "brand:wikipedia": null, "email": null, "operator": null, "payment:american_express": null, "payment:cash": null, "payment:cheque": null, "payment:mastercard": null, "payment:visa": null, "shop": null, "contact:website": null, "addr:country": null, "alt_name": null, "opening_hours:service": null, "club": null, "leisure": null, "sport": null, "access": null, "operator:type": null, "parking": null, "clothes": null, "roof:levels": null, "ref:GB:uprn": null, "branch": null, "check_date": null, "capacity": null, "landuse": null, "rooms": null, "bridge": null, "layer": null, "disused:amenity": null, "operator:website": null, "operator:wikidata": null, "addr:county": null, "addr:town": null, "check_date:compressed_air": null, "compressed_air": null, "fuel:diesel": null, "fuel:octane_95": null, "healthcare": null, "was:shop": null, "check_date:opening_hours": null, "contact:phone": null, "toilets:access": null, "isced:level": null, "loc_name": null, "max_age": null, "min_age": null, "ref:edubase": null, "ref:edubase:group": null, "religion": null, "school": null, "school:boarding": null, "school:gender": null, "school:group:type": null, "school:type": null, "power": null, "bicycle_parking": null, "covered": null, "food": null, "bench": null, "shelter_type": null, "payment:credit_cards": null, "payment:debit_cards": null, "construction": null, "fixme": null }, "geometry": { "type": "Polygon", "coordinates": [ [ [ 431014.08023553766543, 432997.780669605708681 ], [ 431016.448128368181642, 433003.33724081038963 ], [ 431021.079964026168454, 433001.264958463027142 ], [ 431018.632656141475309, 432995.763492050231434 ], [ 431031.192344329960179, 432990.316681599593721 ], [ 431035.601387889881153, 433000.025761065306142 ], [ 431029.733462405623868, 433002.724062524968758 ], [ 431031.822918793011922, 433007.544461540994234 ], [ 431037.67523710266687, 433005.213229596731253 ], [ 431044.560488327115308, 433021.024809705559164 ], [ 431059.24761382129509, 433014.646401003119536 ], [ 431046.28915995627176, 432983.762917620828375 ], [ 431050.788980442972388, 432981.734296942595392 ], [ 431073.869699833157938, 432971.316948121646419 ], [ 431075.714254443359096, 432971.329156251973473 ], [ 431077.13071608467726, 432972.317651688237675 ], [ 431079.48406179540325, 432974.091194720938802 ], [ 431081.57515026855981, 432975.673854617984034 ], [ 431079.350083589553833, 432978.40733759617433 ], [ 431082.804263597354293, 432981.078278655186296 ], [ 431085.063521728327032, 432978.155875459895469 ], [ 431094.456222878943663, 432985.383450518245809 ], [ 431104.277422060375102, 432972.675435619428754 ], [ 431091.33814989333041, 432962.798532135901041 ], [ 431089.279850055929273, 432961.238337772781961 ], [ 431086.893710231699515, 432959.442320014233701 ], [ 431082.980880538816564, 432956.390043376944959 ], [ 431077.569058268272784, 432954.863286328385584 ], [ 431072.09407537325751, 432954.916061382857151 ], [ 431066.57599501562072, 432956.503996005048975 ], [ 431066.211720704333857, 432955.800624760100618 ], [ 431043.379689936118666, 432965.463063208619133 ], [ 431045.16283834411297, 432969.780756264110096 ], [ 430995.87061776954215, 432991.874711444834247 ], [ 430994.702538490993902, 432989.185546739725396 ], [ 430992.11260772170499, 432990.314465752919205 ], [ 430993.175065235933289, 432993.036311674397439 ], [ 430994.833049156120978, 432992.36854826041963 ], [ 430999.341447724436875, 433004.003109669778496 ], [ 431014.08023553766543, 432997.780669605708681 ] ] ] } },
{ "type": "Feature", "properties": { "addr:city": "Leeds", "addr:housename": "Crowd Point Shopping Park", "addr:postcode": "LS10 1ET", "addr:street": "Junction Street", "addr:suburb": null, "addr:unit": null, "amenity": null, "brand": "Pets at Home", "brand:wikidata": "Q7179258", "building": "yes", "cuisine": null, "fhrs:id": null, "internet_access": null, "name": "Pets at Home", "official_name": null, "opening_hours": "Mo-Fr 09:00-20:00; Sa 09:00-19:00; Su 10:30-16:30", "outdoor_seating": null, "phone": null, "source:addr": null, "takeaway": null, "toilets": null, "website": "https://community.petsathome.com/store/leeds-crown-point/", "osm_type": "way", "osm_id": 616131232, "postal_code": null, "building:levels": null, "elevator": null, "fee": null, "roof:shape": null, "source": null, "tourism": null, "wheelchair": null, "wikidata": null, "wikipedia": null, "industrial": null, "historic": null, "office": null, "old_name": null, "addr:housenumber": null, "brand:wikipedia": "en:Pets at Home", "email": null, "operator": "Pets at Home Group PLC", "payment:american_express": null, "payment:cash": null, "payment:cheque": null, "payment:mastercard": null, "payment:visa": null, "shop": "pet", "contact:website": null, "addr:country": null, "alt_name": null, "opening_hours:service": null, "club": null, "leisure": null, "sport": null, "access": null, "operator:type": null, "parking": null, "clothes": null, "roof:levels": null, "ref:GB:uprn": null, "branch": null, "check_date": null, "capacity": null, "landuse": null, "rooms": null, "bridge": null, "layer": null, "disused:amenity": null, "operator:website": null, "operator:wikidata": null, "addr:county": null, "addr:town": null, "check_date:compressed_air": null, "compressed_air": null, "fuel:diesel": null, "fuel:octane_95": null, "healthcare": null, "was:shop": null, "check_date:opening_hours": null, "contact:phone": null, "toilets:access": null, "isced:level": null, "loc_name": null, "max_age": null, "min_age": null, "ref:edubase": null, "ref:edubase:group": null, "religion": null, "school": null, "school:boarding": null, "school:gender": null, "school:group:type": null, "school:type": null, "power": null, "bicycle_parking": null, "covered": null, "food": null, "bench": null, "shelter_type": null, "payment:credit_cards": null, "payment:debit_cards": null, "construction": null, "fixme": null }, "geometry": { "type": "Polygon", "coordinates": [ [ [ 430282.171242109616287, 432707.000592930708081 ], [ 430284.483033394732047, 432727.543602029676549 ], [ 430308.336780928017106, 432724.871404796140268 ], [ 430306.025092750089243, 432704.328383639804088 ], [ 430282.171242109616287, 432707.000592930708081 ] ] ] } },
{ "type": "Feature", "properties": { "addr:city": null, "addr:housename": null, "addr:postcode": null, "addr:street": null, "addr:suburb": null, "addr:unit": null, "amenity": null, "brand": null, "brand:wikidata": null, "building": "industrial", "cuisine": null, "fhrs:id": null, "internet_access": null, "name": "Union Industries", "official_name": null, "opening_hours": null, "outdoor_seating": null, "phone": null, "source:addr": null, "takeaway": null, "toilets": null, "website": null, "osm_type": "way", "osm_id": 629221052, "postal_code": null, "building:levels": null, "elevator": null, "fee": null, "roof:shape": null, "source": null, "tourism": null, "wheelchair": null, "wikidata": null, "wikipedia": null, "industrial": null, "historic": null, "office": null, "old_name": null, "addr:housenumber": null, "brand:wikipedia": null, "email": null, "operator": null, "payment:american_express": null, "payment:cash": null, "payment:cheque": null, "payment:mastercard": null, "payment:visa": null, "shop": null, "contact:website": null, "addr:country": null, "alt_name": null, "opening_hours:service": null, "club": null, "leisure": null, "sport": null, "access": null, "operator:type": null, "parking": null, "clothes": null, "roof:levels": null, "ref:GB:uprn": null, "branch": null, "check_date": null, "capacity": null, "landuse": null, "rooms": null, "bridge": null, "layer": null, "disused:amenity": null, "operator:website": null, "operator:wikidata": null, "addr:county": null, "addr:town": null, "check_date:compressed_air": null, "compressed_air": null, "fuel:diesel": null, "fuel:octane_95": null, "healthcare": null, "was:shop": null, "check_date:opening_hours": null, "contact:phone": null, "toilets:access": null, "isced:level": null, "loc_name": null, "max_age": null, "min_age": null, "ref:edubase": null, "ref:edubase:group": null, "religion": null, "school": null, "school:boarding": null, "school:gender": null, "school:group:type": null, "school:type": null, "power": null, "bicycle_parking": null, "covered": null, "food": null, "bench": null, "shelter_type": null, "payment:credit_cards": null, "payment:debit_cards": null, "construction": null, "fixme": null }, "geometry": { "type": "Polygon", "coordinates": [ [ [ 430879.093233306077309, 432077.987707799882628 ], [ 430906.319579157105181, 432104.080052379402332 ], [ 430907.919076293241233, 432102.332615539897233 ], [ 430914.591440054122359, 432108.718548133503646 ], [ 430921.718182300333865, 432100.131419257842936 ], [ 430915.568316234101076, 432094.449875766877085 ], [ 430922.863753042882308, 432087.265778679167852 ], [ 430917.95376512396615, 432081.414374385843985 ], [ 430919.906806908082217, 432080.014185723033734 ], [ 430907.144899943959899, 432058.767876278492622 ], [ 430908.924658132717013, 432056.665582928108051 ], [ 430910.181912118569016, 432053.85889168526046 ], [ 430909.842362092575058, 432051.386608299217187 ], [ 430907.912521384540014, 432049.259902349556796 ], [ 430905.439379581890535, 432049.588544455124065 ], [ 430903.125839000509586, 432051.698453264194541 ], [ 430901.522812983661424, 432053.979933122987859 ], [ 430879.093233306077309, 432077.987707799882628 ] ] ] } },
{ "type": "Feature", "properties": { "addr:city": null, "addr:housename": null, "addr:postcode": null, "addr:street": null, "addr:suburb": null, "addr:unit": null, "amenity": null, "brand": null, "brand:wikidata": null, "building": "yes", "cuisine": null, "fhrs:id": null, "internet_access": null, "name": null, "official_name": null, "opening_hours": null, "outdoor_seating": null, "phone": null, "source:addr": null, "takeaway": null, "toilets": null, "website": null, "osm_type": "way", "osm_id": 639444690, "postal_code": null, "building:levels": null, "elevator": null, "fee": null, "roof:shape": null, "source": "Bing", "tourism": null, "wheelchair": null, "wikidata": null, "wikipedia": null, "industrial": null, "historic": null, "office": null, "old_name": null, "addr:housenumber": null, "brand:wikipedia": null, "email": null, "operator": null, "payment:american_express": null, "payment:cash": null, "payment:cheque": null, "payment:mastercard": null, "payment:visa": null, "shop": null, "contact:website": null, "addr:country": null, "alt_name": null, "opening_hours:service": null, "club": null, "leisure": null, "sport": null, "access": null, "operator:type": null, "parking": null, "clothes": null, "roof:levels": null, "ref:GB:uprn": null, "branch": null, "check_date": null, "capacity": null, "landuse": null, "rooms": null, "bridge": null, "layer": null, "disused:amenity": null, "operator:website": null, "operator:wikidata": null, "addr:county": null, "addr:town": null, "check_date:compressed_air": null, "compressed_air": null, "fuel:diesel": null, "fuel:octane_95": null, "healthcare": null, "was:shop": null, "check_date:opening_hours": null, "contact:phone": null, "toilets:access": null, "isced:level": null, "loc_name": null, "max_age": null, "min_age": null, "ref:edubase": null, "ref:edubase:group": null, "religion": null, "school": null, "school:boarding": null, "school:gender": null, "school:group:type": null, "school:type": null, "power": null, "bicycle_parking": null, "covered": null, "food": null, "bench": null, "shelter_type": null, "payment:credit_cards": null, "payment:debit_cards": null, "construction": null, "fixme": null }, "geometry": { "type": "Polygon", "coordinates": [ [ [ 430615.632673097075894, 432047.145321339834481 ], [ 430706.303112294524908, 432129.482449880684726 ], [ 430718.656895443273243, 432140.700702601927333 ], [ 430737.565019120054785, 432119.973644023528323 ], [ 430606.104865144588985, 432000.586259723757394 ], [ 430587.196855472109746, 432021.313845449476503 ], [ 430615.632673097075894, 432047.145321339834481 ] ] ] } },
{ "type": "Feature", "properties": { "addr:city": null, "addr:housename": null, "addr:postcode": null, "addr:street": null, "addr:suburb": null, "addr:unit": null, "amenity": null, "brand": null, "brand:wikidata": null, "building": "yes", "cuisine": null, "fhrs:id": null, "internet_access": null, "name": null, "official_name": null, "opening_hours": null, "outdoor_seating": null, "phone": null, "source:addr": null, "takeaway": null, "toilets": null, "website": null, "osm_type": "way", "osm_id": 645608534, "postal_code": null, "building:levels": null, "elevator": null, "fee": null, "roof:shape": null, "source": null, "tourism": null, "wheelchair": null, "wikidata": null, "wikipedia": null, "industrial": null, "historic": null, "office": null, "old_name": null, "addr:housenumber": null, "brand:wikipedia": null, "email": null, "operator": null, "payment:american_express": null, "payment:cash": null, "payment:cheque": null, "payment:mastercard": null, "payment:visa": null, "shop": null, "contact:website": null, "addr:country": null, "alt_name": null, "opening_hours:service": null, "club": null, "leisure": null, "sport": null, "access": null, "operator:type": null, "parking": null, "clothes": null, "roof:levels": null, "ref:GB:uprn": null, "branch": null, "check_date": null, "capacity": null, "landuse": null, "rooms": null, "bridge": null, "layer": null, "disused:amenity": null, "operator:website": null, "operator:wikidata": null, "addr:county": null, "addr:town": null, "check_date:compressed_air": null, "compressed_air": null, "fuel:diesel": null, "fuel:octane_95": null, "healthcare": null, "was:shop": null, "check_date:opening_hours": null, "contact:phone": null, "toilets:access": null, "isced:level": null, "loc_name": null, "max_age": null, "min_age": null, "ref:edubase": null, "ref:edubase:group": null, "religion": null, "school": null, "school:boarding": null, "school:gender": null, "school:group:type": null, "school:type": null, "power": "substation", "bicycle_parking": null, "covered": null, "food": null, "bench": null, "shelter_type": null, "payment:credit_cards": null, "payment:debit_cards": null, "construction": null, "fixme": null }, "geometry": { "type": "Polygon", "coordinates": [ [ [ 430697.693584509077482, 432892.092838605400175 ], [ 430697.342373665771447, 432888.374340044334531 ], [ 430687.89586124336347, 432889.258332151919603 ], [ 430688.247079509892501, 432892.976829982944764 ], [ 430697.693584509077482, 432892.092838605400175 ] ] ] } },
{ "type": "Feature", "properties": { "addr:city": "Leeds", "addr:housename": "Block F", "addr:postcode": "LS10 1LR", "addr:street": "The Boulevard", "addr:suburb": null, "addr:unit": null, "amenity": null, "brand": null, "brand:wikidata": null, "building": "commercial", "cuisine": null, "fhrs:id": null, "internet_access": null, "name": "Block F", "official_name": null, "opening_hours": null, "outdoor_seating": null, "phone": null, "source:addr": null, "takeaway": null, "toilets": null, "website": null, "osm_type": "way", "osm_id": 698236501, "postal_code": null, "building:levels": "3", "elevator": null, "fee": null, "roof:shape": "flat", "source": null, "tourism": null, "wheelchair": null, "wikidata": null, "wikipedia": null, "industrial": null, "historic": null, "office": null, "old_name": null, "addr:housenumber": null, "brand:wikipedia": null, "email": null, "operator": null, "payment:american_express": null, "payment:cash": null, "payment:cheque": null, "payment:mastercard": null, "payment:visa": null, "shop": null, "contact:website": null, "addr:country": null, "alt_name": null, "opening_hours:service": null, "club": null, "leisure": null, "sport": null, "access": null, "operator:type": null, "parking": null, "clothes": null, "roof:levels": null, "ref:GB:uprn": null, "branch": null, "check_date": null, "capacity": null, "landuse": null, "rooms": null, "bridge": null, "layer": null, "disused:amenity": null, "operator:website": null, "operator:wikidata": null, "addr:county": null, "addr:town": null, "check_date:compressed_air": null, "compressed_air": null, "fuel:diesel": null, "fuel:octane_95": null, "healthcare": null, "was:shop": null, "check_date:opening_hours": null, "contact:phone": null, "toilets:access": null, "isced:level": null, "loc_name": null, "max_age": null, "min_age": null, "ref:edubase": null, "ref:edubase:group": null, "religion": null, "school": null, "school:boarding": null, "school:gender": null, "school:group:type": null, "school:type": null, "power": null, "bicycle_parking": null, "covered": null, "food": null, "bench": null, "shelter_type": null, "payment:credit_cards": null, "payment:debit_cards": null, "construction": null, "fixme": null }, "geometry": { "type": "Polygon", "coordinates": [ [ [ 430875.222516966750845, 432865.084895658888854 ], [ 430881.190019132802263, 432871.299268330563791 ], [ 430888.061206393642351, 432874.337454826105386 ], [ 430899.19500793289626, 432873.353705912479199 ], [ 430901.556765914778225, 432863.856211453559808 ], [ 430899.438994055730291, 432863.30820920993574 ], [ 430901.19020372495288, 432856.488149355631322 ], [ 430888.381506641162559, 432853.689039922668599 ], [ 430888.013539606938139, 432855.544721209211275 ], [ 430884.933715643361211, 432855.023776105488651 ], [ 430883.828866745170671, 432859.734084986732341 ], [ 430882.456254045420792, 432861.082472707959823 ], [ 430881.318456382956356, 432859.78433182137087 ], [ 430875.222516966750845, 432865.084895658888854 ] ] ] } },
{ "type": "Feature", "properties": { "addr:city": null, "addr:housename": null, "addr:postcode": null, "addr:street": null, "addr:suburb": null, "addr:unit": null, "amenity": null, "brand": null, "brand:wikidata": null, "building": "yes", "cuisine": null, "fhrs:id": null, "internet_access": null, "name": null, "official_name": null, "opening_hours": null, "outdoor_seating": null, "phone": null, "source:addr": null, "takeaway": null, "toilets": null, "website": null, "osm_type": "way", "osm_id": 713670149, "postal_code": null, "building:levels": null, "elevator": null, "fee": null, "roof:shape": null, "source": null, "tourism": null, "wheelchair": null, "wikidata": null, "wikipedia": null, "industrial": null, "historic": null, "office": null, "old_name": null, "addr:housenumber": null, "brand:wikipedia": null, "email": null, "operator": null, "payment:american_express": null, "payment:cash": null, "payment:cheque": null, "payment:mastercard": null, "payment:visa": null, "shop": null, "contact:website": null, "addr:country": null, "alt_name": null, "opening_hours:service": null, "club": null, "leisure": null, "sport": null, "access": null, "operator:type": null, "parking": null, "clothes": null, "roof:levels": null, "ref:GB:uprn": null, "branch": null, "check_date": null, "capacity": null, "landuse": null, "rooms": null, "bridge": null, "layer": null, "disused:amenity": null, "operator:website": null, "operator:wikidata": null, "addr:county": null, "addr:town": null, "check_date:compressed_air": null, "compressed_air": null, "fuel:diesel": null, "fuel:octane_95": null, "healthcare": null, "was:shop": null, "check_date:opening_hours": null, "contact:phone": null, "toilets:access": null, "isced:level": null, "loc_name": null, "max_age": null, "min_age": null, "ref:edubase": null, "ref:edubase:group": null, "religion": null, "school": null, "school:boarding": null, "school:gender": null, "school:group:type": null, "school:type": null, "power": null, "bicycle_parking": null, "covered": null, "food": null, "bench": null, "shelter_type": null, "payment:credit_cards": null, "payment:debit_cards": null, "construction": null, "fixme": null }, "geometry": { "type": "Polygon", "coordinates": [ [ [ 430089.93770347267855, 432592.721353601897135 ], [ 430113.575113439757843, 432599.214872979209758 ], [ 430100.23489821847761, 432609.265443705487996 ], [ 430096.943679184943903, 432604.682552548591048 ], [ 430077.630616901500616, 432617.376359885092825 ], [ 430085.385081169079058, 432627.684511803323403 ], [ 430125.877369160123635, 432605.135100319166668 ], [ 430150.309323140012566, 432610.999702253611758 ], [ 430159.613902159850113, 432578.937712702667341 ], [ 430149.736503413529135, 432576.048200980992988 ], [ 430143.607158432132564, 432600.998607152607292 ], [ 430132.667951967217959, 432598.280337167321704 ], [ 430135.036969298322219, 432586.401484449859709 ], [ 430095.25743143708678, 432575.832284824340604 ], [ 430089.93770347267855, 432592.721353601897135 ] ] ] } },
{ "type": "Feature", "properties": { "addr:city": null, "addr:housename": null, "addr:postcode": null, "addr:street": null, "addr:suburb": null, "addr:unit": null, "amenity": null, "brand": null, "brand:wikidata": null, "building": "yes", "cuisine": null, "fhrs:id": null, "internet_access": null, "name": null, "official_name": null, "opening_hours": null, "outdoor_seating": null, "phone": null, "source:addr": null, "takeaway": null, "toilets": null, "website": null, "osm_type": "way", "osm_id": 713670150, "postal_code": null, "building:levels": null, "elevator": null, "fee": null, "roof:shape": null, "source": null, "tourism": null, "wheelchair": null, "wikidata": null, "wikipedia": null, "industrial": null, "historic": null, "office": null, "old_name": null, "addr:housenumber": null, "brand:wikipedia": null, "email": null, "operator": null, "payment:american_express": null, "payment:cash": null, "payment:cheque": null, "payment:mastercard": null, "payment:visa": null, "shop": null, "contact:website": null, "addr:country": null, "alt_name": null, "opening_hours:service": null, "club": null, "leisure": null, "sport": null, "access": null, "operator:type": null, "parking": null, "clothes": null, "roof:levels": null, "ref:GB:uprn": null, "branch": null, "check_date": null, "capacity": null, "landuse": null, "rooms": null, "bridge": null, "layer": null, "disused:amenity": null, "operator:website": null, "operator:wikidata": null, "addr:county": null, "addr:town": null, "check_date:compressed_air": null, "compressed_air": null, "fuel:diesel": null, "fuel:octane_95": null, "healthcare": null, "was:shop": null, "check_date:opening_hours": null, "contact:phone": null, "toilets:access": null, "isced:level": null, "loc_name": null, "max_age": null, "min_age": null, "ref:edubase": null, "ref:edubase:group": null, "religion": null, "school": null, "school:boarding": null, "school:gender": null, "school:group:type": null, "school:type": null, "power": null, "bicycle_parking": null, "covered": null, "food": null, "bench": null, "shelter_type": null, "payment:credit_cards": null, "payment:debit_cards": null, "construction": null, "fixme": null }, "geometry": { "type": "Polygon", "coordinates": [ [ [ 430166.331076463393401, 432597.884501900174655 ], [ 430170.782536960090511, 432583.893913000472821 ], [ 430161.748307225352619, 432581.032045328523964 ], [ 430157.296871244558133, 432595.022642680327408 ], [ 430166.331076463393401, 432597.884501900174655 ] ] ] } },
{ "type": "Feature", "properties": { "addr:city": null, "addr:housename": null, "addr:postcode": null, "addr:street": null, "addr:suburb": null, "addr:unit": null, "amenity": null, "brand": null, "brand:wikidata": null, "building": "college", "cuisine": null, "fhrs:id": null, "internet_access": null, "name": null, "official_name": null, "opening_hours": null, "outdoor_seating": null, "phone": null, "source:addr": null, "takeaway": null, "toilets": null, "website": null, "osm_type": "way", "osm_id": 744372083, "postal_code": null, "building:levels": null, "elevator": null, "fee": null, "roof:shape": null, "source": null, "tourism": null, "wheelchair": null, "wikidata": null, "wikipedia": null, "industrial": null, "historic": null, "office": null, "old_name": null, "addr:housenumber": null, "brand:wikipedia": null, "email": null, "operator": null, "payment:american_express": null, "payment:cash": null, "payment:cheque": null, "payment:mastercard": null, "payment:visa": null, "shop": null, "contact:website": null, "addr:country": null, "alt_name": null, "opening_hours:service": null, "club": null, "leisure": null, "sport": null, "access": null, "operator:type": null, "parking": null, "clothes": null, "roof:levels": null, "ref:GB:uprn": null, "branch": null, "check_date": null, "capacity": null, "landuse": null, "rooms": null, "bridge": null, "layer": null, "disused:amenity": null, "operator:website": null, "operator:wikidata": null, "addr:county": null, "addr:town": null, "check_date:compressed_air": null, "compressed_air": null, "fuel:diesel": null, "fuel:octane_95": null, "healthcare": null, "was:shop": null, "check_date:opening_hours": null, "contact:phone": null, "toilets:access": null, "isced:level": null, "loc_name": null, "max_age": null, "min_age": null, "ref:edubase": null, "ref:edubase:group": null, "religion": null, "school": null, "school:boarding": null, "school:gender": null, "school:group:type": null, "school:type": null, "power": null, "bicycle_parking": null, "covered": null, "food": null, "bench": null, "shelter_type": null, "payment:credit_cards": null, "payment:debit_cards": null, "construction": null, "fixme": null }, "geometry": { "type": "Polygon", "coordinates": [ [ [ 430660.623405922204256, 432826.360916758538224 ], [ 430659.279893050552346, 432814.179914567852393 ], [ 430656.985555550374556, 432814.431967149954289 ], [ 430654.939212092896923, 432795.870978195685893 ], [ 430596.314881736703683, 432802.29795257630758 ], [ 430598.330182246107142, 432820.602805414120667 ], [ 430595.066704585682601, 432820.959836711059324 ], [ 430596.435066375590395, 432833.396886932314374 ], [ 430660.623405922204256, 432826.360916758538224 ] ] ] } },
{ "type": "Feature", "properties": { "addr:city": null, "addr:housename": null, "addr:postcode": null, "addr:street": null, "addr:suburb": null, "addr:unit": null, "amenity": null, "brand": null, "brand:wikidata": null, "building": "college", "cuisine": null, "fhrs:id": null, "internet_access": null, "name": "Leeds College of Building", "official_name": null, "opening_hours": null, "outdoor_seating": null, "phone": null, "source:addr": null, "takeaway": null, "toilets": null, "website": null, "osm_type": "way", "osm_id": 744372084, "postal_code": null, "building:levels": null, "elevator": null, "fee": null, "roof:shape": null, "source": null, "tourism": null, "wheelchair": null, "wikidata": null, "wikipedia": null, "industrial": null, "historic": null, "office": null, "old_name": null, "addr:housenumber": null, "brand:wikipedia": null, "email": null, "operator": null, "payment:american_express": null, "payment:cash": null, "payment:cheque": null, "payment:mastercard": null, "payment:visa": null, "shop": null, "contact:website": null, "addr:country": null, "alt_name": null, "opening_hours:service": null, "club": null, "leisure": null, "sport": null, "access": null, "operator:type": null, "parking": null, "clothes": null, "roof:levels": null, "ref:GB:uprn": null, "branch": "Hunslet Campus", "check_date": null, "capacity": null, "landuse": null, "rooms": null, "bridge": null, "layer": null, "disused:amenity": null, "operator:website": null, "operator:wikidata": null, "addr:county": null, "addr:town": null, "check_date:compressed_air": null, "compressed_air": null, "fuel:diesel": null, "fuel:octane_95": null, "healthcare": null, "was:shop": null, "check_date:opening_hours": null, "contact:phone": null, "toilets:access": null, "isced:level": null, "loc_name": null, "max_age": null, "min_age": null, "ref:edubase": null, "ref:edubase:group": null, "religion": null, "school": null, "school:boarding": null, "school:gender": null, "school:group:type": null, "school:type": null, "power": null, "bicycle_parking": null, "covered": null, "food": null, "bench": null, "shelter_type": null, "payment:credit_cards": null, "payment:debit_cards": null, "construction": null, "fixme": null }, "geometry": { "type": "Polygon", "coordinates": [ [ [ 430658.381062835571356, 432777.279062116402201 ], [ 430633.539738469640724, 432711.18218386254739 ], [ 430628.760767310392112, 432712.564056735602207 ], [ 430615.740110168117099, 432676.507659004419111 ], [ 430581.448343308002222, 432705.72453075950034 ], [ 430587.867677373054903, 432723.57962563005276 ], [ 430610.368326634983532, 432715.259093430126086 ], [ 430611.752857439103536, 432719.151214951532893 ], [ 430595.461070977326017, 432725.04214039654471 ], [ 430605.52853609045269, 432752.256039426662028 ], [ 430609.329052420507651, 432792.825233174604364 ], [ 430628.987372268922627, 432785.899312146590091 ], [ 430628.296249473991338, 432783.780797418556176 ], [ 430634.846455327060539, 432781.531498122611083 ], [ 430636.410834923328366, 432786.125761216972023 ], [ 430658.381062835571356, 432777.279062116402201 ] ] ] } },
{ "type": "Feature", "properties": { "addr:city": null, "addr:housename": null, "addr:postcode": null, "addr:street": null, "addr:suburb": null, "addr:unit": null, "amenity": null, "brand": null, "brand:wikidata": null, "building": "school", "cuisine": null, "fhrs:id": null, "internet_access": null, "name": null, "official_name": null, "opening_hours": null, "outdoor_seating": null, "phone": null, "source:addr": null, "takeaway": null, "toilets": null, "website": null, "osm_type": "way", "osm_id": 779194441, "postal_code": null, "building:levels": null, "elevator": null, "fee": null, "roof:shape": null, "source": null, "tourism": null, "wheelchair": null, "wikidata": null, "wikipedia": null, "industrial": null, "historic": null, "office": null, "old_name": null, "addr:housenumber": null, "brand:wikipedia": null, "email": null, "operator": null, "payment:american_express": null, "payment:cash": null, "payment:cheque": null, "payment:mastercard": null, "payment:visa": null, "shop": null, "contact:website": null, "addr:country": null, "alt_name": null, "opening_hours:service": null, "club": null, "leisure": null, "sport": null, "access": null, "operator:type": null, "parking": null, "clothes": null, "roof:levels": null, "ref:GB:uprn": null, "branch": null, "check_date": null, "capacity": null, "landuse": null, "rooms": null, "bridge": null, "layer": null, "disused:amenity": null, "operator:website": null, "operator:wikidata": null, "addr:county": null, "addr:town": null, "check_date:compressed_air": null, "compressed_air": null, "fuel:diesel": null, "fuel:octane_95": null, "healthcare": null, "was:shop": null, "check_date:opening_hours": null, "contact:phone": null, "toilets:access": null, "isced:level": null, "loc_name": null, "max_age": null, "min_age": null, "ref:edubase": null, "ref:edubase:group": null, "religion": null, "school": null, "school:boarding": null, "school:gender": null, "school:group:type": null, "school:type": null, "power": null, "bicycle_parking": null, "covered": null, "food": null, "bench": null, "shelter_type": null, "payment:credit_cards": null, "payment:debit_cards": null, "construction": null, "fixme": null }, "geometry": { "type": "Polygon", "coordinates": [ [ [ 430684.145289913518354, 432777.647623004042543 ], [ 430702.631040388136171, 432775.765711978427134 ], [ 430705.53703247080557, 432816.985599969979376 ], [ 430738.308840567304287, 432824.710305538610555 ], [ 430748.24905774614308, 432780.648265331867151 ], [ 430765.864720691461116, 432784.869275154080242 ], [ 430756.009507254464552, 432835.040205517667346 ], [ 430758.58565016585635, 432855.129025169997476 ], [ 430686.34565274725901, 432860.330806384561583 ], [ 430685.495154528180137, 432840.264432503143325 ], [ 430690.76916536205681, 432839.731456929235719 ], [ 430690.601793810725212, 432837.115669865976088 ], [ 430690.446870630548801, 432834.611227720859461 ], [ 430686.565878879628144, 432834.697126645129174 ], [ 430684.145289913518354, 432777.647623004042543 ] ] ] } },
{ "type": "Feature", "properties": { "addr:city": "Leeds", "addr:housename": null, "addr:postcode": "LS10 1LS", "addr:street": "Sayner Lane", "addr:suburb": "Hunslet", "addr:unit": "4", "amenity": null, "brand": null, "brand:wikidata": null, "building": "commercial", "cuisine": null, "fhrs:id": null, "internet_access": null, "name": "Killhouse Airsoft", "official_name": null, "opening_hours": null, "outdoor_seating": null, "phone": null, "source:addr": null, "takeaway": null, "toilets": null, "website": null, "osm_type": "way", "osm_id": 801894022, "postal_code": null, "building:levels": null, "elevator": null, "fee": null, "roof:shape": null, "source": null, "tourism": null, "wheelchair": null, "wikidata": null, "wikipedia": null, "industrial": null, "historic": null, "office": null, "old_name": null, "addr:housenumber": null, "brand:wikipedia": null, "email": null, "operator": null, "payment:american_express": null, "payment:cash": null, "payment:cheque": null, "payment:mastercard": null, "payment:visa": null, "shop": null, "contact:website": null, "addr:country": null, "alt_name": null, "opening_hours:service": null, "club": null, "leisure": null, "sport": null, "access": null, "operator:type": null, "parking": null, "clothes": null, "roof:levels": null, "ref:GB:uprn": null, "branch": null, "check_date": null, "capacity": null, "landuse": null, "rooms": null, "bridge": null, "layer": null, "disused:amenity": null, "operator:website": null, "operator:wikidata": null, "addr:county": null, "addr:town": null, "check_date:compressed_air": null, "compressed_air": null, "fuel:diesel": null, "fuel:octane_95": null, "healthcare": null, "was:shop": null, "check_date:opening_hours": null, "contact:phone": null, "toilets:access": null, "isced:level": null, "loc_name": null, "max_age": null, "min_age": null, "ref:edubase": null, "ref:edubase:group": null, "religion": null, "school": null, "school:boarding": null, "school:gender": null, "school:group:type": null, "school:type": null, "power": null, "bicycle_parking": null, "covered": null, "food": null, "bench": null, "shelter_type": null, "payment:credit_cards": null, "payment:debit_cards": null, "construction": null, "fixme": null }, "geometry": { "type": "Polygon", "coordinates": [ [ [ 431012.06715570675442, 432441.716438365052454 ], [ 431012.023826164309867, 432432.314382632961497 ], [ 430969.61079353094101, 432432.512917400803417 ], [ 430969.65560237900354, 432441.703580919536762 ], [ 431012.06715570675442, 432441.716438365052454 ] ] ] } },
{ "type": "Feature", "properties": { "addr:city": null, "addr:housename": null, "addr:postcode": null, "addr:street": null, "addr:suburb": null, "addr:unit": null, "amenity": null, "brand": null, "brand:wikidata": null, "building": "industrial", "cuisine": null, "fhrs:id": null, "internet_access": null, "name": null, "official_name": null, "opening_hours": null, "outdoor_seating": null, "phone": null, "source:addr": null, "takeaway": null, "toilets": null, "website": null, "osm_type": "way", "osm_id": 848929896, "postal_code": null, "building:levels": null, "elevator": null, "fee": null, "roof:shape": null, "source": null, "tourism": null, "wheelchair": null, "wikidata": null, "wikipedia": null, "industrial": null, "historic": null, "office": null, "old_name": null, "addr:housenumber": null, "brand:wikipedia": null, "email": null, "operator": null, "payment:american_express": null, "payment:cash": null, "payment:cheque": null, "payment:mastercard": null, "payment:visa": null, "shop": null, "contact:website": null, "addr:country": null, "alt_name": null, "opening_hours:service": null, "club": null, "leisure": null, "sport": null, "access": null, "operator:type": null, "parking": null, "clothes": null, "roof:levels": null, "ref:GB:uprn": null, "branch": null, "check_date": null, "capacity": null, "landuse": null, "rooms": null, "bridge": null, "layer": null, "disused:amenity": null, "operator:website": null, "operator:wikidata": null, "addr:county": null, "addr:town": null, "check_date:compressed_air": null, "compressed_air": null, "fuel:diesel": null, "fuel:octane_95": null, "healthcare": null, "was:shop": null, "check_date:opening_hours": null, "contact:phone": null, "toilets:access": null, "isced:level": null, "loc_name": null, "max_age": null, "min_age": null, "ref:edubase": null, "ref:edubase:group": null, "religion": null, "school": null, "school:boarding": null, "school:gender": null, "school:group:type": null, "school:type": null, "power": null, "bicycle_parking": null, "covered": null, "food": null, "bench": null, "shelter_type": null, "payment:credit_cards": null, "payment:debit_cards": null, "construction": null, "fixme": null }, "geometry": { "type": "Polygon", "coordinates": [ [ [ 430905.43471049744403, 432381.721134868334047 ], [ 430915.594322124205064, 432371.763163778115995 ], [ 430927.53656630020123, 432383.268559496384114 ], [ 430927.519753851520363, 432427.840614814194851 ], [ 430942.086838094284758, 432427.936573561863042 ], [ 430942.151814540964551, 432439.074480844545178 ], [ 430913.758843583404087, 432438.397927267942578 ], [ 430913.771949987160042, 432390.365552816889249 ], [ 430905.43471049744403, 432381.721134868334047 ] ] ] } },
{ "type": "Feature", "properties": { "addr:city": null, "addr:housename": null, "addr:postcode": null, "addr:street": null, "addr:suburb": null, "addr:unit": null, "amenity": "bicycle_parking", "brand": null, "brand:wikidata": null, "building": "shed", "cuisine": null, "fhrs:id": null, "internet_access": null, "name": null, "official_name": null, "opening_hours": null, "outdoor_seating": null, "phone": null, "source:addr": null, "takeaway": null, "toilets": null, "website": null, "osm_type": "way", "osm_id": 946628169, "postal_code": null, "building:levels": null, "elevator": null, "fee": "no", "roof:shape": null, "source": null, "tourism": null, "wheelchair": null, "wikidata": null, "wikipedia": null, "industrial": null, "historic": null, "office": null, "old_name": null, "addr:housenumber": null, "brand:wikipedia": null, "email": null, "operator": "Leeds College of Building", "payment:american_express": null, "payment:cash": null, "payment:cheque": null, "payment:mastercard": null, "payment:visa": null, "shop": null, "contact:website": null, "addr:country": null, "alt_name": null, "opening_hours:service": null, "club": null, "leisure": null, "sport": null, "access": "permissive", "operator:type": null, "parking": null, "clothes": null, "roof:levels": null, "ref:GB:uprn": null, "branch": null, "check_date": null, "capacity": "40", "landuse": null, "rooms": null, "bridge": null, "layer": null, "disused:amenity": null, "operator:website": null, "operator:wikidata": null, "addr:county": null, "addr:town": null, "check_date:compressed_air": null, "compressed_air": null, "fuel:diesel": null, "fuel:octane_95": null, "healthcare": null, "was:shop": null, "check_date:opening_hours": null, "contact:phone": null, "toilets:access": null, "isced:level": null, "loc_name": null, "max_age": null, "min_age": null, "ref:edubase": null, "ref:edubase:group": null, "religion": null, "school": null, "school:boarding": null, "school:gender": null, "school:group:type": null, "school:type": null, "power": null, "bicycle_parking": "shed", "covered": "yes", "food": null, "bench": null, "shelter_type": null, "payment:credit_cards": null, "payment:debit_cards": null, "construction": null, "fixme": null }, "geometry": { "type": "Polygon", "coordinates": [ [ [ 430590.950335373287089, 432728.740080034243874 ], [ 430590.169780651980545, 432726.187061151023954 ], [ 430570.905175938969478, 432733.327110381098464 ], [ 430571.780217685794923, 432735.535824315156788 ], [ 430590.950335373287089, 432728.740080034243874 ] ] ] } },
{ "type": "Feature", "properties": { "addr:city": "Leeds", "addr:housename": "Crowd Point Shopping Park", "addr:postcode": "LS10 1ET", "addr:street": "Junction Street", "addr:suburb": null, "addr:unit": null, "amenity": null, "brand": null, "brand:wikidata": null, "building": "yes", "cuisine": null, "fhrs:id": null, "internet_access": null, "name": null, "official_name": null, "opening_hours": null, "outdoor_seating": null, "phone": null, "source:addr": null, "takeaway": null, "toilets": null, "website": null, "osm_type": "way", "osm_id": 963439877, "postal_code": null, "building:levels": null, "elevator": null, "fee": null, "roof:shape": null, "source": null, "tourism": null, "wheelchair": null, "wikidata": null, "wikipedia": null, "industrial": null, "historic": null, "office": null, "old_name": null, "addr:housenumber": null, "brand:wikipedia": null, "email": null, "operator": null, "payment:american_express": null, "payment:cash": null, "payment:cheque": null, "payment:mastercard": null, "payment:visa": null, "shop": null, "contact:website": null, "addr:country": null, "alt_name": null, "opening_hours:service": null, "club": null, "leisure": null, "sport": null, "access": null, "operator:type": null, "parking": null, "clothes": null, "roof:levels": null, "ref:GB:uprn": null, "branch": null, "check_date": null, "capacity": null, "landuse": null, "rooms": null, "bridge": null, "layer": null, "disused:amenity": null, "operator:website": null, "operator:wikidata": null, "addr:county": null, "addr:town": null, "check_date:compressed_air": null, "compressed_air": null, "fuel:diesel": null, "fuel:octane_95": null, "healthcare": null, "was:shop": null, "check_date:opening_hours": null, "contact:phone": null, "toilets:access": null, "isced:level": null, "loc_name": null, "max_age": null, "min_age": null, "ref:edubase": null, "ref:edubase:group": null, "religion": null, "school": null, "school:boarding": null, "school:gender": null, "school:group:type": null, "school:type": null, "power": null, "bicycle_parking": null, "covered": null, "food": null, "bench": null, "shelter_type": null, "payment:credit_cards": null, "payment:debit_cards": null, "construction": null, "fixme": null }, "geometry": { "type": "Polygon", "coordinates": [ [ [ 430407.499212098366115, 432409.168294069939293 ], [ 430407.553227201919071, 432418.125347304623574 ], [ 430412.429055804794189, 432418.101287459605373 ], [ 430427.129087481705938, 432418.0184820786817 ], [ 430427.081698328256607, 432409.061471172841266 ], [ 430409.218950340873562, 432409.157176367822103 ], [ 430407.499212098366115, 432409.168294069939293 ] ] ] } },
{ "type": "Feature", "properties": { "addr:city": "Leeds", "addr:housename": null, "addr:postcode": null, "addr:street": "Kidacre Park", "addr:suburb": null, "addr:unit": null, "amenity": null, "brand": null, "brand:wikidata": null, "building": "yes", "cuisine": null, "fhrs:id": null, "internet_access": null, "name": null, "official_name": null, "opening_hours": null, "outdoor_seating": null, "phone": null, "source:addr": null, "takeaway": null, "toilets": null, "website": null, "osm_type": "way", "osm_id": 977037261, "postal_code": null, "building:levels": null, "elevator": null, "fee": null, "roof:shape": null, "source": null, "tourism": "apartment", "wheelchair": null, "wikidata": null, "wikipedia": null, "industrial": null, "historic": null, "office": null, "old_name": null, "addr:housenumber": null, "brand:wikipedia": null, "email": null, "operator": null, "payment:american_express": null, "payment:cash": null, "payment:cheque": null, "payment:mastercard": null, "payment:visa": null, "shop": null, "contact:website": null, "addr:country": null, "alt_name": null, "opening_hours:service": null, "club": null, "leisure": null, "sport": null, "access": null, "operator:type": null, "parking": null, "clothes": null, "roof:levels": null, "ref:GB:uprn": null, "branch": null, "check_date": null, "capacity": null, "landuse": null, "rooms": null, "bridge": null, "layer": null, "disused:amenity": null, "operator:website": null, "operator:wikidata": null, "addr:county": null, "addr:town": null, "check_date:compressed_air": null, "compressed_air": null, "fuel:diesel": null, "fuel:octane_95": null, "healthcare": null, "was:shop": null, "check_date:opening_hours": null, "contact:phone": null, "toilets:access": null, "isced:level": null, "loc_name": null, "max_age": null, "min_age": null, "ref:edubase": null, "ref:edubase:group": null, "religion": null, "school": null, "school:boarding": null, "school:gender": null, "school:group:type": null, "school:type": null, "power": null, "bicycle_parking": null, "covered": null, "food": null, "bench": null, "shelter_type": null, "payment:credit_cards": null, "payment:debit_cards": null, "construction": null, "fixme": null }, "geometry": { "type": "Polygon", "coordinates": [ [ [ 430273.381436168972868, 432395.417556520667858 ], [ 430275.069184801424854, 432386.06006080750376 ], [ 430277.99784636561526, 432386.579625804442912 ], [ 430276.310020312608685, 432395.948246361804195 ], [ 430273.381436168972868, 432395.417556520667858 ] ] ] } },
{ "type": "Feature", "properties": { "addr:city": "Leeds", "addr:housename": null, "addr:postcode": null, "addr:street": "Kidacre Park", "addr:suburb": null, "addr:unit": null, "amenity": null, "brand": null, "brand:wikidata": null, "building": "yes", "cuisine": null, "fhrs:id": null, "internet_access": null, "name": null, "official_name": null, "opening_hours": null, "outdoor_seating": null, "phone": null, "source:addr": null, "takeaway": null, "toilets": null, "website": null, "osm_type": "way", "osm_id": 977037262, "postal_code": null, "building:levels": null, "elevator": null, "fee": null, "roof:shape": null, "source": null, "tourism": "apartment", "wheelchair": null, "wikidata": null, "wikipedia": null, "industrial": null, "historic": null, "office": null, "old_name": null, "addr:housenumber": null, "brand:wikipedia": null, "email": null, "operator": null, "payment:american_express": null, "payment:cash": null, "payment:cheque": null, "payment:mastercard": null, "payment:visa": null, "shop": null, "contact:website": null, "addr:country": null, "alt_name": null, "opening_hours:service": null, "club": null, "leisure": null, "sport": null, "access": null, "operator:type": null, "parking": null, "clothes": null, "roof:levels": null, "ref:GB:uprn": null, "branch": null, "check_date": null, "capacity": null, "landuse": null, "rooms": null, "bridge": null, "layer": null, "disused:amenity": null, "operator:website": null, "operator:wikidata": null, "addr:county": null, "addr:town": null, "check_date:compressed_air": null, "compressed_air": null, "fuel:diesel": null, "fuel:octane_95": null, "healthcare": null, "was:shop": null, "check_date:opening_hours": null, "contact:phone": null, "toilets:access": null, "isced:level": null, "loc_name": null, "max_age": null, "min_age": null, "ref:edubase": null, "ref:edubase:group": null, "religion": null, "school": null, "school:boarding": null, "school:gender": null, "school:group:type": null, "school:type": null, "power": null, "bicycle_parking": null, "covered": null, "food": null, "bench": null, "shelter_type": null, "payment:credit_cards": null, "payment:debit_cards": null, "construction": null, "fixme": null }, "geometry": { "type": "Polygon", "coordinates": [ [ [ 430258.012853656720836, 432414.377930673654191 ], [ 430267.452839905687142, 432415.662656084168702 ], [ 430267.051707382604945, 432418.608550095232204 ], [ 430257.611726988048758, 432417.323825468425639 ], [ 430258.012853656720836, 432414.377930673654191 ] ] ] } },
{ "type": "Feature", "properties": { "addr:city": "Leeds", "addr:housename": null, "addr:postcode": null, "addr:street": "Kidacre Park", "addr:suburb": null, "addr:unit": null, "amenity": null, "brand": null, "brand:wikidata": null, "building": "yes", "cuisine": null, "fhrs:id": null, "internet_access": null, "name": null, "official_name": null, "opening_hours": null, "outdoor_seating": null, "phone": null, "source:addr": null, "takeaway": null, "toilets": null, "website": null, "osm_type": "way", "osm_id": 977037263, "postal_code": null, "building:levels": null, "elevator": null, "fee": null, "roof:shape": null, "source": null, "tourism": "apartment", "wheelchair": null, "wikidata": null, "wikipedia": null, "industrial": null, "historic": null, "office": null, "old_name": null, "addr:housenumber": null, "brand:wikipedia": null, "email": null, "operator": null, "payment:american_express": null, "payment:cash": null, "payment:cheque": null, "payment:mastercard": null, "payment:visa": null, "shop": null, "contact:website": null, "addr:country": null, "alt_name": null, "opening_hours:service": null, "club": null, "leisure": null, "sport": null, "access": null, "operator:type": null, "parking": null, "clothes": null, "roof:levels": null, "ref:GB:uprn": null, "branch": null, "check_date": null, "capacity": null, "landuse": null, "rooms": null, "bridge": null, "layer": null, "disused:amenity": null, "operator:website": null, "operator:wikidata": null, "addr:county": null, "addr:town": null, "check_date:compressed_air": null, "compressed_air": null, "fuel:diesel": null, "fuel:octane_95": null, "healthcare": null, "was:shop": null, "check_date:opening_hours": null, "contact:phone": null, "toilets:access": null, "isced:level": null, "loc_name": null, "max_age": null, "min_age": null, "ref:edubase": null, "ref:edubase:group": null, "religion": null, "school": null, "school:boarding": null, "school:gender": null, "school:group:type": null, "school:type": null, "power": null, "bicycle_parking": null, "covered": null, "food": null, "bench": null, "shelter_type": null, "payment:credit_cards": null, "payment:debit_cards": null, "construction": null, "fixme": null }, "geometry": { "type": "Polygon", "coordinates": [ [ [ 430245.309205136902165, 432412.415751522523351 ], [ 430254.755715390841942, 432413.711619589128532 ], [ 430254.354662397236098, 432416.646388779161498 ], [ 430244.908086329058278, 432415.361647373647429 ], [ 430245.309205136902165, 432412.415751522523351 ] ] ] } },
{ "type": "Feature", "properties": { "addr:city": "Leeds", "addr:housename": null, "addr:postcode": null, "addr:street": "Kidacre Park", "addr:suburb": null, "addr:unit": null, "amenity": null, "brand": null, "brand:wikidata": null, "building": "yes", "cuisine": null, "fhrs:id": null, "internet_access": null, "name": null, "official_name": null, "opening_hours": null, "outdoor_seating": null, "phone": null, "source:addr": null, "takeaway": null, "toilets": null, "website": null, "osm_type": "way", "osm_id": 977037264, "postal_code": null, "building:levels": null, "elevator": null, "fee": null, "roof:shape": null, "source": null, "tourism": "apartment", "wheelchair": null, "wikidata": null, "wikipedia": null, "industrial": null, "historic": null, "office": null, "old_name": null, "addr:housenumber": null, "brand:wikipedia": null, "email": null, "operator": null, "payment:american_express": null, "payment:cash": null, "payment:cheque": null, "payment:mastercard": null, "payment:visa": null, "shop": null, "contact:website": null, "addr:country": null, "alt_name": null, "opening_hours:service": null, "club": null, "leisure": null, "sport": null, "access": null, "operator:type": null, "parking": null, "clothes": null, "roof:levels": null, "ref:GB:uprn": null, "branch": null, "check_date": null, "capacity": null, "landuse": null, "rooms": null, "bridge": null, "layer": null, "disused:amenity": null, "operator:website": null, "operator:wikidata": null, "addr:county": null, "addr:town": null, "check_date:compressed_air": null, "compressed_air": null, "fuel:diesel": null, "fuel:octane_95": null, "healthcare": null, "was:shop": null, "check_date:opening_hours": null, "contact:phone": null, "toilets:access": null, "isced:level": null, "loc_name": null, "max_age": null, "min_age": null, "ref:edubase": null, "ref:edubase:group": null, "religion": null, "school": null, "school:boarding": null, "school:gender": null, "school:group:type": null, "school:type": null, "power": null, "bicycle_parking": null, "covered": null, "food": null, "bench": null, "shelter_type": null, "payment:credit_cards": null, "payment:debit_cards": null, "construction": null, "fixme": null }, "geometry": { "type": "Polygon", "coordinates": [ [ [ 430233.217916890338529, 432410.513180605485104 ], [ 430242.664434100908693, 432411.80902423162479 ], [ 430242.256728439999279, 432414.754877872299403 ], [ 430232.816805561713409, 432413.459077459294349 ], [ 430233.217916890338529, 432410.513180605485104 ] ] ] } },
{ "type": "Feature", "properties": { "addr:city": "Leeds", "addr:housename": null, "addr:postcode": null, "addr:street": "Kidacre Park", "addr:suburb": null, "addr:unit": null, "amenity": null, "brand": null, "brand:wikidata": null, "building": "yes", "cuisine": null, "fhrs:id": null, "internet_access": null, "name": null, "official_name": null, "opening_hours": null, "outdoor_seating": null, "phone": null, "source:addr": null, "takeaway": null, "toilets": null, "website": null, "osm_type": "way", "osm_id": 977037265, "postal_code": null, "building:levels": null, "elevator": null, "fee": null, "roof:shape": null, "source": null, "tourism": "apartment", "wheelchair": null, "wikidata": null, "wikipedia": null, "industrial": null, "historic": null, "office": null, "old_name": null, "addr:housenumber": null, "brand:wikipedia": null, "email": null, "operator": null, "payment:american_express": null, "payment:cash": null, "payment:cheque": null, "payment:mastercard": null, "payment:visa": null, "shop": null, "contact:website": null, "addr:country": null, "alt_name": null, "opening_hours:service": null, "club": null, "leisure": null, "sport": null, "access": null, "operator:type": null, "parking": null, "clothes": null, "roof:levels": null, "ref:GB:uprn": null, "branch": null, "check_date": null, "capacity": null, "landuse": null, "rooms": null, "bridge": null, "layer": null, "disused:amenity": null, "operator:website": null, "operator:wikidata": null, "addr:county": null, "addr:town": null, "check_date:compressed_air": null, "compressed_air": null, "fuel:diesel": null, "fuel:octane_95": null, "healthcare": null, "was:shop": null, "check_date:opening_hours": null, "contact:phone": null, "toilets:access": null, "isced:level": null, "loc_name": null, "max_age": null, "min_age": null, "ref:edubase": null, "ref:edubase:group": null, "religion": null, "school": null, "school:boarding": null, "school:gender": null, "school:group:type": null, "school:type": null, "power": null, "bicycle_parking": null, "covered": null, "food": null, "bench": null, "shelter_type": null, "payment:credit_cards": null, "payment:debit_cards": null, "construction": null, "fixme": null }, "geometry": { "type": "Polygon", "coordinates": [ [ [ 430217.453466720762663, 432408.086321367416531 ], [ 430226.893476016935892, 432409.370964848669246 ], [ 430226.492368589329999, 432412.316862225765362 ], [ 430217.045776667771861, 432411.032177139422856 ], [ 430217.453466720762663, 432408.086321367416531 ] ] ] } },
{ "type": "Feature", "properties": { "addr:city": "Leeds", "addr:housename": null, "addr:postcode": null, "addr:street": "Kidacre Park", "addr:suburb": null, "addr:unit": null, "amenity": null, "brand": null, "brand:wikidata": null, "building": "yes", "cuisine": null, "fhrs:id": null, "internet_access": null, "name": null, "official_name": null, "opening_hours": null, "outdoor_seating": null, "phone": null, "source:addr": null, "takeaway": null, "toilets": null, "website": null, "osm_type": "way", "osm_id": 977037266, "postal_code": null, "building:levels": null, "elevator": null, "fee": null, "roof:shape": null, "source": null, "tourism": "apartment", "wheelchair": null, "wikidata": null, "wikipedia": null, "industrial": null, "historic": null, "office": null, "old_name": null, "addr:housenumber": null, "brand:wikipedia": null, "email": null, "operator": null, "payment:american_express": null, "payment:cash": null, "payment:cheque": null, "payment:mastercard": null, "payment:visa": null, "shop": null, "contact:website": null, "addr:country": null, "alt_name": null, "opening_hours:service": null, "club": null, "leisure": null, "sport": null, "access": null, "operator:type": null, "parking": null, "clothes": null, "roof:levels": null, "ref:GB:uprn": null, "branch": null, "check_date": null, "capacity": null, "landuse": null, "rooms": null, "bridge": null, "layer": null, "disused:amenity": null, "operator:website": null, "operator:wikidata": null, "addr:county": null, "addr:town": null, "check_date:compressed_air": null, "compressed_air": null, "fuel:diesel": null, "fuel:octane_95": null, "healthcare": null, "was:shop": null, "check_date:opening_hours": null, "contact:phone": null, "toilets:access": null, "isced:level": null, "loc_name": null, "max_age": null, "min_age": null, "ref:edubase": null, "ref:edubase:group": null, "religion": null, "school": null, "school:boarding": null, "school:gender": null, "school:group:type": null, "school:type": null, "power": null, "bicycle_parking": null, "covered": null, "food": null, "bench": null, "shelter_type": null, "payment:credit_cards": null, "payment:debit_cards": null, "construction": null, "fixme": null }, "geometry": { "type": "Polygon", "coordinates": [ [ [ 430226.164056663634256, 432374.262683011358604 ], [ 430224.693608446628787, 432383.654972710763104 ], [ 430221.751332858810201, 432383.202111563528888 ], [ 430223.221846884989645, 432373.79869509045966 ], [ 430226.164056663634256, 432374.262683011358604 ] ] ] } },
{ "type": "Feature", "properties": { "addr:city": "Leeds", "addr:housename": null, "addr:postcode": null, "addr:street": "Kidacre Park", "addr:suburb": null, "addr:unit": null, "amenity": null, "brand": null, "brand:wikidata": null, "building": "yes", "cuisine": null, "fhrs:id": null, "internet_access": null, "name": null, "official_name": null, "opening_hours": null, "outdoor_seating": null, "phone": null, "source:addr": null, "takeaway": null, "toilets": null, "website": null, "osm_type": "way", "osm_id": 977037267, "postal_code": null, "building:levels": null, "elevator": null, "fee": null, "roof:shape": null, "source": null, "tourism": "apartment", "wheelchair": null, "wikidata": null, "wikipedia": null, "industrial": null, "historic": null, "office": null, "old_name": null, "addr:housenumber": null, "brand:wikipedia": null, "email": null, "operator": null, "payment:american_express": null, "payment:cash": null, "payment:cheque": null, "payment:mastercard": null, "payment:visa": null, "shop": null, "contact:website": null, "addr:country": null, "alt_name": null, "opening_hours:service": null, "club": null, "leisure": null, "sport": null, "access": null, "operator:type": null, "parking": null, "clothes": null, "roof:levels": null, "ref:GB:uprn": null, "branch": null, "check_date": null, "capacity": null, "landuse": null, "rooms": null, "bridge": null, "layer": null, "disused:amenity": null, "operator:website": null, "operator:wikidata": null, "addr:county": null, "addr:town": null, "check_date:compressed_air": null, "compressed_air": null, "fuel:diesel": null, "fuel:octane_95": null, "healthcare": null, "was:shop": null, "check_date:opening_hours": null, "contact:phone": null, "toilets:access": null, "isced:level": null, "loc_name": null, "max_age": null, "min_age": null, "ref:edubase": null, "ref:edubase:group": null, "religion": null, "school": null, "school:boarding": null, "school:gender": null, "school:group:type": null, "school:type": null, "power": null, "bicycle_parking": null, "covered": null, "food": null, "bench": null, "shelter_type": null, "payment:credit_cards": null, "payment:debit_cards": null, "construction": null, "fixme": null }, "geometry": { "type": "Polygon", "coordinates": [ [ [ 430232.657199784764089, 432369.675920715206303 ], [ 430241.422596776508726, 432373.415170231019147 ], [ 430240.245320555346552, 432376.155794622958638 ], [ 430231.486587965220679, 432372.405463818693534 ], [ 430232.657199784764089, 432369.675920715206303 ] ] ] } },
{ "type": "Feature", "properties": { "addr:city": "Leeds", "addr:housename": null, "addr:postcode": null, "addr:street": "Kidacre Park", "addr:suburb": null, "addr:unit": null, "amenity": null, "brand": null, "brand:wikidata": null, "building": "yes", "cuisine": null, "fhrs:id": null, "internet_access": null, "name": null, "official_name": null, "opening_hours": null, "outdoor_seating": null, "phone": null, "source:addr": null, "takeaway": null, "toilets": null, "website": null, "osm_type": "way", "osm_id": 977037268, "postal_code": null, "building:levels": null, "elevator": null, "fee": null, "roof:shape": null, "source": null, "tourism": "apartment", "wheelchair": null, "wikidata": null, "wikipedia": null, "industrial": null, "historic": null, "office": null, "old_name": null, "addr:housenumber": null, "brand:wikipedia": null, "email": null, "operator": null, "payment:american_express": null, "payment:cash": null, "payment:cheque": null, "payment:mastercard": null, "payment:visa": null, "shop": null, "contact:website": null, "addr:country": null, "alt_name": null, "opening_hours:service": null, "club": null, "leisure": null, "sport": null, "access": null, "operator:type": null, "parking": null, "clothes": null, "roof:levels": null, "ref:GB:uprn": null, "branch": null, "check_date": null, "capacity": null, "landuse": null, "rooms": null, "bridge": null, "layer": null, "disused:amenity": null, "operator:website": null, "operator:wikidata": null, "addr:county": null, "addr:town": null, "check_date:compressed_air": null, "compressed_air": null, "fuel:diesel": null, "fuel:octane_95": null, "healthcare": null, "was:shop": null, "check_date:opening_hours": null, "contact:phone": null, "toilets:access": null, "isced:level": null, "loc_name": null, "max_age": null, "min_age": null, "ref:edubase": null, "ref:edubase:group": null, "religion": null, "school": null, "school:boarding": null, "school:gender": null, "school:group:type": null, "school:type": null, "power": null, "bicycle_parking": null, "covered": null, "food": null, "bench": null, "shelter_type": null, "payment:credit_cards": null, "payment:debit_cards": null, "construction": null, "fixme": null }, "geometry": { "type": "Polygon", "coordinates": [ [ [ 430247.284664081525989, 432375.76719782082364 ], [ 430256.049966489896178, 432379.517600727383979 ], [ 430254.872754814045038, 432382.247095612576231 ], [ 430246.114045158668887, 432378.496737311827019 ], [ 430247.284664081525989, 432375.76719782082364 ] ] ] } },
{ "type": "Feature", "properties": { "addr:city": null, "addr:housename": "Leeds Dock", "addr:postcode": null, "addr:street": "The Parade", "addr:suburb": null, "addr:unit": null, "amenity": "bar", "brand": null, "brand:wikidata": null, "building": "yes", "cuisine": null, "fhrs:id": null, "internet_access": null, "name": "The Canary", "official_name": null, "opening_hours": null, "outdoor_seating": null, "phone": null, "source:addr": null, "takeaway": null, "toilets": null, "website": null, "osm_type": "way", "osm_id": 992685555, "postal_code": null, "building:levels": null, "elevator": null, "fee": null, "roof:shape": null, "source": null, "tourism": null, "wheelchair": null, "wikidata": null, "wikipedia": null, "industrial": null, "historic": null, "office": null, "old_name": null, "addr:housenumber": null, "brand:wikipedia": null, "email": "hello@canarybar.co.uk", "operator": null, "payment:american_express": null, "payment:cash": null, "payment:cheque": null, "payment:mastercard": null, "payment:visa": null, "shop": null, "contact:website": null, "addr:country": null, "alt_name": null, "opening_hours:service": null, "club": null, "leisure": null, "sport": null, "access": null, "operator:type": null, "parking": null, "clothes": null, "roof:levels": null, "ref:GB:uprn": null, "branch": null, "check_date": null, "capacity": null, "landuse": null, "rooms": null, "bridge": null, "layer": null, "disused:amenity": null, "operator:website": null, "operator:wikidata": null, "addr:county": null, "addr:town": null, "check_date:compressed_air": null, "compressed_air": null, "fuel:diesel": null, "fuel:octane_95": null, "healthcare": null, "was:shop": null, "check_date:opening_hours": null, "contact:phone": null, "toilets:access": null, "isced:level": null, "loc_name": null, "max_age": null, "min_age": null, "ref:edubase": null, "ref:edubase:group": null, "religion": null, "school": null, "school:boarding": null, "school:gender": null, "school:group:type": null, "school:type": null, "power": null, "bicycle_parking": null, "covered": null, "food": "yes", "bench": null, "shelter_type": null, "payment:credit_cards": null, "payment:debit_cards": null, "construction": null, "fixme": null }, "geometry": { "type": "Polygon", "coordinates": [ [ [ 430863.004266982025001, 432865.672151048784144 ], [ 430855.938647890696302, 432864.145908674574457 ], [ 430853.363702968170401, 432876.023065038723871 ], [ 430860.429304857971147, 432877.549303609295748 ], [ 430863.004266982025001, 432865.672151048784144 ] ] ] } },
{ "type": "Feature", "properties": { "addr:city": null, "addr:housename": null, "addr:postcode": null, "addr:street": null, "addr:suburb": null, "addr:unit": null, "amenity": null, "brand": null, "brand:wikidata": null, "building": "yes", "cuisine": null, "fhrs:id": null, "internet_access": null, "name": null, "official_name": null, "opening_hours": null, "outdoor_seating": null, "phone": null, "source:addr": null, "takeaway": null, "toilets": null, "website": null, "osm_type": "way", "osm_id": 1019466839, "postal_code": null, "building:levels": null, "elevator": null, "fee": null, "roof:shape": null, "source": null, "tourism": null, "wheelchair": null, "wikidata": null, "wikipedia": null, "industrial": null, "historic": null, "office": null, "old_name": null, "addr:housenumber": null, "brand:wikipedia": null, "email": null, "operator": null, "payment:american_express": null, "payment:cash": null, "payment:cheque": null, "payment:mastercard": null, "payment:visa": null, "shop": null, "contact:website": null, "addr:country": null, "alt_name": null, "opening_hours:service": null, "club": null, "leisure": null, "sport": null, "access": null, "operator:type": null, "parking": null, "clothes": null, "roof:levels": null, "ref:GB:uprn": null, "branch": null, "check_date": null, "capacity": null, "landuse": null, "rooms": null, "bridge": null, "layer": null, "disused:amenity": null, "operator:website": null, "operator:wikidata": null, "addr:county": null, "addr:town": null, "check_date:compressed_air": null, "compressed_air": null, "fuel:diesel": null, "fuel:octane_95": null, "healthcare": null, "was:shop": null, "check_date:opening_hours": null, "contact:phone": null, "toilets:access": null, "isced:level": null, "loc_name": null, "max_age": null, "min_age": null, "ref:edubase": null, "ref:edubase:group": null, "religion": null, "school": null, "school:boarding": null, "school:gender": null, "school:group:type": null, "school:type": null, "power": null, "bicycle_parking": null, "covered": null, "food": null, "bench": null, "shelter_type": null, "payment:credit_cards": null, "payment:debit_cards": null, "construction": null, "fixme": null }, "geometry": { "type": "Polygon", "coordinates": [ [ [ 430414.484245057450607, 432970.537610031082295 ], [ 430407.614114780386444, 432969.347101123887114 ], [ 430404.938338588806801, 432982.737024803063832 ], [ 430412.947973264730535, 432983.957163139246404 ], [ 430412.84360936115263, 432984.813216088223271 ], [ 430420.440550197381526, 432986.687148953555152 ], [ 430420.283411542186514, 432987.553986195824109 ], [ 430423.577994556748308, 432988.476565946126357 ], [ 430423.782833421137184, 432987.365258173667826 ], [ 430431.236495666380506, 432988.982374258921482 ], [ 430432.27053248451557, 432982.925215127877891 ], [ 430433.092349409067538, 432978.101705626235344 ], [ 430413.764792588946875, 432974.816594478208572 ], [ 430414.484245057450607, 432970.537610031082295 ] ] ] } },
{ "type": "Feature", "properties": { "addr:city": null, "addr:housename": null, "addr:postcode": null, "addr:street": null, "addr:suburb": null, "addr:unit": null, "amenity": null, "brand": null, "brand:wikidata": null, "building": "yes", "cuisine": null, "fhrs:id": null, "internet_access": null, "name": null, "official_name": null, "opening_hours": null, "outdoor_seating": null, "phone": null, "source:addr": null, "takeaway": null, "toilets": null, "website": null, "osm_type": "way", "osm_id": 1019466840, "postal_code": null, "building:levels": null, "elevator": null, "fee": null, "roof:shape": null, "source": null, "tourism": null, "wheelchair": null, "wikidata": null, "wikipedia": null, "industrial": null, "historic": null, "office": null, "old_name": null, "addr:housenumber": null, "brand:wikipedia": null, "email": null, "operator": null, "payment:american_express": null, "payment:cash": null, "payment:cheque": null, "payment:mastercard": null, "payment:visa": null, "shop": null, "contact:website": null, "addr:country": null, "alt_name": null, "opening_hours:service": null, "club": null, "leisure": null, "sport": null, "access": null, "operator:type": null, "parking": null, "clothes": null, "roof:levels": null, "ref:GB:uprn": null, "branch": null, "check_date": null, "capacity": null, "landuse": null, "rooms": null, "bridge": null, "layer": null, "disused:amenity": null, "operator:website": null, "operator:wikidata": null, "addr:county": null, "addr:town": null, "check_date:compressed_air": null, "compressed_air": null, "fuel:diesel": null, "fuel:octane_95": null, "healthcare": null, "was:shop": null, "check_date:opening_hours": null, "contact:phone": null, "toilets:access": null, "isced:level": null, "loc_name": null, "max_age": null, "min_age": null, "ref:edubase": null, "ref:edubase:group": null, "religion": null, "school": null, "school:boarding": null, "school:gender": null, "school:group:type": null, "school:type": null, "power": null, "bicycle_parking": null, "covered": null, "food": null, "bench": null, "shelter_type": null, "payment:credit_cards": null, "payment:debit_cards": null, "construction": null, "fixme": null }, "geometry": { "type": "Polygon", "coordinates": [ [ [ 430436.092254137503915, 432962.488628333085217 ], [ 430440.433575386239681, 432963.529268259182572 ], [ 430438.333666388993151, 432974.452857293887064 ], [ 430434.984139194653835, 432973.874827954452485 ], [ 430435.665913094126154, 432970.329941446310841 ], [ 430434.633159639430232, 432970.089594070916064 ], [ 430436.092254137503915, 432962.488628333085217 ] ] ] } },
{ "type": "Feature", "properties": { "addr:city": null, "addr:housename": null, "addr:postcode": null, "addr:street": null, "addr:suburb": null, "addr:unit": null, "amenity": null, "brand": null, "brand:wikidata": null, "building": "yes", "cuisine": null, "fhrs:id": null, "internet_access": null, "name": null, "official_name": null, "opening_hours": null, "outdoor_seating": null, "phone": null, "source:addr": null, "takeaway": null, "toilets": null, "website": null, "osm_type": "way", "osm_id": 1030210855, "postal_code": null, "building:levels": null, "elevator": null, "fee": null, "roof:shape": null, "source": null, "tourism": null, "wheelchair": null, "wikidata": null, "wikipedia": null, "industrial": null, "historic": null, "office": null, "old_name": null, "addr:housenumber": null, "brand:wikipedia": null, "email": null, "operator": null, "payment:american_express": null, "payment:cash": null, "payment:cheque": null, "payment:mastercard": null, "payment:visa": null, "shop": null, "contact:website": null, "addr:country": null, "alt_name": null, "opening_hours:service": null, "club": null, "leisure": null, "sport": null, "access": null, "operator:type": null, "parking": null, "clothes": null, "roof:levels": null, "ref:GB:uprn": null, "branch": null, "check_date": null, "capacity": null, "landuse": null, "rooms": null, "bridge": null, "layer": null, "disused:amenity": null, "operator:website": null, "operator:wikidata": null, "addr:county": null, "addr:town": null, "check_date:compressed_air": null, "compressed_air": null, "fuel:diesel": null, "fuel:octane_95": null, "healthcare": null, "was:shop": null, "check_date:opening_hours": null, "contact:phone": null, "toilets:access": null, "isced:level": null, "loc_name": null, "max_age": null, "min_age": null, "ref:edubase": null, "ref:edubase:group": null, "religion": null, "school": null, "school:boarding": null, "school:gender": null, "school:group:type": null, "school:type": null, "power": null, "bicycle_parking": null, "covered": null, "food": null, "bench": null, "shelter_type": null, "payment:credit_cards": null, "payment:debit_cards": null, "construction": null, "fixme": null }, "geometry": { "type": "Polygon", "coordinates": [ [ [ 430175.781886248500086, 432489.763848478207365 ], [ 430177.13961694232421, 432485.589070274843834 ], [ 430142.680138851574156, 432474.43058905529324 ], [ 430148.44689420319628, 432456.721100957482122 ], [ 430149.761934541747905, 432457.141217232332565 ], [ 430155.031334293133114, 432440.963978575426154 ], [ 430172.60641674452927, 432446.651150195742957 ], [ 430172.895437519997358, 432445.762900235131383 ], [ 430176.058038911083713, 432446.784589766641147 ], [ 430175.742091995838564, 432447.761677213013172 ], [ 430192.896252288192045, 432453.323831427842379 ], [ 430187.71409994084388, 432469.234557648072951 ], [ 430197.543652308406308, 432472.424250507145189 ], [ 430191.58853533747606, 432490.711038707639091 ], [ 430187.577855359239038, 432489.405728540383279 ], [ 430186.347798198112287, 432493.191902687773108 ], [ 430175.781886248500086, 432489.763848478207365 ] ] ] } },
{ "type": "Feature", "properties": { "addr:city": null, "addr:housename": null, "addr:postcode": null, "addr:street": null, "addr:suburb": null, "addr:unit": null, "amenity": null, "brand": null, "brand:wikidata": null, "building": "yes", "cuisine": null, "fhrs:id": null, "internet_access": null, "name": null, "official_name": null, "opening_hours": null, "outdoor_seating": null, "phone": null, "source:addr": null, "takeaway": null, "toilets": null, "website": null, "osm_type": "way", "osm_id": 1030210856, "postal_code": null, "building:levels": null, "elevator": null, "fee": null, "roof:shape": null, "source": null, "tourism": null, "wheelchair": null, "wikidata": null, "wikipedia": null, "industrial": null, "historic": null, "office": null, "old_name": null, "addr:housenumber": null, "brand:wikipedia": null, "email": null, "operator": null, "payment:american_express": null, "payment:cash": null, "payment:cheque": null, "payment:mastercard": null, "payment:visa": null, "shop": null, "contact:website": null, "addr:country": null, "alt_name": null, "opening_hours:service": null, "club": null, "leisure": null, "sport": null, "access": null, "operator:type": null, "parking": null, "clothes": null, "roof:levels": null, "ref:GB:uprn": null, "branch": null, "check_date": null, "capacity": null, "landuse": null, "rooms": null, "bridge": null, "layer": null, "disused:amenity": null, "operator:website": null, "operator:wikidata": null, "addr:county": null, "addr:town": null, "check_date:compressed_air": null, "compressed_air": null, "fuel:diesel": null, "fuel:octane_95": null, "healthcare": null, "was:shop": null, "check_date:opening_hours": null, "contact:phone": null, "toilets:access": null, "isced:level": null, "loc_name": null, "max_age": null, "min_age": null, "ref:edubase": null, "ref:edubase:group": null, "religion": null, "school": null, "school:boarding": null, "school:gender": null, "school:group:type": null, "school:type": null, "power": null, "bicycle_parking": null, "covered": null, "food": null, "bench": null, "shelter_type": null, "payment:credit_cards": null, "payment:debit_cards": null, "construction": null, "fixme": null }, "geometry": { "type": "Polygon", "coordinates": [ [ [ 430240.930758636735845, 432123.358794421423227 ], [ 430266.259805469249841, 432111.038198164198548 ], [ 430267.453888209769502, 432112.85948476602789 ], [ 430268.15460592485033, 432112.507957684458233 ], [ 430269.266409298172221, 432112.782154471147805 ], [ 430272.036853653786238, 432118.452185704489239 ], [ 430271.151073920889758, 432118.891530150314793 ], [ 430273.721200981875882, 432123.948323231074028 ], [ 430272.92831187415868, 432124.288129069958813 ], [ 430273.42282825242728, 432125.259307242929935 ], [ 430251.085907084925566, 432135.440626322291791 ], [ 430249.41591401345795, 432135.89717675128486 ], [ 430248.098570429254323, 432135.821934915264137 ], [ 430246.961490604560822, 432135.380685363314115 ], [ 430246.06254123407416, 432134.796327232732438 ], [ 430240.930758636735845, 432123.358794421423227 ] ] ] } },
{ "type": "Feature", "properties": { "addr:city": null, "addr:housename": null, "addr:postcode": null, "addr:street": null, "addr:suburb": null, "addr:unit": null, "amenity": null, "brand": null, "brand:wikidata": null, "building": "yes", "cuisine": null, "fhrs:id": null, "internet_access": null, "name": null, "official_name": null, "opening_hours": null, "outdoor_seating": null, "phone": null, "source:addr": null, "takeaway": null, "toilets": null, "website": null, "osm_type": "way", "osm_id": 1030210857, "postal_code": null, "building:levels": null, "elevator": null, "fee": null, "roof:shape": null, "source": null, "tourism": null, "wheelchair": null, "wikidata": null, "wikipedia": null, "industrial": null, "historic": null, "office": null, "old_name": null, "addr:housenumber": null, "brand:wikipedia": null, "email": null, "operator": null, "payment:american_express": null, "payment:cash": null, "payment:cheque": null, "payment:mastercard": null, "payment:visa": null, "shop": null, "contact:website": null, "addr:country": null, "alt_name": null, "opening_hours:service": null, "club": null, "leisure": null, "sport": null, "access": null, "operator:type": null, "parking": null, "clothes": null, "roof:levels": null, "ref:GB:uprn": "72155543", "branch": null, "check_date": null, "capacity": null, "landuse": null, "rooms": null, "bridge": null, "layer": null, "disused:amenity": null, "operator:website": null, "operator:wikidata": null, "addr:county": null, "addr:town": null, "check_date:compressed_air": null, "compressed_air": null, "fuel:diesel": null, "fuel:octane_95": null, "healthcare": null, "was:shop": null, "check_date:opening_hours": null, "contact:phone": null, "toilets:access": null, "isced:level": null, "loc_name": null, "max_age": null, "min_age": null, "ref:edubase": null, "ref:edubase:group": null, "religion": null, "school": null, "school:boarding": null, "school:gender": null, "school:group:type": null, "school:type": null, "power": null, "bicycle_parking": null, "covered": null, "food": null, "bench": null, "shelter_type": null, "payment:credit_cards": null, "payment:debit_cards": null, "construction": null, "fixme": null }, "geometry": { "type": "Polygon", "coordinates": [ [ [ 430211.060322047385853, 432134.90484985569492 ], [ 430215.825268159096595, 432147.040948437410407 ], [ 430239.469729372882284, 432138.436692794784904 ], [ 430235.174078146461397, 432126.081064082216471 ], [ 430211.060322047385853, 432134.90484985569492 ] ] ] } },
{ "type": "Feature", "properties": { "addr:city": null, "addr:housename": null, "addr:postcode": null, "addr:street": null, "addr:suburb": null, "addr:unit": null, "amenity": null, "brand": null, "brand:wikidata": null, "building": "yes", "cuisine": null, "fhrs:id": null, "internet_access": null, "name": null, "official_name": null, "opening_hours": null, "outdoor_seating": null, "phone": null, "source:addr": null, "takeaway": null, "toilets": null, "website": null, "osm_type": "way", "osm_id": 1030210858, "postal_code": null, "building:levels": null, "elevator": null, "fee": null, "roof:shape": null, "source": null, "tourism": null, "wheelchair": null, "wikidata": null, "wikipedia": null, "industrial": null, "historic": null, "office": null, "old_name": null, "addr:housenumber": null, "brand:wikipedia": null, "email": null, "operator": null, "payment:american_express": null, "payment:cash": null, "payment:cheque": null, "payment:mastercard": null, "payment:visa": null, "shop": null, "contact:website": null, "addr:country": null, "alt_name": null, "opening_hours:service": null, "club": null, "leisure": null, "sport": null, "access": null, "operator:type": null, "parking": null, "clothes": null, "roof:levels": null, "ref:GB:uprn": "72155542", "branch": null, "check_date": null, "capacity": null, "landuse": null, "rooms": null, "bridge": null, "layer": null, "disused:amenity": null, "operator:website": null, "operator:wikidata": null, "addr:county": null, "addr:town": null, "check_date:compressed_air": null, "compressed_air": null, "fuel:diesel": null, "fuel:octane_95": null, "healthcare": null, "was:shop": null, "check_date:opening_hours": null, "contact:phone": null, "toilets:access": null, "isced:level": null, "loc_name": null, "max_age": null, "min_age": null, "ref:edubase": null, "ref:edubase:group": null, "religion": null, "school": null, "school:boarding": null, "school:gender": null, "school:group:type": null, "school:type": null, "power": null, "bicycle_parking": null, "covered": null, "food": null, "bench": null, "shelter_type": null, "payment:credit_cards": null, "payment:debit_cards": null, "construction": null, "fixme": null }, "geometry": { "type": "Polygon", "coordinates": [ [ [ 430186.788565532129724, 432140.645750257070176 ], [ 430168.08500700967852, 432145.309903722954914 ], [ 430171.817576335335616, 432160.209782076184638 ], [ 430190.514419061713852, 432155.556727136485279 ], [ 430186.788565532129724, 432140.645750257070176 ] ] ] } },
{ "type": "Feature", "properties": { "addr:city": null, "addr:housename": null, "addr:postcode": null, "addr:street": null, "addr:suburb": null, "addr:unit": null, "amenity": null, "brand": null, "brand:wikidata": null, "building": "yes", "cuisine": null, "fhrs:id": null, "internet_access": null, "name": null, "official_name": null, "opening_hours": null, "outdoor_seating": null, "phone": null, "source:addr": null, "takeaway": null, "toilets": null, "website": null, "osm_type": "way", "osm_id": 1030210859, "postal_code": null, "building:levels": null, "elevator": null, "fee": null, "roof:shape": null, "source": null, "tourism": null, "wheelchair": null, "wikidata": null, "wikipedia": null, "industrial": null, "historic": null, "office": null, "old_name": null, "addr:housenumber": null, "brand:wikipedia": null, "email": null, "operator": null, "payment:american_express": null, "payment:cash": null, "payment:cheque": null, "payment:mastercard": null, "payment:visa": null, "shop": null, "contact:website": null, "addr:country": null, "alt_name": null, "opening_hours:service": null, "club": null, "leisure": null, "sport": null, "access": null, "operator:type": null, "parking": null, "clothes": null, "roof:levels": null, "ref:GB:uprn": null, "branch": null, "check_date": null, "capacity": null, "landuse": null, "rooms": null, "bridge": null, "layer": null, "disused:amenity": null, "operator:website": null, "operator:wikidata": null, "addr:county": null, "addr:town": null, "check_date:compressed_air": null, "compressed_air": null, "fuel:diesel": null, "fuel:octane_95": null, "healthcare": null, "was:shop": null, "check_date:opening_hours": null, "contact:phone": null, "toilets:access": null, "isced:level": null, "loc_name": null, "max_age": null, "min_age": null, "ref:edubase": null, "ref:edubase:group": null, "religion": null, "school": null, "school:boarding": null, "school:gender": null, "school:group:type": null, "school:type": null, "power": null, "bicycle_parking": null, "covered": null, "food": null, "bench": null, "shelter_type": null, "payment:credit_cards": null, "payment:debit_cards": null, "construction": null, "fixme": null }, "geometry": { "type": "Polygon", "coordinates": [ [ [ 430133.274078322399873, 432154.643962668138556 ], [ 430151.825484839675482, 432152.114949202630669 ], [ 430153.559990981768351, 432164.1870252242079 ], [ 430135.104179971502163, 432167.228455873439088 ], [ 430133.274078322399873, 432154.643962668138556 ] ] ] } },
{ "type": "Feature", "properties": { "addr:city": null, "addr:housename": null, "addr:postcode": null, "addr:street": null, "addr:suburb": null, "addr:unit": null, "amenity": "shelter", "brand": null, "brand:wikidata": null, "building": "yes", "cuisine": null, "fhrs:id": null, "internet_access": null, "name": null, "official_name": null, "opening_hours": null, "outdoor_seating": null, "phone": null, "source:addr": null, "takeaway": null, "toilets": null, "website": null, "osm_type": "way", "osm_id": 1030764032, "postal_code": null, "building:levels": null, "elevator": null, "fee": null, "roof:shape": null, "source": null, "tourism": null, "wheelchair": null, "wikidata": null, "wikipedia": null, "industrial": null, "historic": null, "office": null, "old_name": null, "addr:housenumber": null, "brand:wikipedia": null, "email": null, "operator": null, "payment:american_express": null, "payment:cash": null, "payment:cheque": null, "payment:mastercard": null, "payment:visa": null, "shop": null, "contact:website": null, "addr:country": null, "alt_name": null, "opening_hours:service": null, "club": null, "leisure": null, "sport": null, "access": null, "operator:type": null, "parking": null, "clothes": null, "roof:levels": null, "ref:GB:uprn": null, "branch": null, "check_date": null, "capacity": null, "landuse": null, "rooms": null, "bridge": null, "layer": null, "disused:amenity": null, "operator:website": null, "operator:wikidata": null, "addr:county": null, "addr:town": null, "check_date:compressed_air": null, "compressed_air": null, "fuel:diesel": null, "fuel:octane_95": null, "healthcare": null, "was:shop": null, "check_date:opening_hours": null, "contact:phone": null, "toilets:access": null, "isced:level": null, "loc_name": null, "max_age": null, "min_age": null, "ref:edubase": null, "ref:edubase:group": null, "religion": null, "school": null, "school:boarding": null, "school:gender": null, "school:group:type": null, "school:type": null, "power": null, "bicycle_parking": null, "covered": null, "food": null, "bench": "yes", "shelter_type": "public_transport", "payment:credit_cards": null, "payment:debit_cards": null, "construction": null, "fixme": null }, "geometry": { "type": "Polygon", "coordinates": [ [ [ 430865.143836614734028, 432888.962556807789952 ], [ 430865.770764683606103, 432886.797038004733622 ], [ 430867.901266424916685, 432887.411866936599836 ], [ 430867.274337444570847, 432889.577385459211655 ], [ 430865.143836614734028, 432888.962556807789952 ] ] ] } },
{ "type": "Feature", "properties": { "addr:city": null, "addr:housename": null, "addr:postcode": null, "addr:street": null, "addr:suburb": null, "addr:unit": null, "amenity": null, "brand": null, "brand:wikidata": null, "building": "lock_house", "cuisine": null, "fhrs:id": null, "internet_access": null, "name": null, "official_name": null, "opening_hours": null, "outdoor_seating": null, "phone": null, "source:addr": null, "takeaway": null, "toilets": null, "website": null, "osm_type": "way", "osm_id": 1054819539, "postal_code": null, "building:levels": null, "elevator": null, "fee": null, "roof:shape": null, "source": null, "tourism": null, "wheelchair": null, "wikidata": null, "wikipedia": null, "industrial": null, "historic": null, "office": null, "old_name": null, "addr:housenumber": null, "brand:wikipedia": null, "email": null, "operator": null, "payment:american_express": null, "payment:cash": null, "payment:cheque": null, "payment:mastercard": null, "payment:visa": null, "shop": null, "contact:website": null, "addr:country": null, "alt_name": null, "opening_hours:service": null, "club": null, "leisure": null, "sport": null, "access": null, "operator:type": null, "parking": null, "clothes": null, "roof:levels": null, "ref:GB:uprn": null, "branch": null, "check_date": null, "capacity": null, "landuse": null, "rooms": null, "bridge": null, "layer": null, "disused:amenity": null, "operator:website": null, "operator:wikidata": null, "addr:county": null, "addr:town": null, "check_date:compressed_air": null, "compressed_air": null, "fuel:diesel": null, "fuel:octane_95": null, "healthcare": null, "was:shop": null, "check_date:opening_hours": null, "contact:phone": null, "toilets:access": null, "isced:level": null, "loc_name": null, "max_age": null, "min_age": null, "ref:edubase": null, "ref:edubase:group": null, "religion": null, "school": null, "school:boarding": null, "school:gender": null, "school:group:type": null, "school:type": null, "power": null, "bicycle_parking": null, "covered": null, "food": null, "bench": null, "shelter_type": null, "payment:credit_cards": null, "payment:debit_cards": null, "construction": null, "fixme": null }, "geometry": { "type": "Polygon", "coordinates": [ [ [ 430888.331220346153714, 433005.541269368259236 ], [ 430893.382776041980833, 433002.748408911982551 ], [ 430891.204315060283989, 432998.417047529597767 ], [ 430886.322937175573315, 433001.377925238688476 ], [ 430888.331220346153714, 433005.541269368259236 ] ] ] } },
{ "type": "Feature", "properties": { "addr:city": null, "addr:housename": null, "addr:postcode": null, "addr:street": null, "addr:suburb": null, "addr:unit": null, "amenity": "bicycle_parking", "brand": null, "brand:wikidata": null, "building": "yes", "cuisine": null, "fhrs:id": null, "internet_access": null, "name": null, "official_name": null, "opening_hours": null, "outdoor_seating": null, "phone": null, "source:addr": null, "takeaway": null, "toilets": null, "website": null, "osm_type": "way", "osm_id": 1180534827, "postal_code": null, "building:levels": null, "elevator": null, "fee": null, "roof:shape": null, "source": null, "tourism": null, "wheelchair": null, "wikidata": null, "wikipedia": null, "industrial": null, "historic": null, "office": null, "old_name": null, "addr:housenumber": null, "brand:wikipedia": null, "email": null, "operator": null, "payment:american_express": null, "payment:cash": null, "payment:cheque": null, "payment:mastercard": null, "payment:visa": null, "shop": null, "contact:website": null, "addr:country": null, "alt_name": null, "opening_hours:service": null, "club": null, "leisure": null, "sport": null, "access": null, "operator:type": null, "parking": null, "clothes": null, "roof:levels": null, "ref:GB:uprn": null, "branch": null, "check_date": null, "capacity": null, "landuse": null, "rooms": null, "bridge": null, "layer": null, "disused:amenity": null, "operator:website": null, "operator:wikidata": null, "addr:county": null, "addr:town": null, "check_date:compressed_air": null, "compressed_air": null, "fuel:diesel": null, "fuel:octane_95": null, "healthcare": null, "was:shop": null, "check_date:opening_hours": null, "contact:phone": null, "toilets:access": null, "isced:level": null, "loc_name": null, "max_age": null, "min_age": null, "ref:edubase": null, "ref:edubase:group": null, "religion": null, "school": null, "school:boarding": null, "school:gender": null, "school:group:type": null, "school:type": null, "power": null, "bicycle_parking": "shed", "covered": null, "food": null, "bench": null, "shelter_type": null, "payment:credit_cards": null, "payment:debit_cards": null, "construction": null, "fixme": null }, "geometry": { "type": "Polygon", "coordinates": [ [ [ 430871.707188266736921, 432678.283629223704338 ], [ 430879.423534072644543, 432675.074343973770738 ], [ 430884.911355429911055, 432674.120189825771376 ], [ 430890.149711066565942, 432675.033628759440035 ], [ 430896.777349856565706, 432678.081348516396247 ], [ 430898.716525345807895, 432674.745075148297474 ], [ 430893.200957096647471, 432671.904943283647299 ], [ 430888.085722082934808, 432670.302476798067801 ], [ 430882.369138083711732, 432669.975591890164651 ], [ 430876.296583451097831, 432671.682496331515722 ], [ 430869.985038010810968, 432674.66736831353046 ], [ 430871.707188266736921, 432678.283629223704338 ] ] ] } },
{ "type": "Feature", "properties": { "addr:city": "Leeds", "addr:housename": "Hold Fast Leeds", "addr:postcode": "LS10 1LJ", "addr:street": "Leeds Dock", "addr:suburb": null, "addr:unit": null, "amenity": null, "brand": null, "brand:wikidata": null, "building": "yes", "cuisine": null, "fhrs:id": null, "internet_access": null, "name": "Hold Fast Bookshop", "official_name": null, "opening_hours": "Mo-We off, Th 11:00-20:00, Fr 11:00-18:00, Sa 10:00-17:00, Su 11:00-16:00", "outdoor_seating": null, "phone": null, "source:addr": null, "takeaway": null, "toilets": null, "website": "https://holdfastleeds.co.uk/", "osm_type": "way", "osm_id": 1284659468, "postal_code": null, "building:levels": null, "elevator": null, "fee": null, "roof:shape": null, "source": null, "tourism": null, "wheelchair": "no", "wikidata": null, "wikipedia": null, "industrial": null, "historic": null, "office": null, "old_name": null, "addr:housenumber": null, "brand:wikipedia": null, "email": null, "operator": "Holdfast", "payment:american_express": null, "payment:cash": null, "payment:cheque": null, "payment:mastercard": null, "payment:visa": null, "shop": "books", "contact:website": null, "addr:country": null, "alt_name": null, "opening_hours:service": null, "club": null, "leisure": null, "sport": null, "access": null, "operator:type": null, "parking": null, "clothes": null, "roof:levels": null, "ref:GB:uprn": null, "branch": null, "check_date": null, "capacity": null, "landuse": null, "rooms": null, "bridge": null, "layer": null, "disused:amenity": null, "operator:website": null, "operator:wikidata": null, "addr:county": null, "addr:town": null, "check_date:compressed_air": null, "compressed_air": null, "fuel:diesel": null, "fuel:octane_95": null, "healthcare": null, "was:shop": null, "check_date:opening_hours": null, "contact:phone": null, "toilets:access": null, "isced:level": null, "loc_name": null, "max_age": null, "min_age": null, "ref:edubase": null, "ref:edubase:group": null, "religion": null, "school": null, "school:boarding": null, "school:gender": null, "school:group:type": null, "school:type": null, "power": null, "bicycle_parking": null, "covered": null, "food": null, "bench": null, "shelter_type": null, "payment:credit_cards": "yes", "payment:debit_cards": "yes", "construction": null, "fixme": null }, "geometry": { "type": "Polygon", "coordinates": [ [ [ 430846.184114158560988, 432835.68735286872834 ], [ 430845.790000543929636, 432834.505369958351366 ], [ 430844.640482330927625, 432833.986006227438338 ], [ 430843.454297202988528, 432834.033846144680865 ], [ 430842.619546240952332, 432834.740449834382161 ], [ 430839.244368495128583, 432849.093534634448588 ], [ 430840.014794559101574, 432850.155598698998801 ], [ 430841.613380189985037, 432850.511015596101061 ], [ 430842.935264825297054, 432849.863243307219818 ], [ 430846.184114158560988, 432835.68735286872834 ] ] ] } },
{ "type": "Feature", "properties": { "addr:city": null, "addr:housename": null, "addr:postcode": null, "addr:street": null, "addr:suburb": null, "addr:unit": null, "amenity": null, "brand": null, "brand:wikidata": null, "building": "construction", "cuisine": null, "fhrs:id": null, "internet_access": null, "name": "Plot MU4", "official_name": null, "opening_hours": null, "outdoor_seating": null, "phone": null, "source:addr": null, "takeaway": null, "toilets": null, "website": null, "osm_type": "way", "osm_id": 1360136532, "postal_code": null, "building:levels": null, "elevator": null, "fee": null, "roof:shape": null, "source": null, "tourism": null, "wheelchair": null, "wikidata": null, "wikipedia": null, "industrial": null, "historic": null, "office": null, "old_name": null, "addr:housenumber": null, "brand:wikipedia": null, "email": null, "operator": null, "payment:american_express": null, "payment:cash": null, "payment:cheque": null, "payment:mastercard": null, "payment:visa": null, "shop": null, "contact:website": null, "addr:country": null, "alt_name": null, "opening_hours:service": null, "club": null, "leisure": null, "sport": null, "access": null, "operator:type": null, "parking": null, "clothes": null, "roof:levels": null, "ref:GB:uprn": null, "branch": null, "check_date": null, "capacity": null, "landuse": null, "rooms": null, "bridge": null, "layer": null, "disused:amenity": null, "operator:website": null, "operator:wikidata": null, "addr:county": null, "addr:town": null, "check_date:compressed_air": null, "compressed_air": null, "fuel:diesel": null, "fuel:octane_95": null, "healthcare": null, "was:shop": null, "check_date:opening_hours": null, "contact:phone": null, "toilets:access": null, "isced:level": null, "loc_name": null, "max_age": null, "min_age": null, "ref:edubase": null, "ref:edubase:group": null, "religion": null, "school": null, "school:boarding": null, "school:gender": null, "school:group:type": null, "school:type": null, "power": null, "bicycle_parking": null, "covered": null, "food": null, "bench": null, "shelter_type": null, "payment:credit_cards": null, "payment:debit_cards": null, "construction": "office", "fixme": "rough outline, needs updating once aerial imagery better" }, "geometry": { "type": "Polygon", "coordinates": [ [ [ 430451.168847106106114, 433041.216298622079194 ], [ 430452.799069028522354, 433029.577581518795341 ], [ 430452.548382822074927, 433019.473228803602979 ], [ 430449.828052290191408, 433009.241596584906802 ], [ 430444.875026215217076, 432996.88148257881403 ], [ 430389.100202155590523, 433018.472465949715115 ], [ 430384.021395434276201, 433021.454839435871691 ], [ 430382.619061306817457, 433024.371995184454136 ], [ 430383.084947209223174, 433027.712914645322599 ], [ 430385.92319942539325, 433029.923171935370192 ], [ 430390.731396569870412, 433031.089177536312491 ], [ 430451.168847106106114, 433041.216298622079194 ] ] ] } },
{ "type": "Feature", "properties": { "addr:city": null, "addr:housename": null, "addr:postcode": null, "addr:street": null, "addr:suburb": null, "addr:unit": null, "amenity": null, "brand": null, "brand:wikidata": null, "building": "office", "cuisine": null, "fhrs:id": null, "internet_access": null, "name": null, "official_name": null, "opening_hours": null, "outdoor_seating": null, "phone": null, "source:addr": null, "takeaway": null, "toilets": null, "website": null, "osm_type": "way", "osm_id": 1360136543, "postal_code": null, "building:levels": null, "elevator": null, "fee": null, "roof:shape": null, "source": null, "tourism": null, "wheelchair": null, "wikidata": null, "wikipedia": null, "industrial": null, "historic": null, "office": null, "old_name": null, "addr:housenumber": null, "brand:wikipedia": null, "email": null, "operator": null, "payment:american_express": null, "payment:cash": null, "payment:cheque": null, "payment:mastercard": null, "payment:visa": null, "shop": null, "contact:website": null, "addr:country": null, "alt_name": null, "opening_hours:service": null, "club": null, "leisure": null, "sport": null, "access": null, "operator:type": null, "parking": null, "clothes": null, "roof:levels": null, "ref:GB:uprn": null, "branch": null, "check_date": null, "capacity": null, "landuse": null, "rooms": null, "bridge": null, "layer": null, "disused:amenity": null, "operator:website": null, "operator:wikidata": null, "addr:county": null, "addr:town": null, "check_date:compressed_air": null, "compressed_air": null, "fuel:diesel": null, "fuel:octane_95": null, "healthcare": null, "was:shop": null, "check_date:opening_hours": null, "contact:phone": null, "toilets:access": null, "isced:level": null, "loc_name": null, "max_age": null, "min_age": null, "ref:edubase": null, "ref:edubase:group": null, "religion": null, "school": null, "school:boarding": null, "school:gender": null, "school:group:type": null, "school:type": null, "power": null, "bicycle_parking": null, "covered": null, "food": null, "bench": null, "shelter_type": null, "payment:credit_cards": null, "payment:debit_cards": null, "construction": null, "fixme": null }, "geometry": { "type": "Polygon", "coordinates": [ [ [ 430310.166929891507607, 432964.945232001133263 ], [ 430286.288956479344051, 432969.519857768085785 ], [ 430278.868966618843842, 432930.99710154812783 ], [ 430269.258353872050066, 432932.837744940188713 ], [ 430265.713890239538159, 432914.456428644014522 ], [ 430299.202862612437457, 432908.029969714581966 ], [ 430310.166929891507607, 432964.945232001133263 ] ] ] } },
{ "type": "Feature", "properties": { "addr:city": null, "addr:housename": null, "addr:postcode": null, "addr:street": null, "addr:suburb": null, "addr:unit": null, "amenity": null, "brand": null, "brand:wikidata": null, "building": "construction", "cuisine": null, "fhrs:id": null, "internet_access": null, "name": null, "official_name": null, "opening_hours": null, "outdoor_seating": null, "phone": null, "source:addr": null, "takeaway": null, "toilets": null, "website": null, "osm_type": "way", "osm_id": 1415299798, "postal_code": null, "building:levels": null, "elevator": null, "fee": null, "roof:shape": null, "source": null, "tourism": null, "wheelchair": null, "wikidata": null, "wikipedia": null, "industrial": null, "historic": null, "office": null, "old_name": null, "addr:housenumber": null, "brand:wikipedia": null, "email": null, "operator": null, "payment:american_express": null, "payment:cash": null, "payment:cheque": null, "payment:mastercard": null, "payment:visa": null, "shop": null, "contact:website": null, "addr:country": null, "alt_name": null, "opening_hours:service": null, "club": null, "leisure": null, "sport": null, "access": null, "operator:type": null, "parking": null, "clothes": null, "roof:levels": null, "ref:GB:uprn": null, "branch": null, "check_date": "2025-07-17", "capacity": null, "landuse": null, "rooms": null, "bridge": null, "layer": null, "disused:amenity": null, "operator:website": null, "operator:wikidata": null, "addr:county": null, "addr:town": null, "check_date:compressed_air": null, "compressed_air": null, "fuel:diesel": null, "fuel:octane_95": null, "healthcare": null, "was:shop": null, "check_date:opening_hours": null, "contact:phone": null, "toilets:access": null, "isced:level": null, "loc_name": null, "max_age": null, "min_age": null, "ref:edubase": null, "ref:edubase:group": null, "religion": null, "school": null, "school:boarding": null, "school:gender": null, "school:group:type": null, "school:type": null, "power": null, "bicycle_parking": null, "covered": null, "food": null, "bench": null, "shelter_type": null, "payment:credit_cards": null, "payment:debit_cards": null, "construction": null, "fixme": null }, "geometry": { "type": "Polygon", "coordinates": [ [ [ 430720.930838971631601, 432695.564261152292602 ], [ 430670.897909976716619, 432709.8238477044506 ], [ 430651.652331476507243, 432672.63631084759254 ], [ 430651.489058900682721, 432666.35998378531076 ], [ 430666.109410266915802, 432666.255164125934243 ], [ 430666.085578771715518, 432669.904451356967911 ], [ 430676.892181516333949, 432692.850812839460559 ], [ 430716.755718273925595, 432681.172828312846832 ], [ 430720.930838971631601, 432695.564261152292602 ] ] ] } },
{ "type": "Feature", "properties": { "addr:city": null, "addr:housename": null, "addr:postcode": null, "addr:street": null, "addr:suburb": null, "addr:unit": null, "amenity": null, "brand": null, "brand:wikidata": null, "building": "construction", "cuisine": null, "fhrs:id": null, "internet_access": null, "name": null, "official_name": null, "opening_hours": null, "outdoor_seating": null, "phone": null, "source:addr": null, "takeaway": null, "toilets": null, "website": null, "osm_type": "way", "osm_id": 1415299799, "postal_code": null, "building:levels": null, "elevator": null, "fee": null, "roof:shape": null, "source": null, "tourism": null, "wheelchair": null, "wikidata": null, "wikipedia": null, "industrial": null, "historic": null, "office": null, "old_name": null, "addr:housenumber": null, "brand:wikipedia": null, "email": null, "operator": null, "payment:american_express": null, "payment:cash": null, "payment:cheque": null, "payment:mastercard": null, "payment:visa": null, "shop": null, "contact:website": null, "addr:country": null, "alt_name": null, "opening_hours:service": null, "club": null, "leisure": null, "sport": null, "access": null, "operator:type": null, "parking": null, "clothes": null, "roof:levels": null, "ref:GB:uprn": null, "branch": null, "check_date": "2025-07-17", "capacity": null, "landuse": null, "rooms": null, "bridge": null, "layer": null, "disused:amenity": null, "operator:website": null, "operator:wikidata": null, "addr:county": null, "addr:town": null, "check_date:compressed_air": null, "compressed_air": null, "fuel:diesel": null, "fuel:octane_95": null, "healthcare": null, "was:shop": null, "check_date:opening_hours": null, "contact:phone": null, "toilets:access": null, "isced:level": null, "loc_name": null, "max_age": null, "min_age": null, "ref:edubase": null, "ref:edubase:group": null, "religion": null, "school": null, "school:boarding": null, "school:gender": null, "school:group:type": null, "school:type": null, "power": null, "bicycle_parking": null, "covered": null, "food": null, "bench": null, "shelter_type": null, "payment:credit_cards": null, "payment:debit_cards": null, "construction": null, "fixme": null }, "geometry": { "type": "Polygon", "coordinates": [ [ [ 430723.584371414734051, 432661.568364671431482 ], [ 430737.935586366860662, 432670.374216261669062 ], [ 430766.080928206210956, 432650.308573618531227 ], [ 430740.216614685254171, 432632.915595556376502 ], [ 430737.344016727176495, 432636.946783664287068 ], [ 430710.055092099530157, 432619.756050477153622 ], [ 430713.134563986968715, 432614.313152380753309 ], [ 430682.996617628552485, 432597.515622004051693 ], [ 430651.231263828871306, 432644.283623430528678 ], [ 430651.200835590832867, 432648.945365247316658 ], [ 430647.951572112680878, 432649.124431986594573 ], [ 430647.47042194189271, 432660.258767637307756 ], [ 430663.5046249377192, 432660.563715903321281 ], [ 430663.565433499810752, 432651.251358090667054 ], [ 430684.697210071608424, 432617.565289478981867 ], [ 430695.414666265132837, 432622.909222973161377 ], [ 430695.567264395300299, 432630.809929091250524 ], [ 430729.524579330172855, 432652.895300358533859 ], [ 430723.584371414734051, 432661.568364671431482 ] ] ] } },
{ "type": "Feature", "properties": { "addr:city": null, "addr:housename": null, "addr:postcode": null, "addr:street": null, "addr:suburb": null, "addr:unit": null, "amenity": null, "brand": null, "brand:wikidata": null, "building": "construction", "cuisine": null, "fhrs:id": null, "internet_access": null, "name": null, "official_name": null, "opening_hours": null, "outdoor_seating": null, "phone": null, "source:addr": null, "takeaway": null, "toilets": null, "website": null, "osm_type": "way", "osm_id": 1415299800, "postal_code": null, "building:levels": null, "elevator": null, "fee": null, "roof:shape": null, "source": null, "tourism": null, "wheelchair": null, "wikidata": null, "wikipedia": null, "industrial": null, "historic": null, "office": null, "old_name": null, "addr:housenumber": null, "brand:wikipedia": null, "email": null, "operator": null, "payment:american_express": null, "payment:cash": null, "payment:cheque": null, "payment:mastercard": null, "payment:visa": null, "shop": null, "contact:website": null, "addr:country": null, "alt_name": null, "opening_hours:service": null, "club": null, "leisure": null, "sport": null, "access": null, "operator:type": null, "parking": null, "clothes": null, "roof:levels": null, "ref:GB:uprn": null, "branch": null, "check_date": "2025-07-17", "capacity": null, "landuse": null, "rooms": null, "bridge": null, "layer": null, "disused:amenity": null, "operator:website": null, "operator:wikidata": null, "addr:county": null, "addr:town": null, "check_date:compressed_air": null, "compressed_air": null, "fuel:diesel": null, "fuel:octane_95": null, "healthcare": null, "was:shop": null, "check_date:opening_hours": null, "contact:phone": null, "toilets:access": null, "isced:level": null, "loc_name": null, "max_age": null, "min_age": null, "ref:edubase": null, "ref:edubase:group": null, "religion": null, "school": null, "school:boarding": null, "school:gender": null, "school:group:type": null, "school:type": null, "power": null, "bicycle_parking": null, "covered": null, "food": null, "bench": null, "shelter_type": null, "payment:credit_cards": null, "payment:debit_cards": null, "construction": null, "fixme": null }, "geometry": { "type": "Polygon", "coordinates": [ [ [ 430734.675496518437285, 432610.804645002586767 ], [ 430700.750992250337731, 432583.65696600463707 ], [ 430724.519960365316365, 432549.788042360800318 ], [ 430730.575720555149019, 432554.68988206028007 ], [ 430728.177879511087667, 432548.588077943306416 ], [ 430774.993623004818801, 432561.055750861298293 ], [ 430800.866238158487249, 432577.225072325440124 ], [ 430760.331741002970375, 432629.809548458550125 ], [ 430745.178075435222127, 432618.773105370113626 ], [ 430770.98431704309769, 432583.70498107210733 ], [ 430736.540076205623336, 432573.554700929089449 ], [ 430728.556017898546997, 432584.439651851076633 ], [ 430739.866397044155747, 432592.813933925703168 ], [ 430740.617026172752958, 432601.9424552784767 ], [ 430734.675496518437285, 432610.804645002586767 ] ] ] } },
{ "type": "Feature", "properties": { "addr:city": null, "addr:housename": null, "addr:postcode": null, "addr:street": null, "addr:suburb": null, "addr:unit": null, "amenity": null, "brand": null, "brand:wikidata": null, "building": "commercial", "cuisine": null, "fhrs:id": null, "internet_access": null, "name": null, "official_name": null, "opening_hours": null, "outdoor_seating": null, "phone": null, "source:addr": null, "takeaway": null, "toilets": null, "website": null, "osm_type": "way", "osm_id": 1436289319, "postal_code": null, "building:levels": null, "elevator": null, "fee": null, "roof:shape": null, "source": null, "tourism": null, "wheelchair": null, "wikidata": null, "wikipedia": null, "industrial": null, "historic": null, "office": null, "old_name": null, "addr:housenumber": null, "brand:wikipedia": null, "email": null, "operator": null, "payment:american_express": null, "payment:cash": null, "payment:cheque": null, "payment:mastercard": null, "payment:visa": null, "shop": null, "contact:website": null, "addr:country": null, "alt_name": null, "opening_hours:service": null, "club": null, "leisure": null, "sport": null, "access": null, "operator:type": null, "parking": null, "clothes": null, "roof:levels": null, "ref:GB:uprn": null, "branch": null, "check_date": null, "capacity": null, "landuse": null, "rooms": null, "bridge": null, "layer": null, "disused:amenity": null, "operator:website": null, "operator:wikidata": null, "addr:county": null, "addr:town": null, "check_date:compressed_air": null, "compressed_air": null, "fuel:diesel": null, "fuel:octane_95": null, "healthcare": null, "was:shop": null, "check_date:opening_hours": null, "contact:phone": null, "toilets:access": null, "isced:level": null, "loc_name": null, "max_age": null, "min_age": null, "ref:edubase": null, "ref:edubase:group": null, "religion": null, "school": null, "school:boarding": null, "school:gender": null, "school:group:type": null, "school:type": null, "power": null, "bicycle_parking": null, "covered": null, "food": null, "bench": null, "shelter_type": null, "payment:credit_cards": null, "payment:debit_cards": null, "construction": null, "fixme": null }, "geometry": { "type": "Polygon", "coordinates": [ [ [ 430521.038700578967109, 432881.250208730809391 ], [ 430515.13010858540656, 432876.038054366596043 ], [ 430521.986150340526365, 432854.074693728121929 ], [ 430534.606797910004389, 432866.573752505937591 ], [ 430521.038700578967109, 432881.250208730809391 ] ] ] } }
]
}
