{
"type": "FeatureCollection",
"name": "se3331_rgb_250_04_osm_buildings",
"crs": { "type": "name", "properties": { "name": "urn:ogc:def:crs:EPSG::27700" } },
"features": [
{ "type": "Feature", "properties": { "building": "industrial", "osm_type": "way", "osm_id": 195442202, "addr:city": null, "addr:housenumber": null, "addr:postcode": null, "addr:street": null, "addr:suburb": null, "name": null, "fhrs:id": null, "operator": null, "natural": null, "water": null, "man_made": null, "operator:wikidata": null, "power": null, "ref": null, "substation": null, "voltage": null, "layer": null, "addr:housename": null, "amenity": null, "brand": null, "brand:wikidata": null, "operator:type": null, "generator:method": null, "generator:output:electricity": null, "generator:source": null }, "geometry": { "type": "Polygon", "coordinates": [ [ [ 433127.466776281769853, 431897.062871868372895 ], [ 433137.77004299510736, 431896.523618626059033 ], [ 433137.421013057872187, 431889.956580626545474 ], [ 433185.371110507054254, 431887.45797323435545 ], [ 433183.47219069377752, 431851.250377964926884 ], [ 433145.666865688341204, 431853.21977981121745 ], [ 433146.300201645062771, 431865.251886329380795 ], [ 433131.712038822181057, 431866.016794116701931 ], [ 433132.443295157805551, 431880.052341120550409 ], [ 433126.589614747383166, 431880.35596066864673 ], [ 433127.466776281769853, 431897.062871868372895 ] ] ] } },
{ "type": "Feature", "properties": { "building": "industrial", "osm_type": "way", "osm_id": 195442207, "addr:city": "Leeds", "addr:housenumber": "41", "addr:postcode": "LS9 0SW", "addr:street": "Knowsthorpe Way", "addr:suburb": "Cross Green", "name": "Everbuild Sika", "fhrs:id": null, "operator": null, "natural": null, "water": null, "man_made": null, "operator:wikidata": null, "power": null, "ref": null, "substation": null, "voltage": null, "layer": null, "addr:housename": null, "amenity": null, "brand": null, "brand:wikidata": null, "operator:type": null, "generator:method": null, "generator:output:electricity": null, "generator:source": null }, "geometry": { "type": "Polygon", "coordinates": [ [ [ 432953.607669541146606, 431877.42538253904786 ], [ 433080.253057565481868, 431868.947415429633111 ], [ 433078.904958159604575, 431848.910405833739787 ], [ 433093.085960960714146, 431847.953314833692275 ], [ 433085.133802555617876, 431729.890734340529889 ], [ 433069.713000535673928, 431730.928133354405873 ], [ 433071.920421394694131, 431763.699782590265386 ], [ 433032.811638449551538, 431766.328506979392841 ], [ 433031.725295122887474, 431750.2654801675817 ], [ 433005.063820991024841, 431752.047391176223755 ], [ 433005.642548472271301, 431760.652160044643097 ], [ 432946.003757424536161, 431764.650549983605742 ], [ 432953.607669541146606, 431877.42538253904786 ] ] ] } },
{ "type": "Feature", "properties": { "building": "industrial", "osm_type": "way", "osm_id": 195442217, "addr:city": null, "addr:housenumber": null, "addr:postcode": null, "addr:street": null, "addr:suburb": null, "name": null, "fhrs:id": null, "operator": null, "natural": null, "water": null, "man_made": null, "operator:wikidata": null, "power": null, "ref": null, "substation": null, "voltage": null, "layer": null, "addr:housename": null, "amenity": null, "brand": null, "brand:wikidata": null, "operator:type": null, "generator:method": null, "generator:output:electricity": null, "generator:source": null }, "geometry": { "type": "Polygon", "coordinates": [ [ [ 433004.140586321009323, 431584.299432995961979 ], [ 433019.694038326793816, 431583.207113833050244 ], [ 433018.854637891112361, 431571.373859750339761 ], [ 433003.307736513321288, 431572.466228141216561 ], [ 433004.140586321009323, 431584.299432995961979 ] ] ] } },
{ "type": "Feature", "properties": { "building": "industrial", "osm_type": "way", "osm_id": 195442218, "addr:city": null, "addr:housenumber": null, "addr:postcode": null, "addr:street": null, "addr:suburb": null, "name": null, "fhrs:id": null, "operator": null, "natural": null, "water": null, "man_made": null, "operator:wikidata": null, "power": null, "ref": null, "substation": null, "voltage": null, "layer": null, "addr:housename": null, "amenity": null, "brand": null, "brand:wikidata": null, "operator:type": null, "generator:method": null, "generator:output:electricity": null, "generator:source": null }, "geometry": { "type": "Polygon", "coordinates": [ [ [ 433002.577326165628619, 431717.660491102142259 ], [ 433015.55408623709809, 431716.516676102764904 ], [ 433013.943364692968316, 431698.169058537343517 ], [ 433000.960042960650753, 431699.301706013851799 ], [ 433002.577326165628619, 431717.660491102142259 ] ] ] } },
{ "type": "Feature", "properties": { "building": "industrial", "osm_type": "way", "osm_id": 195442219, "addr:city": null, "addr:housenumber": null, "addr:postcode": null, "addr:street": null, "addr:suburb": null, "name": null, "fhrs:id": null, "operator": null, "natural": null, "water": null, "man_made": null, "operator:wikidata": null, "power": null, "ref": null, "substation": null, "voltage": null, "layer": null, "addr:housename": null, "amenity": null, "brand": null, "brand:wikidata": null, "operator:type": null, "generator:method": null, "generator:output:electricity": null, "generator:source": null }, "geometry": { "type": "Polygon", "coordinates": [ [ [ 433041.465324331365991, 431491.701040979940444 ], [ 433016.353399162704591, 431493.148886898998171 ], [ 433022.631179011776112, 431601.297023399383761 ], [ 433047.735937222721986, 431599.849166715051979 ], [ 433041.465324331365991, 431491.701040979940444 ] ] ] } },
{ "type": "Feature", "properties": { "building": "industrial", "osm_type": "way", "osm_id": 195442229, "addr:city": null, "addr:housenumber": null, "addr:postcode": null, "addr:street": null, "addr:suburb": null, "name": null, "fhrs:id": null, "operator": null, "natural": null, "water": null, "man_made": null, "operator:wikidata": null, "power": null, "ref": null, "substation": null, "voltage": null, "layer": null, "addr:housename": null, "amenity": null, "brand": null, "brand:wikidata": null, "operator:type": null, "generator:method": null, "generator:output:electricity": null, "generator:source": null }, "geometry": { "type": "Polygon", "coordinates": [ [ [ 433167.756732137175277, 431602.030466362833977 ], [ 433179.078601354733109, 431601.053435660433024 ], [ 433177.225787278672215, 431562.954699358320795 ], [ 433165.557087345048785, 431563.573241509846412 ], [ 433167.756732137175277, 431602.030466362833977 ] ] ] } },
{ "type": "Feature", "properties": { "building": "industrial", "osm_type": "way", "osm_id": 195442238, "addr:city": null, "addr:housenumber": null, "addr:postcode": null, "addr:street": null, "addr:suburb": null, "name": null, "fhrs:id": null, "operator": null, "natural": null, "water": null, "man_made": null, "operator:wikidata": null, "power": null, "ref": null, "substation": null, "voltage": null, "layer": null, "addr:housename": null, "amenity": null, "brand": null, "brand:wikidata": null, "operator:type": null, "generator:method": null, "generator:output:electricity": null, "generator:source": null }, "geometry": { "type": "Polygon", "coordinates": [ [ [ 432929.781058097956702, 431732.526139376452193 ], [ 433002.94485297932988, 431728.188640640932135 ], [ 433002.577326165628619, 431717.660491102142259 ], [ 433000.960042960650753, 431699.301706013851799 ], [ 432999.390457617584616, 431668.526205044239759 ], [ 432926.225734954816289, 431672.863762433407828 ], [ 432929.781058097956702, 431732.526139376452193 ] ] ] } },
{ "type": "Feature", "properties": { "building": "industrial", "osm_type": "way", "osm_id": 195442241, "addr:city": null, "addr:housenumber": null, "addr:postcode": null, "addr:street": null, "addr:suburb": null, "name": null, "fhrs:id": null, "operator": null, "natural": null, "water": null, "man_made": null, "operator:wikidata": null, "power": null, "ref": null, "substation": null, "voltage": null, "layer": null, "addr:housename": null, "amenity": null, "brand": null, "brand:wikidata": null, "operator:type": null, "generator:method": null, "generator:output:electricity": null, "generator:source": null }, "geometry": { "type": "Polygon", "coordinates": [ [ [ 433089.40442209673347, 431603.569504489423707 ], [ 433134.300226007821038, 431600.058575092814863 ], [ 433133.374982411332894, 431588.291449701529928 ], [ 433099.312366815691348, 431590.955239000730217 ], [ 433097.800292822474148, 431571.740429735858925 ], [ 433086.966948483779561, 431572.58758270915132 ], [ 433089.40442209673347, 431603.569504489423707 ] ] ] } },
{ "type": "Feature", "properties": { "building": "industrial", "osm_type": "way", "osm_id": 195442245, "addr:city": null, "addr:housenumber": null, "addr:postcode": null, "addr:street": null, "addr:suburb": null, "name": null, "fhrs:id": null, "operator": null, "natural": null, "water": null, "man_made": null, "operator:wikidata": null, "power": null, "ref": null, "substation": null, "voltage": null, "layer": null, "addr:housename": null, "amenity": null, "brand": null, "brand:wikidata": null, "operator:type": null, "generator:method": null, "generator:output:electricity": null, "generator:source": null }, "geometry": { "type": "Polygon", "coordinates": [ [ [ 432957.233747936901636, 431917.539226443273947 ], [ 433054.482097306521609, 431911.880723968031816 ], [ 433052.862637743121013, 431891.062963757314719 ], [ 433010.416481928725261, 431894.280325926607475 ], [ 433010.45613542990759, 431888.639522482757457 ], [ 432956.346156025654636, 431892.843529340228997 ], [ 432957.233747936901636, 431917.539226443273947 ] ] ] } },
{ "type": "Feature", "properties": { "building": "industrial", "osm_type": "way", "osm_id": 195442248, "addr:city": null, "addr:housenumber": null, "addr:postcode": null, "addr:street": null, "addr:suburb": null, "name": null, "fhrs:id": null, "operator": null, "natural": null, "water": null, "man_made": null, "operator:wikidata": null, "power": null, "ref": null, "substation": null, "voltage": null, "layer": null, "addr:housename": null, "amenity": null, "brand": null, "brand:wikidata": null, "operator:type": null, "generator:method": null, "generator:output:electricity": null, "generator:source": null }, "geometry": { "type": "Polygon", "coordinates": [ [ [ 433175.048241586075164, 431950.460590613074601 ], [ 433125.723313736729324, 431952.715943602961488 ], [ 433125.038101797690615, 431937.757229917682707 ], [ 433149.354549500974827, 431936.649294132716022 ], [ 433148.982725922542159, 431928.646788271842524 ], [ 433155.350224801688455, 431928.35795169416815 ], [ 433155.116519027156755, 431923.193652333808132 ], [ 433173.751131348661147, 431922.33501426235307 ], [ 433175.048241586075164, 431950.460590613074601 ] ] ] } },
{ "type": "Feature", "properties": { "building": "industrial", "osm_type": "way", "osm_id": 195442254, "addr:city": null, "addr:housenumber": null, "addr:postcode": null, "addr:street": null, "addr:suburb": null, "name": null, "fhrs:id": null, "operator": null, "natural": null, "water": null, "man_made": null, "operator:wikidata": null, "power": null, "ref": null, "substation": null, "voltage": null, "layer": null, "addr:housename": null, "amenity": null, "brand": null, "brand:wikidata": null, "operator:type": null, "generator:method": null, "generator:output:electricity": null, "generator:source": null }, "geometry": { "type": "Polygon", "coordinates": [ [ [ 433110.457367817754857, 431833.767222987022251 ], [ 433190.321158031350933, 431831.338023049524054 ], [ 433188.383087202033494, 431768.037373917875811 ], [ 433194.901734479120933, 431767.838668260257691 ], [ 433193.584619746077806, 431724.836959485546686 ], [ 433155.355610377911944, 431726.002198474714532 ], [ 433157.996077798656188, 431812.15027773741167 ], [ 433109.834996186662465, 431813.624057440436445 ], [ 433110.457367817754857, 431833.767222987022251 ] ] ] } },
{ "type": "Feature", "properties": { "building": "yes", "osm_type": "way", "osm_id": 436618855, "addr:city": "Leeds", "addr:housenumber": null, "addr:postcode": "LS10 1RS", "addr:street": "Skelton Grange Road", "addr:suburb": "Stourton", "name": "Skelton Grange Environment Centre", "fhrs:id": "639097", "operator": "The Conservation Volunteers", "natural": null, "water": null, "man_made": null, "operator:wikidata": null, "power": null, "ref": null, "substation": null, "voltage": null, "layer": null, "addr:housename": null, "amenity": null, "brand": null, "brand:wikidata": null, "operator:type": null, "generator:method": null, "generator:output:electricity": null, "generator:source": null }, "geometry": { "type": "Polygon", "coordinates": [ [ [ 433165.53553595521953, 431325.857739927363582 ], [ 433189.814853344345465, 431319.264408546383493 ], [ 433184.810533817159012, 431300.926136184600182 ], [ 433160.531129104900174, 431307.519493674277328 ], [ 433163.820308736874722, 431319.570344524108805 ], [ 433165.53553595521953, 431325.857739927363582 ] ] ] } },
{ "type": "Feature", "properties": { "building": "yes", "osm_type": "way", "osm_id": 436618885, "addr:city": null, "addr:housenumber": null, "addr:postcode": null, "addr:street": null, "addr:suburb": null, "name": null, "fhrs:id": null, "operator": null, "natural": null, "water": null, "man_made": null, "operator:wikidata": null, "power": null, "ref": null, "substation": null, "voltage": null, "layer": null, "addr:housename": null, "amenity": null, "brand": null, "brand:wikidata": null, "operator:type": null, "generator:method": null, "generator:output:electricity": null, "generator:source": null }, "geometry": { "type": "Polygon", "coordinates": [ [ [ 433204.922182135109324, 431217.342203129664995 ], [ 433216.615491244418081, 431206.843690987559967 ], [ 433226.751420759246685, 431218.064027261571027 ], [ 433215.05803753627697, 431228.573640068760142 ], [ 433204.922182135109324, 431217.342203129664995 ] ] ] } },
{ "type": "Feature", "properties": { "building": "industrial", "osm_type": "way", "osm_id": 448935340, "addr:city": null, "addr:housenumber": null, "addr:postcode": null, "addr:street": null, "addr:suburb": null, "name": null, "fhrs:id": null, "operator": null, "natural": "water", "water": "wastewater", "man_made": null, "operator:wikidata": null, "power": null, "ref": null, "substation": null, "voltage": null, "layer": null, "addr:housename": null, "amenity": null, "brand": null, "brand:wikidata": null, "operator:type": null, "generator:method": null, "generator:output:electricity": null, "generator:source": null }, "geometry": { "type": "Polygon", "coordinates": [ [ [ 433659.763779316504952, 431581.809733989648521 ], [ 433661.288193507818505, 431575.078058657818474 ], [ 433664.954707465425599, 431569.218473070533946 ], [ 433670.350059948512353, 431564.884477037237957 ], [ 433676.877587795665022, 431562.572485860320739 ], [ 433683.797403233998921, 431562.533104499452747 ], [ 433690.154629807919264, 431564.67047293332871 ], [ 433695.489897469058633, 431568.714259028318338 ], [ 433699.252623605192639, 431574.248831167118624 ], [ 433701.0449924019631, 431580.692757397540845 ], [ 433700.687371022650041, 431587.366035399027169 ], [ 433698.204487686394714, 431593.579005750711076 ], [ 433693.871235386352055, 431598.67718606768176 ], [ 433688.126364322029985, 431602.129661404760554 ], [ 433681.578831228485797, 431603.562506821588613 ], [ 433674.704518300655764, 431602.77886297123041 ], [ 433668.465503037674353, 431599.785629110061564 ], [ 433663.564636776049156, 431594.899380630697124 ], [ 433660.551461252849549, 431588.680372787290253 ], [ 433659.763779316504952, 431581.809733989648521 ] ] ] } },
{ "type": "Feature", "properties": { "building": "industrial", "osm_type": "way", "osm_id": 448935341, "addr:city": null, "addr:housenumber": null, "addr:postcode": null, "addr:street": null, "addr:suburb": null, "name": null, "fhrs:id": null, "operator": null, "natural": "water", "water": "wastewater", "man_made": null, "operator:wikidata": null, "power": null, "ref": null, "substation": null, "voltage": null, "layer": null, "addr:housename": null, "amenity": null, "brand": null, "brand:wikidata": null, "operator:type": null, "generator:method": null, "generator:output:electricity": null, "generator:source": null }, "geometry": { "type": "Polygon", "coordinates": [ [ [ 433690.976815085508861, 431546.518075733445585 ], [ 433691.560496568388771, 431553.34275061392691 ], [ 433694.329516619967762, 431559.60453206312377 ], [ 433698.992121989373118, 431564.633745934581384 ], [ 433705.038227905519307, 431567.881542798830196 ], [ 433711.811346215661615, 431568.99829641263932 ], [ 433718.580989322159439, 431567.845247742021456 ], [ 433724.601413444848731, 431564.572810686076991 ], [ 433729.237456929811742, 431559.532465221127495 ], [ 433731.97787691099802, 431553.254602476023138 ], [ 433732.527685344277415, 431546.438063916168176 ], [ 433730.835550209740177, 431539.805696672410704 ], [ 433727.067601381742861, 431534.081912894384004 ], [ 433721.647772489290219, 431529.881714226095937 ], [ 433715.159196718130261, 431527.676602026214823 ], [ 433708.298876236949582, 431527.682985424413346 ], [ 433701.804791658942122, 431529.917288525030017 ], [ 433696.397068637481425, 431534.128769593313336 ], [ 433692.652209915569983, 431539.876504803658463 ], [ 433690.976815085508861, 431546.518075733445585 ] ] ] } },
{ "type": "Feature", "properties": { "building": "industrial", "osm_type": "way", "osm_id": 448935342, "addr:city": null, "addr:housenumber": null, "addr:postcode": null, "addr:street": null, "addr:suburb": null, "name": null, "fhrs:id": null, "operator": null, "natural": "water", "water": "wastewater", "man_made": null, "operator:wikidata": null, "power": null, "ref": null, "substation": null, "voltage": null, "layer": null, "addr:housename": null, "amenity": null, "brand": null, "brand:wikidata": null, "operator:type": null, "generator:method": null, "generator:output:electricity": null, "generator:source": null }, "geometry": { "type": "Polygon", "coordinates": [ [ [ 433738.996631327201612, 431597.232084683259018 ], [ 433737.103478281176649, 431591.065579255577177 ], [ 433737.261862926185131, 431584.613400208763778 ], [ 433739.447228523611557, 431578.542955731623806 ], [ 433743.437726051779464, 431573.464606904773973 ], [ 433748.827630207291804, 431569.898383600520901 ], [ 433755.509184843103867, 431568.166181930107996 ], [ 433762.378226669505239, 431568.771883573266678 ], [ 433768.65105342672905, 431571.643095324398018 ], [ 433773.591934157651849, 431576.451857527252287 ], [ 433776.638236880942713, 431582.626672232872806 ], [ 433777.425987394875847, 431589.463953856844455 ], [ 433775.868621880712453, 431596.17310347117018 ], [ 433772.14975160243921, 431601.965468709822744 ], [ 433766.695839021820575, 431606.187663016957231 ], [ 433760.57205291360151, 431608.257650534505956 ], [ 433754.100317930860911, 431608.311264849151485 ], [ 433747.946418357547373, 431606.319913007784635 ], [ 433742.734843007987365, 431602.499482890823856 ], [ 433738.996631327201612, 431597.232084683259018 ] ] ] } },
{ "type": "Feature", "properties": { "building": "industrial", "osm_type": "way", "osm_id": 448935343, "addr:city": null, "addr:housenumber": null, "addr:postcode": null, "addr:street": null, "addr:suburb": null, "name": null, "fhrs:id": null, "operator": null, "natural": "water", "water": "wastewater", "man_made": null, "operator:wikidata": null, "power": null, "ref": null, "substation": null, "voltage": null, "layer": null, "addr:housename": null, "amenity": null, "brand": null, "brand:wikidata": null, "operator:type": null, "generator:method": null, "generator:output:electricity": null, "generator:source": null }, "geometry": { "type": "Polygon", "coordinates": [ [ [ 433614.487485437304713, 431537.11331959173549 ], [ 433617.234910597559065, 431530.757556737866253 ], [ 433621.865236247016583, 431525.583548293216154 ], [ 433627.886999592708889, 431522.121847904636525 ], [ 433634.697820506873541, 431520.746444246498868 ], [ 433641.598220702959225, 431521.585846754023805 ], [ 433647.877055813965853, 431524.557075611548498 ], [ 433653.184424350853078, 431529.746632179827429 ], [ 433656.431689708377235, 431536.412368126446381 ], [ 433657.235566215007566, 431543.783810074790381 ], [ 433655.503438830026425, 431550.992433257284574 ], [ 433651.439069362124428, 431557.194093660102226 ], [ 433645.515514126571361, 431561.668970178812742 ], [ 433638.428514904924668, 431563.887986058020033 ], [ 433631.003607127000578, 431563.601151415263303 ], [ 433624.530447034281678, 431561.084735755575821 ], [ 433619.184718511009123, 431556.651532299350947 ], [ 433615.510098620026838, 431550.761611609603278 ], [ 433613.891003450436983, 431544.029673600452952 ], [ 433614.487485437304713, 431537.11331959173549 ] ] ] } },
{ "type": "Feature", "properties": { "building": "industrial", "osm_type": "way", "osm_id": 448935344, "addr:city": null, "addr:housenumber": null, "addr:postcode": null, "addr:street": null, "addr:suburb": null, "name": null, "fhrs:id": null, "operator": null, "natural": "water", "water": "wastewater", "man_made": null, "operator:wikidata": null, "power": null, "ref": null, "substation": null, "voltage": null, "layer": null, "addr:housename": null, "amenity": null, "brand": null, "brand:wikidata": null, "operator:type": null, "generator:method": null, "generator:output:electricity": null, "generator:source": null }, "geometry": { "type": "Polygon", "coordinates": [ [ [ 433704.099524272663984, 431624.296819310286082 ], [ 433704.696610752260312, 431617.313720489735715 ], [ 433707.615523998916615, 431610.948113526217639 ], [ 433712.514929500117432, 431605.931895102374256 ], [ 433718.817297042231075, 431602.850624054437503 ], [ 433725.795124709256925, 431602.066252620657906 ], [ 433732.630568592925556, 431603.673046620213427 ], [ 433738.11504332581535, 431607.117128177778795 ], [ 433742.250783751951531, 431612.086969212628901 ], [ 433744.626082183676772, 431618.101172035094351 ], [ 433745.014704880537465, 431624.546155674965121 ], [ 433743.368420208455063, 431630.798494050046429 ], [ 433739.84994282212574, 431636.225152988918126 ], [ 433734.818951452849433, 431640.294652900891379 ], [ 433728.766031456936616, 431642.598845187807456 ], [ 433722.292587047442794, 431642.897271681693383 ], [ 433715.551927792839706, 431640.946253957110457 ], [ 433709.861322281649336, 431636.8442605586024 ], [ 433705.889550093503203, 431631.063397199730389 ], [ 433704.099524272663984, 431624.296819310286082 ] ] ] } },
{ "type": "Feature", "properties": { "building": "industrial", "osm_type": "way", "osm_id": 448935345, "addr:city": null, "addr:housenumber": null, "addr:postcode": null, "addr:street": null, "addr:suburb": null, "name": null, "fhrs:id": null, "operator": null, "natural": "water", "water": "wastewater", "man_made": null, "operator:wikidata": null, "power": null, "ref": null, "substation": null, "voltage": null, "layer": null, "addr:housename": null, "amenity": null, "brand": null, "brand:wikidata": null, "operator:type": null, "generator:method": null, "generator:output:electricity": null, "generator:source": null }, "geometry": { "type": "Polygon", "coordinates": [ [ [ 433622.099430701811798, 431586.758199567440897 ], [ 433624.026236801408231, 431579.962635264848359 ], [ 433623.569337724184152, 431572.905222827917896 ], [ 433620.775545662851073, 431566.409652204019949 ], [ 433615.975590347254183, 431561.223764265771024 ], [ 433609.705763606645633, 431557.918850051821209 ], [ 433602.701250477519352, 431556.900726537453011 ], [ 433596.194811940658838, 431558.11145767243579 ], [ 433590.39264731737785, 431561.285482521168888 ], [ 433585.876962361100595, 431566.104296583798714 ], [ 433583.092687439813744, 431572.092642628587782 ], [ 433582.327549612207804, 431578.640623006038368 ], [ 433583.645382865099236, 431585.114488288760185 ], [ 433586.925749754940625, 431590.845794650260359 ], [ 433591.836631740967277, 431595.264724568580277 ], [ 433598.340719468309544, 431598.059476872556843 ], [ 433605.408459425554611, 431598.521726792678237 ], [ 433612.223064728255849, 431596.601124777225778 ], [ 433618.011883708066307, 431592.525792752509005 ], [ 433622.099430701811798, 431586.758199567440897 ] ] ] } },
{ "type": "Feature", "properties": { "building": "industrial", "osm_type": "way", "osm_id": 448935346, "addr:city": null, "addr:housenumber": null, "addr:postcode": null, "addr:street": null, "addr:suburb": null, "name": null, "fhrs:id": null, "operator": null, "natural": "water", "water": "wastewater", "man_made": null, "operator:wikidata": null, "power": null, "ref": null, "substation": null, "voltage": null, "layer": null, "addr:housename": null, "amenity": null, "brand": null, "brand:wikidata": null, "operator:type": null, "generator:method": null, "generator:output:electricity": null, "generator:source": null }, "geometry": { "type": "Polygon", "coordinates": [ [ [ 433680.10633756761672, 431642.561130704591051 ], [ 433675.438038777676411, 431647.523407820728607 ], [ 433672.684887874580454, 431653.756706213462166 ], [ 433672.16828375327168, 431660.551237101783045 ], [ 433673.933338921633549, 431667.128474793047644 ], [ 433677.584944488713518, 431672.528717184904963 ], [ 433682.769097603682894, 431676.493522049626336 ], [ 433688.948411251883954, 431678.607361941598356 ], [ 433695.478634554950986, 431678.654215979739092 ], [ 433701.687723764276598, 431676.618135846452788 ], [ 433706.921645341033582, 431672.72808003355749 ], [ 433710.64385428186506, 431667.369617770193145 ], [ 433712.468080969934817, 431661.107419233885594 ], [ 433712.198508820030838, 431654.596534624113701 ], [ 433709.863284788792953, 431648.504750998108648 ], [ 433705.485565501556266, 431643.277294069644995 ], [ 433699.619153713865671, 431639.797130166785792 ], [ 433692.926807033538353, 431638.45844435156323 ], [ 433686.165218856593128, 431639.422437907662243 ], [ 433680.10633756761672, 431642.561130704591051 ] ] ] } },
{ "type": "Feature", "properties": { "building": "industrial", "osm_type": "way", "osm_id": 448935347, "addr:city": null, "addr:housenumber": null, "addr:postcode": null, "addr:street": null, "addr:suburb": null, "name": null, "fhrs:id": null, "operator": null, "natural": "water", "water": "wastewater", "man_made": null, "operator:wikidata": null, "power": null, "ref": null, "substation": null, "voltage": null, "layer": null, "addr:housename": null, "amenity": null, "brand": null, "brand:wikidata": null, "operator:type": null, "generator:method": null, "generator:output:electricity": null, "generator:source": null }, "geometry": { "type": "Polygon", "coordinates": [ [ [ 433645.195597616839223, 431596.203042184235528 ], [ 433652.679600357194431, 431596.512576236738823 ], [ 433659.605068943754304, 431599.354939495329745 ], [ 433665.14409211470047, 431604.390402055461891 ], [ 433668.628832351416349, 431611.013344817911275 ], [ 433669.636713426560163, 431618.419631976517849 ], [ 433668.344292401277926, 431624.963819409138523 ], [ 433665.106299844454043, 431630.804221664904617 ], [ 433660.223340433905832, 431635.375550657161511 ], [ 433654.179564554069657, 431638.247351366444491 ], [ 433647.543824534048326, 431639.12329129606951 ], [ 433640.96236991888145, 431637.941244234913029 ], [ 433635.053976031660568, 431634.794653332792222 ], [ 433630.389620991423726, 431630.010271017090417 ], [ 433627.427468815702014, 431624.025304339942522 ], [ 433626.459139783983119, 431616.608183744130656 ], [ 433628.079813617863692, 431609.30974047142081 ], [ 433632.105287247220986, 431603.007643901044503 ], [ 433638.049104678269941, 431598.455011141835712 ], [ 433645.195597616839223, 431596.203042184235528 ] ] ] } },
{ "type": "Feature", "properties": { "building": "industrial", "osm_type": "way", "osm_id": 448935351, "addr:city": null, "addr:housenumber": null, "addr:postcode": null, "addr:street": null, "addr:suburb": null, "name": null, "fhrs:id": null, "operator": null, "natural": "water", "water": "wastewater", "man_made": null, "operator:wikidata": null, "power": null, "ref": null, "substation": null, "voltage": null, "layer": null, "addr:housename": null, "amenity": null, "brand": null, "brand:wikidata": null, "operator:type": null, "generator:method": null, "generator:output:electricity": null, "generator:source": null }, "geometry": { "type": "Polygon", "coordinates": [ [ [ 433337.073011951055378, 431571.352230322896503 ], [ 433339.422096717287786, 431564.426034380216151 ], [ 433343.832769734668545, 431558.582611092831939 ], [ 433349.859338160895277, 431554.408500186400488 ], [ 433356.89246504730545, 431552.333309250883758 ], [ 433364.218952378607355, 431552.563377439393662 ], [ 433371.107411513919942, 431555.082382509601302 ], [ 433377.227241182758007, 431560.043742522946559 ], [ 433381.317959877196699, 431566.770910663530231 ], [ 433382.890882298524957, 431574.481559776584618 ], [ 433381.774504946428351, 431582.273229791317135 ], [ 433378.100608206470497, 431589.223367994069122 ], [ 433372.283373175305314, 431594.544949257397093 ], [ 433365.019298279017676, 431597.597598840366118 ], [ 433357.141199526551645, 431598.031194325187244 ], [ 433349.5852673901245, 431595.785628865240142 ], [ 433343.611962437222246, 431591.53743438993115 ], [ 433339.284729168459307, 431585.631973670213483 ], [ 433337.027632584329695, 431578.673077997751534 ], [ 433337.073011951055378, 431571.352230322896503 ] ] ] } },
{ "type": "Feature", "properties": { "building": "industrial", "osm_type": "way", "osm_id": 448935352, "addr:city": null, "addr:housenumber": null, "addr:postcode": null, "addr:street": null, "addr:suburb": null, "name": null, "fhrs:id": null, "operator": null, "natural": "water", "water": "wastewater", "man_made": null, "operator:wikidata": null, "power": null, "ref": null, "substation": null, "voltage": null, "layer": null, "addr:housename": null, "amenity": null, "brand": null, "brand:wikidata": null, "operator:type": null, "generator:method": null, "generator:output:electricity": null, "generator:source": null }, "geometry": { "type": "Polygon", "coordinates": [ [ [ 433388.207138731726445, 431597.918171965284273 ], [ 433391.509175558458082, 431591.365947773330845 ], [ 433396.732180552906357, 431586.207060184329748 ], [ 433403.318904380546883, 431582.960492616984993 ], [ 433410.607921711110976, 431581.96646346070338 ], [ 433417.827361187140923, 431583.341873725061305 ], [ 433424.240278964221943, 431586.925708376918919 ], [ 433429.392061135149561, 431592.70360158116091 ], [ 433432.313141526596155, 431599.867545732413419 ], [ 433432.666728472104296, 431607.591785210417584 ], [ 433430.413043451262638, 431614.985924052190967 ], [ 433425.801932513248175, 431621.206137782079168 ], [ 433419.378895585425198, 431625.533099246560596 ], [ 433411.872427291527856, 431627.460184596129693 ], [ 433404.153848444810137, 431626.782195393578149 ], [ 433397.440244869387243, 431623.785948394797742 ], [ 433392.032278073485941, 431618.818495698622428 ], [ 433388.486424274684396, 431612.395603694603778 ], [ 433387.160450511262752, 431605.176269298885018 ], [ 433388.207138731726445, 431597.918171965284273 ] ] ] } },
{ "type": "Feature", "properties": { "building": "industrial", "osm_type": "way", "osm_id": 448935353, "addr:city": null, "addr:housenumber": null, "addr:postcode": null, "addr:street": null, "addr:suburb": null, "name": null, "fhrs:id": null, "operator": null, "natural": "water", "water": "wastewater", "man_made": null, "operator:wikidata": null, "power": null, "ref": null, "substation": null, "voltage": null, "layer": null, "addr:housename": null, "amenity": null, "brand": null, "brand:wikidata": null, "operator:type": null, "generator:method": null, "generator:output:electricity": null, "generator:source": null }, "geometry": { "type": "Polygon", "coordinates": [ [ [ 433312.049336638418026, 431637.510242154006846 ], [ 433308.81601912365295, 431630.677951657795347 ], [ 433308.012716728902888, 431623.150808903737925 ], [ 433309.725618816912174, 431615.786156524671242 ], [ 433313.777645275287796, 431609.394968000473455 ], [ 433319.709066525974777, 431604.686076881713234 ], [ 433326.86371817678446, 431602.188900746754371 ], [ 433334.442350916448049, 431602.164805420674384 ], [ 433341.607832598150708, 431604.641228696214966 ], [ 433347.381774521083571, 431609.121659532072954 ], [ 433351.430868233961519, 431615.214301728177816 ], [ 433353.331374930450693, 431622.270810090587474 ], [ 433352.877651274902746, 431629.555379037978128 ], [ 433350.134229444374796, 431636.334125080960803 ], [ 433345.369836817029864, 431641.885744342231192 ], [ 433339.089391840272583, 431645.635254768654704 ], [ 433331.671181544777937, 431647.207049912889488 ], [ 433324.152207147912122, 431646.26357558730524 ], [ 433317.362032789271325, 431642.910855504102074 ], [ 433312.049336638418026, 431637.510242154006846 ] ] ] } },
{ "type": "Feature", "properties": { "building": "industrial", "osm_type": "way", "osm_id": 448935354, "addr:city": null, "addr:housenumber": null, "addr:postcode": null, "addr:street": null, "addr:suburb": null, "name": null, "fhrs:id": null, "operator": null, "natural": "water", "water": "wastewater", "man_made": null, "operator:wikidata": null, "power": null, "ref": null, "substation": null, "voltage": null, "layer": null, "addr:housename": null, "amenity": null, "brand": null, "brand:wikidata": null, "operator:type": null, "generator:method": null, "generator:output:electricity": null, "generator:source": null }, "geometry": { "type": "Polygon", "coordinates": [ [ [ 433393.480405547656119, 431634.806303814169951 ], [ 433399.27508001611568, 431640.065795292612165 ], [ 433402.982233794929925, 431646.968278699554503 ], [ 433404.159638448152691, 431654.687249652808532 ], [ 433402.688118882768322, 431662.37625195865985 ], [ 433398.725736175256316, 431669.124047244666144 ], [ 433392.732714673038572, 431674.155066256062128 ], [ 433385.398399527883157, 431676.906771081150509 ], [ 433377.561946028959937, 431677.062466870294884 ], [ 433370.513703742180951, 431674.798221594886854 ], [ 433364.541468204814009, 431670.416489389492199 ], [ 433360.261411140614655, 431664.37782586645335 ], [ 433358.117198520514648, 431657.30845636385493 ], [ 433358.327904756122734, 431649.910897270892747 ], [ 433360.868160550366156, 431642.974942941800691 ], [ 433365.48267022514483, 431637.188619940076023 ], [ 433371.692718112375587, 431633.149357963819057 ], [ 433378.862616288592108, 431631.286574519355781 ], [ 433386.259645518672187, 431631.773087201290764 ], [ 433393.480405547656119, 431634.806303814169951 ] ] ] } },
{ "type": "Feature", "properties": { "building": "industrial", "osm_type": "way", "osm_id": 449140317, "addr:city": null, "addr:housenumber": null, "addr:postcode": null, "addr:street": null, "addr:suburb": null, "name": null, "fhrs:id": null, "operator": null, "natural": "water", "water": "wastewater", "man_made": null, "operator:wikidata": null, "power": null, "ref": null, "substation": null, "voltage": null, "layer": null, "addr:housename": null, "amenity": null, "brand": null, "brand:wikidata": null, "operator:type": null, "generator:method": null, "generator:output:electricity": null, "generator:source": null }, "geometry": { "type": "Polygon", "coordinates": [ [ [ 433593.383571215206757, 431963.949320222833194 ], [ 433588.286024675995577, 431960.808583912090398 ], [ 433584.483936695265584, 431956.197306311689317 ], [ 433582.395591103530023, 431950.596911546075717 ], [ 433582.240647393395193, 431944.620920890010893 ], [ 433584.034185351396445, 431938.92590015893802 ], [ 433587.594006623956375, 431934.111374367959797 ], [ 433592.527453209855594, 431930.719732423895039 ], [ 433598.284994911169633, 431929.114218040253036 ], [ 433604.25263834517682, 431929.457336235209368 ], [ 433609.784876050485764, 431931.711088117561303 ], [ 433614.283760294609237, 431935.637536910129711 ], [ 433617.271386733802501, 431940.799328031716868 ], [ 433618.408945699105971, 431946.659965013619512 ], [ 433617.589127926039509, 431952.562219868996181 ], [ 433614.888881778810173, 431957.883565376629122 ], [ 433610.602275722718332, 431962.047536303289235 ], [ 433605.180636180622969, 431964.601184237399139 ], [ 433599.232228923472576, 431965.259579018456861 ], [ 433593.383571215206757, 431963.949320222833194 ] ] ] } },
{ "type": "Feature", "properties": { "building": "industrial", "osm_type": "way", "osm_id": 449140318, "addr:city": null, "addr:housenumber": null, "addr:postcode": null, "addr:street": null, "addr:suburb": null, "name": null, "fhrs:id": null, "operator": null, "natural": "water", "water": "wastewater", "man_made": null, "operator:wikidata": null, "power": null, "ref": null, "substation": null, "voltage": null, "layer": null, "addr:housename": null, "amenity": null, "brand": null, "brand:wikidata": null, "operator:type": null, "generator:method": null, "generator:output:electricity": null, "generator:source": null }, "geometry": { "type": "Polygon", "coordinates": [ [ [ 433542.267935558920726, 431910.611057390575297 ], [ 433543.332339618878905, 431904.588147416827269 ], [ 433546.263553642318584, 431899.212779659079388 ], [ 433550.761013494688086, 431895.05025678826496 ], [ 433556.347194681002293, 431892.531100631109439 ], [ 433562.453590460703708, 431891.907158952672035 ], [ 433568.4337336345925, 431893.273949904483743 ], [ 433573.669423096522223, 431896.460156691260636 ], [ 433577.616056609724183, 431901.139216538053006 ], [ 433579.925679267034866, 431907.130615243222564 ], [ 433580.103881725517567, 431913.54070175846573 ], [ 433578.122898280096706, 431919.646060548839159 ], [ 433574.22495941631496, 431924.74746244889684 ], [ 433568.835991925909184, 431928.258257468696684 ], [ 433562.591496963927057, 431929.771316010970622 ], [ 433556.191112683678512, 431929.124745321460068 ], [ 433550.378930456470698, 431926.390621236991137 ], [ 433545.987954756768886, 431922.10896045260597 ], [ 433543.186722266953439, 431916.670387282269076 ], [ 433542.267935558920726, 431910.611057390575297 ] ] ] } },
{ "type": "Feature", "properties": { "building": "industrial", "osm_type": "way", "osm_id": 449140319, "addr:city": null, "addr:housenumber": null, "addr:postcode": null, "addr:street": null, "addr:suburb": null, "name": null, "fhrs:id": null, "operator": null, "natural": "water", "water": "wastewater", "man_made": null, "operator:wikidata": null, "power": null, "ref": null, "substation": null, "voltage": null, "layer": null, "addr:housename": null, "amenity": null, "brand": null, "brand:wikidata": null, "operator:type": null, "generator:method": null, "generator:output:electricity": null, "generator:source": null }, "geometry": { "type": "Polygon", "coordinates": [ [ [ 433519.150408811750822, 431932.042334338300861 ], [ 433513.385434475028887, 431934.693775104940869 ], [ 433508.768091039790306, 431939.044626772170886 ], [ 433505.789153167046607, 431944.653331636334769 ], [ 433504.769341929990333, 431950.899096253444441 ], [ 433505.805343654123135, 431957.159530487493612 ], [ 433508.796646783303004, 431962.744081146083772 ], [ 433513.424349257082213, 431967.094155412865803 ], [ 433519.204270809248555, 431969.72786610503681 ], [ 433525.518945486750454, 431970.373774831998162 ], [ 433531.716376157943159, 431968.982721858192235 ], [ 433537.362244842282962, 431965.473719611996785 ], [ 433541.504464274563361, 431960.296147621469572 ], [ 433543.671071684395429, 431954.025203585857525 ], [ 433543.613016203511506, 431947.393448709161021 ], [ 433541.33798284077784, 431941.168660331168212 ], [ 433537.097934594959952, 431936.053605164401233 ], [ 433531.671894604456611, 431932.765941862249747 ], [ 433525.467918902402744, 431931.375346401007846 ], [ 433519.150408811750822, 431932.042334338300861 ] ] ] } },
{ "type": "Feature", "properties": { "building": "industrial", "osm_type": "way", "osm_id": 449140320, "addr:city": null, "addr:housenumber": null, "addr:postcode": null, "addr:street": null, "addr:suburb": null, "name": null, "fhrs:id": null, "operator": null, "natural": "water", "water": "wastewater", "man_made": null, "operator:wikidata": null, "power": null, "ref": null, "substation": null, "voltage": null, "layer": null, "addr:housename": null, "amenity": null, "brand": null, "brand:wikidata": null, "operator:type": null, "generator:method": null, "generator:output:electricity": null, "generator:source": null }, "geometry": { "type": "Polygon", "coordinates": [ [ [ 433564.37968255917076, 432005.020885495119728 ], [ 433570.99687103589531, 432003.899919324438088 ], [ 433576.839047760295216, 432000.58151721698232 ], [ 433581.184985436033458, 431995.483321618987247 ], [ 433583.529695400851779, 431989.191416259389371 ], [ 433583.577600809920114, 431982.493659318541177 ], [ 433581.323042203206569, 431976.179985560709611 ], [ 433577.600506954360753, 431971.502523873816244 ], [ 433572.622835309826769, 431968.184639287181199 ], [ 433566.862218887545168, 431966.541250860202126 ], [ 433560.877625238499604, 431966.732126382179558 ], [ 433555.235805243253708, 431968.750190398539416 ], [ 433550.47866234916728, 431972.376785480882972 ], [ 433547.069821520184632, 431977.28142902709078 ], [ 433545.322307275724597, 431982.999045234522782 ], [ 433545.411405039951205, 431988.974564090836793 ], [ 433547.679183591913898, 431995.288314665900543 ], [ 433551.971639628696721, 432000.437134320149198 ], [ 433557.765938114898745, 432003.816465723444708 ], [ 433564.37968255917076, 432005.020885495119728 ] ] ] } },
{ "type": "Feature", "properties": { "building": "industrial", "osm_type": "way", "osm_id": 449140321, "addr:city": null, "addr:housenumber": null, "addr:postcode": null, "addr:street": null, "addr:suburb": null, "name": null, "fhrs:id": null, "operator": null, "natural": "water", "water": "wastewater", "man_made": null, "operator:wikidata": null, "power": null, "ref": null, "substation": null, "voltage": null, "layer": null, "addr:housename": null, "amenity": null, "brand": null, "brand:wikidata": null, "operator:type": null, "generator:method": null, "generator:output:electricity": null, "generator:source": null }, "geometry": { "type": "Polygon", "coordinates": [ [ [ 433499.821391359786503, 431830.720844692899846 ], [ 433492.99057423992781, 431830.349451495450921 ], [ 433486.446123427071143, 431832.327782133128494 ], [ 433480.973920934775379, 431836.416657811030746 ], [ 433477.22988104011165, 431842.120062711997889 ], [ 433475.666911025764421, 431848.762510771397501 ], [ 433476.468703238933813, 431855.533081855392084 ], [ 433479.548709099297412, 431861.630058945622295 ], [ 433484.53005957917776, 431866.305289880023338 ], [ 433490.152694436372258, 431868.837703474564478 ], [ 433496.289360977883916, 431869.515680763404816 ], [ 433502.33440997445723, 431868.257017595693469 ], [ 433507.693782808142714, 431865.20211762166582 ], [ 433511.838277954724617, 431860.636488194111735 ], [ 433514.369283157866448, 431855.013463753275573 ], [ 433515.032351291971281, 431848.898672393523157 ], [ 433513.7640423362609, 431842.870233795838431 ], [ 433510.685258121986408, 431837.52983839600347 ], [ 433506.108549531199969, 431833.402661124011502 ], [ 433499.821391359786503, 431830.720844692899846 ] ] ] } },
{ "type": "Feature", "properties": { "building": "industrial", "osm_type": "way", "osm_id": 449140322, "addr:city": null, "addr:housenumber": null, "addr:postcode": null, "addr:street": null, "addr:suburb": null, "name": null, "fhrs:id": null, "operator": null, "natural": "water", "water": "wastewater", "man_made": null, "operator:wikidata": null, "power": null, "ref": null, "substation": null, "voltage": null, "layer": null, "addr:housename": null, "amenity": null, "brand": null, "brand:wikidata": null, "operator:type": null, "generator:method": null, "generator:output:electricity": null, "generator:source": null }, "geometry": { "type": "Polygon", "coordinates": [ [ [ 433441.090327239420731, 431896.993888710043393 ], [ 433439.42682138987584, 431890.929277004208416 ], [ 433439.866783209959976, 431884.668243678286672 ], [ 433442.352673662651796, 431878.889090204262175 ], [ 433446.616174583556131, 431874.257492877426557 ], [ 433452.165957894816529, 431871.292897291132249 ], [ 433458.393430155934766, 431870.324763677665032 ], [ 433464.369260836276226, 431871.379850871278904 ], [ 433469.699356049008202, 431874.277326432871632 ], [ 433473.825686874683015, 431878.723923576879315 ], [ 433476.316694261331577, 431884.24925334029831 ], [ 433476.91293771227356, 431890.27289026719518 ], [ 433475.55956313124625, 431896.17136371252127 ], [ 433472.386055634415243, 431901.344772342359647 ], [ 433467.732513754162937, 431905.228097092360258 ], [ 433462.076135217212141, 431907.435318748466671 ], [ 433455.787813430360984, 431907.702049816725776 ], [ 433449.75819332851097, 431905.878867814084515 ], [ 433444.664529640285764, 431902.170870907022618 ], [ 433441.090327239420731, 431896.993888710043393 ] ] ] } },
{ "type": "Feature", "properties": { "building": "industrial", "osm_type": "way", "osm_id": 449140323, "addr:city": null, "addr:housenumber": null, "addr:postcode": null, "addr:street": null, "addr:suburb": null, "name": null, "fhrs:id": null, "operator": null, "natural": "water", "water": "wastewater", "man_made": null, "operator:wikidata": null, "power": null, "ref": null, "substation": null, "voltage": null, "layer": null, "addr:housename": null, "amenity": null, "brand": null, "brand:wikidata": null, "operator:type": null, "generator:method": null, "generator:output:electricity": null, "generator:source": null }, "geometry": { "type": "Polygon", "coordinates": [ [ [ 433436.928587633185089, 431817.933394803199917 ], [ 433436.670001900405623, 431811.678514136350714 ], [ 433438.531284285592847, 431805.705762449768372 ], [ 433442.296749777859077, 431800.692316769389436 ], [ 433447.527224990830291, 431797.235879246029072 ], [ 433453.620222518336959, 431795.732713047997095 ], [ 433459.862816057808232, 431796.355764022096992 ], [ 433465.156873643049039, 431798.774540908634663 ], [ 433469.431731607124675, 431802.732629579491913 ], [ 433472.255425809998997, 431807.815271117491648 ], [ 433473.341517674387433, 431813.530859165126458 ], [ 433472.588787178916391, 431819.288971437723376 ], [ 433470.06717880978249, 431824.522660615970381 ], [ 433466.030739220383111, 431828.721925411373377 ], [ 433460.884589193738066, 431831.444600317045115 ], [ 433455.144594555255026, 431832.427330616046675 ], [ 433448.950789191643707, 431831.437461550114676 ], [ 433443.45010228769388, 431828.427531449357048 ], [ 433439.279236248636153, 431823.746990580577403 ], [ 433436.928587633185089, 431817.933394803199917 ] ] ] } },
{ "type": "Feature", "properties": { "building": "industrial", "osm_type": "way", "osm_id": 681456302, "addr:city": null, "addr:housenumber": null, "addr:postcode": null, "addr:street": null, "addr:suburb": null, "name": null, "fhrs:id": null, "operator": null, "natural": null, "water": null, "man_made": null, "operator:wikidata": null, "power": null, "ref": null, "substation": null, "voltage": null, "layer": null, "addr:housename": null, "amenity": null, "brand": null, "brand:wikidata": null, "operator:type": null, "generator:method": null, "generator:output:electricity": null, "generator:source": null }, "geometry": { "type": "Polygon", "coordinates": [ [ [ 433368.610098322737031, 431332.436569901765324 ], [ 433364.538852794037666, 431335.923586155404337 ], [ 433369.107799785851967, 431341.229957892559469 ], [ 433373.179123277892359, 431337.731819754932076 ], [ 433368.610098322737031, 431332.436569901765324 ] ] ] } },
{ "type": "Feature", "properties": { "building": "industrial", "osm_type": "way", "osm_id": 681456303, "addr:city": null, "addr:housenumber": null, "addr:postcode": null, "addr:street": null, "addr:suburb": null, "name": null, "fhrs:id": null, "operator": null, "natural": null, "water": null, "man_made": null, "operator:wikidata": null, "power": null, "ref": null, "substation": null, "voltage": null, "layer": null, "addr:housename": null, "amenity": null, "brand": null, "brand:wikidata": null, "operator:type": null, "generator:method": null, "generator:output:electricity": null, "generator:source": null }, "geometry": { "type": "Polygon", "coordinates": [ [ [ 433320.970857627573423, 431350.679412917117588 ], [ 433325.533406752510928, 431355.963443677872419 ], [ 433348.50219869526336, 431336.254742848803289 ], [ 433342.952619889052585, 431329.828790075727738 ], [ 433335.897564114711713, 431335.875971745466813 ], [ 433336.884600270655937, 431337.017870018957183 ], [ 433320.970857627573423, 431350.679412917117588 ] ] ] } },
{ "type": "Feature", "properties": { "building": "industrial", "osm_type": "way", "osm_id": 681456304, "addr:city": null, "addr:housenumber": null, "addr:postcode": null, "addr:street": null, "addr:suburb": null, "name": null, "fhrs:id": null, "operator": null, "natural": null, "water": null, "man_made": null, "operator:wikidata": null, "power": null, "ref": null, "substation": null, "voltage": null, "layer": null, "addr:housename": null, "amenity": null, "brand": null, "brand:wikidata": null, "operator:type": null, "generator:method": null, "generator:output:electricity": null, "generator:source": null }, "geometry": { "type": "Polygon", "coordinates": [ [ [ 433322.152065484260675, 431308.663405898259953 ], [ 433317.635828961268999, 431312.636866759043187 ], [ 433321.722004411160015, 431317.261056458693929 ], [ 433326.238240055157803, 431313.287599514238536 ], [ 433322.152065484260675, 431308.663405898259953 ] ] ] } },
{ "type": "Feature", "properties": { "building": "industrial", "osm_type": "way", "osm_id": 681456305, "addr:city": null, "addr:housenumber": null, "addr:postcode": null, "addr:street": null, "addr:suburb": null, "name": null, "fhrs:id": null, "operator": null, "natural": null, "water": null, "man_made": null, "operator:wikidata": null, "power": null, "ref": null, "substation": null, "voltage": null, "layer": null, "addr:housename": null, "amenity": null, "brand": null, "brand:wikidata": null, "operator:type": null, "generator:method": null, "generator:output:electricity": null, "generator:source": null }, "geometry": { "type": "Polygon", "coordinates": [ [ [ 433315.649818076577503, 431291.59389607841149 ], [ 433310.815274981257971, 431295.843265421921387 ], [ 433320.419437241449486, 431306.715120827197097 ], [ 433325.253978113294579, 431302.465761344181374 ], [ 433315.649818076577503, 431291.59389607841149 ] ] ] } },
{ "type": "Feature", "properties": { "building": "industrial", "osm_type": "way", "osm_id": 681456306, "addr:city": null, "addr:housenumber": null, "addr:postcode": null, "addr:street": null, "addr:suburb": null, "name": null, "fhrs:id": null, "operator": null, "natural": null, "water": null, "man_made": null, "operator:wikidata": null, "power": null, "ref": null, "substation": null, "voltage": null, "layer": null, "addr:housename": null, "amenity": null, "brand": null, "brand:wikidata": null, "operator:type": null, "generator:method": null, "generator:output:electricity": null, "generator:source": null }, "geometry": { "type": "Polygon", "coordinates": [ [ [ 433270.091141535900533, 431250.548352368059568 ], [ 433266.045787892304361, 431254.102395587251522 ], [ 433276.336662868503481, 431265.746742762741633 ], [ 433286.21131097257603, 431257.071372774196789 ], [ 433256.24082071275916, 431223.15722572337836 ], [ 433252.27500899322331, 431226.645085712778382 ], [ 433245.599611178738996, 431219.087516411440447 ], [ 433241.454767121176701, 431222.72988768236246 ], [ 433244.998445119184908, 431226.738217133912258 ], [ 433241.185163421265315, 431230.093649403075688 ], [ 433259.197578561666887, 431250.482324092532508 ], [ 433261.054554728092626, 431248.837642332538962 ], [ 433265.147353688837029, 431253.472954280790873 ], [ 433269.385003124538343, 431249.753376576001756 ], [ 433270.091141535900533, 431250.548352368059568 ] ] ] } },
{ "type": "Feature", "properties": { "building": "industrial", "osm_type": "way", "osm_id": 681456307, "addr:city": null, "addr:housenumber": null, "addr:postcode": null, "addr:street": null, "addr:suburb": null, "name": null, "fhrs:id": null, "operator": null, "natural": null, "water": null, "man_made": null, "operator:wikidata": null, "power": null, "ref": null, "substation": null, "voltage": null, "layer": null, "addr:housename": null, "amenity": null, "brand": null, "brand:wikidata": null, "operator:type": null, "generator:method": null, "generator:output:electricity": null, "generator:source": null }, "geometry": { "type": "Polygon", "coordinates": [ [ [ 433277.01801381201949, 431266.319016216089949 ], [ 433305.353655084327329, 431298.374728363472968 ], [ 433314.64473302179249, 431290.207093859440647 ], [ 433286.309104311396368, 431258.151325804297812 ], [ 433277.01801381201949, 431266.319016216089949 ] ] ] } },
{ "type": "Feature", "properties": { "building": "industrial", "osm_type": "way", "osm_id": 706691043, "addr:city": null, "addr:housenumber": null, "addr:postcode": null, "addr:street": null, "addr:suburb": null, "name": null, "fhrs:id": null, "operator": null, "natural": null, "water": null, "man_made": null, "operator:wikidata": null, "power": null, "ref": null, "substation": null, "voltage": null, "layer": null, "addr:housename": null, "amenity": null, "brand": null, "brand:wikidata": null, "operator:type": null, "generator:method": null, "generator:output:electricity": null, "generator:source": null }, "geometry": { "type": "Polygon", "coordinates": [ [ [ 433725.414051976578776, 431974.408880265313201 ], [ 433728.726466452819295, 431972.86384917225223 ], [ 433729.965965278912336, 431975.520839956705458 ], [ 433735.982440958614461, 431972.726828665006906 ], [ 433736.949429943284485, 431974.792163365520537 ], [ 433730.8271309370175, 431977.641045246855356 ], [ 433731.43056636932306, 431978.9471708672354 ], [ 433735.066965134465136, 431977.248701977776363 ], [ 433735.891151576128323, 431979.012597264838405 ], [ 433732.076288547366858, 431980.787668285192922 ], [ 433732.679883074131794, 431982.071542392484844 ], [ 433729.651844032166991, 431983.473970107617788 ], [ 433725.414051976578776, 431974.408880265313201 ] ] ] } },
{ "type": "Feature", "properties": { "building": "yes", "osm_type": "way", "osm_id": 709654266, "addr:city": null, "addr:housenumber": null, "addr:postcode": null, "addr:street": null, "addr:suburb": null, "name": null, "fhrs:id": null, "operator": null, "natural": null, "water": null, "man_made": null, "operator:wikidata": null, "power": null, "ref": null, "substation": null, "voltage": null, "layer": null, "addr:housename": null, "amenity": null, "brand": null, "brand:wikidata": null, "operator:type": null, "generator:method": null, "generator:output:electricity": null, "generator:source": null }, "geometry": { "type": "Polygon", "coordinates": [ [ [ 433031.785280799784232, 431999.352509975084104 ], [ 433016.073091850383207, 431979.169988219742663 ], [ 432954.341891820076853, 432029.138923879363574 ], [ 432958.894853563280776, 432034.811961933155544 ], [ 432955.166649201360997, 432037.433877092436887 ], [ 432953.241471322369762, 432034.772283821366727 ], [ 432941.370660961023532, 432046.527476040180773 ], [ 432957.424657200695947, 432067.780281163752079 ], [ 432965.236830099369399, 432062.538955261930823 ], [ 432967.163239322660957, 432065.022540074074641 ], [ 432978.012537813046947, 432056.10859594354406 ], [ 432981.154985952191055, 432060.892764977761544 ], [ 433004.625397489638999, 432041.308322107768618 ], [ 432994.81539737113053, 432028.900205048499629 ], [ 433031.785280799784232, 431999.352509975084104 ] ] ] } },
{ "type": "Feature", "properties": { "building": "industrial", "osm_type": "way", "osm_id": 761994883, "addr:city": null, "addr:housenumber": null, "addr:postcode": null, "addr:street": null, "addr:suburb": null, "name": null, "fhrs:id": null, "operator": null, "natural": null, "water": null, "man_made": null, "operator:wikidata": null, "power": null, "ref": null, "substation": null, "voltage": null, "layer": null, "addr:housename": null, "amenity": null, "brand": null, "brand:wikidata": null, "operator:type": null, "generator:method": null, "generator:output:electricity": null, "generator:source": null }, "geometry": { "type": "Polygon", "coordinates": [ [ [ 433772.326439799740911, 431531.581075618392788 ], [ 433769.458711728802882, 431534.475571598275565 ], [ 433767.692541346710641, 431538.145712384954095 ], [ 433767.228498598269653, 431542.192388284951448 ], [ 433768.109318659291603, 431546.170849908492528 ], [ 433770.239272860635538, 431549.64647969417274 ], [ 433773.390519996872172, 431552.228216413059272 ], [ 433777.215726488037035, 431553.646529978490435 ], [ 433781.300783650716767, 431553.753799707279541 ], [ 433785.184655546734575, 431552.513330055284314 ], [ 433788.437653246684931, 431550.111177729442716 ], [ 433790.728531097469386, 431546.789738861611113 ], [ 433791.8240861686063, 431542.903379041352309 ], [ 433791.596068754908629, 431538.873978144605644 ], [ 433790.080971670162398, 431535.124602531199344 ], [ 433787.427314166619908, 431532.079125599004328 ], [ 433783.92939236969687, 431530.051205954398029 ], [ 433779.961302090494428, 431529.254938209312968 ], [ 433775.950739116873592, 431529.782410975429229 ], [ 433772.326439799740911, 431531.581075618392788 ] ] ] } },
{ "type": "Feature", "properties": { "building": "industrial", "osm_type": "way", "osm_id": 761994886, "addr:city": null, "addr:housenumber": null, "addr:postcode": null, "addr:street": null, "addr:suburb": null, "name": null, "fhrs:id": null, "operator": null, "natural": null, "water": null, "man_made": null, "operator:wikidata": null, "power": null, "ref": null, "substation": null, "voltage": null, "layer": null, "addr:housename": null, "amenity": null, "brand": null, "brand:wikidata": null, "operator:type": null, "generator:method": null, "generator:output:electricity": null, "generator:source": null }, "geometry": { "type": "Polygon", "coordinates": [ [ [ 433706.427468860114459, 431481.750873979646713 ], [ 433751.486132584977895, 431434.731640119454823 ], [ 433773.792549917066935, 431456.009931015665643 ], [ 433728.727350803033914, 431503.017778529669158 ], [ 433706.427468860114459, 431481.750873979646713 ] ] ] } },
{ "type": "Feature", "properties": { "building": "industrial", "osm_type": "way", "osm_id": 761994893, "addr:city": null, "addr:housenumber": null, "addr:postcode": null, "addr:street": null, "addr:suburb": null, "name": null, "fhrs:id": null, "operator": null, "natural": null, "water": null, "man_made": null, "operator:wikidata": null, "power": null, "ref": null, "substation": null, "voltage": null, "layer": null, "addr:housename": null, "amenity": null, "brand": null, "brand:wikidata": null, "operator:type": null, "generator:method": null, "generator:output:electricity": null, "generator:source": null }, "geometry": { "type": "Polygon", "coordinates": [ [ [ 433765.635707293462474, 431427.345283452072181 ], [ 433764.348531821859069, 431430.384664164623246 ], [ 433764.08769861899782, 431433.665078776888549 ], [ 433764.8752149878419, 431436.875145988655277 ], [ 433766.634480366716161, 431439.669396960758604 ], [ 433769.360183718963526, 431441.869772096164525 ], [ 433772.673313333187252, 431443.028491088189185 ], [ 433776.17927955405321, 431443.0314530513715 ], [ 433779.482773237163201, 431441.864688494009897 ], [ 433782.207213892135769, 431439.659004857996479 ], [ 433784.040957615245134, 431436.679192932555452 ], [ 433784.777316207415424, 431433.257556948927231 ], [ 433784.321227729262318, 431429.782836790313013 ], [ 433782.735627033165656, 431426.667162621277384 ], [ 433781.478932756406721, 431425.467596969217993 ], [ 433780.196038342313841, 431424.245590386679396 ], [ 433777.194142380380072, 431422.877703039324842 ], [ 433773.901678011752665, 431422.509104520897381 ], [ 433770.667511381674558, 431423.197936173295602 ], [ 433767.815189096902031, 431424.85751306056045 ], [ 433765.635707293462474, 431427.345283452072181 ] ] ] } },
{ "type": "Feature", "properties": { "building": "industrial", "osm_type": "way", "osm_id": 761994894, "addr:city": null, "addr:housenumber": null, "addr:postcode": null, "addr:street": null, "addr:suburb": null, "name": null, "fhrs:id": null, "operator": null, "natural": null, "water": null, "man_made": null, "operator:wikidata": null, "power": null, "ref": null, "substation": null, "voltage": null, "layer": null, "addr:housename": null, "amenity": null, "brand": null, "brand:wikidata": null, "operator:type": null, "generator:method": null, "generator:output:electricity": null, "generator:source": null }, "geometry": { "type": "Polygon", "coordinates": [ [ [ 433780.688190821616445, 431413.545527215115726 ], [ 433780.302777608158067, 431416.736033588182181 ], [ 433780.991917730076239, 431419.878637445042841 ], [ 433782.685681407223456, 431422.616791204432957 ], [ 433783.674992065411061, 431423.425009391386993 ], [ 433785.188531862513628, 431424.648676240583882 ], [ 433788.225375048816204, 431425.738660020055249 ], [ 433791.315871315659024, 431425.783149573719129 ], [ 433794.268435629666783, 431424.847524748416618 ], [ 433796.772624312201515, 431423.029688756098039 ], [ 433798.563481248915195, 431420.516882882453501 ], [ 433799.467826986685395, 431417.563767272280529 ], [ 433799.377979546261486, 431414.481105816666968 ], [ 433798.31813461787533, 431411.56948572723195 ], [ 433796.391327036893927, 431409.163441388867795 ], [ 433793.668844225408975, 431407.430382958031259 ], [ 433790.530579891928937, 431406.695711053209379 ], [ 433787.325320930918679, 431407.0286943098763 ], [ 433784.409164806944318, 431408.398515382665209 ], [ 433782.112648956477642, 431410.662908145342954 ], [ 433781.223226173780859, 431412.458988023339771 ], [ 433780.688190821616445, 431413.545527215115726 ] ] ] } },
{ "type": "Feature", "properties": { "building": "industrial", "osm_type": "way", "osm_id": 761994897, "addr:city": null, "addr:housenumber": null, "addr:postcode": null, "addr:street": null, "addr:suburb": null, "name": null, "fhrs:id": null, "operator": null, "natural": "water", "water": "wastewater", "man_made": "yes", "operator:wikidata": null, "power": null, "ref": null, "substation": null, "voltage": null, "layer": null, "addr:housename": null, "amenity": null, "brand": null, "brand:wikidata": null, "operator:type": null, "generator:method": null, "generator:output:electricity": null, "generator:source": null }, "geometry": { "type": "Polygon", "coordinates": [ [ [ 433799.736251696827821, 431393.087603685213253 ], [ 433798.687059138959739, 431395.105058543384075 ], [ 433798.380847594118677, 431397.361515333643183 ], [ 433798.852487401338294, 431399.590191117022187 ], [ 433800.051099862204865, 431401.534812591504306 ], [ 433801.695560098392889, 431402.881817466346547 ], [ 433803.680349614121951, 431403.64157307241112 ], [ 433805.801662125566509, 431403.745854273322038 ], [ 433807.848701251496095, 431403.182017306331545 ], [ 433809.616859941685107, 431401.99309464613907 ], [ 433810.920579541183542, 431400.322393306065351 ], [ 433811.633529919898137, 431398.324773055384867 ], [ 433811.681779386068229, 431396.19997666135896 ], [ 433811.057135057344567, 431394.170473275473341 ], [ 433809.830563476192765, 431392.448175826808438 ], [ 433807.975143828080036, 431391.110775834298693 ], [ 433805.77851062285481, 431390.483010387397371 ], [ 433803.50378163845744, 431390.633532322477549 ], [ 433801.401615742070135, 431391.530766657902859 ], [ 433799.736251696827821, 431393.087603685213253 ] ] ] } },
{ "type": "Feature", "properties": { "building": "industrial", "osm_type": "way", "osm_id": 761994898, "addr:city": null, "addr:housenumber": null, "addr:postcode": null, "addr:street": null, "addr:suburb": null, "name": null, "fhrs:id": null, "operator": null, "natural": null, "water": null, "man_made": null, "operator:wikidata": null, "power": null, "ref": null, "substation": null, "voltage": null, "layer": null, "addr:housename": null, "amenity": null, "brand": null, "brand:wikidata": null, "operator:type": null, "generator:method": null, "generator:output:electricity": null, "generator:source": null }, "geometry": { "type": "Polygon", "coordinates": [ [ [ 433782.685681407223456, 431422.616791204432957 ], [ 433783.674992065411061, 431423.425009391386993 ], [ 433781.478932756406721, 431425.467596969217993 ], [ 433780.196038342313841, 431424.245590386679396 ], [ 433777.194142380380072, 431422.877703039324842 ], [ 433773.901678011752665, 431422.509104520897381 ], [ 433770.667511381674558, 431423.197936173295602 ], [ 433767.815189096902031, 431424.85751306056045 ], [ 433764.88403804495465, 431421.899066212121397 ], [ 433766.044708595320117, 431420.87265563220717 ], [ 433765.751252979098354, 431419.524250482907519 ], [ 433765.996218538610265, 431417.534385061706416 ], [ 433766.965303353732452, 431416.573355623404495 ], [ 433768.158554981462657, 431416.515177182271145 ], [ 433769.960666953062173, 431417.017697609961033 ], [ 433771.454042656114325, 431418.296846976852976 ], [ 433775.170870273024775, 431414.640736576635391 ], [ 433773.832051413366571, 431413.863385859294794 ], [ 433773.183302820543759, 431412.43454022554215 ], [ 433773.160274875641335, 431411.054700215114281 ], [ 433773.633410356589593, 431409.411394693190232 ], [ 433775.447607242676895, 431408.233916736091487 ], [ 433777.522308649495244, 431408.404608344542794 ], [ 433780.206537787278648, 431409.959359657950699 ], [ 433780.809902911772951, 431412.20010751101654 ], [ 433781.223226173780859, 431412.458988023339771 ], [ 433780.688190821616445, 431413.545527215115726 ], [ 433780.302777608158067, 431416.736033588182181 ], [ 433780.991917730076239, 431419.878637445042841 ], [ 433782.685681407223456, 431422.616791204432957 ] ] ] } },
{ "type": "Feature", "properties": { "building": "industrial", "osm_type": "way", "osm_id": 761994899, "addr:city": null, "addr:housenumber": null, "addr:postcode": null, "addr:street": null, "addr:suburb": null, "name": null, "fhrs:id": null, "operator": null, "natural": null, "water": null, "man_made": null, "operator:wikidata": null, "power": null, "ref": null, "substation": null, "voltage": null, "layer": null, "addr:housename": null, "amenity": null, "brand": null, "brand:wikidata": null, "operator:type": null, "generator:method": null, "generator:output:electricity": null, "generator:source": null }, "geometry": { "type": "Polygon", "coordinates": [ [ [ 433822.463180275750346, 431420.944859016919509 ], [ 433824.397926568170078, 431419.501234354451299 ], [ 433826.690229823696427, 431418.738896863185801 ], [ 433829.108881851134356, 431418.734066396602429 ], [ 433831.403545630979352, 431419.473813299322501 ], [ 433833.350484392256476, 431420.912019858253188 ], [ 433834.746613377414178, 431422.880326327984221 ], [ 433835.47982455836609, 431425.389050898491405 ], [ 433835.316089407308027, 431427.99145074817352 ], [ 433834.277343344816472, 431430.387270969804376 ], [ 433832.47769949719077, 431432.288047622074373 ], [ 433830.142816956329625, 431433.472879012580961 ], [ 433827.550511652138084, 431433.799123822594993 ], [ 433824.991137414646801, 431433.213241785531864 ], [ 433822.78695569827687, 431431.806565134553239 ], [ 433821.291415360115934, 431429.915431130677462 ], [ 433820.464176220644731, 431427.650812649750151 ], [ 433820.389305060263723, 431425.235842921538278 ], [ 433821.078139892779291, 431422.926510931458324 ], [ 433822.463180275750346, 431420.944859016919509 ] ] ] } },
{ "type": "Feature", "properties": { "building": "industrial", "osm_type": "way", "osm_id": 761994900, "addr:city": null, "addr:housenumber": null, "addr:postcode": null, "addr:street": null, "addr:suburb": null, "name": null, "fhrs:id": null, "operator": null, "natural": null, "water": null, "man_made": null, "operator:wikidata": null, "power": null, "ref": null, "substation": null, "voltage": null, "layer": null, "addr:housename": null, "amenity": null, "brand": null, "brand:wikidata": null, "operator:type": null, "generator:method": null, "generator:output:electricity": null, "generator:source": null }, "geometry": { "type": "Polygon", "coordinates": [ [ [ 433791.978309675818309, 431451.868215201888233 ], [ 433808.076274747902062, 431435.650512727326714 ], [ 433813.029880520945881, 431440.537290893262252 ], [ 433796.938424365187529, 431456.766149706905708 ], [ 433791.978309675818309, 431451.868215201888233 ] ] ] } },
{ "type": "Feature", "properties": { "building": "industrial", "osm_type": "way", "osm_id": 761994901, "addr:city": null, "addr:housenumber": null, "addr:postcode": null, "addr:street": null, "addr:suburb": null, "name": null, "fhrs:id": null, "operator": null, "natural": null, "water": null, "man_made": null, "operator:wikidata": null, "power": null, "ref": null, "substation": null, "voltage": null, "layer": null, "addr:housename": null, "amenity": null, "brand": null, "brand:wikidata": null, "operator:type": null, "generator:method": null, "generator:output:electricity": null, "generator:source": null }, "geometry": { "type": "Polygon", "coordinates": [ [ [ 433816.461856118228752, 431434.342340987292118 ], [ 433812.274887602543458, 431438.306573259178549 ], [ 433808.330832994310185, 431434.161406690604053 ], [ 433812.517801774141844, 431430.197170914034359 ], [ 433816.461856118228752, 431434.342340987292118 ] ] ] } },
{ "type": "Feature", "properties": { "building": "industrial", "osm_type": "way", "osm_id": 761994902, "addr:city": null, "addr:housenumber": null, "addr:postcode": null, "addr:street": null, "addr:suburb": null, "name": null, "fhrs:id": null, "operator": null, "natural": null, "water": null, "man_made": null, "operator:wikidata": null, "power": null, "ref": null, "substation": null, "voltage": null, "layer": null, "addr:housename": null, "amenity": null, "brand": null, "brand:wikidata": null, "operator:type": null, "generator:method": null, "generator:output:electricity": null, "generator:source": null }, "geometry": { "type": "Polygon", "coordinates": [ [ [ 433849.949690076464321, 431489.703835964784957 ], [ 433854.71501156850718, 431485.04284285614267 ], [ 433848.153234510449693, 431478.364202050724998 ], [ 433843.387832767679356, 431483.036327625741251 ], [ 433849.949690076464321, 431489.703835964784957 ] ] ] } },
{ "type": "Feature", "properties": { "building": "industrial", "osm_type": "way", "osm_id": 761994903, "addr:city": null, "addr:housenumber": null, "addr:postcode": null, "addr:street": null, "addr:suburb": null, "name": null, "fhrs:id": null, "operator": null, "natural": null, "water": null, "man_made": null, "operator:wikidata": null, "power": null, "ref": null, "substation": null, "voltage": null, "layer": null, "addr:housename": null, "amenity": null, "brand": null, "brand:wikidata": null, "operator:type": null, "generator:method": null, "generator:output:electricity": null, "generator:source": null }, "geometry": { "type": "Polygon", "coordinates": [ [ [ 433859.82152525417041, 431489.730498995282687 ], [ 433855.150385392887983, 431494.12513208668679 ], [ 433850.840355121821631, 431489.565612821606919 ], [ 433855.511495360464323, 431485.170975456479937 ], [ 433859.82152525417041, 431489.730498995282687 ] ] ] } },
{ "type": "Feature", "properties": { "building": "industrial", "osm_type": "way", "osm_id": 761994904, "addr:city": null, "addr:housenumber": null, "addr:postcode": null, "addr:street": null, "addr:suburb": null, "name": null, "fhrs:id": null, "operator": null, "natural": null, "water": null, "man_made": null, "operator:wikidata": null, "power": null, "ref": null, "substation": null, "voltage": null, "layer": null, "addr:housename": null, "amenity": null, "brand": null, "brand:wikidata": null, "operator:type": null, "generator:method": null, "generator:output:electricity": null, "generator:source": null }, "geometry": { "type": "Polygon", "coordinates": [ [ [ 433859.582619709486607, 431490.874796651536599 ], [ 433873.541303207632154, 431504.471799360471778 ], [ 433870.221780046005733, 431507.863663928001188 ], [ 433856.263097310787998, 431494.266671048244461 ], [ 433859.582619709486607, 431490.874796651536599 ] ] ] } },
{ "type": "Feature", "properties": { "building": "industrial", "osm_type": "way", "osm_id": 761994905, "addr:city": null, "addr:housenumber": null, "addr:postcode": null, "addr:street": null, "addr:suburb": null, "name": null, "fhrs:id": null, "operator": null, "natural": null, "water": null, "man_made": null, "operator:wikidata": null, "power": null, "ref": null, "substation": null, "voltage": null, "layer": null, "addr:housename": null, "amenity": null, "brand": null, "brand:wikidata": null, "operator:type": null, "generator:method": null, "generator:output:electricity": null, "generator:source": null }, "geometry": { "type": "Polygon", "coordinates": [ [ [ 433861.635561021685135, 431508.680729399551637 ], [ 433849.737835470528807, 431520.923015504726209 ], [ 433854.731245879258495, 431525.754494786844589 ], [ 433866.628892344597261, 431513.523347117006779 ], [ 433861.635561021685135, 431508.680729399551637 ] ] ] } },
{ "type": "Feature", "properties": { "building": "industrial", "osm_type": "way", "osm_id": 761994906, "addr:city": null, "addr:housenumber": null, "addr:postcode": null, "addr:street": null, "addr:suburb": null, "name": null, "fhrs:id": null, "operator": null, "natural": null, "water": null, "man_made": null, "operator:wikidata": null, "power": null, "ref": null, "substation": null, "voltage": null, "layer": null, "addr:housename": null, "amenity": null, "brand": null, "brand:wikidata": null, "operator:type": null, "generator:method": null, "generator:output:electricity": null, "generator:source": null }, "geometry": { "type": "Polygon", "coordinates": [ [ [ 433856.635549343947787, 431503.849195407005027 ], [ 433844.737905147543643, 431516.080368300434202 ], [ 433849.737835470528807, 431520.923015504726209 ], [ 433861.635561021685135, 431508.680729399551637 ], [ 433856.635549343947787, 431503.849195407005027 ] ] ] } },
{ "type": "Feature", "properties": { "building": "industrial", "osm_type": "way", "osm_id": 761994907, "addr:city": null, "addr:housenumber": null, "addr:postcode": null, "addr:street": null, "addr:suburb": null, "name": null, "fhrs:id": null, "operator": null, "natural": null, "water": null, "man_made": null, "operator:wikidata": null, "power": null, "ref": null, "substation": null, "voltage": null, "layer": null, "addr:housename": null, "amenity": null, "brand": null, "brand:wikidata": null, "operator:type": null, "generator:method": null, "generator:output:electricity": null, "generator:source": null }, "geometry": { "type": "Polygon", "coordinates": [ [ [ 433873.810814810858574, 431716.509786017006263 ], [ 433900.317852896172553, 431687.828032546443865 ], [ 433888.07606972445501, 431676.568749992991798 ], [ 433855.724327228963375, 431711.583863509818912 ], [ 433870.846520208229776, 431725.489672143361531 ], [ 433876.69783103291411, 431719.156447190558538 ], [ 433873.810814810858574, 431716.509786017006263 ] ] ] } },
{ "type": "Feature", "properties": { "building": "industrial", "osm_type": "way", "osm_id": 761994908, "addr:city": null, "addr:housenumber": null, "addr:postcode": null, "addr:street": null, "addr:suburb": null, "name": null, "fhrs:id": null, "operator": null, "natural": null, "water": null, "man_made": null, "operator:wikidata": null, "power": null, "ref": null, "substation": null, "voltage": null, "layer": null, "addr:housename": null, "amenity": null, "brand": null, "brand:wikidata": null, "operator:type": null, "generator:method": null, "generator:output:electricity": null, "generator:source": null }, "geometry": { "type": "Polygon", "coordinates": [ [ [ 433889.859016020782292, 431718.973256289027631 ], [ 433893.19023352349177, 431718.507737555890344 ], [ 433896.487303354544565, 431719.12123692932073 ], [ 433899.427821095567197, 431720.744668323779479 ], [ 433901.696695659775287, 431723.208859948324971 ], [ 433903.109984201611951, 431726.434597841114737 ], [ 433903.374616404704284, 431729.941329332650639 ], [ 433902.453949903370813, 431733.328238691901788 ], [ 433900.462658528704196, 431736.228982786764391 ], [ 433897.614095778262708, 431738.300184274674393 ], [ 433894.232830582011957, 431739.310532809933648 ], [ 433890.715030705789104, 431739.151624743593857 ], [ 433887.449470860359725, 431737.826266111107543 ], [ 433884.803953708731569, 431735.50400677730795 ], [ 433883.086416599457152, 431732.43184885836672 ], [ 433882.490771079494152, 431729.134132031700574 ], [ 433882.969367813318968, 431725.821913899853826 ], [ 433884.473674243781716, 431722.828636988415383 ], [ 433886.856475524080452, 431720.464779472094961 ], [ 433889.859016020782292, 431718.973256289027631 ] ] ] } },
{ "type": "Feature", "properties": { "building": "industrial", "osm_type": "way", "osm_id": 761994909, "addr:city": null, "addr:housenumber": null, "addr:postcode": null, "addr:street": null, "addr:suburb": null, "name": null, "fhrs:id": null, "operator": null, "natural": null, "water": null, "man_made": null, "operator:wikidata": null, "power": null, "ref": null, "substation": null, "voltage": null, "layer": null, "addr:housename": null, "amenity": null, "brand": null, "brand:wikidata": null, "operator:type": null, "generator:method": null, "generator:output:electricity": null, "generator:source": null }, "geometry": { "type": "Polygon", "coordinates": [ [ [ 433906.336924140923657, 431702.079922409378923 ], [ 433909.661565907881595, 431701.614367778063752 ], [ 433912.965235147043131, 431702.227926292922348 ], [ 433915.899248873756733, 431703.840194549527951 ], [ 433918.174632338806987, 431706.315567533602007 ], [ 433919.587995262932964, 431709.53018450899981 ], [ 433919.852616318734363, 431713.036916887038387 ], [ 433918.931854389375076, 431716.434948814217933 ], [ 433916.933956256194506, 431719.335638294927776 ], [ 433914.085375960916281, 431721.406829770305194 ], [ 433910.710684407793451, 431722.417214027489536 ], [ 433907.186282776936423, 431722.258246042998508 ], [ 433903.920715593383648, 431720.932875977479853 ], [ 433901.281786282022949, 431718.610654970514588 ], [ 433899.564253518707119, 431715.53849106351845 ], [ 433898.962027734087314, 431712.240724618779495 ], [ 433899.440637651190627, 431708.928508201846853 ], [ 433900.951549397548661, 431705.93528417206835 ], [ 433903.327778042061254, 431703.571387465693988 ], [ 433906.336924140923657, 431702.079922409378923 ] ] ] } },
{ "type": "Feature", "properties": { "building": "industrial", "osm_type": "way", "osm_id": 761994910, "addr:city": null, "addr:housenumber": null, "addr:postcode": null, "addr:street": null, "addr:suburb": null, "name": null, "fhrs:id": null, "operator": null, "natural": null, "water": null, "man_made": null, "operator:wikidata": null, "power": null, "ref": null, "substation": null, "voltage": null, "layer": null, "addr:housename": null, "amenity": null, "brand": null, "brand:wikidata": null, "operator:type": null, "generator:method": null, "generator:output:electricity": null, "generator:source": null }, "geometry": { "type": "Polygon", "coordinates": [ [ [ 433862.986079402035102, 431660.443597750039771 ], [ 433866.310746014816687, 431659.978012253413908 ], [ 433869.607860531308688, 431660.591492464765906 ], [ 433872.548424553824589, 431662.21490665001329 ], [ 433874.823931614402682, 431664.679132401943207 ], [ 433876.237337266502436, 431667.893735921476036 ], [ 433876.495404162444174, 431671.40041795768775 ], [ 433875.58125570579432, 431674.798505651764572 ], [ 433873.58336734585464, 431677.699213422136381 ], [ 433870.734781524981372, 431679.770431179669686 ], [ 433867.360069821123034, 431680.780846712994389 ], [ 433863.83563570107799, 431680.62191151198931 ], [ 433860.570027310168371, 431679.296571937971748 ], [ 433857.924463373434264, 431676.974328180658631 ], [ 433856.206886545871384, 431673.902180545497686 ], [ 433855.611213918833528, 431670.604467532364652 ], [ 433856.089796824555378, 431667.292246989556588 ], [ 433857.600693643500563, 431664.299009205889888 ], [ 433859.976920901332051, 431661.935090635670349 ], [ 433862.986079402035102, 431660.443597750039771 ] ] ] } },
{ "type": "Feature", "properties": { "building": "industrial", "osm_type": "way", "osm_id": 761994916, "addr:city": null, "addr:housenumber": null, "addr:postcode": null, "addr:street": null, "addr:suburb": null, "name": null, "fhrs:id": null, "operator": null, "natural": null, "water": null, "man_made": null, "operator:wikidata": null, "power": null, "ref": null, "substation": null, "voltage": null, "layer": null, "addr:housename": null, "amenity": null, "brand": null, "brand:wikidata": null, "operator:type": null, "generator:method": null, "generator:output:electricity": null, "generator:source": null }, "geometry": { "type": "Polygon", "coordinates": [ [ [ 433872.45635929092532, 431734.357910483959131 ], [ 433876.915454122121446, 431730.095282682101242 ], [ 433873.213349920581095, 431726.252215002314188 ], [ 433868.760924608504865, 431730.50376800284721 ], [ 433872.45635929092532, 431734.357910483959131 ] ] ] } },
{ "type": "Feature", "properties": { "building": "industrial", "osm_type": "way", "osm_id": 761994920, "addr:city": null, "addr:housenumber": null, "addr:postcode": null, "addr:street": null, "addr:suburb": null, "name": null, "fhrs:id": null, "operator": null, "natural": null, "water": null, "man_made": null, "operator:wikidata": null, "power": null, "ref": null, "substation": null, "voltage": null, "layer": null, "addr:housename": null, "amenity": null, "brand": null, "brand:wikidata": null, "operator:type": null, "generator:method": null, "generator:output:electricity": null, "generator:source": null }, "geometry": { "type": "Polygon", "coordinates": [ [ [ 433740.247871881118044, 431701.907210209639743 ], [ 433738.196540020522662, 431702.170631544315256 ], [ 433736.344846661784686, 431703.080819869646803 ], [ 433734.904215718910564, 431704.561408963170834 ], [ 433734.040663401712663, 431706.43556852824986 ], [ 433733.841451094776858, 431708.481396924238652 ], [ 433734.301986665639561, 431710.420700823073275 ], [ 433735.357493541785516, 431712.097245307872072 ], [ 433736.897069190628827, 431713.354464248870499 ], [ 433738.75693593325559, 431714.057664448395371 ], [ 433740.739889579475857, 431714.138670816319063 ], [ 433742.64840640919283, 431713.573811310809106 ], [ 433744.277733530849218, 431712.42837290733587 ], [ 433745.462174772517756, 431710.834681476582773 ], [ 433746.06223139713984, 431708.947503928793594 ], [ 433746.037006610597018, 431706.955695119919255 ], [ 433745.332584356423467, 431705.025763769634068 ], [ 433744.032708431128412, 431703.425345842144452 ], [ 433742.26780933624832, 431702.344528044341132 ], [ 433740.247871881118044, 431701.907210209639743 ] ] ] } },
{ "type": "Feature", "properties": { "building": "industrial", "osm_type": "way", "osm_id": 761994921, "addr:city": null, "addr:housenumber": null, "addr:postcode": null, "addr:street": null, "addr:suburb": null, "name": null, "fhrs:id": null, "operator": null, "natural": null, "water": null, "man_made": null, "operator:wikidata": null, "power": null, "ref": null, "substation": null, "voltage": null, "layer": null, "addr:housename": null, "amenity": null, "brand": null, "brand:wikidata": null, "operator:type": null, "generator:method": null, "generator:output:electricity": null, "generator:source": null }, "geometry": { "type": "Polygon", "coordinates": [ [ [ 433798.207240121206269, 431741.03281160001643 ], [ 433794.097788423765451, 431745.253524233121425 ], [ 433774.726779825636186, 431726.521919031161815 ], [ 433778.836310038052034, 431722.290063672000542 ], [ 433798.207240121206269, 431741.03281160001643 ] ] ] } },
{ "type": "Feature", "properties": { "building": "industrial", "osm_type": "way", "osm_id": 761994922, "addr:city": null, "addr:housenumber": null, "addr:postcode": null, "addr:street": null, "addr:suburb": null, "name": null, "fhrs:id": null, "operator": null, "natural": null, "water": null, "man_made": null, "operator:wikidata": null, "power": null, "ref": null, "substation": null, "voltage": null, "layer": null, "addr:housename": null, "amenity": null, "brand": null, "brand:wikidata": null, "operator:type": null, "generator:method": null, "generator:output:electricity": null, "generator:source": null }, "geometry": { "type": "Polygon", "coordinates": [ [ [ 433799.316463498922531, 431738.904524400946684 ], [ 433803.568330345675349, 431735.040886714006774 ], [ 433799.946044863609131, 431731.087188061792403 ], [ 433795.694177511497401, 431734.95082901918795 ], [ 433799.316463498922531, 431738.904524400946684 ] ] ] } },
{ "type": "Feature", "properties": { "building": "industrial", "osm_type": "way", "osm_id": 761994923, "addr:city": null, "addr:housenumber": null, "addr:postcode": null, "addr:street": null, "addr:suburb": null, "name": null, "fhrs:id": null, "operator": null, "natural": null, "water": null, "man_made": null, "operator:wikidata": null, "power": null, "ref": null, "substation": null, "voltage": null, "layer": null, "addr:housename": null, "amenity": null, "brand": null, "brand:wikidata": null, "operator:type": null, "generator:method": null, "generator:output:electricity": null, "generator:source": null }, "geometry": { "type": "Polygon", "coordinates": [ [ [ 433805.277863826835528, 431676.072082176920958 ], [ 433819.705896426108666, 431661.044052968965843 ], [ 433811.472394076583441, 431653.185146714211442 ], [ 433797.050953975296579, 431668.213248544838279 ], [ 433805.277863826835528, 431676.072082176920958 ] ] ] } },
{ "type": "Feature", "properties": { "building": "industrial", "osm_type": "way", "osm_id": 761994924, "addr:city": null, "addr:housenumber": null, "addr:postcode": null, "addr:street": null, "addr:suburb": null, "name": null, "fhrs:id": null, "operator": null, "natural": null, "water": null, "man_made": null, "operator:wikidata": null, "power": null, "ref": null, "substation": null, "voltage": null, "layer": null, "addr:housename": null, "amenity": null, "brand": null, "brand:wikidata": null, "operator:type": null, "generator:method": null, "generator:output:electricity": null, "generator:source": null }, "geometry": { "type": "Polygon", "coordinates": [ [ [ 433783.564776758023072, 431661.340219203033485 ], [ 433783.860129474545829, 431665.169829496415332 ], [ 433782.845043035747949, 431668.867621445213445 ], [ 433780.64117358654039, 431672.01166741666384 ], [ 433777.501566106453538, 431674.23661768657621 ], [ 433774.093923636013642, 431675.246863407664932 ], [ 433770.542724751518108, 431675.143438091967255 ], [ 433767.197132318338845, 431673.93997931224294 ], [ 433764.392410632688552, 431671.750161419971846 ], [ 433762.410229146189522, 431668.80966326338239 ], [ 433761.446275082591455, 431665.39805099030491 ], [ 433761.596993899496738, 431661.849809686886147 ], [ 433762.846569198183715, 431658.531997261219658 ], [ 433765.067481471574865, 431655.766363534727134 ], [ 433768.324507229786832, 431653.709145444096066 ], [ 433772.07362118922174, 431652.868247391656041 ], [ 433775.899037900322583, 431653.329691195511259 ], [ 433779.33972485573031, 431655.056781389983371 ], [ 433781.995317389024422, 431657.824108664412051 ], [ 433783.564776758023072, 431661.340219203033485 ] ] ] } },
{ "type": "Feature", "properties": { "building": "industrial", "osm_type": "way", "osm_id": 761994925, "addr:city": null, "addr:housenumber": null, "addr:postcode": null, "addr:street": null, "addr:suburb": null, "name": null, "fhrs:id": null, "operator": null, "natural": null, "water": null, "man_made": null, "operator:wikidata": null, "power": null, "ref": null, "substation": null, "voltage": null, "layer": null, "addr:housename": null, "amenity": null, "brand": null, "brand:wikidata": null, "operator:type": null, "generator:method": null, "generator:output:electricity": null, "generator:source": null }, "geometry": { "type": "Polygon", "coordinates": [ [ [ 433800.624473226489499, 431641.4131920337677 ], [ 433800.919813552405685, 431645.242803338333033 ], [ 433799.904629478463903, 431648.951717378455214 ], [ 433797.700739347841591, 431652.095755298621953 ], [ 433794.561110445181839, 431654.320694142021239 ], [ 433791.153529795526993, 431655.319801645237021 ], [ 433787.602316017262638, 431655.216363445157185 ], [ 433784.256713497801684, 431654.012892542057671 ], [ 433781.451907530019525, 431651.83419034187682 ], [ 433779.469728017866146, 431648.893685038900003 ], [ 433778.51245159067912, 431645.470990888192318 ], [ 433778.65651410369901, 431641.933828622335568 ], [ 433779.906106604554225, 431638.616020782850683 ], [ 433782.133627872623038, 431635.850442569004372 ], [ 433785.384085369645618, 431633.793188923504204 ], [ 433789.133298489323352, 431632.941178654204123 ], [ 433792.958649929962121, 431633.413762170006521 ], [ 433796.399425578129012, 431635.12973898765631 ], [ 433799.054939573630691, 431637.908201689017005 ], [ 433800.624473226489499, 431641.4131920337677 ] ] ] } },
{ "type": "Feature", "properties": { "building": "industrial", "osm_type": "way", "osm_id": 761994926, "addr:city": null, "addr:housenumber": null, "addr:postcode": null, "addr:street": null, "addr:suburb": null, "name": null, "fhrs:id": null, "operator": null, "natural": null, "water": null, "man_made": null, "operator:wikidata": null, "power": null, "ref": null, "substation": null, "voltage": null, "layer": null, "addr:housename": null, "amenity": null, "brand": null, "brand:wikidata": null, "operator:type": null, "generator:method": null, "generator:output:electricity": null, "generator:source": null }, "geometry": { "type": "Polygon", "coordinates": [ [ [ 433817.491634623787832, 431618.959144155494869 ], [ 433817.786962914047763, 431622.788756441441365 ], [ 433816.771760889270809, 431626.497666767914779 ], [ 433814.561259444919415, 431629.641649275203235 ], [ 433811.428197131026536, 431631.866624265327118 ], [ 433808.013926789455581, 431632.876797922421247 ], [ 433804.462696204776876, 431632.773346993606538 ], [ 433801.123671335051768, 431631.569911554106511 ], [ 433798.31893954455154, 431629.380073507199995 ], [ 433796.336760782403871, 431626.43956115480978 ], [ 433795.372822079341859, 431623.027942049084231 ], [ 433795.52356740453979, 431619.479701960575767 ], [ 433796.773177615075838, 431616.161898667458445 ], [ 433798.994129760249052, 431613.3962810668163 ], [ 433802.244610210880637, 431611.339039114187472 ], [ 433806.000353990588337, 431610.498215572792105 ], [ 433809.819212745060213, 431610.95963951793965 ], [ 433813.259918893279973, 431612.686754467315041 ], [ 433815.922105701640248, 431615.454148252611049 ], [ 433817.491634623787832, 431618.959144155494869 ] ] ] } },
{ "type": "Feature", "properties": { "building": "industrial", "osm_type": "way", "osm_id": 761994927, "addr:city": null, "addr:housenumber": null, "addr:postcode": null, "addr:street": null, "addr:suburb": null, "name": null, "fhrs:id": null, "operator": null, "natural": null, "water": null, "man_made": null, "operator:wikidata": null, "power": null, "ref": null, "substation": null, "voltage": null, "layer": null, "addr:housename": null, "amenity": null, "brand": null, "brand:wikidata": null, "operator:type": null, "generator:method": null, "generator:output:electricity": null, "generator:source": null }, "geometry": { "type": "Polygon", "coordinates": [ [ [ 433837.337682536104694, 431636.73747187666595 ], [ 433837.632993213483132, 431640.567085585789755 ], [ 433836.617779012478422, 431644.275991750997491 ], [ 433834.407272310636472, 431647.419964985689148 ], [ 433831.267622590414248, 431649.644879263127223 ], [ 433827.860030423442367, 431650.643960074987262 ], [ 433824.308813598472625, 431650.54049403348472 ], [ 433820.963216862641275, 431649.336996871745214 ], [ 433818.165014469996095, 431647.158320095506497 ], [ 433816.182855817081872, 431644.217799179255962 ], [ 433815.218935433600564, 431640.80617582728155 ], [ 433815.369695485511329, 431637.257936227368191 ], [ 433816.619315307238139, 431633.940138110890985 ], [ 433818.840271039924119, 431631.174529840238392 ], [ 433822.090748162881937, 431629.117301630089059 ], [ 433825.846481476910412, 431628.276494034100324 ], [ 433829.665323916473426, 431628.73793424887117 ], [ 433833.106089874578174, 431630.453938081511296 ], [ 433835.768174607888795, 431633.232469144626521 ], [ 433837.337682536104694, 431636.73747187666595 ] ] ] } },
{ "type": "Feature", "properties": { "building": "industrial", "osm_type": "way", "osm_id": 761994934, "addr:city": null, "addr:housenumber": null, "addr:postcode": null, "addr:street": null, "addr:suburb": null, "name": null, "fhrs:id": null, "operator": null, "natural": null, "water": null, "man_made": null, "operator:wikidata": null, "power": null, "ref": null, "substation": null, "voltage": null, "layer": null, "addr:housename": null, "amenity": null, "brand": null, "brand:wikidata": null, "operator:type": null, "generator:method": null, "generator:output:electricity": null, "generator:source": null }, "geometry": { "type": "Polygon", "coordinates": [ [ [ 433408.366916986298747, 431828.411449857521802 ], [ 433411.042123110266402, 431825.660009159008041 ], [ 433414.441938688280061, 431823.870596938650124 ], [ 433418.229040079633705, 431823.218836588668637 ], [ 433422.03386827534996, 431823.779983536573127 ], [ 433425.474714882613625, 431825.484562299097888 ], [ 433428.438371296913829, 431828.498662248370238 ], [ 433430.196907599689439, 431832.327538286452182 ], [ 433430.542636405094527, 431836.52465423324611 ], [ 433429.439589927322231, 431840.589065467822365 ], [ 433427.016453304560855, 431844.032127226819284 ], [ 433423.559418983990327, 431846.455328049138188 ], [ 433419.48574954259675, 431847.561226969468407 ], [ 433415.277489435335156, 431847.208612642600201 ], [ 433411.435025120794307, 431845.456677905633114 ], [ 433408.653256924357265, 431842.811054071760736 ], [ 433406.832237339986023, 431839.426797859719954 ], [ 433406.153935297217686, 431835.661247631302103 ], [ 433406.681792759976815, 431831.859772743657231 ], [ 433408.366916986298747, 431828.411449857521802 ] ] ] } },
{ "type": "Feature", "properties": { "building": "industrial", "osm_type": "way", "osm_id": 761994935, "addr:city": null, "addr:housenumber": null, "addr:postcode": null, "addr:street": null, "addr:suburb": null, "name": null, "fhrs:id": null, "operator": null, "natural": null, "water": null, "man_made": null, "operator:wikidata": null, "power": null, "ref": null, "substation": null, "voltage": null, "layer": null, "addr:housename": null, "amenity": null, "brand": null, "brand:wikidata": null, "operator:type": null, "generator:method": null, "generator:output:electricity": null, "generator:source": null }, "geometry": { "type": "Polygon", "coordinates": [ [ [ 433408.349179658223875, 431800.33940686553251 ], [ 433411.017812159087043, 431797.587919327314012 ], [ 433414.424237288301811, 431795.798553977161646 ], [ 433418.211361321737058, 431795.146793554886244 ], [ 433422.016212402086239, 431795.707940378342755 ], [ 433425.457000643247738, 431797.423644818365574 ], [ 433428.414165012713056, 431800.42657181690447 ], [ 433430.172712299274281, 431804.255447642644867 ], [ 433430.525033001031261, 431808.452610314474441 ], [ 433429.421980364131741, 431812.517021406674758 ], [ 433426.992240260005929, 431815.960036178701557 ], [ 433423.541774810408242, 431818.38328389741946 ], [ 433419.461491729714908, 431819.489135982235894 ], [ 433415.253206340712495, 431819.136521789943799 ], [ 433411.417308111384045, 431817.384634116431698 ], [ 433408.635522932279855, 431814.739010467426851 ], [ 433406.814492044853978, 431811.354754444328137 ], [ 433406.129596164391842, 431807.589157516369596 ], [ 433406.664045712037478, 431803.787729651085101 ], [ 433408.349179658223875, 431800.33940686553251 ] ] ] } },
{ "type": "Feature", "properties": { "building": "industrial", "osm_type": "way", "osm_id": 761994936, "addr:city": null, "addr:housenumber": null, "addr:postcode": null, "addr:street": null, "addr:suburb": null, "name": null, "fhrs:id": null, "operator": null, "natural": null, "water": null, "man_made": null, "operator:wikidata": null, "power": null, "ref": null, "substation": null, "voltage": null, "layer": null, "addr:housename": null, "amenity": null, "brand": null, "brand:wikidata": null, "operator:type": null, "generator:method": null, "generator:output:electricity": null, "generator:source": null }, "geometry": { "type": "Polygon", "coordinates": [ [ [ 433408.771851728553884, 431792.798712436808273 ], [ 433407.169686900102533, 431755.869908401044086 ], [ 433402.601557732385118, 431756.071066391072236 ], [ 433404.210347856918816, 431792.999915611813776 ], [ 433408.771851728553884, 431792.798712436808273 ] ] ] } },
{ "type": "Feature", "properties": { "building": "industrial", "osm_type": "way", "osm_id": 761994937, "addr:city": null, "addr:housenumber": null, "addr:postcode": null, "addr:street": null, "addr:suburb": null, "name": null, "fhrs:id": null, "operator": null, "natural": "water", "water": "wastewater", "man_made": null, "operator:wikidata": null, "power": null, "ref": null, "substation": null, "voltage": null, "layer": null, "addr:housename": null, "amenity": null, "brand": null, "brand:wikidata": null, "operator:type": null, "generator:method": null, "generator:output:electricity": null, "generator:source": null }, "geometry": { "type": "Polygon", "coordinates": [ [ [ 433304.921854942804202, 431805.290298747015186 ], [ 433301.566436355467886, 431700.466940082726069 ], [ 433236.628843159996904, 431702.532576024532318 ], [ 433239.998813250684179, 431807.367102109012194 ], [ 433304.921854942804202, 431805.290298747015186 ] ] ] } },
{ "type": "Feature", "properties": { "building": "industrial", "osm_type": "way", "osm_id": 761994938, "addr:city": null, "addr:housenumber": null, "addr:postcode": null, "addr:street": null, "addr:suburb": null, "name": null, "fhrs:id": null, "operator": null, "natural": "water", "water": "wastewater", "man_made": null, "operator:wikidata": null, "power": null, "ref": null, "substation": null, "voltage": null, "layer": null, "addr:housename": null, "amenity": null, "brand": null, "brand:wikidata": null, "operator:type": null, "generator:method": null, "generator:output:electricity": null, "generator:source": null }, "geometry": { "type": "Polygon", "coordinates": [ [ [ 433378.552006431622431, 431799.215142323402688 ], [ 433374.901885531027801, 431684.16445710323751 ], [ 433325.387833422340918, 431685.726555387838744 ], [ 433325.710327642620541, 431695.998510810080916 ], [ 433310.280119154485874, 431696.478732185903937 ], [ 433313.60922649782151, 431801.268532684072852 ], [ 433378.552006431622431, 431799.215142323402688 ] ] ] } },
{ "type": "Feature", "properties": { "building": "industrial", "osm_type": "way", "osm_id": 761994939, "addr:city": null, "addr:housenumber": null, "addr:postcode": null, "addr:street": null, "addr:suburb": null, "name": "Knostrop Primary", "fhrs:id": null, "operator": "Northern Powergrid", "natural": null, "water": null, "man_made": null, "operator:wikidata": "Q7058871", "power": "substation", "ref": "8202", "substation": "minor_distribution", "voltage": "33000;11000", "layer": null, "addr:housename": null, "amenity": null, "brand": null, "brand:wikidata": null, "operator:type": null, "generator:method": null, "generator:output:electricity": null, "generator:source": null }, "geometry": { "type": "Polygon", "coordinates": [ [ [ 433360.917734526155982, 431843.773460664437152 ], [ 433360.031419460428879, 431833.108069842099212 ], [ 433350.180748218903318, 431833.91708357911557 ], [ 433349.470562728005461, 431825.355836181435734 ], [ 433364.859839505748823, 431824.085483054863289 ], [ 433366.462809905759059, 431843.323297451483086 ], [ 433360.917734526155982, 431843.773460664437152 ] ] ] } },
{ "type": "Feature", "properties": { "building": "industrial", "osm_type": "way", "osm_id": 761994940, "addr:city": null, "addr:housenumber": null, "addr:postcode": null, "addr:street": null, "addr:suburb": null, "name": null, "fhrs:id": null, "operator": null, "natural": "water", "water": "wastewater", "man_made": null, "operator:wikidata": null, "power": null, "ref": null, "substation": null, "voltage": null, "layer": null, "addr:housename": null, "amenity": null, "brand": null, "brand:wikidata": null, "operator:type": null, "generator:method": null, "generator:output:electricity": null, "generator:source": null }, "geometry": { "type": "Polygon", "coordinates": [ [ [ 433426.590488342626486, 431730.762304076342843 ], [ 433525.063346177106723, 431621.613309536478482 ], [ 433584.491953188145999, 431674.988517824211158 ], [ 433485.999186649802141, 431784.113878944772296 ], [ 433426.590488342626486, 431730.762304076342843 ] ] ] } },
{ "type": "Feature", "properties": { "building": "industrial", "osm_type": "way", "osm_id": 761994941, "addr:city": null, "addr:housenumber": null, "addr:postcode": null, "addr:street": null, "addr:suburb": null, "name": null, "fhrs:id": null, "operator": null, "natural": null, "water": null, "man_made": null, "operator:wikidata": null, "power": null, "ref": null, "substation": null, "voltage": null, "layer": "1", "addr:housename": null, "amenity": null, "brand": null, "brand:wikidata": null, "operator:type": null, "generator:method": null, "generator:output:electricity": null, "generator:source": null }, "geometry": { "type": "Polygon", "coordinates": [ [ [ 433470.606028822076041, 431678.659340430051088 ], [ 433478.861695596540812, 431669.616792936925776 ], [ 433544.328806517994963, 431729.120695262448862 ], [ 433536.059856517706066, 431738.174159872345626 ], [ 433470.606028822076041, 431678.659340430051088 ] ] ] } },
{ "type": "Feature", "properties": { "building": "industrial", "osm_type": "way", "osm_id": 761994942, "addr:city": null, "addr:housenumber": null, "addr:postcode": null, "addr:street": null, "addr:suburb": null, "name": null, "fhrs:id": null, "operator": null, "natural": "water", "water": "wastewater", "man_made": null, "operator:wikidata": null, "power": null, "ref": null, "substation": null, "voltage": null, "layer": null, "addr:housename": null, "amenity": null, "brand": null, "brand:wikidata": null, "operator:type": null, "generator:method": null, "generator:output:electricity": null, "generator:source": null }, "geometry": { "type": "Polygon", "coordinates": [ [ [ 433609.098766011884436, 431683.242339892778546 ], [ 433660.785873343062121, 431729.731523846159689 ], [ 433568.643114266800694, 431831.72415339644067 ], [ 433516.936558978981338, 431785.22471229347866 ], [ 433609.098766011884436, 431683.242339892778546 ] ] ] } },
{ "type": "Feature", "properties": { "building": "industrial", "osm_type": "way", "osm_id": 761994943, "addr:city": null, "addr:housenumber": null, "addr:postcode": null, "addr:street": null, "addr:suburb": null, "name": null, "fhrs:id": null, "operator": null, "natural": "water", "water": "wastewater", "man_made": null, "operator:wikidata": null, "power": null, "ref": null, "substation": null, "voltage": null, "layer": null, "addr:housename": null, "amenity": null, "brand": null, "brand:wikidata": null, "operator:type": null, "generator:method": null, "generator:output:electricity": null, "generator:source": null }, "geometry": { "type": "Polygon", "coordinates": [ [ [ 433616.82043159235036, 431875.851239497307688 ], [ 433708.960324335785117, 431771.534109168336727 ], [ 433681.371723999734968, 431747.280840493040159 ], [ 433589.218965156294871, 431851.576163757010363 ], [ 433616.82043159235036, 431875.851239497307688 ] ] ] } },
{ "type": "Feature", "properties": { "building": "industrial", "osm_type": "way", "osm_id": 761994944, "addr:city": null, "addr:housenumber": null, "addr:postcode": null, "addr:street": null, "addr:suburb": null, "name": null, "fhrs:id": null, "operator": null, "natural": null, "water": null, "man_made": null, "operator:wikidata": null, "power": null, "ref": null, "substation": null, "voltage": null, "layer": null, "addr:housename": null, "amenity": null, "brand": null, "brand:wikidata": null, "operator:type": null, "generator:method": null, "generator:output:electricity": null, "generator:source": null }, "geometry": { "type": "Polygon", "coordinates": [ [ [ 433529.300701084022876, 431832.956254911725409 ], [ 433537.274855203810148, 431824.557131557259709 ], [ 433528.44496338540921, 431816.216028325492516 ], [ 433520.47081133746542, 431824.615166613599285 ], [ 433529.300701084022876, 431832.956254911725409 ] ] ] } },
{ "type": "Feature", "properties": { "building": "industrial", "osm_type": "way", "osm_id": 761994945, "addr:city": null, "addr:housenumber": null, "addr:postcode": null, "addr:street": null, "addr:suburb": null, "name": null, "fhrs:id": null, "operator": null, "natural": null, "water": null, "man_made": null, "operator:wikidata": null, "power": null, "ref": null, "substation": null, "voltage": null, "layer": null, "addr:housename": null, "amenity": null, "brand": null, "brand:wikidata": null, "operator:type": null, "generator:method": null, "generator:output:electricity": null, "generator:source": null }, "geometry": { "type": "Polygon", "coordinates": [ [ [ 433520.715898318681866, 431820.744926610845141 ], [ 433524.167608101677615, 431817.231371006928384 ], [ 433517.793753155623563, 431810.99958795402199 ], [ 433514.341964290186297, 431814.524274063762277 ], [ 433520.715898318681866, 431820.744926610845141 ] ] ] } },
{ "type": "Feature", "properties": { "building": "industrial", "osm_type": "way", "osm_id": 761994946, "addr:city": null, "addr:housenumber": null, "addr:postcode": null, "addr:street": null, "addr:suburb": null, "name": null, "fhrs:id": null, "operator": null, "natural": null, "water": null, "man_made": null, "operator:wikidata": null, "power": null, "ref": null, "substation": null, "voltage": null, "layer": null, "addr:housename": null, "amenity": null, "brand": null, "brand:wikidata": null, "operator:type": null, "generator:method": null, "generator:output:electricity": null, "generator:source": null }, "geometry": { "type": "Polygon", "coordinates": [ [ [ 433509.059304426482413, 431807.743971058749594 ], [ 433518.815930949756876, 431797.043244214728475 ], [ 433509.990161277470179, 431789.035998679348268 ], [ 433503.308622605458368, 431796.365129274199717 ], [ 433503.012024975090753, 431800.068106295308098 ], [ 433504.489233551023062, 431803.605716854217462 ], [ 433509.059304426482413, 431807.743971058749594 ] ] ] } },
{ "type": "Feature", "properties": { "building": "industrial", "osm_type": "way", "osm_id": 761994947, "addr:city": null, "addr:housenumber": null, "addr:postcode": null, "addr:street": null, "addr:suburb": null, "name": null, "fhrs:id": null, "operator": null, "natural": null, "water": null, "man_made": null, "operator:wikidata": null, "power": null, "ref": null, "substation": null, "voltage": null, "layer": null, "addr:housename": null, "amenity": null, "brand": null, "brand:wikidata": null, "operator:type": null, "generator:method": null, "generator:output:electricity": null, "generator:source": null }, "geometry": { "type": "Polygon", "coordinates": [ [ [ 433580.524235221208073, 431869.505378826754168 ], [ 433577.535200419428293, 431872.821926341974176 ], [ 433569.12137882161187, 431865.295947101782076 ], [ 433572.110412311390974, 431861.97939425567165 ], [ 433580.524235221208073, 431869.505378826754168 ] ] ] } },
{ "type": "Feature", "properties": { "building": "industrial", "osm_type": "way", "osm_id": 761994948, "addr:city": null, "addr:housenumber": null, "addr:postcode": null, "addr:street": null, "addr:suburb": null, "name": null, "fhrs:id": null, "operator": null, "natural": null, "water": null, "man_made": null, "operator:wikidata": null, "power": null, "ref": null, "substation": null, "voltage": null, "layer": null, "addr:housename": null, "amenity": null, "brand": null, "brand:wikidata": null, "operator:type": null, "generator:method": null, "generator:output:electricity": null, "generator:source": null }, "geometry": { "type": "Polygon", "coordinates": [ [ [ 433592.197967952932231, 431893.877830914338119 ], [ 433596.029245384735987, 431889.810722897527739 ], [ 433591.041361602023244, 431885.146451295353472 ], [ 433596.267053162911907, 431879.598380126175471 ], [ 433592.863250835158397, 431876.414127074414864 ], [ 433587.006727318977937, 431882.636400645133108 ], [ 433588.034393877314869, 431883.600622836849652 ], [ 433584.84720799990464, 431886.982506763190031 ], [ 433592.197967952932231, 431893.877830914338119 ] ] ] } },
{ "type": "Feature", "properties": { "building": "industrial", "osm_type": "way", "osm_id": 761994949, "addr:city": null, "addr:housenumber": null, "addr:postcode": null, "addr:street": null, "addr:suburb": null, "name": null, "fhrs:id": null, "operator": null, "natural": null, "water": null, "man_made": null, "operator:wikidata": null, "power": null, "ref": null, "substation": null, "voltage": null, "layer": null, "addr:housename": null, "amenity": null, "brand": null, "brand:wikidata": null, "operator:type": null, "generator:method": null, "generator:output:electricity": null, "generator:source": null }, "geometry": { "type": "Polygon", "coordinates": [ [ [ 433601.622543686651625, 431886.301420894102193 ], [ 433612.430330663162749, 431896.303532882011496 ], [ 433604.434959287056699, 431904.902652777382173 ], [ 433593.620586395147257, 431894.900511974585243 ], [ 433601.622543686651625, 431886.301420894102193 ] ] ] } },
{ "type": "Feature", "properties": { "building": "industrial", "osm_type": "way", "osm_id": 761994955, "addr:city": null, "addr:housenumber": null, "addr:postcode": null, "addr:street": null, "addr:suburb": null, "name": null, "fhrs:id": null, "operator": null, "natural": null, "water": null, "man_made": null, "operator:wikidata": null, "power": null, "ref": null, "substation": null, "voltage": null, "layer": null, "addr:housename": null, "amenity": null, "brand": null, "brand:wikidata": null, "operator:type": null, "generator:method": null, "generator:output:electricity": null, "generator:source": null }, "geometry": { "type": "Polygon", "coordinates": [ [ [ 433567.836149832757656, 431948.28977402090095 ], [ 433573.321014928515069, 431943.344356762361713 ], [ 433568.46980198926758, 431938.002374664647505 ], [ 433562.99152508052066, 431942.947844674345106 ], [ 433567.836149832757656, 431948.28977402090095 ] ] ] } },
{ "type": "Feature", "properties": { "building": "industrial", "osm_type": "way", "osm_id": 761994956, "addr:city": null, "addr:housenumber": null, "addr:postcode": null, "addr:street": null, "addr:suburb": null, "name": null, "fhrs:id": null, "operator": null, "natural": null, "water": null, "man_made": null, "operator:wikidata": null, "power": null, "ref": null, "substation": null, "voltage": null, "layer": null, "addr:housename": null, "amenity": null, "brand": null, "brand:wikidata": null, "operator:type": null, "generator:method": null, "generator:output:electricity": null, "generator:source": null }, "geometry": { "type": "Polygon", "coordinates": [ [ [ 433564.754309268319048, 431937.864549537189305 ], [ 433560.289016798080411, 431943.062044951249845 ], [ 433555.389984927605838, 431938.876881412579678 ], [ 433559.855355333595071, 431933.668255522381514 ], [ 433564.754309268319048, 431937.864549537189305 ] ] ] } },
{ "type": "Feature", "properties": { "building": "industrial", "osm_type": "way", "osm_id": 761994960, "addr:city": null, "addr:housenumber": null, "addr:postcode": null, "addr:street": null, "addr:suburb": null, "name": null, "fhrs:id": null, "operator": null, "natural": null, "water": null, "man_made": null, "operator:wikidata": null, "power": null, "ref": null, "substation": null, "voltage": null, "layer": null, "addr:housename": null, "amenity": null, "brand": null, "brand:wikidata": null, "operator:type": null, "generator:method": null, "generator:output:electricity": null, "generator:source": null }, "geometry": { "type": "Polygon", "coordinates": [ [ [ 433457.343894555931911, 431845.605538083589636 ], [ 433462.789691212354228, 431839.669463546713814 ], [ 433468.498608008027077, 431844.895055636065081 ], [ 433463.05280999810202, 431850.831123580341227 ], [ 433457.343894555931911, 431845.605538083589636 ] ] ] } },
{ "type": "Feature", "properties": { "building": "industrial", "osm_type": "way", "osm_id": 761994967, "addr:city": null, "addr:housenumber": null, "addr:postcode": null, "addr:street": null, "addr:suburb": null, "name": null, "fhrs:id": null, "operator": null, "natural": null, "water": null, "man_made": null, "operator:wikidata": null, "power": null, "ref": null, "substation": null, "voltage": null, "layer": null, "addr:housename": null, "amenity": null, "brand": null, "brand:wikidata": null, "operator:type": null, "generator:method": null, "generator:output:electricity": null, "generator:source": null }, "geometry": { "type": "Polygon", "coordinates": [ [ [ 433321.943934867274947, 432036.372939954511821 ], [ 433328.20593085559085, 432033.290863509639166 ], [ 433323.64557555882493, 432024.079212006065063 ], [ 433327.302344879833981, 432022.269308668328449 ], [ 433317.330421773018315, 432002.148759323521517 ], [ 433315.591338616446592, 432003.004279363667592 ], [ 433314.454591420013458, 432000.693048273329623 ], [ 433262.216406005551107, 432026.369621195015498 ], [ 433265.646390017354861, 432033.314543193788268 ], [ 433268.152460153680295, 432032.086141206556931 ], [ 433269.886977474379819, 432035.592121704365127 ], [ 433279.70637487078784, 432030.766089897137135 ], [ 433278.452591477544047, 432028.231509984936565 ], [ 433280.892540809290949, 432027.036025355686434 ], [ 433286.297561350162141, 432037.944835625006817 ], [ 433291.131332156714052, 432035.553548784926534 ], [ 433285.161039243277628, 432023.516958935419098 ], [ 433309.594286544248462, 432011.462305788067169 ], [ 433321.943934867274947, 432036.372939954511821 ] ] ] } },
{ "type": "Feature", "properties": { "building": "yes", "osm_type": "way", "osm_id": 889840840, "addr:city": null, "addr:housenumber": null, "addr:postcode": null, "addr:street": null, "addr:suburb": null, "name": null, "fhrs:id": null, "operator": null, "natural": null, "water": null, "man_made": null, "operator:wikidata": null, "power": null, "ref": null, "substation": null, "voltage": null, "layer": null, "addr:housename": null, "amenity": null, "brand": null, "brand:wikidata": null, "operator:type": null, "generator:method": null, "generator:output:electricity": null, "generator:source": null }, "geometry": { "type": "Polygon", "coordinates": [ [ [ 433466.22338611620944, 431441.980682101799175 ], [ 433457.621961455326527, 431449.552104916074313 ], [ 433472.017591547279153, 431465.82134399889037 ], [ 433480.619089683168568, 431458.238821648177691 ], [ 433466.22338611620944, 431441.980682101799175 ] ] ] } },
{ "type": "Feature", "properties": { "building": "warehouse", "osm_type": "way", "osm_id": 977547064, "addr:city": null, "addr:housenumber": null, "addr:postcode": null, "addr:street": null, "addr:suburb": null, "name": null, "fhrs:id": null, "operator": null, "natural": null, "water": null, "man_made": null, "operator:wikidata": null, "power": null, "ref": null, "substation": null, "voltage": null, "layer": null, "addr:housename": null, "amenity": null, "brand": null, "brand:wikidata": null, "operator:type": null, "generator:method": null, "generator:output:electricity": null, "generator:source": null }, "geometry": { "type": "Polygon", "coordinates": [ [ [ 433480.887275791086722, 432001.976983068976551 ], [ 433452.329724869225174, 431976.872538165422156 ], [ 433469.701326596259605, 431957.202452700701542 ], [ 433498.25890743767377, 431982.307002779678442 ], [ 433480.887275791086722, 432001.976983068976551 ] ] ] } },
{ "type": "Feature", "properties": { "building": "warehouse", "osm_type": "way", "osm_id": 1002110285, "addr:city": null, "addr:housenumber": null, "addr:postcode": null, "addr:street": "Aire Valley Road", "addr:suburb": null, "name": "Amazon", "fhrs:id": null, "operator": "Amazon", "natural": null, "water": null, "man_made": null, "operator:wikidata": "Q3884", "power": null, "ref": null, "substation": null, "voltage": null, "layer": null, "addr:housename": "LBA5", "amenity": "post_depot", "brand": "Amazon", "brand:wikidata": "Q3884", "operator:type": "private", "generator:method": null, "generator:output:electricity": null, "generator:source": null }, "geometry": { "type": "Polygon", "coordinates": [ [ [ 434053.765847728063818, 431153.03462718881201 ], [ 433857.143735301331617, 431365.718490853789262 ], [ 433971.613445539784152, 431471.044414355419576 ], [ 434008.470917741185986, 431431.189345966558903 ], [ 434023.907720449089538, 431445.398329752148129 ], [ 434158.450465895410161, 431299.92917597934138 ], [ 434130.4375525705982, 431274.134751444100402 ], [ 434155.693064221413806, 431246.824998290976509 ], [ 434053.765847728063818, 431153.03462718881201 ] ] ] } },
{ "type": "Feature", "properties": { "building": "industrial", "osm_type": "way", "osm_id": 1385125828, "addr:city": null, "addr:housenumber": null, "addr:postcode": null, "addr:street": null, "addr:suburb": null, "name": null, "fhrs:id": null, "operator": "enfinium", "natural": null, "water": null, "man_made": null, "operator:wikidata": null, "power": "generator", "ref": null, "substation": null, "voltage": null, "layer": null, "addr:housename": null, "amenity": null, "brand": null, "brand:wikidata": null, "operator:type": null, "generator:method": "combustion", "generator:output:electricity": "49 MW", "generator:source": "waste" }, "geometry": { "type": "Polygon", "coordinates": [ [ [ 433409.846325903141405, 431185.071354552172124 ], [ 433433.858066816930659, 431162.52212704019621 ], [ 433456.537917911598925, 431175.245328336837701 ], [ 433483.722792339511216, 431195.75585383514408 ], [ 433498.885570809768979, 431210.828980267397128 ], [ 433504.519850068143569, 431206.296221649157815 ], [ 433520.040459255338646, 431224.776648025261238 ], [ 433513.940111277159303, 431229.050155091565102 ], [ 433530.762349966389593, 431249.820818767882884 ], [ 433547.427804088802077, 431279.602807851275429 ], [ 433508.609129270596895, 431313.005289585795254 ], [ 433497.678758890600875, 431305.183342974283732 ], [ 433486.752239139517769, 431296.816256379475817 ], [ 433476.501989201118704, 431306.367515027057379 ], [ 433454.972292744088918, 431282.158832615357824 ], [ 433464.947530558274593, 431274.207768519874662 ], [ 433460.954204886918887, 431270.440846965764649 ], [ 433465.538487663958222, 431266.18984783871565 ], [ 433449.594610651372932, 431247.906862394651398 ], [ 433447.163605462468695, 431250.559884011396207 ], [ 433432.832494821632281, 431230.675115918857045 ], [ 433416.698121787863784, 431201.153232552693225 ], [ 433409.846325903141405, 431185.071354552172124 ] ] ] } },
{ "type": "Feature", "properties": { "building": "industrial", "osm_type": "way", "osm_id": 1385125829, "addr:city": null, "addr:housenumber": null, "addr:postcode": null, "addr:street": null, "addr:suburb": null, "name": null, "fhrs:id": null, "operator": null, "natural": null, "water": null, "man_made": null, "operator:wikidata": null, "power": null, "ref": null, "substation": null, "voltage": null, "layer": null, "addr:housename": null, "amenity": null, "brand": null, "brand:wikidata": null, "operator:type": null, "generator:method": null, "generator:output:electricity": null, "generator:source": null }, "geometry": { "type": "Polygon", "coordinates": [ [ [ 433546.797303442959674, 431254.385886078001931 ], [ 433535.198494556301739, 431241.407556833000854 ], [ 433549.301259140949696, 431227.68929126940202 ], [ 433561.663398927717935, 431241.75237057544291 ], [ 433546.797303442959674, 431254.385886078001931 ] ] ] } },
{ "type": "Feature", "properties": { "building": "industrial", "osm_type": "way", "osm_id": 1385125830, "addr:city": null, "addr:housenumber": null, "addr:postcode": null, "addr:street": null, "addr:suburb": null, "name": null, "fhrs:id": null, "operator": null, "natural": null, "water": null, "man_made": null, "operator:wikidata": null, "power": null, "ref": null, "substation": null, "voltage": null, "layer": null, "addr:housename": null, "amenity": null, "brand": null, "brand:wikidata": null, "operator:type": null, "generator:method": null, "generator:output:electricity": null, "generator:source": null }, "geometry": { "type": "Polygon", "coordinates": [ [ [ 433421.195131811895408, 431245.290256993495859 ], [ 433392.998173059197143, 431269.801412567263469 ], [ 433359.372629357210826, 431230.063758733333088 ], [ 433387.761656661692541, 431206.354867064626887 ], [ 433421.195131811895408, 431245.290256993495859 ] ] ] } }
]
}
