{
"type": "FeatureCollection",
"name": "se2739_rgb_250_03_original",
"crs": { "type": "name", "properties": { "name": "urn:ogc:def:crs:EPSG::27700" } },
"features": [
{ "type": "Feature", "properties": { }, "geometry": { "type": "Polygon", "coordinates": [ [ [ 427890.0, 440000.0 ], [ 427890.0, 439999.0 ], [ 427890.25, 439999.0 ], [ 427890.25, 439998.25 ], [ 427890.0, 439998.25 ], [ 427890.0, 439997.5 ], [ 427889.5, 439997.5 ], [ 427889.5, 439997.25 ], [ 427889.0, 439997.25 ], [ 427889.0, 439997.0 ], [ 427888.75, 439997.0 ], [ 427888.75, 439996.75 ], [ 427888.5, 439996.75 ], [ 427888.5, 439996.0 ], [ 427888.75, 439996.0 ], [ 427888.75, 439995.0 ], [ 427889.0, 439995.0 ], [ 427889.0, 439994.25 ], [ 427889.25, 439994.25 ], [ 427889.25, 439993.5 ], [ 427890.75, 439993.5 ], [ 427890.75, 439993.75 ], [ 427891.25, 439993.75 ], [ 427891.25, 439994.0 ], [ 427891.5, 439994.0 ], [ 427891.5, 439994.25 ], [ 427891.75, 439994.25 ], [ 427891.75, 439994.75 ], [ 427892.0, 439994.75 ], [ 427892.0, 439995.0 ], [ 427892.25, 439995.0 ], [ 427892.25, 439995.25 ], [ 427892.5, 439995.25 ], [ 427892.5, 439995.5 ], [ 427892.75, 439995.5 ], [ 427892.75, 439996.75 ], [ 427893.0, 439996.75 ], [ 427893.0, 439997.25 ], [ 427893.25, 439997.25 ], [ 427893.25, 439997.5 ], [ 427893.5, 439997.5 ], [ 427893.5, 439997.75 ], [ 427894.25, 439997.75 ], [ 427894.25, 439998.0 ], [ 427896.0, 439998.0 ], [ 427896.0, 440000.0 ], [ 427890.0, 440000.0 ] ] ] } },
{ "type": "Feature", "properties": { }, "geometry": { "type": "Polygon", "coordinates": [ [ [ 427997.5, 439980.5 ], [ 427997.5, 439980.25 ], [ 427997.0, 439980.25 ], [ 427997.0, 439980.0 ], [ 427996.75, 439980.0 ], [ 427996.75, 439979.5 ], [ 427996.5, 439979.5 ], [ 427996.5, 439979.0 ], [ 427996.25, 439979.0 ], [ 427996.25, 439978.25 ], [ 427998.25, 439978.25 ], [ 427998.25, 439978.5 ], [ 427998.5, 439978.5 ], [ 427998.5, 439978.75 ], [ 427998.25, 439978.75 ], [ 427998.25, 439979.75 ], [ 427998.5, 439979.75 ], [ 427998.5, 439980.5 ], [ 427997.5, 439980.5 ] ] ] } },
{ "type": "Feature", "properties": { }, "geometry": { "type": "Polygon", "coordinates": [ [ [ 427127.5, 439834.5 ], [ 427127.5, 439834.25 ], [ 427127.25, 439834.25 ], [ 427127.25, 439834.0 ], [ 427127.0, 439834.0 ], [ 427127.0, 439833.25 ], [ 427128.0, 439833.25 ], [ 427128.0, 439834.5 ], [ 427127.5, 439834.5 ] ] ] } },
{ "type": "Feature", "properties": { }, "geometry": { "type": "Polygon", "coordinates": [ [ [ 427689.0, 439741.25 ], [ 427689.0, 439741.0 ], [ 427688.5, 439741.0 ], [ 427688.5, 439740.75 ], [ 427688.0, 439740.75 ], [ 427688.0, 439740.5 ], [ 427687.75, 439740.5 ], [ 427687.75, 439740.25 ], [ 427687.25, 439740.25 ], [ 427687.25, 439740.0 ], [ 427686.5, 439740.0 ], [ 427686.5, 439739.75 ], [ 427686.0, 439739.75 ], [ 427686.0, 439739.5 ], [ 427685.5, 439739.5 ], [ 427685.5, 439739.25 ], [ 427685.0, 439739.25 ], [ 427685.0, 439739.0 ], [ 427684.5, 439739.0 ], [ 427684.5, 439738.75 ], [ 427684.0, 439738.75 ], [ 427684.0, 439738.5 ], [ 427683.75, 439738.5 ], [ 427683.75, 439738.25 ], [ 427683.5, 439738.25 ], [ 427683.5, 439737.75 ], [ 427683.25, 439737.75 ], [ 427683.25, 439735.5 ], [ 427683.5, 439735.5 ], [ 427683.5, 439733.25 ], [ 427683.25, 439733.25 ], [ 427683.25, 439732.75 ], [ 427683.0, 439732.75 ], [ 427683.0, 439731.75 ], [ 427682.75, 439731.75 ], [ 427682.75, 439728.5 ], [ 427683.0, 439728.5 ], [ 427683.0, 439727.75 ], [ 427683.25, 439727.75 ], [ 427683.25, 439726.5 ], [ 427683.5, 439726.5 ], [ 427683.5, 439725.75 ], [ 427683.75, 439725.75 ], [ 427683.75, 439724.5 ], [ 427684.0, 439724.5 ], [ 427684.0, 439723.0 ], [ 427684.25, 439723.0 ], [ 427684.25, 439721.25 ], [ 427684.5, 439721.25 ], [ 427684.5, 439720.25 ], [ 427684.75, 439720.25 ], [ 427684.75, 439719.25 ], [ 427685.0, 439719.25 ], [ 427685.0, 439718.75 ], [ 427685.25, 439718.75 ], [ 427685.25, 439718.0 ], [ 427685.5, 439718.0 ], [ 427685.5, 439717.5 ], [ 427685.75, 439717.5 ], [ 427685.75, 439717.25 ], [ 427686.75, 439717.25 ], [ 427686.75, 439717.5 ], [ 427687.0, 439717.5 ], [ 427687.0, 439717.75 ], [ 427687.25, 439717.75 ], [ 427687.25, 439718.25 ], [ 427688.0, 439718.25 ], [ 427688.0, 439718.5 ], [ 427688.75, 439718.5 ], [ 427688.75, 439718.75 ], [ 427689.0, 439718.75 ], [ 427689.0, 439719.0 ], [ 427689.25, 439719.0 ], [ 427689.25, 439719.25 ], [ 427689.5, 439719.25 ], [ 427689.5, 439719.5 ], [ 427690.0, 439719.5 ], [ 427690.0, 439719.75 ], [ 427690.25, 439719.75 ], [ 427690.25, 439720.0 ], [ 427690.5, 439720.0 ], [ 427690.5, 439720.25 ], [ 427691.0, 439720.25 ], [ 427691.0, 439720.5 ], [ 427691.75, 439720.5 ], [ 427691.75, 439720.75 ], [ 427692.75, 439720.75 ], [ 427692.75, 439721.0 ], [ 427693.5, 439721.0 ], [ 427693.5, 439721.25 ], [ 427694.0, 439721.25 ], [ 427694.0, 439721.5 ], [ 427694.5, 439721.5 ], [ 427694.5, 439721.75 ], [ 427694.75, 439721.75 ], [ 427694.75, 439722.0 ], [ 427695.0, 439722.0 ], [ 427695.0, 439722.5 ], [ 427695.25, 439722.5 ], [ 427695.25, 439723.25 ], [ 427695.5, 439723.25 ], [ 427695.5, 439724.5 ], [ 427695.75, 439724.5 ], [ 427695.75, 439727.25 ], [ 427695.5, 439727.25 ], [ 427695.5, 439728.75 ], [ 427695.25, 439728.75 ], [ 427695.25, 439730.0 ], [ 427695.0, 439730.0 ], [ 427695.0, 439732.25 ], [ 427694.75, 439732.25 ], [ 427694.75, 439735.5 ], [ 427694.5, 439735.5 ], [ 427694.5, 439736.75 ], [ 427694.25, 439736.75 ], [ 427694.25, 439737.5 ], [ 427694.0, 439737.5 ], [ 427694.0, 439738.25 ], [ 427693.75, 439738.25 ], [ 427693.75, 439738.75 ], [ 427693.5, 439738.75 ], [ 427693.5, 439739.0 ], [ 427693.25, 439739.0 ], [ 427693.25, 439739.25 ], [ 427693.0, 439739.25 ], [ 427693.0, 439739.75 ], [ 427692.5, 439739.75 ], [ 427692.5, 439740.0 ], [ 427692.25, 439740.0 ], [ 427692.25, 439740.25 ], [ 427692.0, 439740.25 ], [ 427692.0, 439740.5 ], [ 427691.5, 439740.5 ], [ 427691.5, 439740.75 ], [ 427691.25, 439740.75 ], [ 427691.25, 439741.0 ], [ 427690.75, 439741.0 ], [ 427690.75, 439741.25 ], [ 427689.0, 439741.25 ] ] ] } },
{ "type": "Feature", "properties": { }, "geometry": { "type": "Polygon", "coordinates": [ [ [ 427825.25, 439721.0 ], [ 427825.25, 439720.75 ], [ 427822.25, 439720.75 ], [ 427822.25, 439720.5 ], [ 427821.5, 439720.5 ], [ 427821.5, 439720.25 ], [ 427821.25, 439720.25 ], [ 427821.25, 439720.0 ], [ 427821.0, 439720.0 ], [ 427821.0, 439719.75 ], [ 427820.5, 439719.75 ], [ 427820.5, 439719.5 ], [ 427820.25, 439719.5 ], [ 427820.25, 439719.25 ], [ 427820.0, 439719.25 ], [ 427820.0, 439719.0 ], [ 427819.75, 439719.0 ], [ 427819.75, 439718.75 ], [ 427819.5, 439718.75 ], [ 427819.5, 439718.25 ], [ 427819.25, 439718.25 ], [ 427819.25, 439718.0 ], [ 427819.0, 439718.0 ], [ 427819.0, 439717.75 ], [ 427818.75, 439717.75 ], [ 427818.75, 439717.5 ], [ 427818.5, 439717.5 ], [ 427818.5, 439717.25 ], [ 427818.25, 439717.25 ], [ 427818.25, 439717.0 ], [ 427818.0, 439717.0 ], [ 427818.0, 439716.75 ], [ 427817.5, 439716.75 ], [ 427817.5, 439716.25 ], [ 427817.25, 439716.25 ], [ 427817.25, 439715.75 ], [ 427817.0, 439715.75 ], [ 427817.0, 439715.25 ], [ 427816.75, 439715.25 ], [ 427816.75, 439714.75 ], [ 427816.5, 439714.75 ], [ 427816.5, 439713.75 ], [ 427816.25, 439713.75 ], [ 427816.25, 439712.75 ], [ 427816.0, 439712.75 ], [ 427816.0, 439712.0 ], [ 427815.75, 439712.0 ], [ 427815.75, 439711.25 ], [ 427815.5, 439711.25 ], [ 427815.5, 439710.25 ], [ 427815.25, 439710.25 ], [ 427815.25, 439708.75 ], [ 427815.0, 439708.75 ], [ 427815.0, 439706.5 ], [ 427814.75, 439706.5 ], [ 427814.75, 439701.25 ], [ 427815.0, 439701.25 ], [ 427815.0, 439700.75 ], [ 427815.25, 439700.75 ], [ 427815.25, 439700.25 ], [ 427815.5, 439700.25 ], [ 427815.5, 439699.75 ], [ 427815.75, 439699.75 ], [ 427815.75, 439699.5 ], [ 427816.0, 439699.5 ], [ 427816.0, 439699.25 ], [ 427816.25, 439699.25 ], [ 427816.25, 439699.0 ], [ 427816.5, 439699.0 ], [ 427816.5, 439698.75 ], [ 427816.75, 439698.75 ], [ 427816.75, 439698.5 ], [ 427817.25, 439698.5 ], [ 427817.25, 439698.25 ], [ 427817.5, 439698.25 ], [ 427817.5, 439698.0 ], [ 427818.0, 439698.0 ], [ 427818.0, 439697.75 ], [ 427818.5, 439697.75 ], [ 427818.5, 439697.5 ], [ 427819.25, 439697.5 ], [ 427819.25, 439697.25 ], [ 427821.0, 439697.25 ], [ 427821.0, 439697.0 ], [ 427822.0, 439697.0 ], [ 427822.0, 439696.75 ], [ 427826.25, 439696.75 ], [ 427826.25, 439697.0 ], [ 427826.75, 439697.0 ], [ 427826.75, 439697.25 ], [ 427827.0, 439697.25 ], [ 427827.0, 439697.75 ], [ 427827.25, 439697.75 ], [ 427827.25, 439698.0 ], [ 427827.5, 439698.0 ], [ 427827.5, 439698.25 ], [ 427827.75, 439698.25 ], [ 427827.75, 439698.5 ], [ 427828.0, 439698.5 ], [ 427828.0, 439698.75 ], [ 427828.25, 439698.75 ], [ 427828.25, 439699.0 ], [ 427828.5, 439699.0 ], [ 427828.5, 439699.25 ], [ 427828.75, 439699.25 ], [ 427828.75, 439699.5 ], [ 427829.0, 439699.5 ], [ 427829.0, 439699.75 ], [ 427829.25, 439699.75 ], [ 427829.25, 439700.0 ], [ 427829.5, 439700.0 ], [ 427829.5, 439700.25 ], [ 427830.0, 439700.25 ], [ 427830.0, 439700.5 ], [ 427830.25, 439700.5 ], [ 427830.25, 439700.75 ], [ 427830.75, 439700.75 ], [ 427830.75, 439701.0 ], [ 427831.25, 439701.0 ], [ 427831.25, 439701.25 ], [ 427831.5, 439701.25 ], [ 427831.5, 439701.5 ], [ 427832.25, 439701.5 ], [ 427832.25, 439701.75 ], [ 427832.5, 439701.75 ], [ 427832.5, 439702.0 ], [ 427832.75, 439702.0 ], [ 427832.75, 439702.25 ], [ 427833.25, 439702.25 ], [ 427833.25, 439702.5 ], [ 427834.5, 439702.5 ], [ 427834.5, 439702.25 ], [ 427835.25, 439702.25 ], [ 427835.25, 439702.0 ], [ 427835.75, 439702.0 ], [ 427835.75, 439701.75 ], [ 427836.25, 439701.75 ], [ 427836.25, 439701.5 ], [ 427836.75, 439701.5 ], [ 427836.75, 439701.25 ], [ 427837.5, 439701.25 ], [ 427837.5, 439701.0 ], [ 427837.75, 439701.0 ], [ 427837.75, 439700.75 ], [ 427838.0, 439700.75 ], [ 427838.0, 439700.5 ], [ 427838.5, 439700.5 ], [ 427838.5, 439700.25 ], [ 427838.75, 439700.25 ], [ 427838.75, 439700.0 ], [ 427839.25, 439700.0 ], [ 427839.25, 439699.75 ], [ 427839.5, 439699.75 ], [ 427839.5, 439699.5 ], [ 427840.0, 439699.5 ], [ 427840.0, 439699.25 ], [ 427840.5, 439699.25 ], [ 427840.5, 439699.0 ], [ 427841.25, 439699.0 ], [ 427841.25, 439698.75 ], [ 427841.75, 439698.75 ], [ 427841.75, 439698.5 ], [ 427845.5, 439698.5 ], [ 427845.5, 439698.75 ], [ 427850.5, 439698.75 ], [ 427850.5, 439698.5 ], [ 427851.25, 439698.5 ], [ 427851.25, 439698.25 ], [ 427851.75, 439698.25 ], [ 427851.75, 439698.0 ], [ 427852.0, 439698.0 ], [ 427852.0, 439697.75 ], [ 427852.75, 439697.75 ], [ 427852.75, 439697.5 ], [ 427853.25, 439697.5 ], [ 427853.25, 439697.25 ], [ 427854.25, 439697.25 ], [ 427854.25, 439697.0 ], [ 427854.75, 439697.0 ], [ 427854.75, 439697.25 ], [ 427855.25, 439697.25 ], [ 427855.25, 439697.5 ], [ 427855.75, 439697.5 ], [ 427855.75, 439697.75 ], [ 427856.25, 439697.75 ], [ 427856.25, 439698.0 ], [ 427856.5, 439698.0 ], [ 427856.5, 439698.25 ], [ 427857.0, 439698.25 ], [ 427857.0, 439698.5 ], [ 427857.75, 439698.5 ], [ 427857.75, 439698.75 ], [ 427858.25, 439698.75 ], [ 427858.25, 439699.0 ], [ 427859.0, 439699.0 ], [ 427859.0, 439699.25 ], [ 427859.5, 439699.25 ], [ 427859.5, 439699.5 ], [ 427860.25, 439699.5 ], [ 427860.25, 439699.75 ], [ 427860.75, 439699.75 ], [ 427860.75, 439700.25 ], [ 427861.0, 439700.25 ], [ 427861.0, 439700.5 ], [ 427861.25, 439700.5 ], [ 427861.25, 439701.0 ], [ 427861.5, 439701.0 ], [ 427861.5, 439701.25 ], [ 427861.75, 439701.25 ], [ 427861.75, 439701.5 ], [ 427862.0, 439701.5 ], [ 427862.0, 439702.0 ], [ 427862.25, 439702.0 ], [ 427862.25, 439702.25 ], [ 427864.0, 439702.25 ], [ 427864.0, 439702.5 ], [ 427865.5, 439702.5 ], [ 427865.5, 439702.75 ], [ 427865.75, 439702.75 ], [ 427865.75, 439703.0 ], [ 427866.25, 439703.0 ], [ 427866.25, 439703.25 ], [ 427866.5, 439703.25 ], [ 427866.5, 439703.5 ], [ 427866.75, 439703.5 ], [ 427866.75, 439703.75 ], [ 427867.0, 439703.75 ], [ 427867.0, 439704.0 ], [ 427867.25, 439704.0 ], [ 427867.25, 439704.25 ], [ 427867.5, 439704.25 ], [ 427867.5, 439704.75 ], [ 427867.75, 439704.75 ], [ 427867.75, 439705.0 ], [ 427868.0, 439705.0 ], [ 427868.0, 439705.25 ], [ 427868.25, 439705.25 ], [ 427868.25, 439705.5 ], [ 427868.5, 439705.5 ], [ 427868.5, 439706.0 ], [ 427868.75, 439706.0 ], [ 427868.75, 439706.25 ], [ 427869.0, 439706.25 ], [ 427869.0, 439706.75 ], [ 427869.25, 439706.75 ], [ 427869.25, 439707.25 ], [ 427869.5, 439707.25 ], [ 427869.5, 439707.5 ], [ 427869.75, 439707.5 ], [ 427869.75, 439708.25 ], [ 427870.0, 439708.25 ], [ 427870.0, 439708.75 ], [ 427870.25, 439708.75 ], [ 427870.25, 439709.0 ], [ 427870.5, 439709.0 ], [ 427870.5, 439709.75 ], [ 427870.75, 439709.75 ], [ 427870.75, 439711.5 ], [ 427871.0, 439711.5 ], [ 427871.0, 439713.0 ], [ 427871.25, 439713.0 ], [ 427871.25, 439715.25 ], [ 427871.0, 439715.25 ], [ 427871.0, 439716.0 ], [ 427870.75, 439716.0 ], [ 427870.75, 439716.75 ], [ 427870.5, 439716.75 ], [ 427870.5, 439717.0 ], [ 427870.25, 439717.0 ], [ 427870.25, 439717.25 ], [ 427870.0, 439717.25 ], [ 427870.0, 439717.5 ], [ 427869.75, 439717.5 ], [ 427869.75, 439717.75 ], [ 427869.25, 439717.75 ], [ 427869.25, 439718.0 ], [ 427868.25, 439718.0 ], [ 427868.25, 439718.25 ], [ 427867.75, 439718.25 ], [ 427867.75, 439718.5 ], [ 427864.5, 439718.5 ], [ 427864.5, 439718.75 ], [ 427860.5, 439718.75 ], [ 427860.5, 439718.5 ], [ 427859.5, 439718.5 ], [ 427859.5, 439718.25 ], [ 427859.0, 439718.25 ], [ 427859.0, 439718.0 ], [ 427858.0, 439718.0 ], [ 427858.0, 439717.75 ], [ 427854.25, 439717.75 ], [ 427854.25, 439717.5 ], [ 427853.5, 439717.5 ], [ 427853.5, 439717.25 ], [ 427853.25, 439717.25 ], [ 427853.25, 439717.0 ], [ 427853.0, 439717.0 ], [ 427853.0, 439716.75 ], [ 427852.75, 439716.75 ], [ 427852.75, 439716.5 ], [ 427852.25, 439716.5 ], [ 427852.25, 439716.25 ], [ 427852.0, 439716.25 ], [ 427852.0, 439716.0 ], [ 427851.5, 439716.0 ], [ 427851.5, 439715.75 ], [ 427851.0, 439715.75 ], [ 427851.0, 439715.5 ], [ 427850.25, 439715.5 ], [ 427850.25, 439715.25 ], [ 427848.75, 439715.25 ], [ 427848.75, 439715.0 ], [ 427845.5, 439715.0 ], [ 427845.5, 439714.75 ], [ 427844.0, 439714.75 ], [ 427844.0, 439714.5 ], [ 427842.5, 439714.5 ], [ 427842.5, 439714.25 ], [ 427842.25, 439714.25 ], [ 427842.25, 439714.5 ], [ 427841.0, 439714.5 ], [ 427841.0, 439714.75 ], [ 427839.75, 439714.75 ], [ 427839.75, 439715.0 ], [ 427838.75, 439715.0 ], [ 427838.75, 439715.25 ], [ 427837.75, 439715.25 ], [ 427837.75, 439715.5 ], [ 427834.0, 439715.5 ], [ 427834.0, 439715.75 ], [ 427833.25, 439715.75 ], [ 427833.25, 439716.0 ], [ 427833.0, 439716.0 ], [ 427833.0, 439716.25 ], [ 427832.75, 439716.25 ], [ 427832.75, 439716.5 ], [ 427832.5, 439716.5 ], [ 427832.5, 439716.75 ], [ 427832.25, 439716.75 ], [ 427832.25, 439717.0 ], [ 427832.0, 439717.0 ], [ 427832.0, 439717.25 ], [ 427831.75, 439717.25 ], [ 427831.75, 439717.75 ], [ 427831.5, 439717.75 ], [ 427831.5, 439718.0 ], [ 427831.25, 439718.0 ], [ 427831.25, 439718.5 ], [ 427831.0, 439718.5 ], [ 427831.0, 439719.0 ], [ 427830.75, 439719.0 ], [ 427830.75, 439719.25 ], [ 427830.5, 439719.25 ], [ 427830.5, 439719.5 ], [ 427830.25, 439719.5 ], [ 427830.25, 439719.75 ], [ 427830.0, 439719.75 ], [ 427830.0, 439720.0 ], [ 427829.5, 439720.0 ], [ 427829.5, 439720.25 ], [ 427829.0, 439720.25 ], [ 427829.0, 439720.5 ], [ 427827.75, 439720.5 ], [ 427827.75, 439720.75 ], [ 427826.0, 439720.75 ], [ 427826.0, 439721.0 ], [ 427825.25, 439721.0 ] ] ] } },
{ "type": "Feature", "properties": { }, "geometry": { "type": "Polygon", "coordinates": [ [ [ 427768.0, 439699.0 ], [ 427768.0, 439680.5 ], [ 427773.5, 439680.5 ], [ 427773.5, 439680.75 ], [ 427774.25, 439680.75 ], [ 427774.25, 439681.0 ], [ 427774.75, 439681.0 ], [ 427774.75, 439681.25 ], [ 427775.0, 439681.25 ], [ 427775.0, 439681.5 ], [ 427775.5, 439681.5 ], [ 427775.5, 439682.0 ], [ 427775.75, 439682.0 ], [ 427775.75, 439682.25 ], [ 427776.0, 439682.25 ], [ 427776.0, 439682.5 ], [ 427776.25, 439682.5 ], [ 427776.25, 439683.0 ], [ 427776.5, 439683.0 ], [ 427776.5, 439683.75 ], [ 427776.75, 439683.75 ], [ 427776.75, 439684.75 ], [ 427777.0, 439684.75 ], [ 427777.0, 439685.75 ], [ 427777.25, 439685.75 ], [ 427777.25, 439686.25 ], [ 427777.5, 439686.25 ], [ 427777.5, 439687.0 ], [ 427777.75, 439687.0 ], [ 427777.75, 439687.5 ], [ 427778.0, 439687.5 ], [ 427778.0, 439687.75 ], [ 427778.25, 439687.75 ], [ 427778.25, 439688.0 ], [ 427778.5, 439688.0 ], [ 427778.5, 439688.25 ], [ 427778.75, 439688.25 ], [ 427778.75, 439688.5 ], [ 427779.25, 439688.5 ], [ 427779.25, 439688.75 ], [ 427779.5, 439688.75 ], [ 427779.5, 439689.0 ], [ 427779.75, 439689.0 ], [ 427779.75, 439689.25 ], [ 427780.0, 439689.25 ], [ 427780.0, 439689.5 ], [ 427780.25, 439689.5 ], [ 427780.25, 439690.0 ], [ 427780.5, 439690.0 ], [ 427780.5, 439690.25 ], [ 427780.75, 439690.25 ], [ 427780.75, 439690.5 ], [ 427781.0, 439690.5 ], [ 427781.0, 439691.0 ], [ 427781.25, 439691.0 ], [ 427781.25, 439691.5 ], [ 427781.5, 439691.5 ], [ 427781.5, 439693.75 ], [ 427781.25, 439693.75 ], [ 427781.25, 439694.0 ], [ 427781.0, 439694.0 ], [ 427781.0, 439694.5 ], [ 427780.75, 439694.5 ], [ 427780.75, 439694.75 ], [ 427780.5, 439694.75 ], [ 427780.5, 439695.25 ], [ 427780.25, 439695.25 ], [ 427780.25, 439695.5 ], [ 427780.0, 439695.5 ], [ 427780.0, 439695.75 ], [ 427779.75, 439695.75 ], [ 427779.75, 439696.0 ], [ 427779.5, 439696.0 ], [ 427779.5, 439696.25 ], [ 427779.25, 439696.25 ], [ 427779.25, 439696.5 ], [ 427779.0, 439696.5 ], [ 427779.0, 439696.75 ], [ 427778.75, 439696.75 ], [ 427778.75, 439697.0 ], [ 427778.5, 439697.0 ], [ 427778.5, 439697.25 ], [ 427778.25, 439697.25 ], [ 427778.25, 439697.5 ], [ 427778.0, 439697.5 ], [ 427778.0, 439697.75 ], [ 427777.75, 439697.75 ], [ 427777.75, 439698.0 ], [ 427777.0, 439698.0 ], [ 427777.0, 439698.25 ], [ 427776.5, 439698.25 ], [ 427776.5, 439698.5 ], [ 427775.5, 439698.5 ], [ 427775.5, 439698.75 ], [ 427774.25, 439698.75 ], [ 427774.25, 439699.0 ], [ 427768.0, 439699.0 ] ] ] } },
{ "type": "Feature", "properties": { }, "geometry": { "type": "Polygon", "coordinates": [ [ [ 427637.75, 439719.0 ], [ 427637.75, 439718.75 ], [ 427637.0, 439718.75 ], [ 427637.0, 439718.5 ], [ 427636.5, 439718.5 ], [ 427636.5, 439718.25 ], [ 427636.0, 439718.25 ], [ 427636.0, 439718.0 ], [ 427635.75, 439718.0 ], [ 427635.75, 439717.75 ], [ 427635.5, 439717.75 ], [ 427635.5, 439717.5 ], [ 427635.25, 439717.5 ], [ 427635.25, 439717.25 ], [ 427634.75, 439717.25 ], [ 427634.75, 439717.0 ], [ 427634.25, 439717.0 ], [ 427634.25, 439716.75 ], [ 427634.0, 439716.75 ], [ 427634.0, 439716.5 ], [ 427633.5, 439716.5 ], [ 427633.5, 439716.25 ], [ 427633.0, 439716.25 ], [ 427633.0, 439716.0 ], [ 427632.0, 439716.0 ], [ 427632.0, 439715.75 ], [ 427631.0, 439715.75 ], [ 427631.0, 439715.5 ], [ 427628.0, 439715.5 ], [ 427628.0, 439715.25 ], [ 427625.25, 439715.25 ], [ 427625.25, 439715.0 ], [ 427624.75, 439715.0 ], [ 427624.75, 439714.75 ], [ 427624.25, 439714.75 ], [ 427624.25, 439714.5 ], [ 427624.0, 439714.5 ], [ 427624.0, 439714.25 ], [ 427623.75, 439714.25 ], [ 427623.75, 439713.75 ], [ 427623.5, 439713.75 ], [ 427623.5, 439708.75 ], [ 427623.75, 439708.75 ], [ 427623.75, 439707.0 ], [ 427624.0, 439707.0 ], [ 427624.0, 439704.75 ], [ 427624.25, 439704.75 ], [ 427624.25, 439700.0 ], [ 427624.5, 439700.0 ], [ 427624.5, 439696.75 ], [ 427624.75, 439696.75 ], [ 427624.75, 439695.25 ], [ 427625.0, 439695.25 ], [ 427625.0, 439693.5 ], [ 427625.25, 439693.5 ], [ 427625.25, 439692.75 ], [ 427625.5, 439692.75 ], [ 427625.5, 439692.25 ], [ 427625.75, 439692.25 ], [ 427625.75, 439691.75 ], [ 427626.0, 439691.75 ], [ 427626.0, 439691.5 ], [ 427626.25, 439691.5 ], [ 427626.25, 439691.0 ], [ 427626.5, 439691.0 ], [ 427626.5, 439690.75 ], [ 427626.75, 439690.75 ], [ 427626.75, 439690.5 ], [ 427627.25, 439690.5 ], [ 427627.25, 439690.25 ], [ 427627.75, 439690.25 ], [ 427627.75, 439690.0 ], [ 427628.25, 439690.0 ], [ 427628.25, 439689.75 ], [ 427628.75, 439689.75 ], [ 427628.75, 439689.5 ], [ 427629.5, 439689.5 ], [ 427629.5, 439689.25 ], [ 427630.25, 439689.25 ], [ 427630.25, 439689.0 ], [ 427631.0, 439689.0 ], [ 427631.0, 439688.75 ], [ 427631.5, 439688.75 ], [ 427631.5, 439688.5 ], [ 427632.0, 439688.5 ], [ 427632.0, 439688.25 ], [ 427632.5, 439688.25 ], [ 427632.5, 439688.0 ], [ 427633.0, 439688.0 ], [ 427633.0, 439687.75 ], [ 427633.5, 439687.75 ], [ 427633.5, 439687.5 ], [ 427633.75, 439687.5 ], [ 427633.75, 439687.25 ], [ 427634.0, 439687.25 ], [ 427634.0, 439687.0 ], [ 427634.25, 439687.0 ], [ 427634.25, 439686.75 ], [ 427634.5, 439686.75 ], [ 427634.5, 439686.5 ], [ 427634.75, 439686.5 ], [ 427634.75, 439686.25 ], [ 427635.0, 439686.25 ], [ 427635.0, 439686.0 ], [ 427635.25, 439686.0 ], [ 427635.25, 439685.5 ], [ 427635.5, 439685.5 ], [ 427635.5, 439685.25 ], [ 427635.75, 439685.25 ], [ 427635.75, 439684.75 ], [ 427636.0, 439684.75 ], [ 427636.0, 439684.0 ], [ 427636.25, 439684.0 ], [ 427636.25, 439683.0 ], [ 427636.5, 439683.0 ], [ 427636.5, 439681.75 ], [ 427636.75, 439681.75 ], [ 427636.75, 439680.75 ], [ 427637.0, 439680.75 ], [ 427637.0, 439679.25 ], [ 427637.25, 439679.25 ], [ 427637.25, 439678.25 ], [ 427637.5, 439678.25 ], [ 427637.5, 439677.5 ], [ 427637.75, 439677.5 ], [ 427637.75, 439677.0 ], [ 427638.0, 439677.0 ], [ 427638.0, 439676.5 ], [ 427638.25, 439676.5 ], [ 427638.25, 439676.0 ], [ 427638.5, 439676.0 ], [ 427638.5, 439675.75 ], [ 427639.0, 439675.75 ], [ 427639.0, 439675.5 ], [ 427640.0, 439675.5 ], [ 427640.0, 439672.75 ], [ 427641.75, 439672.75 ], [ 427641.75, 439672.5 ], [ 427642.0, 439672.5 ], [ 427642.0, 439672.25 ], [ 427642.75, 439672.25 ], [ 427642.75, 439672.5 ], [ 427643.0, 439672.5 ], [ 427643.0, 439672.75 ], [ 427643.5, 439672.75 ], [ 427643.5, 439673.0 ], [ 427643.75, 439673.0 ], [ 427643.75, 439673.25 ], [ 427644.0, 439673.25 ], [ 427644.0, 439673.5 ], [ 427645.0, 439673.5 ], [ 427645.0, 439673.25 ], [ 427646.0, 439673.25 ], [ 427646.0, 439673.5 ], [ 427647.0, 439673.5 ], [ 427647.0, 439673.75 ], [ 427647.75, 439673.75 ], [ 427647.75, 439674.0 ], [ 427648.5, 439674.0 ], [ 427648.5, 439674.25 ], [ 427649.75, 439674.25 ], [ 427649.75, 439674.0 ], [ 427650.0, 439674.0 ], [ 427650.0, 439673.75 ], [ 427650.25, 439673.75 ], [ 427650.25, 439673.5 ], [ 427650.5, 439673.5 ], [ 427650.5, 439673.25 ], [ 427650.75, 439673.25 ], [ 427650.75, 439673.0 ], [ 427651.0, 439673.0 ], [ 427651.0, 439672.75 ], [ 427651.25, 439672.75 ], [ 427651.25, 439672.5 ], [ 427651.75, 439672.5 ], [ 427651.75, 439672.75 ], [ 427652.25, 439672.75 ], [ 427652.25, 439673.0 ], [ 427652.75, 439673.0 ], [ 427652.75, 439673.25 ], [ 427653.25, 439673.25 ], [ 427653.25, 439673.75 ], [ 427653.5, 439673.75 ], [ 427653.5, 439674.25 ], [ 427653.75, 439674.25 ], [ 427653.75, 439675.25 ], [ 427654.0, 439675.25 ], [ 427654.0, 439676.0 ], [ 427654.25, 439676.0 ], [ 427654.25, 439676.75 ], [ 427654.5, 439676.75 ], [ 427654.5, 439677.75 ], [ 427654.75, 439677.75 ], [ 427654.75, 439680.75 ], [ 427654.5, 439680.75 ], [ 427654.5, 439681.25 ], [ 427654.25, 439681.25 ], [ 427654.25, 439682.25 ], [ 427654.5, 439682.25 ], [ 427654.5, 439682.75 ], [ 427654.25, 439682.75 ], [ 427654.25, 439684.0 ], [ 427654.0, 439684.0 ], [ 427654.0, 439685.5 ], [ 427653.75, 439685.5 ], [ 427653.75, 439686.75 ], [ 427653.5, 439686.75 ], [ 427653.5, 439687.75 ], [ 427653.25, 439687.75 ], [ 427653.25, 439688.5 ], [ 427653.0, 439688.5 ], [ 427653.0, 439689.0 ], [ 427652.75, 439689.0 ], [ 427652.75, 439689.25 ], [ 427652.5, 439689.25 ], [ 427652.5, 439689.75 ], [ 427652.25, 439689.75 ], [ 427652.25, 439690.25 ], [ 427652.0, 439690.25 ], [ 427652.0, 439690.75 ], [ 427651.75, 439690.75 ], [ 427651.75, 439691.0 ], [ 427651.5, 439691.0 ], [ 427651.5, 439691.25 ], [ 427651.25, 439691.25 ], [ 427651.25, 439691.75 ], [ 427651.0, 439691.75 ], [ 427651.0, 439692.25 ], [ 427650.75, 439692.25 ], [ 427650.75, 439692.75 ], [ 427650.5, 439692.75 ], [ 427650.5, 439693.0 ], [ 427650.25, 439693.0 ], [ 427650.25, 439693.25 ], [ 427650.0, 439693.25 ], [ 427650.0, 439694.0 ], [ 427649.75, 439694.0 ], [ 427649.75, 439695.0 ], [ 427650.0, 439695.0 ], [ 427650.0, 439696.5 ], [ 427650.25, 439696.5 ], [ 427650.25, 439697.5 ], [ 427650.0, 439697.5 ], [ 427650.0, 439698.0 ], [ 427649.75, 439698.0 ], [ 427649.75, 439698.5 ], [ 427649.25, 439698.5 ], [ 427649.25, 439698.75 ], [ 427648.25, 439698.75 ], [ 427648.25, 439699.0 ], [ 427646.75, 439699.0 ], [ 427646.75, 439699.25 ], [ 427645.75, 439699.25 ], [ 427645.75, 439699.5 ], [ 427644.0, 439699.5 ], [ 427644.0, 439699.75 ], [ 427640.0, 439699.75 ], [ 427640.0, 439719.0 ], [ 427637.75, 439719.0 ] ] ] } },
{ "type": "Feature", "properties": { }, "geometry": { "type": "Polygon", "coordinates": [ [ [ 427749.25, 439689.5 ], [ 427749.25, 439689.25 ], [ 427746.0, 439689.25 ], [ 427746.0, 439689.0 ], [ 427745.5, 439689.0 ], [ 427745.5, 439688.75 ], [ 427745.0, 439688.75 ], [ 427745.0, 439688.5 ], [ 427744.75, 439688.5 ], [ 427744.75, 439688.0 ], [ 427744.5, 439688.0 ], [ 427744.5, 439687.75 ], [ 427744.25, 439687.75 ], [ 427744.25, 439687.5 ], [ 427744.0, 439687.5 ], [ 427744.0, 439687.0 ], [ 427743.75, 439687.0 ], [ 427743.75, 439686.5 ], [ 427743.5, 439686.5 ], [ 427743.5, 439685.5 ], [ 427743.25, 439685.5 ], [ 427743.25, 439684.0 ], [ 427743.0, 439684.0 ], [ 427743.0, 439680.25 ], [ 427742.75, 439680.25 ], [ 427742.75, 439678.75 ], [ 427742.5, 439678.75 ], [ 427742.5, 439677.75 ], [ 427742.25, 439677.75 ], [ 427742.25, 439677.0 ], [ 427742.0, 439677.0 ], [ 427742.0, 439676.75 ], [ 427741.75, 439676.75 ], [ 427741.75, 439676.25 ], [ 427741.5, 439676.25 ], [ 427741.5, 439674.75 ], [ 427741.25, 439674.75 ], [ 427741.25, 439673.25 ], [ 427741.5, 439673.25 ], [ 427741.5, 439672.5 ], [ 427741.75, 439672.5 ], [ 427741.75, 439672.25 ], [ 427742.0, 439672.25 ], [ 427742.0, 439672.0 ], [ 427742.25, 439672.0 ], [ 427742.25, 439671.5 ], [ 427742.5, 439671.5 ], [ 427742.5, 439671.25 ], [ 427743.0, 439671.25 ], [ 427743.0, 439671.0 ], [ 427743.25, 439671.0 ], [ 427743.25, 439670.75 ], [ 427744.0, 439670.75 ], [ 427744.0, 439670.5 ], [ 427745.0, 439670.5 ], [ 427745.0, 439670.25 ], [ 427750.75, 439670.25 ], [ 427750.75, 439670.5 ], [ 427751.25, 439670.5 ], [ 427751.25, 439670.75 ], [ 427751.75, 439670.75 ], [ 427751.75, 439671.0 ], [ 427752.25, 439671.0 ], [ 427752.25, 439671.25 ], [ 427752.75, 439671.25 ], [ 427752.75, 439671.5 ], [ 427753.25, 439671.5 ], [ 427753.25, 439671.75 ], [ 427753.5, 439671.75 ], [ 427753.5, 439672.0 ], [ 427754.0, 439672.0 ], [ 427754.0, 439672.25 ], [ 427754.25, 439672.25 ], [ 427754.25, 439672.5 ], [ 427754.5, 439672.5 ], [ 427754.5, 439672.75 ], [ 427754.75, 439672.75 ], [ 427754.75, 439673.25 ], [ 427755.0, 439673.25 ], [ 427755.0, 439673.75 ], [ 427755.25, 439673.75 ], [ 427755.25, 439674.25 ], [ 427755.5, 439674.25 ], [ 427755.5, 439674.75 ], [ 427755.75, 439674.75 ], [ 427755.75, 439675.25 ], [ 427756.0, 439675.25 ], [ 427756.0, 439676.0 ], [ 427756.25, 439676.0 ], [ 427756.25, 439677.0 ], [ 427756.5, 439677.0 ], [ 427756.5, 439678.0 ], [ 427756.75, 439678.0 ], [ 427756.75, 439679.25 ], [ 427757.0, 439679.25 ], [ 427757.0, 439681.75 ], [ 427757.25, 439681.75 ], [ 427757.25, 439684.75 ], [ 427757.0, 439684.75 ], [ 427757.0, 439685.5 ], [ 427756.75, 439685.5 ], [ 427756.75, 439686.25 ], [ 427756.5, 439686.25 ], [ 427756.5, 439686.5 ], [ 427756.25, 439686.5 ], [ 427756.25, 439686.75 ], [ 427756.0, 439686.75 ], [ 427756.0, 439687.0 ], [ 427755.5, 439687.0 ], [ 427755.5, 439687.25 ], [ 427755.25, 439687.25 ], [ 427755.25, 439687.5 ], [ 427755.0, 439687.5 ], [ 427755.0, 439687.75 ], [ 427754.5, 439687.75 ], [ 427754.5, 439688.0 ], [ 427753.75, 439688.0 ], [ 427753.75, 439688.25 ], [ 427753.25, 439688.25 ], [ 427753.25, 439688.5 ], [ 427752.75, 439688.5 ], [ 427752.75, 439688.75 ], [ 427751.25, 439688.75 ], [ 427751.25, 439689.0 ], [ 427750.75, 439689.0 ], [ 427750.75, 439689.25 ], [ 427750.0, 439689.25 ], [ 427750.0, 439689.5 ], [ 427749.25, 439689.5 ] ] ] } },
{ "type": "Feature", "properties": { }, "geometry": { "type": "Polygon", "coordinates": [ [ [ 427805.0, 439690.0 ], [ 427805.0, 439689.75 ], [ 427804.5, 439689.75 ], [ 427804.5, 439689.5 ], [ 427804.25, 439689.5 ], [ 427804.25, 439689.0 ], [ 427804.0, 439689.0 ], [ 427804.0, 439688.25 ], [ 427803.75, 439688.25 ], [ 427803.75, 439687.75 ], [ 427803.5, 439687.75 ], [ 427803.5, 439687.5 ], [ 427803.0, 439687.5 ], [ 427803.0, 439687.25 ], [ 427802.5, 439687.25 ], [ 427802.5, 439687.0 ], [ 427801.75, 439687.0 ], [ 427801.75, 439686.75 ], [ 427801.25, 439686.75 ], [ 427801.25, 439686.5 ], [ 427801.0, 439686.5 ], [ 427801.0, 439686.25 ], [ 427800.75, 439686.25 ], [ 427800.75, 439686.0 ], [ 427800.25, 439686.0 ], [ 427800.25, 439685.75 ], [ 427799.75, 439685.75 ], [ 427799.75, 439685.5 ], [ 427799.5, 439685.5 ], [ 427799.5, 439685.25 ], [ 427798.5, 439685.25 ], [ 427798.5, 439684.75 ], [ 427798.25, 439684.75 ], [ 427798.25, 439684.25 ], [ 427798.0, 439684.25 ], [ 427798.0, 439684.0 ], [ 427797.75, 439684.0 ], [ 427797.75, 439683.75 ], [ 427797.5, 439683.75 ], [ 427797.5, 439683.5 ], [ 427797.25, 439683.5 ], [ 427797.25, 439683.0 ], [ 427797.0, 439683.0 ], [ 427797.0, 439682.75 ], [ 427796.75, 439682.75 ], [ 427796.75, 439682.5 ], [ 427796.5, 439682.5 ], [ 427796.5, 439682.25 ], [ 427796.25, 439682.25 ], [ 427796.25, 439682.0 ], [ 427795.5, 439682.0 ], [ 427795.5, 439681.75 ], [ 427795.0, 439681.75 ], [ 427795.0, 439681.5 ], [ 427794.75, 439681.5 ], [ 427794.75, 439681.25 ], [ 427794.5, 439681.25 ], [ 427794.5, 439680.75 ], [ 427794.25, 439680.75 ], [ 427794.25, 439680.5 ], [ 427794.0, 439680.5 ], [ 427794.0, 439680.25 ], [ 427793.5, 439680.25 ], [ 427793.5, 439680.0 ], [ 427793.25, 439680.0 ], [ 427793.25, 439679.75 ], [ 427793.0, 439679.75 ], [ 427793.0, 439679.5 ], [ 427792.75, 439679.5 ], [ 427792.75, 439679.25 ], [ 427792.5, 439679.25 ], [ 427792.5, 439679.0 ], [ 427792.25, 439679.0 ], [ 427792.25, 439678.75 ], [ 427792.0, 439678.75 ], [ 427792.0, 439678.5 ], [ 427791.75, 439678.5 ], [ 427791.75, 439678.25 ], [ 427791.25, 439678.25 ], [ 427791.25, 439678.0 ], [ 427790.5, 439678.0 ], [ 427790.5, 439677.75 ], [ 427790.25, 439677.75 ], [ 427790.25, 439677.5 ], [ 427789.75, 439677.5 ], [ 427789.75, 439677.25 ], [ 427789.5, 439677.25 ], [ 427789.5, 439676.75 ], [ 427789.25, 439676.75 ], [ 427789.25, 439675.75 ], [ 427789.0, 439675.75 ], [ 427789.0, 439675.0 ], [ 427788.75, 439675.0 ], [ 427788.75, 439674.5 ], [ 427788.5, 439674.5 ], [ 427788.5, 439674.0 ], [ 427788.25, 439674.0 ], [ 427788.25, 439670.0 ], [ 427788.5, 439670.0 ], [ 427788.5, 439669.25 ], [ 427788.75, 439669.25 ], [ 427788.75, 439669.0 ], [ 427789.0, 439669.0 ], [ 427789.0, 439668.75 ], [ 427789.25, 439668.75 ], [ 427789.25, 439668.5 ], [ 427789.75, 439668.5 ], [ 427789.75, 439668.25 ], [ 427790.0, 439668.25 ], [ 427790.0, 439668.0 ], [ 427790.5, 439668.0 ], [ 427790.5, 439667.75 ], [ 427791.0, 439667.75 ], [ 427791.0, 439667.5 ], [ 427791.5, 439667.5 ], [ 427791.5, 439667.25 ], [ 427792.0, 439667.25 ], [ 427792.0, 439667.0 ], [ 427792.5, 439667.0 ], [ 427792.5, 439666.75 ], [ 427793.0, 439666.75 ], [ 427793.0, 439666.5 ], [ 427793.25, 439666.5 ], [ 427793.25, 439666.25 ], [ 427793.75, 439666.25 ], [ 427793.75, 439666.0 ], [ 427794.25, 439666.0 ], [ 427794.25, 439665.75 ], [ 427794.75, 439665.75 ], [ 427794.75, 439665.5 ], [ 427795.0, 439665.5 ], [ 427795.0, 439665.25 ], [ 427795.5, 439665.25 ], [ 427795.5, 439665.0 ], [ 427796.0, 439665.0 ], [ 427796.0, 439664.75 ], [ 427796.5, 439664.75 ], [ 427796.5, 439664.5 ], [ 427797.0, 439664.5 ], [ 427797.0, 439664.25 ], [ 427797.5, 439664.25 ], [ 427797.5, 439664.0 ], [ 427798.0, 439664.0 ], [ 427798.0, 439663.75 ], [ 427799.0, 439663.75 ], [ 427799.0, 439663.5 ], [ 427799.75, 439663.5 ], [ 427799.75, 439663.25 ], [ 427800.25, 439663.25 ], [ 427800.25, 439663.0 ], [ 427800.5, 439663.0 ], [ 427800.5, 439662.75 ], [ 427800.75, 439662.75 ], [ 427800.75, 439662.5 ], [ 427801.0, 439662.5 ], [ 427801.0, 439662.25 ], [ 427801.25, 439662.25 ], [ 427801.25, 439662.0 ], [ 427801.5, 439662.0 ], [ 427801.5, 439661.75 ], [ 427802.0, 439661.75 ], [ 427802.0, 439661.5 ], [ 427802.25, 439661.5 ], [ 427802.25, 439661.25 ], [ 427803.5, 439661.25 ], [ 427803.5, 439661.0 ], [ 427805.0, 439661.0 ], [ 427805.0, 439661.25 ], [ 427806.0, 439661.25 ], [ 427806.0, 439661.5 ], [ 427806.25, 439661.5 ], [ 427806.25, 439661.75 ], [ 427806.5, 439661.75 ], [ 427806.5, 439662.0 ], [ 427806.75, 439662.0 ], [ 427806.75, 439662.25 ], [ 427807.0, 439662.25 ], [ 427807.0, 439663.0 ], [ 427806.75, 439663.0 ], [ 427806.75, 439664.0 ], [ 427806.5, 439664.0 ], [ 427806.5, 439665.75 ], [ 427806.25, 439665.75 ], [ 427806.25, 439669.5 ], [ 427806.0, 439669.5 ], [ 427806.0, 439671.25 ], [ 427805.75, 439671.25 ], [ 427805.75, 439672.0 ], [ 427805.5, 439672.0 ], [ 427805.5, 439674.25 ], [ 427805.25, 439674.25 ], [ 427805.25, 439675.25 ], [ 427805.0, 439675.25 ], [ 427805.0, 439676.25 ], [ 427804.75, 439676.25 ], [ 427804.75, 439677.5 ], [ 427804.5, 439677.5 ], [ 427804.5, 439678.75 ], [ 427804.25, 439678.75 ], [ 427804.25, 439680.0 ], [ 427804.0, 439680.0 ], [ 427804.0, 439681.25 ], [ 427803.75, 439681.25 ], [ 427803.75, 439682.0 ], [ 427804.0, 439682.0 ], [ 427804.0, 439683.0 ], [ 427804.25, 439683.0 ], [ 427804.25, 439683.25 ], [ 427804.5, 439683.25 ], [ 427804.5, 439683.75 ], [ 427804.75, 439683.75 ], [ 427804.75, 439684.5 ], [ 427805.0, 439684.5 ], [ 427805.0, 439685.0 ], [ 427805.25, 439685.0 ], [ 427805.25, 439685.5 ], [ 427805.5, 439685.5 ], [ 427805.5, 439685.75 ], [ 427805.75, 439685.75 ], [ 427805.75, 439686.25 ], [ 427806.0, 439686.25 ], [ 427806.0, 439688.0 ], [ 427806.25, 439688.0 ], [ 427806.25, 439689.5 ], [ 427806.0, 439689.5 ], [ 427806.0, 439689.75 ], [ 427805.75, 439689.75 ], [ 427805.75, 439690.0 ], [ 427805.0, 439690.0 ] ] ] } },
{ "type": "Feature", "properties": { }, "geometry": { "type": "Polygon", "coordinates": [ [ [ 427713.25, 439651.75 ], [ 427713.25, 439651.5 ], [ 427712.25, 439651.5 ], [ 427712.25, 439651.25 ], [ 427711.5, 439651.25 ], [ 427711.5, 439651.0 ], [ 427710.5, 439651.0 ], [ 427710.5, 439650.75 ], [ 427709.5, 439650.75 ], [ 427709.5, 439650.5 ], [ 427709.0, 439650.5 ], [ 427709.0, 439650.25 ], [ 427708.5, 439650.25 ], [ 427708.5, 439650.0 ], [ 427708.0, 439650.0 ], [ 427708.0, 439649.75 ], [ 427707.5, 439649.75 ], [ 427707.5, 439649.5 ], [ 427707.0, 439649.5 ], [ 427707.0, 439649.25 ], [ 427706.5, 439649.25 ], [ 427706.5, 439649.0 ], [ 427706.0, 439649.0 ], [ 427706.0, 439648.75 ], [ 427705.0, 439648.75 ], [ 427705.0, 439648.5 ], [ 427704.0, 439648.5 ], [ 427704.0, 439648.25 ], [ 427703.5, 439648.25 ], [ 427703.5, 439648.0 ], [ 427702.75, 439648.0 ], [ 427702.75, 439647.75 ], [ 427701.75, 439647.75 ], [ 427701.75, 439648.0 ], [ 427701.25, 439648.0 ], [ 427701.25, 439648.25 ], [ 427701.0, 439648.25 ], [ 427701.0, 439648.5 ], [ 427700.75, 439648.5 ], [ 427700.75, 439648.75 ], [ 427700.25, 439648.75 ], [ 427700.25, 439649.0 ], [ 427700.0, 439649.0 ], [ 427700.0, 439649.25 ], [ 427699.75, 439649.25 ], [ 427699.75, 439649.5 ], [ 427699.5, 439649.5 ], [ 427699.5, 439649.75 ], [ 427699.0, 439649.75 ], [ 427699.0, 439650.0 ], [ 427698.75, 439650.0 ], [ 427698.75, 439650.25 ], [ 427698.5, 439650.25 ], [ 427698.5, 439650.5 ], [ 427697.75, 439650.5 ], [ 427697.75, 439650.75 ], [ 427696.5, 439650.75 ], [ 427696.5, 439650.5 ], [ 427695.5, 439650.5 ], [ 427695.5, 439650.25 ], [ 427693.75, 439650.25 ], [ 427693.75, 439650.0 ], [ 427693.0, 439650.0 ], [ 427693.0, 439649.75 ], [ 427692.25, 439649.75 ], [ 427692.25, 439649.5 ], [ 427691.75, 439649.5 ], [ 427691.75, 439649.25 ], [ 427691.0, 439649.25 ], [ 427691.0, 439649.0 ], [ 427690.25, 439649.0 ], [ 427690.25, 439648.75 ], [ 427689.25, 439648.75 ], [ 427689.25, 439648.5 ], [ 427688.5, 439648.5 ], [ 427688.5, 439648.25 ], [ 427687.75, 439648.25 ], [ 427687.75, 439648.0 ], [ 427687.0, 439648.0 ], [ 427687.0, 439647.75 ], [ 427686.25, 439647.75 ], [ 427686.25, 439647.5 ], [ 427685.75, 439647.5 ], [ 427685.75, 439647.25 ], [ 427685.25, 439647.25 ], [ 427685.25, 439647.0 ], [ 427684.75, 439647.0 ], [ 427684.75, 439646.75 ], [ 427684.0, 439646.75 ], [ 427684.0, 439646.5 ], [ 427683.5, 439646.5 ], [ 427683.5, 439646.25 ], [ 427682.75, 439646.25 ], [ 427682.75, 439646.0 ], [ 427682.25, 439646.0 ], [ 427682.25, 439645.75 ], [ 427681.5, 439645.75 ], [ 427681.5, 439645.5 ], [ 427680.75, 439645.5 ], [ 427680.75, 439645.25 ], [ 427680.0, 439645.25 ], [ 427680.0, 439645.0 ], [ 427679.25, 439645.0 ], [ 427679.25, 439644.75 ], [ 427678.75, 439644.75 ], [ 427678.75, 439644.5 ], [ 427678.25, 439644.5 ], [ 427678.25, 439644.25 ], [ 427677.75, 439644.25 ], [ 427677.75, 439644.0 ], [ 427677.5, 439644.0 ], [ 427677.5, 439643.75 ], [ 427677.25, 439643.75 ], [ 427677.25, 439643.25 ], [ 427677.0, 439643.25 ], [ 427677.0, 439642.75 ], [ 427676.75, 439642.75 ], [ 427676.75, 439641.75 ], [ 427676.5, 439641.75 ], [ 427676.5, 439641.5 ], [ 427676.75, 439641.5 ], [ 427676.75, 439640.25 ], [ 427677.0, 439640.25 ], [ 427677.0, 439639.0 ], [ 427677.25, 439639.0 ], [ 427677.25, 439637.5 ], [ 427677.5, 439637.5 ], [ 427677.5, 439637.0 ], [ 427677.75, 439637.0 ], [ 427677.75, 439636.25 ], [ 427678.0, 439636.25 ], [ 427678.0, 439635.5 ], [ 427678.25, 439635.5 ], [ 427678.25, 439635.0 ], [ 427678.5, 439635.0 ], [ 427678.5, 439634.5 ], [ 427678.75, 439634.5 ], [ 427678.75, 439634.0 ], [ 427679.0, 439634.0 ], [ 427679.0, 439633.25 ], [ 427679.25, 439633.25 ], [ 427679.25, 439632.5 ], [ 427679.5, 439632.5 ], [ 427679.5, 439632.0 ], [ 427679.75, 439632.0 ], [ 427679.75, 439631.25 ], [ 427680.0, 439631.25 ], [ 427680.0, 439630.25 ], [ 427680.25, 439630.25 ], [ 427680.25, 439629.75 ], [ 427680.5, 439629.75 ], [ 427680.5, 439629.25 ], [ 427680.75, 439629.25 ], [ 427680.75, 439629.0 ], [ 427681.0, 439629.0 ], [ 427681.0, 439628.5 ], [ 427681.25, 439628.5 ], [ 427681.25, 439628.25 ], [ 427681.5, 439628.25 ], [ 427681.5, 439628.0 ], [ 427681.75, 439628.0 ], [ 427681.75, 439627.75 ], [ 427682.25, 439627.75 ], [ 427682.25, 439627.5 ], [ 427683.0, 439627.5 ], [ 427683.0, 439627.25 ], [ 427685.0, 439627.25 ], [ 427685.0, 439627.5 ], [ 427686.5, 439627.5 ], [ 427686.5, 439627.75 ], [ 427687.25, 439627.75 ], [ 427687.25, 439628.0 ], [ 427688.0, 439628.0 ], [ 427688.0, 439628.25 ], [ 427688.75, 439628.25 ], [ 427688.75, 439628.5 ], [ 427689.25, 439628.5 ], [ 427689.25, 439628.75 ], [ 427689.75, 439628.75 ], [ 427689.75, 439629.0 ], [ 427690.5, 439629.0 ], [ 427690.5, 439629.25 ], [ 427691.0, 439629.25 ], [ 427691.0, 439629.5 ], [ 427691.5, 439629.5 ], [ 427691.5, 439629.75 ], [ 427691.75, 439629.75 ], [ 427691.75, 439630.0 ], [ 427692.25, 439630.0 ], [ 427692.25, 439630.25 ], [ 427692.5, 439630.25 ], [ 427692.5, 439630.5 ], [ 427693.0, 439630.5 ], [ 427693.0, 439630.75 ], [ 427693.25, 439630.75 ], [ 427693.25, 439631.0 ], [ 427693.75, 439631.0 ], [ 427693.75, 439631.25 ], [ 427694.5, 439631.25 ], [ 427694.5, 439631.5 ], [ 427695.75, 439631.5 ], [ 427695.75, 439631.75 ], [ 427697.0, 439631.75 ], [ 427697.0, 439632.0 ], [ 427698.0, 439632.0 ], [ 427698.0, 439632.25 ], [ 427699.0, 439632.25 ], [ 427699.0, 439632.5 ], [ 427700.0, 439632.5 ], [ 427700.0, 439632.75 ], [ 427700.5, 439632.75 ], [ 427700.5, 439633.0 ], [ 427701.0, 439633.0 ], [ 427701.0, 439633.25 ], [ 427701.75, 439633.25 ], [ 427701.75, 439633.5 ], [ 427702.25, 439633.5 ], [ 427702.25, 439633.75 ], [ 427703.0, 439633.75 ], [ 427703.0, 439634.0 ], [ 427703.5, 439634.0 ], [ 427703.5, 439634.25 ], [ 427704.0, 439634.25 ], [ 427704.0, 439634.5 ], [ 427704.5, 439634.5 ], [ 427704.5, 439634.75 ], [ 427704.75, 439634.75 ], [ 427704.75, 439635.0 ], [ 427705.25, 439635.0 ], [ 427705.25, 439635.25 ], [ 427706.0, 439635.25 ], [ 427706.0, 439635.5 ], [ 427706.75, 439635.5 ], [ 427706.75, 439635.75 ], [ 427707.25, 439635.75 ], [ 427707.25, 439636.0 ], [ 427707.75, 439636.0 ], [ 427707.75, 439636.25 ], [ 427708.25, 439636.25 ], [ 427708.25, 439636.5 ], [ 427708.75, 439636.5 ], [ 427708.75, 439636.75 ], [ 427709.25, 439636.75 ], [ 427709.25, 439637.0 ], [ 427709.75, 439637.0 ], [ 427709.75, 439637.25 ], [ 427710.0, 439637.25 ], [ 427710.0, 439637.5 ], [ 427710.5, 439637.5 ], [ 427710.5, 439637.75 ], [ 427710.75, 439637.75 ], [ 427710.75, 439638.0 ], [ 427711.25, 439638.0 ], [ 427711.25, 439638.25 ], [ 427711.75, 439638.25 ], [ 427711.75, 439638.5 ], [ 427712.0, 439638.5 ], [ 427712.0, 439638.75 ], [ 427712.5, 439638.75 ], [ 427712.5, 439639.0 ], [ 427712.75, 439639.0 ], [ 427712.75, 439639.25 ], [ 427713.25, 439639.25 ], [ 427713.25, 439639.5 ], [ 427714.0, 439639.5 ], [ 427714.0, 439639.75 ], [ 427714.75, 439639.75 ], [ 427714.75, 439640.0 ], [ 427715.25, 439640.0 ], [ 427715.25, 439640.25 ], [ 427716.0, 439640.25 ], [ 427716.0, 439640.5 ], [ 427716.75, 439640.5 ], [ 427716.75, 439640.75 ], [ 427717.0, 439640.75 ], [ 427717.0, 439641.0 ], [ 427717.5, 439641.0 ], [ 427717.5, 439641.25 ], [ 427717.75, 439641.25 ], [ 427717.75, 439641.5 ], [ 427718.25, 439641.5 ], [ 427718.25, 439641.75 ], [ 427718.5, 439641.75 ], [ 427718.5, 439642.0 ], [ 427718.75, 439642.0 ], [ 427718.75, 439642.5 ], [ 427719.0, 439642.5 ], [ 427719.0, 439642.75 ], [ 427719.25, 439642.75 ], [ 427719.25, 439643.25 ], [ 427719.5, 439643.25 ], [ 427719.5, 439646.5 ], [ 427719.25, 439646.5 ], [ 427719.25, 439647.25 ], [ 427719.0, 439647.25 ], [ 427719.0, 439648.0 ], [ 427718.75, 439648.0 ], [ 427718.75, 439648.75 ], [ 427718.5, 439648.75 ], [ 427718.5, 439649.25 ], [ 427718.25, 439649.25 ], [ 427718.25, 439649.5 ], [ 427718.0, 439649.5 ], [ 427718.0, 439649.75 ], [ 427717.75, 439649.75 ], [ 427717.75, 439650.0 ], [ 427717.5, 439650.0 ], [ 427717.5, 439650.25 ], [ 427717.25, 439650.25 ], [ 427717.25, 439650.5 ], [ 427716.75, 439650.5 ], [ 427716.75, 439650.75 ], [ 427716.25, 439650.75 ], [ 427716.25, 439651.0 ], [ 427716.0, 439651.0 ], [ 427716.0, 439651.25 ], [ 427715.75, 439651.25 ], [ 427715.75, 439651.5 ], [ 427715.25, 439651.5 ], [ 427715.25, 439651.75 ], [ 427713.25, 439651.75 ] ] ] } },
{ "type": "Feature", "properties": { }, "geometry": { "type": "Polygon", "coordinates": [ [ [ 427130.0, 439634.5 ], [ 427130.0, 439634.25 ], [ 427128.0, 439634.25 ], [ 427128.0, 439633.0 ], [ 427126.25, 439633.0 ], [ 427126.25, 439632.75 ], [ 427124.5, 439632.75 ], [ 427124.5, 439632.5 ], [ 427122.0, 439632.5 ], [ 427122.0, 439632.25 ], [ 427120.0, 439632.25 ], [ 427120.0, 439632.0 ], [ 427118.5, 439632.0 ], [ 427118.5, 439631.75 ], [ 427116.5, 439631.75 ], [ 427116.5, 439631.5 ], [ 427112.0, 439631.5 ], [ 427112.0, 439631.25 ], [ 427108.5, 439631.25 ], [ 427108.5, 439631.0 ], [ 427107.25, 439631.0 ], [ 427107.25, 439630.75 ], [ 427106.5, 439630.75 ], [ 427106.5, 439630.5 ], [ 427105.75, 439630.5 ], [ 427105.75, 439630.25 ], [ 427105.25, 439630.25 ], [ 427105.25, 439630.0 ], [ 427104.75, 439630.0 ], [ 427104.75, 439629.75 ], [ 427104.5, 439629.75 ], [ 427104.5, 439629.5 ], [ 427104.25, 439629.5 ], [ 427104.25, 439629.25 ], [ 427104.0, 439629.25 ], [ 427104.0, 439629.0 ], [ 427103.5, 439629.0 ], [ 427103.5, 439628.75 ], [ 427103.25, 439628.75 ], [ 427103.25, 439628.25 ], [ 427103.0, 439628.25 ], [ 427103.0, 439628.0 ], [ 427102.75, 439628.0 ], [ 427102.75, 439627.75 ], [ 427102.5, 439627.75 ], [ 427102.5, 439627.5 ], [ 427102.25, 439627.5 ], [ 427102.25, 439627.25 ], [ 427102.0, 439627.25 ], [ 427102.0, 439627.0 ], [ 427101.75, 439627.0 ], [ 427101.75, 439626.75 ], [ 427101.5, 439626.75 ], [ 427101.5, 439626.5 ], [ 427101.25, 439626.5 ], [ 427101.25, 439626.25 ], [ 427101.0, 439626.25 ], [ 427101.0, 439626.0 ], [ 427100.75, 439626.0 ], [ 427100.75, 439625.75 ], [ 427100.5, 439625.75 ], [ 427100.5, 439625.25 ], [ 427100.25, 439625.25 ], [ 427100.25, 439625.0 ], [ 427100.0, 439625.0 ], [ 427100.0, 439624.75 ], [ 427099.75, 439624.75 ], [ 427099.75, 439624.5 ], [ 427099.5, 439624.5 ], [ 427099.5, 439624.25 ], [ 427099.25, 439624.25 ], [ 427099.25, 439624.0 ], [ 427099.0, 439624.0 ], [ 427099.0, 439623.75 ], [ 427098.75, 439623.75 ], [ 427098.75, 439623.5 ], [ 427098.25, 439623.5 ], [ 427098.25, 439623.25 ], [ 427098.0, 439623.25 ], [ 427098.0, 439623.0 ], [ 427097.75, 439623.0 ], [ 427097.75, 439622.75 ], [ 427097.5, 439622.75 ], [ 427097.5, 439622.5 ], [ 427097.25, 439622.5 ], [ 427097.25, 439622.0 ], [ 427097.0, 439622.0 ], [ 427097.0, 439621.75 ], [ 427096.75, 439621.75 ], [ 427096.75, 439621.25 ], [ 427096.5, 439621.25 ], [ 427096.5, 439620.75 ], [ 427096.25, 439620.75 ], [ 427096.25, 439620.25 ], [ 427096.0, 439620.25 ], [ 427096.0, 439619.75 ], [ 427095.75, 439619.75 ], [ 427095.75, 439619.25 ], [ 427095.5, 439619.25 ], [ 427095.5, 439618.5 ], [ 427095.25, 439618.5 ], [ 427095.25, 439616.0 ], [ 427091.0, 439616.0 ], [ 427091.0, 439615.0 ], [ 427091.25, 439615.0 ], [ 427091.25, 439614.0 ], [ 427091.0, 439614.0 ], [ 427091.0, 439612.75 ], [ 427090.75, 439612.75 ], [ 427090.75, 439612.0 ], [ 427090.5, 439612.0 ], [ 427090.5, 439611.5 ], [ 427090.25, 439611.5 ], [ 427090.25, 439610.5 ], [ 427090.0, 439610.5 ], [ 427090.0, 439609.75 ], [ 427089.75, 439609.75 ], [ 427089.75, 439609.25 ], [ 427089.5, 439609.25 ], [ 427089.5, 439609.0 ], [ 427089.25, 439609.0 ], [ 427089.25, 439608.5 ], [ 427089.0, 439608.5 ], [ 427089.0, 439608.0 ], [ 427088.75, 439608.0 ], [ 427088.75, 439607.5 ], [ 427088.5, 439607.5 ], [ 427088.5, 439606.75 ], [ 427088.25, 439606.75 ], [ 427088.25, 439605.0 ], [ 427088.5, 439605.0 ], [ 427088.5, 439604.25 ], [ 427088.75, 439604.25 ], [ 427088.75, 439604.0 ], [ 427089.0, 439604.0 ], [ 427089.0, 439603.75 ], [ 427089.25, 439603.75 ], [ 427089.25, 439603.5 ], [ 427089.5, 439603.5 ], [ 427089.5, 439603.25 ], [ 427089.75, 439603.25 ], [ 427089.75, 439603.0 ], [ 427090.0, 439603.0 ], [ 427090.0, 439602.75 ], [ 427090.25, 439602.75 ], [ 427090.25, 439602.5 ], [ 427090.5, 439602.5 ], [ 427090.5, 439602.25 ], [ 427091.0, 439602.25 ], [ 427091.0, 439602.0 ], [ 427091.5, 439602.0 ], [ 427091.5, 439601.75 ], [ 427092.0, 439601.75 ], [ 427092.0, 439601.5 ], [ 427093.5, 439601.5 ], [ 427093.5, 439601.25 ], [ 427093.75, 439601.25 ], [ 427093.75, 439601.0 ], [ 427094.0, 439601.0 ], [ 427094.0, 439600.75 ], [ 427094.25, 439600.75 ], [ 427094.25, 439600.5 ], [ 427094.5, 439600.5 ], [ 427094.5, 439600.25 ], [ 427095.0, 439600.25 ], [ 427095.0, 439600.0 ], [ 427095.5, 439600.0 ], [ 427095.5, 439599.75 ], [ 427095.75, 439599.75 ], [ 427095.75, 439599.5 ], [ 427096.5, 439599.5 ], [ 427096.5, 439599.25 ], [ 427096.75, 439599.25 ], [ 427096.75, 439599.0 ], [ 427097.25, 439599.0 ], [ 427097.25, 439598.75 ], [ 427098.0, 439598.75 ], [ 427098.0, 439598.5 ], [ 427098.5, 439598.5 ], [ 427098.5, 439598.25 ], [ 427099.25, 439598.25 ], [ 427099.25, 439598.0 ], [ 427100.0, 439598.0 ], [ 427100.0, 439597.75 ], [ 427100.75, 439597.75 ], [ 427100.75, 439597.5 ], [ 427101.75, 439597.5 ], [ 427101.75, 439597.25 ], [ 427103.25, 439597.25 ], [ 427103.25, 439597.0 ], [ 427104.25, 439597.0 ], [ 427104.25, 439596.75 ], [ 427105.75, 439596.75 ], [ 427105.75, 439596.5 ], [ 427108.5, 439596.5 ], [ 427108.5, 439596.25 ], [ 427113.25, 439596.25 ], [ 427113.25, 439596.5 ], [ 427114.0, 439596.5 ], [ 427114.0, 439596.25 ], [ 427114.75, 439596.25 ], [ 427114.75, 439596.5 ], [ 427127.25, 439596.5 ], [ 427127.25, 439596.25 ], [ 427128.0, 439596.25 ], [ 427128.0, 439595.25 ], [ 427130.75, 439595.25 ], [ 427130.75, 439595.0 ], [ 427135.0, 439595.0 ], [ 427135.0, 439594.75 ], [ 427137.5, 439594.75 ], [ 427137.5, 439594.5 ], [ 427138.25, 439594.5 ], [ 427138.25, 439594.25 ], [ 427138.5, 439594.25 ], [ 427138.5, 439594.0 ], [ 427138.75, 439594.0 ], [ 427138.75, 439593.75 ], [ 427139.25, 439593.75 ], [ 427139.25, 439593.5 ], [ 427139.5, 439593.5 ], [ 427139.5, 439593.25 ], [ 427139.75, 439593.25 ], [ 427139.75, 439593.0 ], [ 427140.0, 439593.0 ], [ 427140.0, 439592.75 ], [ 427140.25, 439592.75 ], [ 427140.25, 439592.5 ], [ 427140.5, 439592.5 ], [ 427140.5, 439592.25 ], [ 427140.75, 439592.25 ], [ 427140.75, 439592.0 ], [ 427141.0, 439592.0 ], [ 427141.0, 439591.75 ], [ 427141.5, 439591.75 ], [ 427141.5, 439591.5 ], [ 427142.0, 439591.5 ], [ 427142.0, 439591.25 ], [ 427142.5, 439591.25 ], [ 427142.5, 439591.0 ], [ 427143.0, 439591.0 ], [ 427143.0, 439590.75 ], [ 427143.5, 439590.75 ], [ 427143.5, 439590.5 ], [ 427144.75, 439590.5 ], [ 427144.75, 439590.25 ], [ 427147.0, 439590.25 ], [ 427147.0, 439590.0 ], [ 427151.0, 439590.0 ], [ 427151.0, 439589.75 ], [ 427152.75, 439589.75 ], [ 427152.75, 439589.5 ], [ 427158.5, 439589.5 ], [ 427158.5, 439589.25 ], [ 427167.25, 439589.25 ], [ 427167.25, 439589.5 ], [ 427169.0, 439589.5 ], [ 427169.0, 439589.75 ], [ 427170.0, 439589.75 ], [ 427170.0, 439590.0 ], [ 427170.5, 439590.0 ], [ 427170.5, 439590.25 ], [ 427170.75, 439590.25 ], [ 427170.75, 439590.5 ], [ 427171.0, 439590.5 ], [ 427171.0, 439591.0 ], [ 427171.25, 439591.0 ], [ 427171.25, 439591.25 ], [ 427171.5, 439591.25 ], [ 427171.5, 439592.0 ], [ 427171.75, 439592.0 ], [ 427171.75, 439592.5 ], [ 427172.0, 439592.5 ], [ 427172.0, 439593.0 ], [ 427172.25, 439593.0 ], [ 427172.25, 439593.75 ], [ 427172.5, 439593.75 ], [ 427172.5, 439594.25 ], [ 427172.75, 439594.25 ], [ 427172.75, 439595.5 ], [ 427173.0, 439595.5 ], [ 427173.0, 439597.5 ], [ 427173.25, 439597.5 ], [ 427173.25, 439597.75 ], [ 427173.0, 439597.75 ], [ 427173.0, 439599.0 ], [ 427172.75, 439599.0 ], [ 427172.75, 439599.75 ], [ 427172.5, 439599.75 ], [ 427172.5, 439600.25 ], [ 427172.25, 439600.25 ], [ 427172.25, 439601.5 ], [ 427172.0, 439601.5 ], [ 427172.0, 439601.75 ], [ 427171.75, 439601.75 ], [ 427171.75, 439602.0 ], [ 427171.5, 439602.0 ], [ 427171.5, 439602.25 ], [ 427171.25, 439602.25 ], [ 427171.25, 439602.5 ], [ 427171.0, 439602.5 ], [ 427171.0, 439602.75 ], [ 427170.75, 439602.75 ], [ 427170.75, 439603.0 ], [ 427170.0, 439603.0 ], [ 427170.0, 439603.25 ], [ 427169.25, 439603.25 ], [ 427169.25, 439603.5 ], [ 427168.0, 439603.5 ], [ 427168.0, 439603.75 ], [ 427165.5, 439603.75 ], [ 427165.5, 439604.0 ], [ 427160.75, 439604.0 ], [ 427160.75, 439604.25 ], [ 427160.0, 439604.25 ], [ 427160.0, 439604.0 ], [ 427159.25, 439604.0 ], [ 427159.25, 439604.25 ], [ 427157.25, 439604.25 ], [ 427157.25, 439604.5 ], [ 427156.5, 439604.5 ], [ 427156.5, 439604.75 ], [ 427156.0, 439604.75 ], [ 427156.0, 439605.0 ], [ 427155.5, 439605.0 ], [ 427155.5, 439605.25 ], [ 427155.0, 439605.25 ], [ 427155.0, 439605.5 ], [ 427154.5, 439605.5 ], [ 427154.5, 439605.75 ], [ 427154.25, 439605.75 ], [ 427154.25, 439606.0 ], [ 427154.0, 439606.0 ], [ 427154.0, 439606.25 ], [ 427153.75, 439606.25 ], [ 427153.75, 439606.5 ], [ 427153.5, 439606.5 ], [ 427153.5, 439606.75 ], [ 427153.25, 439606.75 ], [ 427153.25, 439607.0 ], [ 427153.0, 439607.0 ], [ 427153.0, 439607.25 ], [ 427152.75, 439607.25 ], [ 427152.75, 439607.5 ], [ 427152.5, 439607.5 ], [ 427152.5, 439607.75 ], [ 427152.25, 439607.75 ], [ 427152.25, 439608.0 ], [ 427151.75, 439608.0 ], [ 427151.75, 439608.25 ], [ 427151.5, 439608.25 ], [ 427151.5, 439608.5 ], [ 427151.25, 439608.5 ], [ 427151.25, 439608.75 ], [ 427150.75, 439608.75 ], [ 427150.75, 439609.0 ], [ 427149.25, 439609.0 ], [ 427149.25, 439608.75 ], [ 427145.75, 439608.75 ], [ 427145.75, 439609.0 ], [ 427145.0, 439609.0 ], [ 427145.0, 439609.25 ], [ 427144.25, 439609.25 ], [ 427144.25, 439609.5 ], [ 427143.75, 439609.5 ], [ 427143.75, 439609.75 ], [ 427143.5, 439609.75 ], [ 427143.5, 439610.0 ], [ 427143.25, 439610.0 ], [ 427143.25, 439610.25 ], [ 427143.0, 439610.25 ], [ 427143.0, 439610.5 ], [ 427142.75, 439610.5 ], [ 427142.75, 439610.75 ], [ 427142.5, 439610.75 ], [ 427142.5, 439611.25 ], [ 427142.25, 439611.25 ], [ 427142.25, 439612.0 ], [ 427142.0, 439612.0 ], [ 427142.0, 439614.75 ], [ 427141.75, 439614.75 ], [ 427141.75, 439616.0 ], [ 427142.25, 439616.0 ], [ 427142.25, 439618.75 ], [ 427142.5, 439618.75 ], [ 427142.5, 439619.25 ], [ 427142.75, 439619.25 ], [ 427142.75, 439619.5 ], [ 427143.0, 439619.5 ], [ 427143.0, 439620.0 ], [ 427143.25, 439620.0 ], [ 427143.25, 439620.5 ], [ 427143.5, 439620.5 ], [ 427143.5, 439621.0 ], [ 427143.75, 439621.0 ], [ 427143.75, 439621.5 ], [ 427144.0, 439621.5 ], [ 427144.0, 439621.75 ], [ 427144.25, 439621.75 ], [ 427144.25, 439622.25 ], [ 427144.5, 439622.25 ], [ 427144.5, 439623.0 ], [ 427144.25, 439623.0 ], [ 427144.25, 439627.75 ], [ 427144.0, 439627.75 ], [ 427144.0, 439628.75 ], [ 427143.75, 439628.75 ], [ 427143.75, 439629.75 ], [ 427143.5, 439629.75 ], [ 427143.5, 439630.75 ], [ 427143.25, 439630.75 ], [ 427143.25, 439631.0 ], [ 427143.0, 439631.0 ], [ 427143.0, 439631.5 ], [ 427142.75, 439631.5 ], [ 427142.75, 439631.75 ], [ 427142.5, 439631.75 ], [ 427142.5, 439632.0 ], [ 427142.25, 439632.0 ], [ 427142.25, 439632.25 ], [ 427142.0, 439632.25 ], [ 427142.0, 439632.5 ], [ 427141.75, 439632.5 ], [ 427141.75, 439632.75 ], [ 427141.25, 439632.75 ], [ 427141.25, 439633.0 ], [ 427141.0, 439633.0 ], [ 427141.0, 439633.25 ], [ 427140.5, 439633.25 ], [ 427140.5, 439633.5 ], [ 427139.25, 439633.5 ], [ 427139.25, 439633.75 ], [ 427138.25, 439633.75 ], [ 427138.25, 439634.0 ], [ 427132.5, 439634.0 ], [ 427132.5, 439634.25 ], [ 427130.75, 439634.25 ], [ 427130.75, 439634.5 ], [ 427130.0, 439634.5 ] ] ] } },
{ "type": "Feature", "properties": { }, "geometry": { "type": "Polygon", "coordinates": [ [ [ 427929.75, 439488.0 ], [ 427929.75, 439485.0 ], [ 427929.5, 439485.0 ], [ 427929.5, 439480.5 ], [ 427929.75, 439480.5 ], [ 427929.75, 439480.0 ], [ 427930.0, 439480.0 ], [ 427930.0, 439479.75 ], [ 427933.0, 439479.75 ], [ 427933.0, 439479.5 ], [ 427933.5, 439479.5 ], [ 427933.5, 439479.25 ], [ 427933.75, 439479.25 ], [ 427933.75, 439479.0 ], [ 427935.0, 439479.0 ], [ 427935.0, 439479.25 ], [ 427935.5, 439479.25 ], [ 427935.5, 439479.5 ], [ 427935.75, 439479.5 ], [ 427935.75, 439479.75 ], [ 427937.0, 439479.75 ], [ 427937.0, 439479.5 ], [ 427937.25, 439479.5 ], [ 427937.25, 439479.25 ], [ 427937.75, 439479.25 ], [ 427937.75, 439479.0 ], [ 427938.0, 439479.0 ], [ 427938.0, 439478.75 ], [ 427938.25, 439478.75 ], [ 427938.25, 439478.25 ], [ 427938.5, 439478.25 ], [ 427938.5, 439478.0 ], [ 427938.75, 439478.0 ], [ 427938.75, 439477.75 ], [ 427939.0, 439477.75 ], [ 427939.0, 439477.25 ], [ 427939.25, 439477.25 ], [ 427939.25, 439476.75 ], [ 427939.5, 439476.75 ], [ 427939.5, 439476.0 ], [ 427939.25, 439476.0 ], [ 427939.25, 439474.5 ], [ 427939.75, 439474.5 ], [ 427939.75, 439474.25 ], [ 427941.0, 439474.25 ], [ 427941.0, 439474.0 ], [ 427941.5, 439474.0 ], [ 427941.5, 439473.75 ], [ 427942.0, 439473.75 ], [ 427942.0, 439473.5 ], [ 427945.75, 439473.5 ], [ 427945.75, 439473.75 ], [ 427946.5, 439473.75 ], [ 427946.5, 439474.0 ], [ 427946.75, 439474.0 ], [ 427946.75, 439474.25 ], [ 427947.0, 439474.25 ], [ 427947.0, 439474.75 ], [ 427947.25, 439474.75 ], [ 427947.25, 439475.0 ], [ 427947.5, 439475.0 ], [ 427947.5, 439476.75 ], [ 427947.75, 439476.75 ], [ 427947.75, 439481.75 ], [ 427947.5, 439481.75 ], [ 427947.5, 439482.0 ], [ 427947.25, 439482.0 ], [ 427947.25, 439483.0 ], [ 427947.5, 439483.0 ], [ 427947.5, 439483.25 ], [ 427947.75, 439483.25 ], [ 427947.75, 439483.75 ], [ 427947.5, 439483.75 ], [ 427947.5, 439484.0 ], [ 427947.25, 439484.0 ], [ 427947.25, 439484.25 ], [ 427946.25, 439484.25 ], [ 427946.25, 439484.75 ], [ 427947.5, 439484.75 ], [ 427947.5, 439485.0 ], [ 427948.0, 439485.0 ], [ 427948.0, 439485.25 ], [ 427948.25, 439485.25 ], [ 427948.25, 439486.5 ], [ 427948.0, 439486.5 ], [ 427948.0, 439488.0 ], [ 427943.25, 439488.0 ], [ 427943.25, 439487.5 ], [ 427943.0, 439487.5 ], [ 427943.0, 439486.25 ], [ 427942.75, 439486.25 ], [ 427942.75, 439486.0 ], [ 427942.0, 439486.0 ], [ 427942.0, 439486.25 ], [ 427941.25, 439486.25 ], [ 427941.25, 439486.5 ], [ 427941.0, 439486.5 ], [ 427941.0, 439486.75 ], [ 427940.5, 439486.75 ], [ 427940.5, 439487.0 ], [ 427940.25, 439487.0 ], [ 427940.25, 439487.25 ], [ 427939.75, 439487.25 ], [ 427939.75, 439487.5 ], [ 427939.5, 439487.5 ], [ 427939.5, 439488.0 ], [ 427929.75, 439488.0 ] ], [ [ 427942.25, 439485.25 ], [ 427943.5, 439485.25 ], [ 427943.5, 439485.0 ], [ 427944.25, 439485.0 ], [ 427944.25, 439484.75 ], [ 427944.5, 439484.75 ], [ 427944.5, 439484.25 ], [ 427944.0, 439484.25 ], [ 427944.0, 439484.0 ], [ 427943.75, 439484.0 ], [ 427943.75, 439483.75 ], [ 427942.0, 439483.75 ], [ 427942.0, 439484.0 ], [ 427941.25, 439484.0 ], [ 427941.25, 439484.25 ], [ 427941.0, 439484.25 ], [ 427941.0, 439484.75 ], [ 427941.25, 439484.75 ], [ 427941.25, 439485.0 ], [ 427942.25, 439485.0 ], [ 427942.25, 439485.25 ] ] ] } },
{ "type": "Feature", "properties": { }, "geometry": { "type": "Polygon", "coordinates": [ [ [ 427702.0, 439430.0 ], [ 427702.0, 439429.75 ], [ 427701.5, 439429.75 ], [ 427701.5, 439429.5 ], [ 427701.75, 439429.5 ], [ 427701.75, 439429.25 ], [ 427702.25, 439429.25 ], [ 427702.25, 439429.0 ], [ 427702.5, 439429.0 ], [ 427702.5, 439429.25 ], [ 427702.75, 439429.25 ], [ 427702.75, 439429.75 ], [ 427702.5, 439429.75 ], [ 427702.5, 439430.0 ], [ 427702.0, 439430.0 ] ] ] } },
{ "type": "Feature", "properties": { }, "geometry": { "type": "Polygon", "coordinates": [ [ [ 427694.25, 439395.0 ], [ 427694.25, 439394.75 ], [ 427693.75, 439394.75 ], [ 427693.75, 439394.5 ], [ 427693.5, 439394.5 ], [ 427693.5, 439394.0 ], [ 427693.25, 439394.0 ], [ 427693.25, 439392.0 ], [ 427693.5, 439392.0 ], [ 427693.5, 439389.75 ], [ 427694.0, 439389.75 ], [ 427694.0, 439389.5 ], [ 427694.75, 439389.5 ], [ 427694.75, 439390.0 ], [ 427695.0, 439390.0 ], [ 427695.0, 439390.75 ], [ 427695.25, 439390.75 ], [ 427695.25, 439391.25 ], [ 427695.5, 439391.25 ], [ 427695.5, 439391.75 ], [ 427695.75, 439391.75 ], [ 427695.75, 439392.0 ], [ 427696.0, 439392.0 ], [ 427696.0, 439392.25 ], [ 427696.25, 439392.25 ], [ 427696.25, 439392.5 ], [ 427696.5, 439392.5 ], [ 427696.5, 439393.25 ], [ 427696.75, 439393.25 ], [ 427696.75, 439394.0 ], [ 427696.5, 439394.0 ], [ 427696.5, 439394.5 ], [ 427696.25, 439394.5 ], [ 427696.25, 439394.75 ], [ 427695.5, 439394.75 ], [ 427695.5, 439395.0 ], [ 427694.25, 439395.0 ] ] ] } },
{ "type": "Feature", "properties": { }, "geometry": { "type": "Polygon", "coordinates": [ [ [ 427897.0, 439376.0 ], [ 427897.0, 439375.75 ], [ 427896.0, 439375.75 ], [ 427896.0, 439365.75 ], [ 427896.5, 439365.75 ], [ 427896.5, 439365.5 ], [ 427897.0, 439365.5 ], [ 427897.0, 439364.75 ], [ 427897.25, 439364.75 ], [ 427897.25, 439364.25 ], [ 427896.75, 439364.25 ], [ 427896.75, 439364.0 ], [ 427896.0, 439364.0 ], [ 427896.0, 439360.0 ], [ 427899.75, 439360.0 ], [ 427899.75, 439361.5 ], [ 427899.5, 439361.5 ], [ 427899.5, 439361.75 ], [ 427899.25, 439361.75 ], [ 427899.25, 439362.0 ], [ 427899.0, 439362.0 ], [ 427899.0, 439362.25 ], [ 427898.75, 439362.25 ], [ 427898.75, 439362.5 ], [ 427898.5, 439362.5 ], [ 427898.5, 439363.0 ], [ 427898.25, 439363.0 ], [ 427898.25, 439364.25 ], [ 427899.75, 439364.25 ], [ 427899.75, 439364.0 ], [ 427900.5, 439364.0 ], [ 427900.5, 439364.25 ], [ 427901.0, 439364.25 ], [ 427901.0, 439364.5 ], [ 427901.25, 439364.5 ], [ 427901.25, 439365.5 ], [ 427901.0, 439365.5 ], [ 427901.0, 439366.0 ], [ 427900.75, 439366.0 ], [ 427900.75, 439366.75 ], [ 427901.0, 439366.75 ], [ 427901.0, 439367.5 ], [ 427901.25, 439367.5 ], [ 427901.25, 439368.0 ], [ 427901.5, 439368.0 ], [ 427901.5, 439368.5 ], [ 427901.75, 439368.5 ], [ 427901.75, 439370.0 ], [ 427902.0, 439370.0 ], [ 427902.0, 439370.75 ], [ 427902.25, 439370.75 ], [ 427902.25, 439371.25 ], [ 427902.5, 439371.25 ], [ 427902.5, 439371.75 ], [ 427902.75, 439371.75 ], [ 427902.75, 439372.5 ], [ 427903.0, 439372.5 ], [ 427903.0, 439373.5 ], [ 427902.75, 439373.5 ], [ 427902.75, 439374.5 ], [ 427902.5, 439374.5 ], [ 427902.5, 439374.75 ], [ 427902.25, 439374.75 ], [ 427902.25, 439375.0 ], [ 427901.75, 439375.0 ], [ 427901.75, 439375.25 ], [ 427901.5, 439375.25 ], [ 427901.5, 439375.5 ], [ 427900.5, 439375.5 ], [ 427900.5, 439375.75 ], [ 427899.5, 439375.75 ], [ 427899.5, 439376.0 ], [ 427897.0, 439376.0 ] ] ] } },
{ "type": "Feature", "properties": { }, "geometry": { "type": "Polygon", "coordinates": [ [ [ 427818.25, 439379.5 ], [ 427818.25, 439379.0 ], [ 427818.0, 439379.0 ], [ 427818.0, 439378.75 ], [ 427817.75, 439378.75 ], [ 427817.75, 439377.75 ], [ 427817.5, 439377.75 ], [ 427817.5, 439377.0 ], [ 427817.75, 439377.0 ], [ 427817.75, 439375.25 ], [ 427817.5, 439375.25 ], [ 427817.5, 439372.75 ], [ 427817.25, 439372.75 ], [ 427817.25, 439371.75 ], [ 427817.0, 439371.75 ], [ 427817.0, 439370.5 ], [ 427817.25, 439370.5 ], [ 427817.25, 439366.5 ], [ 427817.0, 439366.5 ], [ 427817.0, 439365.25 ], [ 427816.75, 439365.25 ], [ 427816.75, 439363.25 ], [ 427816.5, 439363.25 ], [ 427816.5, 439362.0 ], [ 427816.25, 439362.0 ], [ 427816.25, 439360.0 ], [ 427845.5, 439360.0 ], [ 427845.5, 439360.75 ], [ 427845.25, 439360.75 ], [ 427845.25, 439361.5 ], [ 427845.0, 439361.5 ], [ 427845.0, 439362.75 ], [ 427844.75, 439362.75 ], [ 427844.75, 439363.25 ], [ 427844.5, 439363.25 ], [ 427844.5, 439364.0 ], [ 427844.25, 439364.0 ], [ 427844.25, 439364.5 ], [ 427844.0, 439364.5 ], [ 427844.0, 439364.75 ], [ 427843.5, 439364.75 ], [ 427843.5, 439365.25 ], [ 427843.25, 439365.25 ], [ 427843.25, 439365.75 ], [ 427843.0, 439365.75 ], [ 427843.0, 439366.25 ], [ 427842.75, 439366.25 ], [ 427842.75, 439367.0 ], [ 427842.5, 439367.0 ], [ 427842.5, 439367.75 ], [ 427842.25, 439367.75 ], [ 427842.25, 439368.5 ], [ 427842.0, 439368.5 ], [ 427842.0, 439369.0 ], [ 427841.75, 439369.0 ], [ 427841.75, 439369.5 ], [ 427841.5, 439369.5 ], [ 427841.5, 439370.0 ], [ 427841.25, 439370.0 ], [ 427841.25, 439370.25 ], [ 427841.0, 439370.25 ], [ 427841.0, 439370.75 ], [ 427840.75, 439370.75 ], [ 427840.75, 439371.0 ], [ 427840.5, 439371.0 ], [ 427840.5, 439371.5 ], [ 427840.0, 439371.5 ], [ 427840.0, 439371.75 ], [ 427839.5, 439371.75 ], [ 427839.5, 439372.0 ], [ 427838.75, 439372.0 ], [ 427838.75, 439372.25 ], [ 427838.0, 439372.25 ], [ 427838.0, 439372.5 ], [ 427832.75, 439372.5 ], [ 427832.75, 439372.25 ], [ 427831.75, 439372.25 ], [ 427831.75, 439372.0 ], [ 427831.25, 439372.0 ], [ 427831.25, 439371.75 ], [ 427831.0, 439371.75 ], [ 427831.0, 439371.5 ], [ 427830.75, 439371.5 ], [ 427830.75, 439371.25 ], [ 427830.5, 439371.25 ], [ 427830.5, 439371.0 ], [ 427830.25, 439371.0 ], [ 427830.25, 439370.75 ], [ 427829.75, 439370.75 ], [ 427829.75, 439370.5 ], [ 427829.5, 439370.5 ], [ 427829.5, 439370.25 ], [ 427828.75, 439370.25 ], [ 427828.75, 439370.0 ], [ 427828.0, 439370.0 ], [ 427828.0, 439369.75 ], [ 427827.25, 439369.75 ], [ 427827.25, 439369.5 ], [ 427825.25, 439369.5 ], [ 427825.25, 439369.75 ], [ 427824.75, 439369.75 ], [ 427824.75, 439370.25 ], [ 427824.5, 439370.25 ], [ 427824.5, 439371.0 ], [ 427824.75, 439371.0 ], [ 427824.75, 439371.25 ], [ 427825.0, 439371.25 ], [ 427825.0, 439371.5 ], [ 427825.25, 439371.5 ], [ 427825.25, 439372.0 ], [ 427825.5, 439372.0 ], [ 427825.5, 439372.25 ], [ 427825.75, 439372.25 ], [ 427825.75, 439373.0 ], [ 427826.0, 439373.0 ], [ 427826.0, 439375.75 ], [ 427825.75, 439375.75 ], [ 427825.75, 439377.75 ], [ 427825.5, 439377.75 ], [ 427825.5, 439378.25 ], [ 427825.0, 439378.25 ], [ 427825.0, 439378.5 ], [ 427824.75, 439378.5 ], [ 427824.75, 439378.75 ], [ 427824.25, 439378.75 ], [ 427824.25, 439379.0 ], [ 427823.75, 439379.0 ], [ 427823.75, 439379.25 ], [ 427819.0, 439379.25 ], [ 427819.0, 439379.5 ], [ 427818.25, 439379.5 ] ] ] } },
{ "type": "Feature", "properties": { }, "geometry": { "type": "Polygon", "coordinates": [ [ [ 427449.0, 439370.25 ], [ 427449.0, 439370.0 ], [ 427447.5, 439370.0 ], [ 427447.5, 439369.75 ], [ 427446.75, 439369.75 ], [ 427446.75, 439369.5 ], [ 427446.25, 439369.5 ], [ 427446.25, 439369.25 ], [ 427445.75, 439369.25 ], [ 427445.75, 439369.0 ], [ 427445.5, 439369.0 ], [ 427445.5, 439368.75 ], [ 427445.25, 439368.75 ], [ 427445.25, 439368.5 ], [ 427445.0, 439368.5 ], [ 427445.0, 439368.0 ], [ 427444.75, 439368.0 ], [ 427444.75, 439367.5 ], [ 427444.5, 439367.5 ], [ 427444.5, 439366.5 ], [ 427444.25, 439366.5 ], [ 427444.25, 439365.0 ], [ 427444.0, 439365.0 ], [ 427444.0, 439364.0 ], [ 427443.75, 439364.0 ], [ 427443.75, 439362.25 ], [ 427443.5, 439362.25 ], [ 427443.5, 439361.0 ], [ 427443.25, 439361.0 ], [ 427443.25, 439360.0 ], [ 427456.75, 439360.0 ], [ 427456.75, 439361.0 ], [ 427456.5, 439361.0 ], [ 427456.5, 439362.0 ], [ 427456.75, 439362.0 ], [ 427456.75, 439365.5 ], [ 427456.5, 439365.5 ], [ 427456.5, 439367.0 ], [ 427456.25, 439367.0 ], [ 427456.25, 439367.5 ], [ 427456.0, 439367.5 ], [ 427456.0, 439367.75 ], [ 427455.75, 439367.75 ], [ 427455.75, 439368.25 ], [ 427455.5, 439368.25 ], [ 427455.5, 439368.5 ], [ 427455.25, 439368.5 ], [ 427455.25, 439368.75 ], [ 427454.75, 439368.75 ], [ 427454.75, 439369.0 ], [ 427454.5, 439369.0 ], [ 427454.5, 439369.25 ], [ 427454.0, 439369.25 ], [ 427454.0, 439369.5 ], [ 427453.5, 439369.5 ], [ 427453.5, 439369.75 ], [ 427452.75, 439369.75 ], [ 427452.75, 439370.0 ], [ 427451.75, 439370.0 ], [ 427451.75, 439370.25 ], [ 427449.0, 439370.25 ] ] ] } },
{ "type": "Feature", "properties": { }, "geometry": { "type": "Polygon", "coordinates": [ [ [ 427886.5, 439360.0 ], [ 427886.5, 439357.0 ], [ 427886.75, 439357.0 ], [ 427886.75, 439356.75 ], [ 427887.0, 439356.75 ], [ 427887.0, 439356.5 ], [ 427887.5, 439356.5 ], [ 427887.5, 439356.25 ], [ 427888.25, 439356.25 ], [ 427888.25, 439356.0 ], [ 427889.0, 439356.0 ], [ 427889.0, 439355.75 ], [ 427889.75, 439355.75 ], [ 427889.75, 439355.5 ], [ 427890.25, 439355.5 ], [ 427890.25, 439355.25 ], [ 427890.75, 439355.25 ], [ 427890.75, 439355.0 ], [ 427891.0, 439355.0 ], [ 427891.0, 439354.75 ], [ 427891.25, 439354.75 ], [ 427891.25, 439354.5 ], [ 427891.5, 439354.5 ], [ 427891.5, 439354.25 ], [ 427892.0, 439354.25 ], [ 427892.0, 439354.0 ], [ 427892.25, 439354.0 ], [ 427892.25, 439353.5 ], [ 427892.75, 439353.5 ], [ 427892.75, 439353.25 ], [ 427893.25, 439353.25 ], [ 427893.25, 439353.0 ], [ 427896.0, 439353.0 ], [ 427896.0, 439360.0 ], [ 427886.5, 439360.0 ] ] ] } },
{ "type": "Feature", "properties": { }, "geometry": { "type": "Polygon", "coordinates": [ [ [ 427374.0, 439360.0 ], [ 427374.0, 439358.75 ], [ 427373.75, 439358.75 ], [ 427373.75, 439358.25 ], [ 427374.0, 439358.25 ], [ 427374.0, 439357.5 ], [ 427374.25, 439357.5 ], [ 427374.25, 439356.25 ], [ 427374.5, 439356.25 ], [ 427374.5, 439356.0 ], [ 427374.75, 439356.0 ], [ 427374.75, 439355.5 ], [ 427375.0, 439355.5 ], [ 427375.0, 439355.0 ], [ 427375.25, 439355.0 ], [ 427375.25, 439354.75 ], [ 427375.5, 439354.75 ], [ 427375.5, 439354.25 ], [ 427375.75, 439354.25 ], [ 427375.75, 439354.0 ], [ 427376.0, 439354.0 ], [ 427376.0, 439353.5 ], [ 427376.5, 439353.5 ], [ 427376.5, 439353.25 ], [ 427377.0, 439353.25 ], [ 427377.0, 439353.0 ], [ 427377.25, 439353.0 ], [ 427377.25, 439352.75 ], [ 427377.5, 439352.75 ], [ 427377.5, 439352.5 ], [ 427379.0, 439352.5 ], [ 427379.0, 439352.25 ], [ 427382.5, 439352.25 ], [ 427382.5, 439352.0 ], [ 427384.0, 439352.0 ], [ 427384.0, 439360.0 ], [ 427374.0, 439360.0 ] ] ] } },
{ "type": "Feature", "properties": { }, "geometry": { "type": "Polygon", "coordinates": [ [ [ 427963.0, 439377.5 ], [ 427963.0, 439377.25 ], [ 427962.25, 439377.25 ], [ 427962.25, 439377.0 ], [ 427961.75, 439377.0 ], [ 427961.75, 439376.75 ], [ 427961.5, 439376.75 ], [ 427961.5, 439376.5 ], [ 427961.25, 439376.5 ], [ 427961.25, 439376.25 ], [ 427961.0, 439376.25 ], [ 427961.0, 439376.0 ], [ 427960.75, 439376.0 ], [ 427960.75, 439375.75 ], [ 427960.5, 439375.75 ], [ 427960.5, 439375.0 ], [ 427960.25, 439375.0 ], [ 427960.25, 439370.25 ], [ 427960.5, 439370.25 ], [ 427960.5, 439364.75 ], [ 427960.25, 439364.75 ], [ 427960.25, 439361.75 ], [ 427960.5, 439361.75 ], [ 427960.5, 439360.0 ], [ 427961.0, 439360.0 ], [ 427961.0, 439356.75 ], [ 427961.25, 439356.75 ], [ 427961.25, 439353.75 ], [ 427961.5, 439353.75 ], [ 427961.5, 439353.0 ], [ 427961.75, 439353.0 ], [ 427961.75, 439352.5 ], [ 427962.0, 439352.5 ], [ 427962.0, 439352.25 ], [ 427962.25, 439352.25 ], [ 427962.25, 439351.75 ], [ 427962.5, 439351.75 ], [ 427962.5, 439351.5 ], [ 427962.75, 439351.5 ], [ 427962.75, 439351.25 ], [ 427963.0, 439351.25 ], [ 427963.0, 439351.0 ], [ 427963.25, 439351.0 ], [ 427963.25, 439350.75 ], [ 427963.5, 439350.75 ], [ 427963.5, 439350.5 ], [ 427963.75, 439350.5 ], [ 427963.75, 439350.25 ], [ 427964.0, 439350.25 ], [ 427964.0, 439350.0 ], [ 427964.5, 439350.0 ], [ 427964.5, 439349.75 ], [ 427964.75, 439349.75 ], [ 427964.75, 439349.5 ], [ 427965.25, 439349.5 ], [ 427965.25, 439349.25 ], [ 427965.5, 439349.25 ], [ 427965.5, 439349.0 ], [ 427966.0, 439349.0 ], [ 427966.0, 439348.75 ], [ 427966.5, 439348.75 ], [ 427966.5, 439348.5 ], [ 427967.0, 439348.5 ], [ 427967.0, 439348.25 ], [ 427967.25, 439348.25 ], [ 427967.25, 439348.0 ], [ 427967.5, 439348.0 ], [ 427967.5, 439347.75 ], [ 427967.75, 439347.75 ], [ 427967.75, 439347.5 ], [ 427968.25, 439347.5 ], [ 427968.25, 439347.25 ], [ 427968.5, 439347.25 ], [ 427968.5, 439347.0 ], [ 427968.75, 439347.0 ], [ 427968.75, 439346.75 ], [ 427969.0, 439346.75 ], [ 427969.0, 439346.0 ], [ 427969.25, 439346.0 ], [ 427969.25, 439345.0 ], [ 427969.0, 439345.0 ], [ 427969.0, 439344.25 ], [ 427968.75, 439344.25 ], [ 427968.75, 439343.5 ], [ 427968.5, 439343.5 ], [ 427968.5, 439343.0 ], [ 427968.25, 439343.0 ], [ 427968.25, 439342.25 ], [ 427968.0, 439342.25 ], [ 427968.0, 439340.25 ], [ 427968.25, 439340.25 ], [ 427968.25, 439339.5 ], [ 427968.5, 439339.5 ], [ 427968.5, 439339.0 ], [ 427968.75, 439339.0 ], [ 427968.75, 439338.75 ], [ 427969.0, 439338.75 ], [ 427969.0, 439338.25 ], [ 427969.25, 439338.25 ], [ 427969.25, 439338.0 ], [ 427969.75, 439338.0 ], [ 427969.75, 439337.75 ], [ 427970.0, 439337.75 ], [ 427970.0, 439337.5 ], [ 427970.25, 439337.5 ], [ 427970.25, 439337.25 ], [ 427970.5, 439337.25 ], [ 427970.5, 439337.0 ], [ 427971.0, 439337.0 ], [ 427971.0, 439336.75 ], [ 427971.25, 439336.75 ], [ 427971.25, 439336.5 ], [ 427972.0, 439336.5 ], [ 427972.0, 439336.25 ], [ 427972.5, 439336.25 ], [ 427972.5, 439336.0 ], [ 427973.25, 439336.0 ], [ 427973.25, 439335.75 ], [ 427974.75, 439335.75 ], [ 427974.75, 439335.5 ], [ 427975.75, 439335.5 ], [ 427975.75, 439335.25 ], [ 427976.25, 439335.25 ], [ 427976.25, 439335.0 ], [ 427976.5, 439335.0 ], [ 427976.5, 439334.75 ], [ 427976.75, 439334.75 ], [ 427976.75, 439334.5 ], [ 427977.25, 439334.5 ], [ 427977.25, 439334.25 ], [ 427977.5, 439334.25 ], [ 427977.5, 439334.5 ], [ 427978.0, 439334.5 ], [ 427978.0, 439334.75 ], [ 427978.25, 439334.75 ], [ 427978.25, 439335.0 ], [ 427979.0, 439335.0 ], [ 427979.0, 439334.75 ], [ 427979.75, 439334.75 ], [ 427979.75, 439335.0 ], [ 427980.0, 439335.0 ], [ 427980.0, 439335.25 ], [ 427980.5, 439335.25 ], [ 427980.5, 439335.5 ], [ 427981.0, 439335.5 ], [ 427981.0, 439335.75 ], [ 427981.5, 439335.75 ], [ 427981.5, 439336.0 ], [ 427981.75, 439336.0 ], [ 427981.75, 439336.25 ], [ 427982.25, 439336.25 ], [ 427982.25, 439336.75 ], [ 427982.5, 439336.75 ], [ 427982.5, 439337.0 ], [ 427982.75, 439337.0 ], [ 427982.75, 439337.5 ], [ 427983.0, 439337.5 ], [ 427983.0, 439337.75 ], [ 427983.25, 439337.75 ], [ 427983.25, 439338.0 ], [ 427983.75, 439338.0 ], [ 427983.75, 439338.25 ], [ 427984.25, 439338.25 ], [ 427984.25, 439338.5 ], [ 427984.75, 439338.5 ], [ 427984.75, 439338.75 ], [ 427985.0, 439338.75 ], [ 427985.0, 439339.0 ], [ 427985.5, 439339.0 ], [ 427985.5, 439339.25 ], [ 427986.75, 439339.25 ], [ 427986.75, 439339.0 ], [ 427987.75, 439339.0 ], [ 427987.75, 439338.75 ], [ 427988.25, 439338.75 ], [ 427988.25, 439338.5 ], [ 427988.75, 439338.5 ], [ 427988.75, 439338.25 ], [ 427989.5, 439338.25 ], [ 427989.5, 439338.0 ], [ 427990.5, 439338.0 ], [ 427990.5, 439337.75 ], [ 427991.25, 439337.75 ], [ 427991.25, 439337.5 ], [ 427992.75, 439337.5 ], [ 427992.75, 439337.25 ], [ 427994.5, 439337.25 ], [ 427994.5, 439337.0 ], [ 427995.25, 439337.0 ], [ 427995.25, 439336.75 ], [ 427996.25, 439336.75 ], [ 427996.25, 439336.5 ], [ 427998.75, 439336.5 ], [ 427998.75, 439336.75 ], [ 427999.0, 439336.75 ], [ 427999.0, 439337.0 ], [ 427999.25, 439337.0 ], [ 427999.25, 439337.25 ], [ 427999.5, 439337.25 ], [ 427999.5, 439337.5 ], [ 427999.75, 439337.5 ], [ 427999.75, 439337.75 ], [ 428000.0, 439337.75 ], [ 428000.0, 439354.5 ], [ 427999.75, 439354.5 ], [ 427999.75, 439360.0 ], [ 427993.0, 439360.0 ], [ 427993.0, 439360.5 ], [ 427992.75, 439360.5 ], [ 427992.75, 439361.0 ], [ 427992.5, 439361.0 ], [ 427992.5, 439361.75 ], [ 427992.25, 439361.75 ], [ 427992.25, 439362.5 ], [ 427992.0, 439362.5 ], [ 427992.0, 439362.75 ], [ 427991.75, 439362.75 ], [ 427991.75, 439363.0 ], [ 427991.5, 439363.0 ], [ 427991.5, 439363.25 ], [ 427991.25, 439363.25 ], [ 427991.25, 439363.5 ], [ 427991.0, 439363.5 ], [ 427991.0, 439363.75 ], [ 427990.5, 439363.75 ], [ 427990.5, 439364.0 ], [ 427990.0, 439364.0 ], [ 427990.0, 439364.25 ], [ 427988.75, 439364.25 ], [ 427988.75, 439364.5 ], [ 427986.75, 439364.5 ], [ 427986.75, 439364.75 ], [ 427985.25, 439364.75 ], [ 427985.25, 439365.0 ], [ 427984.0, 439365.0 ], [ 427984.0, 439365.25 ], [ 427983.0, 439365.25 ], [ 427983.0, 439365.5 ], [ 427980.75, 439365.5 ], [ 427980.75, 439365.25 ], [ 427980.25, 439365.25 ], [ 427980.25, 439365.0 ], [ 427980.0, 439365.0 ], [ 427980.0, 439364.75 ], [ 427979.5, 439364.75 ], [ 427979.5, 439364.5 ], [ 427979.25, 439364.5 ], [ 427979.25, 439364.25 ], [ 427979.0, 439364.25 ], [ 427979.0, 439363.75 ], [ 427978.75, 439363.75 ], [ 427978.75, 439363.5 ], [ 427978.5, 439363.5 ], [ 427978.5, 439363.0 ], [ 427978.25, 439363.0 ], [ 427978.25, 439361.25 ], [ 427978.0, 439361.25 ], [ 427978.0, 439360.0 ], [ 427977.25, 439360.0 ], [ 427977.25, 439360.75 ], [ 427977.0, 439360.75 ], [ 427977.0, 439361.25 ], [ 427976.0, 439361.25 ], [ 427976.0, 439361.0 ], [ 427975.75, 439361.0 ], [ 427975.75, 439360.0 ], [ 427974.25, 439360.0 ], [ 427974.25, 439361.25 ], [ 427974.0, 439361.25 ], [ 427974.0, 439362.5 ], [ 427973.75, 439362.5 ], [ 427973.75, 439363.0 ], [ 427973.5, 439363.0 ], [ 427973.5, 439363.5 ], [ 427973.25, 439363.5 ], [ 427973.25, 439364.25 ], [ 427973.0, 439364.25 ], [ 427973.0, 439364.75 ], [ 427972.75, 439364.75 ], [ 427972.75, 439365.5 ], [ 427972.5, 439365.5 ], [ 427972.5, 439366.0 ], [ 427972.25, 439366.0 ], [ 427972.25, 439366.75 ], [ 427972.0, 439366.75 ], [ 427972.0, 439367.0 ], [ 427971.75, 439367.0 ], [ 427971.75, 439367.5 ], [ 427971.5, 439367.5 ], [ 427971.5, 439367.75 ], [ 427971.25, 439367.75 ], [ 427971.25, 439368.0 ], [ 427971.0, 439368.0 ], [ 427971.0, 439368.25 ], [ 427970.75, 439368.25 ], [ 427970.75, 439368.75 ], [ 427970.5, 439368.75 ], [ 427970.5, 439369.0 ], [ 427970.25, 439369.0 ], [ 427970.25, 439369.5 ], [ 427970.0, 439369.5 ], [ 427970.0, 439369.75 ], [ 427969.75, 439369.75 ], [ 427969.75, 439370.25 ], [ 427969.5, 439370.25 ], [ 427969.5, 439370.75 ], [ 427969.25, 439370.75 ], [ 427969.25, 439371.5 ], [ 427969.0, 439371.5 ], [ 427969.0, 439372.5 ], [ 427968.75, 439372.5 ], [ 427968.75, 439373.0 ], [ 427968.5, 439373.0 ], [ 427968.5, 439373.75 ], [ 427968.25, 439373.75 ], [ 427968.25, 439374.25 ], [ 427968.0, 439374.25 ], [ 427968.0, 439374.75 ], [ 427967.75, 439374.75 ], [ 427967.75, 439375.25 ], [ 427967.5, 439375.25 ], [ 427967.5, 439375.5 ], [ 427967.25, 439375.5 ], [ 427967.25, 439376.0 ], [ 427967.0, 439376.0 ], [ 427967.0, 439376.5 ], [ 427966.75, 439376.5 ], [ 427966.75, 439376.75 ], [ 427966.5, 439376.75 ], [ 427966.5, 439377.0 ], [ 427966.25, 439377.0 ], [ 427966.25, 439377.25 ], [ 427965.75, 439377.25 ], [ 427965.75, 439377.5 ], [ 427963.0, 439377.5 ] ] ] } },
{ "type": "Feature", "properties": { }, "geometry": { "type": "Polygon", "coordinates": [ [ [ 427561.0, 439336.25 ], [ 427561.0, 439336.0 ], [ 427559.75, 439336.0 ], [ 427559.75, 439335.75 ], [ 427559.25, 439335.75 ], [ 427559.25, 439335.5 ], [ 427558.75, 439335.5 ], [ 427558.75, 439335.25 ], [ 427558.5, 439335.25 ], [ 427558.5, 439334.75 ], [ 427558.25, 439334.75 ], [ 427558.25, 439333.75 ], [ 427558.0, 439333.75 ], [ 427558.0, 439333.0 ], [ 427558.25, 439333.0 ], [ 427558.25, 439329.5 ], [ 427558.5, 439329.5 ], [ 427558.5, 439329.25 ], [ 427558.75, 439329.25 ], [ 427558.75, 439329.0 ], [ 427560.0, 439329.0 ], [ 427560.0, 439328.75 ], [ 427560.75, 439328.75 ], [ 427560.75, 439329.0 ], [ 427561.5, 439329.0 ], [ 427561.5, 439329.25 ], [ 427561.75, 439329.25 ], [ 427561.75, 439329.5 ], [ 427562.0, 439329.5 ], [ 427562.0, 439330.0 ], [ 427562.25, 439330.0 ], [ 427562.25, 439330.5 ], [ 427562.75, 439330.5 ], [ 427562.75, 439330.75 ], [ 427563.0, 439330.75 ], [ 427563.0, 439331.0 ], [ 427563.25, 439331.0 ], [ 427563.25, 439333.25 ], [ 427563.5, 439333.25 ], [ 427563.5, 439333.75 ], [ 427563.25, 439333.75 ], [ 427563.25, 439334.25 ], [ 427563.0, 439334.25 ], [ 427563.0, 439334.75 ], [ 427562.75, 439334.75 ], [ 427562.75, 439335.25 ], [ 427562.5, 439335.25 ], [ 427562.5, 439335.5 ], [ 427562.25, 439335.5 ], [ 427562.25, 439335.75 ], [ 427562.0, 439335.75 ], [ 427562.0, 439336.0 ], [ 427561.75, 439336.0 ], [ 427561.75, 439336.25 ], [ 427561.0, 439336.25 ] ] ] } },
{ "type": "Feature", "properties": { }, "geometry": { "type": "Polygon", "coordinates": [ [ [ 427768.0, 439329.75 ], [ 427768.0, 439319.75 ], [ 427769.0, 439319.75 ], [ 427769.0, 439319.5 ], [ 427771.75, 439319.5 ], [ 427771.75, 439319.75 ], [ 427772.25, 439319.75 ], [ 427772.25, 439320.0 ], [ 427773.5, 439320.0 ], [ 427773.5, 439320.25 ], [ 427773.75, 439320.25 ], [ 427773.75, 439320.5 ], [ 427774.0, 439320.5 ], [ 427774.0, 439320.75 ], [ 427774.25, 439320.75 ], [ 427774.25, 439321.25 ], [ 427774.5, 439321.25 ], [ 427774.5, 439321.5 ], [ 427774.75, 439321.5 ], [ 427774.75, 439321.75 ], [ 427775.0, 439321.75 ], [ 427775.0, 439322.0 ], [ 427775.25, 439322.0 ], [ 427775.25, 439322.25 ], [ 427775.5, 439322.25 ], [ 427775.5, 439322.5 ], [ 427775.75, 439322.5 ], [ 427775.75, 439323.5 ], [ 427776.0, 439323.5 ], [ 427776.0, 439324.0 ], [ 427776.25, 439324.0 ], [ 427776.25, 439324.5 ], [ 427776.5, 439324.5 ], [ 427776.5, 439325.0 ], [ 427776.75, 439325.0 ], [ 427776.75, 439325.25 ], [ 427777.25, 439325.25 ], [ 427777.25, 439325.5 ], [ 427777.5, 439325.5 ], [ 427777.5, 439325.75 ], [ 427777.75, 439325.75 ], [ 427777.75, 439326.0 ], [ 427778.0, 439326.0 ], [ 427778.0, 439327.25 ], [ 427777.75, 439327.25 ], [ 427777.75, 439327.75 ], [ 427777.5, 439327.75 ], [ 427777.5, 439328.0 ], [ 427775.0, 439328.0 ], [ 427775.0, 439327.75 ], [ 427773.5, 439327.75 ], [ 427773.5, 439328.0 ], [ 427773.25, 439328.0 ], [ 427773.25, 439328.25 ], [ 427773.0, 439328.25 ], [ 427773.0, 439328.75 ], [ 427772.75, 439328.75 ], [ 427772.75, 439329.0 ], [ 427772.25, 439329.0 ], [ 427772.25, 439329.25 ], [ 427771.75, 439329.25 ], [ 427771.75, 439329.5 ], [ 427770.75, 439329.5 ], [ 427770.75, 439329.75 ], [ 427768.0, 439329.75 ] ] ] } },
{ "type": "Feature", "properties": { }, "geometry": { "type": "Polygon", "coordinates": [ [ [ 427518.5, 439325.75 ], [ 427518.5, 439325.5 ], [ 427518.25, 439325.5 ], [ 427518.25, 439325.0 ], [ 427518.0, 439325.0 ], [ 427518.0, 439324.0 ], [ 427517.75, 439324.0 ], [ 427517.75, 439320.0 ], [ 427518.0, 439320.0 ], [ 427518.0, 439319.25 ], [ 427518.25, 439319.25 ], [ 427518.25, 439318.75 ], [ 427518.5, 439318.75 ], [ 427518.5, 439318.5 ], [ 427518.75, 439318.5 ], [ 427518.75, 439318.25 ], [ 427519.25, 439318.25 ], [ 427519.25, 439317.75 ], [ 427519.5, 439317.75 ], [ 427519.5, 439317.5 ], [ 427519.75, 439317.5 ], [ 427519.75, 439318.5 ], [ 427520.0, 439318.5 ], [ 427520.0, 439318.75 ], [ 427520.5, 439318.75 ], [ 427520.5, 439319.0 ], [ 427520.75, 439319.0 ], [ 427520.75, 439319.25 ], [ 427521.0, 439319.25 ], [ 427521.0, 439319.5 ], [ 427521.25, 439319.5 ], [ 427521.25, 439320.0 ], [ 427521.5, 439320.0 ], [ 427521.5, 439320.75 ], [ 427521.75, 439320.75 ], [ 427521.75, 439322.5 ], [ 427521.5, 439322.5 ], [ 427521.5, 439323.0 ], [ 427521.25, 439323.0 ], [ 427521.25, 439323.25 ], [ 427521.0, 439323.25 ], [ 427521.0, 439323.75 ], [ 427520.75, 439323.75 ], [ 427520.75, 439324.0 ], [ 427520.25, 439324.0 ], [ 427520.25, 439324.25 ], [ 427519.75, 439324.25 ], [ 427519.75, 439324.75 ], [ 427519.5, 439324.75 ], [ 427519.5, 439325.0 ], [ 427519.25, 439325.0 ], [ 427519.25, 439325.25 ], [ 427519.0, 439325.25 ], [ 427519.0, 439325.5 ], [ 427518.75, 439325.5 ], [ 427518.75, 439325.75 ], [ 427518.5, 439325.75 ] ] ] } },
{ "type": "Feature", "properties": { }, "geometry": { "type": "Polygon", "coordinates": [ [ [ 427519.5, 439309.75 ], [ 427519.5, 439309.5 ], [ 427519.75, 439309.5 ], [ 427519.75, 439309.25 ], [ 427520.75, 439309.25 ], [ 427520.75, 439309.75 ], [ 427519.5, 439309.75 ] ] ] } },
{ "type": "Feature", "properties": { }, "geometry": { "type": "Polygon", "coordinates": [ [ [ 427757.5, 439323.75 ], [ 427757.5, 439323.5 ], [ 427756.75, 439323.5 ], [ 427756.75, 439323.25 ], [ 427755.5, 439323.25 ], [ 427755.5, 439323.0 ], [ 427754.5, 439323.0 ], [ 427754.5, 439322.75 ], [ 427754.25, 439322.75 ], [ 427754.25, 439322.5 ], [ 427753.75, 439322.5 ], [ 427753.75, 439322.25 ], [ 427753.5, 439322.25 ], [ 427753.5, 439322.0 ], [ 427753.25, 439322.0 ], [ 427753.25, 439321.25 ], [ 427753.0, 439321.25 ], [ 427753.0, 439319.25 ], [ 427752.75, 439319.25 ], [ 427752.75, 439318.75 ], [ 427752.5, 439318.75 ], [ 427752.5, 439318.5 ], [ 427752.25, 439318.5 ], [ 427752.25, 439316.75 ], [ 427752.5, 439316.75 ], [ 427752.5, 439316.25 ], [ 427752.75, 439316.25 ], [ 427752.75, 439316.0 ], [ 427753.0, 439316.0 ], [ 427753.0, 439315.75 ], [ 427753.25, 439315.75 ], [ 427753.25, 439315.5 ], [ 427753.5, 439315.5 ], [ 427753.5, 439315.0 ], [ 427753.75, 439315.0 ], [ 427753.75, 439312.25 ], [ 427753.5, 439312.25 ], [ 427753.5, 439311.75 ], [ 427753.25, 439311.75 ], [ 427753.25, 439310.25 ], [ 427753.5, 439310.25 ], [ 427753.5, 439309.75 ], [ 427753.75, 439309.75 ], [ 427753.75, 439309.5 ], [ 427754.0, 439309.5 ], [ 427754.0, 439309.25 ], [ 427754.25, 439309.25 ], [ 427754.25, 439309.0 ], [ 427754.75, 439309.0 ], [ 427754.75, 439308.75 ], [ 427755.25, 439308.75 ], [ 427755.25, 439308.5 ], [ 427757.75, 439308.5 ], [ 427757.75, 439308.75 ], [ 427758.0, 439308.75 ], [ 427758.0, 439309.0 ], [ 427758.25, 439309.0 ], [ 427758.25, 439309.25 ], [ 427758.5, 439309.25 ], [ 427758.5, 439309.75 ], [ 427758.75, 439309.75 ], [ 427758.75, 439310.75 ], [ 427759.0, 439310.75 ], [ 427759.0, 439312.75 ], [ 427759.25, 439312.75 ], [ 427759.25, 439315.5 ], [ 427759.5, 439315.5 ], [ 427759.5, 439320.0 ], [ 427759.75, 439320.0 ], [ 427759.75, 439322.5 ], [ 427759.5, 439322.5 ], [ 427759.5, 439323.0 ], [ 427759.0, 439323.0 ], [ 427759.0, 439323.25 ], [ 427758.75, 439323.25 ], [ 427758.75, 439323.5 ], [ 427757.75, 439323.5 ], [ 427757.75, 439323.75 ], [ 427757.5, 439323.75 ] ] ] } },
{ "type": "Feature", "properties": { }, "geometry": { "type": "Polygon", "coordinates": [ [ [ 427516.0, 439311.75 ], [ 427516.0, 439311.5 ], [ 427515.0, 439311.5 ], [ 427515.0, 439311.25 ], [ 427514.0, 439311.25 ], [ 427514.0, 439311.5 ], [ 427513.25, 439311.5 ], [ 427513.25, 439311.25 ], [ 427512.0, 439311.25 ], [ 427512.0, 439294.75 ], [ 427514.0, 439294.75 ], [ 427514.0, 439294.5 ], [ 427514.75, 439294.5 ], [ 427514.75, 439294.75 ], [ 427515.5, 439294.75 ], [ 427515.5, 439295.0 ], [ 427516.0, 439295.0 ], [ 427516.0, 439295.25 ], [ 427516.5, 439295.25 ], [ 427516.5, 439295.5 ], [ 427517.0, 439295.5 ], [ 427517.0, 439295.75 ], [ 427517.25, 439295.75 ], [ 427517.25, 439296.0 ], [ 427517.5, 439296.0 ], [ 427517.5, 439296.25 ], [ 427517.75, 439296.25 ], [ 427517.75, 439296.75 ], [ 427518.0, 439296.75 ], [ 427518.0, 439297.25 ], [ 427518.25, 439297.25 ], [ 427518.25, 439297.75 ], [ 427518.5, 439297.75 ], [ 427518.5, 439298.5 ], [ 427518.75, 439298.5 ], [ 427518.75, 439299.25 ], [ 427519.0, 439299.25 ], [ 427519.0, 439300.5 ], [ 427519.25, 439300.5 ], [ 427519.25, 439302.0 ], [ 427519.5, 439302.0 ], [ 427519.5, 439302.75 ], [ 427519.75, 439302.75 ], [ 427519.75, 439304.0 ], [ 427519.5, 439304.0 ], [ 427519.5, 439305.0 ], [ 427519.75, 439305.0 ], [ 427519.75, 439306.0 ], [ 427519.5, 439306.0 ], [ 427519.5, 439306.5 ], [ 427519.0, 439306.5 ], [ 427519.0, 439306.75 ], [ 427518.75, 439306.75 ], [ 427518.75, 439307.25 ], [ 427518.5, 439307.25 ], [ 427518.5, 439308.0 ], [ 427518.25, 439308.0 ], [ 427518.25, 439308.25 ], [ 427517.5, 439308.25 ], [ 427517.5, 439309.25 ], [ 427517.75, 439309.25 ], [ 427517.75, 439309.75 ], [ 427517.5, 439309.75 ], [ 427517.5, 439310.0 ], [ 427517.25, 439310.0 ], [ 427517.25, 439310.25 ], [ 427517.0, 439310.25 ], [ 427517.0, 439310.5 ], [ 427516.75, 439310.5 ], [ 427516.75, 439311.5 ], [ 427516.5, 439311.5 ], [ 427516.5, 439311.75 ], [ 427516.0, 439311.75 ] ] ] } },
{ "type": "Feature", "properties": { }, "geometry": { "type": "Polygon", "coordinates": [ [ [ 427742.5, 439278.25 ], [ 427742.5, 439278.0 ], [ 427742.25, 439278.0 ], [ 427742.25, 439277.25 ], [ 427742.5, 439277.25 ], [ 427742.5, 439276.75 ], [ 427742.75, 439276.75 ], [ 427742.75, 439276.0 ], [ 427743.0, 439276.0 ], [ 427743.0, 439274.25 ], [ 427743.25, 439274.25 ], [ 427743.25, 439274.0 ], [ 427743.5, 439274.0 ], [ 427743.5, 439273.75 ], [ 427744.0, 439273.75 ], [ 427744.0, 439273.5 ], [ 427744.75, 439273.5 ], [ 427744.75, 439273.25 ], [ 427745.25, 439273.25 ], [ 427745.25, 439273.0 ], [ 427746.25, 439273.0 ], [ 427746.25, 439272.75 ], [ 427747.0, 439272.75 ], [ 427747.0, 439272.5 ], [ 427747.5, 439272.5 ], [ 427747.5, 439272.25 ], [ 427748.75, 439272.25 ], [ 427748.75, 439272.0 ], [ 427749.25, 439272.0 ], [ 427749.25, 439271.75 ], [ 427750.0, 439271.75 ], [ 427750.0, 439271.5 ], [ 427750.5, 439271.5 ], [ 427750.5, 439271.75 ], [ 427750.75, 439271.75 ], [ 427750.75, 439274.0 ], [ 427750.5, 439274.0 ], [ 427750.5, 439274.75 ], [ 427750.25, 439274.75 ], [ 427750.25, 439275.0 ], [ 427749.5, 439275.0 ], [ 427749.5, 439275.25 ], [ 427748.75, 439275.25 ], [ 427748.75, 439275.5 ], [ 427748.5, 439275.5 ], [ 427748.5, 439275.75 ], [ 427748.25, 439275.75 ], [ 427748.25, 439276.0 ], [ 427748.0, 439276.0 ], [ 427748.0, 439276.5 ], [ 427747.75, 439276.5 ], [ 427747.75, 439276.75 ], [ 427747.25, 439276.75 ], [ 427747.25, 439276.5 ], [ 427747.0, 439276.5 ], [ 427747.0, 439276.25 ], [ 427746.75, 439276.25 ], [ 427746.75, 439276.0 ], [ 427746.25, 439276.0 ], [ 427746.25, 439276.5 ], [ 427746.0, 439276.5 ], [ 427746.0, 439276.75 ], [ 427745.75, 439276.75 ], [ 427745.75, 439277.0 ], [ 427744.5, 439277.0 ], [ 427744.5, 439277.25 ], [ 427744.0, 439277.25 ], [ 427744.0, 439277.5 ], [ 427743.25, 439277.5 ], [ 427743.25, 439277.75 ], [ 427742.75, 439277.75 ], [ 427742.75, 439278.25 ], [ 427742.5, 439278.25 ] ] ] } },
{ "type": "Feature", "properties": { }, "geometry": { "type": "Polygon", "coordinates": [ [ [ 427766.0, 439232.0 ], [ 427766.0, 439231.5 ], [ 427766.25, 439231.5 ], [ 427766.25, 439231.0 ], [ 427766.75, 439231.0 ], [ 427766.75, 439231.25 ], [ 427767.25, 439231.25 ], [ 427767.25, 439231.5 ], [ 427768.0, 439231.5 ], [ 427768.0, 439232.0 ], [ 427766.0, 439232.0 ] ] ] } },
{ "type": "Feature", "properties": { }, "geometry": { "type": "Polygon", "coordinates": [ [ [ 427744.75, 439232.0 ], [ 427744.75, 439230.25 ], [ 427745.0, 439230.25 ], [ 427745.0, 439230.0 ], [ 427745.5, 439230.0 ], [ 427745.5, 439229.75 ], [ 427745.75, 439229.75 ], [ 427745.75, 439229.0 ], [ 427746.0, 439229.0 ], [ 427746.0, 439228.75 ], [ 427746.25, 439228.75 ], [ 427746.25, 439228.5 ], [ 427746.5, 439228.5 ], [ 427746.5, 439228.25 ], [ 427747.0, 439228.25 ], [ 427747.0, 439228.0 ], [ 427747.5, 439228.0 ], [ 427747.5, 439227.75 ], [ 427748.0, 439227.75 ], [ 427748.0, 439227.5 ], [ 427748.5, 439227.5 ], [ 427748.5, 439227.25 ], [ 427749.0, 439227.25 ], [ 427749.0, 439227.0 ], [ 427749.5, 439227.0 ], [ 427749.5, 439226.75 ], [ 427750.25, 439226.75 ], [ 427750.25, 439226.5 ], [ 427750.75, 439226.5 ], [ 427750.75, 439226.75 ], [ 427751.25, 439226.75 ], [ 427751.25, 439227.0 ], [ 427751.75, 439227.0 ], [ 427751.75, 439227.25 ], [ 427752.0, 439227.25 ], [ 427752.0, 439227.5 ], [ 427752.25, 439227.5 ], [ 427752.25, 439228.0 ], [ 427752.0, 439228.0 ], [ 427752.0, 439228.25 ], [ 427751.75, 439228.25 ], [ 427751.75, 439228.5 ], [ 427752.5, 439228.5 ], [ 427752.5, 439228.75 ], [ 427752.75, 439228.75 ], [ 427752.75, 439229.0 ], [ 427753.0, 439229.0 ], [ 427753.0, 439229.25 ], [ 427753.25, 439229.25 ], [ 427753.25, 439229.75 ], [ 427754.25, 439229.75 ], [ 427754.25, 439229.5 ], [ 427754.5, 439229.5 ], [ 427754.5, 439229.25 ], [ 427754.75, 439229.25 ], [ 427754.75, 439229.0 ], [ 427755.0, 439229.0 ], [ 427755.0, 439228.75 ], [ 427755.5, 439228.75 ], [ 427755.5, 439228.5 ], [ 427756.0, 439228.5 ], [ 427756.0, 439228.25 ], [ 427757.75, 439228.25 ], [ 427757.75, 439228.0 ], [ 427758.5, 439228.0 ], [ 427758.5, 439228.25 ], [ 427759.0, 439228.25 ], [ 427759.0, 439228.5 ], [ 427759.25, 439228.5 ], [ 427759.25, 439228.75 ], [ 427759.5, 439228.75 ], [ 427759.5, 439229.0 ], [ 427761.25, 439229.0 ], [ 427761.25, 439229.25 ], [ 427763.0, 439229.25 ], [ 427763.0, 439229.5 ], [ 427763.5, 439229.5 ], [ 427763.5, 439229.75 ], [ 427763.75, 439229.75 ], [ 427763.75, 439230.25 ], [ 427764.0, 439230.25 ], [ 427764.0, 439230.75 ], [ 427763.75, 439230.75 ], [ 427763.75, 439232.0 ], [ 427744.75, 439232.0 ] ] ] } },
{ "type": "Feature", "properties": { }, "geometry": { "type": "Polygon", "coordinates": [ [ [ 427004.25, 439232.0 ], [ 427004.25, 439229.25 ], [ 427004.5, 439229.25 ], [ 427004.5, 439227.5 ], [ 427004.75, 439227.5 ], [ 427004.75, 439226.5 ], [ 427005.0, 439226.5 ], [ 427005.0, 439225.75 ], [ 427005.25, 439225.75 ], [ 427005.25, 439225.25 ], [ 427005.0, 439225.25 ], [ 427005.0, 439224.75 ], [ 427004.75, 439224.75 ], [ 427004.75, 439224.25 ], [ 427004.5, 439224.25 ], [ 427004.5, 439223.5 ], [ 427004.25, 439223.5 ], [ 427004.25, 439220.0 ], [ 427004.5, 439220.0 ], [ 427004.5, 439215.75 ], [ 427004.75, 439215.75 ], [ 427004.75, 439215.0 ], [ 427004.5, 439215.0 ], [ 427004.5, 439214.0 ], [ 427004.75, 439214.0 ], [ 427004.75, 439210.75 ], [ 427005.0, 439210.75 ], [ 427005.0, 439209.5 ], [ 427005.25, 439209.5 ], [ 427005.25, 439208.75 ], [ 427005.5, 439208.75 ], [ 427005.5, 439208.5 ], [ 427005.75, 439208.5 ], [ 427005.75, 439208.25 ], [ 427006.25, 439208.25 ], [ 427006.25, 439208.0 ], [ 427010.25, 439208.0 ], [ 427010.25, 439207.75 ], [ 427014.75, 439207.75 ], [ 427014.75, 439207.5 ], [ 427017.25, 439207.5 ], [ 427017.25, 439207.25 ], [ 427018.0, 439207.25 ], [ 427018.0, 439207.5 ], [ 427023.0, 439207.5 ], [ 427023.0, 439207.25 ], [ 427023.25, 439207.25 ], [ 427023.25, 439207.0 ], [ 427023.75, 439207.0 ], [ 427023.75, 439206.75 ], [ 427024.0, 439206.75 ], [ 427024.0, 439206.5 ], [ 427024.25, 439206.5 ], [ 427024.25, 439206.0 ], [ 427024.5, 439206.0 ], [ 427024.5, 439204.5 ], [ 427024.25, 439204.5 ], [ 427024.25, 439203.5 ], [ 427024.0, 439203.5 ], [ 427024.0, 439203.0 ], [ 427023.75, 439203.0 ], [ 427023.75, 439202.75 ], [ 427023.5, 439202.75 ], [ 427023.5, 439202.25 ], [ 427023.25, 439202.25 ], [ 427023.25, 439201.5 ], [ 427023.0, 439201.5 ], [ 427023.0, 439200.5 ], [ 427022.75, 439200.5 ], [ 427022.75, 439199.75 ], [ 427022.5, 439199.75 ], [ 427022.5, 439199.5 ], [ 427022.25, 439199.5 ], [ 427022.25, 439198.75 ], [ 427022.0, 439198.75 ], [ 427022.0, 439198.5 ], [ 427021.75, 439198.5 ], [ 427021.75, 439198.0 ], [ 427021.5, 439198.0 ], [ 427021.5, 439197.75 ], [ 427021.25, 439197.75 ], [ 427021.25, 439197.5 ], [ 427017.5, 439197.5 ], [ 427017.5, 439197.25 ], [ 427017.25, 439197.25 ], [ 427017.25, 439196.75 ], [ 427017.0, 439196.75 ], [ 427017.0, 439196.5 ], [ 427016.75, 439196.5 ], [ 427016.75, 439196.0 ], [ 427016.5, 439196.0 ], [ 427016.5, 439195.25 ], [ 427016.25, 439195.25 ], [ 427016.25, 439194.5 ], [ 427016.0, 439194.5 ], [ 427016.0, 439193.25 ], [ 427015.75, 439193.25 ], [ 427015.75, 439192.25 ], [ 427015.5, 439192.25 ], [ 427015.5, 439190.75 ], [ 427015.25, 439190.75 ], [ 427015.25, 439189.75 ], [ 427015.5, 439189.75 ], [ 427015.5, 439188.75 ], [ 427015.75, 439188.75 ], [ 427015.75, 439188.25 ], [ 427016.0, 439188.25 ], [ 427016.0, 439188.0 ], [ 427016.25, 439188.0 ], [ 427016.25, 439187.75 ], [ 427016.5, 439187.75 ], [ 427016.5, 439187.5 ], [ 427017.0, 439187.5 ], [ 427017.0, 439187.25 ], [ 427017.5, 439187.25 ], [ 427017.5, 439187.0 ], [ 427018.0, 439187.0 ], [ 427018.0, 439186.75 ], [ 427022.25, 439186.75 ], [ 427022.25, 439187.0 ], [ 427023.25, 439187.0 ], [ 427023.25, 439187.25 ], [ 427024.25, 439187.25 ], [ 427024.25, 439187.5 ], [ 427024.75, 439187.5 ], [ 427024.75, 439187.75 ], [ 427025.5, 439187.75 ], [ 427025.5, 439188.0 ], [ 427026.25, 439188.0 ], [ 427026.25, 439188.25 ], [ 427027.5, 439188.25 ], [ 427027.5, 439188.5 ], [ 427028.0, 439188.5 ], [ 427028.0, 439188.75 ], [ 427028.5, 439188.75 ], [ 427028.5, 439189.0 ], [ 427029.0, 439189.0 ], [ 427029.0, 439189.25 ], [ 427029.5, 439189.25 ], [ 427029.5, 439189.5 ], [ 427029.75, 439189.5 ], [ 427029.75, 439189.75 ], [ 427030.0, 439189.75 ], [ 427030.0, 439190.0 ], [ 427030.25, 439190.0 ], [ 427030.25, 439190.25 ], [ 427030.5, 439190.25 ], [ 427030.5, 439190.5 ], [ 427030.75, 439190.5 ], [ 427030.75, 439191.0 ], [ 427031.0, 439191.0 ], [ 427031.0, 439191.5 ], [ 427031.25, 439191.5 ], [ 427031.25, 439191.75 ], [ 427031.5, 439191.75 ], [ 427031.5, 439192.25 ], [ 427031.75, 439192.25 ], [ 427031.75, 439192.5 ], [ 427032.0, 439192.5 ], [ 427032.0, 439192.75 ], [ 427032.25, 439192.75 ], [ 427032.25, 439193.0 ], [ 427032.5, 439193.0 ], [ 427032.5, 439193.25 ], [ 427032.75, 439193.25 ], [ 427032.75, 439193.5 ], [ 427033.0, 439193.5 ], [ 427033.0, 439193.75 ], [ 427033.25, 439193.75 ], [ 427033.25, 439194.0 ], [ 427033.5, 439194.0 ], [ 427033.5, 439194.5 ], [ 427033.75, 439194.5 ], [ 427033.75, 439194.75 ], [ 427034.0, 439194.75 ], [ 427034.0, 439195.25 ], [ 427034.25, 439195.25 ], [ 427034.25, 439199.25 ], [ 427034.5, 439199.25 ], [ 427034.5, 439200.0 ], [ 427034.75, 439200.0 ], [ 427034.75, 439200.75 ], [ 427035.0, 439200.75 ], [ 427035.0, 439201.5 ], [ 427035.25, 439201.5 ], [ 427035.25, 439202.75 ], [ 427035.0, 439202.75 ], [ 427035.0, 439203.0 ], [ 427034.75, 439203.0 ], [ 427034.75, 439203.5 ], [ 427034.5, 439203.5 ], [ 427034.5, 439204.0 ], [ 427034.25, 439204.0 ], [ 427034.25, 439204.25 ], [ 427034.0, 439204.25 ], [ 427034.0, 439204.75 ], [ 427033.75, 439204.75 ], [ 427033.75, 439205.0 ], [ 427033.5, 439205.0 ], [ 427033.5, 439205.5 ], [ 427033.25, 439205.5 ], [ 427033.25, 439205.75 ], [ 427033.0, 439205.75 ], [ 427033.0, 439206.0 ], [ 427032.75, 439206.0 ], [ 427032.75, 439206.25 ], [ 427032.5, 439206.25 ], [ 427032.5, 439206.5 ], [ 427032.25, 439206.5 ], [ 427032.25, 439206.75 ], [ 427031.75, 439206.75 ], [ 427031.75, 439207.0 ], [ 427031.5, 439207.0 ], [ 427031.5, 439207.25 ], [ 427031.0, 439207.25 ], [ 427031.0, 439207.5 ], [ 427030.5, 439207.5 ], [ 427030.5, 439207.75 ], [ 427030.25, 439207.75 ], [ 427030.25, 439208.0 ], [ 427030.0, 439208.0 ], [ 427030.0, 439208.25 ], [ 427029.75, 439208.25 ], [ 427029.75, 439208.5 ], [ 427029.5, 439208.5 ], [ 427029.5, 439209.0 ], [ 427029.25, 439209.0 ], [ 427029.25, 439209.5 ], [ 427029.0, 439209.5 ], [ 427029.0, 439211.25 ], [ 427029.25, 439211.25 ], [ 427029.25, 439215.5 ], [ 427029.5, 439215.5 ], [ 427029.5, 439216.75 ], [ 427029.75, 439216.75 ], [ 427029.75, 439222.5 ], [ 427029.5, 439222.5 ], [ 427029.5, 439223.25 ], [ 427029.25, 439223.25 ], [ 427029.25, 439224.0 ], [ 427029.0, 439224.0 ], [ 427029.0, 439224.75 ], [ 427028.75, 439224.75 ], [ 427028.75, 439225.5 ], [ 427028.5, 439225.5 ], [ 427028.5, 439226.0 ], [ 427028.25, 439226.0 ], [ 427028.25, 439226.25 ], [ 427028.0, 439226.25 ], [ 427028.0, 439226.75 ], [ 427027.75, 439226.75 ], [ 427027.75, 439227.0 ], [ 427027.5, 439227.0 ], [ 427027.5, 439227.25 ], [ 427027.25, 439227.25 ], [ 427027.25, 439227.5 ], [ 427026.75, 439227.5 ], [ 427026.75, 439227.75 ], [ 427026.5, 439227.75 ], [ 427026.5, 439228.0 ], [ 427026.0, 439228.0 ], [ 427026.0, 439228.25 ], [ 427025.25, 439228.25 ], [ 427025.25, 439228.5 ], [ 427024.25, 439228.5 ], [ 427024.25, 439228.75 ], [ 427023.75, 439228.75 ], [ 427023.75, 439229.0 ], [ 427023.0, 439229.0 ], [ 427023.0, 439229.25 ], [ 427022.25, 439229.25 ], [ 427022.25, 439229.5 ], [ 427021.75, 439229.5 ], [ 427021.75, 439229.75 ], [ 427021.0, 439229.75 ], [ 427021.0, 439230.0 ], [ 427019.5, 439230.0 ], [ 427019.5, 439230.25 ], [ 427018.75, 439230.25 ], [ 427018.75, 439230.5 ], [ 427018.5, 439230.5 ], [ 427018.5, 439231.0 ], [ 427018.25, 439231.0 ], [ 427018.25, 439232.0 ], [ 427004.25, 439232.0 ] ] ] } },
{ "type": "Feature", "properties": { }, "geometry": { "type": "Polygon", "coordinates": [ [ [ 427256.75, 439186.0 ], [ 427256.75, 439185.75 ], [ 427256.0, 439185.75 ], [ 427256.0, 439185.25 ], [ 427256.5, 439185.25 ], [ 427256.5, 439184.75 ], [ 427256.75, 439184.75 ], [ 427256.75, 439184.25 ], [ 427257.25, 439184.25 ], [ 427257.25, 439184.0 ], [ 427257.5, 439184.0 ], [ 427257.5, 439184.25 ], [ 427257.75, 439184.25 ], [ 427257.75, 439186.0 ], [ 427256.75, 439186.0 ] ] ] } },
{ "type": "Feature", "properties": { }, "geometry": { "type": "Polygon", "coordinates": [ [ [ 427256.0, 439183.25 ], [ 427256.0, 439180.75 ], [ 427257.0, 439180.75 ], [ 427257.0, 439180.5 ], [ 427257.5, 439180.5 ], [ 427257.5, 439182.75 ], [ 427257.25, 439182.75 ], [ 427257.25, 439183.0 ], [ 427256.75, 439183.0 ], [ 427256.75, 439183.25 ], [ 427256.0, 439183.25 ] ] ] } },
{ "type": "Feature", "properties": { }, "geometry": { "type": "Polygon", "coordinates": [ [ [ 427385.5, 439139.25 ], [ 427385.5, 439139.0 ], [ 427384.0, 439139.0 ], [ 427384.0, 439136.25 ], [ 427384.75, 439136.25 ], [ 427384.75, 439136.0 ], [ 427385.0, 439136.0 ], [ 427385.0, 439135.75 ], [ 427385.5, 439135.75 ], [ 427385.5, 439135.5 ], [ 427386.75, 439135.5 ], [ 427386.75, 439135.75 ], [ 427387.25, 439135.75 ], [ 427387.25, 439136.0 ], [ 427388.0, 439136.0 ], [ 427388.0, 439136.25 ], [ 427388.5, 439136.25 ], [ 427388.5, 439136.5 ], [ 427388.75, 439136.5 ], [ 427388.75, 439137.0 ], [ 427389.0, 439137.0 ], [ 427389.0, 439138.5 ], [ 427388.75, 439138.5 ], [ 427388.75, 439138.75 ], [ 427388.5, 439138.75 ], [ 427388.5, 439139.0 ], [ 427388.25, 439139.0 ], [ 427388.25, 439139.25 ], [ 427385.5, 439139.25 ] ] ] } },
{ "type": "Feature", "properties": { }, "geometry": { "type": "Polygon", "coordinates": [ [ [ 427765.0, 439072.25 ], [ 427765.0, 439072.0 ], [ 427763.25, 439072.0 ], [ 427763.25, 439071.75 ], [ 427762.75, 439071.75 ], [ 427762.75, 439071.5 ], [ 427762.25, 439071.5 ], [ 427762.25, 439071.75 ], [ 427761.75, 439071.75 ], [ 427761.75, 439072.0 ], [ 427760.5, 439072.0 ], [ 427760.5, 439071.75 ], [ 427759.75, 439071.75 ], [ 427759.75, 439071.5 ], [ 427759.0, 439071.5 ], [ 427759.0, 439071.25 ], [ 427756.0, 439071.25 ], [ 427756.0, 439071.0 ], [ 427754.75, 439071.0 ], [ 427754.75, 439070.75 ], [ 427753.75, 439070.75 ], [ 427753.75, 439070.5 ], [ 427753.25, 439070.5 ], [ 427753.25, 439070.25 ], [ 427753.0, 439070.25 ], [ 427753.0, 439069.75 ], [ 427752.75, 439069.75 ], [ 427752.75, 439069.5 ], [ 427752.5, 439069.5 ], [ 427752.5, 439069.25 ], [ 427752.25, 439069.25 ], [ 427752.25, 439069.0 ], [ 427752.0, 439069.0 ], [ 427752.0, 439068.75 ], [ 427751.5, 439068.75 ], [ 427751.5, 439068.5 ], [ 427751.25, 439068.5 ], [ 427751.25, 439068.0 ], [ 427751.0, 439068.0 ], [ 427751.0, 439067.25 ], [ 427750.75, 439067.25 ], [ 427750.75, 439066.75 ], [ 427750.5, 439066.75 ], [ 427750.5, 439066.0 ], [ 427750.25, 439066.0 ], [ 427750.25, 439065.0 ], [ 427750.0, 439065.0 ], [ 427750.0, 439063.25 ], [ 427749.75, 439063.25 ], [ 427749.75, 439061.5 ], [ 427749.5, 439061.5 ], [ 427749.5, 439059.25 ], [ 427749.75, 439059.25 ], [ 427749.75, 439058.0 ], [ 427750.0, 439058.0 ], [ 427750.0, 439057.25 ], [ 427750.25, 439057.25 ], [ 427750.25, 439056.75 ], [ 427750.5, 439056.75 ], [ 427750.5, 439056.5 ], [ 427750.75, 439056.5 ], [ 427750.75, 439056.25 ], [ 427751.0, 439056.25 ], [ 427751.0, 439056.0 ], [ 427751.25, 439056.0 ], [ 427751.25, 439055.75 ], [ 427751.5, 439055.75 ], [ 427751.5, 439055.5 ], [ 427751.75, 439055.5 ], [ 427751.75, 439055.25 ], [ 427752.25, 439055.25 ], [ 427752.25, 439055.0 ], [ 427752.5, 439055.0 ], [ 427752.5, 439054.75 ], [ 427753.0, 439054.75 ], [ 427753.0, 439054.5 ], [ 427754.0, 439054.5 ], [ 427754.0, 439054.25 ], [ 427755.25, 439054.25 ], [ 427755.25, 439054.0 ], [ 427757.0, 439054.0 ], [ 427757.0, 439053.75 ], [ 427758.0, 439053.75 ], [ 427758.0, 439053.5 ], [ 427759.25, 439053.5 ], [ 427759.25, 439053.25 ], [ 427763.25, 439053.25 ], [ 427763.25, 439053.0 ], [ 427768.0, 439053.0 ], [ 427768.0, 439056.5 ], [ 427769.5, 439056.5 ], [ 427769.5, 439056.75 ], [ 427771.0, 439056.75 ], [ 427771.0, 439057.0 ], [ 427772.25, 439057.0 ], [ 427772.25, 439057.25 ], [ 427772.75, 439057.25 ], [ 427772.75, 439058.0 ], [ 427772.5, 439058.0 ], [ 427772.5, 439058.25 ], [ 427772.25, 439058.25 ], [ 427772.25, 439059.0 ], [ 427772.5, 439059.0 ], [ 427772.5, 439059.25 ], [ 427772.75, 439059.25 ], [ 427772.75, 439059.5 ], [ 427772.5, 439059.5 ], [ 427772.5, 439059.75 ], [ 427772.0, 439059.75 ], [ 427772.0, 439059.5 ], [ 427771.5, 439059.5 ], [ 427771.5, 439059.75 ], [ 427771.25, 439059.75 ], [ 427771.25, 439060.0 ], [ 427770.75, 439060.0 ], [ 427770.75, 439060.25 ], [ 427770.25, 439060.25 ], [ 427770.25, 439060.5 ], [ 427768.0, 439060.5 ], [ 427768.0, 439071.75 ], [ 427766.25, 439071.75 ], [ 427766.25, 439072.0 ], [ 427765.75, 439072.0 ], [ 427765.75, 439072.25 ], [ 427765.0, 439072.25 ] ] ] } },
{ "type": "Feature", "properties": { }, "geometry": { "type": "Polygon", "coordinates": [ [ [ 427378.75, 439063.25 ], [ 427378.75, 439063.0 ], [ 427378.25, 439063.0 ], [ 427378.25, 439062.5 ], [ 427378.0, 439062.5 ], [ 427378.0, 439062.0 ], [ 427377.75, 439062.0 ], [ 427377.75, 439061.5 ], [ 427377.5, 439061.5 ], [ 427377.5, 439056.75 ], [ 427377.75, 439056.75 ], [ 427377.75, 439056.25 ], [ 427378.0, 439056.25 ], [ 427378.0, 439055.25 ], [ 427378.25, 439055.25 ], [ 427378.25, 439054.5 ], [ 427378.5, 439054.5 ], [ 427378.5, 439054.25 ], [ 427378.75, 439054.25 ], [ 427378.75, 439054.0 ], [ 427379.0, 439054.0 ], [ 427379.0, 439053.5 ], [ 427379.25, 439053.5 ], [ 427379.25, 439053.25 ], [ 427379.75, 439053.25 ], [ 427379.75, 439053.0 ], [ 427380.25, 439053.0 ], [ 427380.25, 439052.75 ], [ 427381.25, 439052.75 ], [ 427381.25, 439052.5 ], [ 427382.5, 439052.5 ], [ 427382.5, 439052.25 ], [ 427384.0, 439052.25 ], [ 427384.0, 439063.25 ], [ 427378.75, 439063.25 ] ] ] } }
]
}
