{
"type": "FeatureCollection",
"name": "se2639_rgb_250_03_osm_road_buffers",
"crs": { "type": "name", "properties": { "name": "urn:ogc:def:crs:EPSG::27700" } },
"features": [
{ "type": "Feature", "properties": { "highway": "residential", "name": "Iveson Drive", "source": "OS7", "osm_type": "way", "osm_id": 4007574, "cycleway:left": null, "lanes": null, "maxspeed": null, "oneway": null, "ref": null, "surface": null, "lit": null, "source:name": null, "junction": null, "cycleway:both": null, "lane_markings": null, "sidewalk": null, "sidewalk:both:surface": null, "bicycle": null, "maxspeed:type": null, "shoulder": null, "turn:lanes": null }, "geometry": { "type": "Polygon", "coordinates": [ [ [ 426122.968749576073606, 439153.189310916059185 ], [ 426120.231600029102992, 439162.807419480464887 ], [ 426141.047932251822203, 439168.731392362562474 ], [ 426143.785081798792817, 439159.113283798156772 ], [ 426122.968749576073606, 439153.189310916059185 ] ] ] } },
{ "type": "Feature", "properties": { "highway": "unclassified", "name": "New Adel Lane", "source": null, "osm_type": "way", "osm_id": 4007575, "cycleway:left": null, "lanes": null, "maxspeed": null, "oneway": null, "ref": null, "surface": null, "lit": null, "source:name": null, "junction": null, "cycleway:both": null, "lane_markings": null, "sidewalk": null, "sidewalk:both:surface": null, "bicycle": null, "maxspeed:type": null, "shoulder": null, "turn:lanes": null }, "geometry": { "type": "Polygon", "coordinates": [ [ [ 426332.374392157536931, 438930.399346815131139 ], [ 426332.426494957413524, 438930.605646262527443 ], [ 426333.839430420135614, 438935.737593474972527 ], [ 426333.895648550067563, 438941.948777412297204 ], [ 426331.028546867601108, 438966.555730624531861 ], [ 426331.008498748531565, 438966.766540811222512 ], [ 426329.406137976795435, 438988.487324764661025 ], [ 426329.393040615599602, 438988.922461256734096 ], [ 426329.652998378325719, 439008.239284824696369 ], [ 426329.658459396276157, 439008.415112556365784 ], [ 426330.342701575253159, 439022.471180662803818 ], [ 426331.272873618174344, 439041.637742918799631 ], [ 426331.863611373875756, 439058.054539008357096 ], [ 426332.15235657512676, 439066.068825842463411 ], [ 426332.936568540346343, 439107.82077955029672 ], [ 426332.938977156591136, 439107.908246335515287 ], [ 426334.184572508733254, 439142.225408954953309 ], [ 426334.611494462529663, 439176.126257106545381 ], [ 426334.615704030846246, 439176.277862249640748 ], [ 426335.668791872623842, 439200.795160010340624 ], [ 426335.700666424760129, 439201.183482185937464 ], [ 426335.762681472115219, 439201.568143378477544 ], [ 426337.535653452854604, 439210.367932633729652 ], [ 426337.730233751470223, 439211.067055747902486 ], [ 426339.971456989063881, 439217.321539174357895 ], [ 426340.113809523289092, 439217.675622599606868 ], [ 426340.282753300794866, 439218.017817450629082 ], [ 426343.271571433579084, 439223.531036605185363 ], [ 426343.471671118284576, 439223.867928052670322 ], [ 426343.697537342028227, 439224.188115779077634 ], [ 426347.779502256482374, 439229.518332482897677 ], [ 426348.108713424764574, 439229.905709110666066 ], [ 426348.475558210280724, 439230.257654487679247 ], [ 426377.191405069897883, 439255.130796192737762 ], [ 426377.232423179142643, 439255.165939346887171 ], [ 426393.621550425072201, 439269.05487775686197 ], [ 426393.757033316011075, 439269.165677276498172 ], [ 426413.725056885159574, 439284.920687755104154 ], [ 426429.045806237903889, 439298.341326699708588 ], [ 426429.398487802827731, 439298.623171773622744 ], [ 426429.775154397066217, 439298.872055699815974 ], [ 426451.799650604836643, 439312.036380792036653 ], [ 426452.213642388232984, 439312.25813305581687 ], [ 426452.646613780059852, 439312.440064463415183 ], [ 426453.094744877016637, 439312.580569919431582 ], [ 426479.719757755519822, 439319.573594674351625 ], [ 426480.263657610397786, 439319.684589428594336 ], [ 426514.873728107777424, 439324.76568257517647 ], [ 426533.49200084124459, 439328.66811916383449 ], [ 426533.859436993778218, 439328.730937201238703 ], [ 426584.980321257316973, 439335.520479907863773 ], [ 426606.692423659667838, 439339.037313205131795 ], [ 426622.056014230940491, 439341.517128024192061 ], [ 426622.64545340888435, 439341.57671532506356 ], [ 426642.528837703808676, 439342.401756127539556 ], [ 426668.338563166209497, 439343.471995503816288 ], [ 426669.039632945554331, 439343.451833618048113 ], [ 426721.299229820317123, 439338.264098265033681 ], [ 426721.455346903530881, 439338.246119028015528 ], [ 426793.433169430179987, 439328.808440815308131 ], [ 426891.928171108185779, 439318.687481810338795 ], [ 426898.54800777498167, 439318.001802699640393 ], [ 426897.517722741817124, 439308.05501865898259 ], [ 426890.903965958859771, 439308.740069686435163 ], [ 426792.341405880753882, 439318.867970726918429 ], [ 426792.20246274699457, 439318.884215188736562 ], [ 426720.233199538954068, 439328.320771109953057 ], [ 426668.401628603751305, 439333.466016940830741 ], [ 426642.943351672554854, 439332.410350912366994 ], [ 426623.356524284579791, 439331.597615437000059 ], [ 426608.289977683918551, 439329.165746812243015 ], [ 426586.508801821619272, 439325.6377252919483 ], [ 426586.367629604239482, 439325.61692159861559 ], [ 426535.360900502477307, 439318.842540236655623 ], [ 426516.776255629141815, 439314.947152131702751 ], [ 426516.476796063361689, 439314.893837551702745 ], [ 426481.991219975228887, 439309.831021388701629 ], [ 426456.321224856132176, 439303.08883079723455 ], [ 426435.294377812475432, 439290.520813461625949 ], [ 426420.21762801281875, 439277.31391275068745 ], [ 426420.020127175201196, 439277.149677791225258 ], [ 426400.019954381918069, 439261.369301188562531 ], [ 426383.718202793446835, 439247.554409132979345 ], [ 426355.408529433829244, 439223.03308748989366 ], [ 426351.875650288944598, 439218.419865224335808 ], [ 426349.256287128373515, 439213.588148302223999 ], [ 426347.266806715168059, 439208.036192538507748 ], [ 426345.642821471323259, 439199.975868938025087 ], [ 426344.609746603819076, 439175.924500066495966 ], [ 426344.183033903012984, 439142.040268193930387 ], [ 426344.180139978881925, 439141.921866036194842 ], [ 426342.933983442257158, 439107.58924232859863 ], [ 426342.149784032604657, 439065.837957087496761 ], [ 426342.147423736692872, 439065.751826495688874 ], [ 426341.857139489089604, 439057.69482269755099 ], [ 426341.265279749582987, 439041.246846310503315 ], [ 426341.262635924271308, 439041.184279006847646 ], [ 426340.330928100156598, 439021.986071372462902 ], [ 426339.650909213814884, 439008.016759269754402 ], [ 426339.395066988829058, 438989.005751210846938 ], [ 426340.97360712965019, 438967.607867559127044 ], [ 426343.864678610581905, 438942.79519310867181 ], [ 426343.898072001698893, 438942.171274541004095 ], [ 426343.833113360742573, 438934.994407085410785 ], [ 426343.810492428601719, 438934.562443607021123 ], [ 426343.750621497398242, 438934.134051701403223 ], [ 426343.65394865104463, 438933.712437524693087 ], [ 426342.096002638339996, 438928.053794997918885 ], [ 426341.066539816616569, 438923.578649006725755 ], [ 426331.321073224360589, 438925.820496659784112 ], [ 426332.374392157536931, 438930.399346815131139 ] ] ] } },
{ "type": "Feature", "properties": { "highway": "trunk", "name": "Otley Road", "source": null, "osm_type": "way", "osm_id": 4014719, "cycleway:left": "lane", "lanes": "2", "maxspeed": "40 mph", "oneway": "yes", "ref": "A660", "surface": null, "lit": null, "source:name": null, "junction": null, "cycleway:both": null, "lane_markings": null, "sidewalk": null, "sidewalk:both:surface": null, "bicycle": null, "maxspeed:type": null, "shoulder": null, "turn:lanes": null }, "geometry": { "type": "Polygon", "coordinates": [ [ [ 426899.161977106588893, 439037.158963466587011 ], [ 426899.63317210105015, 439035.917371469899081 ], [ 426899.964289716095664, 439034.631316831102595 ], [ 426900.151274737261701, 439033.316549927461892 ], [ 426900.937860545294825, 439024.183188209368382 ], [ 426901.802204052743036, 439016.946241591591388 ], [ 426902.893789376015775, 439011.610602063010447 ], [ 426903.007900132914074, 439010.962918858102057 ], [ 426905.382962044503074, 438994.921185215760488 ], [ 426905.420933622343, 438994.642155975918286 ], [ 426907.952550568676088, 438974.250910126720555 ], [ 426908.039818256627768, 438973.088354718638584 ], [ 426908.418344720324967, 438958.715252783033065 ], [ 426908.65509809582727, 438949.576719034113921 ], [ 426908.644539061118849, 438948.674496126594022 ], [ 426908.566219339671079, 438947.77561699715443 ], [ 426908.346814089745749, 438946.022653866966721 ], [ 426902.794562671042513, 438901.28018165595131 ], [ 426902.737450197339058, 438900.876251867797691 ], [ 426895.82206594129093, 438857.321359102090355 ], [ 426894.361059747810941, 438848.131370246293955 ], [ 426870.658717443060596, 438851.899522216175683 ], [ 426872.119161381211597, 438861.08597287297016 ], [ 426879.002368712448515, 438904.438206978200469 ], [ 426884.530275125172921, 438948.984496474906337 ], [ 426884.531837270129472, 438948.997030938975513 ], [ 426884.639730781666003, 438949.859058387402911 ], [ 426884.426595579774585, 438958.085983538301662 ], [ 426884.063501064840239, 438971.873115948459599 ], [ 426881.621136232628487, 438991.545468757743947 ], [ 426879.314875194977503, 439007.122504916391335 ], [ 426878.189437488210388, 439012.62361397978384 ], [ 426878.030611358699389, 439013.60569746082183 ], [ 426877.083770953235216, 439021.53337136702612 ], [ 426877.043344024161343, 439021.926819492480718 ], [ 426876.412386904761661, 439029.253114400489721 ], [ 426874.349638571729884, 439033.896114564326126 ], [ 426896.282530846307054, 439043.640253134479281 ], [ 426899.161977106588893, 439037.158963466587011 ] ] ] } },
{ "type": "Feature", "properties": { "highway": "residential", "name": "The Drive", "source": "GPS;OS7", "osm_type": "way", "osm_id": 8092688, "cycleway:left": null, "lanes": null, "maxspeed": "30 mph", "oneway": null, "ref": null, "surface": "asphalt", "lit": null, "source:name": null, "junction": null, "cycleway:both": null, "lane_markings": null, "sidewalk": null, "sidewalk:both:surface": null, "bicycle": null, "maxspeed:type": null, "shoulder": null, "turn:lanes": null }, "geometry": { "type": "Polygon", "coordinates": [ [ [ 426342.566121702140663, 439231.980859460134525 ], [ 426342.246044492931105, 439232.603318202018272 ], [ 426330.386476482381113, 439260.274720320070628 ], [ 426330.283354358805809, 439260.535262064018752 ], [ 426320.206646965583786, 439288.238956932967994 ], [ 426320.078014999278821, 439288.645886753976811 ], [ 426312.277500376745593, 439317.564027054293547 ], [ 426312.179680875793565, 439318.00500677281525 ], [ 426312.122057876840699, 439318.45301498362096 ], [ 426310.682514900050592, 439335.813193285197485 ], [ 426310.675267815415282, 439336.540157323470339 ], [ 426312.477981199335773, 439365.210067063570023 ], [ 426313.00417674012715, 439492.719136316329241 ], [ 426313.053690567903686, 439493.400719461264089 ], [ 426319.98938470822759, 439542.295549971750006 ], [ 426320.046354204125237, 439542.619935129536316 ], [ 426326.370152510935441, 439572.763408370316029 ], [ 426336.521387823915575, 439621.126728523464408 ], [ 426350.050131605879869, 439719.534511586010922 ], [ 426354.013559561630245, 439756.523278918932192 ], [ 426352.708204837050289, 439774.742340942029841 ], [ 426348.688193133333698, 439790.012625695380848 ], [ 426342.85966410319088, 439804.751890921907034 ], [ 426335.763874465541448, 439819.999048650031909 ], [ 426335.577818737481721, 439820.456676982343197 ], [ 426330.757557918550447, 439834.226300088572316 ], [ 426330.630900286487304, 439834.646375531679951 ], [ 426330.541556802927516, 439835.075937256740872 ], [ 426330.490215432364494, 439835.51167754328344 ], [ 426329.386245244706515, 439850.526082871481776 ], [ 426329.37552577041788, 439851.058287167805247 ], [ 426329.421446485444903, 439851.588614998618141 ], [ 426331.995855540852062, 439869.90596690448001 ], [ 426332.025076061836444, 439870.089151563181076 ], [ 426342.573383464012295, 439929.151604970626067 ], [ 426352.417617660714313, 439927.393465874542017 ], [ 426341.88561985414708, 439868.42233372782357 ], [ 426339.398523942043539, 439850.726229470630642 ], [ 426340.414736285689287, 439836.90536347538 ], [ 426344.934500961389858, 439823.994141769537237 ], [ 426351.988200895430055, 439808.837424764991738 ], [ 426352.104715242690872, 439808.566442032810301 ], [ 426358.097175942675676, 439793.412624120945111 ], [ 426358.282775494270027, 439792.846869178232737 ], [ 426362.497367567440961, 439776.837457808316685 ], [ 426362.59463852958288, 439776.383195085742045 ], [ 426362.649328723258805, 439775.921865221171174 ], [ 426364.01992562453961, 439756.792206835991237 ], [ 426364.031934690661728, 439756.346840147394687 ], [ 426364.004250771016814, 439755.902172512491234 ], [ 426359.985255316598341, 439718.39482043357566 ], [ 426359.96712446998572, 439718.246555219346192 ], [ 426346.404271177598275, 439619.590660332178231 ], [ 426346.344231646333355, 439619.244541467807721 ], [ 426336.157048886176199, 439570.709957761224359 ], [ 426329.867131864244584, 439540.727985497273039 ], [ 426323.002678238728549, 439492.335381991928443 ], [ 426322.477290606009774, 439365.02208712673746 ], [ 426322.467478211328853, 439364.728949079872109 ], [ 426320.678429594321642, 439336.276360427611507 ], [ 426322.050411371572409, 439319.730936870619189 ], [ 426329.677301229443401, 439291.456459911481943 ], [ 426339.633091977331787, 439264.085198814398609 ], [ 426351.29924608732108, 439236.865080740768462 ], [ 426356.024788289505523, 439229.070412886969279 ], [ 426347.4735399945057, 439223.886191383528057 ], [ 426342.566121702140663, 439231.980859460134525 ] ] ] } },
{ "type": "Feature", "properties": { "highway": "tertiary", "name": "Church Lane", "source": null, "osm_type": "way", "osm_id": 35704076, "cycleway:left": null, "lanes": null, "maxspeed": "30 mph", "oneway": null, "ref": null, "surface": null, "lit": null, "source:name": null, "junction": null, "cycleway:both": null, "lane_markings": null, "sidewalk": null, "sidewalk:both:surface": null, "bicycle": null, "maxspeed:type": null, "shoulder": null, "turn:lanes": null }, "geometry": { "type": "Polygon", "coordinates": [ [ [ 426989.248946794774383, 439833.281298079120461 ], [ 427026.06867027527187, 439827.284977835253812 ], [ 427052.555996500479523, 439822.96478901989758 ], [ 427057.399712089099921, 439831.251464114349801 ], [ 427057.798558601993136, 439831.859045588760637 ], [ 427080.205106784764212, 439862.408027768949978 ], [ 427080.608996574184857, 439862.908712188189384 ], [ 427116.055223868286703, 439902.936966784240212 ], [ 427136.888360735552851, 439927.891648219607305 ], [ 427136.901906369486824, 439927.907824053778313 ], [ 427151.92750431841705, 439945.796154903946444 ], [ 427166.143516518932302, 439964.085110021464061 ], [ 427178.207884668197948, 439984.851306566852145 ], [ 427201.999626502569299, 440034.431466799404006 ], [ 427202.326111893402413, 440035.034249082673341 ], [ 427202.709992304386105, 440035.602205966133624 ], [ 427206.636589852918405, 440040.83930596121354 ], [ 427222.665990419744048, 440063.579984665731899 ], [ 427223.216762069321703, 440064.265488015022129 ], [ 427234.393803546088748, 440076.513843301334418 ], [ 427236.26388786546886, 440078.561611883807927 ], [ 427275.039110398793127, 440121.060356340080034 ], [ 427308.590393023274373, 440161.377969101828057 ], [ 427309.294163604849018, 440162.108730797946919 ], [ 427354.988286023086403, 440203.139655900420621 ], [ 427364.291529409587383, 440214.094775145524181 ], [ 427364.764629247074481, 440214.599111905437894 ], [ 427365.644975093717221, 440215.449230077967513 ], [ 427373.604010139068123, 440225.139387160015758 ], [ 427409.781645580660552, 440272.831182188936509 ], [ 427409.899493469449226, 440272.982200332044158 ], [ 427457.218173232860863, 440331.938172768277582 ], [ 427477.917977163859177, 440359.808374830230605 ], [ 427515.814880846184678, 440424.615774746867828 ], [ 427523.657713554915972, 440445.165725918544922 ], [ 427527.239750545821153, 440461.021283274982125 ], [ 427526.533374185673892, 440481.384404889773577 ], [ 427518.556002255878411, 440517.159030808834359 ], [ 427508.643020665738732, 440561.244326851679944 ], [ 427508.538825329800602, 440561.818629811052233 ], [ 427504.36305420048302, 440591.935562931932509 ], [ 427518.230393386271317, 440593.85829637828283 ], [ 427522.366048989584669, 440564.030688648112118 ], [ 427532.216317668324336, 440520.22429126361385 ], [ 427532.219040652387775, 440520.212130970438011 ], [ 427540.33888535836013, 440483.798584073781967 ], [ 427540.450279086362571, 440483.161948099732399 ], [ 427540.502480270573869, 440482.517751730221789 ], [ 427541.262674609723035, 440460.60318797576474 ], [ 427541.25780034204945, 440460.004046180751175 ], [ 427541.201707663887646, 440459.40751599665964 ], [ 427541.094807533838321, 440458.817967855080497 ], [ 427537.203549658763222, 440441.593672688875813 ], [ 427536.915525692340452, 440440.640280376072042 ], [ 427528.688860238413326, 440419.084602770628408 ], [ 427528.461610192433, 440418.555569310090505 ], [ 427528.191650683584157, 440418.047001861908939 ], [ 427489.809374281845521, 440352.409567275375593 ], [ 427489.386253982491326, 440351.769326039298903 ], [ 427468.379039990308229, 440323.485227278142702 ], [ 427468.218591889715753, 440323.277455499453936 ], [ 427420.877696993527934, 440264.293804464396089 ], [ 427384.676162642659619, 440216.570504283998162 ], [ 427384.508477120078169, 440216.358105097257067 ], [ 427376.207264153752476, 440206.251345024385955 ], [ 427375.660522318677977, 440205.658834098721854 ], [ 427374.738737166801002, 440204.768699486565311 ], [ 427365.353079237916972, 440193.716532244114205 ], [ 427364.694279772986192, 440193.039265652711038 ], [ 427319.026285106316209, 440152.031801900651772 ], [ 427285.698317966016475, 440111.982540942786727 ], [ 427285.488796616613399, 440111.742121727322228 ], [ 427246.604986526013818, 440069.124362226226367 ], [ 427244.734326869540382, 440067.075963287032209 ], [ 427233.855138740502298, 440055.154010442143772 ], [ 427218.020347137004137, 440032.689420658745803 ], [ 427217.899495663528796, 440032.523206331767142 ], [ 427214.323968519980554, 440027.754346535366494 ], [ 427190.710352681402583, 439978.545387178834062 ], [ 427190.452046941616572, 439978.057425792969298 ], [ 427178.012164509447757, 439956.644862748507876 ], [ 427177.486218287260272, 439955.865304597886279 ], [ 427162.899586020270362, 439937.099545320030302 ], [ 427162.732864760793746, 439936.893246343475766 ], [ 427147.628736555285286, 439918.911423359648325 ], [ 427126.737000796303619, 439893.886550061928574 ], [ 427126.604028700327035, 439893.73190742515726 ], [ 427091.303648790344596, 439853.868353466328699 ], [ 427069.302745999942999, 439823.872426302172244 ], [ 427062.216855452454183, 439811.749816778989043 ], [ 427061.832800749340095, 439811.162478302954696 ], [ 427061.391868630307727, 439810.616544820892159 ], [ 427060.898490593652241, 439810.117503125802614 ], [ 427060.35762523469748, 439809.670368734456133 ], [ 427059.774708410317544, 439809.279635479790159 ], [ 427059.155598607147112, 439808.949230346654076 ], [ 427058.506518061796669, 439808.682474004395772 ], [ 427057.833990225975867, 439808.482047433208209 ], [ 427057.144774203305133, 439808.349964979453944 ], [ 427056.445796818938106, 439808.287554110807832 ], [ 427055.744083002267871, 439808.295442075061146 ], [ 427055.046685184934177, 439808.373549595824443 ], [ 427023.817496185598429, 439813.467155433318112 ], [ 426986.998257486091461, 439819.463396727573127 ], [ 426966.026215292629786, 439822.881000102031976 ], [ 426968.277952294796705, 439836.698730757692829 ], [ 426989.248946794774383, 439833.281298079120461 ] ] ] } },
{ "type": "Feature", "properties": { "highway": "residential", "name": "Whinfield", "source": "GPS", "osm_type": "way", "osm_id": 35704077, "cycleway:left": null, "lanes": null, "maxspeed": null, "oneway": null, "ref": null, "surface": null, "lit": null, "source:name": null, "junction": null, "cycleway:both": null, "lane_markings": null, "sidewalk": null, "sidewalk:both:surface": null, "bicycle": null, "maxspeed:type": null, "shoulder": null, "turn:lanes": null }, "geometry": { "type": "Polygon", "coordinates": [ [ [ 426824.243405935820192, 439854.394948892411776 ], [ 426836.981422011740506, 439944.738147127849516 ], [ 426857.051123874785844, 440087.059610125608742 ], [ 426866.953154089453164, 440085.663258583983406 ], [ 426846.883473601192236, 439943.341947169916239 ], [ 426834.139451417315286, 439852.956151170481462 ], [ 426834.126691078359727, 439852.870964034402277 ], [ 426792.226759701385163, 439588.702392049308401 ], [ 426782.350221632514149, 439590.26891551661538 ], [ 426824.243405935820192, 439854.394948892411776 ] ] ] } },
{ "type": "Feature", "properties": { "highway": "residential", "name": "Raynel Drive", "source": "OS7", "osm_type": "way", "osm_id": 35704079, "cycleway:left": null, "lanes": null, "maxspeed": "20 mph", "oneway": null, "ref": null, "surface": "asphalt", "lit": "yes", "source:name": null, "junction": null, "cycleway:both": null, "lane_markings": null, "sidewalk": null, "sidewalk:both:surface": null, "bicycle": null, "maxspeed:type": null, "shoulder": null, "turn:lanes": null }, "geometry": { "type": "Polygon", "coordinates": [ [ [ 426195.408250669948757, 439808.700448840507306 ], [ 426195.324402455065865, 439808.863997243635822 ], [ 426174.204205872374587, 439851.994216245890129 ], [ 426174.160031380539294, 439852.086819991644006 ], [ 426171.123882618034258, 439858.623299350438174 ], [ 426180.193254189565778, 439862.835958759591449 ], [ 426183.207790790416766, 439856.34600790112745 ], [ 426204.265004113549367, 439813.344408998033032 ], [ 426207.665007800213061, 439807.002489083213732 ], [ 426198.85168164211791, 439802.277525376295671 ], [ 426195.408250669948757, 439808.700448840507306 ] ] ] } },
{ "type": "Feature", "properties": { "highway": "residential", "name": "St Helen's Lane", "source": "OS7", "osm_type": "way", "osm_id": 38501887, "cycleway:left": null, "lanes": null, "maxspeed": null, "oneway": null, "ref": null, "surface": null, "lit": null, "source:name": null, "junction": null, "cycleway:both": null, "lane_markings": null, "sidewalk": null, "sidewalk:both:surface": null, "bicycle": null, "maxspeed:type": null, "shoulder": null, "turn:lanes": null }, "geometry": { "type": "Polygon", "coordinates": [ [ [ 426905.124402909830678, 439317.291880676639266 ], [ 426942.751084611925762, 439313.257900142867584 ], [ 426942.799744023708627, 439313.252442209632136 ], [ 427123.330522839736659, 439292.107435950543731 ], [ 427123.514997199701611, 439292.082339287793729 ], [ 427143.982215746829752, 439288.908742169558536 ], [ 427225.340038558060769, 439288.040136651427019 ], [ 427225.522853258007672, 439288.034839737811126 ], [ 427247.733107249427121, 439286.984483783016913 ], [ 427248.130739174725022, 439286.949729470885359 ], [ 427248.524331882712431, 439286.883368409413379 ], [ 427271.315540539566427, 439282.098031935107429 ], [ 427272.014013201231137, 439281.897415073530283 ], [ 427286.874177122663241, 439276.432097327779047 ], [ 427314.34083857171936, 439266.340296022593975 ], [ 427328.201193714397959, 439263.998587055190001 ], [ 427342.879715832008515, 439264.977703867247328 ], [ 427381.764754267351236, 439277.891264131176285 ], [ 427414.712364731705748, 439290.982579449482728 ], [ 427415.067538250586949, 439291.108424860576633 ], [ 427415.43118039163528, 439291.207165375235491 ], [ 427434.517339394427836, 439295.624743833788671 ], [ 427434.784970796841662, 439295.67903379938798 ], [ 427450.145861473458353, 439298.360548885015305 ], [ 427453.006236050801817, 439298.865989388199523 ], [ 427453.698299680254422, 439298.939100005256478 ], [ 427465.288072646188084, 439299.351908906770404 ], [ 427465.702226025925484, 439299.34949661657447 ], [ 427466.114758977142628, 439299.31281684996793 ], [ 427485.485026185633615, 439296.778267695510294 ], [ 427485.888532257697079, 439296.708559403778054 ], [ 427486.284981075907126, 439296.606066815264057 ], [ 427518.988093948632013, 439286.70628973696148 ], [ 427519.073554408794735, 439286.679581824748311 ], [ 427601.246124501980375, 439260.189291419112124 ], [ 427641.321244737773668, 439251.393255369563121 ], [ 427712.992598377808463, 439252.467608726932667 ], [ 427713.142481506743934, 439242.468732037697919 ], [ 427640.890980957250576, 439241.385682280058973 ], [ 427640.314201583561953, 439241.410368488810491 ], [ 427639.744112387415953, 439241.501374880375806 ], [ 427598.868178895383608, 439250.473180390603375 ], [ 427598.405983241333161, 439250.598095641413238 ], [ 427516.047919748991262, 439277.148184274206869 ], [ 427483.780564995540772, 439286.916050110361539 ], [ 427465.229064307059161, 439289.343465792248026 ], [ 427454.402839658898301, 439288.957853242463898 ], [ 427451.8808441151632, 439288.512205771403387 ], [ 427451.870636935345829, 439288.510413025214802 ], [ 427436.639198999851942, 439285.851496204617433 ], [ 427418.054002650140319, 439281.549867834546603 ], [ 427385.323523233179003, 439268.544826785160694 ], [ 427385.05309372121701, 439268.446289210522082 ], [ 427345.42544877238106, 439255.286112398200203 ], [ 427345.018475304357708, 439255.169835034990683 ], [ 427344.603125746943988, 439255.088394418358803 ], [ 427344.18237645906629, 439255.042374144599307 ], [ 427328.280437413603067, 439253.981650473724585 ], [ 427327.69585268071387, 439253.976908434473444 ], [ 427327.114710227702744, 439254.040432021545712 ], [ 427312.21825197461294, 439256.55719075637171 ], [ 427311.767056111712009, 439256.655037603981327 ], [ 427311.326808934391011, 439256.794084844528697 ], [ 427283.424647303007077, 439267.045897635514848 ], [ 427268.904159147408791, 439272.3862880889792 ], [ 427246.861062330019195, 439277.014547905942891 ], [ 427225.141825232363772, 439278.04168294131523 ], [ 427143.516974777739961, 439278.913139343087096 ], [ 427142.804221007332671, 439278.971898937539663 ], [ 427122.07473565149121, 439282.186162509140559 ], [ 426941.66074401664082, 439303.317489850451238 ], [ 426904.056570865272079, 439307.349057228129823 ], [ 426897.496197608241346, 439308.057295328297187 ], [ 426898.569532908557449, 439317.999526030325796 ], [ 426905.124402909830678, 439317.291880676639266 ] ] ] } },
{ "type": "Feature", "properties": { "highway": "residential", "name": "Lawns Hall Close", "source": "OS7", "osm_type": "way", "osm_id": 55090699, "cycleway:left": null, "lanes": null, "maxspeed": null, "oneway": null, "ref": null, "surface": null, "lit": null, "source:name": null, "junction": null, "cycleway:both": null, "lane_markings": null, "sidewalk": null, "sidewalk:both:surface": null, "bicycle": null, "maxspeed:type": null, "shoulder": null, "turn:lanes": null }, "geometry": { "type": "Polygon", "coordinates": [ [ [ 426932.164077413151972, 439223.344602009165101 ], [ 426937.127848947944585, 439224.029323641385417 ], [ 426941.8104928645771, 439225.798119811457582 ], [ 426949.36770725104725, 439229.086289786442649 ], [ 426956.775180446100421, 439234.05661734676687 ], [ 426963.254769472230691, 439238.844668077304959 ], [ 426963.611989813973196, 439239.085552366101183 ], [ 426963.988621646247339, 439239.294789255829528 ], [ 426970.128951772057917, 439242.367613892653026 ], [ 426970.589119752345141, 439242.569653601851314 ], [ 426971.067245274665765, 439242.724478015676141 ], [ 426971.558497844147496, 439242.830522945499979 ], [ 426978.67034394206712, 439243.995209391461685 ], [ 426979.162098231667187, 439244.050923662667628 ], [ 426979.656951494514942, 439244.057750785606913 ], [ 426980.150055626232643, 439244.015623874554876 ], [ 426987.708719154936261, 439242.990996581793297 ], [ 426988.139705718436744, 439242.913218167552259 ], [ 426988.562232975207735, 439242.798024344083387 ], [ 426998.76544582832139, 439239.529982560605276 ], [ 426999.429769508133177, 439239.263399373274297 ], [ 427016.768230487534311, 439230.818218177766539 ], [ 427017.149744658789132, 439230.6114452611655 ], [ 427017.51189328340115, 439230.372371055826079 ], [ 427017.851948540483136, 439230.102796346240211 ], [ 427023.710255761921871, 439225.029549409111496 ], [ 427024.105695934966207, 439224.647062717238441 ], [ 427024.456720808928367, 439224.223446690943092 ], [ 427028.276037403033115, 439219.060568371322006 ], [ 427028.588202759739943, 439218.584017867629882 ], [ 427028.844132761703804, 439218.075050848536193 ], [ 427030.897814922151156, 439213.335925504215993 ], [ 427031.054507319466211, 439212.925876627326943 ], [ 427031.174630910973065, 439212.503664699965157 ], [ 427031.257259819714818, 439212.072544006572571 ], [ 427031.301757166453172, 439211.635837497655302 ], [ 427031.601444919302594, 439206.441545973997563 ], [ 427031.602371134387795, 439205.882077196030878 ], [ 427031.358484760217834, 439201.396740361582488 ], [ 427031.277849303616676, 439200.734208528476302 ], [ 427030.422188359836582, 439196.234218665224034 ], [ 427030.322030210576486, 439195.809441798948683 ], [ 427030.185212249925826, 439195.395017032977194 ], [ 427030.0127768504899, 439194.994101737684105 ], [ 427028.094831079710275, 439191.022054917935748 ], [ 427019.089675053255633, 439195.370291910076048 ], [ 427020.721238986647222, 439198.749244762468152 ], [ 427021.391393746016547, 439202.273642651329283 ], [ 427021.601909445598722, 439206.145256327814423 ], [ 427021.36947149207117, 439210.173951128846966 ], [ 427019.896248343982734, 439213.573595578956883 ], [ 427016.74608046101639, 439217.83193160983501 ], [ 427011.800567551341373, 439222.114706014341209 ], [ 426995.37340946146287, 439230.11601171043003 ], [ 426985.930205528566148, 439233.140626159496605 ], [ 426979.548157683981117, 439234.005755342775956 ], [ 426973.92459151125513, 439233.084800191456452 ], [ 426968.850229782226961, 439230.545421458140481 ], [ 426962.626823659462389, 439225.9466754400637 ], [ 426962.441265020344872, 439225.815963754663244 ], [ 426954.563603151415009, 439220.530145113589242 ], [ 426954.177859585150145, 439220.295845659566112 ], [ 426953.772560000943486, 439220.097284384188242 ], [ 426945.68734720669454, 439216.579380485694855 ], [ 426945.459305332507938, 439216.486765349283814 ], [ 426940.135220544121694, 439214.475674830726348 ], [ 426939.601162112143356, 439214.307456245878711 ], [ 426939.051643994520418, 439214.20000514347339 ], [ 426933.075985758157913, 439213.375699989090208 ], [ 426932.620438792509958, 439213.333984579483513 ], [ 426932.162985839124303, 439213.334078390267678 ], [ 426893.45455498539377, 439215.114617419778369 ], [ 426893.914056511828676, 439225.104054758674465 ], [ 426932.164077413151972, 439223.344602009165101 ] ] ] } },
{ "type": "Feature", "properties": { "highway": "residential", "name": "Holt Lane Court", "source": "OS7", "osm_type": "way", "osm_id": 55090846, "cycleway:left": null, "lanes": null, "maxspeed": null, "oneway": null, "ref": null, "surface": null, "lit": null, "source:name": "OS_OpenData_Locator", "junction": null, "cycleway:both": null, "lane_markings": null, "sidewalk": null, "sidewalk:both:surface": null, "bicycle": null, "maxspeed:type": null, "shoulder": null, "turn:lanes": null }, "geometry": { "type": "Polygon", "coordinates": [ [ [ 426955.906826980412006, 439998.225930662825704 ], [ 426996.736368585319724, 439993.609863234742079 ], [ 426995.612954990298022, 439983.673166505235713 ], [ 426954.783027784491424, 439988.289277528238017 ], [ 426942.249587879981846, 439989.708241257292684 ], [ 426943.374543629121035, 439999.644763514224906 ], [ 426955.906826980412006, 439998.225930662825704 ] ] ] } },
{ "type": "Feature", "properties": { "highway": "residential", "name": "Greenfield Court", "source": "OS7", "osm_type": "way", "osm_id": 55090849, "cycleway:left": null, "lanes": null, "maxspeed": null, "oneway": null, "ref": null, "surface": null, "lit": null, "source:name": "OS_OpenData_Locator", "junction": null, "cycleway:both": null, "lane_markings": null, "sidewalk": null, "sidewalk:both:surface": null, "bicycle": null, "maxspeed:type": null, "shoulder": null, "turn:lanes": null }, "geometry": { "type": "Polygon", "coordinates": [ [ [ 426943.157159278634936, 439952.425807767489459 ], [ 426988.845898711006157, 439945.449409931257833 ], [ 426987.336453709634952, 439935.563987543282565 ], [ 426936.495944035006687, 439943.327029949228745 ], [ 426936.00257129361853, 439943.428020553721581 ], [ 426935.521860017383005, 439943.578128624882083 ], [ 426935.058686844538897, 439943.775831371778622 ], [ 426934.617750495905057, 439944.01912317314418 ], [ 426934.203524107811972, 439944.305535923456773 ], [ 426933.820209853933193, 439944.632164071197622 ], [ 426933.471696315798908, 439944.995694094512146 ], [ 426933.161519034416415, 439945.392438115610275 ], [ 426932.892824643757194, 439945.818371312925592 ], [ 426932.668338949151803, 439946.269172751577571 ], [ 426932.490339275042061, 439946.740269217407331 ], [ 426932.360631362418644, 439947.226881610928103 ], [ 426932.280531050055288, 439947.7240734291845 ], [ 426932.250850926036946, 439948.226800844771788 ], [ 426932.271892084274441, 439948.729963873804081 ], [ 426932.343441069999244, 439949.22845811326988 ], [ 426936.861209729453549, 439972.352810874581337 ], [ 426946.67566066083964, 439970.435376934474334 ], [ 426943.157159278634936, 439952.425807767489459 ] ] ] } },
{ "type": "Feature", "properties": { "highway": "residential", "name": "Broomfield", "source": "OS7", "osm_type": "way", "osm_id": 55090884, "cycleway:left": null, "lanes": null, "maxspeed": null, "oneway": null, "ref": null, "surface": "asphalt", "lit": null, "source:name": null, "junction": null, "cycleway:both": null, "lane_markings": null, "sidewalk": null, "sidewalk:both:surface": null, "bicycle": null, "maxspeed:type": null, "shoulder": null, "turn:lanes": null }, "geometry": { "type": "Polygon", "coordinates": [ [ [ 426616.084322148701176, 439572.049863418505993 ], [ 426616.155268770060502, 439572.756473513611127 ], [ 426622.569119475781918, 439609.865990196762141 ], [ 426622.573893657245208, 439609.893165837158449 ], [ 426628.656172493996564, 439643.962892809242476 ], [ 426632.270084585121367, 439664.225952760432847 ], [ 426640.283102865796536, 439713.865374251792673 ], [ 426643.059929524199106, 439731.082208553969394 ], [ 426645.258552878513001, 439744.713433968485333 ], [ 426655.412860980082769, 439807.646631853131112 ], [ 426667.04301087372005, 439879.683286125131417 ], [ 426700.907989953469951, 440106.224704494641628 ], [ 426710.798096648824867, 440104.746262897795532 ], [ 426676.928801078756806, 439878.175969157076906 ], [ 426676.919831182633061, 439878.118270788167138 ], [ 426665.285140950174537, 439806.05349399120314 ], [ 426655.130937463138252, 439743.120944523368962 ], [ 426652.932344539440237, 439729.48990777641302 ], [ 426650.155467533273622, 439712.272761308995541 ], [ 426642.135733539471403, 439662.591736714937724 ], [ 426642.121958663978148, 439662.510648557625245 ], [ 426638.50075136765372, 439642.206684683740605 ], [ 426632.420674039749429, 439608.149288998974953 ], [ 426626.069800163735636, 439571.404146203014534 ], [ 426625.607001004158519, 439555.446021537354682 ], [ 426615.611203599488363, 439555.735908145958092 ], [ 426616.084322148701176, 439572.049863418505993 ] ] ] } },
{ "type": "Feature", "properties": { "highway": "residential", "name": "Heathfield", "source": "OS7", "osm_type": "way", "osm_id": 55090931, "cycleway:left": null, "lanes": null, "maxspeed": "20 mph", "oneway": null, "ref": null, "surface": "asphalt", "lit": null, "source:name": null, "junction": null, "cycleway:both": null, "lane_markings": null, "sidewalk": null, "sidewalk:both:surface": null, "bicycle": null, "maxspeed:type": null, "shoulder": null, "turn:lanes": null }, "geometry": { "type": "Polygon", "coordinates": [ [ [ 426445.215146396600176, 439607.926734085951466 ], [ 426446.159906981978565, 439614.967286051891278 ], [ 426446.226804704405367, 439615.351475280127488 ], [ 426448.866042358742561, 439627.649185129557736 ], [ 426453.035359771223739, 439650.080148153938353 ], [ 426453.04279796796618, 439650.11929676955333 ], [ 426459.918822654930409, 439685.538826671603601 ], [ 426467.702869426982943, 439726.738074467983097 ], [ 426467.707691656600218, 439726.76324371836381 ], [ 426474.159906841581687, 439759.979248062008992 ], [ 426480.635174483759329, 439794.9533247287618 ], [ 426480.640762695984449, 439794.983006570197176 ], [ 426487.374811118352227, 439830.166198881459422 ], [ 426496.70394955703523, 439879.242668385035358 ], [ 426501.362236841581762, 439904.782139125687536 ], [ 426515.135087279602885, 439989.683563571597915 ], [ 426523.638524942623917, 440042.130468219169416 ], [ 426529.551696910813916, 440079.197400907985866 ], [ 426529.636213942896575, 440079.613015606359113 ], [ 426529.755649389582686, 440080.019972459529527 ], [ 426529.909143895027228, 440080.415343352535274 ], [ 426532.195000793260988, 440085.635432041541208 ], [ 426532.397132925165351, 440086.04502123396378 ], [ 426532.635798614472151, 440086.434455944865476 ], [ 426532.909006237110589, 440086.800486408406869 ], [ 426536.227648667118046, 440090.847027423791587 ], [ 426536.543584804050624, 440091.197184349002782 ], [ 426536.891106952331029, 440091.516016391571611 ], [ 426558.299513474281412, 440109.372743739979342 ], [ 426558.517748538753949, 440109.544720072066411 ], [ 426564.075156431645155, 440113.679103984148242 ], [ 426566.848679784918204, 440115.750450910301879 ], [ 426567.294592556834687, 440116.047631622524932 ], [ 426567.76974857901223, 440116.295384181430563 ], [ 426568.268690122407861, 440116.490862855920568 ], [ 426574.558436777442694, 440118.573776847100817 ], [ 426574.955137842567638, 440118.687215257727075 ], [ 426575.359841220371891, 440118.767559417930897 ], [ 426575.769791042606812, 440118.814262216212228 ], [ 426591.13586129056057, 440119.925041815266013 ], [ 426591.533489464665763, 440119.937916793685872 ], [ 426591.930882571672555, 440119.919137858902104 ], [ 426607.002751140156761, 440118.604349161381833 ], [ 426616.121505536022596, 440118.312297721509822 ], [ 426620.833691483305302, 440119.648918455350213 ], [ 426623.647325179888867, 440121.708956370828673 ], [ 426634.766927883785684, 440140.173795390117448 ], [ 426643.333515583828557, 440135.014960717700887 ], [ 426631.695373975555412, 440115.689053398615215 ], [ 426631.418879410310183, 440115.277557915716898 ], [ 426631.102993556240108, 440114.895466429006774 ], [ 426630.750821922207251, 440114.546535322268028 ], [ 426630.365826746739913, 440114.234194976044819 ], [ 426626.016244919854216, 440111.049592982279137 ], [ 426625.646410716406535, 440110.803285063884687 ], [ 426625.256169296859298, 440110.590784327010624 ], [ 426624.848602708778344, 440110.413769059465267 ], [ 426624.426929830340669, 440110.273637291800696 ], [ 426618.10267447005026, 440108.479749925027136 ], [ 426617.60183593450347, 440108.365125321899541 ], [ 426617.091878615610767, 440108.302502872305922 ], [ 426616.578187214559875, 440108.292543814342935 ], [ 426606.545181189780124, 440108.613876501738559 ], [ 426606.270714023150504, 440108.630230860435404 ], [ 426591.459111990930978, 440109.922315306088421 ], [ 426577.111429425072856, 440108.885152724455111 ], [ 426572.182462391559966, 440107.252874834812246 ], [ 426570.055164150136989, 440105.664147388888523 ], [ 426570.047722456627525, 440105.658600470400415 ], [ 426564.598098802089226, 440101.604401678720023 ], [ 426543.659805404138751, 440084.139795148337726 ], [ 426541.078590729855932, 440080.992426527198404 ], [ 426539.326035318896174, 440076.9902098159655 ], [ 426533.512658123276196, 440040.548844274133444 ], [ 426533.510640227992553, 440040.536297536746133 ], [ 426525.0061515372945, 439988.082910434401128 ], [ 426511.225355588598177, 439903.132506531430408 ], [ 426511.208723505551461, 439903.03597204037942 ], [ 426506.538309743802529, 439877.430016819387674 ], [ 426506.531498487805948, 439877.393444765359163 ], [ 426497.198298211209476, 439828.295607729931362 ], [ 426497.197117951058317, 439828.289420150627848 ], [ 426490.465316382877063, 439793.117966914898716 ], [ 426483.988797846774105, 439758.137133946525864 ], [ 426483.98060775664635, 439758.093958603392821 ], [ 426477.526646023674402, 439724.868963030690793 ], [ 426469.742652612680104, 439683.669997662655078 ], [ 426469.737939966784324, 439683.645392722508404 ], [ 426462.863325236656237, 439648.233125739148818 ], [ 426458.685025420738384, 439625.753837307915092 ], [ 426458.65790704335086, 439625.618382890126668 ], [ 426456.045120190829039, 439613.443922375969123 ], [ 426455.117796934442595, 439606.53331700473791 ], [ 426455.099145593529101, 439606.406648986099754 ], [ 426452.391935355553869, 439589.523792363761459 ], [ 426442.518072785285767, 439591.107092064514291 ], [ 426445.215146396600176, 439607.926734085951466 ] ] ] } },
{ "type": "Feature", "properties": { "highway": "residential", "name": "Raynel Drive", "source": "OS7", "osm_type": "way", "osm_id": 55091366, "cycleway:left": null, "lanes": null, "maxspeed": "20 mph", "oneway": null, "ref": null, "surface": "asphalt", "lit": "yes", "source:name": null, "junction": "roundabout", "cycleway:both": null, "lane_markings": null, "sidewalk": null, "sidewalk:both:surface": null, "bicycle": null, "maxspeed:type": null, "shoulder": null, "turn:lanes": null }, "geometry": { "type": "Polygon", "coordinates": [ [ [ 426195.343944017484318, 439804.752308408671524 ], [ 426195.676574179553427, 439805.167256301443558 ], [ 426196.05139526410494, 439805.544527732825372 ], [ 426196.464166926685721, 439805.879854637489188 ], [ 426200.316512431541923, 439808.682979252829682 ], [ 426200.773485380981583, 439808.978840489930008 ], [ 426201.259914662980009, 439809.223267783410847 ], [ 426201.770033986191265, 439809.413363612431567 ], [ 426206.6754366888199, 439810.942845787329134 ], [ 426207.091257850406691, 439811.053111637709662 ], [ 426207.5150182574871, 439811.127225830568932 ], [ 426207.943580967723392, 439811.164639725873712 ], [ 426208.373773489205632, 439811.165076362318359 ], [ 426213.512594035360962, 439810.949028424569406 ], [ 426214.077798615093343, 439810.892977623967454 ], [ 426214.632999683381058, 439810.773187461833004 ], [ 426215.17103297210997, 439810.591203700518236 ], [ 426219.937847987690475, 439808.670745820272714 ], [ 426220.450209114525933, 439808.429762742307503 ], [ 426220.932039787177928, 439808.13239769556094 ], [ 426221.377161264128517, 439807.782463931944221 ], [ 426225.224690270610154, 439804.388187471777201 ], [ 426225.53522605157923, 439804.089475644752383 ], [ 426225.81889060739195, 439803.765136861067731 ], [ 426226.073577317758463, 439803.417579806118738 ], [ 426226.297394764784258, 439803.049385594786145 ], [ 426228.769637157616671, 439798.557034020544961 ], [ 426229.015350945235696, 439798.04327552538598 ], [ 426229.201049444498494, 439797.504908434930257 ], [ 426229.324323603126686, 439796.948916943452787 ], [ 426230.14865102613112, 439791.879902450193185 ], [ 426230.207993592892308, 439791.311546159908175 ], [ 426230.2020977641223, 439790.740130678692367 ], [ 426230.13104055140866, 439790.173119845043402 ], [ 426229.205353622499388, 439785.138820958032738 ], [ 426229.069991771597415, 439784.583387116959784 ], [ 426228.872111384174787, 439784.047035613970365 ], [ 426228.614299386797938, 439783.536778270557988 ], [ 426226.040730051230639, 439779.094085972581524 ], [ 426225.728069635457359, 439778.618897945038043 ], [ 426225.363460412248969, 439778.182297084480524 ], [ 426224.951621302869171, 439777.789934057276696 ], [ 426221.036411260953173, 439774.463503295672126 ], [ 426220.594462412293069, 439774.128382166614756 ], [ 426220.118115594261326, 439773.844271862355527 ], [ 426219.613232253701426, 439773.614668359747157 ], [ 426215.090638577588834, 439771.853663072339259 ], [ 426214.577047874219716, 439771.685039356758352 ], [ 426214.048254966270179, 439771.572845647053327 ], [ 426213.510440583340824, 439771.518393305363134 ], [ 426208.65693336899858, 439771.290981739875861 ], [ 426208.123791042773519, 439771.294457770534791 ], [ 426207.594049785344396, 439771.354682540579233 ], [ 426207.073732814518735, 439771.470971287519205 ], [ 426202.402407329413109, 439772.780022438440938 ], [ 426201.892517831816804, 439772.953017681429628 ], [ 426201.404187214619014, 439773.179838893411215 ], [ 426200.943078445910942, 439773.457855722575914 ], [ 426196.928244848619215, 439776.183629730541725 ], [ 426196.500620474340394, 439776.50884084351128 ], [ 426196.110357262834441, 439776.878055549692363 ], [ 426195.761960800969973, 439777.287011267151684 ], [ 426192.819656734354794, 439781.142545642098412 ], [ 426192.51664955978049, 439781.587346603977494 ], [ 426192.26320692198351, 439782.062139266927261 ], [ 426192.062265321263112, 439782.56142246973468 ], [ 426190.524066912184935, 439787.070133999979589 ], [ 426190.38045561540639, 439787.577053866232745 ], [ 426190.290983604383655, 439788.09627127222484 ], [ 426190.256644347624388, 439788.62202099483693 ], [ 426190.197207117977086, 439793.372649736294989 ], [ 426190.218788068275899, 439793.903432425693609 ], [ 426190.296560199582018, 439794.428929805697408 ], [ 426190.429645632451866, 439794.94321014592424 ], [ 426191.864670317329001, 439799.479662561207078 ], [ 426192.049741364025977, 439799.972746040788479 ], [ 426192.28565219551092, 439800.443626800377388 ], [ 426192.569785309315193, 439800.887080274580512 ], [ 426195.343944017484318, 439804.752308408671524 ] ], [ [ 426202.99870402016677, 439798.267512131948024 ], [ 426201.158627517928835, 439795.703738313168287 ], [ 426200.206483342451975, 439792.693785390176345 ], [ 426200.245886810414959, 439789.544391506409738 ], [ 426201.263550939213019, 439786.561451227520593 ], [ 426203.218146991159301, 439784.000189000042155 ], [ 426205.885689325805288, 439782.189125755568966 ], [ 426208.995021466980688, 439781.317793875350617 ], [ 426212.224864399293438, 439781.469128488621209 ], [ 426215.201893329503946, 439782.628322540200315 ], [ 426217.819845832476858, 439784.852580662991386 ], [ 426219.526942222786602, 439787.799501066619996 ], [ 426220.139285324490629, 439791.129696296877228 ], [ 426219.592527555243578, 439794.491859169618692 ], [ 426217.956214764562901, 439797.465229564986657 ], [ 426215.405043452105019, 439799.715863859688397 ], [ 426212.232521598227322, 439800.994011758128181 ], [ 426208.822207219607662, 439801.137389286479447 ], [ 426205.533624370000325, 439800.112024162779562 ], [ 426202.99870402016677, 439798.267512131948024 ] ] ] } },
{ "type": "Feature", "properties": { "highway": "residential", "name": "Farrar Lane", "source": "GPS", "osm_type": "way", "osm_id": 55091370, "cycleway:left": null, "lanes": null, "maxspeed": "20 mph", "oneway": null, "ref": null, "surface": "asphalt", "lit": null, "source:name": null, "junction": null, "cycleway:both": null, "lane_markings": null, "sidewalk": null, "sidewalk:both:surface": null, "bicycle": null, "maxspeed:type": null, "shoulder": null, "turn:lanes": null }, "geometry": { "type": "Polygon", "coordinates": [ [ [ 426177.324213542742655, 439869.869955301866867 ], [ 426177.672646417457145, 439870.210237888735719 ], [ 426178.052532538771629, 439870.515007050416898 ], [ 426178.460267582035158, 439870.781371165066957 ], [ 426191.652346590475645, 439878.510011854581535 ], [ 426192.016097221756354, 439878.703445423976518 ], [ 426215.233849672076758, 439889.848349488107488 ], [ 426215.247613990912214, 439889.85493076837156 ], [ 426216.447035376739223, 439890.426176228444092 ], [ 426235.315812229120638, 439902.593092714145314 ], [ 426252.719154731312301, 439917.272129916120321 ], [ 426267.200966102944221, 439932.331484387279488 ], [ 426267.573476916237269, 439932.681188684538938 ], [ 426267.979731546423864, 439932.991050874814391 ], [ 426268.415487762482371, 439933.257835285330657 ], [ 426268.876195268996526, 439933.478756074269768 ], [ 426285.788246749842074, 439940.549805116781499 ], [ 426286.213809915294405, 439940.705479697848205 ], [ 426286.651719466899522, 439940.82198638265254 ], [ 426287.098378615512047, 439940.898368238529656 ], [ 426287.550118706945796, 439940.933997899759561 ], [ 426288.003229354391806, 439940.928582720574923 ], [ 426310.625907907029614, 439939.631328171701171 ], [ 426311.184149393928237, 439939.56769676291151 ], [ 426348.314978065493051, 439933.204989218676928 ], [ 426384.829944811353926, 439927.328654395299964 ], [ 426423.476702223473694, 439921.132141583133489 ], [ 426476.855935987550765, 439913.30499666032847 ], [ 426507.015666962834075, 439908.88019056560006 ], [ 426507.036358696757816, 439908.877110600005835 ], [ 426672.730231816880405, 439883.859152082121 ], [ 426672.777013531944249, 439883.85186184750637 ], [ 426829.981687844789121, 439858.590897660062183 ], [ 426830.040644981723744, 439858.581062081968412 ], [ 426968.00430673151277, 439834.716701743775047 ], [ 426966.299860855913721, 439824.863029115949757 ], [ 426828.365648282400798, 439848.722295462386683 ], [ 426671.213855525827967, 439873.974762198340613 ], [ 426505.553733179403935, 439898.987624719331507 ], [ 426475.404929594020359, 439903.410827645973768 ], [ 426421.992770242271945, 439911.242800538893789 ], [ 426421.926601382438093, 439911.252955999458209 ], [ 426383.24536828242708, 439917.454996546846814 ], [ 426346.701074518903624, 439923.336050107958727 ], [ 426346.651013802853413, 439923.344367191602942 ], [ 426309.772506204550155, 439929.66383720911108 ], [ 426288.581905352533795, 439930.878971981292125 ], [ 426273.690234704117756, 439924.652658538543619 ], [ 426259.746253155404702, 439910.152582857874222 ], [ 426259.365995644009672, 439909.796331065357663 ], [ 426241.518360204354394, 439894.742550186580047 ], [ 426241.004265255585779, 439894.36241099704057 ], [ 426221.596449545468204, 439881.84791285218671 ], [ 426221.036786942160688, 439881.535886615514755 ], [ 426219.554404037771747, 439880.829875772120431 ], [ 426196.529392009717412, 439869.777490289183334 ], [ 426184.150315131002571, 439862.525150669156574 ], [ 426179.322088827728294, 439857.326892200158909 ], [ 426171.995047979871742, 439864.132365909870714 ], [ 426177.324213542742655, 439869.869955301866867 ] ] ] } },
{ "type": "Feature", "properties": { "highway": "residential", "name": "Raynel Drive", "source": "OS7", "osm_type": "way", "osm_id": 55091378, "cycleway:left": null, "lanes": null, "maxspeed": "20 mph", "oneway": null, "ref": null, "surface": "asphalt", "lit": "yes", "source:name": null, "junction": null, "cycleway:both": null, "lane_markings": null, "sidewalk": null, "sidewalk:both:surface": null, "bicycle": null, "maxspeed:type": null, "shoulder": null, "turn:lanes": null }, "geometry": { "type": "Polygon", "coordinates": [ [ [ 426225.890207788615953, 439772.974916830658913 ], [ 426234.85869101335993, 439755.293744798109401 ], [ 426235.079205548856407, 439754.792776663554832 ], [ 426240.748524395457935, 439739.726014866959304 ], [ 426240.777407941059209, 439739.647255824762397 ], [ 426244.35952541558072, 439729.620190693996847 ], [ 426244.499575059511699, 439729.159151807369199 ], [ 426244.594596512441058, 439728.686773059715051 ], [ 426246.384275795542635, 439716.869457464490552 ], [ 426246.437002317863517, 439716.311650371528231 ], [ 426246.945711142150685, 439702.99623112147674 ], [ 426246.942865031363908, 439702.55065465613734 ], [ 426246.900361174426507, 439702.107100928842556 ], [ 426244.72377704794053, 439686.67376686114585 ], [ 426244.664266408770345, 439686.336020465241745 ], [ 426241.363598856201861, 439670.751754023134708 ], [ 426241.239030670607463, 439670.278968354570679 ], [ 426234.886867463064846, 439650.209566267614719 ], [ 426227.055447402177379, 439618.72217127121985 ], [ 426223.200612154731061, 439594.810129023622721 ], [ 426221.052449947048444, 439574.394877434475347 ], [ 426220.345060386229306, 439555.767853386118077 ], [ 426220.124119218380656, 439518.141256446251646 ], [ 426220.866221457486972, 439506.096978450776078 ], [ 426210.885149318724871, 439505.481999621377327 ], [ 426210.132679440022912, 439517.694543829886243 ], [ 426210.123301706393249, 439518.031392444856465 ], [ 426210.345703836239409, 439555.906793299480341 ], [ 426210.349219284253195, 439556.067179923818912 ], [ 426211.066000640741549, 439574.941509295196738 ], [ 426211.089851153315976, 439575.274991866957862 ], [ 426213.26990788319381, 439595.993355899525341 ], [ 426213.306186994421296, 439596.265898207260761 ], [ 426217.216326485096943, 439620.520999837492127 ], [ 426217.300420372688677, 439620.932042825443204 ], [ 426225.220402389764786, 439652.775514404929709 ], [ 426225.305650994181633, 439653.077479765634052 ], [ 426231.631322523928247, 439673.063182470796164 ], [ 426234.845727338164579, 439688.24015509232413 ], [ 426236.935939263552427, 439703.061056579113938 ], [ 426236.455004143994302, 439715.649500976258423 ], [ 426234.779741821286734, 439726.711317336012144 ], [ 426231.37440452829469, 439736.243539288989268 ], [ 426225.816384168574587, 439751.014514618960675 ], [ 426216.947308561182581, 439768.499706669186708 ], [ 426216.899206395901274, 439768.597149530076422 ], [ 426213.29175400477834, 439776.109526864951476 ], [ 426222.306276998133399, 439780.438311359845102 ], [ 426225.890207788615953, 439772.974916830658913 ] ] ] } },
{ "type": "Feature", "properties": { "highway": "residential", "name": "Raynel Way", "source": "OS7", "osm_type": "way", "osm_id": 55091662, "cycleway:left": null, "lanes": null, "maxspeed": "20 mph", "oneway": null, "ref": null, "surface": "asphalt", "lit": "yes", "source:name": null, "junction": null, "cycleway:both": null, "lane_markings": null, "sidewalk": null, "sidewalk:both:surface": null, "bicycle": null, "maxspeed:type": null, "shoulder": null, "turn:lanes": null }, "geometry": { "type": "Polygon", "coordinates": [ [ [ 425957.583349375287071, 439477.99578293034574 ], [ 425957.058496162411757, 439478.369336813862901 ], [ 425947.958642871759366, 439485.773622742679436 ], [ 425947.582818981900346, 439486.112427636340726 ], [ 425947.243162443686742, 439486.487482016673312 ], [ 425940.606388481799513, 439494.606375395087525 ], [ 425940.345690076181199, 439494.955263963609468 ], [ 425940.116342183668166, 439495.325515818665735 ], [ 425939.920084975718055, 439495.714321683160961 ], [ 425934.771643832733389, 439507.123735213885084 ], [ 425934.576647903013509, 439507.626584908808582 ], [ 425934.436948234331794, 439508.147512188646942 ], [ 425932.025164895807393, 439519.572069854824804 ], [ 425931.93061714398209, 439520.240727482887451 ], [ 425931.112055892008357, 439531.451572480786126 ], [ 425931.099632268189453, 439531.907943118538242 ], [ 425931.128887247701641, 439532.363544535997789 ], [ 425932.331625781196635, 439543.274033385154326 ], [ 425932.410533370624762, 439543.76455830282066 ], [ 425932.53773281595204, 439544.244830521056429 ], [ 425935.732127854367718, 439554.265103643294424 ], [ 425935.86596184852533, 439554.634174490172882 ], [ 425936.028339468932245, 439554.991607471893076 ], [ 425941.988701098947786, 439566.851913068385329 ], [ 425942.245762122096494, 439567.303331614064518 ], [ 425968.120984882232733, 439607.70553634891985 ], [ 425986.208052857778966, 439636.166978220047895 ], [ 426007.785552319081035, 439672.772327678569127 ], [ 426011.370611193880904, 439681.464130408247001 ], [ 426013.054528369801119, 439692.260813986184075 ], [ 426013.0360655367258, 439703.077484866487794 ], [ 426010.280100486066658, 439711.709462200175039 ], [ 426006.593850433651824, 439719.153376066300552 ], [ 426000.078258963709231, 439727.627817663655151 ], [ 425988.422886185930111, 439740.271298721549101 ], [ 425988.346577245160006, 439740.35599437210476 ], [ 425968.67198562255362, 439762.699963256774936 ], [ 425968.437840396421961, 439762.986605375015642 ], [ 425968.225540441460907, 439763.289782583888154 ], [ 425962.413147532904986, 439772.281068751646671 ], [ 425962.19169230927946, 439772.658982203167398 ], [ 425962.004161767836194, 439773.054827234649565 ], [ 425958.1379149791901, 439782.234919883019757 ], [ 425958.023320087173488, 439782.533344328752719 ], [ 425953.003100920817815, 439796.969822254264727 ], [ 425952.82879512081854, 439797.601990340801422 ], [ 425948.218697203963529, 439819.951591503282543 ], [ 425958.012513141322415, 439821.971781936299521 ], [ 425962.556230343237985, 439799.943992269050796 ], [ 425967.41599929012591, 439785.968915723671671 ], [ 425971.049673459783662, 439777.341048089903779 ], [ 425976.422236152924597, 439769.030142514908221 ], [ 425995.814058239862788, 439747.007308311294764 ], [ 426007.582208303385414, 439734.241489040548913 ], [ 426007.869786299823318, 439733.900138330238406 ], [ 426014.820635769283399, 439724.859582587436307 ], [ 426015.099347999726888, 439724.457856603898108 ], [ 426015.337490472011268, 439724.03082916198764 ], [ 426019.409074141294695, 439715.808782989974134 ], [ 426019.563448022818193, 439715.465049722464755 ], [ 426019.691497677646112, 439715.110666962747928 ], [ 426022.797859983926173, 439705.381207943835761 ], [ 426022.92840812477516, 439704.886126024939585 ], [ 426023.007641434145626, 439704.380289088527206 ], [ 426023.034729075036012, 439703.869001319049858 ], [ 426023.055182671931107, 439691.886017693206668 ], [ 426023.040564026276115, 439691.495324436516967 ], [ 426022.995463821280282, 439691.106967774219811 ], [ 426021.159624070627615, 439679.336210179259069 ], [ 426021.034232742793392, 439678.758799066301435 ], [ 426020.841601276246365, 439678.200211833580397 ], [ 426016.895009620755445, 439668.631890274002217 ], [ 426016.580116791243199, 439667.999375764105935 ], [ 425994.780269500100985, 439631.01682226365665 ], [ 425994.692880616872571, 439630.874086530646309 ], [ 425976.556208951340523, 439602.334589302889071 ], [ 425976.546753598493524, 439602.31976817647228 ], [ 425950.807061634550337, 439562.129184536752291 ], [ 425945.140183089126367, 439550.852870195580181 ], [ 425942.216771271778271, 439541.682625280227512 ], [ 425941.118856118991971, 439531.723028328968212 ], [ 425941.879422521276865, 439521.306468755064998 ], [ 425944.109413047903217, 439510.743059115367942 ], [ 425948.764716290810611, 439500.426483994058799 ], [ 425954.664039013325237, 439493.209728916350286 ], [ 425963.119522557943128, 439486.329747906653211 ], [ 426020.375953959242906, 439450.902584634546656 ], [ 426015.114264885953162, 439442.398783831566107 ], [ 425957.583349375287071, 439477.99578293034574 ] ] ] } },
{ "type": "Feature", "properties": { "highway": "residential", "name": "Raynel Gardens", "source": "OS7", "osm_type": "way", "osm_id": 55091675, "cycleway:left": null, "lanes": null, "maxspeed": "20 mph", "oneway": null, "ref": null, "surface": "asphalt", "lit": null, "source:name": null, "junction": null, "cycleway:both": null, "lane_markings": null, "sidewalk": null, "sidewalk:both:surface": null, "bicycle": null, "maxspeed:type": null, "shoulder": null, "turn:lanes": null }, "geometry": { "type": "Polygon", "coordinates": [ [ [ 426012.529508869280107, 439742.437301730795298 ], [ 426013.159467100573238, 439742.785806743835565 ], [ 426026.525221493153367, 439748.968371224764269 ], [ 426026.829017005860806, 439749.096908083942253 ], [ 426056.407730609469581, 439760.476604918192606 ], [ 426056.765780443733092, 439760.599014472449198 ], [ 426087.776798721286468, 439769.906239792704582 ], [ 426087.78431291889865, 439769.908488578686956 ], [ 426092.381490049767308, 439771.280365336162504 ], [ 426092.696281848242506, 439771.363246552937198 ], [ 426099.226797345443629, 439772.857155015866738 ], [ 426099.467149439384229, 439772.905966955178883 ], [ 426116.599821431096643, 439775.949872547003906 ], [ 426117.025662881031167, 439776.006783367309254 ], [ 426117.45481787197059, 439776.026927242113743 ], [ 426130.620758737146389, 439776.07864408288151 ], [ 426151.4632610718254, 439779.224368090741336 ], [ 426151.820138119277544, 439779.265182115195785 ], [ 426170.173841768119019, 439780.698603034485132 ], [ 426185.167569561803248, 439785.090383826347534 ], [ 426195.011693016334902, 439788.847239783266559 ], [ 426198.5772099076421, 439779.50448380340822 ], [ 426188.546981349820271, 439775.676603740663268 ], [ 426188.169710816873703, 439775.549585777043831 ], [ 426172.486412299505901, 439770.955824296979699 ], [ 426171.983153080218472, 439770.83629554748768 ], [ 426171.470237958186772, 439770.769399798067752 ], [ 426152.777937285311054, 439769.30953451275127 ], [ 426131.751908944279421, 439766.136111231753603 ], [ 426131.025358563172631, 439766.080156233801972 ], [ 426117.924916247779038, 439766.02869667642517 ], [ 426101.337197599990759, 439763.081611156347208 ], [ 426095.085004982596729, 439761.651371312793344 ], [ 426090.647632033040281, 439760.327182872686535 ], [ 426059.82171252410626, 439751.07551057980163 ], [ 426030.573725137335714, 439739.823052682739217 ], [ 426017.685304093058221, 439733.861287127016112 ], [ 426006.63503926055273, 439726.663014468795154 ], [ 426001.176842566754203, 439735.042041193402838 ], [ 426012.529508869280107, 439742.437301730795298 ] ] ] } },
{ "type": "Feature", "properties": { "highway": "residential", "name": "Raynel Mount", "source": "OS7", "osm_type": "way", "osm_id": 55091676, "cycleway:left": null, "lanes": null, "maxspeed": "20 mph", "oneway": null, "ref": null, "surface": "asphalt", "lit": "yes", "source:name": null, "junction": null, "cycleway:both": null, "lane_markings": null, "sidewalk": null, "sidewalk:both:surface": null, "bicycle": null, "maxspeed:type": null, "shoulder": null, "turn:lanes": null }, "geometry": { "type": "Polygon", "coordinates": [ [ [ 426005.527073083736468, 439591.372349010547623 ], [ 426075.491669989540242, 439550.945678915129974 ], [ 426070.488645284669474, 439542.287171895848587 ], [ 426000.511370292340871, 439582.721167593728751 ], [ 426000.486057239002548, 439582.735892928845715 ], [ 425969.809414186980575, 439600.701825214258861 ], [ 425974.863064998527989, 439609.33088156330632 ], [ 426005.527073083736468, 439591.372349010547623 ] ] ] } },
{ "type": "Feature", "properties": { "highway": "residential", "name": "Raynel Green", "source": "OS7", "osm_type": "way", "osm_id": 55091678, "cycleway:left": null, "lanes": null, "maxspeed": "20 mph", "oneway": null, "ref": null, "surface": null, "lit": null, "source:name": null, "junction": null, "cycleway:both": null, "lane_markings": null, "sidewalk": null, "sidewalk:both:surface": null, "bicycle": null, "maxspeed:type": null, "shoulder": null, "turn:lanes": null }, "geometry": { "type": "Polygon", "coordinates": [ [ [ 426163.648032955476083, 439452.086483935767319 ], [ 426190.497229279309977, 439453.485939385253005 ], [ 426219.114165767969098, 439455.036436248046812 ], [ 426219.655183165043127, 439445.051081964105833 ], [ 426191.033122959197499, 439443.500307492737193 ], [ 426191.022874993679579, 439443.499762793944683 ], [ 426163.768452580436133, 439442.0791858236189 ], [ 426163.368797524715774, 439442.074351119808853 ], [ 426162.970033185032662, 439442.101453505048994 ], [ 426142.445088293403387, 439444.323497107659932 ], [ 426143.521405618172139, 439454.265405426325742 ], [ 426163.648032955476083, 439452.086483935767319 ] ] ] } },
{ "type": "Feature", "properties": { "highway": "residential", "name": "Raynel Close", "source": "OS7", "osm_type": "way", "osm_id": 55091690, "cycleway:left": null, "lanes": null, "maxspeed": "20 mph", "oneway": null, "ref": null, "surface": null, "lit": null, "source:name": "OS_OpenData_Locator", "junction": null, "cycleway:both": null, "lane_markings": null, "sidewalk": null, "sidewalk:both:surface": null, "bicycle": null, "maxspeed:type": null, "shoulder": null, "turn:lanes": null }, "geometry": { "type": "Polygon", "coordinates": [ [ [ 426047.645383892580867, 439502.993323247879744 ], [ 426042.924059944692999, 439494.178046724759042 ], [ 425997.072641027567443, 439518.735348087968305 ], [ 426001.79396497545531, 439527.550624611089006 ], [ 426047.645383892580867, 439502.993323247879744 ] ] ] } },
{ "type": "Feature", "properties": { "highway": "residential", "name": "Farrar Lane", "source": "OS7", "osm_type": "way", "osm_id": 55091697, "cycleway:left": null, "lanes": null, "maxspeed": "20 mph", "oneway": null, "ref": null, "surface": null, "lit": null, "source:name": null, "junction": null, "cycleway:both": null, "lane_markings": null, "sidewalk": null, "sidewalk:both:surface": null, "bicycle": null, "maxspeed:type": null, "shoulder": null, "turn:lanes": null }, "geometry": { "type": "Polygon", "coordinates": [ [ [ 425952.33692728279857, 439825.901268230343703 ], [ 426018.986383410985582, 439837.451253475795966 ], [ 426019.159401688491926, 439837.478125160152558 ], [ 426093.916183857596479, 439847.751615863933694 ], [ 426094.577680044865701, 439847.798134907439817 ], [ 426120.416277385491412, 439847.897528945177328 ], [ 426130.371449977974407, 439847.930751369101927 ], [ 426130.404821161995642, 439837.930807051016018 ], [ 426120.453470343083609, 439837.897598030103836 ], [ 426094.94844093779102, 439837.799487137235701 ], [ 426020.60760547866812, 439827.583158132154495 ], [ 425953.969353131600656, 439816.035114440543111 ], [ 425953.818851473159157, 439816.011389290273655 ], [ 425942.979882719519082, 439814.471589957771357 ], [ 425941.573390118486714, 439824.372184816806111 ], [ 425952.33692728279857, 439825.901268230343703 ] ] ] } },
{ "type": "Feature", "properties": { "highway": "residential", "name": "Farrar Croft", "source": "OS7", "osm_type": "way", "osm_id": 55092221, "cycleway:left": null, "lanes": null, "maxspeed": null, "oneway": null, "ref": null, "surface": null, "lit": null, "source:name": "OS_OpenData_Locator", "junction": null, "cycleway:both": null, "lane_markings": null, "sidewalk": null, "sidewalk:both:surface": null, "bicycle": null, "maxspeed:type": null, "shoulder": null, "turn:lanes": null }, "geometry": { "type": "Polygon", "coordinates": [ [ [ 426438.142399797739927, 439952.357261539378669 ], [ 426438.064782668894622, 439951.924054096394684 ], [ 426437.949371744063683, 439951.499350169149693 ], [ 426437.797061195364222, 439951.086440246668644 ], [ 426433.051567175483797, 439939.78078733140137 ], [ 426427.600407790101599, 439915.111093028215691 ], [ 426417.835946252860595, 439917.268705339869484 ], [ 426423.384428598335944, 439942.378843134851195 ], [ 426423.501104470633436, 439942.813141909427941 ], [ 426423.656329618941527, 439943.235200955183245 ], [ 426428.319319525500759, 439954.344296280236449 ], [ 426432.11954425345175, 439982.692096110375132 ], [ 426442.030880954232998, 439981.363410743477289 ], [ 426438.142399797739927, 439952.357261539378669 ] ] ] } },
{ "type": "Feature", "properties": { "highway": "residential", "name": "New Adel Gardens", "source": "OS7", "osm_type": "way", "osm_id": 55093973, "cycleway:left": null, "lanes": null, "maxspeed": null, "oneway": null, "ref": null, "surface": null, "lit": null, "source:name": null, "junction": null, "cycleway:both": null, "lane_markings": null, "sidewalk": null, "sidewalk:both:surface": null, "bicycle": null, "maxspeed:type": null, "shoulder": null, "turn:lanes": null }, "geometry": { "type": "Polygon", "coordinates": [ [ [ 426219.645760304119904, 439277.821893444226589 ], [ 426220.064769199409056, 439277.870818133291323 ], [ 426220.486410896235611, 439277.884247915353626 ], [ 426220.907683945260942, 439277.862087190616876 ], [ 426227.98387169605121, 439277.189577531418763 ], [ 426228.207998473255429, 439277.163160863448866 ], [ 426234.515651901834644, 439276.274960839538835 ], [ 426234.920809370058123, 439276.200776409532409 ], [ 426235.318486066767946, 439276.093495709646959 ], [ 426235.705983264022507, 439275.953846771910321 ], [ 426241.548309305158909, 439273.572118265263271 ], [ 426241.917464728641789, 439273.403851380688138 ], [ 426242.271763160766568, 439273.206210058822762 ], [ 426247.49365514551755, 439270.008791285741609 ], [ 426247.866132783703506, 439269.757018253090791 ], [ 426248.214488720579538, 439269.472804614866618 ], [ 426253.881054322235286, 439264.408652040467132 ], [ 426254.195139476214536, 439264.102125710167456 ], [ 426254.481135535985231, 439263.769238148292061 ], [ 426271.872646551579237, 439241.63022776064463 ], [ 426287.464826296782121, 439224.419261535280384 ], [ 426292.193847041635308, 439221.186569910205435 ], [ 426303.577265521627851, 439215.65687456750311 ], [ 426319.649688400735613, 439210.589708868181333 ], [ 426330.046699649014045, 439207.536951934976969 ], [ 426332.935260330268648, 439207.024487943795975 ], [ 426341.534616590710357, 439205.504245732736308 ], [ 426339.79375516215805, 439195.656941457593348 ], [ 426331.192904813797213, 439197.177447801863309 ], [ 426328.028798201994505, 439197.738795884943102 ], [ 426327.493588645011187, 439197.864443861471955 ], [ 426316.78489910881035, 439201.008715368632693 ], [ 426316.690119857841637, 439201.037567319523077 ], [ 426300.219827879336663, 439206.230169530084822 ], [ 426299.5385218487354, 439206.501345913799014 ], [ 426287.492294001684058, 439212.353012541017961 ], [ 426287.167003074486274, 439212.526123736752197 ], [ 426286.855344652140047, 439212.722721552592702 ], [ 426281.334074916841928, 439216.496983370394446 ], [ 426280.869482239475474, 439216.856362783699296 ], [ 426280.450239879777655, 439217.267745528079104 ], [ 426264.343745180172846, 439235.046423096850049 ], [ 426264.117355973343365, 439235.314666997001041 ], [ 426246.889258251467254, 439257.245655861741398 ], [ 426241.887122793414164, 439261.716013912518974 ], [ 426237.396663655003067, 439264.465568746440113 ], [ 426232.506164749735035, 439266.459267929312773 ], [ 426226.92538922931999, 439267.245114045741502 ], [ 426220.595082674059086, 439267.846736339270137 ], [ 426201.089983583253343, 439264.730333944025915 ], [ 426199.512257219466846, 439274.605088600248564 ], [ 426219.645760304119904, 439277.821893444226589 ] ] ] } },
{ "type": "Feature", "properties": { "highway": "residential", "name": "New Adel Avenue", "source": "OS7", "osm_type": "way", "osm_id": 55093974, "cycleway:left": null, "lanes": null, "maxspeed": null, "oneway": null, "ref": null, "surface": null, "lit": null, "source:name": "OS_OpenData_Locator", "junction": null, "cycleway:both": null, "lane_markings": null, "sidewalk": null, "sidewalk:both:surface": null, "bicycle": null, "maxspeed:type": null, "shoulder": null, "turn:lanes": null }, "geometry": { "type": "Polygon", "coordinates": [ [ [ 426282.330923479865305, 439225.279831337218639 ], [ 426285.980552352149971, 439215.969610658066813 ], [ 426231.270514588453807, 439194.523144424369093 ], [ 426227.620885716169141, 439203.833365103520919 ], [ 426282.330923479865305, 439225.279831337218639 ] ] ] } },
{ "type": "Feature", "properties": { "highway": "residential", "name": "Magdalene Close", "source": "OS7", "osm_type": "way", "osm_id": 55093976, "cycleway:left": null, "lanes": null, "maxspeed": null, "oneway": null, "ref": null, "surface": null, "lit": null, "source:name": null, "junction": null, "cycleway:both": null, "lane_markings": null, "sidewalk": null, "sidewalk:both:surface": null, "bicycle": null, "maxspeed:type": null, "shoulder": null, "turn:lanes": null }, "geometry": { "type": "Polygon", "coordinates": [ [ [ 426293.839206214528531, 439110.960883276653476 ], [ 426292.169290357967839, 439082.603585902659688 ], [ 426290.926393572124653, 439061.464393105765339 ], [ 426290.696283456578385, 439057.335122836171649 ], [ 426291.496139578695875, 439054.776283648388926 ], [ 426292.623297436861321, 439053.299420282943174 ], [ 426294.992040826939046, 439051.992247224785388 ], [ 426325.988218856567983, 439047.845389047462959 ], [ 426336.93101697450038, 439046.3825632383232 ], [ 426335.606010392657481, 439036.470734065107536 ], [ 426324.662952408893034, 439037.933594612928573 ], [ 426292.735325729765464, 439042.205067656817846 ], [ 426292.278862600855064, 439042.287848964100704 ], [ 426291.832036518142559, 439042.412579813099001 ], [ 426291.398693963128608, 439042.578186464146711 ], [ 426290.982565344893374, 439042.783243300160393 ], [ 426286.870927486917935, 439045.052219439763576 ], [ 426286.430921016144566, 439045.325688207871281 ], [ 426286.021573264035396, 439045.64321817382006 ], [ 426285.6472788383835, 439046.001400451932568 ], [ 426285.312056027294602, 439046.396389728179201 ], [ 426283.012139000755269, 439049.409865769091994 ], [ 426282.762961301894393, 439049.767689915024675 ], [ 426282.545906298328191, 439050.14586285216501 ], [ 426282.362624716246501, 439050.541508535388857 ], [ 426282.21451043151319, 439050.951618037419394 ], [ 426280.881317831925116, 439055.216666931053624 ], [ 426280.766918254783377, 439055.649958804715425 ], [ 426280.691774207632989, 439056.091753421293106 ], [ 426280.656489335000515, 439056.53850177192362 ], [ 426280.661347086017486, 439056.986615053727292 ], [ 426280.942310301819816, 439062.028431886341423 ], [ 426280.943184744450264, 439062.043703037372325 ], [ 426282.186543958843686, 439083.190760819881689 ], [ 426283.85660683439346, 439111.55055512546096 ], [ 426284.331898783973884, 439119.523306844523177 ], [ 426294.314176440995652, 439118.928216282045469 ], [ 426293.839206214528531, 439110.960883276653476 ] ] ] } },
{ "type": "Feature", "properties": { "highway": "residential", "name": "Hollycroft Court", "source": "OS7", "osm_type": "way", "osm_id": 55093977, "cycleway:left": null, "lanes": null, "maxspeed": null, "oneway": null, "ref": null, "surface": null, "lit": null, "source:name": null, "junction": null, "cycleway:both": null, "lane_markings": null, "sidewalk": null, "sidewalk:both:surface": null, "bicycle": null, "maxspeed:type": null, "shoulder": null, "turn:lanes": null }, "geometry": { "type": "Polygon", "coordinates": [ [ [ 426378.979298151913099, 439312.311862807662692 ], [ 426379.095549617370125, 439311.598094435583334 ], [ 426379.601076490769628, 439305.937617116200272 ], [ 426379.620509758184198, 439305.430548920005094 ], [ 426379.588447861606255, 439304.924122378171887 ], [ 426378.886113089858554, 439298.789543050166685 ], [ 426378.81789743778063, 439298.360007137234788 ], [ 426375.57271747966297, 439282.433072827465367 ], [ 426375.139079414308071, 439272.98859925736906 ], [ 426376.821926608216017, 439266.586858090129681 ], [ 426384.702399030036759, 439254.005599581112619 ], [ 426376.227622973208781, 439248.697288099501748 ], [ 426367.942588238103781, 439261.924434668791946 ], [ 426367.696920152986422, 439262.364497393777128 ], [ 426367.496801354340278, 439262.82705601316411 ], [ 426367.344265113293659, 439263.307410783250816 ], [ 426365.273625458183233, 439271.184358357917517 ], [ 426365.170113657251932, 439271.678314329881687 ], [ 426365.116924081288744, 439272.180188880185597 ], [ 426365.114598641055636, 439272.684868766344152 ], [ 426365.601064244867302, 439283.279906207229942 ], [ 426365.633848996134475, 439283.666221631516237 ], [ 426365.696467877482064, 439284.048835435009096 ], [ 426368.975771424651612, 439300.14324401988415 ], [ 426369.595405119122006, 439305.555466517980676 ], [ 426369.167441445344593, 439310.347454434435349 ], [ 426367.856662536039948, 439315.850534656026866 ], [ 426377.584516843082383, 439318.167612682387698 ], [ 426378.979298151913099, 439312.311862807662692 ] ] ] } },
{ "type": "Feature", "properties": { "highway": "residential", "name": null, "source": "OS7", "osm_type": "way", "osm_id": 55094036, "cycleway:left": null, "lanes": null, "maxspeed": null, "oneway": null, "ref": null, "surface": null, "lit": null, "source:name": null, "junction": null, "cycleway:both": null, "lane_markings": null, "sidewalk": null, "sidewalk:both:surface": null, "bicycle": null, "maxspeed:type": null, "shoulder": null, "turn:lanes": null }, "geometry": { "type": "Polygon", "coordinates": [ [ [ 426436.4178001555847, 439367.215146155387629 ], [ 426434.070853814133443, 439364.024041048949584 ], [ 426437.33486060181167, 439294.815815427456982 ], [ 426427.345963412313722, 439294.344717838452198 ], [ 426423.998467211960815, 439365.323207581066526 ], [ 426423.999213525094092, 439365.809629894793034 ], [ 426424.047221679647919, 439366.29367786902003 ], [ 426424.142037312558386, 439366.770770333881956 ], [ 426424.282763061346486, 439367.236391948361415 ], [ 426424.46806705679046, 439367.686135935073253 ], [ 426424.69619552831864, 439368.115745786810294 ], [ 426424.964989402214997, 439368.521155551890843 ], [ 426429.985654177202377, 439375.347672510542907 ], [ 426430.30245309980819, 439375.73602441616822 ], [ 426430.656538278388325, 439376.090710821736138 ], [ 426431.044352165830787, 439376.408168139518239 ], [ 426431.461998337821569, 439376.68520682817325 ], [ 426431.905280640290584, 439376.919043438334484 ], [ 426432.369745349395089, 439377.107328578422312 ], [ 426432.850725918309763, 439377.248170519247651 ], [ 426433.343389862915501, 439377.34015420061769 ], [ 426433.8427873144974, 439377.382355448789895 ], [ 426434.343900751671754, 439377.374350261408836 ], [ 426452.462284267239738, 439376.174756105989218 ], [ 426451.80164392729057, 439366.196602251613513 ], [ 426436.4178001555847, 439367.215146155387629 ] ] ] } },
{ "type": "Feature", "properties": { "highway": "residential", "name": "Redesdale Gardens", "source": "OS7", "osm_type": "way", "osm_id": 55094058, "cycleway:left": null, "lanes": null, "maxspeed": null, "oneway": null, "ref": null, "surface": null, "lit": null, "source:name": "OS_OpenData_Locator", "junction": "roundabout", "cycleway:both": null, "lane_markings": null, "sidewalk": null, "sidewalk:both:surface": null, "bicycle": null, "maxspeed:type": null, "shoulder": null, "turn:lanes": null }, "geometry": { "type": "Polygon", "coordinates": [ [ [ 426499.777519964147359, 439433.413685654930305 ], [ 426499.750406666076742, 439433.895593786146492 ], [ 426499.769886023190338, 439434.377870814932976 ], [ 426499.83577651088126, 439434.856022487045266 ], [ 426499.947464107302949, 439435.32559299148852 ], [ 426501.186394191288855, 439439.605124480032828 ], [ 426501.345458154100925, 439440.068315358832479 ], [ 426501.549073452420998, 439440.513722975214478 ], [ 426501.795286624401342, 439440.937074139597826 ], [ 426502.081735529121943, 439441.33430726948427 ], [ 426505.543963954143692, 439445.670915828261059 ], [ 426505.868401835672557, 439446.038735134236049 ], [ 426506.227315547585022, 439446.372998396109324 ], [ 426506.617251608055085, 439446.670489319658373 ], [ 426507.034458036941942, 439446.92834543553181 ], [ 426510.943197051296011, 439449.086712762713432 ], [ 426511.366178264317568, 439449.294890469231177 ], [ 426511.806885948579293, 439449.462305525725242 ], [ 426512.261402193922549, 439449.587469605205115 ], [ 426512.725686331628822, 439449.669269993668422 ], [ 426517.912578221410513, 439450.332809989340603 ], [ 426518.38683834602125, 439450.37066034541931 ], [ 426518.862548964680173, 439450.363262881524861 ], [ 426519.335402892436832, 439450.310684575757477 ], [ 426519.801118809264153, 439450.213401483371854 ], [ 426524.129711509740446, 439449.091871748678386 ], [ 426524.666879214753862, 439448.91982727474533 ], [ 426525.181251620117109, 439448.688376474427059 ], [ 426525.666282854508609, 439448.400464776146691 ], [ 426529.225784659618512, 439446.006180802418385 ], [ 426529.571742515778169, 439445.751214733638335 ], [ 426529.894527792988811, 439445.467482114385348 ], [ 426530.191755824256688, 439445.157079099095426 ], [ 426530.461230753862765, 439444.822298877523281 ], [ 426533.113115763233509, 439441.221233258373104 ], [ 426533.386691766616423, 439440.808369489968754 ], [ 426533.618079324485734, 439440.370465255051386 ], [ 426533.805008059134707, 439439.911817275569774 ], [ 426534.841433160123415, 439436.958067052066326 ], [ 426534.98231063853018, 439436.482180378166959 ], [ 426535.07531572697917, 439435.994671769207343 ], [ 426535.11953208502382, 439435.50034444447374 ], [ 426535.296086895628832, 439431.039668044249993 ], [ 426535.287858953059185, 439430.493710271839518 ], [ 426535.220148266642354, 439429.951905093563255 ], [ 426535.093762320291717, 439429.420713808911387 ], [ 426533.976949302305002, 439425.65367991180392 ], [ 426533.820371705282014, 439425.204992762824986 ], [ 426533.621904237254057, 439424.773197249043733 ], [ 426533.38333974784473, 439424.362193981476594 ], [ 426533.106833301659208, 439423.975695745029952 ], [ 426529.540361243882217, 439419.46046082401881 ], [ 426529.212445035227574, 439419.085359029937536 ], [ 426528.848826034227386, 439418.744754247309174 ], [ 426528.453114692529198, 439418.442028414516244 ], [ 426528.029240113333799, 439418.180187361722346 ], [ 426523.825332675303798, 439415.864370947878342 ], [ 426523.421737696451601, 439415.665168922103476 ], [ 426523.001864719612058, 439415.50306698679924 ], [ 426522.569115897640586, 439415.379378623969387 ], [ 426522.126997713698074, 439415.295106057310477 ], [ 426517.473006908432581, 439414.623450860730372 ], [ 426516.979145507561043, 439414.57703795254929 ], [ 426516.483115589944646, 439414.57978789054323 ], [ 426515.98979914636584, 439414.631673609372228 ], [ 426515.504051461233757, 439414.732184443098959 ], [ 426511.807925729255658, 439415.690401138563175 ], [ 426511.367896816052962, 439415.826391280628741 ], [ 426510.942247798084281, 439416.002293744124472 ], [ 426510.534590200986713, 439416.216616040503141 ], [ 426506.679797863587737, 439418.475724032206926 ], [ 426506.299390677828342, 439418.722493503242731 ], [ 426505.942903609713539, 439419.002710863598622 ], [ 426505.613268477318343, 439419.314071552013047 ], [ 426503.826545023417566, 439421.162073112209328 ], [ 426503.522525040141772, 439421.506926428177394 ], [ 426503.251464540371671, 439421.878245920350309 ], [ 426503.015655090857763, 439422.272892424603924 ], [ 426500.907977057329845, 439426.199711711611599 ], [ 426500.699622415588237, 439426.637627012270968 ], [ 426500.534671675472055, 439427.093667274340987 ], [ 426500.414676571264863, 439427.563542409159709 ], [ 426500.340765927976463, 439428.042832179635298 ], [ 426499.777519964147359, 439433.413685654930305 ] ], [ [ 426509.824974463612307, 439433.48410187731497 ], [ 426510.183735879370943, 439430.063118647260126 ], [ 426511.498366396874189, 439427.613827821332961 ], [ 426512.32665652706055, 439426.757130356796551 ], [ 426514.990721063455567, 439425.195850537333172 ], [ 426517.040037388156634, 439424.664567442785483 ], [ 426519.797625853621867, 439425.062537421763409 ], [ 426522.319282131968066, 439426.45164816826582 ], [ 426524.662985582486726, 439429.418830160109792 ], [ 426525.27120921772439, 439431.470381327730138 ], [ 426525.157030306989327, 439434.355123866465874 ], [ 426524.616934152145404, 439435.894365956017282 ], [ 426522.923956148908474, 439438.193306091008708 ], [ 426520.794172336230986, 439439.625896248151548 ], [ 426518.225724437041208, 439440.291375975648407 ], [ 426514.941462437214796, 439439.871232421603054 ], [ 426512.738608344923705, 439438.654838008456863 ], [ 426510.515936669078656, 439435.87083423131844 ], [ 426509.824974463612307, 439433.48410187731497 ] ] ] } },
{ "type": "Feature", "properties": { "highway": "residential", "name": "Redesdale Gardens", "source": "OS7", "osm_type": "way", "osm_id": 55094104, "cycleway:left": null, "lanes": null, "maxspeed": null, "oneway": null, "ref": null, "surface": null, "lit": null, "source:name": "OS_OpenData_Locator", "junction": "roundabout", "cycleway:both": null, "lane_markings": null, "sidewalk": null, "sidewalk:both:surface": null, "bicycle": null, "maxspeed:type": null, "shoulder": null, "turn:lanes": null }, "geometry": { "type": "Polygon", "coordinates": [ [ [ 426665.945180063717999, 439455.577298282529227 ], [ 426666.451530937338248, 439455.684162648918573 ], [ 426666.966215425811242, 439455.738117050088476 ], [ 426667.483719998213928, 439455.738583502359688 ], [ 426672.004637127160095, 439455.508395638898946 ], [ 426672.530647573061287, 439455.453608095471282 ], [ 426673.047928801213857, 439455.343568124866579 ], [ 426673.550693703757133, 439455.179506804386619 ], [ 426677.045110237435438, 439453.830844722280744 ], [ 426677.526540571707301, 439453.615209820622113 ], [ 426677.982573004614096, 439453.350053267437033 ], [ 426678.408131465141196, 439453.038326505280565 ], [ 426681.911161028780043, 439450.176528877404053 ], [ 426682.281030288548209, 439449.842272124486044 ], [ 426682.615775194368325, 439449.472844602132682 ], [ 426682.912067968805786, 439449.071918875852134 ], [ 426684.65059229999315, 439446.455988047702704 ], [ 426684.888414413726423, 439446.059524386655539 ], [ 426685.088600196992047, 439445.642788925615605 ], [ 426685.249438119004481, 439445.209344632632565 ], [ 426685.36955306190066, 439444.762897331384011 ], [ 426686.760766666790005, 439438.439907175023109 ], [ 426686.847561562433839, 439437.912456717225723 ], [ 426686.877551966579631, 439437.378754632722121 ], [ 426686.850395104207564, 439436.844900866097305 ], [ 426686.76640136440983, 439436.316997095476836 ], [ 426685.817912186030298, 439431.894427612540312 ], [ 426685.671418731159065, 439431.358544391929172 ], [ 426685.466379941382911, 439430.842220604827162 ], [ 426685.205327071016654, 439430.351830395578872 ], [ 426683.067563485121354, 439426.823729532014113 ], [ 426682.783821861725301, 439426.404845818702597 ], [ 426682.459201318619307, 439426.016780905076303 ], [ 426682.097025617957115, 439425.663508154917508 ], [ 426681.701003046007827, 439425.348644697747659 ], [ 426676.544490332831629, 439421.658725268614944 ], [ 426676.169627373456024, 439421.415059522492811 ], [ 426675.774496450496372, 439421.205854389176238 ], [ 426675.362256955355406, 439421.032782632973976 ], [ 426674.9362050765194, 439420.897228102723602 ], [ 426674.49974744359497, 439420.800274666631594 ], [ 426669.393126335169654, 439419.903365106089041 ], [ 426668.933540579746477, 439419.844442744913977 ], [ 426668.470473760680761, 439419.828317225794308 ], [ 426668.007902527519036, 439419.855127028829884 ], [ 426667.549799273896497, 439419.924641921243165 ], [ 426663.104066898289602, 439420.811716889089439 ], [ 426662.67848287668312, 439420.916218184516765 ], [ 426662.26368370174896, 439421.057582694396842 ], [ 426661.862855732615571, 439421.234724500158336 ], [ 426659.797875078336801, 439422.257733015983831 ], [ 426659.414510688860901, 439422.469039317104034 ], [ 426659.051097316667438, 439422.713066628959496 ], [ 426658.710420432384126, 439422.987944544642232 ], [ 426658.395091237209272, 439423.291566195199266 ], [ 426653.762248669576366, 439428.160825795144774 ], [ 426653.409348323009908, 439428.57464589207666 ], [ 426653.103481208905578, 439429.024346943595447 ], [ 426652.848266172339208, 439429.504608343588188 ], [ 426652.646722771867644, 439430.009747913340107 ], [ 426651.20133202400757, 439434.29631027393043 ], [ 426651.067994610697497, 439434.766502814134583 ], [ 426650.981198970985133, 439435.24746685399441 ], [ 426650.941774384758901, 439435.734607072663493 ], [ 426650.845687749562785, 439438.74930850265082 ], [ 426650.85363301995676, 439439.232196031487547 ], [ 426650.908129185205325, 439439.712064410152379 ], [ 426651.008667810296174, 439440.184436591516715 ], [ 426652.161430992244277, 439444.55253047082806 ], [ 426652.300135650497396, 439444.994146215671208 ], [ 426652.479085648374166, 439445.421042393427342 ], [ 426652.696747287991457, 439445.829560274200048 ], [ 426652.951255092164502, 439446.216198640060611 ], [ 426655.947465453471523, 439450.338869163184427 ], [ 426656.239607280236669, 439450.703689216519706 ], [ 426656.564537170925178, 439451.039637254667468 ], [ 426656.919416011543944, 439451.343777891073842 ], [ 426657.301143005257472, 439451.613453660276718 ], [ 426661.116127735294867, 439454.049573847907595 ], [ 426661.562968434067443, 439454.303566547401715 ], [ 426662.033523308869917, 439454.510344232956413 ], [ 426662.522819932899438, 439454.667721852660179 ], [ 426665.945180063717999, 439455.577298282529227 ] ], [ [ 426667.757113983447198, 439445.711709422466811 ], [ 426665.842803254141472, 439445.202934234519489 ], [ 426663.480537655821536, 439443.694471338938456 ], [ 426661.591342567291576, 439441.095011366240215 ], [ 426660.863862087542657, 439438.338414798257872 ], [ 426660.913166609592736, 439436.791494012286421 ], [ 426661.769218659843318, 439434.252719980024267 ], [ 426665.029933648882434, 439430.825608540035319 ], [ 426665.709416254016105, 439430.488987230753992 ], [ 426668.586898515408393, 439429.914831553178374 ], [ 426671.649872128327843, 439430.452801819425076 ], [ 426675.046952118107583, 439432.883698852732778 ], [ 426676.216721979726572, 439434.814251925097778 ], [ 426676.760960898944177, 439437.351902844500728 ], [ 426675.804221070313361, 439441.700233321869746 ], [ 426675.000790355145, 439442.909143164695706 ], [ 426672.699714674148709, 439444.789005382801406 ], [ 426670.696781820559409, 439445.562032744172029 ], [ 426667.757113983447198, 439445.711709422466811 ] ] ] } },
{ "type": "Feature", "properties": { "highway": "residential", "name": "Redesdale Gardens", "source": "OS7", "osm_type": "way", "osm_id": 55094133, "cycleway:left": null, "lanes": null, "maxspeed": null, "oneway": null, "ref": null, "surface": null, "lit": null, "source:name": null, "junction": null, "cycleway:both": null, "lane_markings": null, "sidewalk": null, "sidewalk:both:surface": null, "bicycle": null, "maxspeed:type": null, "shoulder": null, "turn:lanes": null }, "geometry": { "type": "Polygon", "coordinates": [ [ [ 426800.737383238854818, 439441.944876629160717 ], [ 426800.660984572838061, 439442.461393175413832 ], [ 426800.638867283181753, 439442.983060621423647 ], [ 426800.671272559906356, 439443.504190160718281 ], [ 426801.178878689534031, 439447.924265056906734 ], [ 426801.247061856614891, 439448.352883953426499 ], [ 426801.352157924906351, 439448.773975296411663 ], [ 426801.493375045596622, 439449.1843663630425 ], [ 426801.669649214833044, 439449.580965051893145 ], [ 426803.640363624203019, 439453.542098743957467 ], [ 426803.850911341083702, 439453.922808023868129 ], [ 426804.093756324320566, 439454.283773688424844 ], [ 426804.367060044023674, 439454.622262940392829 ], [ 426804.668753373494837, 439454.935713146696799 ], [ 426807.901056208007503, 439458.013952555600554 ], [ 426808.232459622493479, 439458.302866890619043 ], [ 426808.587962004181463, 439458.561551588063594 ], [ 426808.964814612758346, 439458.788006500806659 ], [ 426809.360103628074285, 439458.980480682046618 ], [ 426813.494465771247633, 439460.773222207848448 ], [ 426813.983549519092776, 439460.955600882414728 ], [ 426814.488981814065482, 439461.085996773967054 ], [ 426815.005254153918941, 439461.162988750438672 ], [ 426815.526739895169158, 439461.185737707302906 ], [ 426821.730811585730407, 439461.132218884071335 ], [ 426822.251887750346214, 439461.100470021076035 ], [ 426822.766813423251733, 439461.014563612698112 ], [ 426823.269975330564193, 439460.875436136149801 ], [ 426823.755888436571695, 439460.684604238893371 ], [ 426827.818964630481787, 439458.838620993716177 ], [ 426828.299350117042195, 439458.588127722963691 ], [ 426828.749813382106367, 439458.287129481672309 ], [ 426829.165065678826068, 439457.939160195062868 ], [ 426829.540231661405414, 439457.548305260424968 ], [ 426833.838423598790541, 439452.554905779019464 ], [ 426834.169735714618582, 439452.124827152234502 ], [ 426834.452466174552683, 439451.661363204999361 ], [ 426834.683281752280891, 439451.169977905636188 ], [ 426834.859461267362349, 439450.656464398722164 ], [ 426836.074758965929504, 439446.368637563893571 ], [ 426836.178799290326424, 439445.925616901309695 ], [ 426836.242129095946439, 439445.47497177234618 ], [ 426836.264223779609893, 439445.020435171492863 ], [ 426836.271718414325733, 439442.561548243917059 ], [ 426836.254536769993138, 439442.131877862208057 ], [ 426836.200500011793338, 439441.705272805294953 ], [ 426836.110007821349427, 439441.284888446272817 ], [ 426835.983729521627538, 439440.873834147118032 ], [ 426833.866606722294819, 439434.909104449092411 ], [ 426833.672477717977017, 439434.439394987246487 ], [ 426833.431667837663554, 439433.991819685907103 ], [ 426833.146665254607797, 439433.571003126678988 ], [ 426832.820414764399175, 439433.181293405941688 ], [ 426832.456287357315887, 439432.82671720784856 ], [ 426827.527263921045233, 439428.492602239653934 ], [ 426827.102469045261387, 439428.15801415295573 ], [ 426826.644026269845199, 439427.871256248210557 ], [ 426826.157297539175488, 439427.635682444495615 ], [ 426825.647975630010478, 439427.454048011801206 ], [ 426821.365875121438876, 439426.18339355266653 ], [ 426820.907004403648898, 439426.070522571448237 ], [ 426820.439527534414083, 439426.001474973862059 ], [ 426819.967620058101602, 439425.976867499120999 ], [ 426819.495497093710583, 439425.996919943252578 ], [ 426814.262666384456679, 439426.467672702623531 ], [ 426813.791102449409664, 439426.53284881770378 ], [ 426813.327874174923636, 439426.642575917940121 ], [ 426812.87718064134242, 439426.79585934698116 ], [ 426812.443107303930447, 439426.99130961834453 ], [ 426808.46451915462967, 439429.01580779615324 ], [ 426808.037136246974114, 439429.260492885310668 ], [ 426807.635897159634624, 439429.546034716593567 ], [ 426807.264694344135933, 439429.869663226476405 ], [ 426805.035372577665839, 439432.015431576000992 ], [ 426804.698154305748176, 439432.373599998478312 ], [ 426804.397764680499677, 439432.76317265513353 ], [ 426804.137111482850742, 439433.180378470453434 ], [ 426801.963589062041137, 439437.07330839370843 ], [ 426801.735369453846943, 439437.536821250803769 ], [ 426801.556199131475296, 439438.02141010115156 ], [ 426801.427991120668594, 439438.521900924504735 ], [ 426800.737383238854818, 439441.944876629160717 ] ], [ [ 426810.696111807366833, 439443.148158025287557 ], [ 426811.075895076268353, 439441.265774495142978 ], [ 426812.505893411231227, 439438.704547955654562 ], [ 426813.66310913459165, 439437.59070386638632 ], [ 426816.118927644565701, 439436.341064569249284 ], [ 426819.438460377568845, 439436.042434768169187 ], [ 426821.749411024386063, 439436.728177603567019 ], [ 426824.877231459831819, 439439.478485761384945 ], [ 426826.269116537412629, 439443.399948541424237 ], [ 426826.266364556446206, 439444.302835768903606 ], [ 426825.539416328596417, 439446.867662578413729 ], [ 426822.679802798607852, 439450.189801962987985 ], [ 426820.584564014279749, 439451.141734810429625 ], [ 426816.500338611018378, 439451.176966985047329 ], [ 426814.153818672057241, 439450.15946934215026 ], [ 426812.20186786330305, 439448.300555678608362 ], [ 426811.013509380631149, 439445.911956497700885 ], [ 426810.696111807366833, 439443.148158025287557 ] ] ] } },
{ "type": "Feature", "properties": { "highway": "residential", "name": "Redesdale Gardens", "source": "OS7", "osm_type": "way", "osm_id": 55094135, "cycleway:left": null, "lanes": null, "maxspeed": null, "oneway": null, "ref": null, "surface": null, "lit": null, "source:name": null, "junction": null, "cycleway:both": null, "lane_markings": null, "sidewalk": null, "sidewalk:both:surface": null, "bicycle": null, "maxspeed:type": null, "shoulder": null, "turn:lanes": null }, "geometry": { "type": "Polygon", "coordinates": [ [ [ 426730.265085226739757, 439434.003825699095614 ], [ 426730.174599083373323, 439433.999937354761641 ], [ 426682.046978151716758, 439432.368354265869129 ], [ 426681.708161006041337, 439442.362612764758524 ], [ 426729.790521258255467, 439443.992661463271361 ], [ 426805.378729251562618, 439447.92697511613369 ], [ 426805.898518683970906, 439437.940493305912241 ], [ 426730.265085226739757, 439434.003825699095614 ] ] ] } },
{ "type": "Feature", "properties": { "highway": "residential", "name": "Redesdale Gardens", "source": "OS7", "osm_type": "way", "osm_id": 55094136, "cycleway:left": null, "lanes": null, "maxspeed": null, "oneway": null, "ref": null, "surface": null, "lit": null, "source:name": null, "junction": null, "cycleway:both": null, "lane_markings": null, "sidewalk": null, "sidewalk:both:surface": null, "bicycle": null, "maxspeed:type": null, "shoulder": null, "turn:lanes": null }, "geometry": { "type": "Polygon", "coordinates": [ [ [ 426504.495207283121999, 439438.92867115791887 ], [ 426505.00529262929922, 439428.941688984166831 ], [ 426422.715301693766378, 439424.738725787959993 ], [ 426422.205216347589158, 439434.725707961712033 ], [ 426504.495207283121999, 439438.92867115791887 ] ] ] } },
{ "type": "Feature", "properties": { "highway": "residential", "name": "Redesdale Gardens", "source": "OS7", "osm_type": "way", "osm_id": 55094140, "cycleway:left": null, "lanes": null, "maxspeed": null, "oneway": null, "ref": null, "surface": null, "lit": null, "source:name": null, "junction": null, "cycleway:both": null, "lane_markings": null, "sidewalk": null, "sidewalk:both:surface": null, "bicycle": null, "maxspeed:type": null, "shoulder": null, "turn:lanes": null }, "geometry": { "type": "Polygon", "coordinates": [ [ [ 426603.643807065091096, 439442.409191060112789 ], [ 426655.699388887849636, 439443.906523899931926 ], [ 426655.986911137006246, 439433.910658206732478 ], [ 426603.930982868012507, 439432.413315401703585 ], [ 426530.266512059490196, 439430.304645156662446 ], [ 426529.980375911109149, 439440.300550623622257 ], [ 426603.643807065091096, 439442.409191060112789 ] ] ] } },
{ "type": "Feature", "properties": { "highway": "residential", "name": "Otterburn Gardens", "source": "OS7", "osm_type": "way", "osm_id": 55094142, "cycleway:left": null, "lanes": null, "maxspeed": null, "oneway": null, "ref": null, "surface": null, "lit": null, "source:name": null, "junction": null, "cycleway:both": null, "lane_markings": null, "sidewalk": null, "sidewalk:both:surface": null, "bicycle": null, "maxspeed:type": null, "shoulder": null, "turn:lanes": null }, "geometry": { "type": "Polygon", "coordinates": [ [ [ 426520.750277070386801, 439319.790263146569487 ], [ 426510.750788090459537, 439319.891357853834052 ], [ 426511.759070986881852, 439419.622728415008169 ], [ 426521.758559966809116, 439419.521633707743604 ], [ 426520.750277070386801, 439319.790263146569487 ] ] ] } },
{ "type": "Feature", "properties": { "highway": "residential", "name": "Rothbury Gardens", "source": "OS7", "osm_type": "way", "osm_id": 55094168, "cycleway:left": null, "lanes": null, "maxspeed": null, "oneway": null, "ref": null, "surface": null, "lit": null, "source:name": null, "junction": null, "cycleway:both": null, "lane_markings": null, "sidewalk": null, "sidewalk:both:surface": null, "bicycle": null, "maxspeed:type": null, "shoulder": null, "turn:lanes": null }, "geometry": { "type": "Polygon", "coordinates": [ [ [ 426673.545717617613263, 439338.477303956635296 ], [ 426663.545717823784798, 439338.47527333907783 ], [ 426663.528183096088469, 439424.826968870358542 ], [ 426673.528182889916934, 439424.828999487916008 ], [ 426673.545717617613263, 439338.477303956635296 ] ] ] } },
{ "type": "Feature", "properties": { "highway": "residential", "name": "Laith Gardens", "source": "OS7", "osm_type": "way", "osm_id": 55213936, "cycleway:left": null, "lanes": null, "maxspeed": null, "oneway": null, "ref": null, "surface": "asphalt", "lit": "yes", "source:name": "OS_OpenData_Locator", "junction": null, "cycleway:both": "no", "lane_markings": "no", "sidewalk": "both", "sidewalk:both:surface": "asphalt", "bicycle": null, "maxspeed:type": null, "shoulder": null, "turn:lanes": null }, "geometry": { "type": "Polygon", "coordinates": [ [ [ 426054.948472920339555, 439235.99079656082904 ], [ 426078.775070912612136, 439250.612990218331106 ], [ 426084.005577865114901, 439242.089974495000206 ], [ 426059.909801770816557, 439227.302588377497159 ], [ 426059.352799144166056, 439227.007386522716843 ], [ 426030.772675658925436, 439214.097838382702321 ], [ 426026.656173959723674, 439223.211257815593854 ], [ 426054.948472920339555, 439235.99079656082904 ] ] ] } },
{ "type": "Feature", "properties": { "highway": "residential", "name": null, "source": "OS7", "osm_type": "way", "osm_id": 55213938, "cycleway:left": null, "lanes": null, "maxspeed": null, "oneway": null, "ref": null, "surface": null, "lit": null, "source:name": null, "junction": null, "cycleway:both": null, "lane_markings": null, "sidewalk": null, "sidewalk:both:surface": null, "bicycle": null, "maxspeed:type": null, "shoulder": null, "turn:lanes": null }, "geometry": { "type": "Polygon", "coordinates": [ [ [ 426173.150906159600709, 439141.27009122131858 ], [ 426173.158946680021472, 439141.273213249573018 ], [ 426175.770887813530862, 439142.284803927701432 ], [ 426176.623438880487811, 439143.171467720530927 ], [ 426176.88901484379312, 439144.305998993455432 ], [ 426176.538945402193349, 439146.480813776957802 ], [ 426152.268830004148185, 439202.4123579931329 ], [ 426152.253818342229351, 439202.447316649428103 ], [ 426134.194108529365622, 439244.949441878299695 ], [ 426126.158449014707003, 439263.863897891773377 ], [ 426121.654248622187879, 439269.544389767339453 ], [ 426120.633450826629996, 439269.491347951465286 ], [ 426118.40772924158955, 439269.374165750399698 ], [ 426096.895886115380563, 439255.627912311756518 ], [ 426091.511276826844551, 439264.054417091945652 ], [ 426114.134938221774064, 439278.511132001003716 ], [ 426114.58330669964198, 439278.766072811849881 ], [ 426115.055553271085955, 439278.973466844530776 ], [ 426115.546652682707645, 439279.131107184919529 ], [ 426116.051379064912908, 439279.237316356331576 ], [ 426116.564361541357357, 439279.29096416948596 ], [ 426120.109400993038435, 439279.477607246779371 ], [ 426123.71049617533572, 439279.664725431532133 ], [ 426124.186461458797567, 439279.666771852993406 ], [ 426124.660464756889269, 439279.623551345430315 ], [ 426125.128210705996025, 439279.535455568227917 ], [ 426125.58546064584516, 439279.403282835206483 ], [ 426126.028071029868443, 439279.228230880515184 ], [ 426126.452030973392539, 439279.011886004940607 ], [ 426126.853498599899467, 439278.756208701001015 ], [ 426127.228835855727084, 439278.463515887211543 ], [ 426127.574641477607656, 439278.136459912231658 ], [ 426127.887781814555638, 439277.778004519990645 ], [ 426134.413962221646216, 439269.54748377262149 ], [ 426134.676105538324919, 439269.184628852817696 ], [ 426134.904745063104201, 439268.799782417190727 ], [ 426135.098048178711906, 439268.396029130148236 ], [ 426143.397764128632843, 439248.860033091041259 ], [ 426161.449976079631597, 439206.375553498102818 ], [ 426185.962421355303377, 439149.885549462342169 ], [ 426186.11207111395197, 439149.497152679658029 ], [ 426186.228897914115805, 439149.097654732409865 ], [ 426186.312092159525491, 439148.689824095228687 ], [ 426186.918681256240234, 439144.921374815399759 ], [ 426186.972551133134402, 439144.437632188491989 ], [ 426186.979130891035311, 439143.950943787640426 ], [ 426186.938358177838381, 439143.465921645285562 ], [ 426186.850619370234199, 439142.987162003759295 ], [ 426186.047381503682118, 439139.55575779103674 ], [ 426185.897553987218998, 439139.041554988594726 ], [ 426185.693585088592954, 439138.546328277734574 ], [ 426185.437815169920214, 439138.075759945320897 ], [ 426185.133178963907994, 439137.635249345272314 ], [ 426184.783171900664456, 439137.229850945645012 ], [ 426182.212478464934975, 439134.55629755940754 ], [ 426181.81457058142405, 439134.185182968794834 ], [ 426181.378693088074215, 439133.859502859122586 ], [ 426180.910007763304748, 439133.58311402174877 ], [ 426180.414064904733095, 439133.359289527696092 ], [ 426176.774513544747606, 439131.949710965214763 ], [ 426157.379146176157519, 439124.39948716876097 ], [ 426153.751519883051515, 439133.71830294537358 ], [ 426173.150906159600709, 439141.27009122131858 ] ] ] } },
{ "type": "Feature", "properties": { "highway": "residential", "name": "Laith Road", "source": "OS7", "osm_type": "way", "osm_id": 55213972, "cycleway:left": null, "lanes": null, "maxspeed": null, "oneway": null, "ref": null, "surface": null, "lit": null, "source:name": null, "junction": null, "cycleway:both": null, "lane_markings": null, "sidewalk": null, "sidewalk:both:surface": null, "bicycle": null, "maxspeed:type": null, "shoulder": null, "turn:lanes": null }, "geometry": { "type": "Polygon", "coordinates": [ [ [ 425965.268756589095574, 439184.487040733627509 ], [ 425964.027993333991617, 439191.095824300253298 ], [ 425961.19933395535918, 439205.731596082507167 ], [ 425961.186315706465393, 439205.801627699518576 ], [ 425959.42739569657715, 439215.65379343618406 ], [ 425958.294011638208758, 439221.059297095343936 ], [ 425958.283025518059731, 439221.113166675320826 ], [ 425953.687487691408023, 439244.297305381740443 ], [ 425953.611757509992458, 439244.826145309198182 ], [ 425953.043516920355614, 439251.209529006446246 ], [ 425953.024086801160593, 439251.601514529087581 ], [ 425953.035461092891637, 439251.993816460017115 ], [ 425953.40671083383495, 439257.425534533569589 ], [ 425953.50039446511073, 439258.105432249605656 ], [ 425955.730685690650716, 439268.799084052094258 ], [ 425955.89434060495114, 439269.39608274854254 ], [ 425959.027838151145261, 439278.559299653512426 ], [ 425959.306701764988247, 439279.217038132424932 ], [ 425962.163920447521377, 439284.807166144426446 ], [ 425962.423600759007968, 439285.25612376537174 ], [ 425975.333177138469182, 439305.121181203285232 ], [ 425997.003337572445162, 439338.475492435391061 ], [ 426005.388938638498075, 439333.027401507250033 ], [ 425983.718617781472858, 439299.672843354986981 ], [ 425970.950058172631543, 439280.02478028961923 ], [ 425968.374008198094089, 439274.984756853082217 ], [ 425965.456728230754379, 439266.45382018602686 ], [ 425963.359979529224802, 439256.400469182059169 ], [ 425963.039009122003336, 439251.704383044561837 ], [ 425963.548651135759428, 439245.979271918244194 ], [ 425968.086832462169696, 439223.084492392081302 ], [ 425969.229971530090552, 439217.632463691930752 ], [ 425969.258553741150536, 439217.485175552079454 ], [ 425971.024400111404248, 439207.594213479955215 ], [ 425973.848830497357994, 439192.980322936840821 ], [ 425973.853819795651361, 439192.954133221006487 ], [ 425975.107952578633558, 439186.274138393288013 ], [ 425975.128395003383048, 439186.157677170878742 ], [ 425985.098359416064341, 439125.1292072974029 ], [ 425975.229188366502058, 439123.516922336828429 ], [ 425965.268756589095574, 439184.487040733627509 ] ] ] } },
{ "type": "Feature", "properties": { "highway": "residential", "name": "Iveson Approach", "source": "OS7", "osm_type": "way", "osm_id": 55213989, "cycleway:left": null, "lanes": "2", "maxspeed": null, "oneway": null, "ref": null, "surface": "asphalt", "lit": "yes", "source:name": null, "junction": null, "cycleway:both": null, "lane_markings": null, "sidewalk": null, "sidewalk:both:surface": null, "bicycle": null, "maxspeed:type": null, "shoulder": null, "turn:lanes": null }, "geometry": { "type": "Polygon", "coordinates": [ [ [ 426150.806173656485043, 439013.522976917913184 ], [ 426116.17625029431656, 438994.946122504363302 ], [ 426093.937018208263908, 438980.95092308963649 ], [ 426036.587431458348874, 438940.54626098216977 ], [ 425990.106882544001564, 438900.413422373530921 ], [ 425944.7029756315751, 438853.912249425018672 ], [ 425929.443515471008141, 438836.763769476907328 ], [ 425905.616565957549028, 438807.716628748108633 ], [ 425886.211527451989241, 438782.405491692421492 ], [ 425878.730594987107906, 438771.109769577218685 ], [ 425872.556749770592432, 438761.800198500801343 ], [ 425864.856904277403373, 438748.76852835691534 ], [ 425843.551259455620311, 438708.635685689165257 ], [ 425818.026979200658388, 438659.20288272597827 ], [ 425815.683493541670032, 438654.662082536029629 ], [ 425805.019899080507457, 438660.165513571933843 ], [ 425807.363653840206098, 438664.706835178541951 ], [ 425832.904442591650877, 438714.171610351302661 ], [ 425832.936190812266432, 438714.232246141415089 ], [ 425854.32207479031058, 438754.516233046306297 ], [ 425854.455907179275528, 438754.75501320901094 ], [ 425862.304630176047795, 438768.038652372371871 ], [ 425862.469956230954267, 438768.30257183505455 ], [ 425868.726808960491326, 438777.737308229552582 ], [ 425876.32125586445909, 438789.204429774719756 ], [ 425876.562008835491724, 438789.542004958144389 ], [ 425896.153334508708213, 438815.096127361757681 ], [ 425896.276030604261905, 438815.250827349082101 ], [ 425920.242072320950683, 438844.467533669958357 ], [ 425920.398698512639385, 438844.650836420594715 ], [ 425935.830634348909371, 438861.993143387138844 ], [ 425936.019977220799774, 438862.19625966536114 ], [ 425981.699361153703649, 438908.979567025729921 ], [ 425982.071159158309456, 438909.32927341532195 ], [ 426028.968849202094134, 438949.822285430214833 ], [ 426029.434359783481341, 438950.185814435011707 ], [ 426087.153398693480995, 438990.850767689058557 ], [ 426087.413389134220779, 438991.023990175570361 ], [ 426109.960937676543836, 439005.213213838636875 ], [ 426110.320319919963367, 439005.422350587730762 ], [ 426145.132674989523366, 439024.097068509552628 ], [ 426170.695571797317825, 439037.813686457229778 ], [ 426176.369365502498113, 439027.239753178087994 ], [ 426150.806173656485043, 439013.522976917913184 ] ] ] } },
{ "type": "Feature", "properties": { "highway": "residential", "name": "Farrar Grove", "source": "OS7", "osm_type": "way", "osm_id": 123501446, "cycleway:left": null, "lanes": null, "maxspeed": null, "oneway": null, "ref": null, "surface": null, "lit": null, "source:name": "OS_OpenData_Locator", "junction": null, "cycleway:both": null, "lane_markings": null, "sidewalk": null, "sidewalk:both:surface": null, "bicycle": null, "maxspeed:type": null, "shoulder": null, "turn:lanes": null }, "geometry": { "type": "Polygon", "coordinates": [ [ [ 426385.853022170020267, 439967.926506684627384 ], [ 426395.741026882315055, 439966.43407149030827 ], [ 426388.980946277617477, 439921.645722134271637 ], [ 426379.09294156532269, 439923.138157328590751 ], [ 426385.853022170020267, 439967.926506684627384 ] ] ] } },
{ "type": "Feature", "properties": { "highway": "trunk", "name": "Otley Road", "source": null, "osm_type": "way", "osm_id": 148669832, "cycleway:left": null, "lanes": "2", "maxspeed": "30 mph", "oneway": null, "ref": "A660", "surface": "asphalt", "lit": "yes", "source:name": null, "junction": null, "cycleway:both": null, "lane_markings": null, "sidewalk": null, "sidewalk:both:surface": null, "bicycle": "yes", "maxspeed:type": null, "shoulder": null, "turn:lanes": null }, "geometry": { "type": "Polygon", "coordinates": [ [ [ 427018.13008718076162, 440052.76113607728621 ], [ 427017.853123525448609, 440049.668072740081698 ], [ 427017.850694770051632, 440049.641286936879624 ], [ 427016.971792603668291, 440040.067524677782785 ], [ 427016.792135121009778, 440038.82683500245912 ], [ 427014.112980468315072, 440025.337638672324829 ], [ 427013.56748886074638, 440020.601333533762954 ], [ 427013.512878230889328, 440020.189900649478659 ], [ 427011.700992918864358, 440008.140705913538113 ], [ 427011.660584759782068, 440007.890050279500429 ], [ 427008.905096014554147, 439991.877471973130014 ], [ 427008.009364153898787, 439986.65612421563128 ], [ 427002.95807865797542, 439955.850531895528547 ], [ 427002.936577418411616, 439955.7236685254029 ], [ 426999.911534014099743, 439938.438090173352975 ], [ 426999.882043593912385, 439938.276127881428692 ], [ 426994.270686642150395, 439908.614319341606461 ], [ 426987.210240190033801, 439871.289872329682112 ], [ 426978.951661076804157, 439827.605365892697591 ], [ 426949.783012201893143, 439666.650358842045534 ], [ 426936.296842551033478, 439592.248193760693539 ], [ 426934.109465185727458, 439580.196087054675445 ], [ 426929.804720943619031, 439556.434890899225138 ], [ 426924.092026355792768, 439517.137448362307623 ], [ 426915.176501420151908, 439397.152399184997194 ], [ 426912.049487942247652, 439355.0489655843121 ], [ 426911.693414053355809, 439347.50892035436118 ], [ 426910.852837375889067, 439329.984743551642168 ], [ 426910.019317657453939, 439312.458359028561972 ], [ 426910.000352113915142, 439312.145654562162235 ], [ 426906.643033744709101, 439266.630633287248202 ], [ 426882.708060033677612, 439268.396145521546714 ], [ 426886.053854545461945, 439313.754938355181366 ], [ 426886.880048853752669, 439331.127291782875545 ], [ 426887.720340743369889, 439348.645483520813286 ], [ 426888.08383150777081, 439356.342584852303844 ], [ 426888.103432724950835, 439356.665312909637578 ], [ 426891.242436528787948, 439398.930189335835166 ], [ 426900.189228486909997, 439519.336029903206509 ], [ 426900.281058225315064, 439520.173120189865585 ], [ 426906.084458298049867, 439560.094522843079176 ], [ 426906.151847571600229, 439560.507402063463815 ], [ 426910.494223440706264, 439584.47631612746045 ], [ 426912.681891367537901, 439596.530025428568479 ], [ 426926.167701430618763, 439670.930206645687576 ], [ 426955.344408663047943, 439831.929680377070326 ], [ 426955.360942325612996, 439832.01898697874276 ], [ 426963.628079456801061, 439875.748761831142474 ], [ 426970.688907840230968, 439913.075228278525174 ], [ 426976.285008122853469, 439942.656389593495987 ], [ 426979.284771106438711, 439959.797511607117485 ], [ 426984.33280274446588, 439990.583260063780472 ], [ 426984.347437626856845, 439990.670497040206101 ], [ 426985.251170857343823, 439995.938485914433841 ], [ 426987.986702268652152, 440011.835098424518947 ], [ 426989.748846014554147, 440023.553507424599957 ], [ 426990.326499406597577, 440028.569061634596437 ], [ 426990.47760152030969, 440029.533784242521506 ], [ 426993.129672767478041, 440042.886619137367234 ], [ 426993.949964550789446, 440051.821946431824472 ], [ 426994.226875250926241, 440054.91441837802995 ], [ 426994.229195504041854, 440054.940021637827158 ], [ 426995.714558181469329, 440071.137483139056712 ], [ 427019.614276018226519, 440068.945797184249386 ], [ 427018.13008718076162, 440052.76113607728621 ] ] ] } },
{ "type": "Feature", "properties": { "highway": "trunk", "name": "Otley Road", "source": null, "osm_type": "way", "osm_id": 231948651, "cycleway:left": null, "lanes": "2", "maxspeed": "40 mph", "oneway": null, "ref": "A660", "surface": "asphalt", "lit": "yes", "source:name": null, "junction": null, "cycleway:both": null, "lane_markings": null, "sidewalk": null, "sidewalk:both:surface": null, "bicycle": null, "maxspeed:type": null, "shoulder": null, "turn:lanes": null }, "geometry": { "type": "Polygon", "coordinates": [ [ [ 426905.681683121540118, 439219.858465262805112 ], [ 426905.670004108862486, 439219.523644347151276 ], [ 426903.838877351663541, 439182.05114576977212 ], [ 426901.843223563453648, 439141.13965634140186 ], [ 426901.839436121517792, 439141.066590492497198 ], [ 426901.827064333250746, 439140.841211220482364 ], [ 426901.688065602385905, 439133.895089045690838 ], [ 426901.66956164810108, 439133.427144657296594 ], [ 426897.774573769536801, 439067.528029421984684 ], [ 426897.314570173213724, 439038.577536097669508 ], [ 426873.317599244823214, 439038.958831601135898 ], [ 426873.781716575962491, 439068.168224317894783 ], [ 426873.801107909705024, 439068.68560468259966 ], [ 426877.697555059799924, 439134.609409264056012 ], [ 426877.836049626173917, 439141.530337049334776 ], [ 426877.851686531270389, 439141.947981449076906 ], [ 426877.873508670425508, 439142.345519600261468 ], [ 426879.867405209632125, 439183.220984907471575 ], [ 426881.690430712071247, 439220.527698896650691 ], [ 426882.678169516264461, 439267.764260230818763 ], [ 426906.672924262122251, 439267.262518577976152 ], [ 426905.681683121540118, 439219.858465262805112 ] ] ] } },
{ "type": "Feature", "properties": { "highway": "residential", "name": "Raynel Approach", "source": "OS7", "osm_type": "way", "osm_id": 357408144, "cycleway:left": null, "lanes": null, "maxspeed": "20 mph", "oneway": null, "ref": null, "surface": "asphalt", "lit": "yes", "source:name": null, "junction": null, "cycleway:both": null, "lane_markings": null, "sidewalk": null, "sidewalk:both:surface": null, "bicycle": null, "maxspeed:type": null, "shoulder": null, "turn:lanes": null }, "geometry": { "type": "Polygon", "coordinates": [ [ [ 426060.134102830605116, 439513.6449339427636 ], [ 426060.068138857313897, 439513.531485874496866 ], [ 426049.630047506827395, 439496.109777178324293 ], [ 426040.710588488553185, 439479.627462273347192 ], [ 426022.171815461071674, 439444.32597486441955 ], [ 426022.049313042429276, 439444.106311776209623 ], [ 426002.457361634238623, 439410.96346433472354 ], [ 426002.205245905846823, 439410.578573450737167 ], [ 425995.736970884958282, 439401.630924898432568 ], [ 425984.876089649042115, 439381.96416711830534 ], [ 425976.122244436759502, 439386.798439969541505 ], [ 425987.129985214560293, 439406.731129304855131 ], [ 425987.454819929262158, 439407.24325622007018 ], [ 425993.966148219304159, 439416.250460916839074 ], [ 426013.376891315216199, 439449.08676618069876 ], [ 426031.871655815222766, 439484.304452656419016 ], [ 426031.900956943165511, 439484.359413444064558 ], [ 426040.887317008106038, 439500.965355142601766 ], [ 426040.995636113337241, 439501.155459870409686 ], [ 426051.456240797881037, 439518.614744473423343 ], [ 426068.635107858513948, 439549.07275222131284 ], [ 426077.345207415695768, 439544.160098589665722 ], [ 426060.134102830605116, 439513.6449339427636 ] ] ] } },
{ "type": "Feature", "properties": { "highway": "residential", "name": "The Crescent", "source": "GPS", "osm_type": "way", "osm_id": 430631871, "cycleway:left": null, "lanes": null, "maxspeed": "30 mph", "oneway": null, "ref": null, "surface": null, "lit": null, "source:name": null, "junction": null, "cycleway:both": null, "lane_markings": null, "sidewalk": null, "sidewalk:both:surface": null, "bicycle": null, "maxspeed:type": null, "shoulder": null, "turn:lanes": null }, "geometry": { "type": "Polygon", "coordinates": [ [ [ 426333.86285872827284, 439556.572240302921273 ], [ 426334.05051539291162, 439556.736087754776236 ], [ 426342.03915048687486, 439563.367785299022216 ], [ 426350.35103813483147, 439570.259175816725474 ], [ 426350.80338360380847, 439570.593147225503344 ], [ 426365.183850465691648, 439580.009033315291163 ], [ 426365.709428931528237, 439580.309366475383285 ], [ 426383.514214709284715, 439589.099239740229677 ], [ 426384.033462245715782, 439589.320074926596135 ], [ 426384.574285220936872, 439589.480999421793967 ], [ 426410.873157638125122, 439595.715217518620193 ], [ 426411.434592271456495, 439595.814891652786173 ], [ 426412.003724583890289, 439595.84999423858244 ], [ 426432.436197769187856, 439595.942901662550867 ], [ 426432.66797501174733, 439595.938581573776901 ], [ 426447.664046311052516, 439595.311070437077433 ], [ 426448.384516504360363, 439595.228283208445646 ], [ 426465.74413722200552, 439591.943832658580504 ], [ 426466.435670737118926, 439591.760918728308752 ], [ 426474.707776731811464, 439588.925893212785013 ], [ 426503.645977185573429, 439579.003899417759385 ], [ 426532.028220514999703, 439569.515919955505524 ], [ 426556.659530572011136, 439564.301608972367831 ], [ 426578.433034470945131, 439561.73705075570615 ], [ 426599.953658091602847, 439560.694878642680123 ], [ 426620.366842102841474, 439560.592246063170023 ], [ 426648.579403289128095, 439563.475139744812623 ], [ 426677.268676557054278, 439570.509604191291146 ], [ 426718.738540871243458, 439585.151243586617056 ], [ 426718.778128884849139, 439585.16503443493275 ], [ 426741.922238734026905, 439593.118858101370279 ], [ 426742.412838765478227, 439593.259906055347528 ], [ 426742.915263423521537, 439593.350196581799537 ], [ 426763.208535738929641, 439595.936069562798366 ], [ 426763.682426702580415, 439595.973673780506942 ], [ 426764.157747025950812, 439595.966103261045646 ], [ 426787.605686681985389, 439594.47558230831055 ], [ 426788.023687259468716, 439594.431307022983674 ], [ 426788.436491914966609, 439594.35207887069555 ], [ 426802.942059067718219, 439590.930181092757266 ], [ 426803.466938037308864, 439590.775599781889468 ], [ 426836.633968758862466, 439579.000067272863816 ], [ 426864.557675816409755, 439572.116023261158261 ], [ 426918.762007976591121, 439563.303420637443196 ], [ 426917.157266917696688, 439553.433020132186357 ], [ 426862.754087778623216, 439562.277951526280958 ], [ 426862.359639326808974, 439562.358502015413251 ], [ 426833.998746922588907, 439569.350325526494998 ], [ 426833.522685686242767, 439569.493131513125263 ], [ 426800.37938164093066, 439581.260240167495795 ], [ 426786.550686900503933, 439584.522462134074885 ], [ 426763.999393243924715, 439585.955985769862309 ], [ 426744.687661913281772, 439583.49518578214338 ], [ 426722.048031719925348, 439575.714734185370617 ], [ 426680.364471147418953, 439560.997645699360874 ], [ 426679.890547325368971, 439560.856258026731666 ], [ 426650.623691976186819, 439553.68017338035861 ], [ 426649.941264850203879, 439553.562228194496129 ], [ 426621.117379328876268, 439550.61686648480827 ], [ 426620.583963822107762, 439550.591028036375064 ], [ 426599.794962641899474, 439550.695550134230871 ], [ 426599.578251197643112, 439550.701339503342751 ], [ 426577.777332158817444, 439551.757085389748681 ], [ 426577.434307865158189, 439551.785558435716666 ], [ 426555.262764278159011, 439554.396999136544764 ], [ 426554.812115325941704, 439554.471079536597244 ], [ 426529.678052615490742, 439559.791820452897809 ], [ 426529.12834270921303, 439559.941364665341098 ], [ 426500.457269254955463, 439569.525897957442794 ], [ 426500.420833161624614, 439569.538234307779931 ], [ 426471.465373106126208, 439579.466145920334384 ], [ 426463.532786737603601, 439582.184810885868501 ], [ 426446.882716897351202, 439585.335013988311402 ], [ 426432.365729064564221, 439585.942477860313375 ], [ 426412.622200931888074, 439585.852703102165833 ], [ 426387.432568944524974, 439579.881433418195229 ], [ 426370.408069920376875, 439571.476772408059333 ], [ 426356.516862257209141, 439562.381238148838747 ], [ 426348.42530304758111, 439555.672523260116577 ], [ 426340.533724116219673, 439549.121396064583678 ], [ 426328.321154405362904, 439537.910042185219936 ], [ 426321.558502207160927, 439545.276624516700394 ], [ 426333.86285872827284, 439556.572240302921273 ] ] ] } },
{ "type": "Feature", "properties": { "highway": "residential", "name": "Otley Old Road", "source": null, "osm_type": "way", "osm_id": 551056327, "cycleway:left": null, "lanes": null, "maxspeed": "20 mph", "oneway": null, "ref": null, "surface": "asphalt", "lit": "yes", "source:name": null, "junction": null, "cycleway:both": null, "lane_markings": null, "sidewalk": null, "sidewalk:both:surface": null, "bicycle": null, "maxspeed:type": "GB:zone20", "shoulder": null, "turn:lanes": null }, "geometry": { "type": "Polygon", "coordinates": [ [ [ 426357.175274591718335, 438866.248027695924975 ], [ 426356.699342646636069, 438866.531622738402802 ], [ 426356.257707489712629, 438866.866130963433534 ], [ 426347.509427471028175, 438874.289766155881807 ], [ 426337.590513866511174, 438882.663811372127384 ], [ 426325.246548354043625, 438892.382007015286945 ], [ 426312.416132130427286, 438901.408317629306111 ], [ 426255.110999176860787, 438940.905702662013937 ], [ 426254.93066473712679, 438941.036009541654494 ], [ 426218.19333514868049, 438968.846605111204553 ], [ 426217.866151814290788, 438969.116874598315917 ], [ 426217.563065440626815, 438969.413915302662645 ], [ 426198.454345080710482, 438989.801852242497262 ], [ 426191.02017331373645, 438997.73918067564955 ], [ 426190.759091826563235, 438998.041252056777012 ], [ 426190.522944653290324, 438998.363191763521172 ], [ 426169.385931559780147, 439029.732756653917022 ], [ 426177.679005740035791, 439035.320682981400751 ], [ 426198.592378692468628, 439004.283023733820301 ], [ 426205.751194001233671, 438996.639687906892505 ], [ 426224.568330636131577, 438976.562854509684257 ], [ 426260.877667572698556, 438949.076254469517153 ], [ 426318.110953411844093, 438909.628389837394934 ], [ 426318.150361709354911, 438909.600947711907793 ], [ 426331.110573669720907, 438900.483324655971956 ], [ 426331.326556810352486, 438900.322513144521508 ], [ 426343.843549328797963, 438890.468096260854509 ], [ 426343.976103231601883, 438890.360015863843728 ], [ 426353.965190624177922, 438881.926726409990806 ], [ 426353.97482281102566, 438881.918573592789471 ], [ 426362.303532941266894, 438874.850977962720208 ], [ 426371.38546901231166, 438870.100300395628437 ], [ 426366.750396921765059, 438861.239368914393708 ], [ 426357.175274591718335, 438866.248027695924975 ] ] ] } },
{ "type": "Feature", "properties": { "highway": "residential", "name": "Otley Old Road", "source": null, "osm_type": "way", "osm_id": 663354015, "cycleway:left": null, "lanes": null, "maxspeed": "20 mph", "oneway": null, "ref": null, "surface": "asphalt", "lit": "yes", "source:name": null, "junction": null, "cycleway:both": null, "lane_markings": null, "sidewalk": "left", "sidewalk:both:surface": null, "bicycle": null, "maxspeed:type": "GB:zone20", "shoulder": null, "turn:lanes": null }, "geometry": { "type": "Polygon", "coordinates": [ [ [ 426164.159788588294759, 439039.99153604672756 ], [ 426163.943766873504501, 439040.48310797434533 ], [ 426145.545666325197089, 439089.313487742270809 ], [ 426141.704535183787812, 439099.498918995144777 ], [ 426136.734663735202048, 439110.20692539983429 ], [ 426127.910212379065342, 439129.241400993138086 ], [ 426127.848207760893274, 439129.380671518505551 ], [ 426121.875317156431265, 439143.366600321023725 ], [ 426121.806950082129333, 439143.535106186696794 ], [ 426116.933577090094332, 439156.203131010348443 ], [ 426126.266772515082266, 439159.793599386175629 ], [ 426131.107494336203672, 439147.21044921601424 ], [ 426137.014728437934536, 439133.378259571443778 ], [ 426145.805757362628356, 439114.415875573118683 ], [ 426150.853001439129002, 439103.541163328336552 ], [ 426150.996057995886076, 439103.200510261754971 ], [ 426154.902686077752151, 439092.841402412101161 ], [ 426173.206789823656436, 439044.260500105854589 ], [ 426177.995355647057295, 439034.781190853333101 ], [ 426169.069581652758643, 439030.272248781984672 ], [ 426164.159788588294759, 439039.99153604672756 ] ] ] } },
{ "type": "Feature", "properties": { "highway": "residential", "name": "Otley Old Road", "source": null, "osm_type": "way", "osm_id": 663354017, "cycleway:left": null, "lanes": null, "maxspeed": "20 mph", "oneway": null, "ref": null, "surface": null, "lit": null, "source:name": null, "junction": null, "cycleway:both": null, "lane_markings": null, "sidewalk": null, "sidewalk:both:surface": null, "bicycle": null, "maxspeed:type": "GB:zone20", "shoulder": null, "turn:lanes": null }, "geometry": { "type": "Polygon", "coordinates": [ [ [ 425902.076601790788118, 439390.674174181709532 ], [ 425896.040814077830873, 439393.887305704760365 ], [ 425897.531892169965431, 439396.688258844427764 ], [ 425897.779437260644045, 439397.103527546161786 ], [ 425898.065930810698774, 439397.492947772087064 ], [ 425898.388694372726604, 439397.852878806530498 ], [ 425898.744710408791434, 439398.179955630330369 ], [ 425899.130650501174387, 439398.471120380389038 ], [ 425899.542906470247544, 439398.723650938016362 ], [ 425899.977624107385054, 439398.935186378250364 ], [ 425900.430739208590239, 439399.103749042144045 ], [ 425900.898015570419375, 439399.227763026137836 ], [ 425901.375084595114458, 439399.306068915233482 ], [ 425901.857486132474151, 439399.337934622424655 ], [ 425902.340710178483278, 439399.323062233044766 ], [ 425902.820239039196167, 439399.261590790178161 ], [ 425903.29158956737956, 439399.154094994300976 ], [ 425903.750355075579137, 439399.001579830888659 ], [ 425904.192246534395963, 439398.805471174302511 ], [ 425923.26446948829107, 439389.212137660768349 ], [ 425949.269885465095285, 439376.230304818367586 ], [ 425949.804882616735995, 439375.920519382751081 ], [ 425991.431236200325657, 439348.246250856900588 ], [ 426003.96402934670914, 439339.915432811481878 ], [ 426004.452032067172695, 439339.546068758820184 ], [ 426043.142751829873305, 439306.348325240658596 ], [ 426043.549153689062223, 439305.957758288248442 ], [ 426043.909014358243439, 439305.523931924020872 ], [ 426085.41248087893473, 439249.321710827527568 ], [ 426085.645045752695296, 439248.977762257214636 ], [ 426105.548490707762539, 439216.733060370548628 ], [ 426105.734698887798004, 439216.404201804078184 ], [ 426105.895536669238936, 439216.062218396342359 ], [ 426118.781795448390767, 439185.736753293662332 ], [ 426118.987651254748926, 439185.154909129720181 ], [ 426123.453118814679328, 439169.52562649716856 ], [ 426126.401031167362817, 439159.395425742666703 ], [ 426116.799318437813781, 439156.601304653857369 ], [ 426113.847994043491781, 439166.743230542226229 ], [ 426113.841227276599966, 439166.766697324230336 ], [ 426109.457343279151246, 439182.110434817557689 ], [ 426096.84011826250935, 439211.80277791665867 ], [ 426077.244739009940531, 439243.548396013502497 ], [ 426036.201142643112689, 439299.127880595915485 ], [ 425998.172921245568432, 439331.757181579479948 ], [ 425985.895303621538915, 439339.918378948816098 ], [ 425944.526403477764688, 439367.42148580274079 ], [ 425918.791280893143266, 439380.26838891976513 ], [ 425918.777692790725268, 439380.275197881623171 ], [ 425899.698680959292687, 439389.871946202474646 ], [ 425899.726419018348679, 439389.927091418416239 ], [ 425902.076601790788118, 439390.674174181709532 ] ] ] } },
{ "type": "Feature", "properties": { "highway": "residential", "name": "Iveson Drive", "source": "OS7", "osm_type": "way", "osm_id": 663354018, "cycleway:left": null, "lanes": null, "maxspeed": "20 mph", "oneway": null, "ref": null, "surface": "asphalt", "lit": null, "source:name": null, "junction": null, "cycleway:both": null, "lane_markings": null, "sidewalk": null, "sidewalk:both:surface": null, "bicycle": null, "maxspeed:type": null, "shoulder": null, "turn:lanes": null }, "geometry": { "type": "Polygon", "coordinates": [ [ [ 426089.851515845919494, 439143.887853749794886 ], [ 426089.753139382344671, 439143.861301847966388 ], [ 426060.997491587419063, 439136.413634287193418 ], [ 426060.784617387806065, 439136.363441512454301 ], [ 425990.621447487734258, 439121.431878045550548 ], [ 425981.202173923840746, 439119.432080726721324 ], [ 425981.168618079624139, 439119.425076642655768 ], [ 425962.997755749966018, 439115.697242936585099 ], [ 425962.950365620956291, 439115.687759081134573 ], [ 425949.392970926477574, 439113.042694064904936 ], [ 425876.817884445306845, 439098.856258623825852 ], [ 425876.773334207711741, 439098.847759864584077 ], [ 425817.555732054926921, 439087.829046586412005 ], [ 425804.828007566335145, 439085.457506258913781 ], [ 425792.401943721983116, 439082.11473266617395 ], [ 425779.441806013172027, 439077.835042163962498 ], [ 425763.733205754018854, 439070.309215549496002 ], [ 425751.208618325123098, 439061.28700363880489 ], [ 425738.065648511750624, 439049.82788693101611 ], [ 425731.035973680322058, 439041.669218114751857 ], [ 425723.298511514440179, 439030.892671654932201 ], [ 425716.282782667316496, 439018.080722796672489 ], [ 425708.613557368051261, 438998.818278479680885 ], [ 425698.870073492405936, 438933.974261370254681 ], [ 425695.221738809952512, 438892.592241407255642 ], [ 425695.021457460185047, 438886.892883375578094 ], [ 425695.017523323709611, 438886.803648426022846 ], [ 425693.279865922231693, 438854.042880855151452 ], [ 425693.774581406847574, 438829.548792216402944 ], [ 425698.332104104280006, 438801.618822393880691 ], [ 425707.189218762563542, 438777.395455719612073 ], [ 425717.565509716921952, 438757.480228457541671 ], [ 425708.697058012068737, 438752.859561367251445 ], [ 425698.170636793714948, 438773.062933819077443 ], [ 425697.908929911267478, 438773.656230454391334 ], [ 425688.777674680808559, 438798.629345535009634 ], [ 425688.636740572226699, 438799.079607350809965 ], [ 425688.538873563404195, 438799.54114843707066 ], [ 425683.848025242099538, 438828.288180707604624 ], [ 425683.783778614015318, 438828.992448597098701 ], [ 425683.278208671370521, 438854.023957359488122 ], [ 425683.28420766297495, 438854.389755222655367 ], [ 425685.029194731498137, 438887.288712011591997 ], [ 425685.232545127975754, 438893.075405165960547 ], [ 425685.248779691697564, 438893.338916743639857 ], [ 425688.922154388274066, 438935.004958446370438 ], [ 425688.958342682162765, 438935.30881122383289 ], [ 425698.810300956480205, 439000.874738058075309 ], [ 425698.928056601784192, 439001.436617415922228 ], [ 425699.109443084918894, 439001.981295071542263 ], [ 425707.105123613611795, 439022.063682137988508 ], [ 425707.364944117725827, 439022.615647980768699 ], [ 425714.67376885889098, 439035.962841243075673 ], [ 425714.997761470323894, 439036.477504170965403 ], [ 425723.042026921000797, 439047.681358678499237 ], [ 425723.315674324869178, 439048.028934838832356 ], [ 425730.722857630462386, 439056.625741504947655 ], [ 425731.224885528557934, 439057.130719706241507 ], [ 425744.811889340926427, 439068.976981594285462 ], [ 425745.175266115984414, 439069.265259323641658 ], [ 425758.249199878773652, 439078.683198364218697 ], [ 425758.620244033227209, 439078.926236470288131 ], [ 425759.011367141327355, 439079.135434940399136 ], [ 425775.409778893226758, 439086.991743049409706 ], [ 425776.002269930555485, 439087.23036043101456 ], [ 425789.399628845567349, 439091.654429911752231 ], [ 425789.668568733090069, 439091.734939489513636 ], [ 425802.420025537954643, 439095.165248041739687 ], [ 425802.803032597526908, 439095.252306121401489 ], [ 425815.724582448485307, 439097.659961676225066 ], [ 425874.921722365543246, 439108.674867670750245 ], [ 425947.475430382415652, 439122.857124209462199 ], [ 425961.01173952082172, 439125.498075732495636 ], [ 425979.142139774456155, 439129.217608462611679 ], [ 425988.54111711186124, 439131.213096117659006 ], [ 426058.596124128787778, 439146.121641226694919 ], [ 426087.196560326847248, 439153.529109227936715 ], [ 426120.248170569306239, 439162.812104342970997 ], [ 426122.952179035870358, 439153.184626053553075 ], [ 426089.851515845919494, 439143.887853749794886 ] ] ] } },
{ "type": "Feature", "properties": { "highway": "tertiary", "name": "Otley Old Road", "source": null, "osm_type": "way", "osm_id": 663354019, "cycleway:left": null, "lanes": "2", "maxspeed": "30 mph", "oneway": null, "ref": null, "surface": "asphalt", "lit": "yes", "source:name": null, "junction": null, "cycleway:both": null, "lane_markings": null, "sidewalk": null, "sidewalk:both:surface": null, "bicycle": null, "maxspeed:type": null, "shoulder": null, "turn:lanes": null }, "geometry": { "type": "Polygon", "coordinates": [ [ [ 426159.223245942033827, 439139.201720189710613 ], [ 426162.115553581737913, 439131.527621594956145 ], [ 426162.145295143884141, 439131.447220532107167 ], [ 426171.032255530648399, 439106.963177939527668 ], [ 426171.093477589543909, 439106.787243202561513 ], [ 426174.6115726652788, 439096.226578246452846 ], [ 426176.725962801894639, 439090.698311055719387 ], [ 426183.189089373743627, 439073.833944137499202 ], [ 426192.2052938544075, 439055.184839221823495 ], [ 426195.091942361788824, 439049.287783888401464 ], [ 426196.126870985142887, 439047.176567489514127 ], [ 426211.670946508762427, 439019.889376202190761 ], [ 426217.007068381179124, 439012.27832590759499 ], [ 426227.058905985031743, 438997.944261185533833 ], [ 426228.574203093536198, 438996.210658979369327 ], [ 426242.893892214109655, 438979.820255907077808 ], [ 426261.822366170177702, 438967.359597575152293 ], [ 426264.523210679762997, 438965.583254549012054 ], [ 426285.456816739286296, 438955.896834982268047 ], [ 426325.933895414345898, 438937.164395028259605 ], [ 426339.135100869985763, 438931.051642381818965 ], [ 426339.447918127465528, 438930.897214130498469 ], [ 426357.311322317633312, 438921.517918342375197 ], [ 426357.86120539176045, 438921.196468368230853 ], [ 426358.37959282763768, 438920.826365750806872 ], [ 426370.341300451313145, 438911.43620262684999 ], [ 426375.405624193197582, 438907.45757430215599 ], [ 426375.899629478575662, 438907.03075935743982 ], [ 426382.169672080432065, 438901.080828893638682 ], [ 426392.759202252666, 438891.038459113566205 ], [ 426393.021672431263141, 438890.775987480476033 ], [ 426424.937885119055863, 438857.120440447994042 ], [ 426414.779372715216596, 438847.486924696189817 ], [ 426382.990914363355841, 438881.007755178667139 ], [ 426372.535276891780086, 438890.923150485963561 ], [ 426366.499805975356139, 438896.650484632118605 ], [ 426361.695513787271921, 438900.424827842158265 ], [ 426350.237402746395674, 438909.419658275321126 ], [ 426333.09417888376629, 438918.420818729267921 ], [ 426320.053297830338124, 438924.45933412364684 ], [ 426279.57743411406409, 438943.191211818251759 ], [ 426258.171807142323814, 438953.096045383310411 ], [ 426257.708988025027793, 438953.331420563685242 ], [ 426257.264889361162204, 438953.600454739353154 ], [ 426254.128101143345702, 438955.663517553766724 ], [ 426234.400191816326696, 438968.650445303064771 ], [ 426233.889289644605014, 438969.020826324936934 ], [ 426233.413818455592263, 438969.435712187318131 ], [ 426232.977642210782506, 438969.891731281124521 ], [ 426218.032757860142738, 438986.997736909950618 ], [ 426216.271906636597123, 438989.012269603670575 ], [ 426215.811118942219764, 438989.599974805023521 ], [ 426205.544378281512763, 439004.240494371159002 ], [ 426200.019308511924464, 439012.12104593263939 ], [ 426199.668599716969766, 439012.674717882124241 ], [ 426183.854663454112597, 439040.435642174736131 ], [ 426183.651603851176333, 439040.819299072842114 ], [ 426182.52022871945519, 439043.12726280814968 ], [ 426179.623463156807702, 439049.044983473897446 ], [ 426179.608504532196093, 439049.075731997261755 ], [ 426170.456270978262182, 439068.006199260475114 ], [ 426170.221963266842067, 439068.548027455399279 ], [ 426163.652272182400338, 439085.690455312200356 ], [ 426161.480663801019546, 439091.368320408801083 ], [ 426161.377589583629742, 439091.656553234206513 ], [ 426157.840549684711732, 439102.274087014433462 ], [ 426148.999995534133632, 439126.63027798908297 ], [ 426146.123886371089611, 439134.261398350528907 ], [ 426135.867007638444193, 439161.451698936114553 ], [ 426148.966006412170827, 439166.392977224604692 ], [ 426159.223245942033827, 439139.201720189710613 ] ] ] } },
{ "type": "Feature", "properties": { "highway": "tertiary", "name": "Otley Old Road", "source": null, "osm_type": "way", "osm_id": 663354020, "cycleway:left": null, "lanes": null, "maxspeed": "30 mph", "oneway": null, "ref": null, "surface": "asphalt", "lit": "yes", "source:name": null, "junction": null, "cycleway:both": null, "lane_markings": null, "sidewalk": null, "sidewalk:both:surface": null, "bicycle": null, "maxspeed:type": null, "shoulder": null, "turn:lanes": null }, "geometry": { "type": "Polygon", "coordinates": [ [ [ 426004.115687198704109, 439372.891944566916209 ], [ 426004.551492807455361, 439372.472911353397649 ], [ 426004.949515512445942, 439372.017836316779722 ], [ 426028.203088436683174, 439342.991495948110241 ], [ 426069.481842405570205, 439296.546285009186249 ], [ 426073.643992677389178, 439292.094741309818346 ], [ 426099.318047249573283, 439264.620520286087412 ], [ 426099.743462443700992, 439264.120150423899759 ], [ 426103.679354227380827, 439259.024463403911795 ], [ 426116.117413571395446, 439242.927641858870629 ], [ 426116.642499363515526, 439242.144182383606676 ], [ 426130.497488926223014, 439218.115420867688954 ], [ 426131.444626049895305, 439216.478880012698937 ], [ 426131.750595013028942, 439215.886875432974193 ], [ 426131.998882687708829, 439215.268458373495378 ], [ 426139.848740503424779, 439192.658932485850528 ], [ 426145.652475848211907, 439175.935468594601844 ], [ 426149.028638014860917, 439166.220103032828774 ], [ 426135.804376035754103, 439161.624573127890471 ], [ 426132.427736085432116, 439171.341313577082474 ], [ 426126.623032669536769, 439188.067565313191153 ], [ 426118.992645331949461, 439210.044962113432121 ], [ 426118.377631980285514, 439211.107632397615816 ], [ 426118.372005549550522, 439211.117372245935258 ], [ 426104.750299612060189, 439234.741549076279625 ], [ 426092.60082277667243, 439250.464899084123317 ], [ 426088.864658430975396, 439255.302004466881044 ], [ 426063.41702173196245, 439282.533932442485821 ], [ 426059.195183262345381, 439287.049314447387587 ], [ 426059.076147958578076, 439287.179891399224289 ], [ 426017.61975007224828, 439333.824980203295127 ], [ 426017.388847600668669, 439334.098562968720216 ], [ 425994.402383057458792, 439362.79148452001391 ], [ 425975.869898864708375, 439379.130601101962384 ], [ 425985.128435221093241, 439389.632005985884462 ], [ 426004.115687198704109, 439372.891944566916209 ] ] ] } },
{ "type": "Feature", "properties": { "highway": "residential", "name": "Raynel Mount", "source": "OS7", "osm_type": "way", "osm_id": 663354021, "cycleway:left": null, "lanes": null, "maxspeed": "20 mph", "oneway": null, "ref": null, "surface": "asphalt", "lit": "yes", "source:name": null, "junction": null, "cycleway:both": null, "lane_markings": null, "sidewalk": null, "sidewalk:both:surface": null, "bicycle": null, "maxspeed:type": null, "shoulder": null, "turn:lanes": null }, "geometry": { "type": "Polygon", "coordinates": [ [ [ 426121.050319248868618, 439526.533615277381614 ], [ 426123.930802852788474, 439524.992473309917841 ], [ 426143.180441495787818, 439517.104143008880783 ], [ 426157.461858533031773, 439512.839477856759913 ], [ 426174.911228425102308, 439509.897496858553495 ], [ 426196.500613942509517, 439509.681916485598776 ], [ 426215.588199502613861, 439510.781217380601447 ], [ 426216.163171273597982, 439500.797760691551957 ], [ 426196.907015772885643, 439499.688751439971384 ], [ 426196.569604977325071, 439499.680729040352162 ], [ 426174.417976853903383, 439499.901923675497528 ], [ 426174.025941128144041, 439499.921245643286966 ], [ 426173.636629035114311, 439499.971260070917197 ], [ 426155.495321680617053, 439503.029902408714406 ], [ 426154.895937630964909, 439503.169364745379426 ], [ 426140.082426867564209, 439507.592921803356148 ], [ 426139.617144740070216, 439507.757275100972038 ], [ 426119.901933147921227, 439515.836393045901787 ], [ 426119.439113162108697, 439516.0543347664061 ], [ 426116.331305864267051, 439517.717101479240227 ], [ 426070.628408158780076, 439542.20936976687517 ], [ 426075.35190711542964, 439551.023481044103391 ], [ 426121.050319248868618, 439526.533615277381614 ] ] ] } },
{ "type": "Feature", "properties": { "highway": "residential", "name": "Raynel Drive", "source": "OS7", "osm_type": "way", "osm_id": 663354022, "cycleway:left": null, "lanes": null, "maxspeed": "20 mph", "oneway": null, "ref": null, "surface": "asphalt", "lit": "yes", "source:name": null, "junction": null, "cycleway:both": null, "lane_markings": null, "sidewalk": null, "sidewalk:both:surface": null, "bicycle": null, "maxspeed:type": null, "shoulder": null, "turn:lanes": null }, "geometry": { "type": "Polygon", "coordinates": [ [ [ 426224.374798204982653, 439450.357869078638032 ], [ 426224.380908544117119, 439450.237782408657949 ], [ 426225.080294685380068, 439432.22810611553723 ], [ 426225.080596266605426, 439431.847987649787683 ], [ 426224.851799964730162, 439425.70495383098023 ], [ 426224.797343880520202, 439425.132201527361758 ], [ 426223.451651089941151, 439416.368225702084601 ], [ 426223.378303451929241, 439415.988895094429608 ], [ 426223.275885280454531, 439415.616360392596107 ], [ 426219.817242443794385, 439404.70430800243048 ], [ 426219.675257667957339, 439404.313552556792274 ], [ 426219.501300374919083, 439403.935943824064452 ], [ 426219.296573301893659, 439403.574092583323363 ], [ 426213.434898948529735, 439394.150668559537735 ], [ 426213.135272591374815, 439393.720938870392274 ], [ 426212.792327862232924, 439393.324918072496075 ], [ 426204.989112289098557, 439385.214688625128474 ], [ 426204.648342303116806, 439384.892254543141462 ], [ 426204.278852572955657, 439384.603177979181055 ], [ 426194.318488944903947, 439377.537915617984254 ], [ 426193.908188296074513, 439377.275928872637451 ], [ 426193.474355043261312, 439377.055084162682761 ], [ 426193.021101642400026, 439376.877474951848853 ], [ 426177.865611534565687, 439371.774845954903867 ], [ 426177.369782082561869, 439371.635885735799093 ], [ 426176.862290005490649, 439371.548658562882338 ], [ 426163.844822891813237, 439369.996193159779068 ], [ 426163.431066866731271, 439369.96419239405077 ], [ 426163.016082244866993, 439369.966613328899257 ], [ 426162.602727740711998, 439370.003439287189394 ], [ 426160.817161652841605, 439370.237545935378876 ], [ 426151.809418619552162, 439371.399367378035095 ], [ 426151.116229633335024, 439371.539195630524773 ], [ 426140.586985323927365, 439374.451215190754738 ], [ 426140.077408357872628, 439374.622118387254886 ], [ 426139.589120085176546, 439374.846731720957905 ], [ 426120.196957217471208, 439385.063912826706655 ], [ 426120.133153073780704, 439385.098121841379907 ], [ 426038.584846437035594, 439429.583861516031902 ], [ 426015.350229266914539, 439442.261544335517101 ], [ 426020.139989578281529, 439451.039824130595662 ], [ 426043.373979278607294, 439438.362483656324912 ], [ 426124.890298121143132, 439393.894193770014681 ], [ 426143.772853013884742, 439383.945510665653273 ], [ 426153.440176056232303, 439381.271868287643883 ], [ 426162.101562341093086, 439380.154720043938141 ], [ 426162.111949228332378, 439380.153369277948514 ], [ 426163.282114027824719, 439379.999948264390696 ], [ 426175.164725548238494, 439381.417070591065567 ], [ 426189.132963319541886, 439386.119969314953778 ], [ 426198.109311840962619, 439392.487232571351342 ], [ 426205.221457332547288, 439399.87920210743323 ], [ 426210.474077713908628, 439408.323490565933753 ], [ 426213.626260788005311, 439418.268659371242393 ], [ 426214.869453122315463, 439426.365089433558751 ], [ 426215.080446009873413, 439432.030113006709144 ], [ 426214.39077353302855, 439449.789655730128288 ], [ 426210.885561649629381, 439505.475379063514993 ], [ 426220.865809126582462, 439506.103599008638412 ], [ 426224.374798204982653, 439450.357869078638032 ] ] ] } },
{ "type": "Feature", "properties": { "highway": "residential", "name": null, "source": null, "osm_type": "way", "osm_id": 735091258, "cycleway:left": null, "lanes": null, "maxspeed": null, "oneway": null, "ref": null, "surface": null, "lit": null, "source:name": null, "junction": null, "cycleway:both": null, "lane_markings": null, "sidewalk": null, "sidewalk:both:surface": null, "bicycle": null, "maxspeed:type": null, "shoulder": null, "turn:lanes": null }, "geometry": { "type": "Polygon", "coordinates": [ [ [ 427008.891059626010247, 439103.859603142016567 ], [ 426938.034904650063254, 439127.407133741595317 ], [ 426941.188600330147892, 439136.896823070419487 ], [ 427012.143115419603419, 439113.316604586725589 ], [ 427012.338396495033521, 439113.247180663514882 ], [ 427015.490160494693555, 439112.052564728888683 ], [ 427011.945902663748711, 439102.701723246485926 ], [ 427008.891059626010247, 439103.859603142016567 ] ] ] } },
{ "type": "Feature", "properties": { "highway": "residential", "name": "Woodlands Grove", "source": null, "osm_type": "way", "osm_id": 801421946, "cycleway:left": null, "lanes": null, "maxspeed": null, "oneway": null, "ref": null, "surface": null, "lit": null, "source:name": null, "junction": null, "cycleway:both": null, "lane_markings": null, "sidewalk": null, "sidewalk:both:surface": null, "bicycle": null, "maxspeed:type": null, "shoulder": null, "turn:lanes": null }, "geometry": { "type": "Polygon", "coordinates": [ [ [ 426932.53025371505646, 439126.716097572410945 ], [ 426922.485924706386868, 439124.586211593297776 ], [ 426921.938325105700642, 439124.501481036422774 ], [ 426921.3847125696484, 439124.477864306245465 ], [ 426920.831886447733268, 439124.515651458408684 ], [ 426908.085427486104891, 439126.100305948639289 ], [ 426907.903789864678401, 439126.126279952412006 ], [ 426892.495848889520857, 439128.618902624410111 ], [ 426888.895413728780113, 439129.198788522800896 ], [ 426890.485521306516603, 439139.071557024668436 ], [ 426894.087677004688885, 439138.49139401660068 ], [ 426909.410198739904445, 439136.012591289530974 ], [ 426921.232658937573433, 439134.542809392092749 ], [ 426930.820363221049774, 439136.575868734100368 ], [ 426931.186695005744696, 439136.639417760947254 ], [ 426931.556736251106486, 439136.675569275801536 ], [ 426939.310944316908717, 439137.142921647813637 ], [ 426939.912560663302429, 439127.161035164201166 ], [ 426932.53025371505646, 439126.716097572410945 ] ] ] } },
{ "type": "Feature", "properties": { "highway": "trunk", "name": "Otley Road", "source": null, "osm_type": "way", "osm_id": 1009125043, "cycleway:left": null, "lanes": "2", "maxspeed": "40 mph", "oneway": "yes", "ref": "A660", "surface": null, "lit": "yes", "source:name": null, "junction": null, "cycleway:both": null, "lane_markings": null, "sidewalk": "left", "sidewalk:both:surface": null, "bicycle": null, "maxspeed:type": null, "shoulder": "no", "turn:lanes": "through|right" }, "geometry": { "type": "Polygon", "coordinates": [ [ [ 426866.694650111836381, 438969.537204459425993 ], [ 426867.669414948381018, 438991.952406883588992 ], [ 426867.35928489494836, 439002.969979887828231 ], [ 426891.349782368459273, 439003.645280542550609 ], [ 426891.672005577478558, 438992.19809027609881 ], [ 426891.665426311607007, 438991.339091391826514 ], [ 426890.63069696049206, 438967.544975118886214 ], [ 426890.552107118128333, 438966.600034740520641 ], [ 426890.399154652259313, 438965.66424938844284 ], [ 426888.594388517958578, 438956.830690388393123 ], [ 426865.08013419265626, 438961.634838963102084 ], [ 426866.694650111836381, 438969.537204459425993 ] ] ] } },
{ "type": "Feature", "properties": { "highway": "trunk", "name": "Otley Road", "source": null, "osm_type": "way", "osm_id": 1009125044, "cycleway:left": null, "lanes": "1", "maxspeed": "40 mph", "oneway": "yes", "ref": "A660", "surface": null, "lit": "yes", "source:name": null, "junction": null, "cycleway:both": null, "lane_markings": null, "sidewalk": null, "sidewalk:both:surface": null, "bicycle": null, "maxspeed:type": null, "shoulder": null, "turn:lanes": null }, "geometry": { "type": "Polygon", "coordinates": [ [ [ 426866.853622226743028, 439019.038314427016303 ], [ 426866.866856362088583, 439020.093736438138876 ], [ 426866.972783079894725, 439021.143912753963377 ], [ 426868.789493532851338, 439033.62699250964215 ], [ 426868.993280846974812, 439034.688963619526476 ], [ 426869.291840207530186, 439035.72827792033786 ], [ 426869.682747246406507, 439036.736495949618984 ], [ 426870.162827711785212, 439037.705430753587279 ], [ 426870.728183243947569, 439038.627214366977569 ], [ 426875.379871298326179, 439045.496605882595759 ], [ 426895.252298119710758, 439032.039761816209648 ], [ 426892.143108032643795, 439027.448257881507743 ], [ 426890.875042313302401, 439018.735055684810504 ], [ 426891.348597606644034, 439003.685028366278857 ], [ 426867.360469656763598, 439002.930232064099982 ], [ 426866.853622226743028, 439019.038314427016303 ] ] ] } },
{ "type": "Feature", "properties": { "highway": "residential", "name": null, "source": null, "osm_type": "way", "osm_id": 1021466819, "cycleway:left": null, "lanes": null, "maxspeed": null, "oneway": null, "ref": null, "surface": null, "lit": null, "source:name": null, "junction": null, "cycleway:both": null, "lane_markings": null, "sidewalk": null, "sidewalk:both:surface": null, "bicycle": null, "maxspeed:type": null, "shoulder": null, "turn:lanes": null }, "geometry": { "type": "Polygon", "coordinates": [ [ [ 426337.866061574197374, 439557.611184020293877 ], [ 426337.419661669293419, 439557.863545135187451 ], [ 426337.001457328209653, 439558.160301157040522 ], [ 426336.615847374894656, 439558.498330699105281 ], [ 426330.900746312050615, 439564.051662278769072 ], [ 426330.643614066357259, 439564.320837991894223 ], [ 426330.4072208723519, 439564.608398097101599 ], [ 426327.285682390676811, 439568.707621922018006 ], [ 426335.241570835467428, 439574.76599126146175 ], [ 426338.137114467390347, 439570.963545284350403 ], [ 426343.028390663210303, 439566.210719697468448 ], [ 426347.467024504730944, 439563.993713848292828 ], [ 426342.998615337943193, 439555.047579514561221 ], [ 426337.866061574197374, 439557.611184020293877 ] ] ] } }
]
}
