{
"type": "FeatureCollection",
"name": "se2837_rgb_250_03_removal",
"crs": { "type": "name", "properties": { "name": "urn:ogc:def:crs:EPSG::27700" } },
"features": [
{ "type": "Feature", "properties": { }, "geometry": { "type": "Polygon", "coordinates": [ [ [ 428833.0, 437998.5 ], [ 428833.0, 437998.25 ], [ 428833.25, 437998.25 ], [ 428833.25, 437998.0 ], [ 428833.5, 437998.0 ], [ 428833.5, 437997.75 ], [ 428833.75, 437997.75 ], [ 428833.75, 437997.25 ], [ 428833.5, 437997.25 ], [ 428833.5, 437997.0 ], [ 428833.25, 437997.0 ], [ 428833.25, 437995.75 ], [ 428833.5, 437995.75 ], [ 428833.5, 437995.5 ], [ 428834.75, 437995.5 ], [ 428834.75, 437994.75 ], [ 428835.0, 437994.75 ], [ 428835.0, 437992.5 ], [ 428834.75, 437992.5 ], [ 428834.75, 437992.0 ], [ 428834.5, 437992.0 ], [ 428834.5, 437991.5 ], [ 428834.25, 437991.5 ], [ 428834.25, 437991.0 ], [ 428834.0, 437991.0 ], [ 428834.0, 437990.75 ], [ 428833.75, 437990.75 ], [ 428833.75, 437990.5 ], [ 428833.5, 437990.5 ], [ 428833.5, 437989.5 ], [ 428831.75, 437989.5 ], [ 428831.75, 437989.75 ], [ 428831.25, 437989.75 ], [ 428831.25, 437989.5 ], [ 428830.0, 437989.5 ], [ 428830.0, 437989.75 ], [ 428829.25, 437989.75 ], [ 428829.25, 437990.0 ], [ 428828.75, 437990.0 ], [ 428828.75, 437990.25 ], [ 428828.5, 437990.25 ], [ 428828.5, 437990.5 ], [ 428828.25, 437990.5 ], [ 428828.25, 437990.25 ], [ 428827.25, 437990.25 ], [ 428827.25, 437990.5 ], [ 428827.0, 437990.5 ], [ 428827.0, 437991.0 ], [ 428826.75, 437991.0 ], [ 428826.75, 437991.5 ], [ 428826.0, 437991.5 ], [ 428826.0, 437991.75 ], [ 428825.5, 437991.75 ], [ 428825.5, 437992.0 ], [ 428825.25, 437992.0 ], [ 428825.25, 437992.25 ], [ 428825.0, 437992.25 ], [ 428825.0, 437992.5 ], [ 428824.75, 437992.5 ], [ 428824.75, 437992.75 ], [ 428824.5, 437992.75 ], [ 428824.5, 437993.0 ], [ 428824.25, 437993.0 ], [ 428824.25, 437993.5 ], [ 428824.0, 437993.5 ], [ 428824.0, 437993.75 ], [ 428823.75, 437993.75 ], [ 428823.75, 437994.0 ], [ 428823.25, 437994.0 ], [ 428823.25, 437994.25 ], [ 428823.0, 437994.25 ], [ 428823.0, 437994.5 ], [ 428822.75, 437994.5 ], [ 428822.75, 437995.0 ], [ 428822.5, 437995.0 ], [ 428822.5, 437995.5 ], [ 428822.25, 437995.5 ], [ 428822.25, 437996.0 ], [ 428822.0, 437996.0 ], [ 428822.0, 437997.25 ], [ 428821.75, 437997.25 ], [ 428821.75, 437997.75 ], [ 428822.0, 437997.75 ], [ 428822.0, 437999.113097244990058 ], [ 428824.301786160678603, 437994.613784773508087 ], [ 428832.75, 437998.935774371027946 ], [ 428832.75, 437998.5 ], [ 428833.0, 437998.5 ] ] ] } },
{ "type": "Feature", "properties": { }, "geometry": { "type": "Polygon", "coordinates": [ [ [ 428254.25, 437984.25 ], [ 428254.25, 437984.5 ], [ 428251.75, 437984.5 ], [ 428251.75, 437984.75 ], [ 428250.75, 437984.75 ], [ 428250.75, 437985.0 ], [ 428249.75, 437985.0 ], [ 428249.75, 437985.25 ], [ 428248.75, 437985.25 ], [ 428248.75, 437985.5 ], [ 428248.25, 437985.5 ], [ 428248.25, 437985.75 ], [ 428247.75, 437985.75 ], [ 428247.75, 437986.0 ], [ 428247.5, 437986.0 ], [ 428247.5, 437986.25 ], [ 428247.0, 437986.25 ], [ 428247.0, 437986.5 ], [ 428246.5, 437986.5 ], [ 428246.5, 437986.75 ], [ 428245.75, 437986.75 ], [ 428245.75, 437987.0 ], [ 428245.0, 437987.0 ], [ 428245.0, 437987.25 ], [ 428244.0, 437987.25 ], [ 428244.0, 437987.5 ], [ 428243.0, 437987.5 ], [ 428243.0, 437987.75 ], [ 428242.25, 437987.75 ], [ 428242.25, 437988.0 ], [ 428240.75, 437988.0 ], [ 428240.75, 437988.25 ], [ 428239.25, 437988.25 ], [ 428239.25, 437988.5 ], [ 428237.0, 437988.5 ], [ 428237.0, 437988.75 ], [ 428235.5, 437988.75 ], [ 428235.5, 437989.0 ], [ 428234.0, 437989.0 ], [ 428234.0, 437989.25 ], [ 428233.25, 437989.25 ], [ 428233.25, 437989.5 ], [ 428232.75, 437989.5 ], [ 428232.75, 437989.75 ], [ 428232.5, 437989.75 ], [ 428232.5, 437990.0 ], [ 428232.0, 437990.0 ], [ 428232.0, 437990.25 ], [ 428231.75, 437990.25 ], [ 428231.75, 437990.5 ], [ 428231.5, 437990.5 ], [ 428231.5, 437990.75 ], [ 428231.25, 437990.75 ], [ 428231.25, 437991.0 ], [ 428230.75, 437991.0 ], [ 428230.75, 437991.25 ], [ 428230.25, 437991.25 ], [ 428230.25, 437991.5 ], [ 428229.75, 437991.5 ], [ 428229.75, 437991.75 ], [ 428229.25, 437991.75 ], [ 428229.25, 437992.0 ], [ 428228.75, 437992.0 ], [ 428228.75, 437992.25 ], [ 428228.0, 437992.25 ], [ 428228.0, 437992.5 ], [ 428227.25, 437992.5 ], [ 428227.25, 437992.75 ], [ 428226.5, 437992.75 ], [ 428226.5, 437993.0 ], [ 428225.5, 437993.0 ], [ 428225.5, 437993.25 ], [ 428221.5, 437993.25 ], [ 428221.5, 437993.5 ], [ 428220.25, 437993.5 ], [ 428220.25, 437993.75 ], [ 428219.25, 437993.75 ], [ 428219.25, 437994.0 ], [ 428218.25, 437994.0 ], [ 428218.25, 437994.25 ], [ 428217.25, 437994.25 ], [ 428217.25, 437994.5 ], [ 428216.5, 437994.5 ], [ 428216.5, 437994.75 ], [ 428215.5, 437994.75 ], [ 428215.5, 437995.0 ], [ 428214.5, 437995.0 ], [ 428214.5, 437995.25 ], [ 428214.0, 437995.25 ], [ 428214.0, 437995.5 ], [ 428213.25, 437995.5 ], [ 428213.25, 437995.75 ], [ 428212.75, 437995.75 ], [ 428212.75, 437996.0 ], [ 428211.5, 437996.0 ], [ 428211.5, 437996.25 ], [ 428210.5, 437996.25 ], [ 428210.5, 437996.5 ], [ 428210.0, 437996.5 ], [ 428210.0, 437996.75 ], [ 428209.5, 437996.75 ], [ 428209.5, 437997.0 ], [ 428209.0, 437997.0 ], [ 428209.0, 437997.25 ], [ 428208.25, 437997.25 ], [ 428208.25, 437997.5 ], [ 428207.75, 437997.5 ], [ 428207.75, 437997.75 ], [ 428207.5, 437997.75 ], [ 428207.5, 437998.0 ], [ 428207.25, 437998.0 ], [ 428207.25, 437998.25 ], [ 428206.75, 437998.25 ], [ 428206.75, 437998.5 ], [ 428206.5, 437998.5 ], [ 428206.5, 437998.75 ], [ 428206.25, 437998.75 ], [ 428206.25, 438000.0 ], [ 428256.0, 438000.0 ], [ 428256.0, 437984.25 ], [ 428254.25, 437984.25 ] ] ] } },
{ "type": "Feature", "properties": { }, "geometry": { "type": "Polygon", "coordinates": [ [ [ 428579.75, 437945.0 ], [ 428579.5, 437945.0 ], [ 428579.5, 437944.0 ], [ 428579.25, 437944.0 ], [ 428579.25, 437942.25 ], [ 428579.5, 437942.25 ], [ 428579.5, 437941.75 ], [ 428579.75, 437941.75 ], [ 428579.75, 437941.5 ], [ 428580.0, 437941.5 ], [ 428580.0, 437941.25 ], [ 428580.75, 437941.25 ], [ 428580.75, 437941.0 ], [ 428581.0, 437941.0 ], [ 428581.0, 437940.75 ], [ 428581.5, 437940.75 ], [ 428581.5, 437940.5 ], [ 428582.0, 437940.5 ], [ 428582.0, 437940.25 ], [ 428582.25, 437940.25 ], [ 428582.25, 437940.0 ], [ 428582.5, 437940.0 ], [ 428582.5, 437939.75 ], [ 428582.75, 437939.75 ], [ 428582.75, 437939.5 ], [ 428583.0, 437939.5 ], [ 428583.0, 437939.0 ], [ 428583.25, 437939.0 ], [ 428583.25, 437938.75 ], [ 428583.5, 437938.75 ], [ 428583.5, 437938.0 ], [ 428583.75, 437938.0 ], [ 428583.75, 437937.0 ], [ 428584.0, 437937.0 ], [ 428584.0, 437935.25 ], [ 428584.25, 437935.25 ], [ 428584.25, 437934.25 ], [ 428584.0, 437934.25 ], [ 428584.0, 437933.75 ], [ 428583.75, 437933.75 ], [ 428583.75, 437933.5 ], [ 428583.5, 437933.5 ], [ 428583.5, 437933.494423253985588 ], [ 428572.955995517084375, 437949.425928922311869 ], [ 428568.5, 437946.476801722019445 ], [ 428568.5, 437946.5 ], [ 428568.0, 437946.5 ], [ 428568.0, 437946.75 ], [ 428567.25, 437946.75 ], [ 428567.25, 437947.0 ], [ 428567.0, 437947.0 ], [ 428567.0, 437947.5 ], [ 428566.75, 437947.5 ], [ 428566.75, 437947.75 ], [ 428566.5, 437947.75 ], [ 428566.5, 437948.0 ], [ 428566.25, 437948.0 ], [ 428566.25, 437948.25 ], [ 428565.5, 437948.25 ], [ 428565.5, 437948.5 ], [ 428565.25, 437948.5 ], [ 428565.25, 437949.0 ], [ 428565.0, 437949.0 ], [ 428565.0, 437949.25 ], [ 428564.75, 437949.25 ], [ 428564.75, 437949.5 ], [ 428564.5, 437949.5 ], [ 428564.5, 437949.75 ], [ 428564.75, 437949.75 ], [ 428564.75, 437950.5 ], [ 428565.0, 437950.5 ], [ 428565.0, 437951.0 ], [ 428565.25, 437951.0 ], [ 428565.25, 437951.25 ], [ 428565.5, 437951.25 ], [ 428565.5, 437951.75 ], [ 428565.75, 437951.75 ], [ 428565.75, 437952.0 ], [ 428566.0, 437952.0 ], [ 428566.0, 437952.5 ], [ 428566.25, 437952.5 ], [ 428566.25, 437953.0 ], [ 428566.5, 437953.0 ], [ 428566.5, 437953.5 ], [ 428566.75, 437953.5 ], [ 428566.75, 437953.75 ], [ 428567.0, 437953.75 ], [ 428567.0, 437954.0 ], [ 428567.25, 437954.0 ], [ 428567.25, 437954.25 ], [ 428567.5, 437954.25 ], [ 428567.5, 437954.5 ], [ 428568.0, 437954.5 ], [ 428568.0, 437954.75 ], [ 428568.5, 437954.75 ], [ 428568.5, 437955.0 ], [ 428568.75, 437955.0 ], [ 428568.75, 437955.25 ], [ 428569.25, 437955.25 ], [ 428569.25, 437955.5 ], [ 428569.5, 437955.5 ], [ 428569.5, 437955.75 ], [ 428570.0, 437955.75 ], [ 428570.0, 437956.0 ], [ 428570.25, 437956.0 ], [ 428570.25, 437956.25 ], [ 428570.75, 437956.25 ], [ 428570.75, 437956.5 ], [ 428571.5, 437956.5 ], [ 428571.5, 437956.75 ], [ 428571.75, 437956.75 ], [ 428571.75, 437957.0 ], [ 428572.0, 437957.0 ], [ 428572.0, 437957.25 ], [ 428572.25, 437957.25 ], [ 428572.25, 437957.5 ], [ 428572.5, 437957.5 ], [ 428572.5, 437957.75 ], [ 428573.0, 437957.75 ], [ 428573.0, 437958.0 ], [ 428575.25, 437958.0 ], [ 428575.25, 437957.75 ], [ 428576.0, 437957.75 ], [ 428576.0, 437957.5 ], [ 428576.75, 437957.5 ], [ 428576.75, 437957.25 ], [ 428577.0, 437957.25 ], [ 428577.0, 437957.0 ], [ 428577.25, 437957.0 ], [ 428577.25, 437956.75 ], [ 428577.75, 437956.75 ], [ 428577.75, 437956.5 ], [ 428578.25, 437956.5 ], [ 428578.25, 437956.25 ], [ 428578.5, 437956.25 ], [ 428578.5, 437956.0 ], [ 428579.0, 437956.0 ], [ 428579.0, 437955.5 ], [ 428579.25, 437955.5 ], [ 428579.25, 437954.5 ], [ 428579.5, 437954.5 ], [ 428579.5, 437954.25 ], [ 428580.5, 437954.25 ], [ 428580.5, 437953.75 ], [ 428580.75, 437953.75 ], [ 428580.75, 437953.0 ], [ 428581.0, 437953.0 ], [ 428581.0, 437951.5 ], [ 428581.25, 437951.5 ], [ 428581.25, 437951.0 ], [ 428581.5, 437951.0 ], [ 428581.5, 437950.75 ], [ 428581.75, 437950.75 ], [ 428581.75, 437950.25 ], [ 428581.5, 437950.25 ], [ 428581.5, 437949.5 ], [ 428581.25, 437949.5 ], [ 428581.25, 437949.142532224650495 ], [ 428581.043379302544054, 437949.0 ], [ 428581.0, 437949.0 ], [ 428581.0, 437948.970075851248112 ], [ 428579.204151400772389, 437947.731253704521805 ], [ 428580.0, 437946.582999488629866 ], [ 428580.0, 437946.0 ], [ 428579.75, 437946.0 ], [ 428579.75, 437945.0 ] ] ] } },
{ "type": "Feature", "properties": { }, "geometry": { "type": "Polygon", "coordinates": [ [ [ 428624.5, 437926.328656297177076 ], [ 428624.5, 437926.75 ], [ 428624.75, 437926.75 ], [ 428624.75, 437927.75 ], [ 428625.0, 437927.75 ], [ 428625.0, 437928.5 ], [ 428625.25, 437928.5 ], [ 428625.25, 437929.5 ], [ 428625.5, 437929.5 ], [ 428625.5, 437930.0 ], [ 428625.75, 437930.0 ], [ 428625.75, 437930.25 ], [ 428626.0, 437930.25 ], [ 428626.0, 437930.5 ], [ 428626.5, 437930.5 ], [ 428626.5, 437930.75 ], [ 428628.0, 437930.75 ], [ 428628.0, 437931.0 ], [ 428628.75, 437931.0 ], [ 428628.75, 437931.25 ], [ 428631.5, 437931.25 ], [ 428631.5, 437931.127920436963905 ], [ 428624.5, 437926.328656297177076 ] ] ] } },
{ "type": "Feature", "properties": { }, "geometry": { "type": "Polygon", "coordinates": [ [ [ 428663.75, 437924.5 ], [ 428663.75, 437923.5 ], [ 428663.5, 437923.5 ], [ 428663.5, 437923.25 ], [ 428663.0, 437923.25 ], [ 428663.0, 437924.25 ], [ 428663.25, 437924.25 ], [ 428663.25, 437924.75 ], [ 428663.5, 437924.75 ], [ 428663.5, 437924.5 ], [ 428663.75, 437924.5 ] ] ] } },
{ "type": "Feature", "properties": { }, "geometry": { "type": "Polygon", "coordinates": [ [ [ 428657.25, 437929.0 ], [ 428657.25, 437929.25 ], [ 428658.75, 437929.25 ], [ 428658.75, 437929.0 ], [ 428659.25, 437929.0 ], [ 428659.25, 437928.75 ], [ 428659.75, 437928.75 ], [ 428659.75, 437928.5 ], [ 428660.25, 437928.5 ], [ 428660.25, 437928.25 ], [ 428660.75, 437928.25 ], [ 428660.75, 437928.0 ], [ 428661.0, 437928.0 ], [ 428661.0, 437927.75 ], [ 428661.25, 437927.75 ], [ 428661.25, 437927.5 ], [ 428661.5, 437927.5 ], [ 428661.5, 437927.25 ], [ 428661.75, 437927.25 ], [ 428661.75, 437927.0 ], [ 428662.0, 437927.0 ], [ 428662.0, 437926.25 ], [ 428662.25, 437926.25 ], [ 428662.25, 437923.75 ], [ 428662.5, 437923.75 ], [ 428662.5, 437922.0 ], [ 428662.75, 437922.0 ], [ 428662.75, 437921.25 ], [ 428662.5, 437921.25 ], [ 428662.5, 437921.0 ], [ 428662.0, 437921.0 ], [ 428662.0, 437920.75 ], [ 428661.25, 437920.75 ], [ 428661.25, 437920.5 ], [ 428660.75, 437920.5 ], [ 428660.75, 437920.0 ], [ 428660.5, 437920.0 ], [ 428660.5, 437919.5 ], [ 428660.25, 437919.5 ], [ 428660.25, 437918.75 ], [ 428660.0, 437918.75 ], [ 428660.0, 437918.5 ], [ 428659.75, 437918.5 ], [ 428659.75, 437918.25 ], [ 428659.25, 437918.25 ], [ 428659.25, 437918.0 ], [ 428659.0, 437918.0 ], [ 428659.0, 437917.75 ], [ 428658.75, 437917.75 ], [ 428658.75, 437917.5 ], [ 428658.25, 437917.5 ], [ 428658.25, 437917.75 ], [ 428658.0, 437917.75 ], [ 428658.0, 437918.0 ], [ 428657.75, 437918.0 ], [ 428657.75, 437918.25 ], [ 428657.5, 437918.25 ], [ 428657.5, 437918.5 ], [ 428657.25, 437918.5 ], [ 428657.25, 437918.75 ], [ 428657.0, 437918.75 ], [ 428657.0, 437919.0 ], [ 428656.5, 437919.0 ], [ 428656.5, 437919.25 ], [ 428656.25, 437919.25 ], [ 428656.25, 437919.5 ], [ 428656.0, 437919.5 ], [ 428656.0, 437919.75 ], [ 428655.75, 437919.75 ], [ 428655.75, 437920.0 ], [ 428655.5, 437920.0 ], [ 428655.5, 437920.5 ], [ 428655.25, 437920.5 ], [ 428655.25, 437920.75 ], [ 428655.0, 437920.75 ], [ 428655.0, 437921.0 ], [ 428654.75, 437921.0 ], [ 428654.75, 437921.25 ], [ 428654.5, 437921.25 ], [ 428654.5, 437921.5 ], [ 428654.25, 437921.5 ], [ 428654.25, 437921.75 ], [ 428654.0, 437921.75 ], [ 428654.0, 437922.25 ], [ 428653.75, 437922.25 ], [ 428653.75, 437922.5 ], [ 428653.5, 437922.5 ], [ 428653.5, 437923.0 ], [ 428653.25, 437923.0 ], [ 428653.25, 437923.5 ], [ 428653.0, 437923.5 ], [ 428653.0, 437923.75 ], [ 428652.75, 437923.75 ], [ 428652.75, 437924.25 ], [ 428652.5, 437924.25 ], [ 428652.5, 437924.5 ], [ 428652.25, 437924.5 ], [ 428652.25, 437925.25 ], [ 428652.0, 437925.25 ], [ 428652.0, 437927.25 ], [ 428652.25, 437927.25 ], [ 428652.25, 437927.75 ], [ 428652.5, 437927.75 ], [ 428652.5, 437928.0 ], [ 428652.75, 437928.0 ], [ 428652.75, 437928.25 ], [ 428653.0, 437928.25 ], [ 428653.0, 437928.5 ], [ 428653.25, 437928.5 ], [ 428653.25, 437928.75 ], [ 428653.5, 437928.75 ], [ 428653.5, 437929.0 ], [ 428654.25, 437929.0 ], [ 428654.25, 437929.25 ], [ 428655.0, 437929.25 ], [ 428655.0, 437929.0 ], [ 428657.25, 437929.0 ] ] ] } },
{ "type": "Feature", "properties": { }, "geometry": { "type": "Polygon", "coordinates": [ [ [ 428594.0, 437924.0 ], [ 428594.0, 437923.75 ], [ 428594.75, 437923.75 ], [ 428594.75, 437923.5 ], [ 428595.0, 437923.5 ], [ 428595.0, 437923.25 ], [ 428595.5, 437923.25 ], [ 428595.5, 437923.0 ], [ 428595.75, 437923.0 ], [ 428595.75, 437922.75 ], [ 428596.25, 437922.75 ], [ 428596.25, 437922.5 ], [ 428596.5, 437922.5 ], [ 428596.5, 437922.25 ], [ 428596.75, 437922.25 ], [ 428596.75, 437922.0 ], [ 428597.0, 437922.0 ], [ 428597.0, 437921.75 ], [ 428597.25, 437921.75 ], [ 428597.25, 437921.5 ], [ 428597.5, 437921.5 ], [ 428597.5, 437921.25 ], [ 428597.75, 437921.25 ], [ 428597.75, 437921.0 ], [ 428598.0, 437921.0 ], [ 428598.0, 437920.75 ], [ 428598.5, 437920.75 ], [ 428598.5, 437920.5 ], [ 428598.75, 437920.5 ], [ 428598.75, 437920.0 ], [ 428599.0, 437920.0 ], [ 428599.0, 437919.5 ], [ 428599.25, 437919.5 ], [ 428599.25, 437919.25 ], [ 428599.5, 437919.25 ], [ 428599.5, 437918.5 ], [ 428599.75, 437918.5 ], [ 428599.75, 437917.75 ], [ 428600.0, 437917.75 ], [ 428600.0, 437917.0 ], [ 428600.25, 437917.0 ], [ 428600.25, 437916.5 ], [ 428600.5, 437916.5 ], [ 428600.5, 437915.25 ], [ 428600.75, 437915.25 ], [ 428600.75, 437912.5 ], [ 428600.5, 437912.5 ], [ 428600.5, 437911.75 ], [ 428600.25, 437911.75 ], [ 428600.25, 437911.5 ], [ 428600.0, 437911.5 ], [ 428600.0, 437911.0 ], [ 428599.75, 437911.0 ], [ 428599.75, 437910.75 ], [ 428599.5, 437910.75 ], [ 428599.5, 437910.25 ], [ 428599.0, 437910.25 ], [ 428599.0, 437910.074636373203248 ], [ 428589.783727567002643, 437924.0 ], [ 428591.0, 437924.0 ], [ 428591.0, 437924.25 ], [ 428592.5, 437924.25 ], [ 428592.5, 437924.0 ], [ 428594.0, 437924.0 ] ] ] } },
{ "type": "Feature", "properties": { }, "geometry": { "type": "Polygon", "coordinates": [ [ [ 428594.5, 437885.25 ], [ 428594.5, 437885.5 ], [ 428594.25, 437885.5 ], [ 428594.25, 437885.75 ], [ 428594.0, 437885.75 ], [ 428594.0, 437886.25 ], [ 428593.75, 437886.25 ], [ 428593.75, 437886.75 ], [ 428593.5, 437886.75 ], [ 428593.5, 437887.5 ], [ 428593.25, 437887.5 ], [ 428593.25, 437889.0 ], [ 428593.0, 437889.0 ], [ 428593.0, 437889.5 ], [ 428592.75, 437889.5 ], [ 428592.75, 437890.75 ], [ 428593.0, 437890.75 ], [ 428593.0, 437891.75 ], [ 428593.25, 437891.75 ], [ 428593.25, 437894.5 ], [ 428593.0, 437894.5 ], [ 428593.0, 437894.75 ], [ 428593.25, 437894.75 ], [ 428593.25, 437898.75 ], [ 428593.5, 437898.75 ], [ 428593.5, 437900.0 ], [ 428593.671753076603636, 437900.0 ], [ 428594.016897805733606, 437899.476527831400745 ], [ 428594.310331374814268, 437899.076236000168137 ], [ 428594.642005135072395, 437898.707007986027747 ], [ 428595.008650948177092, 437898.372481967089698 ], [ 428595.406656079809181, 437898.075954186206218 ], [ 428595.832098797312938, 437897.820346471620724 ], [ 428596.280787012714427, 437897.608177446993068 ], [ 428596.748299589031376, 437897.441537713923026 ], [ 428597.230029903934337, 437897.322069252317306 ], [ 428597.721231241186615, 437897.250949241511989 ], [ 428598.217063561896794, 437897.228878460475244 ], [ 428598.712641195976175, 437897.256074383039959 ], [ 428599.203080982959364, 437897.332269034988713 ], [ 428599.683550387911964, 437897.456711634411477 ], [ 428600.149315118847881, 437897.628175989491865 ], [ 428600.595785775803961, 437897.844972581078764 ], [ 428601.018563072488178, 437898.10496520990273 ], [ 428606.335053848451935, 437901.75 ], [ 428606.5, 437901.75 ], [ 428606.5, 437901.5 ], [ 428607.0, 437901.5 ], [ 428607.0, 437901.25 ], [ 428607.5, 437901.25 ], [ 428607.5, 437901.0 ], [ 428607.75, 437901.0 ], [ 428607.75, 437900.75 ], [ 428608.0, 437900.75 ], [ 428608.0, 437900.5 ], [ 428608.25, 437900.5 ], [ 428608.25, 437900.25 ], [ 428608.5, 437900.25 ], [ 428608.5, 437900.0 ], [ 428608.75, 437900.0 ], [ 428608.75, 437899.75 ], [ 428609.0, 437899.75 ], [ 428609.0, 437899.5 ], [ 428609.25, 437899.5 ], [ 428609.25, 437899.25 ], [ 428609.5, 437899.25 ], [ 428609.5, 437898.75 ], [ 428609.75, 437898.75 ], [ 428609.75, 437897.5 ], [ 428610.0, 437897.5 ], [ 428610.0, 437895.5 ], [ 428610.25, 437895.5 ], [ 428610.25, 437895.187413887761068 ], [ 428607.282160053378902, 437893.171750885201618 ], [ 428608.084690375369973, 437892.0 ], [ 428608.0, 437892.0 ], [ 428608.0, 437891.75 ], [ 428607.75, 437891.75 ], [ 428607.75, 437891.5 ], [ 428607.5, 437891.5 ], [ 428607.5, 437891.25 ], [ 428607.25, 437891.25 ], [ 428607.25, 437891.0 ], [ 428607.0, 437891.0 ], [ 428607.0, 437890.5 ], [ 428606.75, 437890.5 ], [ 428606.75, 437890.25 ], [ 428606.5, 437890.25 ], [ 428606.5, 437889.908399133128114 ], [ 428606.267573528341018, 437889.75 ], [ 428606.25, 437889.75 ], [ 428606.25, 437889.738023603218608 ], [ 428604.932843796501402, 437888.840378858614713 ], [ 428604.800451641785912, 437888.75 ], [ 428604.75, 437888.75 ], [ 428604.75, 437888.715558670694008 ], [ 428604.43423725059256, 437888.5 ], [ 428604.25, 437888.5 ], [ 428604.25, 437888.374228556407616 ], [ 428604.068022859399207, 437888.25 ], [ 428603.5, 437888.25 ], [ 428603.5, 437888.0 ], [ 428602.5, 437888.0 ], [ 428602.5, 437887.75 ], [ 428601.5, 437887.75 ], [ 428601.5, 437887.5 ], [ 428600.75, 437887.5 ], [ 428600.75, 437887.406623264425434 ], [ 428600.457320845627692, 437887.83395639329683 ], [ 428598.500616567849647, 437886.5 ], [ 428598.5, 437886.5 ], [ 428598.5, 437886.499579663272016 ], [ 428598.133905877824873, 437886.25 ], [ 428598.0, 437886.25 ], [ 428598.0, 437886.158711498253979 ], [ 428597.767195187800098, 437886.0 ], [ 428597.5, 437886.0 ], [ 428597.5, 437885.817843333235942 ], [ 428597.400484497775324, 437885.75 ], [ 428597.25, 437885.75 ], [ 428597.25, 437885.647409250726923 ], [ 428597.033773807750549, 437885.5 ], [ 428596.5, 437885.5 ], [ 428596.5, 437885.25 ], [ 428594.5, 437885.25 ] ] ] } },
{ "type": "Feature", "properties": { }, "geometry": { "type": "Polygon", "coordinates": [ [ [ 428704.25, 437885.0 ], [ 428704.25, 437884.75 ], [ 428704.75, 437884.75 ], [ 428704.75, 437884.113552679715212 ], [ 428701.25, 437883.148225798562635 ], [ 428701.25, 437884.0 ], [ 428701.5, 437884.0 ], [ 428701.5, 437884.5 ], [ 428701.75, 437884.5 ], [ 428701.75, 437884.75 ], [ 428702.0, 437884.75 ], [ 428702.0, 437885.0 ], [ 428702.25, 437885.0 ], [ 428702.25, 437885.25 ], [ 428703.0, 437885.25 ], [ 428703.0, 437885.5 ], [ 428703.75, 437885.5 ], [ 428703.75, 437885.0 ], [ 428704.25, 437885.0 ] ] ] } },
{ "type": "Feature", "properties": { }, "geometry": { "type": "Polygon", "coordinates": [ [ [ 428708.75, 437874.5 ], [ 428708.75, 437874.0 ], [ 428708.5, 437874.0 ], [ 428708.5, 437873.75 ], [ 428708.25, 437873.75 ], [ 428708.25, 437873.25 ], [ 428708.5, 437873.25 ], [ 428708.5, 437872.75 ], [ 428708.75, 437872.75 ], [ 428708.75, 437872.0 ], [ 428701.717273050686345, 437872.0 ], [ 428703.016403552028351, 437873.262034668412525 ], [ 428709.0, 437874.912356524670031 ], [ 428709.0, 437874.5 ], [ 428708.75, 437874.5 ] ] ] } },
{ "type": "Feature", "properties": { }, "geometry": { "type": "Polygon", "coordinates": [ [ [ 428356.0, 437873.0 ], [ 428355.75, 437873.0 ], [ 428355.75, 437873.5 ], [ 428356.0, 437873.5 ], [ 428356.0, 437874.0 ], [ 428356.25, 437874.0 ], [ 428356.25, 437874.25 ], [ 428356.5, 437874.25 ], [ 428356.5, 437874.5 ], [ 428356.75, 437874.5 ], [ 428356.75, 437875.5 ], [ 428357.0, 437875.5 ], [ 428357.0, 437876.25 ], [ 428357.25, 437876.25 ], [ 428357.25, 437876.75 ], [ 428357.5, 437876.75 ], [ 428357.5, 437877.25 ], [ 428357.75, 437877.25 ], [ 428357.75, 437877.5 ], [ 428358.25, 437877.5 ], [ 428358.25, 437877.75 ], [ 428358.75, 437877.75 ], [ 428358.75, 437878.0 ], [ 428359.75, 437878.0 ], [ 428359.75, 437878.25 ], [ 428361.0, 437878.25 ], [ 428361.0, 437878.5 ], [ 428361.768637850356754, 437878.5 ], [ 428363.907082085032016, 437875.496090606204234 ], [ 428366.320612528536003, 437872.0 ], [ 428356.0, 437872.0 ], [ 428356.0, 437873.0 ] ] ] } },
{ "type": "Feature", "properties": { }, "geometry": { "type": "Polygon", "coordinates": [ [ [ 428660.75, 437854.5 ], [ 428660.75, 437854.25 ], [ 428660.5, 437854.25 ], [ 428660.5, 437853.5 ], [ 428660.0, 437853.5 ], [ 428660.0, 437854.0 ], [ 428660.25, 437854.0 ], [ 428660.25, 437854.75 ], [ 428660.5, 437854.75 ], [ 428660.5, 437854.5 ], [ 428660.75, 437854.5 ] ] ] } },
{ "type": "Feature", "properties": { }, "geometry": { "type": "Polygon", "coordinates": [ [ [ 428650.5, 437853.75 ], [ 428650.25, 437853.75 ], [ 428650.25, 437854.25 ], [ 428650.0, 437854.25 ], [ 428650.0, 437854.5 ], [ 428649.75, 437854.5 ], [ 428649.75, 437855.0 ], [ 428649.5, 437855.0 ], [ 428649.5, 437855.5 ], [ 428649.25, 437855.5 ], [ 428649.25, 437856.0 ], [ 428649.0, 437856.0 ], [ 428649.0, 437856.75 ], [ 428648.75, 437856.75 ], [ 428648.75, 437857.25 ], [ 428648.5, 437857.25 ], [ 428648.5, 437858.25 ], [ 428648.25, 437858.25 ], [ 428648.25, 437858.5 ], [ 428648.5, 437858.5 ], [ 428648.5, 437859.5 ], [ 428648.75, 437859.5 ], [ 428648.75, 437860.25 ], [ 428649.0, 437860.25 ], [ 428649.0, 437860.75 ], [ 428649.25, 437860.75 ], [ 428649.25, 437861.0 ], [ 428649.5, 437861.0 ], [ 428649.5, 437861.25 ], [ 428649.75, 437861.25 ], [ 428649.75, 437861.5 ], [ 428650.0, 437861.5 ], [ 428650.0, 437861.75 ], [ 428650.25, 437861.75 ], [ 428650.25, 437862.0 ], [ 428650.75, 437862.0 ], [ 428650.75, 437862.25 ], [ 428651.0, 437862.25 ], [ 428651.0, 437862.5 ], [ 428651.25, 437862.5 ], [ 428651.25, 437862.75 ], [ 428651.0, 437862.75 ], [ 428651.0, 437864.5 ], [ 428651.5, 437864.5 ], [ 428651.5, 437864.75 ], [ 428651.75, 437864.75 ], [ 428651.75, 437864.5 ], [ 428652.5, 437864.5 ], [ 428652.5, 437864.75 ], [ 428652.75, 437864.75 ], [ 428652.75, 437865.5 ], [ 428653.0, 437865.5 ], [ 428653.0, 437865.75 ], [ 428652.75, 437865.75 ], [ 428652.75, 437866.75 ], [ 428653.0, 437866.75 ], [ 428653.0, 437867.0 ], [ 428653.5, 437867.0 ], [ 428653.5, 437867.25 ], [ 428653.75, 437867.25 ], [ 428653.75, 437867.0 ], [ 428656.0, 437867.0 ], [ 428656.0, 437867.25 ], [ 428657.0, 437867.25 ], [ 428657.0, 437867.0 ], [ 428657.5, 437867.0 ], [ 428657.5, 437866.75 ], [ 428657.75, 437866.75 ], [ 428657.75, 437866.5 ], [ 428658.0, 437866.5 ], [ 428658.0, 437865.25 ], [ 428657.75, 437865.25 ], [ 428657.75, 437865.0 ], [ 428657.5, 437865.0 ], [ 428657.5, 437864.75 ], [ 428657.0, 437864.75 ], [ 428657.0, 437864.5 ], [ 428656.75, 437864.5 ], [ 428656.75, 437864.25 ], [ 428656.5, 437864.25 ], [ 428656.5, 437864.0 ], [ 428656.0, 437864.0 ], [ 428656.0, 437863.75 ], [ 428655.75, 437863.75 ], [ 428655.75, 437863.5 ], [ 428655.25, 437863.5 ], [ 428655.25, 437863.25 ], [ 428655.0, 437863.25 ], [ 428655.0, 437863.0 ], [ 428654.5, 437863.0 ], [ 428654.5, 437862.75 ], [ 428653.5, 437862.75 ], [ 428653.5, 437862.5 ], [ 428653.25, 437862.5 ], [ 428653.25, 437862.25 ], [ 428653.5, 437862.25 ], [ 428653.5, 437862.0 ], [ 428653.75, 437862.0 ], [ 428653.75, 437861.75 ], [ 428654.0, 437861.75 ], [ 428654.0, 437861.5 ], [ 428654.5, 437861.5 ], [ 428654.5, 437861.25 ], [ 428655.0, 437861.25 ], [ 428655.0, 437861.0 ], [ 428655.5, 437861.0 ], [ 428655.5, 437860.75 ], [ 428655.75, 437860.75 ], [ 428655.75, 437860.25 ], [ 428656.0, 437860.25 ], [ 428656.0, 437859.559524049283937 ], [ 428655.604170403908938, 437858.774700641864911 ], [ 428656.5, 437858.322884521388914 ], [ 428656.5, 437858.25 ], [ 428656.644510362530127, 437858.25 ], [ 428656.75, 437858.196795775729697 ], [ 428656.75, 437858.0 ], [ 428657.0, 437858.0 ], [ 428657.0, 437857.5 ], [ 428657.25, 437857.5 ], [ 428657.25, 437857.0 ], [ 428657.5, 437857.0 ], [ 428657.5, 437856.75 ], [ 428658.0, 437856.75 ], [ 428658.0, 437856.5 ], [ 428658.75, 437856.5 ], [ 428658.75, 437856.25 ], [ 428659.0, 437856.25 ], [ 428659.0, 437856.0 ], [ 428659.25, 437856.0 ], [ 428659.25, 437853.0 ], [ 428659.0, 437853.0 ], [ 428659.0, 437852.5 ], [ 428655.589925468491856, 437852.5 ], [ 428653.0, 437852.995657553721685 ], [ 428653.0, 437853.0 ], [ 428652.977309712907299, 437853.0 ], [ 428651.75, 437853.234881403855979 ], [ 428651.75, 437853.25 ], [ 428651.671001835085917, 437853.25 ], [ 428651.0, 437853.378415713959839 ], [ 428651.0, 437853.5 ], [ 428650.5, 437853.5 ], [ 428650.5, 437853.75 ] ] ] } },
{ "type": "Feature", "properties": { }, "geometry": { "type": "Polygon", "coordinates": [ [ [ 428475.5, 437855.0 ], [ 428475.5, 437854.75 ], [ 428476.5, 437854.75 ], [ 428476.5, 437854.5 ], [ 428477.25, 437854.5 ], [ 428477.25, 437854.25 ], [ 428477.75, 437854.25 ], [ 428477.75, 437854.0 ], [ 428478.25, 437854.0 ], [ 428478.25, 437853.75 ], [ 428479.0, 437853.75 ], [ 428479.0, 437853.5 ], [ 428479.5, 437853.5 ], [ 428479.5, 437853.25 ], [ 428479.75, 437853.25 ], [ 428479.75, 437853.5 ], [ 428480.75, 437853.5 ], [ 428480.75, 437853.25 ], [ 428481.0, 437853.25 ], [ 428481.0, 437853.0 ], [ 428481.5, 437853.0 ], [ 428481.5, 437851.25 ], [ 428480.25, 437851.25 ], [ 428480.25, 437851.5 ], [ 428480.0, 437851.5 ], [ 428480.0, 437851.75 ], [ 428479.75, 437851.75 ], [ 428479.75, 437852.0 ], [ 428479.25, 437852.0 ], [ 428479.25, 437852.25 ], [ 428478.25, 437852.25 ], [ 428478.25, 437852.0 ], [ 428478.0, 437852.0 ], [ 428478.0, 437851.5 ], [ 428477.75, 437851.5 ], [ 428477.75, 437851.25 ], [ 428478.0, 437851.25 ], [ 428478.0, 437850.75 ], [ 428478.25, 437850.75 ], [ 428478.25, 437850.25 ], [ 428478.0, 437850.25 ], [ 428478.0, 437849.75 ], [ 428477.75, 437849.75 ], [ 428477.75, 437849.5 ], [ 428478.0, 437849.5 ], [ 428478.0, 437849.25 ], [ 428480.0, 437849.25 ], [ 428480.0, 437849.5 ], [ 428481.0, 437849.5 ], [ 428481.0, 437849.25 ], [ 428481.25, 437849.25 ], [ 428481.25, 437849.0 ], [ 428481.5, 437849.0 ], [ 428481.5, 437845.5 ], [ 428481.25, 437845.5 ], [ 428481.25, 437845.25 ], [ 428481.0, 437845.25 ], [ 428481.0, 437845.0 ], [ 428480.5, 437845.0 ], [ 428480.5, 437844.75 ], [ 428480.25, 437844.75 ], [ 428480.25, 437844.5 ], [ 428479.75, 437844.5 ], [ 428479.75, 437844.25 ], [ 428478.75, 437844.25 ], [ 428478.75, 437844.0 ], [ 428478.0, 437844.0 ], [ 428478.0, 437843.75 ], [ 428476.5, 437843.75 ], [ 428476.5, 437844.0 ], [ 428476.25, 437844.0 ], [ 428476.25, 437844.25 ], [ 428475.75, 437844.25 ], [ 428475.75, 437844.5 ], [ 428475.25, 437844.5 ], [ 428475.25, 437844.75 ], [ 428474.5, 437844.75 ], [ 428474.5, 437845.0 ], [ 428473.75, 437845.0 ], [ 428473.75, 437845.25 ], [ 428473.0, 437845.25 ], [ 428473.0, 437845.5 ], [ 428472.5, 437845.5 ], [ 428472.5, 437845.75 ], [ 428472.25, 437845.75 ], [ 428472.25, 437846.0 ], [ 428471.75, 437846.0 ], [ 428471.75, 437846.25 ], [ 428471.25, 437846.25 ], [ 428471.25, 437846.5 ], [ 428470.5, 437846.5 ], [ 428470.5, 437846.75 ], [ 428470.25, 437846.75 ], [ 428470.25, 437847.0 ], [ 428470.0, 437847.0 ], [ 428470.0, 437847.25 ], [ 428469.5, 437847.25 ], [ 428469.5, 437848.5 ], [ 428469.25, 437848.5 ], [ 428469.25, 437851.25 ], [ 428469.5, 437851.25 ], [ 428469.5, 437852.0 ], [ 428469.75, 437852.0 ], [ 428469.75, 437852.75 ], [ 428470.0, 437852.75 ], [ 428470.0, 437853.25 ], [ 428470.25, 437853.25 ], [ 428470.25, 437853.5 ], [ 428470.5, 437853.5 ], [ 428470.5, 437853.75 ], [ 428470.75, 437853.75 ], [ 428470.75, 437854.0 ], [ 428471.0, 437854.0 ], [ 428471.0, 437854.25 ], [ 428471.25, 437854.25 ], [ 428471.25, 437854.5 ], [ 428471.5, 437854.5 ], [ 428471.5, 437854.75 ], [ 428471.75, 437854.75 ], [ 428471.75, 437855.0 ], [ 428472.25, 437855.0 ], [ 428472.25, 437855.25 ], [ 428475.0, 437855.25 ], [ 428475.0, 437855.0 ], [ 428475.5, 437855.0 ] ] ] } },
{ "type": "Feature", "properties": { }, "geometry": { "type": "Polygon", "coordinates": [ [ [ 428343.25, 437850.25 ], [ 428343.25, 437850.0 ], [ 428343.75, 437850.0 ], [ 428343.75, 437849.75 ], [ 428344.25, 437849.75 ], [ 428344.25, 437849.5 ], [ 428344.75, 437849.5 ], [ 428344.75, 437849.25 ], [ 428345.0, 437849.25 ], [ 428345.0, 437849.0 ], [ 428345.5, 437849.0 ], [ 428345.5, 437848.75 ], [ 428346.25, 437848.75 ], [ 428346.25, 437848.5 ], [ 428346.75, 437848.5 ], [ 428346.75, 437848.25 ], [ 428347.25, 437848.25 ], [ 428347.25, 437848.0 ], [ 428347.75, 437848.0 ], [ 428347.75, 437847.75 ], [ 428348.25, 437847.75 ], [ 428348.25, 437847.5 ], [ 428348.75, 437847.5 ], [ 428348.75, 437847.25 ], [ 428349.25, 437847.25 ], [ 428349.25, 437847.0 ], [ 428349.75, 437847.0 ], [ 428349.75, 437846.75 ], [ 428350.0, 437846.75 ], [ 428350.0, 437846.5 ], [ 428350.25, 437846.5 ], [ 428350.25, 437846.25 ], [ 428350.5, 437846.25 ], [ 428350.5, 437846.0 ], [ 428351.0, 437846.0 ], [ 428351.0, 437845.75 ], [ 428351.25, 437845.75 ], [ 428351.25, 437845.5 ], [ 428351.5, 437845.5 ], [ 428351.5, 437845.25 ], [ 428351.75, 437845.25 ], [ 428351.75, 437845.0 ], [ 428352.0, 437845.0 ], [ 428352.0, 437844.75 ], [ 428352.5, 437844.75 ], [ 428352.5, 437844.5 ], [ 428352.75, 437844.5 ], [ 428352.75, 437844.25 ], [ 428353.25, 437844.25 ], [ 428353.25, 437844.0 ], [ 428353.5, 437844.0 ], [ 428353.5, 437843.75 ], [ 428354.0, 437843.75 ], [ 428354.0, 437843.5 ], [ 428354.25, 437843.5 ], [ 428354.25, 437843.25 ], [ 428354.5, 437843.25 ], [ 428354.5, 437843.0 ], [ 428354.75, 437843.0 ], [ 428354.75, 437842.75 ], [ 428355.0, 437842.75 ], [ 428355.0, 437842.25 ], [ 428355.25, 437842.25 ], [ 428355.25, 437841.75 ], [ 428355.5, 437841.75 ], [ 428355.5, 437841.0 ], [ 428355.75, 437841.0 ], [ 428355.75, 437838.25 ], [ 428356.0, 437838.25 ], [ 428356.0, 437838.0 ], [ 428356.25, 437838.0 ], [ 428356.25, 437837.75 ], [ 428356.5, 437837.75 ], [ 428356.5, 437837.0 ], [ 428356.0, 437837.0 ], [ 428356.0, 437836.75 ], [ 428355.5, 437836.75 ], [ 428355.5, 437836.5 ], [ 428355.0, 437836.5 ], [ 428355.0, 437836.25 ], [ 428354.5, 437836.25 ], [ 428354.5, 437836.0 ], [ 428353.5, 437836.0 ], [ 428353.5, 437835.75 ], [ 428352.5, 437835.75 ], [ 428352.5, 437835.5 ], [ 428351.75, 437835.5 ], [ 428351.75, 437835.25 ], [ 428351.5, 437835.25 ], [ 428351.5, 437835.0 ], [ 428351.25, 437835.0 ], [ 428351.25, 437834.75 ], [ 428351.0, 437834.75 ], [ 428351.0, 437834.5 ], [ 428350.5, 437834.5 ], [ 428350.5, 437834.25 ], [ 428350.75, 437834.25 ], [ 428350.75, 437833.25 ], [ 428351.0, 437833.25 ], [ 428351.0, 437833.0 ], [ 428351.25, 437833.0 ], [ 428351.25, 437832.75 ], [ 428351.5, 437832.75 ], [ 428351.5, 437831.75 ], [ 428351.25, 437831.75 ], [ 428351.25, 437831.25 ], [ 428351.5, 437831.25 ], [ 428351.5, 437831.0 ], [ 428351.75, 437831.0 ], [ 428351.75, 437830.25 ], [ 428350.75, 437830.25 ], [ 428350.75, 437830.0 ], [ 428350.0, 437830.0 ], [ 428350.0, 437829.75 ], [ 428349.5, 437829.75 ], [ 428349.5, 437829.5 ], [ 428348.5, 437829.5 ], [ 428348.5, 437829.25 ], [ 428345.25, 437829.25 ], [ 428345.25, 437829.5 ], [ 428343.25, 437829.5 ], [ 428343.25, 437829.75 ], [ 428341.25, 437829.75 ], [ 428341.25, 437830.0 ], [ 428339.25, 437830.0 ], [ 428339.25, 437830.25 ], [ 428336.5, 437830.25 ], [ 428336.5, 437830.5 ], [ 428335.75, 437830.5 ], [ 428335.75, 437830.75 ], [ 428333.25, 437830.75 ], [ 428333.25, 437831.0 ], [ 428331.5, 437831.0 ], [ 428331.5, 437831.25 ], [ 428330.0, 437831.25 ], [ 428330.0, 437831.5 ], [ 428329.0, 437831.5 ], [ 428329.0, 437831.75 ], [ 428328.25, 437831.75 ], [ 428328.25, 437832.0 ], [ 428327.75, 437832.0 ], [ 428327.75, 437832.25 ], [ 428327.25, 437832.25 ], [ 428327.25, 437832.5 ], [ 428327.0, 437832.5 ], [ 428327.0, 437832.75 ], [ 428326.5, 437832.75 ], [ 428326.5, 437833.0 ], [ 428326.25, 437833.0 ], [ 428326.25, 437833.25 ], [ 428326.0, 437833.25 ], [ 428326.0, 437833.75 ], [ 428325.75, 437833.75 ], [ 428325.75, 437834.25 ], [ 428325.5, 437834.25 ], [ 428325.5, 437834.75 ], [ 428325.75, 437834.75 ], [ 428325.75, 437835.25 ], [ 428326.0, 437835.25 ], [ 428326.0, 437836.0 ], [ 428326.25, 437836.0 ], [ 428326.25, 437836.5 ], [ 428326.5, 437836.5 ], [ 428326.5, 437837.0 ], [ 428326.75, 437837.0 ], [ 428326.75, 437837.5 ], [ 428327.0, 437837.5 ], [ 428327.0, 437838.0 ], [ 428327.25, 437838.0 ], [ 428327.25, 437838.5 ], [ 428327.5, 437838.5 ], [ 428327.5, 437839.25 ], [ 428327.75, 437839.25 ], [ 428327.75, 437840.0 ], [ 428328.0, 437840.0 ], [ 428328.0, 437841.0 ], [ 428328.25, 437841.0 ], [ 428328.25, 437842.0 ], [ 428328.5, 437842.0 ], [ 428328.5, 437842.75 ], [ 428328.75, 437842.75 ], [ 428328.75, 437843.25 ], [ 428329.0, 437843.25 ], [ 428329.0, 437843.75 ], [ 428329.25, 437843.75 ], [ 428329.25, 437844.25 ], [ 428329.5, 437844.25 ], [ 428329.5, 437844.75 ], [ 428329.75, 437844.75 ], [ 428329.75, 437845.0 ], [ 428330.0, 437845.0 ], [ 428330.0, 437845.25 ], [ 428330.25, 437845.25 ], [ 428330.25, 437845.5 ], [ 428330.75, 437845.5 ], [ 428330.75, 437845.75 ], [ 428331.0, 437845.75 ], [ 428331.0, 437846.0 ], [ 428331.25, 437846.0 ], [ 428331.25, 437846.25 ], [ 428331.5, 437846.25 ], [ 428331.5, 437846.5 ], [ 428331.75, 437846.5 ], [ 428331.75, 437846.75 ], [ 428332.0, 437846.75 ], [ 428332.0, 437847.0 ], [ 428332.5, 437847.0 ], [ 428332.5, 437847.25 ], [ 428333.0, 437847.25 ], [ 428333.0, 437847.5 ], [ 428333.5, 437847.5 ], [ 428333.5, 437847.75 ], [ 428334.25, 437847.75 ], [ 428334.25, 437848.0 ], [ 428335.5, 437848.0 ], [ 428335.5, 437848.25 ], [ 428336.25, 437848.25 ], [ 428336.25, 437848.5 ], [ 428337.25, 437848.5 ], [ 428337.25, 437848.75 ], [ 428337.75, 437848.75 ], [ 428337.75, 437849.0 ], [ 428338.0, 437849.0 ], [ 428338.0, 437849.25 ], [ 428338.25, 437849.25 ], [ 428338.25, 437849.5 ], [ 428338.5, 437849.5 ], [ 428338.5, 437849.75 ], [ 428339.0, 437849.75 ], [ 428339.0, 437850.0 ], [ 428339.75, 437850.0 ], [ 428339.75, 437850.25 ], [ 428340.25, 437850.25 ], [ 428340.25, 437850.5 ], [ 428342.75, 437850.5 ], [ 428342.75, 437850.25 ], [ 428343.25, 437850.25 ] ] ] } },
{ "type": "Feature", "properties": { }, "geometry": { "type": "Polygon", "coordinates": [ [ [ 428566.25, 437814.5 ], [ 428566.25, 437814.25 ], [ 428566.5, 437814.25 ], [ 428566.5, 437813.25 ], [ 428566.25, 437813.25 ], [ 428566.25, 437812.0 ], [ 428566.0, 437812.0 ], [ 428566.0, 437811.5 ], [ 428565.75, 437811.5 ], [ 428565.75, 437811.25 ], [ 428563.75, 437811.25 ], [ 428563.75, 437811.5 ], [ 428563.0, 437811.5 ], [ 428563.0, 437811.75 ], [ 428562.75, 437811.75 ], [ 428562.75, 437812.0 ], [ 428562.5, 437812.0 ], [ 428562.5, 437812.25 ], [ 428562.25, 437812.25 ], [ 428562.25, 437813.75 ], [ 428562.5, 437813.75 ], [ 428562.5, 437814.0 ], [ 428563.25, 437814.0 ], [ 428563.25, 437814.25 ], [ 428564.25, 437814.25 ], [ 428564.25, 437814.5 ], [ 428564.5, 437814.5 ], [ 428564.5, 437814.75 ], [ 428565.75, 437814.75 ], [ 428565.75, 437814.5 ], [ 428566.25, 437814.5 ] ] ] } },
{ "type": "Feature", "properties": { }, "geometry": { "type": "Polygon", "coordinates": [ [ [ 428772.5, 437800.5 ], [ 428772.75, 437800.5 ], [ 428772.75, 437800.25 ], [ 428773.0, 437800.25 ], [ 428773.0, 437800.0 ], [ 428773.5, 437800.0 ], [ 428773.5, 437799.75 ], [ 428773.75, 437799.75 ], [ 428773.75, 437799.25 ], [ 428774.0, 437799.25 ], [ 428774.0, 437798.75 ], [ 428774.25, 437798.75 ], [ 428774.25, 437798.0 ], [ 428774.0, 437798.0 ], [ 428774.0, 437795.25 ], [ 428773.75, 437795.25 ], [ 428773.75, 437795.0 ], [ 428773.5, 437795.0 ], [ 428773.5, 437794.75 ], [ 428771.75, 437794.75 ], [ 428771.75, 437794.5 ], [ 428771.119845701963641, 437794.5 ], [ 428772.310211377160158, 437800.490466312039644 ], [ 428772.37330861040391, 437800.75 ], [ 428772.5, 437800.75 ], [ 428772.5, 437800.5 ] ] ] } },
{ "type": "Feature", "properties": { }, "geometry": { "type": "Polygon", "coordinates": [ [ [ 428771.25, 437791.75 ], [ 428771.25, 437791.5 ], [ 428771.5, 437791.5 ], [ 428771.5, 437790.5 ], [ 428771.25, 437790.5 ], [ 428771.25, 437790.25 ], [ 428770.275328120915219, 437790.25 ], [ 428770.623070654284675, 437792.0 ], [ 428770.75, 437792.0 ], [ 428770.75, 437791.75 ], [ 428771.25, 437791.75 ] ] ] } },
{ "type": "Feature", "properties": { }, "geometry": { "type": "Polygon", "coordinates": [ [ [ 428913.25, 437749.25 ], [ 428913.25, 437749.0 ], [ 428914.0, 437749.0 ], [ 428914.0, 437748.75 ], [ 428914.25, 437748.75 ], [ 428914.25, 437748.5 ], [ 428914.5, 437748.5 ], [ 428914.5, 437748.25 ], [ 428914.75, 437748.25 ], [ 428914.75, 437748.0 ], [ 428915.0, 437748.0 ], [ 428915.0, 437747.75 ], [ 428915.25, 437747.75 ], [ 428915.25, 437747.5 ], [ 428915.5, 437747.5 ], [ 428915.5, 437747.25 ], [ 428915.75, 437747.25 ], [ 428915.75, 437747.0 ], [ 428916.25, 437747.0 ], [ 428916.25, 437746.5 ], [ 428916.75, 437746.5 ], [ 428916.75, 437746.25 ], [ 428917.5, 437746.25 ], [ 428917.5, 437746.0 ], [ 428917.75, 437746.0 ], [ 428917.75, 437745.5 ], [ 428918.0, 437745.5 ], [ 428918.0, 437745.0 ], [ 428918.25, 437745.0 ], [ 428918.25, 437744.0 ], [ 428908.0, 437744.0 ], [ 428908.0, 437745.0 ], [ 428908.25, 437745.0 ], [ 428908.25, 437746.75 ], [ 428908.0, 437746.75 ], [ 428908.0, 437747.25 ], [ 428907.75, 437747.25 ], [ 428907.75, 437747.5 ], [ 428908.0, 437747.5 ], [ 428908.0, 437747.75 ], [ 428908.25, 437747.75 ], [ 428908.25, 437748.0 ], [ 428908.5, 437748.0 ], [ 428908.5, 437748.25 ], [ 428908.75, 437748.25 ], [ 428908.75, 437748.5 ], [ 428909.0, 437748.5 ], [ 428909.0, 437748.75 ], [ 428909.25, 437748.75 ], [ 428909.25, 437749.0 ], [ 428909.75, 437749.0 ], [ 428909.75, 437749.25 ], [ 428910.75, 437749.25 ], [ 428910.75, 437749.5 ], [ 428912.0, 437749.5 ], [ 428912.0, 437749.25 ], [ 428913.25, 437749.25 ] ] ] } },
{ "type": "Feature", "properties": { }, "geometry": { "type": "Polygon", "coordinates": [ [ [ 428226.0, 437742.75 ], [ 428226.0, 437742.5 ], [ 428225.75, 437742.5 ], [ 428225.75, 437742.25 ], [ 428225.25, 437742.25 ], [ 428225.25, 437743.5 ], [ 428225.5, 437743.5 ], [ 428225.5, 437744.0 ], [ 428225.75, 437744.0 ], [ 428225.75, 437742.75 ], [ 428226.0, 437742.75 ] ] ] } },
{ "type": "Feature", "properties": { }, "geometry": { "type": "Polygon", "coordinates": [ [ [ 428628.5, 437616.75 ], [ 428628.5, 437617.0 ], [ 428628.75, 437617.0 ], [ 428628.75, 437617.5 ], [ 428629.0, 437617.5 ], [ 428629.0, 437618.5 ], [ 428629.25, 437618.5 ], [ 428629.25, 437619.0 ], [ 428629.75, 437619.0 ], [ 428629.75, 437619.25 ], [ 428630.25, 437619.25 ], [ 428630.25, 437619.5 ], [ 428630.75, 437619.5 ], [ 428630.75, 437619.75 ], [ 428631.0, 437619.75 ], [ 428631.0, 437620.0 ], [ 428631.25, 437620.0 ], [ 428631.25, 437620.25 ], [ 428632.75, 437620.25 ], [ 428632.75, 437620.0 ], [ 428635.75, 437620.0 ], [ 428635.75, 437619.75 ], [ 428637.5, 437619.75 ], [ 428637.5, 437620.0 ], [ 428640.0, 437620.0 ], [ 428640.0, 437616.0 ], [ 428638.888471603568178, 437616.0 ], [ 428637.860507934005, 437616.800863496377133 ], [ 428637.233021998021286, 437616.0 ], [ 428628.25, 437616.0 ], [ 428628.25, 437616.75 ], [ 428628.5, 437616.75 ] ] ] } },
{ "type": "Feature", "properties": { }, "geometry": { "type": "Polygon", "coordinates": [ [ [ 428895.5, 437575.75 ], [ 428895.0, 437575.75 ], [ 428895.0, 437575.5 ], [ 428894.25, 437575.5 ], [ 428894.25, 437575.75 ], [ 428894.0, 437575.75 ], [ 428894.0, 437576.0 ], [ 428893.5, 437576.0 ], [ 428893.5, 437576.25 ], [ 428893.25, 437576.25 ], [ 428893.25, 437576.5 ], [ 428893.0, 437576.5 ], [ 428893.0, 437576.75 ], [ 428892.75, 437576.75 ], [ 428892.75, 437577.0 ], [ 428892.25, 437577.0 ], [ 428892.25, 437577.25 ], [ 428892.0, 437577.25 ], [ 428892.0, 437577.5 ], [ 428891.75, 437577.5 ], [ 428891.75, 437577.75 ], [ 428891.5, 437577.75 ], [ 428891.5, 437578.0 ], [ 428891.25, 437578.0 ], [ 428891.25, 437578.25 ], [ 428891.0, 437578.25 ], [ 428891.0, 437578.5 ], [ 428890.75, 437578.5 ], [ 428890.75, 437578.75 ], [ 428890.5, 437578.75 ], [ 428890.5, 437579.25 ], [ 428890.25, 437579.25 ], [ 428890.25, 437581.25 ], [ 428890.5, 437581.25 ], [ 428890.5, 437581.5 ], [ 428890.25, 437581.5 ], [ 428890.25, 437582.0 ], [ 428890.0, 437582.0 ], [ 428890.0, 437584.0 ], [ 428890.25, 437584.0 ], [ 428890.25, 437584.5 ], [ 428890.5, 437584.5 ], [ 428890.5, 437584.75 ], [ 428890.75, 437584.75 ], [ 428890.75, 437585.25 ], [ 428891.0, 437585.25 ], [ 428891.0, 437585.5 ], [ 428891.25, 437585.5 ], [ 428891.25, 437585.75 ], [ 428891.5, 437585.75 ], [ 428891.5, 437586.0 ], [ 428892.0, 437586.0 ], [ 428892.0, 437586.25 ], [ 428892.5, 437586.25 ], [ 428892.5, 437586.5 ], [ 428893.5, 437586.5 ], [ 428893.5, 437586.75 ], [ 428896.0, 437586.75 ], [ 428896.0, 437579.156296600645874 ], [ 428894.892653305374552, 437577.92202646820806 ], [ 428896.0, 437576.935053535446059 ], [ 428896.0, 437576.0 ], [ 428895.5, 437576.0 ], [ 428895.5, 437575.75 ] ] ] } },
{ "type": "Feature", "properties": { }, "geometry": { "type": "Polygon", "coordinates": [ [ [ 428724.75, 437481.0 ], [ 428724.25, 437481.0 ], [ 428724.25, 437480.75 ], [ 428723.5, 437480.75 ], [ 428723.5, 437480.5 ], [ 428721.25, 437480.5 ], [ 428721.25, 437480.75 ], [ 428717.5, 437480.75 ], [ 428717.5, 437481.0 ], [ 428716.5, 437481.0 ], [ 428716.5, 437481.25 ], [ 428715.5, 437481.25 ], [ 428715.5, 437481.5 ], [ 428715.0, 437481.5 ], [ 428715.0, 437481.75 ], [ 428714.5, 437481.75 ], [ 428714.5, 437482.0 ], [ 428714.25, 437482.0 ], [ 428714.25, 437482.25 ], [ 428713.75, 437482.25 ], [ 428713.75, 437482.5 ], [ 428713.5, 437482.5 ], [ 428713.5, 437483.0 ], [ 428713.25, 437483.0 ], [ 428713.25, 437484.0 ], [ 428713.0, 437484.0 ], [ 428713.0, 437485.5 ], [ 428713.25, 437485.5 ], [ 428713.25, 437488.0 ], [ 428715.44923653191654, 437488.0 ], [ 428725.126636488595977, 437481.25 ], [ 428724.75, 437481.25 ], [ 428724.75, 437481.0 ] ] ] } },
{ "type": "Feature", "properties": { }, "geometry": { "type": "Polygon", "coordinates": [ [ [ 428405.5, 437482.0 ], [ 428405.25, 437482.0 ], [ 428405.25, 437482.25 ], [ 428405.0, 437482.25 ], [ 428405.0, 437482.75 ], [ 428404.75, 437482.75 ], [ 428404.75, 437483.0 ], [ 428404.25, 437483.0 ], [ 428404.25, 437483.25 ], [ 428404.0, 437483.25 ], [ 428404.0, 437483.5 ], [ 428403.75, 437483.5 ], [ 428403.75, 437483.75 ], [ 428403.5, 437483.75 ], [ 428403.5, 437484.0 ], [ 428403.25, 437484.0 ], [ 428403.25, 437484.25 ], [ 428403.0, 437484.25 ], [ 428403.0, 437484.5 ], [ 428402.75, 437484.5 ], [ 428402.75, 437484.75 ], [ 428402.5, 437484.75 ], [ 428402.5, 437485.0 ], [ 428402.25, 437485.0 ], [ 428402.25, 437485.75 ], [ 428402.0, 437485.75 ], [ 428402.0, 437486.5 ], [ 428401.75, 437486.5 ], [ 428401.75, 437488.0 ], [ 428401.25, 437488.0 ], [ 428401.25, 437488.391998359933496 ], [ 428414.846981682290789, 437489.595191049564164 ], [ 428413.965529130131472, 437499.556267366802786 ], [ 428402.5, 437498.541686252108775 ], [ 428402.5, 437498.75 ], [ 428403.0, 437498.75 ], [ 428403.0, 437499.0 ], [ 428403.5, 437499.0 ], [ 428403.5, 437499.25 ], [ 428404.0, 437499.25 ], [ 428404.0, 437499.5 ], [ 428405.5, 437499.5 ], [ 428405.5, 437499.75 ], [ 428406.5, 437499.75 ], [ 428406.5, 437499.5 ], [ 428411.0, 437499.5 ], [ 428411.0, 437499.75 ], [ 428417.25, 437499.75 ], [ 428417.25, 437499.5 ], [ 428419.0, 437499.5 ], [ 428419.0, 437499.25 ], [ 428419.75, 437499.25 ], [ 428419.75, 437499.0 ], [ 428420.0, 437499.0 ], [ 428420.0, 437498.75 ], [ 428420.5, 437498.75 ], [ 428420.5, 437498.5 ], [ 428421.0, 437498.5 ], [ 428421.0, 437498.25 ], [ 428421.25, 437498.25 ], [ 428421.25, 437498.0 ], [ 428421.5, 437498.0 ], [ 428421.5, 437497.75 ], [ 428421.75, 437497.75 ], [ 428421.75, 437497.5 ], [ 428422.0, 437497.5 ], [ 428422.0, 437497.25 ], [ 428422.25, 437497.25 ], [ 428422.25, 437496.75 ], [ 428422.5, 437496.75 ], [ 428422.5, 437496.0 ], [ 428422.75, 437496.0 ], [ 428422.75, 437492.982470562099479 ], [ 428422.616615267470479, 437492.967650295700878 ], [ 428422.75, 437491.776810251758434 ], [ 428422.75, 437490.0 ], [ 428422.5, 437490.0 ], [ 428422.5, 437489.25 ], [ 428422.75, 437489.25 ], [ 428422.75, 437488.0 ], [ 428423.173036517633591, 437488.0 ], [ 428423.256755318201613, 437487.2525703785941 ], [ 428423.826970204827376, 437482.215775983058847 ], [ 428425.5, 437482.402106982714031 ], [ 428425.5, 437482.0 ], [ 428425.25, 437482.0 ], [ 428425.25, 437481.75 ], [ 428425.0, 437481.75 ], [ 428425.0, 437481.25 ], [ 428424.75, 437481.25 ], [ 428424.75, 437481.0 ], [ 428424.5, 437481.0 ], [ 428424.5, 437480.668761840031948 ], [ 428424.031760151847266, 437481.004241714952514 ], [ 428421.009956247813534, 437476.802409227122553 ], [ 428418.450772745592985, 437473.25 ], [ 428417.75, 437473.25 ], [ 428417.75, 437473.0 ], [ 428417.25, 437473.0 ], [ 428417.25, 437473.25 ], [ 428416.25, 437473.25 ], [ 428416.25, 437473.5 ], [ 428414.5, 437473.5 ], [ 428414.5, 437473.75 ], [ 428414.0, 437473.75 ], [ 428414.0, 437474.0 ], [ 428413.75, 437474.0 ], [ 428413.75, 437474.25 ], [ 428413.25, 437474.25 ], [ 428413.25, 437474.5 ], [ 428413.0, 437474.5 ], [ 428413.0, 437474.75 ], [ 428412.5, 437474.75 ], [ 428412.5, 437475.0 ], [ 428412.25, 437475.0 ], [ 428412.25, 437475.25 ], [ 428411.75, 437475.25 ], [ 428411.75, 437475.5 ], [ 428411.5, 437475.5 ], [ 428411.5, 437475.75 ], [ 428411.0, 437475.75 ], [ 428411.0, 437476.0 ], [ 428410.75, 437476.0 ], [ 428410.75, 437476.25 ], [ 428410.25, 437476.25 ], [ 428410.25, 437476.5 ], [ 428410.0, 437476.5 ], [ 428410.0, 437476.75 ], [ 428409.75, 437476.75 ], [ 428409.75, 437477.0 ], [ 428409.5, 437477.0 ], [ 428409.5, 437477.25 ], [ 428409.25, 437477.25 ], [ 428409.25, 437477.5 ], [ 428409.0, 437477.5 ], [ 428409.0, 437477.75 ], [ 428408.75, 437477.75 ], [ 428408.75, 437478.25 ], [ 428408.5, 437478.25 ], [ 428408.5, 437478.5 ], [ 428408.25, 437478.5 ], [ 428408.25, 437479.0 ], [ 428408.0, 437479.0 ], [ 428408.0, 437479.25 ], [ 428407.75, 437479.25 ], [ 428407.75, 437479.5 ], [ 428407.5, 437479.5 ], [ 428407.5, 437479.75 ], [ 428407.25, 437479.75 ], [ 428407.25, 437480.25 ], [ 428407.0, 437480.25 ], [ 428407.0, 437480.5 ], [ 428406.790099903824739, 437480.5 ], [ 428406.915136679715943, 437480.666878854390234 ], [ 428406.75, 437480.790205375524238 ], [ 428406.75, 437481.0 ], [ 428406.5, 437481.0 ], [ 428406.5, 437481.25 ], [ 428406.134325796738267, 437481.25 ], [ 428406.0, 437481.350316496798769 ], [ 428406.0, 437481.5 ], [ 428405.799570793868043, 437481.5 ], [ 428405.75, 437481.537020203948487 ], [ 428405.75, 437481.75 ], [ 428405.5, 437481.75 ], [ 428405.5, 437482.0 ] ] ] } },
{ "type": "Feature", "properties": { }, "geometry": { "type": "Polygon", "coordinates": [ [ [ 428179.0, 437394.25 ], [ 428179.0, 437394.0 ], [ 428180.5, 437394.0 ], [ 428180.5, 437393.75 ], [ 428182.25, 437393.75 ], [ 428182.25, 437393.5 ], [ 428183.25, 437393.5 ], [ 428183.25, 437393.25 ], [ 428184.25, 437393.25 ], [ 428184.25, 437393.0 ], [ 428185.75, 437393.0 ], [ 428185.75, 437392.75 ], [ 428189.0, 437392.75 ], [ 428189.0, 437392.5 ], [ 428192.25, 437392.5 ], [ 428192.25, 437392.75 ], [ 428194.0, 437392.75 ], [ 428194.0, 437392.5 ], [ 428195.25, 437392.5 ], [ 428195.25, 437392.25 ], [ 428197.25, 437392.25 ], [ 428197.25, 437392.0 ], [ 428202.5, 437392.0 ], [ 428202.5, 437391.75 ], [ 428211.0, 437391.75 ], [ 428211.0, 437391.5 ], [ 428211.75, 437391.5 ], [ 428211.75, 437391.25 ], [ 428212.0, 437391.25 ], [ 428212.0, 437391.0 ], [ 428212.5, 437391.0 ], [ 428212.5, 437390.75 ], [ 428213.0, 437390.75 ], [ 428213.0, 437390.5 ], [ 428213.25, 437390.5 ], [ 428213.25, 437390.25 ], [ 428213.5, 437390.25 ], [ 428213.5, 437389.75 ], [ 428213.75, 437389.75 ], [ 428213.75, 437389.5 ], [ 428214.0, 437389.5 ], [ 428214.0, 437389.0 ], [ 428214.25, 437389.0 ], [ 428214.25, 437388.25 ], [ 428214.5, 437388.25 ], [ 428214.5, 437387.0 ], [ 428214.75, 437387.0 ], [ 428214.75, 437385.5 ], [ 428215.0, 437385.5 ], [ 428215.0, 437383.0 ], [ 428215.25, 437383.0 ], [ 428215.25, 437376.5 ], [ 428215.0, 437376.5 ], [ 428215.0, 437373.0 ], [ 428214.75, 437373.0 ], [ 428214.75, 437369.25 ], [ 428214.5, 437369.25 ], [ 428214.5, 437366.75 ], [ 428214.25, 437366.75 ], [ 428214.25, 437360.0 ], [ 428168.5, 437360.0 ], [ 428168.5, 437362.0 ], [ 428168.25, 437362.0 ], [ 428168.25, 437362.75 ], [ 428168.0, 437362.75 ], [ 428168.0, 437363.0 ], [ 428167.75, 437363.0 ], [ 428167.75, 437363.5 ], [ 428167.5, 437363.5 ], [ 428167.5, 437364.0 ], [ 428167.25, 437364.0 ], [ 428167.25, 437364.5 ], [ 428167.0, 437364.5 ], [ 428167.0, 437365.0 ], [ 428166.75, 437365.0 ], [ 428166.75, 437366.25 ], [ 428166.5, 437366.25 ], [ 428166.5, 437366.5 ], [ 428166.75, 437366.5 ], [ 428166.75, 437368.25 ], [ 428167.0, 437368.25 ], [ 428167.0, 437370.75 ], [ 428167.25, 437370.75 ], [ 428167.25, 437372.75 ], [ 428167.5, 437372.75 ], [ 428167.5, 437374.5 ], [ 428167.75, 437374.5 ], [ 428167.75, 437376.5 ], [ 428168.0, 437376.5 ], [ 428168.0, 437379.75 ], [ 428168.25, 437379.75 ], [ 428168.25, 437383.5 ], [ 428168.5, 437383.5 ], [ 428168.5, 437385.5 ], [ 428168.75, 437385.5 ], [ 428168.75, 437391.25 ], [ 428169.0, 437391.25 ], [ 428169.0, 437392.0 ], [ 428169.25, 437392.0 ], [ 428169.25, 437392.75 ], [ 428169.5, 437392.75 ], [ 428169.5, 437393.0 ], [ 428169.75, 437393.0 ], [ 428169.75, 437393.25 ], [ 428170.0, 437393.25 ], [ 428170.0, 437393.5 ], [ 428170.5, 437393.5 ], [ 428170.5, 437393.75 ], [ 428171.0, 437393.75 ], [ 428171.0, 437394.0 ], [ 428172.0, 437394.0 ], [ 428172.0, 437394.25 ], [ 428173.0, 437394.25 ], [ 428173.0, 437394.5 ], [ 428174.75, 437394.5 ], [ 428174.75, 437394.25 ], [ 428179.0, 437394.25 ] ] ] } },
{ "type": "Feature", "properties": { }, "geometry": { "type": "Polygon", "coordinates": [ [ [ 428127.0, 437357.25 ], [ 428127.0, 437357.5 ], [ 428126.75, 437357.5 ], [ 428126.75, 437357.75 ], [ 428125.75, 437357.75 ], [ 428125.75, 437357.5 ], [ 428124.25, 437357.5 ], [ 428124.25, 437357.25 ], [ 428123.0, 437357.25 ], [ 428123.0, 437358.5 ], [ 428123.75, 437358.5 ], [ 428123.75, 437358.75 ], [ 428124.0, 437358.75 ], [ 428124.0, 437359.5 ], [ 428124.25, 437359.5 ], [ 428124.25, 437360.0 ], [ 428128.0, 437360.0 ], [ 428128.0, 437357.25 ], [ 428127.0, 437357.25 ] ] ] } },
{ "type": "Feature", "properties": { }, "geometry": { "type": "Polygon", "coordinates": [ [ [ 428613.852011684502941, 437329.5 ], [ 428613.75, 437329.5 ], [ 428613.75, 437329.871174973552115 ], [ 428613.852011684502941, 437329.5 ] ] ] } },
{ "type": "Feature", "properties": { }, "geometry": { "type": "Polygon", "coordinates": [ [ [ 428614.126846174476668, 437328.5 ], [ 428614.0, 437328.5 ], [ 428614.0, 437328.961536594200879 ], [ 428614.126846174476668, 437328.5 ] ] ] } },
{ "type": "Feature", "properties": { }, "geometry": { "type": "Polygon", "coordinates": [ [ [ 428614.25, 437327.0 ], [ 428614.25, 437328.051898214907851 ], [ 428614.745223776786588, 437326.25 ], [ 428614.5, 437326.25 ], [ 428614.5, 437327.0 ], [ 428614.25, 437327.0 ] ] ] } },
{ "type": "Feature", "properties": { }, "geometry": { "type": "Polygon", "coordinates": [ [ [ 428614.813932399265468, 437326.0 ], [ 428614.75, 437326.0 ], [ 428614.75, 437326.232621456263587 ], [ 428614.813932399265468, 437326.0 ] ] ] } },
{ "type": "Feature", "properties": { }, "geometry": { "type": "Polygon", "coordinates": [ [ [ 428636.5, 437327.5 ], [ 428636.25, 437327.5 ], [ 428636.25, 437327.25 ], [ 428635.75, 437327.25 ], [ 428635.75, 437327.0 ], [ 428635.0, 437327.0 ], [ 428635.0, 437326.75 ], [ 428634.5, 437326.75 ], [ 428634.5, 437326.5 ], [ 428633.75, 437326.5 ], [ 428633.75, 437326.25 ], [ 428633.0, 437326.25 ], [ 428633.0, 437326.0 ], [ 428632.25, 437326.0 ], [ 428632.25, 437325.75 ], [ 428631.75, 437325.75 ], [ 428631.75, 437325.5 ], [ 428631.25, 437325.5 ], [ 428631.25, 437325.25 ], [ 428630.25, 437325.25 ], [ 428630.25, 437325.0 ], [ 428629.25, 437325.0 ], [ 428629.25, 437324.75 ], [ 428628.75, 437324.75 ], [ 428628.75, 437324.5 ], [ 428628.0, 437324.5 ], [ 428628.0, 437324.25 ], [ 428627.25, 437324.25 ], [ 428627.25, 437324.0 ], [ 428626.5, 437324.0 ], [ 428626.5, 437323.75 ], [ 428625.5, 437323.75 ], [ 428625.5, 437323.5 ], [ 428624.25, 437323.5 ], [ 428624.25, 437323.25 ], [ 428623.75, 437323.25 ], [ 428623.75, 437323.0 ], [ 428623.25, 437323.0 ], [ 428623.25, 437322.75 ], [ 428622.75, 437322.75 ], [ 428622.75, 437322.5 ], [ 428621.0, 437322.5 ], [ 428621.0, 437322.25 ], [ 428620.25, 437322.25 ], [ 428620.25, 437322.5 ], [ 428618.5, 437322.5 ], [ 428618.5, 437322.75 ], [ 428618.0, 437322.75 ], [ 428618.0, 437323.0 ], [ 428617.5, 437323.0 ], [ 428617.5, 437323.25 ], [ 428617.25, 437323.25 ], [ 428617.25, 437323.5 ], [ 428616.75, 437323.5 ], [ 428616.75, 437323.75 ], [ 428616.5, 437323.75 ], [ 428616.5, 437324.0 ], [ 428616.25, 437324.0 ], [ 428616.25, 437324.25 ], [ 428616.0, 437324.25 ], [ 428616.0, 437324.75 ], [ 428615.75, 437324.75 ], [ 428615.75, 437325.0 ], [ 428615.5, 437325.0 ], [ 428615.5, 437325.5 ], [ 428615.25, 437325.5 ], [ 428615.25, 437325.75 ], [ 428615.185218784958124, 437325.75 ], [ 428619.68746087962063, 437326.992246695095673 ], [ 428620.380840653204359, 437324.45966290961951 ], [ 428624.665017650346272, 437325.631826466647908 ], [ 428623.82358227786608, 437328.697572360048071 ], [ 428635.585323257604614, 437331.918138321954757 ], [ 428636.615193124511279, 437328.174835713929497 ], [ 428636.75, 437328.211734764045104 ], [ 428636.75, 437327.75 ], [ 428636.5, 437327.75 ], [ 428636.5, 437327.5 ] ] ] } },
{ "type": "Feature", "properties": { }, "geometry": { "type": "Polygon", "coordinates": [ [ [ 428637.0, 437328.280164230323862 ], [ 428637.0, 437328.25 ], [ 428636.889798094402067, 437328.25 ], [ 428637.0, 437328.280164230323862 ] ] ] } },
{ "type": "Feature", "properties": { }, "geometry": { "type": "Polygon", "coordinates": [ [ [ 428844.75, 437316.25 ], [ 428844.25, 437316.25 ], [ 428844.25, 437316.5 ], [ 428844.0, 437316.5 ], [ 428844.0, 437316.75 ], [ 428843.75, 437316.75 ], [ 428843.75, 437317.0 ], [ 428843.5, 437317.0 ], [ 428843.5, 437317.25 ], [ 428843.25, 437317.25 ], [ 428843.25, 437318.25 ], [ 428843.0, 437318.25 ], [ 428843.0, 437318.5 ], [ 428843.25, 437318.5 ], [ 428843.25, 437320.5 ], [ 428843.5, 437320.5 ], [ 428843.5, 437321.75 ], [ 428843.75, 437321.75 ], [ 428843.75, 437322.75 ], [ 428844.0, 437322.75 ], [ 428844.0, 437323.5 ], [ 428844.25, 437323.5 ], [ 428844.25, 437324.0 ], [ 428844.5, 437324.0 ], [ 428844.5, 437324.5 ], [ 428844.75, 437324.5 ], [ 428844.75, 437325.0 ], [ 428845.0, 437325.0 ], [ 428845.0, 437325.75 ], [ 428845.25, 437325.75 ], [ 428845.25, 437326.25 ], [ 428845.5, 437326.25 ], [ 428845.5, 437326.75 ], [ 428845.75, 437326.75 ], [ 428845.75, 437327.25 ], [ 428846.0, 437327.25 ], [ 428846.0, 437327.75 ], [ 428846.25, 437327.75 ], [ 428846.25, 437328.5 ], [ 428846.5, 437328.5 ], [ 428846.5, 437329.0 ], [ 428846.75, 437329.0 ], [ 428846.75, 437329.5 ], [ 428847.0, 437329.5 ], [ 428847.0, 437330.0 ], [ 428847.25, 437330.0 ], [ 428847.25, 437330.5 ], [ 428847.5, 437330.5 ], [ 428847.5, 437331.0 ], [ 428847.75, 437331.0 ], [ 428847.75, 437331.5 ], [ 428848.0, 437331.5 ], [ 428848.0, 437331.75 ], [ 428848.25, 437331.75 ], [ 428848.25, 437332.25 ], [ 428848.5, 437332.25 ], [ 428848.5, 437332.75 ], [ 428848.75, 437332.75 ], [ 428848.75, 437333.0 ], [ 428849.0, 437333.0 ], [ 428849.0, 437333.25 ], [ 428849.25, 437333.25 ], [ 428849.25, 437333.5 ], [ 428849.5, 437333.5 ], [ 428849.5, 437333.75 ], [ 428849.75, 437333.75 ], [ 428849.75, 437334.0 ], [ 428850.0, 437334.0 ], [ 428850.0, 437334.25 ], [ 428850.25, 437334.25 ], [ 428850.25, 437334.5 ], [ 428854.0, 437334.5 ], [ 428854.0, 437334.25 ], [ 428854.75, 437334.25 ], [ 428854.75, 437334.0 ], [ 428855.25, 437334.0 ], [ 428855.25, 437333.75 ], [ 428855.5, 437333.75 ], [ 428855.5, 437333.5 ], [ 428855.75, 437333.5 ], [ 428855.75, 437333.25 ], [ 428856.0, 437333.25 ], [ 428856.0, 437333.0 ], [ 428856.25, 437333.0 ], [ 428856.25, 437332.75 ], [ 428856.5, 437332.75 ], [ 428856.5, 437332.5 ], [ 428856.75, 437332.5 ], [ 428856.75, 437332.25 ], [ 428857.25, 437332.25 ], [ 428857.25, 437332.0 ], [ 428857.5, 437332.0 ], [ 428857.5, 437331.75 ], [ 428857.75, 437331.75 ], [ 428857.75, 437331.5 ], [ 428858.0, 437331.5 ], [ 428858.0, 437331.25 ], [ 428858.25, 437331.25 ], [ 428858.25, 437331.0 ], [ 428858.5, 437331.0 ], [ 428858.5, 437330.75 ], [ 428858.75, 437330.75 ], [ 428858.75, 437330.5 ], [ 428859.0, 437330.5 ], [ 428859.0, 437329.75 ], [ 428859.25, 437329.75 ], [ 428859.25, 437327.514882870367728 ], [ 428855.555177926784381, 437322.306914272834547 ], [ 428857.25, 437321.10836021968862 ], [ 428857.25, 437320.75 ], [ 428857.5, 437320.75 ], [ 428857.5, 437320.25 ], [ 428857.25, 437320.25 ], [ 428857.25, 437319.0 ], [ 428857.5, 437319.0 ], [ 428857.5, 437318.25 ], [ 428857.0, 437318.25 ], [ 428857.0, 437318.0 ], [ 428856.75, 437318.0 ], [ 428856.75, 437317.75 ], [ 428856.5, 437317.75 ], [ 428856.5, 437317.5 ], [ 428856.25, 437317.5 ], [ 428856.25, 437317.0 ], [ 428856.0, 437317.0 ], [ 428856.0, 437316.5 ], [ 428855.75, 437316.5 ], [ 428855.75, 437316.25 ], [ 428855.0, 437316.25 ], [ 428855.0, 437316.0 ], [ 428854.0, 437316.0 ], [ 428854.0, 437315.75 ], [ 428852.770066387602128, 437315.75 ], [ 428846.375149254163262, 437316.698372844024561 ], [ 428846.25, 437315.854791483550798 ], [ 428846.25, 437316.0 ], [ 428844.75, 437316.0 ], [ 428844.75, 437316.25 ] ] ] } },
{ "type": "Feature", "properties": { }, "geometry": { "type": "Polygon", "coordinates": [ [ [ 428289.75, 437314.25 ], [ 428289.5, 437314.25 ], [ 428289.5, 437314.75 ], [ 428289.25, 437314.75 ], [ 428289.25, 437315.25 ], [ 428289.0, 437315.25 ], [ 428289.0, 437316.0 ], [ 428288.75, 437316.0 ], [ 428288.75, 437317.75 ], [ 428289.0, 437317.75 ], [ 428289.0, 437319.75 ], [ 428289.25, 437319.75 ], [ 428289.25, 437320.5 ], [ 428289.5, 437320.5 ], [ 428289.5, 437321.0 ], [ 428289.75, 437321.0 ], [ 428289.75, 437321.25 ], [ 428290.0, 437321.25 ], [ 428290.0, 437321.5 ], [ 428290.25, 437321.5 ], [ 428290.25, 437322.0 ], [ 428291.0, 437322.0 ], [ 428291.0, 437322.25 ], [ 428291.5, 437322.25 ], [ 428291.5, 437322.5 ], [ 428291.75, 437322.5 ], [ 428291.75, 437322.75 ], [ 428292.0, 437322.75 ], [ 428292.0, 437323.0 ], [ 428292.25, 437323.0 ], [ 428292.25, 437323.25 ], [ 428292.5, 437323.25 ], [ 428292.5, 437323.5 ], [ 428293.0, 437323.5 ], [ 428293.0, 437323.75 ], [ 428293.25, 437323.75 ], [ 428293.25, 437324.0 ], [ 428294.25, 437324.0 ], [ 428294.25, 437324.25 ], [ 428294.75, 437324.25 ], [ 428294.75, 437324.0 ], [ 428297.0, 437324.0 ], [ 428297.0, 437323.75 ], [ 428297.75, 437323.75 ], [ 428297.75, 437323.5 ], [ 428298.25, 437323.5 ], [ 428298.25, 437323.25 ], [ 428298.5, 437323.25 ], [ 428298.5, 437323.0 ], [ 428299.0, 437323.0 ], [ 428299.0, 437322.75 ], [ 428299.5, 437322.75 ], [ 428299.5, 437322.5 ], [ 428299.75, 437322.5 ], [ 428299.75, 437322.25 ], [ 428300.0, 437322.25 ], [ 428300.0, 437322.0 ], [ 428300.5, 437322.0 ], [ 428300.5, 437321.75 ], [ 428300.75, 437321.75 ], [ 428300.75, 437321.5 ], [ 428301.25, 437321.5 ], [ 428301.25, 437321.25 ], [ 428301.5, 437321.25 ], [ 428301.5, 437321.0 ], [ 428302.0, 437321.0 ], [ 428302.0, 437320.75 ], [ 428302.5, 437320.75 ], [ 428302.5, 437320.5 ], [ 428302.75, 437320.5 ], [ 428302.75, 437320.25 ], [ 428303.0, 437320.25 ], [ 428303.0, 437320.0 ], [ 428303.25, 437320.0 ], [ 428303.25, 437319.75 ], [ 428303.5, 437319.75 ], [ 428303.5, 437319.5 ], [ 428303.75, 437319.5 ], [ 428303.75, 437319.0 ], [ 428304.0, 437319.0 ], [ 428304.0, 437318.75 ], [ 428304.25, 437318.75 ], [ 428304.25, 437318.5 ], [ 428304.5, 437318.5 ], [ 428304.5, 437317.75 ], [ 428304.75, 437317.75 ], [ 428304.75, 437315.75 ], [ 428304.5, 437315.75 ], [ 428304.5, 437314.5 ], [ 428304.25, 437314.5 ], [ 428304.25, 437313.75 ], [ 428304.0, 437313.75 ], [ 428304.0, 437313.0 ], [ 428303.75, 437313.0 ], [ 428303.75, 437312.25 ], [ 428303.5, 437312.25 ], [ 428303.5, 437311.5 ], [ 428303.25, 437311.5 ], [ 428303.25, 437310.5 ], [ 428303.0, 437310.5 ], [ 428303.0, 437310.25 ], [ 428302.75, 437310.25 ], [ 428302.75, 437309.75 ], [ 428302.5, 437309.75 ], [ 428302.5, 437309.5 ], [ 428301.75, 437309.5 ], [ 428301.75, 437309.25 ], [ 428301.234996504324954, 437309.25 ], [ 428300.740562062419485, 437309.535511931171641 ], [ 428290.25, 437313.700585670769215 ], [ 428290.25, 437313.75 ], [ 428290.125540237757377, 437313.75 ], [ 428290.0, 437313.799843311018776 ], [ 428290.0, 437314.0 ], [ 428289.75, 437314.0 ], [ 428289.75, 437314.25 ] ] ] } },
{ "type": "Feature", "properties": { }, "geometry": { "type": "Polygon", "coordinates": [ [ [ 428455.25, 437308.75 ], [ 428455.25, 437309.0 ], [ 428455.75, 437309.0 ], [ 428455.75, 437308.75 ], [ 428456.0, 437308.75 ], [ 428456.0, 437308.25 ], [ 428456.25, 437308.25 ], [ 428456.25, 437308.0 ], [ 428456.5, 437308.0 ], [ 428456.5, 437307.797466877731495 ], [ 428451.683303328172769, 437306.442672941775527 ], [ 428452.651625135156792, 437303.0 ], [ 428451.75, 437303.0 ], [ 428451.75, 437302.75 ], [ 428451.25, 437302.75 ], [ 428451.25, 437302.5 ], [ 428451.0, 437302.5 ], [ 428451.0, 437302.264746505010407 ], [ 428450.953980661462992, 437302.25 ], [ 428450.75, 437302.25 ], [ 428450.75, 437302.184636134712491 ], [ 428450.173807011393365, 437302.0 ], [ 428450.0, 437302.0 ], [ 428450.0, 437302.25 ], [ 428449.75, 437302.25 ], [ 428449.75, 437302.75 ], [ 428449.5, 437302.75 ], [ 428449.5, 437303.25 ], [ 428449.25, 437303.25 ], [ 428449.25, 437304.0 ], [ 428449.0, 437304.0 ], [ 428449.0, 437305.0 ], [ 428448.75, 437305.0 ], [ 428448.75, 437306.5 ], [ 428449.0, 437306.5 ], [ 428449.0, 437307.0 ], [ 428449.25, 437307.0 ], [ 428449.25, 437307.5 ], [ 428449.5, 437307.5 ], [ 428449.5, 437307.75 ], [ 428449.75, 437307.75 ], [ 428449.75, 437308.0 ], [ 428450.25, 437308.0 ], [ 428450.25, 437308.25 ], [ 428451.25, 437308.25 ], [ 428451.25, 437308.5 ], [ 428452.25, 437308.5 ], [ 428452.25, 437308.75 ], [ 428453.25, 437308.75 ], [ 428453.25, 437309.0 ], [ 428454.0, 437309.0 ], [ 428454.0, 437308.75 ], [ 428455.25, 437308.75 ] ] ] } },
{ "type": "Feature", "properties": { }, "geometry": { "type": "Polygon", "coordinates": [ [ [ 428151.5, 437329.0 ], [ 428151.5, 437328.75 ], [ 428152.25, 437328.75 ], [ 428152.25, 437328.5 ], [ 428153.5, 437328.5 ], [ 428153.5, 437328.25 ], [ 428154.25, 437328.25 ], [ 428154.25, 437328.0 ], [ 428154.75, 437328.0 ], [ 428154.75, 437327.75 ], [ 428155.0, 437327.75 ], [ 428155.0, 437327.5 ], [ 428155.25, 437327.5 ], [ 428155.25, 437327.25 ], [ 428155.5, 437327.25 ], [ 428155.5, 437327.0 ], [ 428155.75, 437327.0 ], [ 428155.75, 437326.75 ], [ 428156.0, 437326.75 ], [ 428156.0, 437326.5 ], [ 428156.25, 437326.5 ], [ 428156.25, 437326.25 ], [ 428156.5, 437326.25 ], [ 428156.5, 437325.75 ], [ 428156.75, 437325.75 ], [ 428156.75, 437325.5 ], [ 428157.0, 437325.5 ], [ 428157.0, 437325.0 ], [ 428157.25, 437325.0 ], [ 428157.25, 437324.5 ], [ 428157.5, 437324.5 ], [ 428157.5, 437324.0 ], [ 428157.75, 437324.0 ], [ 428157.75, 437323.75 ], [ 428158.0, 437323.75 ], [ 428158.0, 437323.5 ], [ 428158.25, 437323.5 ], [ 428158.25, 437323.25 ], [ 428158.5, 437323.25 ], [ 428158.5, 437323.0 ], [ 428159.0, 437323.0 ], [ 428159.0, 437322.75 ], [ 428159.25, 437322.75 ], [ 428159.25, 437322.5 ], [ 428160.0, 437322.5 ], [ 428160.0, 437322.25 ], [ 428160.25, 437322.25 ], [ 428160.25, 437322.0 ], [ 428160.5, 437322.0 ], [ 428160.5, 437321.75 ], [ 428160.75, 437321.75 ], [ 428160.75, 437321.5 ], [ 428161.25, 437321.5 ], [ 428161.25, 437321.25 ], [ 428161.5, 437321.25 ], [ 428161.5, 437321.0 ], [ 428161.75, 437321.0 ], [ 428161.75, 437320.75 ], [ 428162.25, 437320.75 ], [ 428162.25, 437320.5 ], [ 428162.5, 437320.5 ], [ 428162.5, 437320.25 ], [ 428162.75, 437320.25 ], [ 428162.75, 437320.0 ], [ 428163.0, 437320.0 ], [ 428163.0, 437319.75 ], [ 428163.25, 437319.75 ], [ 428163.25, 437319.5 ], [ 428163.5, 437319.5 ], [ 428163.5, 437319.0 ], [ 428163.75, 437319.0 ], [ 428163.75, 437318.75 ], [ 428164.0, 437318.75 ], [ 428164.0, 437318.5 ], [ 428164.25, 437318.5 ], [ 428164.25, 437318.0 ], [ 428164.5, 437318.0 ], [ 428164.5, 437317.75 ], [ 428164.75, 437317.75 ], [ 428164.75, 437317.5 ], [ 428165.0, 437317.5 ], [ 428165.0, 437317.0 ], [ 428165.25, 437317.0 ], [ 428165.25, 437316.75 ], [ 428165.5, 437316.75 ], [ 428165.5, 437316.5 ], [ 428165.75, 437316.5 ], [ 428165.75, 437316.25 ], [ 428166.0, 437316.25 ], [ 428166.0, 437315.75 ], [ 428166.25, 437315.75 ], [ 428166.25, 437315.5 ], [ 428166.5, 437315.5 ], [ 428166.5, 437315.0 ], [ 428166.75, 437315.0 ], [ 428166.75, 437314.5 ], [ 428167.0, 437314.5 ], [ 428167.0, 437314.0 ], [ 428167.25, 437314.0 ], [ 428167.25, 437313.75 ], [ 428167.5, 437313.75 ], [ 428167.5, 437313.25 ], [ 428167.75, 437313.25 ], [ 428167.75, 437313.0 ], [ 428168.0, 437313.0 ], [ 428168.0, 437312.75 ], [ 428168.25, 437312.75 ], [ 428168.25, 437312.680873110017274 ], [ 428167.612318056460936, 437312.110693120048381 ], [ 428170.25, 437309.160743669432122 ], [ 428170.25, 437309.0 ], [ 428170.393728115188424, 437309.0 ], [ 428170.5, 437308.881146895291749 ], [ 428170.5, 437308.5 ], [ 428170.75, 437308.5 ], [ 428170.75, 437308.0 ], [ 428171.0, 437308.0 ], [ 428171.0, 437307.0 ], [ 428171.25, 437307.0 ], [ 428171.25, 437305.0 ], [ 428171.0, 437305.0 ], [ 428171.0, 437304.75 ], [ 428170.75, 437304.75 ], [ 428170.75, 437304.25 ], [ 428170.5, 437304.25 ], [ 428170.5, 437304.0 ], [ 428170.25, 437304.0 ], [ 428170.25, 437303.75 ], [ 428170.0, 437303.75 ], [ 428170.0, 437303.5 ], [ 428169.75, 437303.5 ], [ 428169.75, 437303.25 ], [ 428169.5, 437303.25 ], [ 428169.5, 437303.0 ], [ 428169.25, 437303.0 ], [ 428169.25, 437302.75 ], [ 428169.0, 437302.75 ], [ 428169.0, 437302.5 ], [ 428168.75, 437302.5 ], [ 428168.75, 437302.25 ], [ 428168.5, 437302.25 ], [ 428168.5, 437302.0 ], [ 428168.25, 437302.0 ], [ 428168.25, 437301.75 ], [ 428168.0, 437301.75 ], [ 428168.0, 437301.5 ], [ 428167.75, 437301.5 ], [ 428167.75, 437301.25 ], [ 428167.5, 437301.25 ], [ 428167.5, 437301.0 ], [ 428167.0, 437301.0 ], [ 428167.0, 437300.75 ], [ 428166.75, 437300.75 ], [ 428166.75, 437300.5 ], [ 428166.25, 437300.5 ], [ 428166.25, 437300.25 ], [ 428166.0, 437300.25 ], [ 428166.0, 437300.0 ], [ 428165.75, 437300.0 ], [ 428165.75, 437299.75 ], [ 428165.25, 437299.75 ], [ 428165.25, 437299.5 ], [ 428165.0, 437299.5 ], [ 428165.0, 437299.25 ], [ 428164.75, 437299.25 ], [ 428164.75, 437299.0 ], [ 428164.5, 437299.0 ], [ 428164.5, 437298.75 ], [ 428164.25, 437298.75 ], [ 428164.25, 437298.5 ], [ 428164.0, 437298.5 ], [ 428164.0, 437298.25 ], [ 428163.75, 437298.25 ], [ 428163.75, 437298.0 ], [ 428163.5, 437298.0 ], [ 428163.5, 437297.75 ], [ 428163.25, 437297.75 ], [ 428163.25, 437297.5 ], [ 428163.0, 437297.5 ], [ 428163.0, 437297.25 ], [ 428162.75, 437297.25 ], [ 428162.75, 437297.0 ], [ 428162.5, 437297.0 ], [ 428162.5, 437296.75 ], [ 428162.25, 437296.75 ], [ 428162.25, 437296.5 ], [ 428162.0, 437296.5 ], [ 428162.0, 437296.25 ], [ 428161.5, 437296.25 ], [ 428161.5, 437296.0 ], [ 428161.25, 437296.0 ], [ 428161.25, 437295.5 ], [ 428161.0, 437295.5 ], [ 428161.0, 437295.25 ], [ 428160.75, 437295.25 ], [ 428160.75, 437295.0 ], [ 428160.5, 437295.0 ], [ 428160.5, 437294.75 ], [ 428160.25, 437294.75 ], [ 428160.25, 437294.5 ], [ 428160.0, 437294.5 ], [ 428160.0, 437294.0 ], [ 428159.75, 437294.0 ], [ 428159.75, 437293.75 ], [ 428159.5, 437293.75 ], [ 428159.5, 437293.5 ], [ 428159.25, 437293.5 ], [ 428159.25, 437293.25 ], [ 428159.0, 437293.25 ], [ 428159.0, 437293.0 ], [ 428158.75, 437293.0 ], [ 428158.75, 437292.75 ], [ 428158.5, 437292.75 ], [ 428158.5, 437292.5 ], [ 428158.0, 437292.5 ], [ 428158.0, 437292.25 ], [ 428157.75, 437292.25 ], [ 428157.75, 437292.0 ], [ 428157.25, 437292.0 ], [ 428157.25, 437291.75 ], [ 428157.0, 437291.75 ], [ 428157.0, 437291.5 ], [ 428156.75, 437291.5 ], [ 428156.75, 437291.25 ], [ 428156.5, 437291.25 ], [ 428156.5, 437291.0 ], [ 428156.25, 437291.0 ], [ 428156.25, 437290.75 ], [ 428156.0, 437290.75 ], [ 428156.0, 437290.5 ], [ 428155.75, 437290.5 ], [ 428155.75, 437290.25 ], [ 428155.5, 437290.25 ], [ 428155.5, 437290.0 ], [ 428155.25, 437290.0 ], [ 428155.25, 437289.75 ], [ 428154.75, 437289.75 ], [ 428154.75, 437289.5 ], [ 428154.5, 437289.5 ], [ 428154.5, 437289.25 ], [ 428154.0, 437289.25 ], [ 428154.0, 437289.0 ], [ 428153.75, 437289.0 ], [ 428153.75, 437288.75 ], [ 428153.5, 437288.75 ], [ 428153.5, 437288.5 ], [ 428153.0, 437288.5 ], [ 428153.0, 437288.25 ], [ 428152.25, 437288.25 ], [ 428152.25, 437288.0 ], [ 428151.5, 437288.0 ], [ 428151.5, 437287.75 ], [ 428150.75, 437287.75 ], [ 428150.75, 437287.5 ], [ 428146.25, 437287.5 ], [ 428146.25, 437287.75 ], [ 428145.0, 437287.75 ], [ 428145.0, 437288.0 ], [ 428144.25, 437288.0 ], [ 428144.25, 437288.25 ], [ 428143.75, 437288.25 ], [ 428143.75, 437288.5 ], [ 428143.25, 437288.5 ], [ 428143.25, 437288.75 ], [ 428142.75, 437288.75 ], [ 428142.75, 437289.0 ], [ 428142.0, 437289.0 ], [ 428142.0, 437289.25 ], [ 428141.5, 437289.25 ], [ 428141.5, 437289.5 ], [ 428140.5, 437289.5 ], [ 428140.5, 437289.75 ], [ 428139.5, 437289.75 ], [ 428139.5, 437290.0 ], [ 428138.75, 437290.0 ], [ 428138.75, 437290.25 ], [ 428138.25, 437290.25 ], [ 428138.25, 437290.5 ], [ 428137.5, 437290.5 ], [ 428137.5, 437290.75 ], [ 428137.0, 437290.75 ], [ 428137.0, 437291.0 ], [ 428136.5, 437291.0 ], [ 428136.5, 437291.25 ], [ 428136.0, 437291.25 ], [ 428136.0, 437291.5 ], [ 428135.5, 437291.5 ], [ 428135.5, 437291.75 ], [ 428135.25, 437291.75 ], [ 428135.25, 437292.0 ], [ 428134.75, 437292.0 ], [ 428134.75, 437292.25 ], [ 428134.5, 437292.25 ], [ 428134.5, 437292.5 ], [ 428134.25, 437292.5 ], [ 428134.25, 437292.75 ], [ 428134.0, 437292.75 ], [ 428134.0, 437293.0 ], [ 428133.75, 437293.0 ], [ 428133.75, 437293.25 ], [ 428133.5, 437293.25 ], [ 428133.5, 437293.75 ], [ 428133.25, 437293.75 ], [ 428133.25, 437294.25 ], [ 428133.0, 437294.25 ], [ 428133.0, 437294.75 ], [ 428132.75, 437294.75 ], [ 428132.75, 437295.25 ], [ 428132.5, 437295.25 ], [ 428132.5, 437296.5 ], [ 428132.25, 437296.5 ], [ 428132.25, 437298.0 ], [ 428132.0, 437298.0 ], [ 428132.0, 437299.25 ], [ 428131.75, 437299.25 ], [ 428131.75, 437300.75 ], [ 428131.5, 437300.75 ], [ 428131.5, 437302.5 ], [ 428131.25, 437302.5 ], [ 428131.25, 437304.75 ], [ 428131.0, 437304.75 ], [ 428131.0, 437306.5 ], [ 428130.75, 437306.5 ], [ 428130.75, 437309.75 ], [ 428131.0, 437309.75 ], [ 428131.0, 437310.5 ], [ 428131.25, 437310.5 ], [ 428131.25, 437311.25 ], [ 428131.5, 437311.25 ], [ 428131.5, 437312.0 ], [ 428131.75, 437312.0 ], [ 428131.75, 437312.5 ], [ 428132.0, 437312.5 ], [ 428132.0, 437313.25 ], [ 428132.25, 437313.25 ], [ 428132.25, 437315.25 ], [ 428132.5, 437315.25 ], [ 428132.5, 437316.5 ], [ 428132.75, 437316.5 ], [ 428132.75, 437317.25 ], [ 428133.0, 437317.25 ], [ 428133.0, 437317.75 ], [ 428133.25, 437317.75 ], [ 428133.25, 437318.25 ], [ 428133.5, 437318.25 ], [ 428133.5, 437318.75 ], [ 428133.75, 437318.75 ], [ 428133.75, 437319.25 ], [ 428134.0, 437319.25 ], [ 428134.0, 437319.5 ], [ 428134.25, 437319.5 ], [ 428134.25, 437320.0 ], [ 428134.5, 437320.0 ], [ 428134.5, 437320.5 ], [ 428134.75, 437320.5 ], [ 428134.75, 437320.75 ], [ 428135.0, 437320.75 ], [ 428135.0, 437321.25 ], [ 428135.25, 437321.25 ], [ 428135.25, 437321.75 ], [ 428135.5, 437321.75 ], [ 428135.5, 437322.0 ], [ 428135.75, 437322.0 ], [ 428135.75, 437322.5 ], [ 428136.0, 437322.5 ], [ 428136.0, 437322.75 ], [ 428136.25, 437322.75 ], [ 428136.25, 437323.0 ], [ 428136.75, 437323.0 ], [ 428136.75, 437323.25 ], [ 428137.0, 437323.25 ], [ 428137.0, 437323.5 ], [ 428137.25, 437323.5 ], [ 428137.25, 437323.75 ], [ 428137.75, 437323.75 ], [ 428137.75, 437324.0 ], [ 428138.25, 437324.0 ], [ 428138.25, 437324.25 ], [ 428138.75, 437324.25 ], [ 428138.75, 437324.5 ], [ 428139.0, 437324.5 ], [ 428139.0, 437324.75 ], [ 428139.5, 437324.75 ], [ 428139.5, 437325.0 ], [ 428140.0, 437325.0 ], [ 428140.0, 437325.25 ], [ 428140.5, 437325.25 ], [ 428140.5, 437325.5 ], [ 428140.75, 437325.5 ], [ 428140.75, 437325.75 ], [ 428141.25, 437325.75 ], [ 428141.25, 437326.0 ], [ 428141.75, 437326.0 ], [ 428141.75, 437326.25 ], [ 428142.25, 437326.25 ], [ 428142.25, 437326.5 ], [ 428142.5, 437326.5 ], [ 428142.5, 437326.75 ], [ 428143.0, 437326.75 ], [ 428143.0, 437327.0 ], [ 428143.25, 437327.0 ], [ 428143.25, 437327.25 ], [ 428143.75, 437327.25 ], [ 428143.75, 437327.5 ], [ 428144.5, 437327.5 ], [ 428144.5, 437327.75 ], [ 428145.0, 437327.75 ], [ 428145.0, 437328.0 ], [ 428145.5, 437328.0 ], [ 428145.5, 437328.25 ], [ 428146.0, 437328.25 ], [ 428146.0, 437328.5 ], [ 428146.75, 437328.5 ], [ 428146.75, 437328.75 ], [ 428148.0, 437328.75 ], [ 428148.0, 437329.0 ], [ 428149.0, 437329.0 ], [ 428149.0, 437329.25 ], [ 428150.75, 437329.25 ], [ 428150.75, 437329.0 ], [ 428151.5, 437329.0 ] ] ] } },
{ "type": "Feature", "properties": { }, "geometry": { "type": "Polygon", "coordinates": [ [ [ 428296.902592868893407, 437281.5 ], [ 428297.25, 437281.468671792710666 ], [ 428297.25, 437281.25 ], [ 428297.75, 437281.25 ], [ 428297.75, 437281.0 ], [ 428298.0, 437281.0 ], [ 428298.0, 437280.75 ], [ 428298.5, 437280.75 ], [ 428298.5, 437280.5 ], [ 428298.75, 437280.5 ], [ 428298.75, 437280.25 ], [ 428299.0, 437280.25 ], [ 428299.0, 437279.75 ], [ 428299.25, 437279.75 ], [ 428299.25, 437279.5 ], [ 428299.5, 437279.5 ], [ 428299.5, 437279.0 ], [ 428299.75, 437279.0 ], [ 428299.75, 437278.5 ], [ 428300.0, 437278.5 ], [ 428300.0, 437277.5 ], [ 428300.25, 437277.5 ], [ 428300.25, 437275.0 ], [ 428300.0, 437275.0 ], [ 428300.0, 437273.75 ], [ 428299.75, 437273.75 ], [ 428299.75, 437272.5 ], [ 428299.5, 437272.5 ], [ 428299.5, 437271.5 ], [ 428299.25, 437271.5 ], [ 428299.25, 437271.0 ], [ 428299.0, 437271.0 ], [ 428299.0, 437270.0 ], [ 428298.75, 437270.0 ], [ 428298.75, 437269.25 ], [ 428298.5, 437269.25 ], [ 428298.5, 437269.0 ], [ 428298.0, 437269.0 ], [ 428298.0, 437268.75 ], [ 428297.75, 437268.75 ], [ 428297.75, 437268.5 ], [ 428297.25, 437268.5 ], [ 428297.25, 437268.25 ], [ 428296.5, 437268.25 ], [ 428296.5, 437268.0 ], [ 428295.25, 437268.0 ], [ 428295.25, 437268.25 ], [ 428293.0, 437268.25 ], [ 428293.0, 437268.5 ], [ 428290.75, 437268.5 ], [ 428290.75, 437268.75 ], [ 428288.25, 437268.75 ], [ 428288.25, 437269.0 ], [ 428287.25, 437269.0 ], [ 428287.25, 437269.25 ], [ 428286.5, 437269.25 ], [ 428286.5, 437269.5 ], [ 428285.75, 437269.5 ], [ 428285.75, 437269.75 ], [ 428285.25, 437269.75 ], [ 428285.25, 437269.5 ], [ 428283.5, 437269.5 ], [ 428283.5, 437269.75 ], [ 428283.0, 437269.75 ], [ 428283.0, 437270.0 ], [ 428282.5, 437270.0 ], [ 428282.5, 437270.25 ], [ 428282.0, 437270.25 ], [ 428282.0, 437270.5 ], [ 428281.5, 437270.5 ], [ 428281.5, 437270.75 ], [ 428281.0, 437270.75 ], [ 428281.0, 437271.0 ], [ 428280.75, 437271.0 ], [ 428280.75, 437271.25 ], [ 428280.5, 437271.25 ], [ 428280.5, 437271.5 ], [ 428280.25, 437271.5 ], [ 428280.25, 437271.75 ], [ 428279.75, 437271.75 ], [ 428279.75, 437272.0 ], [ 428279.5, 437272.0 ], [ 428279.5, 437272.25 ], [ 428279.25, 437272.25 ], [ 428279.25, 437272.5 ], [ 428279.0, 437272.5 ], [ 428279.0, 437272.75 ], [ 428278.75, 437272.75 ], [ 428278.75, 437273.25 ], [ 428278.5, 437273.25 ], [ 428278.5, 437275.25 ], [ 428278.75, 437275.25 ], [ 428278.75, 437276.75 ], [ 428279.0, 437276.75 ], [ 428279.0, 437277.75 ], [ 428279.25, 437277.75 ], [ 428279.25, 437279.0 ], [ 428279.5, 437279.0 ], [ 428279.5, 437279.5 ], [ 428279.75, 437279.5 ], [ 428279.75, 437279.75 ], [ 428280.0, 437279.75 ], [ 428280.0, 437280.25 ], [ 428280.25, 437280.25 ], [ 428280.25, 437280.5 ], [ 428280.75, 437280.5 ], [ 428280.75, 437280.75 ], [ 428281.0, 437280.75 ], [ 428281.0, 437281.0 ], [ 428281.25, 437281.0 ], [ 428281.25, 437281.25 ], [ 428281.75, 437281.25 ], [ 428281.75, 437281.5 ], [ 428282.5, 437281.5 ], [ 428282.5, 437281.75 ], [ 428283.25, 437281.75 ], [ 428283.25, 437282.0 ], [ 428284.75, 437282.0 ], [ 428284.75, 437282.25 ], [ 428285.288891908305231, 437282.25 ], [ 428290.980273691064212, 437282.034058244840708 ], [ 428296.25, 437281.558849006891251 ], [ 428296.25, 437281.5 ], [ 428296.902592868893407, 437281.5 ] ] ] } },
{ "type": "Feature", "properties": { }, "geometry": { "type": "Polygon", "coordinates": [ [ [ 428590.75, 437286.75 ], [ 428591.0, 437286.75 ], [ 428591.0, 437287.25 ], [ 428591.25, 437287.25 ], [ 428591.25, 437287.75 ], [ 428591.5, 437287.75 ], [ 428591.5, 437288.0 ], [ 428591.75, 437288.0 ], [ 428591.75, 437288.25 ], [ 428592.0, 437288.25 ], [ 428592.0, 437288.75 ], [ 428592.25, 437288.75 ], [ 428592.25, 437289.0 ], [ 428592.5, 437289.0 ], [ 428592.5, 437289.25 ], [ 428593.0, 437289.25 ], [ 428593.0, 437289.5 ], [ 428593.75, 437289.5 ], [ 428593.75, 437289.75 ], [ 428594.0, 437289.75 ], [ 428594.0, 437290.25 ], [ 428594.25, 437290.25 ], [ 428594.25, 437290.5 ], [ 428594.5, 437290.5 ], [ 428594.5, 437291.0 ], [ 428594.75, 437291.0 ], [ 428594.75, 437291.5 ], [ 428595.0, 437291.5 ], [ 428595.0, 437292.25 ], [ 428595.25, 437292.25 ], [ 428595.25, 437292.5 ], [ 428595.5, 437292.5 ], [ 428595.5, 437292.75 ], [ 428596.0, 437292.75 ], [ 428596.0, 437293.0 ], [ 428596.5, 437293.0 ], [ 428596.5, 437293.25 ], [ 428598.0, 437293.25 ], [ 428598.0, 437293.0 ], [ 428598.75, 437293.0 ], [ 428598.75, 437292.75 ], [ 428599.25, 437292.75 ], [ 428599.25, 437292.5 ], [ 428600.0, 437292.5 ], [ 428600.0, 437292.25 ], [ 428600.75, 437292.25 ], [ 428600.75, 437292.0 ], [ 428601.5, 437292.0 ], [ 428601.5, 437291.75 ], [ 428602.5, 437291.75 ], [ 428602.5, 437291.5 ], [ 428603.25, 437291.5 ], [ 428603.25, 437291.25 ], [ 428603.75, 437291.25 ], [ 428603.75, 437291.0 ], [ 428604.25, 437291.0 ], [ 428604.25, 437290.75 ], [ 428604.75, 437290.75 ], [ 428604.75, 437290.5 ], [ 428605.25, 437290.5 ], [ 428605.25, 437290.25 ], [ 428605.75, 437290.25 ], [ 428605.75, 437290.0 ], [ 428606.0, 437290.0 ], [ 428606.0, 437289.75 ], [ 428606.5, 437289.75 ], [ 428606.5, 437289.5 ], [ 428606.75, 437289.5 ], [ 428606.75, 437289.25 ], [ 428607.0, 437289.25 ], [ 428607.0, 437289.0 ], [ 428607.25, 437289.0 ], [ 428607.25, 437288.75 ], [ 428607.75, 437288.75 ], [ 428607.75, 437288.5 ], [ 428608.0, 437288.5 ], [ 428608.0, 437288.25 ], [ 428608.25, 437288.25 ], [ 428608.25, 437288.0 ], [ 428608.5, 437288.0 ], [ 428608.5, 437287.75 ], [ 428608.75, 437287.75 ], [ 428608.75, 437287.5 ], [ 428609.0, 437287.5 ], [ 428609.0, 437287.25 ], [ 428609.25, 437287.25 ], [ 428609.25, 437287.0 ], [ 428609.5, 437287.0 ], [ 428609.5, 437286.75 ], [ 428609.75, 437286.75 ], [ 428609.75, 437286.5 ], [ 428610.0, 437286.5 ], [ 428610.0, 437286.0 ], [ 428610.25, 437286.0 ], [ 428610.25, 437285.75 ], [ 428610.5, 437285.75 ], [ 428610.5, 437285.5 ], [ 428610.75, 437285.5 ], [ 428610.75, 437285.25 ], [ 428611.0, 437285.25 ], [ 428611.0, 437285.0 ], [ 428611.25, 437285.0 ], [ 428611.25, 437284.75 ], [ 428611.5, 437284.75 ], [ 428611.5, 437284.5 ], [ 428611.75, 437284.5 ], [ 428611.75, 437284.25 ], [ 428612.0, 437284.25 ], [ 428612.0, 437284.0 ], [ 428612.25, 437284.0 ], [ 428612.25, 437283.75 ], [ 428612.75, 437283.75 ], [ 428612.75, 437283.25 ], [ 428613.0, 437283.25 ], [ 428613.0, 437283.0 ], [ 428613.25, 437283.0 ], [ 428613.25, 437282.75 ], [ 428613.5, 437282.75 ], [ 428613.5, 437282.5 ], [ 428613.75, 437282.5 ], [ 428613.75, 437282.25 ], [ 428614.0, 437282.25 ], [ 428614.0, 437282.0 ], [ 428614.25, 437282.0 ], [ 428614.25, 437281.75 ], [ 428614.5, 437281.75 ], [ 428614.5, 437281.5 ], [ 428614.75, 437281.5 ], [ 428614.75, 437281.25 ], [ 428615.0, 437281.25 ], [ 428615.0, 437281.0 ], [ 428615.25, 437281.0 ], [ 428615.25, 437280.75 ], [ 428615.75, 437280.75 ], [ 428615.75, 437280.5 ], [ 428616.0, 437280.5 ], [ 428616.0, 437280.25 ], [ 428616.25, 437280.25 ], [ 428616.25, 437280.0 ], [ 428616.5, 437280.0 ], [ 428616.5, 437279.5 ], [ 428616.75, 437279.5 ], [ 428616.75, 437279.25 ], [ 428617.0, 437279.25 ], [ 428617.0, 437279.0 ], [ 428617.25, 437279.0 ], [ 428617.25, 437278.75 ], [ 428617.5, 437278.75 ], [ 428617.5, 437278.5 ], [ 428617.75, 437278.5 ], [ 428617.75, 437278.25 ], [ 428618.0, 437278.25 ], [ 428618.0, 437278.0 ], [ 428618.25, 437278.0 ], [ 428618.25, 437277.75 ], [ 428618.5, 437277.75 ], [ 428618.5, 437277.5 ], [ 428618.75, 437277.5 ], [ 428618.75, 437277.25 ], [ 428619.0, 437277.25 ], [ 428619.0, 437277.0 ], [ 428619.25, 437277.0 ], [ 428619.25, 437276.75 ], [ 428619.5, 437276.75 ], [ 428619.5, 437276.5 ], [ 428619.75, 437276.5 ], [ 428619.75, 437276.25 ], [ 428620.25, 437276.25 ], [ 428620.25, 437276.0 ], [ 428620.5, 437276.0 ], [ 428620.5, 437275.75 ], [ 428621.0, 437275.75 ], [ 428621.0, 437275.5 ], [ 428621.25, 437275.5 ], [ 428621.25, 437275.25 ], [ 428621.75, 437275.25 ], [ 428621.75, 437275.0 ], [ 428622.25, 437275.0 ], [ 428622.25, 437274.75 ], [ 428622.75, 437274.75 ], [ 428622.75, 437274.5 ], [ 428623.0, 437274.5 ], [ 428623.0, 437274.25 ], [ 428623.25, 437274.25 ], [ 428623.25, 437274.0 ], [ 428623.5, 437274.0 ], [ 428623.5, 437273.75 ], [ 428623.75, 437273.75 ], [ 428623.75, 437273.5 ], [ 428624.0, 437273.5 ], [ 428624.0, 437273.25 ], [ 428624.25, 437273.25 ], [ 428624.25, 437273.0 ], [ 428624.75, 437273.0 ], [ 428624.75, 437272.75 ], [ 428625.5, 437272.75 ], [ 428625.5, 437272.5 ], [ 428626.0, 437272.5 ], [ 428626.0, 437272.25 ], [ 428626.5, 437272.25 ], [ 428626.5, 437272.0 ], [ 428627.0, 437272.0 ], [ 428627.0, 437271.75 ], [ 428627.5, 437271.75 ], [ 428627.5, 437271.5 ], [ 428628.0, 437271.5 ], [ 428628.0, 437271.25 ], [ 428628.5, 437271.25 ], [ 428628.5, 437271.0 ], [ 428628.75, 437271.0 ], [ 428628.75, 437270.75 ], [ 428629.25, 437270.75 ], [ 428629.25, 437270.5 ], [ 428629.75, 437270.5 ], [ 428629.75, 437270.25 ], [ 428630.0, 437270.25 ], [ 428630.0, 437270.0 ], [ 428630.5, 437270.0 ], [ 428630.5, 437269.75 ], [ 428630.75, 437269.75 ], [ 428630.75, 437269.5 ], [ 428631.25, 437269.5 ], [ 428631.25, 437269.25 ], [ 428631.5, 437269.25 ], [ 428631.5, 437269.0 ], [ 428631.75, 437269.0 ], [ 428631.75, 437268.75 ], [ 428632.0, 437268.75 ], [ 428632.0, 437268.5 ], [ 428632.5, 437268.5 ], [ 428632.5, 437268.25 ], [ 428632.75, 437268.25 ], [ 428632.75, 437268.0 ], [ 428633.0, 437268.0 ], [ 428633.0, 437267.75 ], [ 428633.25, 437267.75 ], [ 428633.25, 437267.5 ], [ 428633.5, 437267.5 ], [ 428633.5, 437267.0 ], [ 428633.75, 437267.0 ], [ 428633.75, 437266.75 ], [ 428634.25, 437266.75 ], [ 428634.25, 437266.25 ], [ 428634.5, 437266.25 ], [ 428634.5, 437266.0 ], [ 428634.75, 437266.0 ], [ 428634.75, 437265.75 ], [ 428635.25, 437265.75 ], [ 428635.25, 437265.5 ], [ 428635.75, 437265.5 ], [ 428635.75, 437265.25 ], [ 428639.25, 437265.25 ], [ 428639.25, 437265.5 ], [ 428640.0, 437265.5 ], [ 428640.0, 437250.516370294615626 ], [ 428639.044409803522285, 437249.403759626555257 ], [ 428636.979717985494062, 437247.0 ], [ 428636.75, 437247.0 ], [ 428636.75, 437247.25 ], [ 428636.25, 437247.25 ], [ 428636.25, 437247.5 ], [ 428636.0, 437247.5 ], [ 428636.0, 437247.75 ], [ 428635.5, 437247.75 ], [ 428635.5, 437248.0 ], [ 428635.25, 437248.0 ], [ 428635.25, 437248.25 ], [ 428635.0, 437248.25 ], [ 428635.0, 437248.5 ], [ 428634.75, 437248.5 ], [ 428634.75, 437248.75 ], [ 428634.5, 437248.75 ], [ 428634.5, 437249.0 ], [ 428634.25, 437249.0 ], [ 428634.25, 437249.25 ], [ 428634.0, 437249.25 ], [ 428634.0, 437249.5 ], [ 428633.75, 437249.5 ], [ 428633.75, 437250.0 ], [ 428633.5, 437250.0 ], [ 428633.5, 437250.5 ], [ 428633.25, 437250.5 ], [ 428633.25, 437251.5 ], [ 428633.0, 437251.5 ], [ 428633.0, 437252.25 ], [ 428632.75, 437252.25 ], [ 428632.75, 437252.75 ], [ 428632.5, 437252.75 ], [ 428632.5, 437253.0 ], [ 428632.25, 437253.0 ], [ 428632.25, 437253.25 ], [ 428632.0, 437253.25 ], [ 428632.0, 437253.5 ], [ 428631.75, 437253.5 ], [ 428631.75, 437253.75 ], [ 428631.5, 437253.75 ], [ 428631.5, 437254.0 ], [ 428631.25, 437254.0 ], [ 428631.25, 437254.25 ], [ 428631.0, 437254.25 ], [ 428631.0, 437254.5 ], [ 428630.75, 437254.5 ], [ 428630.75, 437254.75 ], [ 428629.5, 437254.75 ], [ 428629.5, 437254.5 ], [ 428629.0, 437254.5 ], [ 428629.0, 437254.25 ], [ 428628.75, 437254.25 ], [ 428628.75, 437254.0 ], [ 428627.75, 437254.0 ], [ 428627.75, 437253.75 ], [ 428627.0, 437253.75 ], [ 428627.0, 437253.5 ], [ 428621.75, 437253.5 ], [ 428621.75, 437253.75 ], [ 428621.25, 437253.75 ], [ 428621.25, 437254.0 ], [ 428620.75, 437254.0 ], [ 428620.75, 437254.25 ], [ 428619.75, 437254.25 ], [ 428619.75, 437254.5 ], [ 428619.25, 437254.5 ], [ 428619.25, 437254.75 ], [ 428618.5, 437254.75 ], [ 428618.5, 437255.0 ], [ 428618.0, 437255.0 ], [ 428618.0, 437255.25 ], [ 428617.5, 437255.25 ], [ 428617.5, 437255.5 ], [ 428617.0, 437255.5 ], [ 428617.0, 437255.75 ], [ 428616.75, 437255.75 ], [ 428616.75, 437256.0 ], [ 428616.25, 437256.0 ], [ 428616.25, 437256.25 ], [ 428616.0, 437256.25 ], [ 428616.0, 437256.5 ], [ 428615.75, 437256.5 ], [ 428615.75, 437256.75 ], [ 428615.25, 437256.75 ], [ 428615.25, 437257.0 ], [ 428615.0, 437257.0 ], [ 428615.0, 437257.25 ], [ 428614.5, 437257.25 ], [ 428614.5, 437257.5 ], [ 428614.0, 437257.5 ], [ 428614.0, 437257.75 ], [ 428613.75, 437257.75 ], [ 428613.75, 437258.0 ], [ 428613.25, 437258.0 ], [ 428613.25, 437258.25 ], [ 428613.0, 437258.25 ], [ 428613.0, 437258.5 ], [ 428612.5, 437258.5 ], [ 428612.5, 437258.75 ], [ 428612.25, 437258.75 ], [ 428612.25, 437259.0 ], [ 428612.0, 437259.0 ], [ 428612.0, 437259.25 ], [ 428611.5, 437259.25 ], [ 428611.5, 437259.5 ], [ 428611.25, 437259.5 ], [ 428611.25, 437259.75 ], [ 428611.0, 437259.75 ], [ 428611.0, 437260.0 ], [ 428610.5, 437260.0 ], [ 428610.5, 437260.25 ], [ 428610.0, 437260.25 ], [ 428610.0, 437260.5 ], [ 428609.5, 437260.5 ], [ 428609.5, 437260.75 ], [ 428609.25, 437260.75 ], [ 428609.25, 437261.0 ], [ 428608.75, 437261.0 ], [ 428608.75, 437261.25 ], [ 428608.5, 437261.25 ], [ 428608.5, 437261.5 ], [ 428608.25, 437261.5 ], [ 428608.25, 437261.75 ], [ 428608.0, 437261.75 ], [ 428608.0, 437262.0 ], [ 428607.75, 437262.0 ], [ 428607.75, 437262.25 ], [ 428607.5, 437262.25 ], [ 428607.5, 437262.5 ], [ 428607.0, 437262.5 ], [ 428607.0, 437262.75 ], [ 428606.75, 437262.75 ], [ 428606.75, 437263.0 ], [ 428606.25, 437263.0 ], [ 428606.25, 437263.25 ], [ 428605.75, 437263.25 ], [ 428605.75, 437263.5 ], [ 428605.5, 437263.5 ], [ 428605.5, 437263.75 ], [ 428604.75, 437263.75 ], [ 428604.75, 437264.0 ], [ 428604.25, 437264.0 ], [ 428604.25, 437264.25 ], [ 428603.75, 437264.25 ], [ 428603.75, 437264.5 ], [ 428603.5, 437264.5 ], [ 428603.5, 437264.75 ], [ 428603.0, 437264.75 ], [ 428603.0, 437265.0 ], [ 428602.75, 437265.0 ], [ 428602.75, 437265.25 ], [ 428602.5, 437265.25 ], [ 428602.5, 437265.5 ], [ 428602.0, 437265.5 ], [ 428602.0, 437265.75 ], [ 428601.5, 437265.75 ], [ 428601.5, 437266.0 ], [ 428599.5, 437266.0 ], [ 428599.5, 437266.25 ], [ 428599.0, 437266.25 ], [ 428599.0, 437266.5 ], [ 428597.0, 437266.5 ], [ 428597.0, 437266.25 ], [ 428596.5, 437266.25 ], [ 428596.5, 437266.0 ], [ 428595.5, 437266.0 ], [ 428595.5, 437265.75 ], [ 428595.0, 437265.75 ], [ 428595.0, 437265.5 ], [ 428594.75, 437265.5 ], [ 428594.75, 437265.25 ], [ 428594.5, 437265.25 ], [ 428594.5, 437265.5 ], [ 428594.25, 437265.5 ], [ 428594.25, 437265.75 ], [ 428593.75, 437265.75 ], [ 428593.75, 437266.0 ], [ 428593.5, 437266.0 ], [ 428593.5, 437266.25 ], [ 428592.899785959045403, 437266.25 ], [ 428594.659932186186779, 437269.098910150583833 ], [ 428590.75, 437271.514589137339499 ], [ 428590.75, 437271.75 ], [ 428591.0, 437271.75 ], [ 428591.0, 437273.5 ], [ 428591.25, 437273.5 ], [ 428591.25, 437275.0 ], [ 428591.5, 437275.0 ], [ 428591.5, 437275.75 ], [ 428591.75, 437275.75 ], [ 428591.75, 437276.5 ], [ 428592.0, 437276.5 ], [ 428592.0, 437277.5 ], [ 428592.25, 437277.5 ], [ 428592.25, 437283.0 ], [ 428592.0, 437283.0 ], [ 428592.0, 437283.5 ], [ 428591.75, 437283.5 ], [ 428591.75, 437283.9803311189753 ], [ 428592.425386367132887, 437284.935138388071209 ], [ 428591.0, 437285.938763121492229 ], [ 428591.0, 437286.25 ], [ 428590.75, 437286.25 ], [ 428590.75, 437286.75 ] ] ] } },
{ "type": "Feature", "properties": { }, "geometry": { "type": "Polygon", "coordinates": [ [ [ 428518.25, 437218.75 ], [ 428518.25, 437218.5 ], [ 428518.0, 437218.5 ], [ 428518.0, 437218.25 ], [ 428517.25, 437218.25 ], [ 428517.25, 437219.0 ], [ 428517.75, 437219.0 ], [ 428517.75, 437218.75 ], [ 428518.25, 437218.75 ] ] ] } },
{ "type": "Feature", "properties": { }, "geometry": { "type": "Polygon", "coordinates": [ [ [ 428523.75, 437220.25 ], [ 428523.75, 437220.0 ], [ 428524.0, 437220.0 ], [ 428524.0, 437219.75 ], [ 428524.25, 437219.75 ], [ 428524.25, 437219.25 ], [ 428524.5, 437219.25 ], [ 428524.5, 437218.75 ], [ 428524.75, 437218.75 ], [ 428524.75, 437218.0 ], [ 428524.5, 437218.0 ], [ 428524.5, 437217.5 ], [ 428524.0, 437217.5 ], [ 428524.0, 437217.25 ], [ 428521.0, 437217.25 ], [ 428521.0, 437217.5 ], [ 428520.5, 437217.5 ], [ 428520.5, 437217.75 ], [ 428520.0, 437217.75 ], [ 428520.0, 437218.0 ], [ 428519.75, 437218.0 ], [ 428519.75, 437218.25 ], [ 428519.5, 437218.25 ], [ 428519.5, 437218.5 ], [ 428519.25, 437218.5 ], [ 428519.25, 437218.75 ], [ 428519.5, 437218.75 ], [ 428519.5, 437219.0 ], [ 428519.75, 437219.0 ], [ 428519.75, 437219.5 ], [ 428520.0, 437219.5 ], [ 428520.0, 437219.75 ], [ 428520.25, 437219.75 ], [ 428520.25, 437220.0 ], [ 428520.75, 437220.0 ], [ 428520.75, 437220.25 ], [ 428521.75, 437220.25 ], [ 428521.75, 437220.5 ], [ 428523.0, 437220.5 ], [ 428523.0, 437220.25 ], [ 428523.75, 437220.25 ] ] ] } },
{ "type": "Feature", "properties": { }, "geometry": { "type": "Polygon", "coordinates": [ [ [ 428572.5, 437188.0 ], [ 428572.5, 437187.75 ], [ 428572.75, 437187.75 ], [ 428572.75, 437187.5 ], [ 428573.0, 437187.5 ], [ 428573.0, 437187.25 ], [ 428573.25, 437187.25 ], [ 428573.25, 437187.0 ], [ 428573.5, 437187.0 ], [ 428573.5, 437186.25 ], [ 428573.25, 437186.25 ], [ 428573.25, 437186.0 ], [ 428572.75, 437186.0 ], [ 428572.75, 437185.75 ], [ 428572.5, 437185.75 ], [ 428572.5, 437185.5 ], [ 428572.25, 437185.5 ], [ 428572.25, 437185.25 ], [ 428571.75, 437185.25 ], [ 428571.75, 437185.0 ], [ 428571.0, 437185.0 ], [ 428571.0, 437184.75 ], [ 428570.25, 437184.75 ], [ 428570.25, 437185.0 ], [ 428568.75, 437185.0 ], [ 428568.75, 437185.25 ], [ 428567.5, 437185.25 ], [ 428567.5, 437185.5 ], [ 428566.0, 437185.5 ], [ 428566.0, 437185.75 ], [ 428565.5, 437185.75 ], [ 428565.5, 437186.0 ], [ 428565.25, 437186.0 ], [ 428565.25, 437186.25 ], [ 428565.0, 437186.25 ], [ 428565.0, 437186.75 ], [ 428565.25, 437186.75 ], [ 428565.25, 437187.25 ], [ 428565.5, 437187.25 ], [ 428565.5, 437187.5 ], [ 428567.0, 437187.5 ], [ 428567.0, 437187.25 ], [ 428567.75, 437187.25 ], [ 428567.75, 437187.5 ], [ 428568.25, 437187.5 ], [ 428568.25, 437187.75 ], [ 428569.75, 437187.75 ], [ 428569.75, 437188.0 ], [ 428570.25, 437188.0 ], [ 428570.25, 437188.25 ], [ 428572.0, 437188.25 ], [ 428572.0, 437188.0 ], [ 428572.5, 437188.0 ] ] ] } },
{ "type": "Feature", "properties": { }, "geometry": { "type": "Polygon", "coordinates": [ [ [ 428178.25, 437112.5 ], [ 428178.25, 437112.25 ], [ 428178.75, 437112.25 ], [ 428178.75, 437111.75 ], [ 428179.0, 437111.75 ], [ 428179.0, 437111.5 ], [ 428179.25, 437111.5 ], [ 428179.25, 437111.25 ], [ 428179.5, 437111.25 ], [ 428179.5, 437111.0 ], [ 428179.75, 437111.0 ], [ 428179.75, 437110.75 ], [ 428180.0, 437110.75 ], [ 428180.0, 437110.25 ], [ 428180.25, 437110.25 ], [ 428180.25, 437110.0 ], [ 428180.5, 437110.0 ], [ 428180.5, 437109.75 ], [ 428180.75, 437109.75 ], [ 428180.75, 437109.25 ], [ 428181.0, 437109.25 ], [ 428181.0, 437109.0 ], [ 428181.25, 437109.0 ], [ 428181.25, 437108.75 ], [ 428181.5, 437108.75 ], [ 428181.5, 437108.5 ], [ 428181.75, 437108.5 ], [ 428181.75, 437108.25 ], [ 428182.0, 437108.25 ], [ 428182.0, 437108.0 ], [ 428182.25, 437108.0 ], [ 428182.25, 437107.75 ], [ 428182.5, 437107.75 ], [ 428182.5, 437107.5 ], [ 428182.75, 437107.5 ], [ 428182.75, 437107.0 ], [ 428183.0, 437107.0 ], [ 428183.0, 437106.5 ], [ 428183.25, 437106.5 ], [ 428183.25, 437104.0 ], [ 428172.0, 437104.0 ], [ 428172.0, 437104.75 ], [ 428171.75, 437104.75 ], [ 428171.75, 437105.0 ], [ 428171.25, 437105.0 ], [ 428171.25, 437104.75 ], [ 428171.0, 437104.75 ], [ 428171.0, 437104.0 ], [ 428170.0, 437104.0 ], [ 428170.0, 437105.0 ], [ 428170.5, 437105.0 ], [ 428170.5, 437105.25 ], [ 428171.0, 437105.25 ], [ 428171.0, 437105.5 ], [ 428170.75, 437105.5 ], [ 428170.75, 437106.0 ], [ 428170.25, 437106.0 ], [ 428170.25, 437106.25 ], [ 428169.75, 437106.25 ], [ 428169.75, 437106.5 ], [ 428170.0, 437106.5 ], [ 428170.0, 437106.75 ], [ 428170.25, 437106.75 ], [ 428170.25, 437107.0 ], [ 428170.5, 437107.0 ], [ 428170.5, 437107.5 ], [ 428170.75, 437107.5 ], [ 428170.75, 437107.75 ], [ 428171.25, 437107.75 ], [ 428171.25, 437108.0 ], [ 428171.5, 437108.0 ], [ 428171.5, 437108.25 ], [ 428171.75, 437108.25 ], [ 428171.75, 437108.5 ], [ 428172.0, 437108.5 ], [ 428172.0, 437108.75 ], [ 428172.25, 437108.75 ], [ 428172.25, 437109.0 ], [ 428172.5, 437109.0 ], [ 428172.5, 437109.25 ], [ 428172.75, 437109.25 ], [ 428172.75, 437109.5 ], [ 428173.0, 437109.5 ], [ 428173.0, 437109.75 ], [ 428173.25, 437109.75 ], [ 428173.25, 437110.0 ], [ 428174.75, 437110.0 ], [ 428174.75, 437110.25 ], [ 428175.5, 437110.25 ], [ 428175.5, 437110.5 ], [ 428175.75, 437110.5 ], [ 428175.75, 437110.75 ], [ 428175.5, 437110.75 ], [ 428175.5, 437111.5 ], [ 428175.75, 437111.5 ], [ 428175.75, 437111.75 ], [ 428176.5, 437111.75 ], [ 428176.5, 437112.0 ], [ 428176.75, 437112.0 ], [ 428176.75, 437112.25 ], [ 428177.0, 437112.25 ], [ 428177.0, 437112.5 ], [ 428177.25, 437112.5 ], [ 428177.25, 437112.75 ], [ 428177.75, 437112.75 ], [ 428177.75, 437112.5 ], [ 428178.25, 437112.5 ] ] ] } },
{ "type": "Feature", "properties": { }, "geometry": { "type": "Polygon", "coordinates": [ [ [ 428578.0, 437059.75 ], [ 428578.0, 437059.5 ], [ 428578.5, 437059.5 ], [ 428578.5, 437059.25 ], [ 428579.0, 437059.25 ], [ 428579.0, 437059.0 ], [ 428579.25, 437059.0 ], [ 428579.25, 437058.75 ], [ 428579.5, 437058.75 ], [ 428579.5, 437058.5 ], [ 428579.75, 437058.5 ], [ 428579.75, 437058.25 ], [ 428580.0, 437058.25 ], [ 428580.0, 437058.0 ], [ 428580.25, 437058.0 ], [ 428580.25, 437057.75 ], [ 428580.5, 437057.75 ], [ 428580.5, 437057.25 ], [ 428580.75, 437057.25 ], [ 428580.75, 437056.5 ], [ 428581.25, 437056.5 ], [ 428581.25, 437056.25 ], [ 428581.5, 437056.25 ], [ 428581.5, 437056.0 ], [ 428581.75, 437056.0 ], [ 428581.75, 437055.75 ], [ 428582.0, 437055.75 ], [ 428582.0, 437055.25 ], [ 428582.25, 437055.25 ], [ 428582.25, 437055.0 ], [ 428582.5, 437055.0 ], [ 428582.5, 437054.5 ], [ 428582.75, 437054.5 ], [ 428582.75, 437053.25 ], [ 428582.5, 437053.25 ], [ 428582.5, 437052.75 ], [ 428582.25, 437052.75 ], [ 428582.25, 437052.5 ], [ 428582.0, 437052.5 ], [ 428582.0, 437052.25 ], [ 428581.75, 437052.25 ], [ 428581.75, 437052.0 ], [ 428580.0, 437052.0 ], [ 428580.0, 437052.25 ], [ 428579.779856445267797, 437052.25 ], [ 428576.309448083746247, 437057.263516488368623 ], [ 428575.75, 437058.100507772061974 ], [ 428575.75, 437058.25 ], [ 428575.650078839447815, 437058.25 ], [ 428575.5, 437058.474533221393358 ], [ 428575.5, 437058.75 ], [ 428575.75, 437058.75 ], [ 428575.75, 437059.25 ], [ 428576.0, 437059.25 ], [ 428576.0, 437059.5 ], [ 428576.25, 437059.5 ], [ 428576.25, 437059.75 ], [ 428577.25, 437059.75 ], [ 428577.25, 437060.0 ], [ 428577.5, 437060.0 ], [ 428577.5, 437059.75 ], [ 428578.0, 437059.75 ] ] ] } },
{ "type": "Feature", "properties": { }, "geometry": { "type": "Polygon", "coordinates": [ [ [ 428890.5, 437049.25 ], [ 428890.5, 437049.0 ], [ 428888.5, 437049.0 ], [ 428888.5, 437049.25 ], [ 428887.75, 437049.25 ], [ 428887.75, 437049.5 ], [ 428887.5, 437049.5 ], [ 428887.5, 437049.75 ], [ 428887.25, 437049.75 ], [ 428887.25, 437050.0 ], [ 428887.0, 437050.0 ], [ 428887.0, 437050.25 ], [ 428886.75, 437050.25 ], [ 428886.75, 437050.5 ], [ 428886.5, 437050.5 ], [ 428886.5, 437050.75 ], [ 428886.25, 437050.75 ], [ 428886.25, 437051.0 ], [ 428886.0, 437051.0 ], [ 428886.0, 437051.5 ], [ 428885.75, 437051.5 ], [ 428885.75, 437052.0 ], [ 428885.5, 437052.0 ], [ 428885.5, 437052.25 ], [ 428885.25, 437052.25 ], [ 428885.25, 437052.5 ], [ 428885.0, 437052.5 ], [ 428885.0, 437052.75 ], [ 428883.5, 437052.75 ], [ 428883.5, 437053.0 ], [ 428883.25, 437053.0 ], [ 428883.25, 437053.25 ], [ 428883.0, 437053.25 ], [ 428883.0, 437054.0 ], [ 428882.75, 437054.0 ], [ 428882.75, 437054.75 ], [ 428882.5, 437054.75 ], [ 428882.5, 437055.0 ], [ 428882.25, 437055.0 ], [ 428882.25, 437055.25 ], [ 428882.0, 437055.25 ], [ 428882.0, 437057.218079019803554 ], [ 428885.589678503165487, 437052.55793916049879 ], [ 428896.0, 437060.576948979170993 ], [ 428896.0, 437052.583243624365423 ], [ 428895.322362699138466, 437052.035947162657976 ], [ 428892.491999817604665, 437049.75 ], [ 428892.25, 437049.75 ], [ 428892.25, 437049.554548455635086 ], [ 428892.182460414420348, 437049.5 ], [ 428891.5, 437049.5 ], [ 428891.5, 437049.25 ], [ 428890.5, 437049.25 ] ] ] } },
{ "type": "Feature", "properties": { }, "geometry": { "type": "Polygon", "coordinates": [ [ [ 428880.5, 437062.0 ], [ 428880.5, 437064.0 ], [ 428880.75, 437064.0 ], [ 428880.75, 437065.25 ], [ 428881.0, 437065.25 ], [ 428881.0, 437066.0 ], [ 428881.25, 437066.0 ], [ 428881.25, 437066.5 ], [ 428881.5, 437066.5 ], [ 428881.5, 437067.0 ], [ 428881.75, 437067.0 ], [ 428881.75, 437067.25 ], [ 428882.0, 437067.25 ], [ 428882.0, 437067.5 ], [ 428882.25, 437067.5 ], [ 428882.25, 437067.75 ], [ 428882.5, 437067.75 ], [ 428882.5, 437068.0 ], [ 428882.75, 437068.0 ], [ 428882.75, 437068.25 ], [ 428883.0, 437068.25 ], [ 428883.0, 437068.5 ], [ 428883.25, 437068.5 ], [ 428883.25, 437068.75 ], [ 428883.5, 437068.75 ], [ 428883.5, 437069.0 ], [ 428883.75, 437069.0 ], [ 428883.75, 437069.25 ], [ 428884.0, 437069.25 ], [ 428884.0, 437069.5 ], [ 428884.25, 437069.5 ], [ 428884.25, 437069.75 ], [ 428884.5, 437069.75 ], [ 428884.5, 437070.0 ], [ 428884.75, 437070.0 ], [ 428884.75, 437070.25 ], [ 428885.25, 437070.25 ], [ 428885.25, 437070.5 ], [ 428885.75, 437070.5 ], [ 428885.75, 437070.75 ], [ 428886.25, 437070.75 ], [ 428886.25, 437071.0 ], [ 428886.75, 437071.0 ], [ 428886.75, 437071.25 ], [ 428887.25, 437071.25 ], [ 428887.25, 437071.5 ], [ 428888.0, 437071.5 ], [ 428888.0, 437071.75 ], [ 428888.75, 437071.75 ], [ 428888.75, 437072.0 ], [ 428889.25, 437072.0 ], [ 428889.25, 437072.25 ], [ 428890.0, 437072.25 ], [ 428890.0, 437072.5 ], [ 428891.75, 437072.5 ], [ 428891.75, 437072.75 ], [ 428895.636327683692798, 437072.75 ], [ 428895.508942489745095, 437072.695250595454127 ], [ 428895.071036660054233, 437072.452541519480292 ], [ 428894.659599111531861, 437072.167255075881258 ], [ 428880.75, 437061.452772157848813 ], [ 428880.75, 437062.0 ], [ 428880.5, 437062.0 ] ] ] } },
{ "type": "Feature", "properties": { }, "geometry": { "type": "Polygon", "coordinates": [ [ [ 428595.0, 437106.25 ], [ 428595.0, 437107.0 ], [ 428595.25, 437107.0 ], [ 428595.25, 437107.75 ], [ 428595.5, 437107.75 ], [ 428595.5, 437108.5 ], [ 428595.75, 437108.5 ], [ 428595.75, 437109.0 ], [ 428596.0, 437109.0 ], [ 428596.0, 437109.75 ], [ 428596.25, 437109.75 ], [ 428596.25, 437110.25 ], [ 428596.5, 437110.25 ], [ 428596.5, 437110.5 ], [ 428596.75, 437110.5 ], [ 428596.75, 437111.0 ], [ 428597.0, 437111.0 ], [ 428597.0, 437111.25 ], [ 428597.25, 437111.25 ], [ 428597.25, 437111.5 ], [ 428597.5, 437111.5 ], [ 428597.5, 437111.75 ], [ 428598.0, 437111.75 ], [ 428598.0, 437112.0 ], [ 428598.5, 437112.0 ], [ 428598.5, 437112.25 ], [ 428599.0, 437112.25 ], [ 428599.0, 437112.5 ], [ 428599.75, 437112.5 ], [ 428599.75, 437112.75 ], [ 428600.25, 437112.75 ], [ 428600.25, 437113.0 ], [ 428601.0, 437113.0 ], [ 428601.0, 437113.25 ], [ 428601.5, 437113.25 ], [ 428601.5, 437113.5 ], [ 428604.5, 437113.5 ], [ 428604.5, 437113.25 ], [ 428606.0, 437113.25 ], [ 428606.0, 437113.0 ], [ 428606.75, 437113.0 ], [ 428606.75, 437112.75 ], [ 428607.25, 437112.75 ], [ 428607.25, 437112.5 ], [ 428607.75, 437112.5 ], [ 428607.75, 437112.25 ], [ 428608.25, 437112.25 ], [ 428608.25, 437112.0 ], [ 428609.0, 437112.0 ], [ 428609.0, 437111.75 ], [ 428609.5, 437111.75 ], [ 428609.5, 437111.5 ], [ 428610.0, 437111.5 ], [ 428610.0, 437111.25 ], [ 428610.5, 437111.25 ], [ 428610.5, 437111.0 ], [ 428611.0, 437111.0 ], [ 428611.0, 437110.75 ], [ 428611.5, 437110.75 ], [ 428611.5, 437110.5 ], [ 428611.75, 437110.5 ], [ 428611.75, 437110.25 ], [ 428612.0, 437110.25 ], [ 428612.0, 437110.0 ], [ 428612.25, 437110.0 ], [ 428612.25, 437109.75 ], [ 428612.5, 437109.75 ], [ 428612.5, 437109.5 ], [ 428613.0, 437109.5 ], [ 428613.0, 437109.25 ], [ 428613.25, 437109.25 ], [ 428613.25, 437109.0 ], [ 428613.75, 437109.0 ], [ 428613.75, 437108.75 ], [ 428614.25, 437108.75 ], [ 428614.25, 437108.5 ], [ 428614.75, 437108.5 ], [ 428614.75, 437108.25 ], [ 428615.0, 437108.25 ], [ 428615.0, 437108.0 ], [ 428615.5, 437108.0 ], [ 428615.5, 437107.75 ], [ 428616.0, 437107.75 ], [ 428616.0, 437107.5 ], [ 428616.25, 437107.5 ], [ 428616.25, 437107.25 ], [ 428616.5, 437107.25 ], [ 428616.5, 437107.0 ], [ 428616.75, 437107.0 ], [ 428616.75, 437106.75 ], [ 428617.0, 437106.75 ], [ 428617.0, 437106.5 ], [ 428617.25, 437106.5 ], [ 428617.25, 437106.0 ], [ 428617.5, 437106.0 ], [ 428617.5, 437105.5 ], [ 428617.75, 437105.5 ], [ 428617.75, 437104.0 ], [ 428623.157019860344008, 437104.0 ], [ 428623.25, 437103.929314050474204 ], [ 428623.25, 437103.25 ], [ 428623.5, 437103.25 ], [ 428623.5, 437102.25 ], [ 428623.75, 437102.25 ], [ 428623.75, 437102.0 ], [ 428624.0, 437102.0 ], [ 428624.0, 437101.75 ], [ 428624.25, 437101.75 ], [ 428624.25, 437101.5 ], [ 428624.75, 437101.5 ], [ 428624.75, 437101.25 ], [ 428625.25, 437101.25 ], [ 428625.25, 437101.0 ], [ 428625.75, 437101.0 ], [ 428625.75, 437100.75 ], [ 428626.0, 437100.75 ], [ 428626.0, 437100.5 ], [ 428626.5, 437100.5 ], [ 428626.5, 437100.25 ], [ 428627.0, 437100.25 ], [ 428627.0, 437100.0 ], [ 428627.5, 437100.0 ], [ 428627.5, 437099.75 ], [ 428628.0, 437099.75 ], [ 428628.0, 437099.5 ], [ 428628.25, 437099.5 ], [ 428628.25, 437099.25 ], [ 428628.75, 437099.25 ], [ 428628.75, 437099.0 ], [ 428629.0, 437099.0 ], [ 428629.0, 437098.75 ], [ 428629.25, 437098.75 ], [ 428629.25, 437098.5 ], [ 428629.75, 437098.5 ], [ 428629.75, 437098.25 ], [ 428630.0, 437098.25 ], [ 428630.0, 437098.0 ], [ 428630.5, 437098.0 ], [ 428630.5, 437097.75 ], [ 428630.75, 437097.75 ], [ 428630.75, 437097.5 ], [ 428631.25, 437097.5 ], [ 428631.25, 437097.25 ], [ 428631.5, 437097.25 ], [ 428631.5, 437097.0 ], [ 428632.0, 437097.0 ], [ 428632.0, 437096.75 ], [ 428632.5, 437096.75 ], [ 428632.5, 437096.5 ], [ 428633.0, 437096.5 ], [ 428633.0, 437096.25 ], [ 428633.5, 437096.25 ], [ 428633.5, 437096.0 ], [ 428634.0, 437096.0 ], [ 428634.0, 437095.75 ], [ 428634.5, 437095.75 ], [ 428634.5, 437095.5 ], [ 428635.0, 437095.5 ], [ 428635.0, 437095.25 ], [ 428635.5, 437095.25 ], [ 428635.5, 437095.0 ], [ 428635.75, 437095.0 ], [ 428635.75, 437094.75 ], [ 428636.0, 437094.75 ], [ 428636.0, 437094.5 ], [ 428636.25, 437094.5 ], [ 428636.25, 437094.25 ], [ 428636.75, 437094.25 ], [ 428636.75, 437094.0 ], [ 428637.0, 437094.0 ], [ 428637.0, 437093.75 ], [ 428637.25, 437093.75 ], [ 428637.25, 437093.5 ], [ 428637.5, 437093.5 ], [ 428637.5, 437093.25 ], [ 428638.0, 437093.25 ], [ 428638.0, 437093.0 ], [ 428638.5, 437093.0 ], [ 428638.5, 437092.75 ], [ 428640.0, 437092.75 ], [ 428640.0, 437059.25 ], [ 428640.300031869439408, 437059.25 ], [ 428637.710949163942132, 437056.008015759871341 ], [ 428642.286298882914707, 437052.653534751269035 ], [ 428645.645630419719964, 437056.568282529478893 ], [ 428651.531276501482353, 437052.064669859129936 ], [ 428652.268517539894674, 437053.0 ], [ 428652.5, 437053.0 ], [ 428652.5, 437052.75 ], [ 428653.0, 437052.75 ], [ 428653.0, 437052.5 ], [ 428653.25, 437052.5 ], [ 428653.25, 437052.0 ], [ 428653.5, 437052.0 ], [ 428653.5, 437051.75 ], [ 428653.75, 437051.75 ], [ 428653.75, 437051.5 ], [ 428654.0, 437051.5 ], [ 428654.0, 437050.75 ], [ 428654.25, 437050.75 ], [ 428654.25, 437050.25 ], [ 428654.0, 437050.25 ], [ 428654.0, 437049.5 ], [ 428653.75, 437049.5 ], [ 428653.75, 437049.0 ], [ 428653.5, 437049.0 ], [ 428653.5, 437048.75 ], [ 428653.25, 437048.75 ], [ 428653.25, 437048.5 ], [ 428653.0, 437048.5 ], [ 428653.0, 437048.0 ], [ 428652.75, 437048.0 ], [ 428652.75, 437047.75 ], [ 428652.5, 437047.75 ], [ 428652.5, 437047.25 ], [ 428652.25, 437047.25 ], [ 428652.25, 437047.0 ], [ 428652.0, 437047.0 ], [ 428652.0, 437046.5 ], [ 428651.75, 437046.5 ], [ 428651.75, 437046.25 ], [ 428651.5, 437046.25 ], [ 428651.5, 437046.0 ], [ 428651.25, 437046.0 ], [ 428651.25, 437045.5 ], [ 428651.0, 437045.5 ], [ 428651.0, 437045.25 ], [ 428650.75, 437045.25 ], [ 428650.75, 437045.0 ], [ 428650.5, 437045.0 ], [ 428650.5, 437044.75 ], [ 428650.0, 437044.75 ], [ 428650.0, 437044.5 ], [ 428649.75, 437044.5 ], [ 428649.75, 437044.25 ], [ 428649.25, 437044.25 ], [ 428649.25, 437044.0 ], [ 428648.75, 437044.0 ], [ 428648.75, 437043.75 ], [ 428648.5, 437043.75 ], [ 428648.5, 437043.5 ], [ 428648.25, 437043.5 ], [ 428648.25, 437043.25 ], [ 428648.0, 437043.25 ], [ 428648.0, 437042.75 ], [ 428647.75, 437042.75 ], [ 428647.75, 437042.0 ], [ 428647.5, 437042.0 ], [ 428647.5, 437041.25 ], [ 428647.25, 437041.25 ], [ 428647.25, 437040.75 ], [ 428647.0, 437040.75 ], [ 428647.0, 437039.75 ], [ 428646.75, 437039.75 ], [ 428646.75, 437039.0 ], [ 428646.5, 437039.0 ], [ 428646.5, 437038.5 ], [ 428646.25, 437038.5 ], [ 428646.25, 437038.25 ], [ 428646.0, 437038.25 ], [ 428646.0, 437037.75 ], [ 428645.75, 437037.75 ], [ 428645.75, 437037.5 ], [ 428645.5, 437037.5 ], [ 428645.5, 437037.25 ], [ 428645.25, 437037.25 ], [ 428645.25, 437037.0 ], [ 428645.0, 437037.0 ], [ 428645.0, 437036.75 ], [ 428644.75, 437036.75 ], [ 428644.75, 437036.5 ], [ 428644.25, 437036.5 ], [ 428644.25, 437036.25 ], [ 428644.0, 437036.25 ], [ 428644.0, 437036.0 ], [ 428643.75, 437036.0 ], [ 428643.75, 437035.75 ], [ 428643.25, 437035.75 ], [ 428643.25, 437035.5 ], [ 428642.75, 437035.5 ], [ 428642.75, 437035.25 ], [ 428642.25, 437035.25 ], [ 428642.25, 437035.0 ], [ 428641.5, 437035.0 ], [ 428641.5, 437034.75 ], [ 428641.0, 437034.75 ], [ 428641.0, 437035.0 ], [ 428640.0, 437035.0 ], [ 428640.0, 437024.0 ], [ 428638.75, 437024.0 ], [ 428638.75, 437024.25 ], [ 428638.25, 437024.25 ], [ 428638.25, 437024.0 ], [ 428637.5, 437024.0 ], [ 428637.5, 437023.75 ], [ 428637.25, 437023.75 ], [ 428637.25, 437023.5 ], [ 428637.0, 437023.5 ], [ 428637.0, 437023.25 ], [ 428636.75, 437023.25 ], [ 428636.75, 437023.0 ], [ 428635.5, 437023.0 ], [ 428635.5, 437023.25 ], [ 428634.75, 437023.25 ], [ 428634.75, 437023.5 ], [ 428634.25, 437023.5 ], [ 428634.25, 437023.75 ], [ 428633.25, 437023.75 ], [ 428633.25, 437023.5 ], [ 428632.75, 437023.5 ], [ 428632.75, 437023.25 ], [ 428632.0, 437023.25 ], [ 428632.0, 437023.0 ], [ 428630.5, 437023.0 ], [ 428630.5, 437023.25 ], [ 428630.25, 437023.25 ], [ 428630.25, 437023.5 ], [ 428630.0, 437023.5 ], [ 428630.0, 437023.75 ], [ 428629.75, 437023.75 ], [ 428629.75, 437024.0 ], [ 428629.5, 437024.0 ], [ 428629.5, 437024.25 ], [ 428629.25, 437024.25 ], [ 428629.25, 437024.75 ], [ 428629.0, 437024.75 ], [ 428629.0, 437025.25 ], [ 428628.75, 437025.25 ], [ 428628.75, 437025.75 ], [ 428628.5, 437025.75 ], [ 428628.5, 437026.5 ], [ 428628.25, 437026.5 ], [ 428628.25, 437027.5 ], [ 428628.0, 437027.5 ], [ 428628.0, 437028.0 ], [ 428627.75, 437028.0 ], [ 428627.75, 437028.25 ], [ 428627.5, 437028.25 ], [ 428627.5, 437028.75 ], [ 428627.25, 437028.75 ], [ 428627.25, 437029.5 ], [ 428627.0, 437029.5 ], [ 428627.0, 437030.0 ], [ 428626.75, 437030.0 ], [ 428626.75, 437030.25 ], [ 428626.5, 437030.25 ], [ 428626.5, 437030.5 ], [ 428626.25, 437030.5 ], [ 428626.25, 437031.0 ], [ 428626.0, 437031.0 ], [ 428626.0, 437031.5 ], [ 428625.75, 437031.5 ], [ 428625.75, 437031.75 ], [ 428625.5, 437031.75 ], [ 428625.5, 437032.25 ], [ 428625.25, 437032.25 ], [ 428625.25, 437032.5 ], [ 428625.0, 437032.5 ], [ 428625.0, 437033.0 ], [ 428624.75, 437033.0 ], [ 428624.75, 437033.5 ], [ 428624.5, 437033.5 ], [ 428624.5, 437033.75 ], [ 428624.25, 437033.75 ], [ 428624.25, 437034.25 ], [ 428624.0, 437034.25 ], [ 428624.0, 437034.5 ], [ 428623.75, 437034.5 ], [ 428623.75, 437035.0 ], [ 428623.5, 437035.0 ], [ 428623.5, 437035.25 ], [ 428623.25, 437035.25 ], [ 428623.25, 437035.5 ], [ 428623.0, 437035.5 ], [ 428623.0, 437035.75 ], [ 428622.75, 437035.75 ], [ 428622.75, 437036.0 ], [ 428622.5, 437036.0 ], [ 428622.5, 437036.25 ], [ 428622.25, 437036.25 ], [ 428622.25, 437036.5 ], [ 428621.75, 437036.5 ], [ 428621.75, 437036.75 ], [ 428620.75, 437036.75 ], [ 428620.75, 437037.0 ], [ 428620.0, 437037.0 ], [ 428620.0, 437037.25 ], [ 428619.5, 437037.25 ], [ 428619.5, 437037.5 ], [ 428619.25, 437037.5 ], [ 428619.25, 437037.75 ], [ 428618.75, 437037.75 ], [ 428618.75, 437038.0 ], [ 428618.25, 437038.0 ], [ 428618.25, 437038.25 ], [ 428618.0, 437038.25 ], [ 428618.0, 437038.5 ], [ 428617.75, 437038.5 ], [ 428617.75, 437038.75 ], [ 428617.5, 437038.75 ], [ 428617.5, 437039.25 ], [ 428617.25, 437039.25 ], [ 428617.25, 437040.5 ], [ 428617.0, 437040.5 ], [ 428617.0, 437041.0 ], [ 428616.75, 437041.0 ], [ 428616.75, 437041.75 ], [ 428616.5, 437041.75 ], [ 428616.5, 437042.0 ], [ 428616.25, 437042.0 ], [ 428616.25, 437042.5 ], [ 428616.0, 437042.5 ], [ 428616.0, 437043.0 ], [ 428615.75, 437043.0 ], [ 428615.75, 437043.5 ], [ 428615.5, 437043.5 ], [ 428615.5, 437044.0 ], [ 428615.25, 437044.0 ], [ 428615.25, 437044.5 ], [ 428615.0, 437044.5 ], [ 428615.0, 437046.25 ], [ 428614.75, 437046.25 ], [ 428614.75, 437046.75 ], [ 428615.0, 437046.75 ], [ 428615.0, 437047.5 ], [ 428615.25, 437047.5 ], [ 428615.25, 437048.75 ], [ 428615.5, 437048.75 ], [ 428615.5, 437050.0 ], [ 428615.75, 437050.0 ], [ 428615.75, 437050.75 ], [ 428616.0, 437050.75 ], [ 428616.0, 437051.5 ], [ 428616.25, 437051.5 ], [ 428616.25, 437052.0 ], [ 428616.5, 437052.0 ], [ 428616.5, 437052.5 ], [ 428616.75, 437052.5 ], [ 428616.75, 437053.25 ], [ 428617.0, 437053.25 ], [ 428617.0, 437053.75 ], [ 428617.25, 437053.75 ], [ 428617.25, 437054.25 ], [ 428617.5, 437054.25 ], [ 428617.5, 437054.75 ], [ 428617.75, 437054.75 ], [ 428617.75, 437055.0 ], [ 428618.0, 437055.0 ], [ 428618.0, 437055.25 ], [ 428618.25, 437055.25 ], [ 428618.25, 437055.5 ], [ 428618.5, 437055.5 ], [ 428618.5, 437055.75 ], [ 428618.75, 437055.75 ], [ 428618.75, 437056.25 ], [ 428619.0, 437056.25 ], [ 428619.0, 437056.5 ], [ 428619.25, 437056.5 ], [ 428619.25, 437057.0 ], [ 428619.5, 437057.0 ], [ 428619.5, 437057.25 ], [ 428619.75, 437057.25 ], [ 428619.75, 437057.5 ], [ 428620.0, 437057.5 ], [ 428620.0, 437058.0 ], [ 428620.25, 437058.0 ], [ 428620.25, 437058.5 ], [ 428620.5, 437058.5 ], [ 428620.5, 437059.0 ], [ 428620.75, 437059.0 ], [ 428620.75, 437059.25 ], [ 428621.0, 437059.25 ], [ 428621.0, 437059.5 ], [ 428621.25, 437059.5 ], [ 428621.25, 437060.0 ], [ 428621.5, 437060.0 ], [ 428621.5, 437060.5 ], [ 428621.75, 437060.5 ], [ 428621.75, 437060.75 ], [ 428622.0, 437060.75 ], [ 428622.0, 437061.0 ], [ 428622.25, 437061.0 ], [ 428622.25, 437061.5 ], [ 428622.5, 437061.5 ], [ 428622.5, 437062.25 ], [ 428622.75, 437062.25 ], [ 428622.75, 437063.0 ], [ 428623.0, 437063.0 ], [ 428623.0, 437064.363440462271683 ], [ 428623.097926160728093, 437064.5 ], [ 428623.25, 437064.5 ], [ 428623.25, 437064.712069308501668 ], [ 428624.626572119886987, 437066.631720308098011 ], [ 428624.0, 437067.103254751651548 ], [ 428624.0, 437067.25 ], [ 428624.25, 437067.25 ], [ 428624.25, 437067.5 ], [ 428624.5, 437067.5 ], [ 428624.5, 437068.25 ], [ 428624.25, 437068.25 ], [ 428624.25, 437068.75 ], [ 428624.0, 437068.75 ], [ 428624.0, 437069.0 ], [ 428623.75, 437069.0 ], [ 428623.75, 437069.25 ], [ 428623.0, 437069.25 ], [ 428623.0, 437069.5 ], [ 428622.75, 437069.5 ], [ 428622.75, 437069.75 ], [ 428622.5, 437069.75 ], [ 428622.5, 437070.0 ], [ 428622.25, 437070.0 ], [ 428622.25, 437070.592378765752073 ], [ 428626.180034935707226, 437067.698207087814808 ], [ 428633.373049967864063, 437078.690469280700199 ], [ 428600.25, 437102.946519885445014 ], [ 428600.25, 437104.0 ], [ 428598.811411540489644, 437104.0 ], [ 428598.595695173367858, 437104.157969363383017 ], [ 428598.483609746734146, 437104.0 ], [ 428594.75, 437104.0 ], [ 428594.75, 437106.25 ], [ 428595.0, 437106.25 ] ] ] } },
{ "type": "Feature", "properties": { }, "geometry": { "type": "Polygon", "coordinates": [ [ [ 428374.674040306010284, 437019.22448183724191 ], [ 428384.0, 437034.03986301261466 ], [ 428384.0, 437023.434963508858345 ], [ 428374.674040306010284, 437019.22448183724191 ] ] ] } },
{ "type": "Feature", "properties": { }, "geometry": { "type": "Polygon", "coordinates": [ [ [ 428349.5, 437081.0 ], [ 428349.5, 437080.75 ], [ 428350.0, 437080.75 ], [ 428350.0, 437080.5 ], [ 428350.447782492788974, 437080.5 ], [ 428350.75, 437080.300909458834212 ], [ 428350.75, 437080.25 ], [ 428350.827280063938815, 437080.25 ], [ 428351.0, 437080.136218022729736 ], [ 428351.0, 437080.0 ], [ 428351.206777635030448, 437080.0 ], [ 428351.5, 437079.806835150404368 ], [ 428351.5, 437079.75 ], [ 428351.586275206180289, 437079.75 ], [ 428360.15640714217443, 437074.104290654300712 ], [ 428361.616927799361292, 437073.134000897174701 ], [ 428357.918620921729598, 437067.548454180476256 ], [ 428362.062164004251827, 437064.81416687311139 ], [ 428365.995263747056015, 437070.75718069402501 ], [ 428377.75, 437063.018161187006626 ], [ 428377.75, 437063.0 ], [ 428377.777584885014221, 437063.0 ], [ 428378.5, 437062.524380254326388 ], [ 428378.5, 437062.5 ], [ 428378.537030977779068, 437062.5 ], [ 428378.75, 437062.359786610119045 ], [ 428378.75, 437062.25 ], [ 428378.916754024161492, 437062.25 ], [ 428379.0, 437062.195192965911701 ], [ 428379.0, 437062.0 ], [ 428379.25, 437062.0 ], [ 428379.25, 437061.940544852463063 ], [ 428374.804004253877793, 437055.222412931383587 ], [ 428368.928982374840416, 437059.103359159780666 ], [ 428366.972236205241643, 437056.143036326044239 ], [ 428372.510168209904805, 437052.493702406878583 ], [ 428360.384610938897822, 437034.184248926118016 ], [ 428354.655050567118451, 437037.954828905058093 ], [ 428352.815685543464497, 437035.173243776196614 ], [ 428358.168596064322628, 437031.645164545741864 ], [ 428348.136783832102083, 437016.486039746087044 ], [ 428342.28161658969475, 437020.34488675405737 ], [ 428339.855169228510931, 437016.680776327499188 ], [ 428345.697107770829462, 437012.832972706761211 ], [ 428344.815117026737425, 437011.5 ], [ 428341.25, 437011.5 ], [ 428341.25, 437011.75 ], [ 428341.0, 437011.75 ], [ 428341.0, 437012.0 ], [ 428340.75, 437012.0 ], [ 428340.75, 437012.25 ], [ 428340.0, 437012.25 ], [ 428340.0, 437012.5 ], [ 428339.5, 437012.5 ], [ 428339.5, 437012.75 ], [ 428339.25, 437012.75 ], [ 428339.25, 437013.0 ], [ 428339.0, 437013.0 ], [ 428339.0, 437013.25 ], [ 428338.75, 437013.25 ], [ 428338.75, 437013.5 ], [ 428338.25, 437013.5 ], [ 428338.25, 437013.75 ], [ 428337.75, 437013.75 ], [ 428337.75, 437014.0 ], [ 428337.25, 437014.0 ], [ 428337.25, 437014.25 ], [ 428337.0, 437014.25 ], [ 428337.0, 437014.5 ], [ 428336.75, 437014.5 ], [ 428336.75, 437014.75 ], [ 428336.5, 437014.75 ], [ 428336.5, 437015.0 ], [ 428336.0, 437015.0 ], [ 428336.0, 437015.25 ], [ 428335.75, 437015.25 ], [ 428335.75, 437015.5 ], [ 428335.25, 437015.5 ], [ 428335.25, 437015.75 ], [ 428335.0, 437015.75 ], [ 428335.0, 437016.0 ], [ 428334.75, 437016.0 ], [ 428334.75, 437016.25 ], [ 428334.5, 437016.25 ], [ 428334.5, 437016.5 ], [ 428334.25, 437016.5 ], [ 428334.25, 437016.75 ], [ 428334.0, 437016.75 ], [ 428334.0, 437017.0 ], [ 428333.5, 437017.0 ], [ 428333.5, 437017.25 ], [ 428333.25, 437017.25 ], [ 428333.25, 437017.75 ], [ 428333.0, 437017.75 ], [ 428333.0, 437018.25 ], [ 428332.75, 437018.25 ], [ 428332.75, 437018.75 ], [ 428332.5, 437018.75 ], [ 428332.5, 437019.25 ], [ 428332.25, 437019.25 ], [ 428332.25, 437019.75 ], [ 428332.0, 437019.75 ], [ 428332.0, 437020.0 ], [ 428331.75, 437020.0 ], [ 428331.75, 437020.5 ], [ 428331.5, 437020.5 ], [ 428331.5, 437020.75 ], [ 428331.25, 437020.75 ], [ 428331.25, 437022.25 ], [ 428331.5, 437022.25 ], [ 428331.5, 437022.75 ], [ 428331.75, 437022.75 ], [ 428331.75, 437023.25 ], [ 428332.0, 437023.25 ], [ 428332.0, 437023.5 ], [ 428332.25, 437023.5 ], [ 428332.25, 437025.25 ], [ 428332.5, 437025.25 ], [ 428332.5, 437026.25 ], [ 428332.75, 437026.25 ], [ 428332.75, 437027.5 ], [ 428333.0, 437027.5 ], [ 428333.0, 437028.75 ], [ 428333.25, 437028.75 ], [ 428333.25, 437029.5 ], [ 428333.5, 437029.5 ], [ 428333.5, 437029.75 ], [ 428333.75, 437029.75 ], [ 428333.75, 437030.0 ], [ 428334.25, 437030.0 ], [ 428334.25, 437030.5 ], [ 428334.5, 437030.5 ], [ 428334.5, 437030.75 ], [ 428335.0, 437030.75 ], [ 428335.0, 437031.25 ], [ 428335.25, 437031.25 ], [ 428335.25, 437031.5 ], [ 428335.5, 437031.5 ], [ 428335.5, 437032.0 ], [ 428335.75, 437032.0 ], [ 428335.75, 437032.5 ], [ 428336.0, 437032.5 ], [ 428336.0, 437032.75 ], [ 428336.25, 437032.75 ], [ 428336.25, 437033.5 ], [ 428336.5, 437033.5 ], [ 428336.5, 437035.0 ], [ 428336.263798752450384, 437035.0 ], [ 428337.841586961585563, 437037.285775926196948 ], [ 428325.0, 437046.247673915699124 ], [ 428325.0, 437046.25 ], [ 428324.996666932187509, 437046.25 ], [ 428324.75, 437046.422144135285635 ], [ 428324.75, 437046.5 ], [ 428324.638439607573673, 437046.5 ], [ 428324.0, 437046.945554794161581 ], [ 428324.0, 437047.0 ], [ 428323.921984958287794, 437047.0 ], [ 428323.75, 437047.120025013748091 ], [ 428323.75, 437047.25 ], [ 428323.563757633673958, 437047.25 ], [ 428323.5, 437047.294495233392809 ], [ 428323.5, 437047.5 ], [ 428323.25, 437047.5 ], [ 428323.25, 437047.75 ], [ 428322.847302984388079, 437047.75 ], [ 428322.75, 437047.817905892210547 ], [ 428322.75, 437048.0 ], [ 428322.489075659774244, 437048.0 ], [ 428322.25, 437048.166846331441775 ], [ 428322.25, 437048.25 ], [ 428322.130848335102201, 437048.25 ], [ 428322.0, 437048.341316551086493 ], [ 428322.0, 437048.5 ], [ 428321.772621010488365, 437048.5 ], [ 428321.5, 437048.690256990317721 ], [ 428321.5, 437048.75 ], [ 428321.414393685874529, 437048.75 ], [ 428321.25, 437048.864727209904231 ], [ 428321.25, 437049.0 ], [ 428321.056166361260694, 437049.0 ], [ 428320.75, 437049.213667649135459 ], [ 428320.75, 437049.25 ], [ 428320.69793903658865, 437049.25 ], [ 428320.0, 437049.737078307953198 ], [ 428320.0, 437049.75 ], [ 428319.981484387360979, 437049.75 ], [ 428319.75, 437049.911548527597915 ], [ 428319.75, 437050.0 ], [ 428319.623257062688936, 437050.0 ], [ 428319.5, 437050.086018747184426 ], [ 428319.5, 437050.25 ], [ 428319.2650297380751, 437050.25 ], [ 428319.25, 437050.260488966829143 ], [ 428319.25, 437050.5 ], [ 428319.0, 437050.5 ], [ 428319.0, 437050.75 ], [ 428318.75, 437050.75 ], [ 428318.75, 437051.0 ], [ 428318.25, 437051.0 ], [ 428318.25, 437051.25 ], [ 428318.0, 437051.25 ], [ 428318.0, 437051.5 ], [ 428317.5, 437051.5 ], [ 428317.5, 437051.75 ], [ 428317.25, 437051.75 ], [ 428317.25, 437052.0 ], [ 428316.757438465661835, 437052.0 ], [ 428316.75, 437052.005191162927076 ], [ 428316.75, 437052.25 ], [ 428316.5, 437052.25 ], [ 428316.5, 437052.5 ], [ 428316.040983816375956, 437052.5 ], [ 428316.0, 437052.528601821803022 ], [ 428316.0, 437052.75 ], [ 428315.75, 437052.75 ], [ 428315.75, 437053.0 ], [ 428315.5, 437053.0 ], [ 428315.5, 437053.25 ], [ 428315.0, 437053.25 ], [ 428315.0, 437053.5 ], [ 428314.75, 437053.5 ], [ 428314.75, 437053.75 ], [ 428314.5, 437053.75 ], [ 428314.5, 437054.0 ], [ 428314.25, 437054.0 ], [ 428314.25, 437054.25 ], [ 428314.0, 437054.25 ], [ 428314.0, 437054.5 ], [ 428313.75, 437054.5 ], [ 428313.75, 437055.75 ], [ 428313.5, 437055.75 ], [ 428313.5, 437056.75 ], [ 428313.25, 437056.75 ], [ 428313.25, 437058.25 ], [ 428313.5, 437058.25 ], [ 428313.5, 437058.5 ], [ 428313.75, 437058.5 ], [ 428313.75, 437058.25 ], [ 428314.25, 437058.25 ], [ 428314.25, 437057.75 ], [ 428314.5, 437057.75 ], [ 428314.5, 437058.0 ], [ 428315.0, 437058.0 ], [ 428315.0, 437058.25 ], [ 428316.5, 437058.25 ], [ 428316.5, 437058.5 ], [ 428317.0, 437058.5 ], [ 428317.0, 437058.75 ], [ 428317.556444731948432, 437058.75 ], [ 428326.735904452798422, 437051.633095803961623 ], [ 428326.967978974978905, 437051.463616156717762 ], [ 428347.418138573295437, 437037.412178087048233 ], [ 428353.081224452820607, 437045.654111010953784 ], [ 428332.749538295727689, 437059.624145206238609 ], [ 428321.0, 437068.73365066095721 ], [ 428321.0, 437069.511072705849074 ], [ 428323.090262867277488, 437072.5 ], [ 428323.25, 437072.5 ], [ 428323.25, 437072.728412743366789 ], [ 428323.265096734219696, 437072.75 ], [ 428323.5, 437072.75 ], [ 428323.5, 437073.0 ], [ 428323.75, 437073.0 ], [ 428323.75, 437073.25 ], [ 428324.25, 437073.25 ], [ 428324.25, 437073.5 ], [ 428324.5, 437073.5 ], [ 428324.5, 437073.75 ], [ 428324.75, 437073.75 ], [ 428324.75, 437074.0 ], [ 428325.0, 437074.0 ], [ 428325.0, 437074.5 ], [ 428325.25, 437074.5 ], [ 428325.25, 437074.75 ], [ 428325.5, 437074.75 ], [ 428325.5, 437075.0 ], [ 428326.5, 437075.0 ], [ 428326.5, 437075.25 ], [ 428327.5, 437075.25 ], [ 428327.5, 437075.5 ], [ 428327.75, 437075.5 ], [ 428327.75, 437075.75 ], [ 428328.25, 437075.75 ], [ 428328.25, 437076.0 ], [ 428329.75, 437076.0 ], [ 428329.75, 437076.25 ], [ 428330.5, 437076.25 ], [ 428330.5, 437076.5 ], [ 428330.75, 437076.5 ], [ 428330.75, 437076.75 ], [ 428331.0, 437076.75 ], [ 428331.0, 437077.25 ], [ 428331.25, 437077.25 ], [ 428331.25, 437077.5 ], [ 428331.5, 437077.5 ], [ 428331.5, 437077.75 ], [ 428331.75, 437077.75 ], [ 428331.75, 437078.0 ], [ 428332.0, 437078.0 ], [ 428332.0, 437078.25 ], [ 428332.5, 437078.25 ], [ 428332.5, 437078.75 ], [ 428332.75, 437078.75 ], [ 428332.75, 437079.0 ], [ 428333.0, 437079.0 ], [ 428333.0, 437079.25 ], [ 428333.25, 437079.25 ], [ 428333.25, 437079.5 ], [ 428333.75, 437079.5 ], [ 428333.75, 437079.75 ], [ 428334.25, 437079.75 ], [ 428334.25, 437080.0 ], [ 428335.0, 437080.0 ], [ 428335.0, 437080.25 ], [ 428337.0, 437080.25 ], [ 428337.0, 437080.5 ], [ 428339.25, 437080.5 ], [ 428339.25, 437080.25 ], [ 428340.216143683996052, 437080.25 ], [ 428339.830050063785166, 437079.667011404060759 ], [ 428343.947109712113161, 437076.954800910898484 ], [ 428346.458212238387205, 437080.75 ], [ 428347.0, 437080.75 ], [ 428347.0, 437081.0 ], [ 428349.5, 437081.0 ] ] ] } },
{ "type": "Feature", "properties": { }, "geometry": { "type": "Polygon", "coordinates": [ [ [ 428504.0, 437003.75 ], [ 428504.0, 437004.0 ], [ 428503.75, 437004.0 ], [ 428503.75, 437004.25 ], [ 428503.25, 437004.25 ], [ 428503.25, 437004.5 ], [ 428502.75, 437004.5 ], [ 428502.75, 437004.75 ], [ 428502.5, 437004.75 ], [ 428502.5, 437005.0 ], [ 428502.25, 437005.0 ], [ 428502.25, 437005.25 ], [ 428502.0, 437005.25 ], [ 428502.0, 437005.5 ], [ 428501.75, 437005.5 ], [ 428501.75, 437005.75 ], [ 428501.5, 437005.75 ], [ 428501.5, 437006.0 ], [ 428501.25, 437006.0 ], [ 428501.25, 437006.25 ], [ 428501.0, 437006.25 ], [ 428501.0, 437006.75 ], [ 428500.75, 437006.75 ], [ 428500.75, 437007.25 ], [ 428500.5, 437007.25 ], [ 428500.5, 437008.25 ], [ 428500.25, 437008.25 ], [ 428500.25, 437010.0 ], [ 428500.0, 437010.0 ], [ 428500.0, 437010.75 ], [ 428499.75, 437010.75 ], [ 428499.75, 437011.0 ], [ 428499.5, 437011.0 ], [ 428499.5, 437011.5 ], [ 428499.25, 437011.5 ], [ 428499.25, 437012.25 ], [ 428499.0, 437012.25 ], [ 428499.0, 437012.75 ], [ 428498.75, 437012.75 ], [ 428498.75, 437013.0 ], [ 428498.5, 437013.0 ], [ 428498.5, 437013.5 ], [ 428498.25, 437013.5 ], [ 428498.25, 437013.75 ], [ 428498.0, 437013.75 ], [ 428498.0, 437014.25 ], [ 428497.75, 437014.25 ], [ 428497.75, 437014.5 ], [ 428497.5, 437014.5 ], [ 428497.5, 437015.0 ], [ 428497.25, 437015.0 ], [ 428497.25, 437015.75 ], [ 428497.0, 437015.75 ], [ 428497.0, 437016.25 ], [ 428496.75, 437016.25 ], [ 428496.75, 437016.75 ], [ 428496.5, 437016.75 ], [ 428496.5, 437017.0 ], [ 428496.25, 437017.0 ], [ 428496.25, 437017.5 ], [ 428496.0, 437017.5 ], [ 428496.0, 437018.0 ], [ 428495.75, 437018.0 ], [ 428495.75, 437018.25 ], [ 428495.5, 437018.25 ], [ 428495.5, 437018.75 ], [ 428495.25, 437018.75 ], [ 428495.25, 437020.75 ], [ 428495.0, 437020.75 ], [ 428495.0, 437021.25 ], [ 428494.75, 437021.25 ], [ 428494.75, 437021.5 ], [ 428495.0, 437021.5 ], [ 428495.0, 437021.75 ], [ 428495.25, 437021.75 ], [ 428495.25, 437022.5 ], [ 428495.5, 437022.5 ], [ 428495.5, 437023.25 ], [ 428495.75, 437023.25 ], [ 428495.75, 437023.75 ], [ 428496.0, 437023.75 ], [ 428496.0, 437024.5 ], [ 428496.25, 437024.5 ], [ 428496.25, 437025.5 ], [ 428496.5, 437025.5 ], [ 428496.5, 437025.75 ], [ 428496.75, 437025.75 ], [ 428496.75, 437026.25 ], [ 428497.0, 437026.25 ], [ 428497.0, 437026.75 ], [ 428497.25, 437026.75 ], [ 428497.25, 437027.5 ], [ 428497.5, 437027.5 ], [ 428497.5, 437027.75 ], [ 428497.75, 437027.75 ], [ 428497.75, 437028.0 ], [ 428498.0, 437028.0 ], [ 428498.0, 437028.5 ], [ 428498.25, 437028.5 ], [ 428498.25, 437028.75 ], [ 428498.5, 437028.75 ], [ 428498.5, 437029.0 ], [ 428498.75, 437029.0 ], [ 428498.75, 437029.25 ], [ 428499.0, 437029.25 ], [ 428499.0, 437029.5 ], [ 428499.25, 437029.5 ], [ 428499.25, 437029.75 ], [ 428499.5, 437029.75 ], [ 428499.5, 437030.0 ], [ 428500.0, 437030.0 ], [ 428500.0, 437030.5 ], [ 428500.25, 437030.5 ], [ 428500.25, 437030.75 ], [ 428500.5, 437030.75 ], [ 428500.5, 437031.0 ], [ 428500.75, 437031.0 ], [ 428500.75, 437031.5 ], [ 428501.0, 437031.5 ], [ 428501.0, 437031.75 ], [ 428501.25, 437031.75 ], [ 428501.25, 437032.25 ], [ 428501.5, 437032.25 ], [ 428501.5, 437032.5 ], [ 428501.75, 437032.5 ], [ 428501.75, 437032.75 ], [ 428502.0, 437032.75 ], [ 428502.0, 437033.0 ], [ 428502.25, 437033.0 ], [ 428502.25, 437033.5 ], [ 428504.5, 437033.5 ], [ 428504.5, 437033.75 ], [ 428505.75, 437033.75 ], [ 428505.75, 437034.25 ], [ 428506.0, 437034.25 ], [ 428506.0, 437035.5 ], [ 428506.25, 437035.5 ], [ 428506.25, 437037.0 ], [ 428506.5, 437037.0 ], [ 428506.5, 437037.5 ], [ 428506.75, 437037.5 ], [ 428506.75, 437037.75 ], [ 428507.0, 437037.75 ], [ 428507.0, 437038.0 ], [ 428507.25, 437038.0 ], [ 428507.25, 437038.25 ], [ 428507.5, 437038.25 ], [ 428507.5, 437038.5 ], [ 428507.75, 437038.5 ], [ 428507.75, 437038.75 ], [ 428508.0, 437038.75 ], [ 428508.0, 437039.0 ], [ 428508.25, 437039.0 ], [ 428508.25, 437039.25 ], [ 428508.75, 437039.25 ], [ 428508.75, 437039.5 ], [ 428509.25, 437039.5 ], [ 428509.25, 437039.75 ], [ 428509.75, 437039.75 ], [ 428509.75, 437040.0 ], [ 428512.0, 437040.0 ], [ 428512.0, 437037.5 ], [ 428514.0, 437037.5 ], [ 428514.0, 437037.75 ], [ 428514.75, 437037.75 ], [ 428514.75, 437038.0 ], [ 428515.5, 437038.0 ], [ 428515.5, 437038.25 ], [ 428516.0, 437038.25 ], [ 428516.0, 437038.5 ], [ 428516.25, 437038.5 ], [ 428516.25, 437038.75 ], [ 428516.5, 437038.75 ], [ 428516.5, 437039.0 ], [ 428517.0, 437039.0 ], [ 428517.0, 437039.25 ], [ 428517.5, 437039.25 ], [ 428517.5, 437039.5 ], [ 428518.0, 437039.5 ], [ 428518.0, 437039.75 ], [ 428518.25, 437039.75 ], [ 428518.25, 437040.0 ], [ 428518.75, 437040.0 ], [ 428518.75, 437040.25 ], [ 428519.0, 437040.25 ], [ 428519.0, 437040.5 ], [ 428519.25, 437040.5 ], [ 428519.25, 437040.75 ], [ 428519.5, 437040.75 ], [ 428519.5, 437041.25 ], [ 428519.75, 437041.25 ], [ 428519.75, 437041.75 ], [ 428520.0, 437041.75 ], [ 428520.0, 437045.25 ], [ 428520.25, 437045.25 ], [ 428520.25, 437045.75 ], [ 428520.5, 437045.75 ], [ 428520.5, 437046.0 ], [ 428520.75, 437046.0 ], [ 428520.75, 437046.25 ], [ 428521.0, 437046.25 ], [ 428521.0, 437046.5 ], [ 428521.25, 437046.5 ], [ 428521.25, 437046.75 ], [ 428521.75, 437046.75 ], [ 428521.75, 437047.0 ], [ 428522.5, 437047.0 ], [ 428522.5, 437047.25 ], [ 428523.0, 437047.25 ], [ 428523.0, 437047.5 ], [ 428523.5, 437047.5 ], [ 428523.5, 437047.75 ], [ 428524.25, 437047.75 ], [ 428524.25, 437048.0 ], [ 428524.75, 437048.0 ], [ 428524.75, 437048.25 ], [ 428525.25, 437048.25 ], [ 428525.25, 437048.5 ], [ 428525.75, 437048.5 ], [ 428525.75, 437048.75 ], [ 428526.25, 437048.75 ], [ 428526.25, 437049.0 ], [ 428528.25, 437049.0 ], [ 428528.25, 437049.25 ], [ 428528.5, 437049.25 ], [ 428528.5, 437049.0 ], [ 428530.25, 437049.0 ], [ 428530.25, 437049.25 ], [ 428530.75, 437049.25 ], [ 428530.75, 437049.5 ], [ 428531.0, 437049.5 ], [ 428531.0, 437050.0 ], [ 428531.25, 437050.0 ], [ 428531.25, 437050.25 ], [ 428531.5, 437050.25 ], [ 428531.5, 437050.75 ], [ 428531.75, 437050.75 ], [ 428531.75, 437051.25 ], [ 428532.0, 437051.25 ], [ 428532.0, 437051.5 ], [ 428532.25, 437051.5 ], [ 428532.25, 437052.0 ], [ 428532.5, 437052.0 ], [ 428532.5, 437052.25 ], [ 428532.75, 437052.25 ], [ 428532.75, 437052.5 ], [ 428533.5, 437052.5 ], [ 428533.5, 437052.75 ], [ 428533.75, 437052.75 ], [ 428533.75, 437053.0 ], [ 428534.25, 437053.0 ], [ 428534.25, 437053.25 ], [ 428534.75, 437053.25 ], [ 428534.75, 437053.5 ], [ 428535.0, 437053.5 ], [ 428535.0, 437054.0 ], [ 428535.5, 437054.0 ], [ 428535.5, 437054.25 ], [ 428535.75, 437054.25 ], [ 428535.75, 437054.5 ], [ 428536.0, 437054.5 ], [ 428536.0, 437054.75 ], [ 428536.25, 437054.75 ], [ 428536.25, 437055.5 ], [ 428536.5, 437055.5 ], [ 428536.5, 437056.0 ], [ 428536.75, 437056.0 ], [ 428536.75, 437056.25 ], [ 428537.0, 437056.25 ], [ 428537.0, 437056.75 ], [ 428537.5, 437056.75 ], [ 428537.5, 437057.0 ], [ 428537.75, 437057.0 ], [ 428537.75, 437056.75 ], [ 428538.75, 437056.75 ], [ 428538.75, 437057.0 ], [ 428540.25, 437057.0 ], [ 428540.25, 437057.25 ], [ 428542.75, 437057.25 ], [ 428542.75, 437057.5 ], [ 428543.0, 437057.5 ], [ 428543.0, 437057.75 ], [ 428543.5, 437057.75 ], [ 428543.5, 437058.0 ], [ 428544.0, 437058.0 ], [ 428544.0, 437058.25 ], [ 428544.75, 437058.25 ], [ 428544.75, 437058.5 ], [ 428549.5, 437058.5 ], [ 428549.5, 437058.25 ], [ 428550.0, 437058.25 ], [ 428550.0, 437058.0 ], [ 428550.5, 437058.0 ], [ 428550.5, 437057.75 ], [ 428550.75, 437057.75 ], [ 428550.75, 437057.5 ], [ 428551.25, 437057.5 ], [ 428551.25, 437057.25 ], [ 428551.75, 437057.25 ], [ 428551.75, 437057.0 ], [ 428552.0, 437057.0 ], [ 428552.0, 437056.75 ], [ 428552.5, 437056.75 ], [ 428552.5, 437056.5 ], [ 428553.0, 437056.5 ], [ 428553.0, 437056.25 ], [ 428553.5, 437056.25 ], [ 428553.5, 437056.0 ], [ 428554.0, 437056.0 ], [ 428554.0, 437055.75 ], [ 428554.5, 437055.75 ], [ 428554.5, 437055.5 ], [ 428554.75, 437055.5 ], [ 428554.75, 437055.25 ], [ 428555.0, 437055.25 ], [ 428555.0, 437055.0 ], [ 428555.5, 437055.0 ], [ 428555.5, 437054.75 ], [ 428555.75, 437054.75 ], [ 428555.75, 437054.5 ], [ 428556.0, 437054.5 ], [ 428556.0, 437054.25 ], [ 428556.25, 437054.25 ], [ 428556.25, 437053.75 ], [ 428556.5, 437053.75 ], [ 428556.5, 437053.5 ], [ 428556.75, 437053.5 ], [ 428556.75, 437053.25 ], [ 428557.0, 437053.25 ], [ 428557.0, 437052.75 ], [ 428557.25, 437052.75 ], [ 428557.25, 437052.5 ], [ 428557.5, 437052.5 ], [ 428557.5, 437052.25 ], [ 428557.75, 437052.25 ], [ 428557.75, 437051.75 ], [ 428558.0, 437051.75 ], [ 428558.0, 437051.5 ], [ 428558.25, 437051.5 ], [ 428558.25, 437051.0 ], [ 428558.5, 437051.0 ], [ 428558.5, 437050.75 ], [ 428558.75, 437050.75 ], [ 428558.75, 437050.25 ], [ 428559.0, 437050.25 ], [ 428559.0, 437049.5 ], [ 428559.25, 437049.5 ], [ 428559.25, 437049.0 ], [ 428559.5, 437049.0 ], [ 428559.5, 437048.25 ], [ 428559.75, 437048.25 ], [ 428559.75, 437047.5 ], [ 428560.0, 437047.5 ], [ 428560.0, 437046.75 ], [ 428560.25, 437046.75 ], [ 428560.25, 437046.0 ], [ 428560.5, 437046.0 ], [ 428560.5, 437042.5 ], [ 428560.25, 437042.5 ], [ 428560.25, 437041.75 ], [ 428560.0, 437041.75 ], [ 428560.0, 437041.305208536388818 ], [ 428558.108361244143452, 437043.750960117438808 ], [ 428545.840721113898326, 437034.841941095306538 ], [ 428533.91108370712027, 437025.545587914995849 ], [ 428521.444246897473931, 437015.823196946410462 ], [ 428508.938069074822124, 437006.067221632809378 ], [ 428505.645833993563429, 437003.5 ], [ 428504.5, 437003.5 ], [ 428504.5, 437003.75 ], [ 428504.0, 437003.75 ] ] ] } },
{ "type": "Feature", "properties": { }, "geometry": { "type": "Polygon", "coordinates": [ [ [ 428768.75, 437101.0 ], [ 428769.75, 437101.0 ], [ 428769.75, 437101.25 ], [ 428770.5, 437101.25 ], [ 428770.5, 437101.5 ], [ 428770.75, 437101.5 ], [ 428770.75, 437102.75 ], [ 428771.0, 437102.75 ], [ 428771.0, 437103.25 ], [ 428771.5, 437103.25 ], [ 428771.5, 437104.0 ], [ 428821.039111649210099, 437104.0 ], [ 428821.158576145360712, 437093.114410984795541 ], [ 428766.155150255304761, 437000.5 ], [ 428765.75, 437000.5 ], [ 428765.75, 437000.75 ], [ 428765.0, 437000.75 ], [ 428765.0, 437001.0 ], [ 428764.25, 437001.0 ], [ 428764.25, 437001.25 ], [ 428763.5, 437001.25 ], [ 428763.5, 437001.5 ], [ 428763.0, 437001.5 ], [ 428763.0, 437001.75 ], [ 428762.25, 437001.75 ], [ 428762.25, 437002.0 ], [ 428761.5, 437002.0 ], [ 428761.5, 437002.25 ], [ 428761.0, 437002.25 ], [ 428761.0, 437002.5 ], [ 428760.5, 437002.5 ], [ 428760.5, 437002.75 ], [ 428760.25, 437002.75 ], [ 428760.25, 437003.0 ], [ 428760.0, 437003.0 ], [ 428760.0, 437003.25 ], [ 428759.5, 437003.25 ], [ 428759.5, 437003.5 ], [ 428759.0, 437003.5 ], [ 428759.0, 437003.75 ], [ 428758.75, 437003.75 ], [ 428758.75, 437004.0 ], [ 428758.5, 437004.0 ], [ 428758.5, 437004.25 ], [ 428758.0, 437004.25 ], [ 428758.0, 437004.5 ], [ 428757.25, 437004.5 ], [ 428757.25, 437004.75 ], [ 428757.0, 437004.75 ], [ 428757.0, 437005.0 ], [ 428756.5, 437005.0 ], [ 428756.5, 437005.25 ], [ 428754.75, 437005.25 ], [ 428754.75, 437005.5 ], [ 428753.25, 437005.5 ], [ 428753.25, 437005.75 ], [ 428752.75, 437005.75 ], [ 428752.75, 437006.0 ], [ 428752.25, 437006.0 ], [ 428752.25, 437006.25 ], [ 428751.75, 437006.25 ], [ 428751.75, 437006.5 ], [ 428751.0, 437006.5 ], [ 428751.0, 437006.75 ], [ 428750.5, 437006.75 ], [ 428750.5, 437007.0 ], [ 428750.25, 437007.0 ], [ 428750.25, 437007.25 ], [ 428749.5, 437007.25 ], [ 428749.5, 437007.5 ], [ 428749.0, 437007.5 ], [ 428749.0, 437007.75 ], [ 428748.5, 437007.75 ], [ 428748.5, 437008.0 ], [ 428748.0, 437008.0 ], [ 428748.0, 437008.25 ], [ 428747.25, 437008.25 ], [ 428747.25, 437008.5 ], [ 428746.474002444068901, 437008.5 ], [ 428746.25, 437008.626251891255379 ], [ 428746.25, 437008.75 ], [ 428746.03043989255093, 437008.75 ], [ 428743.5, 437010.176202394533902 ], [ 428743.5, 437010.25 ], [ 428743.36906458332669, 437010.25 ], [ 428743.0, 437010.458011576964054 ], [ 428743.0, 437010.5 ], [ 428742.925502031808719, 437010.5 ], [ 428742.75, 437010.598916168208234 ], [ 428742.75, 437010.75 ], [ 428742.481939480290748, 437010.75 ], [ 428742.25, 437010.880725350580178 ], [ 428742.25, 437011.0 ], [ 428742.03837692871457, 437011.0 ], [ 428741.75, 437011.16253453301033 ], [ 428741.75, 437011.25 ], [ 428741.594814377196599, 437011.25 ], [ 428741.25, 437011.444343715440482 ], [ 428741.25, 437011.5 ], [ 428741.151251825678628, 437011.5 ], [ 428735.525214886758476, 437014.670937740011141 ], [ 428727.212212173792068, 437000.0 ], [ 428704.512212919536978, 437000.0 ], [ 428696.43111095164204, 437004.411345563887153 ], [ 428692.0, 437006.829386786615942 ], [ 428692.0, 437007.0 ], [ 428691.75, 437007.0 ], [ 428691.75, 437007.25 ], [ 428691.5, 437007.25 ], [ 428691.5, 437007.5 ], [ 428691.25, 437007.5 ], [ 428691.25, 437007.75 ], [ 428691.0, 437007.75 ], [ 428691.0, 437008.0 ], [ 428690.75, 437008.0 ], [ 428690.75, 437008.25 ], [ 428690.25, 437008.25 ], [ 428690.25, 437008.5 ], [ 428690.0, 437008.5 ], [ 428690.0, 437009.0 ], [ 428689.75, 437009.0 ], [ 428689.75, 437009.25 ], [ 428689.5, 437009.25 ], [ 428689.5, 437009.5 ], [ 428689.25, 437009.5 ], [ 428689.25, 437010.0 ], [ 428689.0, 437010.0 ], [ 428689.0, 437010.5 ], [ 428688.75, 437010.5 ], [ 428688.75, 437015.0 ], [ 428689.0, 437015.0 ], [ 428689.0, 437016.0 ], [ 428689.25, 437016.0 ], [ 428689.25, 437016.75 ], [ 428689.5, 437016.75 ], [ 428689.5, 437017.5 ], [ 428689.75, 437017.5 ], [ 428689.75, 437018.25 ], [ 428690.0, 437018.25 ], [ 428690.0, 437018.75 ], [ 428690.25, 437018.75 ], [ 428690.25, 437019.0 ], [ 428690.5, 437019.0 ], [ 428690.5, 437019.5 ], [ 428690.75, 437019.5 ], [ 428690.75, 437019.75 ], [ 428691.0, 437019.75 ], [ 428691.0, 437020.25 ], [ 428691.25, 437020.25 ], [ 428691.25, 437020.5 ], [ 428691.5, 437020.5 ], [ 428691.5, 437021.0 ], [ 428691.75, 437021.0 ], [ 428691.75, 437021.5 ], [ 428692.0, 437021.5 ], [ 428692.0, 437021.75 ], [ 428692.25, 437021.75 ], [ 428692.25, 437022.25 ], [ 428692.5, 437022.25 ], [ 428692.5, 437022.5 ], [ 428692.75, 437022.5 ], [ 428692.75, 437023.0 ], [ 428693.0, 437023.0 ], [ 428693.0, 437023.25 ], [ 428693.25, 437023.25 ], [ 428693.25, 437023.75 ], [ 428693.5, 437023.75 ], [ 428693.5, 437024.25 ], [ 428693.75, 437024.25 ], [ 428693.75, 437024.5 ], [ 428694.0, 437024.5 ], [ 428694.0, 437025.0 ], [ 428694.25, 437025.0 ], [ 428694.25, 437025.25 ], [ 428694.5, 437025.25 ], [ 428694.5, 437025.75 ], [ 428694.75, 437025.75 ], [ 428694.75, 437026.25 ], [ 428695.0, 437026.25 ], [ 428695.0, 437026.75 ], [ 428695.25, 437026.75 ], [ 428695.25, 437027.0 ], [ 428695.5, 437027.0 ], [ 428695.5, 437027.5 ], [ 428695.75, 437027.5 ], [ 428695.75, 437027.75 ], [ 428696.0, 437027.75 ], [ 428696.0, 437028.0 ], [ 428696.25, 437028.0 ], [ 428696.25, 437028.5 ], [ 428696.5, 437028.5 ], [ 428696.5, 437028.75 ], [ 428696.75, 437028.75 ], [ 428696.75, 437029.0 ], [ 428697.0, 437029.0 ], [ 428697.0, 437029.25 ], [ 428697.25, 437029.25 ], [ 428697.25, 437029.5 ], [ 428697.5, 437029.5 ], [ 428697.5, 437029.75 ], [ 428697.75, 437029.75 ], [ 428697.75, 437030.0 ], [ 428698.25, 437030.0 ], [ 428698.25, 437030.25 ], [ 428698.75, 437030.25 ], [ 428698.75, 437030.5 ], [ 428699.25, 437030.5 ], [ 428699.25, 437030.75 ], [ 428700.0, 437030.75 ], [ 428700.0, 437031.0 ], [ 428700.75, 437031.0 ], [ 428700.75, 437031.25 ], [ 428701.25, 437031.25 ], [ 428701.25, 437031.5 ], [ 428702.25, 437031.5 ], [ 428702.25, 437031.75 ], [ 428703.25, 437031.75 ], [ 428703.25, 437032.0 ], [ 428704.0, 437032.0 ], [ 428704.0, 437032.25 ], [ 428704.75, 437032.25 ], [ 428704.75, 437032.5 ], [ 428705.5, 437032.5 ], [ 428705.5, 437032.75 ], [ 428705.75, 437032.75 ], [ 428705.75, 437033.0 ], [ 428706.0, 437033.0 ], [ 428706.0, 437033.25 ], [ 428706.25, 437033.25 ], [ 428706.25, 437033.5 ], [ 428706.5, 437033.5 ], [ 428706.5, 437033.75 ], [ 428706.75, 437033.75 ], [ 428706.75, 437034.25 ], [ 428707.0, 437034.25 ], [ 428707.0, 437034.75 ], [ 428707.25, 437034.75 ], [ 428707.25, 437035.5 ], [ 428707.5, 437035.5 ], [ 428707.5, 437036.0 ], [ 428707.75, 437036.0 ], [ 428707.75, 437036.25 ], [ 428708.0, 437036.25 ], [ 428708.0, 437036.75 ], [ 428708.25, 437036.75 ], [ 428708.25, 437037.25 ], [ 428708.5, 437037.25 ], [ 428708.5, 437037.5 ], [ 428708.75, 437037.5 ], [ 428708.75, 437037.75 ], [ 428709.0, 437037.75 ], [ 428709.0, 437038.25 ], [ 428709.25, 437038.25 ], [ 428709.25, 437038.5 ], [ 428709.5, 437038.5 ], [ 428709.5, 437038.75 ], [ 428709.75, 437038.75 ], [ 428709.75, 437039.0 ], [ 428710.0, 437039.0 ], [ 428710.0, 437039.25 ], [ 428710.25, 437039.25 ], [ 428710.25, 437039.5 ], [ 428710.5, 437039.5 ], [ 428710.5, 437039.75 ], [ 428711.0, 437039.75 ], [ 428711.0, 437040.0 ], [ 428711.25, 437040.0 ], [ 428711.25, 437040.25 ], [ 428711.5, 437040.25 ], [ 428711.5, 437040.5 ], [ 428711.75, 437040.5 ], [ 428711.75, 437041.0 ], [ 428712.0, 437041.0 ], [ 428712.0, 437041.25 ], [ 428712.25, 437041.25 ], [ 428712.25, 437041.75 ], [ 428712.5, 437041.75 ], [ 428712.5, 437042.5 ], [ 428712.75, 437042.5 ], [ 428712.75, 437042.75 ], [ 428713.0, 437042.75 ], [ 428713.0, 437043.25 ], [ 428713.25, 437043.25 ], [ 428713.25, 437043.75 ], [ 428713.5, 437043.75 ], [ 428713.5, 437044.0 ], [ 428713.75, 437044.0 ], [ 428713.75, 437044.5 ], [ 428714.0, 437044.5 ], [ 428714.0, 437045.0 ], [ 428714.25, 437045.0 ], [ 428714.25, 437045.5 ], [ 428714.5, 437045.5 ], [ 428714.5, 437046.75 ], [ 428714.25, 437046.75 ], [ 428714.25, 437047.75 ], [ 428714.0, 437047.75 ], [ 428714.0, 437048.75 ], [ 428713.75, 437048.75 ], [ 428713.75, 437049.75 ], [ 428713.5, 437049.75 ], [ 428713.5, 437050.5 ], [ 428713.25, 437050.5 ], [ 428713.25, 437051.0 ], [ 428713.0, 437051.0 ], [ 428713.0, 437051.75 ], [ 428712.75, 437051.75 ], [ 428712.75, 437053.0 ], [ 428712.5, 437053.0 ], [ 428712.5, 437054.75 ], [ 428712.75, 437054.75 ], [ 428712.75, 437055.25 ], [ 428713.0, 437055.25 ], [ 428713.0, 437056.0 ], [ 428713.25, 437056.0 ], [ 428713.25, 437056.5 ], [ 428713.5, 437056.5 ], [ 428713.5, 437057.0 ], [ 428713.75, 437057.0 ], [ 428713.75, 437057.25 ], [ 428714.0, 437057.25 ], [ 428714.0, 437057.5 ], [ 428714.25, 437057.5 ], [ 428714.25, 437057.75 ], [ 428714.5, 437057.75 ], [ 428714.5, 437058.25 ], [ 428714.75, 437058.25 ], [ 428714.75, 437058.5 ], [ 428715.0, 437058.5 ], [ 428715.0, 437058.75 ], [ 428715.25, 437058.75 ], [ 428715.25, 437059.0 ], [ 428715.5, 437059.0 ], [ 428715.5, 437059.5 ], [ 428715.75, 437059.5 ], [ 428715.75, 437059.75 ], [ 428716.0, 437059.75 ], [ 428716.0, 437060.25 ], [ 428716.25, 437060.25 ], [ 428716.25, 437060.5 ], [ 428716.5, 437060.5 ], [ 428716.5, 437061.0 ], [ 428716.75, 437061.0 ], [ 428716.75, 437061.5 ], [ 428717.0, 437061.5 ], [ 428717.0, 437062.0 ], [ 428717.25, 437062.0 ], [ 428717.25, 437062.25 ], [ 428717.5, 437062.25 ], [ 428717.5, 437062.75 ], [ 428717.75, 437062.75 ], [ 428717.75, 437063.0 ], [ 428718.0, 437063.0 ], [ 428718.0, 437063.25 ], [ 428718.25, 437063.25 ], [ 428718.25, 437063.5 ], [ 428718.5, 437063.5 ], [ 428718.5, 437063.75 ], [ 428718.75, 437063.75 ], [ 428718.75, 437064.0 ], [ 428719.0, 437064.0 ], [ 428719.0, 437064.25 ], [ 428719.25, 437064.25 ], [ 428719.25, 437064.5 ], [ 428719.5, 437064.5 ], [ 428719.5, 437064.75 ], [ 428719.75, 437064.75 ], [ 428719.75, 437065.25 ], [ 428720.0, 437065.25 ], [ 428720.0, 437065.5 ], [ 428720.25, 437065.5 ], [ 428720.25, 437065.75 ], [ 428720.5, 437065.75 ], [ 428720.5, 437066.0 ], [ 428720.75, 437066.0 ], [ 428720.75, 437066.25 ], [ 428721.0, 437066.25 ], [ 428721.0, 437066.5 ], [ 428721.25, 437066.5 ], [ 428721.25, 437066.75 ], [ 428721.75, 437066.75 ], [ 428721.75, 437067.0 ], [ 428722.0, 437067.0 ], [ 428722.0, 437067.25 ], [ 428722.5, 437067.25 ], [ 428722.5, 437067.5 ], [ 428723.25, 437067.5 ], [ 428723.25, 437067.75 ], [ 428724.25, 437067.75 ], [ 428724.25, 437068.0 ], [ 428725.5, 437068.0 ], [ 428725.5, 437068.25 ], [ 428727.75, 437068.25 ], [ 428727.75, 437068.5 ], [ 428729.0, 437068.5 ], [ 428729.0, 437068.75 ], [ 428729.75, 437068.75 ], [ 428729.75, 437068.5 ], [ 428732.0, 437068.5 ], [ 428732.0, 437068.25 ], [ 428733.75, 437068.25 ], [ 428733.75, 437068.0 ], [ 428734.75, 437068.0 ], [ 428734.75, 437067.75 ], [ 428735.75, 437067.75 ], [ 428735.75, 437067.5 ], [ 428736.25, 437067.5 ], [ 428736.25, 437067.25 ], [ 428737.0, 437067.25 ], [ 428737.0, 437067.0 ], [ 428737.75, 437067.0 ], [ 428737.75, 437066.75 ], [ 428738.25, 437066.75 ], [ 428738.25, 437066.5 ], [ 428738.75, 437066.5 ], [ 428738.75, 437066.25 ], [ 428739.25, 437066.25 ], [ 428739.25, 437066.0 ], [ 428739.75, 437066.0 ], [ 428739.75, 437065.75 ], [ 428740.0, 437065.75 ], [ 428740.0, 437065.5 ], [ 428740.5, 437065.5 ], [ 428740.5, 437065.25 ], [ 428741.5, 437065.25 ], [ 428741.5, 437065.0 ], [ 428742.25, 437065.0 ], [ 428742.25, 437064.75 ], [ 428743.5, 437064.75 ], [ 428743.5, 437064.5 ], [ 428745.25, 437064.5 ], [ 428745.25, 437064.25 ], [ 428746.25, 437064.25 ], [ 428746.25, 437064.0 ], [ 428747.5, 437064.0 ], [ 428747.5, 437063.75 ], [ 428748.25, 437063.75 ], [ 428748.25, 437063.5 ], [ 428749.25, 437063.5 ], [ 428749.25, 437063.25 ], [ 428749.75, 437063.25 ], [ 428749.75, 437063.0 ], [ 428750.0, 437063.0 ], [ 428750.0, 437062.75 ], [ 428750.25, 437062.75 ], [ 428750.25, 437062.5 ], [ 428750.75, 437062.5 ], [ 428750.75, 437062.25 ], [ 428751.5, 437062.25 ], [ 428751.5, 437062.0 ], [ 428752.0, 437062.0 ], [ 428752.0, 437061.75 ], [ 428752.5, 437061.75 ], [ 428752.5, 437061.5 ], [ 428753.0, 437061.5 ], [ 428753.0, 437061.25 ], [ 428753.25, 437061.25 ], [ 428753.25, 437061.0 ], [ 428753.75, 437061.0 ], [ 428753.75, 437060.75 ], [ 428754.25, 437060.75 ], [ 428754.25, 437060.5 ], [ 428754.75, 437060.5 ], [ 428754.75, 437060.25 ], [ 428755.0, 437060.25 ], [ 428755.0, 437060.0 ], [ 428755.25, 437060.0 ], [ 428755.25, 437059.75 ], [ 428755.5, 437059.75 ], [ 428755.5, 437058.25 ], [ 428755.75, 437058.25 ], [ 428755.75, 437058.0 ], [ 428756.0, 437058.0 ], [ 428756.0, 437057.75 ], [ 428756.25, 437057.75 ], [ 428756.25, 437057.5 ], [ 428756.5, 437057.5 ], [ 428756.5, 437057.25 ], [ 428757.0, 437057.25 ], [ 428757.0, 437057.0 ], [ 428758.75, 437057.0 ], [ 428758.75, 437057.25 ], [ 428759.0, 437057.25 ], [ 428759.0, 437057.5 ], [ 428759.25, 437057.5 ], [ 428759.25, 437057.75 ], [ 428759.5, 437057.75 ], [ 428759.5, 437058.75 ], [ 428759.25, 437058.75 ], [ 428759.25, 437059.0 ], [ 428759.0, 437059.0 ], [ 428759.0, 437059.25 ], [ 428758.75, 437059.25 ], [ 428758.75, 437059.5 ], [ 428758.5, 437059.5 ], [ 428758.5, 437059.75 ], [ 428758.25, 437059.75 ], [ 428758.25, 437060.0 ], [ 428758.0, 437060.0 ], [ 428758.0, 437060.25 ], [ 428757.75, 437060.25 ], [ 428757.75, 437060.5 ], [ 428757.5, 437060.5 ], [ 428757.5, 437060.75 ], [ 428757.0, 437060.75 ], [ 428757.0, 437061.0 ], [ 428756.5, 437061.0 ], [ 428756.5, 437061.25 ], [ 428756.25, 437061.25 ], [ 428756.25, 437061.5 ], [ 428756.0, 437061.5 ], [ 428756.0, 437062.25 ], [ 428755.75, 437062.25 ], [ 428755.75, 437063.25 ], [ 428755.5, 437063.25 ], [ 428755.5, 437070.75 ], [ 428755.25, 437070.75 ], [ 428755.25, 437073.25 ], [ 428755.0, 437073.25 ], [ 428755.0, 437074.5 ], [ 428755.25, 437074.5 ], [ 428755.25, 437077.25 ], [ 428755.5, 437077.25 ], [ 428755.5, 437077.75 ], [ 428755.75, 437077.75 ], [ 428755.75, 437078.5 ], [ 428756.0, 437078.5 ], [ 428756.0, 437078.666389936755877 ], [ 428756.022887541272212, 437077.916517917066813 ], [ 428769.428237020561937, 437078.321391106001101 ], [ 428782.708528472692706, 437078.725535329547711 ], [ 428782.230713222641498, 437094.377421976882033 ], [ 428768.0, 437093.945995243208017 ], [ 428768.0, 437100.75 ], [ 428768.75, 437100.75 ], [ 428768.75, 437101.0 ] ] ] } }
]
}
