{
"type": "FeatureCollection",
"name": "se2734_rgb_250_03_original",
"crs": { "type": "name", "properties": { "name": "urn:ogc:def:crs:EPSG::27700" } },
"features": [
{ "type": "Feature", "properties": { }, "geometry": { "type": "Polygon", "coordinates": [ [ [ 427994.25, 435000.0 ], [ 427994.25, 434999.5 ], [ 427994.0, 434999.5 ], [ 427994.0, 434998.25 ], [ 427994.25, 434998.25 ], [ 427994.25, 434997.75 ], [ 427994.5, 434997.75 ], [ 427994.5, 434997.5 ], [ 427994.75, 434997.5 ], [ 427994.75, 434997.25 ], [ 427995.25, 434997.25 ], [ 427995.25, 434997.0 ], [ 427995.5, 434997.0 ], [ 427995.5, 434996.75 ], [ 427995.75, 434996.75 ], [ 427995.75, 434996.5 ], [ 427996.25, 434996.5 ], [ 427996.25, 434996.25 ], [ 427997.25, 434996.25 ], [ 427997.25, 434996.5 ], [ 427997.75, 434996.5 ], [ 427997.75, 434996.75 ], [ 427998.5, 434996.75 ], [ 427998.5, 434997.25 ], [ 427998.75, 434997.25 ], [ 427998.75, 435000.0 ], [ 427994.25, 435000.0 ] ] ] } },
{ "type": "Feature", "properties": { }, "geometry": { "type": "Polygon", "coordinates": [ [ [ 427749.5, 435000.0 ], [ 427749.5, 434998.25 ], [ 427749.75, 434998.25 ], [ 427749.75, 434997.75 ], [ 427750.0, 434997.75 ], [ 427750.0, 434997.5 ], [ 427750.25, 434997.5 ], [ 427750.25, 434997.25 ], [ 427750.5, 434997.25 ], [ 427750.5, 434997.0 ], [ 427750.75, 434997.0 ], [ 427750.75, 434996.75 ], [ 427751.25, 434996.75 ], [ 427751.25, 434996.5 ], [ 427751.75, 434996.5 ], [ 427751.75, 434996.25 ], [ 427752.25, 434996.25 ], [ 427752.25, 434996.0 ], [ 427752.5, 434996.0 ], [ 427752.5, 434995.75 ], [ 427753.0, 434995.75 ], [ 427753.0, 434995.5 ], [ 427753.5, 434995.5 ], [ 427753.5, 434995.25 ], [ 427754.0, 434995.25 ], [ 427754.0, 434995.0 ], [ 427754.5, 434995.0 ], [ 427754.5, 434994.75 ], [ 427755.25, 434994.75 ], [ 427755.25, 434994.5 ], [ 427756.0, 434994.5 ], [ 427756.0, 434994.25 ], [ 427756.75, 434994.25 ], [ 427756.75, 434994.0 ], [ 427757.5, 434994.0 ], [ 427757.5, 434993.75 ], [ 427758.25, 434993.75 ], [ 427758.25, 434993.5 ], [ 427759.0, 434993.5 ], [ 427759.0, 434993.25 ], [ 427759.75, 434993.25 ], [ 427759.75, 434993.0 ], [ 427760.25, 434993.0 ], [ 427760.25, 434992.75 ], [ 427760.75, 434992.75 ], [ 427760.75, 434992.5 ], [ 427761.5, 434992.5 ], [ 427761.5, 434992.25 ], [ 427764.5, 434992.25 ], [ 427764.5, 434992.0 ], [ 427768.0, 434992.0 ], [ 427768.0, 435000.0 ], [ 427749.5, 435000.0 ] ] ] } },
{ "type": "Feature", "properties": { }, "geometry": { "type": "Polygon", "coordinates": [ [ [ 427387.25, 434980.25 ], [ 427387.25, 434980.0 ], [ 427386.75, 434980.0 ], [ 427386.75, 434979.75 ], [ 427386.25, 434979.75 ], [ 427386.25, 434979.5 ], [ 427386.5, 434979.5 ], [ 427386.5, 434979.25 ], [ 427387.75, 434979.25 ], [ 427387.75, 434980.0 ], [ 427387.5, 434980.0 ], [ 427387.5, 434980.25 ], [ 427387.25, 434980.25 ] ] ] } },
{ "type": "Feature", "properties": { }, "geometry": { "type": "Polygon", "coordinates": [ [ [ 427392.25, 434975.25 ], [ 427392.25, 434974.75 ], [ 427392.0, 434974.75 ], [ 427392.0, 434974.25 ], [ 427392.25, 434974.25 ], [ 427392.25, 434974.0 ], [ 427392.5, 434974.0 ], [ 427392.5, 434973.25 ], [ 427392.25, 434973.25 ], [ 427392.25, 434973.0 ], [ 427388.75, 434973.0 ], [ 427388.75, 434973.25 ], [ 427388.0, 434973.25 ], [ 427388.0, 434973.5 ], [ 427387.25, 434973.5 ], [ 427387.25, 434973.25 ], [ 427386.75, 434973.25 ], [ 427386.75, 434973.0 ], [ 427386.25, 434973.0 ], [ 427386.25, 434972.75 ], [ 427385.75, 434972.75 ], [ 427385.75, 434970.5 ], [ 427385.5, 434970.5 ], [ 427385.5, 434970.0 ], [ 427385.25, 434970.0 ], [ 427385.25, 434969.5 ], [ 427385.5, 434969.5 ], [ 427385.5, 434969.25 ], [ 427386.0, 434969.25 ], [ 427386.0, 434969.0 ], [ 427386.25, 434969.0 ], [ 427386.25, 434968.75 ], [ 427386.5, 434968.75 ], [ 427386.5, 434968.5 ], [ 427387.0, 434968.5 ], [ 427387.0, 434968.25 ], [ 427387.25, 434968.25 ], [ 427387.25, 434968.0 ], [ 427387.5, 434968.0 ], [ 427387.5, 434967.75 ], [ 427388.0, 434967.75 ], [ 427388.0, 434967.5 ], [ 427388.5, 434967.5 ], [ 427388.5, 434967.25 ], [ 427388.75, 434967.25 ], [ 427388.75, 434967.0 ], [ 427389.0, 434967.0 ], [ 427389.0, 434966.75 ], [ 427389.25, 434966.75 ], [ 427389.25, 434966.5 ], [ 427389.75, 434966.5 ], [ 427389.75, 434966.25 ], [ 427391.25, 434966.25 ], [ 427391.25, 434966.0 ], [ 427391.5, 434966.0 ], [ 427391.5, 434966.25 ], [ 427392.0, 434966.25 ], [ 427392.0, 434966.5 ], [ 427392.25, 434966.5 ], [ 427392.25, 434967.5 ], [ 427392.75, 434967.5 ], [ 427392.75, 434967.75 ], [ 427393.5, 434967.75 ], [ 427393.5, 434967.5 ], [ 427393.75, 434967.5 ], [ 427393.75, 434967.25 ], [ 427394.0, 434967.25 ], [ 427394.0, 434967.0 ], [ 427395.0, 434967.0 ], [ 427395.0, 434966.75 ], [ 427395.5, 434966.75 ], [ 427395.5, 434967.25 ], [ 427395.75, 434967.25 ], [ 427395.75, 434967.5 ], [ 427396.0, 434967.5 ], [ 427396.0, 434968.0 ], [ 427396.25, 434968.0 ], [ 427396.25, 434968.25 ], [ 427396.5, 434968.25 ], [ 427396.5, 434969.75 ], [ 427396.25, 434969.75 ], [ 427396.25, 434970.0 ], [ 427396.0, 434970.0 ], [ 427396.0, 434970.25 ], [ 427395.75, 434970.25 ], [ 427395.75, 434970.5 ], [ 427396.0, 434970.5 ], [ 427396.0, 434970.75 ], [ 427397.75, 434970.75 ], [ 427397.75, 434971.25 ], [ 427398.0, 434971.25 ], [ 427398.0, 434972.5 ], [ 427397.75, 434972.5 ], [ 427397.75, 434973.0 ], [ 427397.5, 434973.0 ], [ 427397.5, 434973.5 ], [ 427396.75, 434973.5 ], [ 427396.75, 434973.75 ], [ 427395.75, 434973.75 ], [ 427395.75, 434974.0 ], [ 427395.25, 434974.0 ], [ 427395.25, 434974.25 ], [ 427395.0, 434974.25 ], [ 427395.0, 434974.5 ], [ 427394.5, 434974.5 ], [ 427394.5, 434974.75 ], [ 427393.25, 434974.75 ], [ 427393.25, 434975.0 ], [ 427392.75, 434975.0 ], [ 427392.75, 434975.25 ], [ 427392.25, 434975.25 ] ], [ [ 427394.25, 434970.25 ], [ 427394.75, 434970.25 ], [ 427394.75, 434969.0 ], [ 427394.5, 434969.0 ], [ 427394.5, 434968.75 ], [ 427394.25, 434968.75 ], [ 427394.25, 434969.0 ], [ 427393.5, 434969.0 ], [ 427393.5, 434969.75 ], [ 427394.0, 434969.75 ], [ 427394.0, 434970.0 ], [ 427394.25, 434970.0 ], [ 427394.25, 434970.25 ] ] ] } },
{ "type": "Feature", "properties": { }, "geometry": { "type": "Polygon", "coordinates": [ [ [ 427337.0, 435000.0 ], [ 427337.0, 434998.25 ], [ 427337.25, 434998.25 ], [ 427337.25, 434997.5 ], [ 427337.5, 434997.5 ], [ 427337.5, 434997.25 ], [ 427337.75, 434997.25 ], [ 427337.75, 434997.0 ], [ 427338.0, 434997.0 ], [ 427338.0, 434996.75 ], [ 427338.25, 434996.75 ], [ 427338.25, 434996.5 ], [ 427338.5, 434996.5 ], [ 427338.5, 434996.25 ], [ 427338.75, 434996.25 ], [ 427338.75, 434996.0 ], [ 427339.0, 434996.0 ], [ 427339.0, 434995.5 ], [ 427339.25, 434995.5 ], [ 427339.25, 434995.25 ], [ 427339.5, 434995.25 ], [ 427339.5, 434995.0 ], [ 427339.75, 434995.0 ], [ 427339.75, 434994.75 ], [ 427340.0, 434994.75 ], [ 427340.0, 434994.5 ], [ 427340.25, 434994.5 ], [ 427340.25, 434994.25 ], [ 427340.5, 434994.25 ], [ 427340.5, 434994.0 ], [ 427340.75, 434994.0 ], [ 427340.75, 434993.75 ], [ 427341.0, 434993.75 ], [ 427341.0, 434993.5 ], [ 427341.25, 434993.5 ], [ 427341.25, 434993.25 ], [ 427341.75, 434993.25 ], [ 427341.75, 434993.0 ], [ 427342.0, 434993.0 ], [ 427342.0, 434992.75 ], [ 427342.25, 434992.75 ], [ 427342.25, 434992.5 ], [ 427342.75, 434992.5 ], [ 427342.75, 434992.25 ], [ 427343.0, 434992.25 ], [ 427343.0, 434992.0 ], [ 427343.25, 434992.0 ], [ 427343.25, 434991.75 ], [ 427343.5, 434991.75 ], [ 427343.5, 434991.5 ], [ 427343.75, 434991.5 ], [ 427343.75, 434991.25 ], [ 427344.0, 434991.25 ], [ 427344.0, 434991.0 ], [ 427344.25, 434991.0 ], [ 427344.25, 434990.75 ], [ 427344.5, 434990.75 ], [ 427344.5, 434990.5 ], [ 427344.75, 434990.5 ], [ 427344.75, 434990.25 ], [ 427345.0, 434990.25 ], [ 427345.0, 434990.0 ], [ 427345.25, 434990.0 ], [ 427345.25, 434989.5 ], [ 427345.5, 434989.5 ], [ 427345.5, 434989.25 ], [ 427346.0, 434989.25 ], [ 427346.0, 434989.0 ], [ 427346.25, 434989.0 ], [ 427346.25, 434988.75 ], [ 427346.5, 434988.75 ], [ 427346.5, 434988.5 ], [ 427346.75, 434988.5 ], [ 427346.75, 434988.25 ], [ 427347.25, 434988.25 ], [ 427347.25, 434988.0 ], [ 427347.5, 434988.0 ], [ 427347.5, 434987.75 ], [ 427347.75, 434987.75 ], [ 427347.75, 434987.5 ], [ 427348.0, 434987.5 ], [ 427348.0, 434987.25 ], [ 427348.25, 434987.25 ], [ 427348.25, 434987.0 ], [ 427348.5, 434987.0 ], [ 427348.5, 434986.75 ], [ 427348.75, 434986.75 ], [ 427348.75, 434986.5 ], [ 427349.0, 434986.5 ], [ 427349.0, 434986.25 ], [ 427349.25, 434986.25 ], [ 427349.25, 434986.0 ], [ 427349.5, 434986.0 ], [ 427349.5, 434985.75 ], [ 427349.75, 434985.75 ], [ 427349.75, 434985.5 ], [ 427350.0, 434985.5 ], [ 427350.0, 434985.25 ], [ 427350.25, 434985.25 ], [ 427350.25, 434985.0 ], [ 427350.5, 434985.0 ], [ 427350.5, 434984.75 ], [ 427350.75, 434984.75 ], [ 427350.75, 434984.5 ], [ 427351.0, 434984.5 ], [ 427351.0, 434984.25 ], [ 427351.25, 434984.25 ], [ 427351.25, 434984.0 ], [ 427351.5, 434984.0 ], [ 427351.5, 434983.75 ], [ 427351.75, 434983.75 ], [ 427351.75, 434983.5 ], [ 427352.0, 434983.5 ], [ 427352.0, 434983.25 ], [ 427352.25, 434983.25 ], [ 427352.25, 434983.0 ], [ 427352.5, 434983.0 ], [ 427352.5, 434982.75 ], [ 427352.75, 434982.75 ], [ 427352.75, 434982.5 ], [ 427353.0, 434982.5 ], [ 427353.0, 434982.25 ], [ 427353.5, 434982.25 ], [ 427353.5, 434982.0 ], [ 427353.75, 434982.0 ], [ 427353.75, 434981.75 ], [ 427354.0, 434981.75 ], [ 427354.0, 434981.5 ], [ 427354.25, 434981.5 ], [ 427354.25, 434981.25 ], [ 427354.5, 434981.25 ], [ 427354.5, 434981.0 ], [ 427354.75, 434981.0 ], [ 427354.75, 434980.75 ], [ 427355.0, 434980.75 ], [ 427355.0, 434980.5 ], [ 427355.25, 434980.5 ], [ 427355.25, 434980.25 ], [ 427355.5, 434980.25 ], [ 427355.5, 434980.0 ], [ 427356.0, 434980.0 ], [ 427356.0, 434979.75 ], [ 427356.25, 434979.75 ], [ 427356.25, 434979.5 ], [ 427356.75, 434979.5 ], [ 427356.75, 434979.25 ], [ 427357.0, 434979.25 ], [ 427357.0, 434979.0 ], [ 427357.5, 434979.0 ], [ 427357.5, 434978.75 ], [ 427358.0, 434978.75 ], [ 427358.0, 434978.5 ], [ 427358.25, 434978.5 ], [ 427358.25, 434978.25 ], [ 427358.75, 434978.25 ], [ 427358.75, 434978.0 ], [ 427359.0, 434978.0 ], [ 427359.0, 434977.5 ], [ 427359.25, 434977.5 ], [ 427359.25, 434977.25 ], [ 427359.5, 434977.25 ], [ 427359.5, 434977.0 ], [ 427359.75, 434977.0 ], [ 427359.75, 434976.75 ], [ 427360.25, 434976.75 ], [ 427360.25, 434976.5 ], [ 427360.5, 434976.5 ], [ 427360.5, 434976.25 ], [ 427360.75, 434976.25 ], [ 427360.75, 434976.0 ], [ 427361.25, 434976.0 ], [ 427361.25, 434975.75 ], [ 427361.75, 434975.75 ], [ 427361.75, 434975.5 ], [ 427362.25, 434975.5 ], [ 427362.25, 434975.25 ], [ 427362.75, 434975.25 ], [ 427362.75, 434975.0 ], [ 427363.25, 434975.0 ], [ 427363.25, 434974.75 ], [ 427363.5, 434974.75 ], [ 427363.5, 434974.5 ], [ 427364.0, 434974.5 ], [ 427364.0, 434974.0 ], [ 427364.25, 434974.0 ], [ 427364.25, 434973.75 ], [ 427364.5, 434973.75 ], [ 427364.5, 434973.0 ], [ 427364.75, 434973.0 ], [ 427364.75, 434971.5 ], [ 427365.0, 434971.5 ], [ 427365.0, 434969.25 ], [ 427364.75, 434969.25 ], [ 427364.75, 434968.5 ], [ 427364.5, 434968.5 ], [ 427364.5, 434966.5 ], [ 427364.75, 434966.5 ], [ 427364.75, 434966.25 ], [ 427365.0, 434966.25 ], [ 427365.0, 434966.0 ], [ 427366.5, 434966.0 ], [ 427366.5, 434966.25 ], [ 427367.5, 434966.25 ], [ 427367.5, 434966.5 ], [ 427367.75, 434966.5 ], [ 427367.75, 434966.75 ], [ 427368.0, 434966.75 ], [ 427368.0, 434967.25 ], [ 427368.25, 434967.25 ], [ 427368.25, 434967.5 ], [ 427368.5, 434967.5 ], [ 427368.5, 434967.75 ], [ 427368.75, 434967.75 ], [ 427368.75, 434967.5 ], [ 427370.5, 434967.5 ], [ 427370.5, 434967.25 ], [ 427371.25, 434967.25 ], [ 427371.25, 434967.0 ], [ 427371.75, 434967.0 ], [ 427371.75, 434966.75 ], [ 427372.0, 434966.75 ], [ 427372.0, 434966.5 ], [ 427372.25, 434966.5 ], [ 427372.25, 434966.25 ], [ 427372.5, 434966.25 ], [ 427372.5, 434966.0 ], [ 427372.75, 434966.0 ], [ 427372.75, 434965.75 ], [ 427373.0, 434965.75 ], [ 427373.0, 434965.5 ], [ 427373.25, 434965.5 ], [ 427373.25, 434965.25 ], [ 427373.5, 434965.25 ], [ 427373.5, 434965.0 ], [ 427374.0, 434965.0 ], [ 427374.0, 434964.75 ], [ 427374.25, 434964.75 ], [ 427374.25, 434964.5 ], [ 427374.5, 434964.5 ], [ 427374.5, 434964.75 ], [ 427374.75, 434964.75 ], [ 427374.75, 434965.0 ], [ 427375.0, 434965.0 ], [ 427375.0, 434965.25 ], [ 427375.5, 434965.25 ], [ 427375.5, 434965.5 ], [ 427375.75, 434965.5 ], [ 427375.75, 434966.0 ], [ 427376.0, 434966.0 ], [ 427376.0, 434966.25 ], [ 427376.5, 434966.25 ], [ 427376.5, 434966.5 ], [ 427376.75, 434966.5 ], [ 427376.75, 434967.0 ], [ 427377.0, 434967.0 ], [ 427377.0, 434967.25 ], [ 427377.5, 434967.25 ], [ 427377.5, 434967.75 ], [ 427377.75, 434967.75 ], [ 427377.75, 434968.0 ], [ 427378.0, 434968.0 ], [ 427378.0, 434968.25 ], [ 427378.25, 434968.25 ], [ 427378.25, 434968.5 ], [ 427378.5, 434968.5 ], [ 427378.5, 434968.75 ], [ 427379.0, 434968.75 ], [ 427379.0, 434969.0 ], [ 427379.25, 434969.0 ], [ 427379.25, 434969.25 ], [ 427379.75, 434969.25 ], [ 427379.75, 434969.5 ], [ 427380.5, 434969.5 ], [ 427380.5, 434969.75 ], [ 427381.0, 434969.75 ], [ 427381.0, 434970.0 ], [ 427384.0, 434970.0 ], [ 427384.0, 435000.0 ], [ 427337.0, 435000.0 ] ] ] } },
{ "type": "Feature", "properties": { }, "geometry": { "type": "Polygon", "coordinates": [ [ [ 427734.25, 434983.5 ], [ 427734.25, 434983.25 ], [ 427733.25, 434983.25 ], [ 427733.25, 434983.0 ], [ 427732.25, 434983.0 ], [ 427732.25, 434982.75 ], [ 427731.75, 434982.75 ], [ 427731.75, 434982.5 ], [ 427731.5, 434982.5 ], [ 427731.5, 434982.25 ], [ 427731.0, 434982.25 ], [ 427731.0, 434982.0 ], [ 427730.75, 434982.0 ], [ 427730.75, 434981.75 ], [ 427730.5, 434981.75 ], [ 427730.5, 434981.5 ], [ 427730.25, 434981.5 ], [ 427730.25, 434981.25 ], [ 427730.0, 434981.25 ], [ 427730.0, 434981.0 ], [ 427729.5, 434981.0 ], [ 427729.5, 434980.5 ], [ 427729.25, 434980.5 ], [ 427729.25, 434980.25 ], [ 427729.0, 434980.25 ], [ 427729.0, 434979.75 ], [ 427728.75, 434979.75 ], [ 427728.75, 434979.5 ], [ 427728.5, 434979.5 ], [ 427728.5, 434978.75 ], [ 427728.25, 434978.75 ], [ 427728.25, 434977.75 ], [ 427728.0, 434977.75 ], [ 427728.0, 434976.5 ], [ 427728.25, 434976.5 ], [ 427728.25, 434972.75 ], [ 427728.0, 434972.75 ], [ 427728.0, 434971.75 ], [ 427728.25, 434971.75 ], [ 427728.25, 434971.5 ], [ 427728.0, 434971.5 ], [ 427728.0, 434971.0 ], [ 427727.75, 434971.0 ], [ 427727.75, 434970.75 ], [ 427727.5, 434970.75 ], [ 427727.5, 434970.25 ], [ 427727.25, 434970.25 ], [ 427727.25, 434969.75 ], [ 427727.0, 434969.75 ], [ 427727.0, 434969.25 ], [ 427726.75, 434969.25 ], [ 427726.75, 434968.75 ], [ 427726.5, 434968.75 ], [ 427726.5, 434968.25 ], [ 427726.25, 434968.25 ], [ 427726.25, 434967.5 ], [ 427726.0, 434967.5 ], [ 427726.0, 434965.75 ], [ 427725.75, 434965.75 ], [ 427725.75, 434965.5 ], [ 427726.0, 434965.5 ], [ 427726.0, 434964.5 ], [ 427726.25, 434964.5 ], [ 427726.25, 434962.5 ], [ 427726.5, 434962.5 ], [ 427726.5, 434961.5 ], [ 427726.75, 434961.5 ], [ 427726.75, 434961.25 ], [ 427727.0, 434961.25 ], [ 427727.0, 434961.0 ], [ 427727.25, 434961.0 ], [ 427727.25, 434960.75 ], [ 427727.5, 434960.75 ], [ 427727.5, 434960.5 ], [ 427727.75, 434960.5 ], [ 427727.75, 434960.25 ], [ 427728.0, 434960.25 ], [ 427728.0, 434960.0 ], [ 427728.25, 434960.0 ], [ 427728.25, 434959.75 ], [ 427728.75, 434959.75 ], [ 427728.75, 434959.5 ], [ 427729.0, 434959.5 ], [ 427729.0, 434959.25 ], [ 427729.5, 434959.25 ], [ 427729.5, 434959.0 ], [ 427730.0, 434959.0 ], [ 427730.0, 434958.75 ], [ 427730.25, 434958.75 ], [ 427730.25, 434958.5 ], [ 427730.5, 434958.5 ], [ 427730.5, 434958.25 ], [ 427731.25, 434958.25 ], [ 427731.25, 434958.0 ], [ 427731.5, 434958.0 ], [ 427731.5, 434957.75 ], [ 427732.0, 434957.75 ], [ 427732.0, 434957.5 ], [ 427732.25, 434957.5 ], [ 427732.25, 434957.25 ], [ 427733.25, 434957.25 ], [ 427733.25, 434957.5 ], [ 427733.5, 434957.5 ], [ 427733.5, 434957.75 ], [ 427733.75, 434957.75 ], [ 427733.75, 434958.25 ], [ 427734.0, 434958.25 ], [ 427734.0, 434958.75 ], [ 427734.25, 434958.75 ], [ 427734.25, 434959.25 ], [ 427734.5, 434959.25 ], [ 427734.5, 434959.75 ], [ 427734.75, 434959.75 ], [ 427734.75, 434960.5 ], [ 427735.0, 434960.5 ], [ 427735.0, 434961.25 ], [ 427735.25, 434961.25 ], [ 427735.25, 434961.75 ], [ 427735.5, 434961.75 ], [ 427735.5, 434963.0 ], [ 427735.75, 434963.0 ], [ 427735.75, 434964.0 ], [ 427736.0, 434964.0 ], [ 427736.0, 434965.0 ], [ 427736.25, 434965.0 ], [ 427736.25, 434965.75 ], [ 427736.5, 434965.75 ], [ 427736.5, 434966.25 ], [ 427736.75, 434966.25 ], [ 427736.75, 434966.5 ], [ 427737.0, 434966.5 ], [ 427737.0, 434966.75 ], [ 427737.25, 434966.75 ], [ 427737.25, 434967.0 ], [ 427737.5, 434967.0 ], [ 427737.5, 434967.5 ], [ 427737.75, 434967.5 ], [ 427737.75, 434968.25 ], [ 427738.0, 434968.25 ], [ 427738.0, 434968.75 ], [ 427738.25, 434968.75 ], [ 427738.25, 434969.25 ], [ 427738.5, 434969.25 ], [ 427738.5, 434970.0 ], [ 427738.75, 434970.0 ], [ 427738.75, 434972.75 ], [ 427739.0, 434972.75 ], [ 427739.0, 434974.5 ], [ 427739.25, 434974.5 ], [ 427739.25, 434976.25 ], [ 427739.5, 434976.25 ], [ 427739.5, 434977.75 ], [ 427739.75, 434977.75 ], [ 427739.75, 434980.0 ], [ 427739.5, 434980.0 ], [ 427739.5, 434980.75 ], [ 427739.25, 434980.75 ], [ 427739.25, 434981.0 ], [ 427739.0, 434981.0 ], [ 427739.0, 434981.5 ], [ 427738.75, 434981.5 ], [ 427738.75, 434981.75 ], [ 427738.5, 434981.75 ], [ 427738.5, 434982.25 ], [ 427738.25, 434982.25 ], [ 427738.25, 434982.5 ], [ 427738.0, 434982.5 ], [ 427738.0, 434982.75 ], [ 427737.75, 434982.75 ], [ 427737.75, 434983.0 ], [ 427737.5, 434983.0 ], [ 427737.5, 434983.25 ], [ 427736.75, 434983.25 ], [ 427736.75, 434983.5 ], [ 427734.25, 434983.5 ] ], [ [ 427731.5, 434971.75 ], [ 427732.0, 434971.75 ], [ 427732.0, 434971.5 ], [ 427731.75, 434971.5 ], [ 427731.75, 434971.25 ], [ 427731.5, 434971.25 ], [ 427731.5, 434971.75 ] ] ] } },
{ "type": "Feature", "properties": { }, "geometry": { "type": "Polygon", "coordinates": [ [ [ 427232.0, 435000.0 ], [ 427232.0, 434997.0 ], [ 427231.75, 434997.0 ], [ 427231.75, 434996.25 ], [ 427231.5, 434996.25 ], [ 427231.5, 434994.25 ], [ 427231.25, 434994.25 ], [ 427231.25, 434993.25 ], [ 427231.0, 434993.25 ], [ 427231.0, 434992.25 ], [ 427230.75, 434992.25 ], [ 427230.75, 434991.75 ], [ 427230.5, 434991.75 ], [ 427230.5, 434990.75 ], [ 427230.25, 434990.75 ], [ 427230.25, 434990.0 ], [ 427230.0, 434990.0 ], [ 427230.0, 434989.25 ], [ 427229.75, 434989.25 ], [ 427229.75, 434988.75 ], [ 427229.5, 434988.75 ], [ 427229.5, 434988.0 ], [ 427229.25, 434988.0 ], [ 427229.25, 434987.0 ], [ 427229.0, 434987.0 ], [ 427229.0, 434986.0 ], [ 427229.25, 434986.0 ], [ 427229.25, 434985.25 ], [ 427229.5, 434985.25 ], [ 427229.5, 434984.75 ], [ 427229.75, 434984.75 ], [ 427229.75, 434984.25 ], [ 427230.0, 434984.25 ], [ 427230.0, 434983.75 ], [ 427230.25, 434983.75 ], [ 427230.25, 434983.5 ], [ 427230.5, 434983.5 ], [ 427230.5, 434983.25 ], [ 427230.75, 434983.25 ], [ 427230.75, 434982.75 ], [ 427231.0, 434982.75 ], [ 427231.0, 434982.5 ], [ 427231.25, 434982.5 ], [ 427231.25, 434982.25 ], [ 427231.5, 434982.25 ], [ 427231.5, 434982.0 ], [ 427232.0, 434982.0 ], [ 427232.0, 434981.75 ], [ 427232.25, 434981.75 ], [ 427232.25, 434981.5 ], [ 427232.75, 434981.5 ], [ 427232.75, 434981.25 ], [ 427233.25, 434981.25 ], [ 427233.25, 434981.0 ], [ 427233.75, 434981.0 ], [ 427233.75, 434980.75 ], [ 427234.0, 434980.75 ], [ 427234.0, 434980.5 ], [ 427234.25, 434980.5 ], [ 427234.25, 434980.25 ], [ 427234.75, 434980.25 ], [ 427234.75, 434980.0 ], [ 427235.25, 434980.0 ], [ 427235.25, 434979.75 ], [ 427235.5, 434979.75 ], [ 427235.5, 434979.5 ], [ 427236.0, 434979.5 ], [ 427236.0, 434979.25 ], [ 427236.5, 434979.25 ], [ 427236.5, 434979.0 ], [ 427237.0, 434979.0 ], [ 427237.0, 434978.75 ], [ 427237.25, 434978.75 ], [ 427237.25, 434978.5 ], [ 427237.75, 434978.5 ], [ 427237.75, 434978.25 ], [ 427238.0, 434978.25 ], [ 427238.0, 434978.0 ], [ 427238.25, 434978.0 ], [ 427238.25, 434977.75 ], [ 427238.5, 434977.75 ], [ 427238.5, 434977.5 ], [ 427239.0, 434977.5 ], [ 427239.0, 434977.25 ], [ 427239.25, 434977.25 ], [ 427239.25, 434977.0 ], [ 427239.5, 434977.0 ], [ 427239.5, 434976.75 ], [ 427239.75, 434976.75 ], [ 427239.75, 434976.5 ], [ 427240.0, 434976.5 ], [ 427240.0, 434976.25 ], [ 427240.5, 434976.25 ], [ 427240.5, 434976.0 ], [ 427240.75, 434976.0 ], [ 427240.75, 434975.75 ], [ 427241.0, 434975.75 ], [ 427241.0, 434975.5 ], [ 427241.5, 434975.5 ], [ 427241.5, 434975.25 ], [ 427242.0, 434975.25 ], [ 427242.0, 434975.0 ], [ 427242.25, 434975.0 ], [ 427242.25, 434974.75 ], [ 427242.5, 434974.75 ], [ 427242.5, 434974.5 ], [ 427243.0, 434974.5 ], [ 427243.0, 434974.25 ], [ 427243.5, 434974.25 ], [ 427243.5, 434974.0 ], [ 427243.75, 434974.0 ], [ 427243.75, 434973.75 ], [ 427244.0, 434973.75 ], [ 427244.0, 434973.5 ], [ 427244.25, 434973.5 ], [ 427244.25, 434973.25 ], [ 427244.75, 434973.25 ], [ 427244.75, 434973.0 ], [ 427245.25, 434973.0 ], [ 427245.25, 434972.75 ], [ 427245.75, 434972.75 ], [ 427245.75, 434972.5 ], [ 427246.25, 434972.5 ], [ 427246.25, 434972.25 ], [ 427247.0, 434972.25 ], [ 427247.0, 434972.0 ], [ 427247.5, 434972.0 ], [ 427247.5, 434971.75 ], [ 427248.75, 434971.75 ], [ 427248.75, 434971.5 ], [ 427249.5, 434971.5 ], [ 427249.5, 434971.25 ], [ 427250.25, 434971.25 ], [ 427250.25, 434971.0 ], [ 427251.0, 434971.0 ], [ 427251.0, 434970.75 ], [ 427251.5, 434970.75 ], [ 427251.5, 434970.5 ], [ 427252.0, 434970.5 ], [ 427252.0, 434970.25 ], [ 427252.5, 434970.25 ], [ 427252.5, 434970.0 ], [ 427253.0, 434970.0 ], [ 427253.0, 434969.75 ], [ 427253.25, 434969.75 ], [ 427253.25, 434969.5 ], [ 427254.0, 434969.5 ], [ 427254.0, 434969.25 ], [ 427256.0, 434969.25 ], [ 427256.0, 434985.0 ], [ 427257.0, 434985.0 ], [ 427257.0, 434984.75 ], [ 427258.75, 434984.75 ], [ 427258.75, 434985.0 ], [ 427259.5, 434985.0 ], [ 427259.5, 434985.25 ], [ 427260.0, 434985.25 ], [ 427260.0, 434985.5 ], [ 427262.0, 434985.5 ], [ 427262.0, 434985.25 ], [ 427263.0, 434985.25 ], [ 427263.0, 434985.0 ], [ 427264.0, 434985.0 ], [ 427264.0, 434984.75 ], [ 427265.0, 434984.75 ], [ 427265.0, 434984.5 ], [ 427266.0, 434984.5 ], [ 427266.0, 434984.25 ], [ 427266.75, 434984.25 ], [ 427266.75, 434984.0 ], [ 427267.5, 434984.0 ], [ 427267.5, 434983.75 ], [ 427268.5, 434983.75 ], [ 427268.5, 434983.5 ], [ 427269.0, 434983.5 ], [ 427269.0, 434983.25 ], [ 427269.75, 434983.25 ], [ 427269.75, 434983.0 ], [ 427270.5, 434983.0 ], [ 427270.5, 434982.75 ], [ 427271.25, 434982.75 ], [ 427271.25, 434982.5 ], [ 427271.75, 434982.5 ], [ 427271.75, 434982.25 ], [ 427272.25, 434982.25 ], [ 427272.25, 434982.0 ], [ 427272.75, 434982.0 ], [ 427272.75, 434981.75 ], [ 427273.5, 434981.75 ], [ 427273.5, 434981.5 ], [ 427274.5, 434981.5 ], [ 427274.5, 434981.25 ], [ 427275.25, 434981.25 ], [ 427275.25, 434981.0 ], [ 427275.75, 434981.0 ], [ 427275.75, 434980.75 ], [ 427276.25, 434980.75 ], [ 427276.25, 434980.5 ], [ 427276.5, 434980.5 ], [ 427276.5, 434980.25 ], [ 427277.0, 434980.25 ], [ 427277.0, 434980.0 ], [ 427277.5, 434980.0 ], [ 427277.5, 434979.75 ], [ 427278.0, 434979.75 ], [ 427278.0, 434979.5 ], [ 427278.25, 434979.5 ], [ 427278.25, 434979.25 ], [ 427278.5, 434979.25 ], [ 427278.5, 434979.0 ], [ 427279.25, 434979.0 ], [ 427279.25, 434978.75 ], [ 427279.75, 434978.75 ], [ 427279.75, 434978.5 ], [ 427280.25, 434978.5 ], [ 427280.25, 434978.25 ], [ 427281.0, 434978.25 ], [ 427281.0, 434978.0 ], [ 427281.75, 434978.0 ], [ 427281.75, 434977.75 ], [ 427282.5, 434977.75 ], [ 427282.5, 434977.5 ], [ 427283.25, 434977.5 ], [ 427283.25, 434977.25 ], [ 427284.25, 434977.25 ], [ 427284.25, 434977.0 ], [ 427285.25, 434977.0 ], [ 427285.25, 434976.75 ], [ 427286.0, 434976.75 ], [ 427286.0, 434976.5 ], [ 427287.5, 434976.5 ], [ 427287.5, 434976.25 ], [ 427288.75, 434976.25 ], [ 427288.75, 434976.0 ], [ 427289.75, 434976.0 ], [ 427289.75, 434975.75 ], [ 427290.25, 434975.75 ], [ 427290.25, 434975.5 ], [ 427291.0, 434975.5 ], [ 427291.0, 434975.25 ], [ 427292.25, 434975.25 ], [ 427292.25, 434975.0 ], [ 427293.0, 434975.0 ], [ 427293.0, 434974.75 ], [ 427293.5, 434974.75 ], [ 427293.5, 434974.5 ], [ 427294.25, 434974.5 ], [ 427294.25, 434974.25 ], [ 427295.0, 434974.25 ], [ 427295.0, 434974.0 ], [ 427295.5, 434974.0 ], [ 427295.5, 434973.75 ], [ 427295.75, 434973.75 ], [ 427295.75, 434973.5 ], [ 427296.25, 434973.5 ], [ 427296.25, 434973.25 ], [ 427297.0, 434973.25 ], [ 427297.0, 434973.0 ], [ 427297.75, 434973.0 ], [ 427297.75, 434972.75 ], [ 427298.0, 434972.75 ], [ 427298.0, 434972.5 ], [ 427298.5, 434972.5 ], [ 427298.5, 434972.25 ], [ 427299.0, 434972.25 ], [ 427299.0, 434972.0 ], [ 427299.5, 434972.0 ], [ 427299.5, 434971.75 ], [ 427299.75, 434971.75 ], [ 427299.75, 434971.5 ], [ 427300.25, 434971.5 ], [ 427300.25, 434971.25 ], [ 427300.5, 434971.25 ], [ 427300.5, 434971.0 ], [ 427301.0, 434971.0 ], [ 427301.0, 434970.75 ], [ 427301.25, 434970.75 ], [ 427301.25, 434970.5 ], [ 427301.75, 434970.5 ], [ 427301.75, 434970.25 ], [ 427302.25, 434970.25 ], [ 427302.25, 434970.0 ], [ 427302.5, 434970.0 ], [ 427302.5, 434969.75 ], [ 427303.0, 434969.75 ], [ 427303.0, 434969.5 ], [ 427303.5, 434969.5 ], [ 427303.5, 434969.25 ], [ 427304.25, 434969.25 ], [ 427304.25, 434969.0 ], [ 427304.75, 434969.0 ], [ 427304.75, 434968.75 ], [ 427305.25, 434968.75 ], [ 427305.25, 434968.5 ], [ 427306.25, 434968.5 ], [ 427306.25, 434968.25 ], [ 427307.25, 434968.25 ], [ 427307.25, 434968.0 ], [ 427308.0, 434968.0 ], [ 427308.0, 434967.75 ], [ 427308.5, 434967.75 ], [ 427308.5, 434967.5 ], [ 427309.25, 434967.5 ], [ 427309.25, 434967.25 ], [ 427309.75, 434967.25 ], [ 427309.75, 434967.0 ], [ 427310.25, 434967.0 ], [ 427310.25, 434966.75 ], [ 427310.75, 434966.75 ], [ 427310.75, 434966.5 ], [ 427312.0, 434966.5 ], [ 427312.0, 434966.25 ], [ 427313.5, 434966.25 ], [ 427313.5, 434966.0 ], [ 427314.25, 434966.0 ], [ 427314.25, 434965.75 ], [ 427315.0, 434965.75 ], [ 427315.0, 434965.5 ], [ 427315.5, 434965.5 ], [ 427315.5, 434965.25 ], [ 427316.25, 434965.25 ], [ 427316.25, 434965.0 ], [ 427318.0, 434965.0 ], [ 427318.0, 434964.75 ], [ 427319.0, 434964.75 ], [ 427319.0, 434964.5 ], [ 427319.75, 434964.5 ], [ 427319.75, 434964.25 ], [ 427320.5, 434964.25 ], [ 427320.5, 434964.0 ], [ 427321.0, 434964.0 ], [ 427321.0, 434963.75 ], [ 427321.5, 434963.75 ], [ 427321.5, 434963.5 ], [ 427321.75, 434963.5 ], [ 427321.75, 434963.25 ], [ 427322.0, 434963.25 ], [ 427322.0, 434963.0 ], [ 427322.25, 434963.0 ], [ 427322.25, 434962.75 ], [ 427322.5, 434962.75 ], [ 427322.5, 434962.0 ], [ 427322.75, 434962.0 ], [ 427322.75, 434961.0 ], [ 427322.5, 434961.0 ], [ 427322.5, 434960.25 ], [ 427322.25, 434960.25 ], [ 427322.25, 434959.5 ], [ 427322.0, 434959.5 ], [ 427322.0, 434957.75 ], [ 427321.75, 434957.75 ], [ 427321.75, 434957.0 ], [ 427321.5, 434957.0 ], [ 427321.5, 434956.0 ], [ 427321.25, 434956.0 ], [ 427321.25, 434955.0 ], [ 427321.0, 434955.0 ], [ 427321.0, 434953.75 ], [ 427320.75, 434953.75 ], [ 427320.75, 434952.75 ], [ 427320.5, 434952.75 ], [ 427320.5, 434951.0 ], [ 427320.25, 434951.0 ], [ 427320.25, 434949.75 ], [ 427320.0, 434949.75 ], [ 427320.0, 434949.0 ], [ 427319.75, 434949.0 ], [ 427319.75, 434948.5 ], [ 427319.5, 434948.5 ], [ 427319.5, 434947.75 ], [ 427319.25, 434947.75 ], [ 427319.25, 434947.25 ], [ 427319.0, 434947.25 ], [ 427319.0, 434946.75 ], [ 427318.75, 434946.75 ], [ 427318.75, 434945.5 ], [ 427319.0, 434945.5 ], [ 427319.0, 434945.0 ], [ 427319.25, 434945.0 ], [ 427319.25, 434944.5 ], [ 427319.5, 434944.5 ], [ 427319.5, 434944.25 ], [ 427319.75, 434944.25 ], [ 427319.75, 434944.0 ], [ 427320.0, 434944.0 ], [ 427320.0, 434943.5 ], [ 427320.25, 434943.5 ], [ 427320.25, 434943.25 ], [ 427320.5, 434943.25 ], [ 427320.5, 434943.0 ], [ 427320.75, 434943.0 ], [ 427320.75, 434942.5 ], [ 427321.0, 434942.5 ], [ 427321.0, 434942.25 ], [ 427321.25, 434942.25 ], [ 427321.25, 434942.0 ], [ 427321.75, 434942.0 ], [ 427321.75, 434941.75 ], [ 427322.0, 434941.75 ], [ 427322.0, 434941.25 ], [ 427322.25, 434941.25 ], [ 427322.25, 434941.0 ], [ 427322.5, 434941.0 ], [ 427322.5, 434940.75 ], [ 427322.75, 434940.75 ], [ 427322.75, 434940.5 ], [ 427323.25, 434940.5 ], [ 427323.25, 434940.25 ], [ 427323.75, 434940.25 ], [ 427323.75, 434940.0 ], [ 427324.5, 434940.0 ], [ 427324.5, 434939.75 ], [ 427325.0, 434939.75 ], [ 427325.0, 434939.5 ], [ 427325.5, 434939.5 ], [ 427325.5, 434939.25 ], [ 427326.5, 434939.25 ], [ 427326.5, 434939.0 ], [ 427327.25, 434939.0 ], [ 427327.25, 434938.75 ], [ 427328.0, 434938.75 ], [ 427328.0, 434938.5 ], [ 427328.75, 434938.5 ], [ 427328.75, 434938.25 ], [ 427330.0, 434938.25 ], [ 427330.0, 434938.0 ], [ 427331.0, 434938.0 ], [ 427331.0, 434937.75 ], [ 427332.0, 434937.75 ], [ 427332.0, 434937.5 ], [ 427333.0, 434937.5 ], [ 427333.0, 434937.25 ], [ 427334.25, 434937.25 ], [ 427334.25, 434937.0 ], [ 427335.5, 434937.0 ], [ 427335.5, 434936.75 ], [ 427337.0, 434936.75 ], [ 427337.0, 434936.5 ], [ 427338.25, 434936.5 ], [ 427338.25, 434936.25 ], [ 427339.0, 434936.25 ], [ 427339.0, 434936.5 ], [ 427339.75, 434936.5 ], [ 427339.75, 434936.25 ], [ 427340.5, 434936.25 ], [ 427340.5, 434936.0 ], [ 427342.75, 434936.0 ], [ 427342.75, 434936.25 ], [ 427343.5, 434936.25 ], [ 427343.5, 434936.5 ], [ 427344.0, 434936.5 ], [ 427344.0, 434936.75 ], [ 427344.5, 434936.75 ], [ 427344.5, 434937.0 ], [ 427344.75, 434937.0 ], [ 427344.75, 434937.25 ], [ 427345.0, 434937.25 ], [ 427345.0, 434937.5 ], [ 427345.25, 434937.5 ], [ 427345.25, 434938.0 ], [ 427345.5, 434938.0 ], [ 427345.5, 434938.5 ], [ 427346.0, 434938.5 ], [ 427346.0, 434938.75 ], [ 427346.25, 434938.75 ], [ 427346.25, 434939.0 ], [ 427346.5, 434939.0 ], [ 427346.5, 434939.5 ], [ 427346.75, 434939.5 ], [ 427346.75, 434942.0 ], [ 427346.5, 434942.0 ], [ 427346.5, 434942.5 ], [ 427346.25, 434942.5 ], [ 427346.25, 434943.0 ], [ 427346.0, 434943.0 ], [ 427346.0, 434943.5 ], [ 427345.75, 434943.5 ], [ 427345.75, 434944.0 ], [ 427345.5, 434944.0 ], [ 427345.5, 434944.75 ], [ 427345.25, 434944.75 ], [ 427345.25, 434945.25 ], [ 427345.0, 434945.25 ], [ 427345.0, 434945.5 ], [ 427344.75, 434945.5 ], [ 427344.75, 434945.75 ], [ 427344.5, 434945.75 ], [ 427344.5, 434946.25 ], [ 427344.25, 434946.25 ], [ 427344.25, 434947.25 ], [ 427344.0, 434947.25 ], [ 427344.0, 434947.75 ], [ 427343.75, 434947.75 ], [ 427343.75, 434948.25 ], [ 427343.5, 434948.25 ], [ 427343.5, 434948.75 ], [ 427343.25, 434948.75 ], [ 427343.25, 434949.0 ], [ 427343.0, 434949.0 ], [ 427343.0, 434949.25 ], [ 427342.75, 434949.25 ], [ 427342.75, 434949.75 ], [ 427343.0, 434949.75 ], [ 427343.0, 434950.0 ], [ 427343.5, 434950.0 ], [ 427343.5, 434950.25 ], [ 427343.75, 434950.25 ], [ 427343.75, 434952.0 ], [ 427344.0, 434952.0 ], [ 427344.0, 434952.25 ], [ 427344.25, 434952.25 ], [ 427344.25, 434953.0 ], [ 427344.0, 434953.0 ], [ 427344.0, 434954.0 ], [ 427344.25, 434954.0 ], [ 427344.25, 434954.25 ], [ 427344.5, 434954.25 ], [ 427344.5, 434954.5 ], [ 427344.75, 434954.5 ], [ 427344.75, 434955.0 ], [ 427345.75, 434955.0 ], [ 427345.75, 434955.25 ], [ 427346.75, 434955.25 ], [ 427346.75, 434955.5 ], [ 427347.0, 434955.5 ], [ 427347.0, 434956.25 ], [ 427346.75, 434956.25 ], [ 427346.75, 434956.75 ], [ 427346.25, 434956.75 ], [ 427346.25, 434957.0 ], [ 427346.0, 434957.0 ], [ 427346.0, 434957.25 ], [ 427345.75, 434957.25 ], [ 427345.75, 434957.75 ], [ 427346.0, 434957.75 ], [ 427346.0, 434958.0 ], [ 427346.75, 434958.0 ], [ 427346.75, 434958.25 ], [ 427347.0, 434958.25 ], [ 427347.0, 434958.75 ], [ 427346.75, 434958.75 ], [ 427346.75, 434959.25 ], [ 427346.5, 434959.25 ], [ 427346.5, 434959.5 ], [ 427346.25, 434959.5 ], [ 427346.25, 434959.75 ], [ 427346.0, 434959.75 ], [ 427346.0, 434960.0 ], [ 427345.75, 434960.0 ], [ 427345.75, 434960.25 ], [ 427342.5, 434960.25 ], [ 427342.5, 434960.5 ], [ 427342.25, 434960.5 ], [ 427342.25, 434961.0 ], [ 427342.0, 434961.0 ], [ 427342.0, 434961.25 ], [ 427341.5, 434961.25 ], [ 427341.5, 434961.75 ], [ 427341.75, 434961.75 ], [ 427341.75, 434962.0 ], [ 427342.25, 434962.0 ], [ 427342.25, 434962.25 ], [ 427342.75, 434962.25 ], [ 427342.75, 434962.0 ], [ 427344.0, 434962.0 ], [ 427344.0, 434962.25 ], [ 427344.25, 434962.25 ], [ 427344.25, 434962.5 ], [ 427344.5, 434962.5 ], [ 427344.5, 434962.75 ], [ 427344.75, 434962.75 ], [ 427344.75, 434962.5 ], [ 427345.0, 434962.5 ], [ 427345.0, 434962.0 ], [ 427345.25, 434962.0 ], [ 427345.25, 434960.75 ], [ 427345.5, 434960.75 ], [ 427345.5, 434960.5 ], [ 427345.75, 434960.5 ], [ 427345.75, 434960.75 ], [ 427348.5, 434960.75 ], [ 427348.5, 434961.0 ], [ 427348.75, 434961.0 ], [ 427348.75, 434961.5 ], [ 427348.5, 434961.5 ], [ 427348.5, 434961.75 ], [ 427348.25, 434961.75 ], [ 427348.25, 434962.0 ], [ 427348.0, 434962.0 ], [ 427348.0, 434962.25 ], [ 427347.75, 434962.25 ], [ 427347.75, 434962.75 ], [ 427347.25, 434962.75 ], [ 427347.25, 434963.0 ], [ 427346.75, 434963.0 ], [ 427346.75, 434963.25 ], [ 427346.25, 434963.25 ], [ 427346.25, 434963.5 ], [ 427346.0, 434963.5 ], [ 427346.0, 434964.75 ], [ 427345.75, 434964.75 ], [ 427345.75, 434965.5 ], [ 427345.5, 434965.5 ], [ 427345.5, 434965.75 ], [ 427345.0, 434965.75 ], [ 427345.0, 434966.0 ], [ 427344.75, 434966.0 ], [ 427344.75, 434966.25 ], [ 427344.5, 434966.25 ], [ 427344.5, 434966.5 ], [ 427344.25, 434966.5 ], [ 427344.25, 434966.75 ], [ 427343.75, 434966.75 ], [ 427343.75, 434967.0 ], [ 427343.5, 434967.0 ], [ 427343.5, 434967.25 ], [ 427343.0, 434967.25 ], [ 427343.0, 434967.5 ], [ 427342.75, 434967.5 ], [ 427342.75, 434967.75 ], [ 427342.5, 434967.75 ], [ 427342.5, 434968.0 ], [ 427342.25, 434968.0 ], [ 427342.25, 434968.5 ], [ 427342.0, 434968.5 ], [ 427342.0, 434968.75 ], [ 427341.75, 434968.75 ], [ 427341.75, 434969.0 ], [ 427341.5, 434969.0 ], [ 427341.5, 434969.25 ], [ 427341.25, 434969.25 ], [ 427341.25, 434969.5 ], [ 427341.0, 434969.5 ], [ 427341.0, 434969.75 ], [ 427340.75, 434969.75 ], [ 427340.75, 434970.0 ], [ 427340.25, 434970.0 ], [ 427340.25, 434970.25 ], [ 427340.0, 434970.25 ], [ 427340.0, 434970.5 ], [ 427339.75, 434970.5 ], [ 427339.75, 434970.75 ], [ 427339.5, 434970.75 ], [ 427339.5, 434971.0 ], [ 427339.25, 434971.0 ], [ 427339.25, 434971.25 ], [ 427339.0, 434971.25 ], [ 427339.0, 434971.5 ], [ 427338.75, 434971.5 ], [ 427338.75, 434971.75 ], [ 427338.5, 434971.75 ], [ 427338.5, 434972.0 ], [ 427338.25, 434972.0 ], [ 427338.25, 434972.25 ], [ 427338.0, 434972.25 ], [ 427338.0, 434972.5 ], [ 427337.75, 434972.5 ], [ 427337.75, 434972.75 ], [ 427337.5, 434972.75 ], [ 427337.5, 434973.25 ], [ 427337.25, 434973.25 ], [ 427337.25, 434974.0 ], [ 427337.0, 434974.0 ], [ 427337.0, 434974.5 ], [ 427336.75, 434974.5 ], [ 427336.75, 434974.75 ], [ 427336.5, 434974.75 ], [ 427336.5, 434975.25 ], [ 427336.25, 434975.25 ], [ 427336.25, 434975.5 ], [ 427336.0, 434975.5 ], [ 427336.0, 434975.75 ], [ 427335.75, 434975.75 ], [ 427335.75, 434976.0 ], [ 427335.5, 434976.0 ], [ 427335.5, 434976.5 ], [ 427335.25, 434976.5 ], [ 427335.25, 434976.75 ], [ 427335.0, 434976.75 ], [ 427335.0, 434977.0 ], [ 427334.75, 434977.0 ], [ 427334.75, 434977.25 ], [ 427334.5, 434977.25 ], [ 427334.5, 434977.5 ], [ 427334.25, 434977.5 ], [ 427334.25, 434977.75 ], [ 427334.0, 434977.75 ], [ 427334.0, 434978.25 ], [ 427333.75, 434978.25 ], [ 427333.75, 434978.5 ], [ 427333.5, 434978.5 ], [ 427333.5, 434978.75 ], [ 427333.0, 434978.75 ], [ 427333.0, 434979.0 ], [ 427332.75, 434979.0 ], [ 427332.75, 434979.5 ], [ 427332.25, 434979.5 ], [ 427332.25, 434979.75 ], [ 427332.0, 434979.75 ], [ 427332.0, 434980.0 ], [ 427331.5, 434980.0 ], [ 427331.5, 434980.25 ], [ 427331.25, 434980.25 ], [ 427331.25, 434980.5 ], [ 427330.75, 434980.5 ], [ 427330.75, 434980.75 ], [ 427330.5, 434980.75 ], [ 427330.5, 434981.0 ], [ 427330.0, 434981.0 ], [ 427330.0, 434981.25 ], [ 427329.75, 434981.25 ], [ 427329.75, 434981.5 ], [ 427329.5, 434981.5 ], [ 427329.5, 434981.75 ], [ 427329.0, 434981.75 ], [ 427329.0, 434982.0 ], [ 427328.75, 434982.0 ], [ 427328.75, 434982.5 ], [ 427328.5, 434982.5 ], [ 427328.5, 434982.75 ], [ 427328.25, 434982.75 ], [ 427328.25, 434983.0 ], [ 427328.0, 434983.0 ], [ 427328.0, 434983.25 ], [ 427327.75, 434983.25 ], [ 427327.75, 434983.5 ], [ 427327.25, 434983.5 ], [ 427327.25, 434983.75 ], [ 427327.0, 434983.75 ], [ 427327.0, 434984.0 ], [ 427326.5, 434984.0 ], [ 427326.5, 434984.25 ], [ 427326.25, 434984.25 ], [ 427326.25, 434984.5 ], [ 427326.0, 434984.5 ], [ 427326.0, 434984.75 ], [ 427325.5, 434984.75 ], [ 427325.5, 434985.0 ], [ 427325.25, 434985.0 ], [ 427325.25, 434985.25 ], [ 427325.0, 434985.25 ], [ 427325.0, 434985.5 ], [ 427324.75, 434985.5 ], [ 427324.75, 434985.75 ], [ 427324.5, 434985.75 ], [ 427324.5, 434986.0 ], [ 427324.25, 434986.0 ], [ 427324.25, 434986.25 ], [ 427324.0, 434986.25 ], [ 427324.0, 434986.75 ], [ 427323.75, 434986.75 ], [ 427323.75, 434987.0 ], [ 427323.5, 434987.0 ], [ 427323.5, 434987.25 ], [ 427323.25, 434987.25 ], [ 427323.25, 434987.5 ], [ 427323.0, 434987.5 ], [ 427323.0, 434987.75 ], [ 427322.5, 434987.75 ], [ 427322.5, 434988.0 ], [ 427322.25, 434988.0 ], [ 427322.25, 434988.25 ], [ 427321.75, 434988.25 ], [ 427321.75, 434988.5 ], [ 427321.5, 434988.5 ], [ 427321.5, 434988.75 ], [ 427321.25, 434988.75 ], [ 427321.25, 434989.0 ], [ 427320.75, 434989.0 ], [ 427320.75, 434989.25 ], [ 427320.5, 434989.25 ], [ 427320.5, 434989.5 ], [ 427320.25, 434989.5 ], [ 427320.25, 434990.0 ], [ 427320.0, 434990.0 ], [ 427320.0, 434990.25 ], [ 427319.75, 434990.25 ], [ 427319.75, 434991.0 ], [ 427319.5, 434991.0 ], [ 427319.5, 434991.5 ], [ 427319.25, 434991.5 ], [ 427319.25, 434991.75 ], [ 427319.0, 434991.75 ], [ 427319.0, 434992.25 ], [ 427318.75, 434992.25 ], [ 427318.75, 434992.5 ], [ 427318.5, 434992.5 ], [ 427318.5, 434992.75 ], [ 427318.25, 434992.75 ], [ 427318.25, 434993.0 ], [ 427318.0, 434993.0 ], [ 427318.0, 434993.25 ], [ 427317.5, 434993.25 ], [ 427317.5, 434993.5 ], [ 427317.25, 434993.5 ], [ 427317.25, 434993.75 ], [ 427317.0, 434993.75 ], [ 427317.0, 434994.0 ], [ 427316.75, 434994.0 ], [ 427316.75, 434994.25 ], [ 427316.5, 434994.25 ], [ 427316.5, 434994.5 ], [ 427316.25, 434994.5 ], [ 427316.25, 434995.0 ], [ 427316.0, 434995.0 ], [ 427316.0, 434995.25 ], [ 427315.75, 434995.25 ], [ 427315.75, 434995.5 ], [ 427315.5, 434995.5 ], [ 427315.5, 434995.75 ], [ 427315.0, 434995.75 ], [ 427315.0, 434996.0 ], [ 427314.5, 434996.0 ], [ 427314.5, 434996.25 ], [ 427314.25, 434996.25 ], [ 427314.25, 434996.5 ], [ 427313.75, 434996.5 ], [ 427313.75, 434996.75 ], [ 427313.5, 434996.75 ], [ 427313.5, 434997.0 ], [ 427313.25, 434997.0 ], [ 427313.25, 434997.25 ], [ 427313.0, 434997.25 ], [ 427313.0, 434997.5 ], [ 427312.75, 434997.5 ], [ 427312.75, 434998.0 ], [ 427312.5, 434998.0 ], [ 427312.5, 434998.5 ], [ 427312.25, 434998.5 ], [ 427312.25, 435000.0 ], [ 427291.5, 435000.0 ], [ 427291.5, 434999.25 ], [ 427291.25, 434999.25 ], [ 427291.25, 434998.5 ], [ 427291.0, 434998.5 ], [ 427291.0, 434998.0 ], [ 427290.75, 434998.0 ], [ 427290.75, 434997.75 ], [ 427290.5, 434997.75 ], [ 427290.5, 434997.5 ], [ 427290.25, 434997.5 ], [ 427290.25, 434997.25 ], [ 427289.5, 434997.25 ], [ 427289.5, 434997.0 ], [ 427286.5, 434997.0 ], [ 427286.5, 434997.25 ], [ 427286.25, 434997.25 ], [ 427286.25, 434997.5 ], [ 427286.0, 434997.5 ], [ 427286.0, 434998.0 ], [ 427285.75, 434998.0 ], [ 427285.75, 434998.25 ], [ 427285.5, 434998.25 ], [ 427285.5, 434998.5 ], [ 427285.25, 434998.5 ], [ 427285.25, 434999.5 ], [ 427285.0, 434999.5 ], [ 427285.0, 435000.0 ], [ 427232.0, 435000.0 ] ], [ [ 427256.0, 434998.25 ], [ 427256.5, 434998.25 ], [ 427256.5, 434998.0 ], [ 427257.0, 434998.0 ], [ 427257.0, 434997.75 ], [ 427257.5, 434997.75 ], [ 427257.5, 434997.5 ], [ 427257.75, 434997.5 ], [ 427257.75, 434997.25 ], [ 427258.0, 434997.25 ], [ 427258.0, 434997.0 ], [ 427258.25, 434997.0 ], [ 427258.25, 434996.5 ], [ 427258.5, 434996.5 ], [ 427258.5, 434996.25 ], [ 427258.75, 434996.25 ], [ 427258.75, 434996.0 ], [ 427259.0, 434996.0 ], [ 427259.0, 434995.5 ], [ 427259.25, 434995.5 ], [ 427259.25, 434995.0 ], [ 427259.5, 434995.0 ], [ 427259.5, 434994.75 ], [ 427259.75, 434994.75 ], [ 427259.75, 434994.25 ], [ 427259.5, 434994.25 ], [ 427259.5, 434994.0 ], [ 427259.25, 434994.0 ], [ 427259.25, 434993.75 ], [ 427258.5, 434993.75 ], [ 427258.5, 434993.5 ], [ 427258.0, 434993.5 ], [ 427258.0, 434993.25 ], [ 427257.25, 434993.25 ], [ 427257.25, 434993.0 ], [ 427256.0, 434993.0 ], [ 427256.0, 434998.25 ] ] ] } },
{ "type": "Feature", "properties": { }, "geometry": { "type": "Polygon", "coordinates": [ [ [ 427878.5, 434895.0 ], [ 427878.5, 434894.75 ], [ 427878.25, 434894.75 ], [ 427878.25, 434893.5 ], [ 427878.75, 434893.5 ], [ 427878.75, 434893.75 ], [ 427879.0, 434893.75 ], [ 427879.0, 434894.0 ], [ 427879.25, 434894.0 ], [ 427879.25, 434894.25 ], [ 427879.5, 434894.25 ], [ 427879.5, 434894.75 ], [ 427878.75, 434894.75 ], [ 427878.75, 434895.0 ], [ 427878.5, 434895.0 ] ] ] } },
{ "type": "Feature", "properties": { }, "geometry": { "type": "Polygon", "coordinates": [ [ [ 427732.0, 434941.5 ], [ 427732.0, 434941.25 ], [ 427730.5, 434941.25 ], [ 427730.5, 434941.0 ], [ 427729.75, 434941.0 ], [ 427729.75, 434940.75 ], [ 427729.0, 434940.75 ], [ 427729.0, 434940.5 ], [ 427728.0, 434940.5 ], [ 427728.0, 434940.25 ], [ 427727.5, 434940.25 ], [ 427727.5, 434940.0 ], [ 427727.0, 434940.0 ], [ 427727.0, 434939.75 ], [ 427726.75, 434939.75 ], [ 427726.75, 434939.5 ], [ 427726.25, 434939.5 ], [ 427726.25, 434939.0 ], [ 427726.0, 434939.0 ], [ 427726.0, 434938.75 ], [ 427725.75, 434938.75 ], [ 427725.75, 434938.5 ], [ 427725.5, 434938.5 ], [ 427725.5, 434938.25 ], [ 427725.25, 434938.25 ], [ 427725.25, 434937.75 ], [ 427725.0, 434937.75 ], [ 427725.0, 434937.25 ], [ 427724.75, 434937.25 ], [ 427724.75, 434936.75 ], [ 427724.5, 434936.75 ], [ 427724.5, 434936.25 ], [ 427724.25, 434936.25 ], [ 427724.25, 434935.5 ], [ 427724.0, 434935.5 ], [ 427724.0, 434934.75 ], [ 427723.75, 434934.75 ], [ 427723.75, 434934.0 ], [ 427723.5, 434934.0 ], [ 427723.5, 434933.25 ], [ 427723.25, 434933.25 ], [ 427723.25, 434932.5 ], [ 427723.0, 434932.5 ], [ 427723.0, 434932.0 ], [ 427722.75, 434932.0 ], [ 427722.75, 434931.5 ], [ 427722.5, 434931.5 ], [ 427722.5, 434931.0 ], [ 427722.25, 434931.0 ], [ 427722.25, 434930.5 ], [ 427722.0, 434930.5 ], [ 427722.0, 434930.25 ], [ 427721.75, 434930.25 ], [ 427721.75, 434929.75 ], [ 427721.5, 434929.75 ], [ 427721.5, 434929.5 ], [ 427721.25, 434929.5 ], [ 427721.25, 434929.25 ], [ 427721.0, 434929.25 ], [ 427721.0, 434928.75 ], [ 427720.75, 434928.75 ], [ 427720.75, 434928.5 ], [ 427720.5, 434928.5 ], [ 427720.5, 434927.75 ], [ 427720.25, 434927.75 ], [ 427720.25, 434927.0 ], [ 427720.0, 434927.0 ], [ 427720.0, 434926.25 ], [ 427719.75, 434926.25 ], [ 427719.75, 434925.75 ], [ 427719.5, 434925.75 ], [ 427719.5, 434925.0 ], [ 427719.25, 434925.0 ], [ 427719.25, 434924.25 ], [ 427719.0, 434924.25 ], [ 427719.0, 434923.75 ], [ 427718.75, 434923.75 ], [ 427718.75, 434923.25 ], [ 427718.5, 434923.25 ], [ 427718.5, 434922.25 ], [ 427718.25, 434922.25 ], [ 427718.25, 434921.5 ], [ 427718.0, 434921.5 ], [ 427718.0, 434920.75 ], [ 427717.75, 434920.75 ], [ 427717.75, 434920.0 ], [ 427717.5, 434920.0 ], [ 427717.5, 434919.5 ], [ 427717.25, 434919.5 ], [ 427717.25, 434919.25 ], [ 427717.0, 434919.25 ], [ 427717.0, 434918.75 ], [ 427716.75, 434918.75 ], [ 427716.75, 434918.25 ], [ 427716.5, 434918.25 ], [ 427716.5, 434917.75 ], [ 427716.25, 434917.75 ], [ 427716.25, 434917.25 ], [ 427716.0, 434917.25 ], [ 427716.0, 434916.75 ], [ 427715.75, 434916.75 ], [ 427715.75, 434916.0 ], [ 427715.5, 434916.0 ], [ 427715.5, 434914.25 ], [ 427715.25, 434914.25 ], [ 427715.25, 434913.25 ], [ 427715.0, 434913.25 ], [ 427715.0, 434912.75 ], [ 427714.75, 434912.75 ], [ 427714.75, 434911.25 ], [ 427714.5, 434911.25 ], [ 427714.5, 434910.25 ], [ 427714.25, 434910.25 ], [ 427714.25, 434909.5 ], [ 427714.0, 434909.5 ], [ 427714.0, 434908.25 ], [ 427713.75, 434908.25 ], [ 427713.75, 434907.5 ], [ 427713.5, 434907.5 ], [ 427713.5, 434906.75 ], [ 427713.25, 434906.75 ], [ 427713.25, 434906.0 ], [ 427713.0, 434906.0 ], [ 427713.0, 434905.25 ], [ 427712.75, 434905.25 ], [ 427712.75, 434904.5 ], [ 427712.5, 434904.5 ], [ 427712.5, 434903.75 ], [ 427712.25, 434903.75 ], [ 427712.25, 434902.5 ], [ 427712.0, 434902.5 ], [ 427712.0, 434901.5 ], [ 427711.75, 434901.5 ], [ 427711.75, 434900.5 ], [ 427711.5, 434900.5 ], [ 427711.5, 434899.25 ], [ 427711.25, 434899.25 ], [ 427711.25, 434898.25 ], [ 427711.0, 434898.25 ], [ 427711.0, 434897.0 ], [ 427710.75, 434897.0 ], [ 427710.75, 434896.0 ], [ 427710.5, 434896.0 ], [ 427710.5, 434894.75 ], [ 427710.25, 434894.75 ], [ 427710.25, 434893.0 ], [ 427710.5, 434893.0 ], [ 427710.5, 434892.75 ], [ 427710.75, 434892.75 ], [ 427710.75, 434891.75 ], [ 427711.0, 434891.75 ], [ 427711.0, 434891.5 ], [ 427711.25, 434891.5 ], [ 427711.25, 434891.25 ], [ 427711.5, 434891.25 ], [ 427711.5, 434891.0 ], [ 427712.0, 434891.0 ], [ 427712.0, 434890.75 ], [ 427712.25, 434890.75 ], [ 427712.25, 434890.5 ], [ 427712.5, 434890.5 ], [ 427712.5, 434890.25 ], [ 427713.25, 434890.25 ], [ 427713.25, 434890.0 ], [ 427713.75, 434890.0 ], [ 427713.75, 434889.75 ], [ 427714.25, 434889.75 ], [ 427714.25, 434889.5 ], [ 427714.75, 434889.5 ], [ 427714.75, 434889.25 ], [ 427715.25, 434889.25 ], [ 427715.25, 434889.0 ], [ 427715.5, 434889.0 ], [ 427715.5, 434888.75 ], [ 427716.25, 434888.75 ], [ 427716.25, 434888.5 ], [ 427716.75, 434888.5 ], [ 427716.75, 434888.25 ], [ 427717.5, 434888.25 ], [ 427717.5, 434888.0 ], [ 427718.25, 434888.0 ], [ 427718.25, 434887.75 ], [ 427718.75, 434887.75 ], [ 427718.75, 434887.5 ], [ 427719.25, 434887.5 ], [ 427719.25, 434887.25 ], [ 427720.0, 434887.25 ], [ 427720.0, 434887.0 ], [ 427720.75, 434887.0 ], [ 427720.75, 434886.75 ], [ 427721.25, 434886.75 ], [ 427721.25, 434886.5 ], [ 427721.75, 434886.5 ], [ 427721.75, 434886.25 ], [ 427722.5, 434886.25 ], [ 427722.5, 434886.0 ], [ 427723.75, 434886.0 ], [ 427723.75, 434885.75 ], [ 427725.5, 434885.75 ], [ 427725.5, 434886.0 ], [ 427726.0, 434886.0 ], [ 427726.0, 434886.25 ], [ 427726.5, 434886.25 ], [ 427726.5, 434886.5 ], [ 427726.75, 434886.5 ], [ 427726.75, 434886.75 ], [ 427727.25, 434886.75 ], [ 427727.25, 434887.0 ], [ 427727.5, 434887.0 ], [ 427727.5, 434887.25 ], [ 427727.75, 434887.25 ], [ 427727.75, 434887.75 ], [ 427728.0, 434887.75 ], [ 427728.0, 434888.0 ], [ 427728.25, 434888.0 ], [ 427728.25, 434888.5 ], [ 427728.5, 434888.5 ], [ 427728.5, 434889.0 ], [ 427728.75, 434889.0 ], [ 427728.75, 434889.5 ], [ 427729.0, 434889.5 ], [ 427729.0, 434890.0 ], [ 427729.25, 434890.0 ], [ 427729.25, 434891.0 ], [ 427729.5, 434891.0 ], [ 427729.5, 434893.5 ], [ 427729.75, 434893.5 ], [ 427729.75, 434894.5 ], [ 427730.0, 434894.5 ], [ 427730.0, 434895.0 ], [ 427730.25, 434895.0 ], [ 427730.25, 434895.75 ], [ 427730.5, 434895.75 ], [ 427730.5, 434896.25 ], [ 427730.75, 434896.25 ], [ 427730.75, 434896.75 ], [ 427731.0, 434896.75 ], [ 427731.0, 434897.0 ], [ 427731.25, 434897.0 ], [ 427731.25, 434897.5 ], [ 427731.5, 434897.5 ], [ 427731.5, 434897.75 ], [ 427731.75, 434897.75 ], [ 427731.75, 434898.25 ], [ 427732.0, 434898.25 ], [ 427732.0, 434898.75 ], [ 427732.25, 434898.75 ], [ 427732.25, 434899.5 ], [ 427732.5, 434899.5 ], [ 427732.5, 434900.0 ], [ 427732.75, 434900.0 ], [ 427732.75, 434900.75 ], [ 427733.0, 434900.75 ], [ 427733.0, 434901.5 ], [ 427733.25, 434901.5 ], [ 427733.25, 434902.5 ], [ 427733.5, 434902.5 ], [ 427733.5, 434903.5 ], [ 427733.75, 434903.5 ], [ 427733.75, 434904.5 ], [ 427734.0, 434904.5 ], [ 427734.0, 434905.75 ], [ 427734.25, 434905.75 ], [ 427734.25, 434906.75 ], [ 427734.5, 434906.75 ], [ 427734.5, 434907.75 ], [ 427734.75, 434907.75 ], [ 427734.75, 434908.25 ], [ 427735.0, 434908.25 ], [ 427735.0, 434909.25 ], [ 427735.25, 434909.25 ], [ 427735.25, 434910.5 ], [ 427735.5, 434910.5 ], [ 427735.5, 434911.0 ], [ 427735.75, 434911.0 ], [ 427735.75, 434912.25 ], [ 427736.0, 434912.25 ], [ 427736.0, 434914.0 ], [ 427736.25, 434914.0 ], [ 427736.25, 434915.0 ], [ 427736.5, 434915.0 ], [ 427736.5, 434916.0 ], [ 427736.75, 434916.0 ], [ 427736.75, 434917.25 ], [ 427737.0, 434917.25 ], [ 427737.0, 434918.0 ], [ 427737.25, 434918.0 ], [ 427737.25, 434919.0 ], [ 427737.5, 434919.0 ], [ 427737.5, 434919.5 ], [ 427737.75, 434919.5 ], [ 427737.75, 434920.0 ], [ 427738.0, 434920.0 ], [ 427738.0, 434920.5 ], [ 427738.25, 434920.5 ], [ 427738.25, 434921.0 ], [ 427738.5, 434921.0 ], [ 427738.5, 434921.5 ], [ 427738.75, 434921.5 ], [ 427738.75, 434922.0 ], [ 427739.0, 434922.0 ], [ 427739.0, 434922.5 ], [ 427739.25, 434922.5 ], [ 427739.25, 434923.25 ], [ 427739.5, 434923.25 ], [ 427739.5, 434923.75 ], [ 427739.75, 434923.75 ], [ 427739.75, 434924.5 ], [ 427740.0, 434924.5 ], [ 427740.0, 434926.5 ], [ 427740.25, 434926.5 ], [ 427740.25, 434927.75 ], [ 427740.5, 434927.75 ], [ 427740.5, 434929.0 ], [ 427740.75, 434929.0 ], [ 427740.75, 434930.25 ], [ 427741.0, 434930.25 ], [ 427741.0, 434932.0 ], [ 427741.25, 434932.0 ], [ 427741.25, 434933.0 ], [ 427741.5, 434933.0 ], [ 427741.5, 434934.75 ], [ 427741.75, 434934.75 ], [ 427741.75, 434938.0 ], [ 427741.5, 434938.0 ], [ 427741.5, 434939.0 ], [ 427741.25, 434939.0 ], [ 427741.25, 434939.25 ], [ 427741.0, 434939.25 ], [ 427741.0, 434939.5 ], [ 427740.75, 434939.5 ], [ 427740.75, 434939.75 ], [ 427740.5, 434939.75 ], [ 427740.5, 434940.0 ], [ 427739.75, 434940.0 ], [ 427739.75, 434940.25 ], [ 427739.0, 434940.25 ], [ 427739.0, 434940.5 ], [ 427737.75, 434940.5 ], [ 427737.75, 434940.75 ], [ 427736.75, 434940.75 ], [ 427736.75, 434941.0 ], [ 427736.0, 434941.0 ], [ 427736.0, 434941.25 ], [ 427735.0, 434941.25 ], [ 427735.0, 434941.5 ], [ 427732.0, 434941.5 ] ] ] } },
{ "type": "Feature", "properties": { }, "geometry": { "type": "Polygon", "coordinates": [ [ [ 427890.0, 434898.5 ], [ 427890.0, 434898.25 ], [ 427889.0, 434898.25 ], [ 427889.0, 434898.0 ], [ 427888.5, 434898.0 ], [ 427888.5, 434897.75 ], [ 427888.0, 434897.75 ], [ 427888.0, 434897.5 ], [ 427887.75, 434897.5 ], [ 427887.75, 434897.0 ], [ 427887.5, 434897.0 ], [ 427887.5, 434896.25 ], [ 427887.25, 434896.25 ], [ 427887.25, 434895.75 ], [ 427887.0, 434895.75 ], [ 427887.0, 434895.25 ], [ 427887.25, 434895.25 ], [ 427887.25, 434894.75 ], [ 427887.5, 434894.75 ], [ 427887.5, 434894.5 ], [ 427887.75, 434894.5 ], [ 427887.75, 434894.25 ], [ 427888.0, 434894.25 ], [ 427888.0, 434894.0 ], [ 427888.25, 434894.0 ], [ 427888.25, 434893.25 ], [ 427888.0, 434893.25 ], [ 427888.0, 434893.0 ], [ 427887.5, 434893.0 ], [ 427887.5, 434892.75 ], [ 427887.25, 434892.75 ], [ 427887.25, 434892.5 ], [ 427887.0, 434892.5 ], [ 427887.0, 434892.25 ], [ 427886.75, 434892.25 ], [ 427886.75, 434891.75 ], [ 427886.5, 434891.75 ], [ 427886.5, 434891.5 ], [ 427886.25, 434891.5 ], [ 427886.25, 434891.25 ], [ 427885.75, 434891.25 ], [ 427885.75, 434891.0 ], [ 427885.5, 434891.0 ], [ 427885.5, 434890.5 ], [ 427885.25, 434890.5 ], [ 427885.25, 434890.0 ], [ 427885.0, 434890.0 ], [ 427885.0, 434889.5 ], [ 427884.75, 434889.5 ], [ 427884.75, 434889.25 ], [ 427884.5, 434889.25 ], [ 427884.5, 434889.0 ], [ 427884.25, 434889.0 ], [ 427884.25, 434887.25 ], [ 427884.0, 434887.25 ], [ 427884.0, 434887.0 ], [ 427883.75, 434887.0 ], [ 427883.75, 434886.75 ], [ 427883.5, 434886.75 ], [ 427883.5, 434886.0 ], [ 427883.25, 434886.0 ], [ 427883.25, 434885.25 ], [ 427883.0, 434885.25 ], [ 427883.0, 434885.0 ], [ 427882.75, 434885.0 ], [ 427882.75, 434884.75 ], [ 427882.5, 434884.75 ], [ 427882.5, 434884.25 ], [ 427882.25, 434884.25 ], [ 427882.25, 434884.0 ], [ 427882.0, 434884.0 ], [ 427882.0, 434883.75 ], [ 427881.75, 434883.75 ], [ 427881.75, 434883.25 ], [ 427881.5, 434883.25 ], [ 427881.5, 434883.5 ], [ 427881.25, 434883.5 ], [ 427881.25, 434883.75 ], [ 427881.0, 434883.75 ], [ 427881.0, 434884.25 ], [ 427880.75, 434884.25 ], [ 427880.75, 434884.5 ], [ 427880.5, 434884.5 ], [ 427880.5, 434885.0 ], [ 427880.25, 434885.0 ], [ 427880.25, 434885.25 ], [ 427880.0, 434885.25 ], [ 427880.0, 434885.5 ], [ 427879.75, 434885.5 ], [ 427879.75, 434885.75 ], [ 427879.0, 434885.75 ], [ 427879.0, 434886.0 ], [ 427878.5, 434886.0 ], [ 427878.5, 434885.5 ], [ 427878.25, 434885.5 ], [ 427878.25, 434884.25 ], [ 427878.0, 434884.25 ], [ 427878.0, 434881.25 ], [ 427878.25, 434881.25 ], [ 427878.25, 434880.5 ], [ 427878.5, 434880.5 ], [ 427878.5, 434880.25 ], [ 427879.5, 434880.25 ], [ 427879.5, 434880.0 ], [ 427879.75, 434880.0 ], [ 427879.75, 434879.75 ], [ 427880.0, 434879.75 ], [ 427880.0, 434879.25 ], [ 427881.0, 434879.25 ], [ 427881.0, 434879.75 ], [ 427881.25, 434879.75 ], [ 427881.25, 434880.25 ], [ 427881.75, 434880.25 ], [ 427881.75, 434880.0 ], [ 427882.0, 434880.0 ], [ 427882.0, 434879.75 ], [ 427882.5, 434879.75 ], [ 427882.5, 434879.25 ], [ 427881.5, 434879.25 ], [ 427881.5, 434879.0 ], [ 427881.0, 434879.0 ], [ 427881.0, 434878.5 ], [ 427881.25, 434878.5 ], [ 427881.25, 434878.0 ], [ 427881.5, 434878.0 ], [ 427881.5, 434877.5 ], [ 427882.0, 434877.5 ], [ 427882.0, 434877.25 ], [ 427884.5, 434877.25 ], [ 427884.5, 434877.0 ], [ 427885.0, 434877.0 ], [ 427885.0, 434876.75 ], [ 427885.5, 434876.75 ], [ 427885.5, 434876.5 ], [ 427886.0, 434876.5 ], [ 427886.0, 434876.25 ], [ 427887.0, 434876.25 ], [ 427887.0, 434876.5 ], [ 427887.5, 434876.5 ], [ 427887.5, 434876.75 ], [ 427889.0, 434876.75 ], [ 427889.0, 434877.0 ], [ 427889.75, 434877.0 ], [ 427889.75, 434877.25 ], [ 427890.5, 434877.25 ], [ 427890.5, 434877.75 ], [ 427890.75, 434877.75 ], [ 427890.75, 434878.75 ], [ 427889.5, 434878.75 ], [ 427889.5, 434879.0 ], [ 427889.25, 434879.0 ], [ 427889.25, 434879.25 ], [ 427888.75, 434879.25 ], [ 427888.75, 434879.5 ], [ 427888.5, 434879.5 ], [ 427888.5, 434880.5 ], [ 427888.25, 434880.5 ], [ 427888.25, 434881.0 ], [ 427887.75, 434881.0 ], [ 427887.75, 434881.25 ], [ 427887.5, 434881.25 ], [ 427887.5, 434881.5 ], [ 427887.25, 434881.5 ], [ 427887.25, 434882.25 ], [ 427887.5, 434882.25 ], [ 427887.5, 434882.75 ], [ 427887.25, 434882.75 ], [ 427887.25, 434885.25 ], [ 427887.5, 434885.25 ], [ 427887.5, 434887.5 ], [ 427887.75, 434887.5 ], [ 427887.75, 434887.75 ], [ 427888.0, 434887.75 ], [ 427888.0, 434888.0 ], [ 427888.25, 434888.0 ], [ 427888.25, 434888.25 ], [ 427889.75, 434888.25 ], [ 427889.75, 434888.0 ], [ 427890.75, 434888.0 ], [ 427890.75, 434887.5 ], [ 427891.0, 434887.5 ], [ 427891.0, 434887.0 ], [ 427891.25, 434887.0 ], [ 427891.25, 434886.75 ], [ 427891.5, 434886.75 ], [ 427891.5, 434886.5 ], [ 427891.75, 434886.5 ], [ 427891.75, 434886.25 ], [ 427892.0, 434886.25 ], [ 427892.0, 434886.0 ], [ 427892.25, 434886.0 ], [ 427892.25, 434885.75 ], [ 427892.5, 434885.75 ], [ 427892.5, 434885.5 ], [ 427892.75, 434885.5 ], [ 427892.75, 434885.25 ], [ 427893.0, 434885.25 ], [ 427893.0, 434885.0 ], [ 427893.25, 434885.0 ], [ 427893.25, 434884.75 ], [ 427894.0, 434884.75 ], [ 427894.0, 434884.5 ], [ 427894.25, 434884.5 ], [ 427894.25, 434884.25 ], [ 427894.5, 434884.25 ], [ 427894.5, 434884.5 ], [ 427894.75, 434884.5 ], [ 427894.75, 434886.0 ], [ 427895.0, 434886.0 ], [ 427895.0, 434888.0 ], [ 427895.25, 434888.0 ], [ 427895.25, 434888.5 ], [ 427896.0, 434888.5 ], [ 427896.0, 434890.25 ], [ 427895.25, 434890.25 ], [ 427895.25, 434890.5 ], [ 427895.5, 434890.5 ], [ 427895.5, 434890.75 ], [ 427896.0, 434890.75 ], [ 427896.0, 434898.5 ], [ 427890.0, 434898.5 ] ], [ [ 427893.5, 434890.75 ], [ 427893.75, 434890.75 ], [ 427893.75, 434890.25 ], [ 427893.5, 434890.25 ], [ 427893.5, 434890.75 ] ] ] } },
{ "type": "Feature", "properties": { }, "geometry": { "type": "Polygon", "coordinates": [ [ [ 427110.0, 434818.25 ], [ 427110.0, 434818.0 ], [ 427108.75, 434818.0 ], [ 427108.75, 434817.75 ], [ 427108.25, 434817.75 ], [ 427108.25, 434817.5 ], [ 427107.75, 434817.5 ], [ 427107.75, 434817.25 ], [ 427107.5, 434817.25 ], [ 427107.5, 434817.0 ], [ 427107.25, 434817.0 ], [ 427107.25, 434816.75 ], [ 427107.0, 434816.75 ], [ 427107.0, 434816.5 ], [ 427106.75, 434816.5 ], [ 427106.75, 434816.25 ], [ 427106.25, 434816.25 ], [ 427106.25, 434815.75 ], [ 427106.0, 434815.75 ], [ 427106.0, 434814.5 ], [ 427106.25, 434814.5 ], [ 427106.25, 434813.5 ], [ 427106.5, 434813.5 ], [ 427106.5, 434813.25 ], [ 427106.75, 434813.25 ], [ 427106.75, 434812.75 ], [ 427107.0, 434812.75 ], [ 427107.0, 434812.5 ], [ 427107.25, 434812.5 ], [ 427107.25, 434812.0 ], [ 427107.5, 434812.0 ], [ 427107.5, 434811.25 ], [ 427107.75, 434811.25 ], [ 427107.75, 434810.75 ], [ 427108.0, 434810.75 ], [ 427108.0, 434810.25 ], [ 427108.25, 434810.25 ], [ 427108.25, 434810.0 ], [ 427108.5, 434810.0 ], [ 427108.5, 434809.5 ], [ 427108.75, 434809.5 ], [ 427108.75, 434809.25 ], [ 427109.0, 434809.25 ], [ 427109.0, 434809.0 ], [ 427109.25, 434809.0 ], [ 427109.25, 434808.75 ], [ 427109.75, 434808.75 ], [ 427109.75, 434808.5 ], [ 427110.0, 434808.5 ], [ 427110.0, 434808.25 ], [ 427110.25, 434808.25 ], [ 427110.25, 434808.0 ], [ 427110.5, 434808.0 ], [ 427110.5, 434807.75 ], [ 427110.75, 434807.75 ], [ 427110.75, 434807.5 ], [ 427111.0, 434807.5 ], [ 427111.0, 434807.25 ], [ 427111.5, 434807.25 ], [ 427111.5, 434807.0 ], [ 427111.75, 434807.0 ], [ 427111.75, 434806.75 ], [ 427112.0, 434806.75 ], [ 427112.0, 434806.5 ], [ 427112.25, 434806.5 ], [ 427112.25, 434806.25 ], [ 427112.5, 434806.25 ], [ 427112.5, 434806.0 ], [ 427112.75, 434806.0 ], [ 427112.75, 434805.75 ], [ 427113.0, 434805.75 ], [ 427113.0, 434805.5 ], [ 427113.25, 434805.5 ], [ 427113.25, 434805.25 ], [ 427113.75, 434805.25 ], [ 427113.75, 434805.0 ], [ 427114.25, 434805.0 ], [ 427114.25, 434804.75 ], [ 427114.75, 434804.75 ], [ 427114.75, 434804.5 ], [ 427115.25, 434804.5 ], [ 427115.25, 434804.25 ], [ 427115.75, 434804.25 ], [ 427115.75, 434804.0 ], [ 427116.0, 434804.0 ], [ 427116.0, 434803.75 ], [ 427116.5, 434803.75 ], [ 427116.5, 434803.5 ], [ 427116.75, 434803.5 ], [ 427116.75, 434803.25 ], [ 427117.25, 434803.25 ], [ 427117.25, 434803.0 ], [ 427117.5, 434803.0 ], [ 427117.5, 434802.75 ], [ 427118.0, 434802.75 ], [ 427118.0, 434802.5 ], [ 427118.25, 434802.5 ], [ 427118.25, 434802.25 ], [ 427118.75, 434802.25 ], [ 427118.75, 434802.0 ], [ 427119.25, 434802.0 ], [ 427119.25, 434801.75 ], [ 427119.5, 434801.75 ], [ 427119.5, 434801.5 ], [ 427120.0, 434801.5 ], [ 427120.0, 434801.25 ], [ 427120.5, 434801.25 ], [ 427120.5, 434801.0 ], [ 427121.25, 434801.0 ], [ 427121.25, 434800.75 ], [ 427121.75, 434800.75 ], [ 427121.75, 434800.5 ], [ 427122.25, 434800.5 ], [ 427122.25, 434800.25 ], [ 427123.25, 434800.25 ], [ 427123.25, 434800.0 ], [ 427124.5, 434800.0 ], [ 427124.5, 434799.75 ], [ 427125.25, 434799.75 ], [ 427125.25, 434799.5 ], [ 427126.25, 434799.5 ], [ 427126.25, 434799.25 ], [ 427127.0, 434799.25 ], [ 427127.0, 434799.0 ], [ 427128.0, 434799.0 ], [ 427128.0, 434816.25 ], [ 427123.5, 434816.25 ], [ 427123.5, 434816.5 ], [ 427120.75, 434816.5 ], [ 427120.75, 434816.75 ], [ 427118.5, 434816.75 ], [ 427118.5, 434817.0 ], [ 427117.0, 434817.0 ], [ 427117.0, 434817.25 ], [ 427115.75, 434817.25 ], [ 427115.75, 434817.5 ], [ 427115.0, 434817.5 ], [ 427115.0, 434817.75 ], [ 427114.0, 434817.75 ], [ 427114.0, 434818.0 ], [ 427111.75, 434818.0 ], [ 427111.75, 434818.25 ], [ 427110.0, 434818.25 ] ] ] } },
{ "type": "Feature", "properties": { }, "geometry": { "type": "Polygon", "coordinates": [ [ [ 427693.25, 434820.0 ], [ 427693.25, 434819.75 ], [ 427692.75, 434819.75 ], [ 427692.75, 434819.5 ], [ 427692.5, 434819.5 ], [ 427692.5, 434819.25 ], [ 427692.25, 434819.25 ], [ 427692.25, 434819.0 ], [ 427692.0, 434819.0 ], [ 427692.0, 434818.5 ], [ 427691.75, 434818.5 ], [ 427691.75, 434818.0 ], [ 427691.5, 434818.0 ], [ 427691.5, 434817.25 ], [ 427691.25, 434817.25 ], [ 427691.25, 434816.0 ], [ 427691.0, 434816.0 ], [ 427691.0, 434815.0 ], [ 427690.75, 434815.0 ], [ 427690.75, 434814.25 ], [ 427690.5, 434814.25 ], [ 427690.5, 434813.75 ], [ 427690.25, 434813.75 ], [ 427690.25, 434812.5 ], [ 427690.0, 434812.5 ], [ 427690.0, 434809.75 ], [ 427689.75, 434809.75 ], [ 427689.75, 434808.0 ], [ 427690.0, 434808.0 ], [ 427690.0, 434805.25 ], [ 427690.25, 434805.25 ], [ 427690.25, 434803.0 ], [ 427690.5, 434803.0 ], [ 427690.5, 434802.25 ], [ 427690.75, 434802.25 ], [ 427690.75, 434802.0 ], [ 427691.0, 434802.0 ], [ 427691.0, 434801.75 ], [ 427691.25, 434801.75 ], [ 427691.25, 434801.5 ], [ 427691.5, 434801.5 ], [ 427691.5, 434801.25 ], [ 427692.0, 434801.25 ], [ 427692.0, 434801.0 ], [ 427692.5, 434801.0 ], [ 427692.5, 434800.75 ], [ 427693.25, 434800.75 ], [ 427693.25, 434800.5 ], [ 427694.25, 434800.5 ], [ 427694.25, 434800.25 ], [ 427696.0, 434800.25 ], [ 427696.0, 434800.0 ], [ 427698.5, 434800.0 ], [ 427698.5, 434799.75 ], [ 427700.5, 434799.75 ], [ 427700.5, 434799.5 ], [ 427702.5, 434799.5 ], [ 427702.5, 434799.25 ], [ 427704.75, 434799.25 ], [ 427704.75, 434799.0 ], [ 427709.0, 434799.0 ], [ 427709.0, 434799.25 ], [ 427709.75, 434799.25 ], [ 427709.75, 434799.5 ], [ 427710.0, 434799.5 ], [ 427710.0, 434799.75 ], [ 427710.25, 434799.75 ], [ 427710.25, 434800.0 ], [ 427710.75, 434800.0 ], [ 427710.75, 434800.5 ], [ 427711.0, 434800.5 ], [ 427711.0, 434800.75 ], [ 427711.25, 434800.75 ], [ 427711.25, 434801.25 ], [ 427711.5, 434801.25 ], [ 427711.5, 434802.25 ], [ 427711.75, 434802.25 ], [ 427711.75, 434806.25 ], [ 427712.0, 434806.25 ], [ 427712.0, 434809.0 ], [ 427712.25, 434809.0 ], [ 427712.25, 434812.75 ], [ 427712.5, 434812.75 ], [ 427712.5, 434814.5 ], [ 427712.25, 434814.5 ], [ 427712.25, 434816.0 ], [ 427712.0, 434816.0 ], [ 427712.0, 434816.75 ], [ 427711.75, 434816.75 ], [ 427711.75, 434817.25 ], [ 427711.5, 434817.25 ], [ 427711.5, 434817.5 ], [ 427711.25, 434817.5 ], [ 427711.25, 434817.75 ], [ 427711.0, 434817.75 ], [ 427711.0, 434818.0 ], [ 427710.5, 434818.0 ], [ 427710.5, 434818.25 ], [ 427710.0, 434818.25 ], [ 427710.0, 434818.5 ], [ 427709.5, 434818.5 ], [ 427709.5, 434818.75 ], [ 427708.5, 434818.75 ], [ 427708.5, 434819.0 ], [ 427707.0, 434819.0 ], [ 427707.0, 434819.25 ], [ 427705.25, 434819.25 ], [ 427705.25, 434819.5 ], [ 427701.5, 434819.5 ], [ 427701.5, 434819.75 ], [ 427699.25, 434819.75 ], [ 427699.25, 434820.0 ], [ 427693.25, 434820.0 ] ] ] } },
{ "type": "Feature", "properties": { }, "geometry": { "type": "Polygon", "coordinates": [ [ [ 427923.5, 434826.75 ], [ 427923.5, 434826.5 ], [ 427922.5, 434826.5 ], [ 427922.5, 434826.25 ], [ 427921.5, 434826.25 ], [ 427921.5, 434826.0 ], [ 427921.25, 434826.0 ], [ 427921.25, 434825.75 ], [ 427920.75, 434825.75 ], [ 427920.75, 434825.5 ], [ 427920.5, 434825.5 ], [ 427920.5, 434825.25 ], [ 427920.25, 434825.25 ], [ 427920.25, 434825.0 ], [ 427920.0, 434825.0 ], [ 427920.0, 434824.75 ], [ 427919.75, 434824.75 ], [ 427919.75, 434824.5 ], [ 427919.5, 434824.5 ], [ 427919.5, 434824.25 ], [ 427919.25, 434824.25 ], [ 427919.25, 434824.0 ], [ 427919.0, 434824.0 ], [ 427919.0, 434823.75 ], [ 427918.75, 434823.75 ], [ 427918.75, 434823.5 ], [ 427918.5, 434823.5 ], [ 427918.5, 434823.25 ], [ 427918.0, 434823.25 ], [ 427918.0, 434823.0 ], [ 427917.5, 434823.0 ], [ 427917.5, 434822.75 ], [ 427917.0, 434822.75 ], [ 427917.0, 434822.5 ], [ 427916.75, 434822.5 ], [ 427916.75, 434822.25 ], [ 427916.5, 434822.25 ], [ 427916.5, 434822.0 ], [ 427916.0, 434822.0 ], [ 427916.0, 434821.75 ], [ 427915.5, 434821.75 ], [ 427915.5, 434821.5 ], [ 427915.25, 434821.5 ], [ 427915.25, 434821.25 ], [ 427915.0, 434821.25 ], [ 427915.0, 434821.0 ], [ 427914.5, 434821.0 ], [ 427914.5, 434820.75 ], [ 427914.0, 434820.75 ], [ 427914.0, 434820.5 ], [ 427913.75, 434820.5 ], [ 427913.75, 434820.25 ], [ 427913.5, 434820.25 ], [ 427913.5, 434820.0 ], [ 427913.25, 434820.0 ], [ 427913.25, 434819.75 ], [ 427913.0, 434819.75 ], [ 427913.0, 434819.5 ], [ 427912.75, 434819.5 ], [ 427912.75, 434819.25 ], [ 427912.5, 434819.25 ], [ 427912.5, 434819.0 ], [ 427912.25, 434819.0 ], [ 427912.25, 434818.75 ], [ 427912.0, 434818.75 ], [ 427912.0, 434818.25 ], [ 427911.75, 434818.25 ], [ 427911.75, 434817.75 ], [ 427911.5, 434817.75 ], [ 427911.5, 434817.25 ], [ 427911.25, 434817.25 ], [ 427911.25, 434816.75 ], [ 427911.0, 434816.75 ], [ 427911.0, 434816.25 ], [ 427910.75, 434816.25 ], [ 427910.75, 434815.75 ], [ 427910.5, 434815.75 ], [ 427910.5, 434815.25 ], [ 427910.25, 434815.25 ], [ 427910.25, 434814.75 ], [ 427910.0, 434814.75 ], [ 427910.0, 434813.75 ], [ 427909.75, 434813.75 ], [ 427909.75, 434813.0 ], [ 427909.5, 434813.0 ], [ 427909.5, 434812.0 ], [ 427909.25, 434812.0 ], [ 427909.25, 434810.75 ], [ 427909.0, 434810.75 ], [ 427909.0, 434807.75 ], [ 427909.25, 434807.75 ], [ 427909.25, 434805.25 ], [ 427909.5, 434805.25 ], [ 427909.5, 434804.5 ], [ 427909.75, 434804.5 ], [ 427909.75, 434804.0 ], [ 427910.0, 434804.0 ], [ 427910.0, 434803.25 ], [ 427910.25, 434803.25 ], [ 427910.25, 434802.5 ], [ 427910.5, 434802.5 ], [ 427910.5, 434802.25 ], [ 427910.75, 434802.25 ], [ 427910.75, 434801.75 ], [ 427911.0, 434801.75 ], [ 427911.0, 434801.5 ], [ 427911.25, 434801.5 ], [ 427911.25, 434801.0 ], [ 427911.5, 434801.0 ], [ 427911.5, 434800.75 ], [ 427911.75, 434800.75 ], [ 427911.75, 434800.25 ], [ 427912.0, 434800.25 ], [ 427912.0, 434800.0 ], [ 427912.25, 434800.0 ], [ 427912.25, 434799.5 ], [ 427912.5, 434799.5 ], [ 427912.5, 434799.0 ], [ 427912.75, 434799.0 ], [ 427912.75, 434798.75 ], [ 427913.0, 434798.75 ], [ 427913.0, 434798.5 ], [ 427913.25, 434798.5 ], [ 427913.25, 434798.25 ], [ 427913.5, 434798.25 ], [ 427913.5, 434798.0 ], [ 427913.75, 434798.0 ], [ 427913.75, 434797.75 ], [ 427914.0, 434797.75 ], [ 427914.0, 434797.5 ], [ 427914.25, 434797.5 ], [ 427914.25, 434797.25 ], [ 427914.75, 434797.25 ], [ 427914.75, 434797.0 ], [ 427915.0, 434797.0 ], [ 427915.0, 434796.75 ], [ 427915.25, 434796.75 ], [ 427915.25, 434796.5 ], [ 427915.75, 434796.5 ], [ 427915.75, 434796.25 ], [ 427916.0, 434796.25 ], [ 427916.0, 434796.0 ], [ 427916.25, 434796.0 ], [ 427916.25, 434795.75 ], [ 427916.5, 434795.75 ], [ 427916.5, 434795.5 ], [ 427917.0, 434795.5 ], [ 427917.0, 434795.25 ], [ 427917.25, 434795.25 ], [ 427917.25, 434795.0 ], [ 427917.5, 434795.0 ], [ 427917.5, 434794.75 ], [ 427917.75, 434794.75 ], [ 427917.75, 434794.5 ], [ 427918.0, 434794.5 ], [ 427918.0, 434794.25 ], [ 427918.25, 434794.25 ], [ 427918.25, 434794.0 ], [ 427918.5, 434794.0 ], [ 427918.5, 434793.75 ], [ 427918.75, 434793.75 ], [ 427918.75, 434793.5 ], [ 427919.25, 434793.5 ], [ 427919.25, 434793.25 ], [ 427919.5, 434793.25 ], [ 427919.5, 434793.0 ], [ 427920.0, 434793.0 ], [ 427920.0, 434792.75 ], [ 427920.25, 434792.75 ], [ 427920.25, 434792.5 ], [ 427920.5, 434792.5 ], [ 427920.5, 434792.25 ], [ 427921.0, 434792.25 ], [ 427921.0, 434792.0 ], [ 427921.5, 434792.0 ], [ 427921.5, 434791.75 ], [ 427922.0, 434791.75 ], [ 427922.0, 434791.5 ], [ 427922.5, 434791.5 ], [ 427922.5, 434791.25 ], [ 427923.0, 434791.25 ], [ 427923.0, 434791.0 ], [ 427923.5, 434791.0 ], [ 427923.5, 434790.75 ], [ 427924.0, 434790.75 ], [ 427924.0, 434790.5 ], [ 427924.5, 434790.5 ], [ 427924.5, 434790.25 ], [ 427925.0, 434790.25 ], [ 427925.0, 434790.0 ], [ 427925.25, 434790.0 ], [ 427925.25, 434789.75 ], [ 427925.75, 434789.75 ], [ 427925.75, 434789.5 ], [ 427926.25, 434789.5 ], [ 427926.25, 434789.25 ], [ 427926.75, 434789.25 ], [ 427926.75, 434789.0 ], [ 427927.25, 434789.0 ], [ 427927.25, 434788.75 ], [ 427927.75, 434788.75 ], [ 427927.75, 434788.5 ], [ 427928.25, 434788.5 ], [ 427928.25, 434788.25 ], [ 427928.75, 434788.25 ], [ 427928.75, 434788.0 ], [ 427929.25, 434788.0 ], [ 427929.25, 434787.75 ], [ 427930.0, 434787.75 ], [ 427930.0, 434787.5 ], [ 427931.0, 434787.5 ], [ 427931.0, 434787.25 ], [ 427934.5, 434787.25 ], [ 427934.5, 434787.5 ], [ 427935.5, 434787.5 ], [ 427935.5, 434787.75 ], [ 427936.75, 434787.75 ], [ 427936.75, 434788.0 ], [ 427938.0, 434788.0 ], [ 427938.0, 434788.25 ], [ 427938.75, 434788.25 ], [ 427938.75, 434788.5 ], [ 427939.25, 434788.5 ], [ 427939.25, 434788.75 ], [ 427939.5, 434788.75 ], [ 427939.5, 434789.0 ], [ 427940.0, 434789.0 ], [ 427940.0, 434789.25 ], [ 427940.25, 434789.25 ], [ 427940.25, 434789.5 ], [ 427940.5, 434789.5 ], [ 427940.5, 434789.75 ], [ 427940.75, 434789.75 ], [ 427940.75, 434790.0 ], [ 427941.25, 434790.0 ], [ 427941.25, 434790.25 ], [ 427941.5, 434790.25 ], [ 427941.5, 434790.5 ], [ 427942.0, 434790.5 ], [ 427942.0, 434790.75 ], [ 427942.25, 434790.75 ], [ 427942.25, 434791.0 ], [ 427942.5, 434791.0 ], [ 427942.5, 434791.25 ], [ 427943.0, 434791.25 ], [ 427943.0, 434791.5 ], [ 427943.25, 434791.5 ], [ 427943.25, 434791.75 ], [ 427943.5, 434791.75 ], [ 427943.5, 434792.0 ], [ 427943.75, 434792.0 ], [ 427943.75, 434792.25 ], [ 427944.0, 434792.25 ], [ 427944.0, 434792.5 ], [ 427944.5, 434792.5 ], [ 427944.5, 434792.75 ], [ 427944.75, 434792.75 ], [ 427944.75, 434793.0 ], [ 427945.0, 434793.0 ], [ 427945.0, 434793.25 ], [ 427945.25, 434793.25 ], [ 427945.25, 434793.5 ], [ 427945.5, 434793.5 ], [ 427945.5, 434793.75 ], [ 427945.75, 434793.75 ], [ 427945.75, 434794.0 ], [ 427946.0, 434794.0 ], [ 427946.0, 434794.5 ], [ 427946.25, 434794.5 ], [ 427946.25, 434794.75 ], [ 427946.5, 434794.75 ], [ 427946.5, 434795.0 ], [ 427946.75, 434795.0 ], [ 427946.75, 434795.25 ], [ 427947.0, 434795.25 ], [ 427947.0, 434795.5 ], [ 427947.25, 434795.5 ], [ 427947.25, 434795.75 ], [ 427947.5, 434795.75 ], [ 427947.5, 434796.0 ], [ 427947.75, 434796.0 ], [ 427947.75, 434796.5 ], [ 427948.0, 434796.5 ], [ 427948.0, 434796.75 ], [ 427948.25, 434796.75 ], [ 427948.25, 434797.25 ], [ 427948.5, 434797.25 ], [ 427948.5, 434797.5 ], [ 427948.75, 434797.5 ], [ 427948.75, 434798.0 ], [ 427949.0, 434798.0 ], [ 427949.0, 434798.5 ], [ 427949.25, 434798.5 ], [ 427949.25, 434798.75 ], [ 427949.5, 434798.75 ], [ 427949.5, 434799.25 ], [ 427949.75, 434799.25 ], [ 427949.75, 434799.75 ], [ 427950.0, 434799.75 ], [ 427950.0, 434800.25 ], [ 427950.25, 434800.25 ], [ 427950.25, 434800.5 ], [ 427950.5, 434800.5 ], [ 427950.5, 434801.0 ], [ 427950.75, 434801.0 ], [ 427950.75, 434801.75 ], [ 427951.0, 434801.75 ], [ 427951.0, 434802.5 ], [ 427951.25, 434802.5 ], [ 427951.25, 434803.75 ], [ 427951.5, 434803.75 ], [ 427951.5, 434805.0 ], [ 427951.75, 434805.0 ], [ 427951.75, 434806.5 ], [ 427952.0, 434806.5 ], [ 427952.0, 434808.5 ], [ 427952.25, 434808.5 ], [ 427952.25, 434810.75 ], [ 427952.0, 434810.75 ], [ 427952.0, 434811.75 ], [ 427951.75, 434811.75 ], [ 427951.75, 434812.75 ], [ 427951.5, 434812.75 ], [ 427951.5, 434813.25 ], [ 427951.25, 434813.25 ], [ 427951.25, 434814.0 ], [ 427951.0, 434814.0 ], [ 427951.0, 434814.5 ], [ 427950.75, 434814.5 ], [ 427950.75, 434815.25 ], [ 427950.5, 434815.25 ], [ 427950.5, 434815.75 ], [ 427950.25, 434815.75 ], [ 427950.25, 434816.0 ], [ 427950.0, 434816.0 ], [ 427950.0, 434816.25 ], [ 427949.75, 434816.25 ], [ 427949.75, 434816.75 ], [ 427949.5, 434816.75 ], [ 427949.5, 434817.0 ], [ 427949.25, 434817.0 ], [ 427949.25, 434817.25 ], [ 427949.0, 434817.25 ], [ 427949.0, 434817.75 ], [ 427948.75, 434817.75 ], [ 427948.75, 434818.0 ], [ 427948.5, 434818.0 ], [ 427948.5, 434818.5 ], [ 427948.25, 434818.5 ], [ 427948.25, 434818.75 ], [ 427948.0, 434818.75 ], [ 427948.0, 434819.0 ], [ 427947.75, 434819.0 ], [ 427947.75, 434819.25 ], [ 427947.5, 434819.25 ], [ 427947.5, 434819.75 ], [ 427947.25, 434819.75 ], [ 427947.25, 434820.0 ], [ 427947.0, 434820.0 ], [ 427947.0, 434820.5 ], [ 427946.75, 434820.5 ], [ 427946.75, 434821.0 ], [ 427946.5, 434821.0 ], [ 427946.5, 434821.5 ], [ 427946.25, 434821.5 ], [ 427946.25, 434821.75 ], [ 427946.0, 434821.75 ], [ 427946.0, 434822.0 ], [ 427945.75, 434822.0 ], [ 427945.75, 434822.25 ], [ 427945.5, 434822.25 ], [ 427945.5, 434822.5 ], [ 427945.25, 434822.5 ], [ 427945.25, 434822.75 ], [ 427944.75, 434822.75 ], [ 427944.75, 434823.0 ], [ 427944.5, 434823.0 ], [ 427944.5, 434823.25 ], [ 427944.25, 434823.25 ], [ 427944.25, 434823.5 ], [ 427943.75, 434823.5 ], [ 427943.75, 434823.75 ], [ 427943.5, 434823.75 ], [ 427943.5, 434824.0 ], [ 427943.0, 434824.0 ], [ 427943.0, 434824.25 ], [ 427942.75, 434824.25 ], [ 427942.75, 434824.5 ], [ 427942.5, 434824.5 ], [ 427942.5, 434824.75 ], [ 427942.0, 434824.75 ], [ 427942.0, 434825.0 ], [ 427941.75, 434825.0 ], [ 427941.75, 434825.25 ], [ 427941.5, 434825.25 ], [ 427941.5, 434825.5 ], [ 427941.0, 434825.5 ], [ 427941.0, 434825.75 ], [ 427940.5, 434825.75 ], [ 427940.5, 434826.0 ], [ 427940.0, 434826.0 ], [ 427940.0, 434826.25 ], [ 427939.25, 434826.25 ], [ 427939.25, 434826.5 ], [ 427938.25, 434826.5 ], [ 427938.25, 434826.75 ], [ 427936.25, 434826.75 ], [ 427936.25, 434826.5 ], [ 427935.0, 434826.5 ], [ 427935.0, 434826.25 ], [ 427933.0, 434826.25 ], [ 427933.0, 434826.5 ], [ 427931.75, 434826.5 ], [ 427931.75, 434826.75 ], [ 427923.5, 434826.75 ] ] ] } },
{ "type": "Feature", "properties": { }, "geometry": { "type": "Polygon", "coordinates": [ [ [ 427261.75, 434800.75 ], [ 427261.75, 434800.5 ], [ 427260.25, 434800.5 ], [ 427260.25, 434800.25 ], [ 427258.75, 434800.25 ], [ 427258.75, 434800.0 ], [ 427258.0, 434800.0 ], [ 427258.0, 434799.75 ], [ 427256.75, 434799.75 ], [ 427256.75, 434800.0 ], [ 427256.0, 434800.0 ], [ 427256.0, 434780.75 ], [ 427258.5, 434780.75 ], [ 427258.5, 434780.5 ], [ 427259.5, 434780.5 ], [ 427259.5, 434780.25 ], [ 427260.25, 434780.25 ], [ 427260.25, 434780.0 ], [ 427261.0, 434780.0 ], [ 427261.0, 434779.75 ], [ 427262.25, 434779.75 ], [ 427262.25, 434779.5 ], [ 427263.0, 434779.5 ], [ 427263.0, 434779.25 ], [ 427263.75, 434779.25 ], [ 427263.75, 434779.0 ], [ 427264.5, 434779.0 ], [ 427264.5, 434778.75 ], [ 427265.25, 434778.75 ], [ 427265.25, 434778.5 ], [ 427266.0, 434778.5 ], [ 427266.0, 434778.25 ], [ 427266.5, 434778.25 ], [ 427266.5, 434778.0 ], [ 427266.75, 434778.0 ], [ 427266.75, 434777.75 ], [ 427267.0, 434777.75 ], [ 427267.0, 434777.5 ], [ 427267.25, 434777.5 ], [ 427267.25, 434777.0 ], [ 427267.5, 434777.0 ], [ 427267.5, 434776.75 ], [ 427267.75, 434776.75 ], [ 427267.75, 434776.5 ], [ 427268.0, 434776.5 ], [ 427268.0, 434776.25 ], [ 427268.25, 434776.25 ], [ 427268.25, 434776.0 ], [ 427268.75, 434776.0 ], [ 427268.75, 434775.75 ], [ 427269.75, 434775.75 ], [ 427269.75, 434775.5 ], [ 427270.75, 434775.5 ], [ 427270.75, 434775.25 ], [ 427272.0, 434775.25 ], [ 427272.0, 434775.0 ], [ 427273.0, 434775.0 ], [ 427273.0, 434774.75 ], [ 427275.0, 434774.75 ], [ 427275.0, 434775.0 ], [ 427276.5, 434775.0 ], [ 427276.5, 434775.25 ], [ 427276.75, 434775.25 ], [ 427276.75, 434775.5 ], [ 427277.0, 434775.5 ], [ 427277.0, 434775.75 ], [ 427277.25, 434775.75 ], [ 427277.25, 434776.0 ], [ 427277.5, 434776.0 ], [ 427277.5, 434776.25 ], [ 427277.75, 434776.25 ], [ 427277.75, 434776.5 ], [ 427278.0, 434776.5 ], [ 427278.0, 434776.75 ], [ 427278.25, 434776.75 ], [ 427278.25, 434777.0 ], [ 427278.5, 434777.0 ], [ 427278.5, 434777.25 ], [ 427278.75, 434777.25 ], [ 427278.75, 434777.75 ], [ 427279.0, 434777.75 ], [ 427279.0, 434778.5 ], [ 427279.25, 434778.5 ], [ 427279.25, 434778.75 ], [ 427279.5, 434778.75 ], [ 427279.5, 434779.0 ], [ 427279.75, 434779.0 ], [ 427279.75, 434779.5 ], [ 427280.0, 434779.5 ], [ 427280.0, 434779.75 ], [ 427280.25, 434779.75 ], [ 427280.25, 434780.25 ], [ 427280.5, 434780.25 ], [ 427280.5, 434780.75 ], [ 427280.75, 434780.75 ], [ 427280.75, 434781.25 ], [ 427281.0, 434781.25 ], [ 427281.0, 434781.75 ], [ 427281.25, 434781.75 ], [ 427281.25, 434782.0 ], [ 427281.5, 434782.0 ], [ 427281.5, 434782.5 ], [ 427281.75, 434782.5 ], [ 427281.75, 434782.75 ], [ 427282.0, 434782.75 ], [ 427282.0, 434783.25 ], [ 427282.25, 434783.25 ], [ 427282.25, 434783.5 ], [ 427282.5, 434783.5 ], [ 427282.5, 434784.0 ], [ 427282.75, 434784.0 ], [ 427282.75, 434784.25 ], [ 427283.0, 434784.25 ], [ 427283.0, 434784.75 ], [ 427283.25, 434784.75 ], [ 427283.25, 434785.0 ], [ 427283.5, 434785.0 ], [ 427283.5, 434785.5 ], [ 427283.75, 434785.5 ], [ 427283.75, 434785.75 ], [ 427284.0, 434785.75 ], [ 427284.0, 434786.25 ], [ 427284.25, 434786.25 ], [ 427284.25, 434787.75 ], [ 427284.0, 434787.75 ], [ 427284.0, 434788.5 ], [ 427283.75, 434788.5 ], [ 427283.75, 434789.5 ], [ 427283.5, 434789.5 ], [ 427283.5, 434790.0 ], [ 427283.25, 434790.0 ], [ 427283.25, 434790.5 ], [ 427283.0, 434790.5 ], [ 427283.0, 434790.75 ], [ 427282.5, 434790.75 ], [ 427282.5, 434791.0 ], [ 427282.25, 434791.0 ], [ 427282.25, 434791.25 ], [ 427282.0, 434791.25 ], [ 427282.0, 434791.5 ], [ 427281.75, 434791.5 ], [ 427281.75, 434791.75 ], [ 427281.25, 434791.75 ], [ 427281.25, 434792.0 ], [ 427281.0, 434792.0 ], [ 427281.0, 434792.25 ], [ 427280.75, 434792.25 ], [ 427280.75, 434792.5 ], [ 427280.5, 434792.5 ], [ 427280.5, 434792.75 ], [ 427280.0, 434792.75 ], [ 427280.0, 434793.0 ], [ 427279.75, 434793.0 ], [ 427279.75, 434793.25 ], [ 427279.25, 434793.25 ], [ 427279.25, 434793.5 ], [ 427278.75, 434793.5 ], [ 427278.75, 434793.75 ], [ 427278.25, 434793.75 ], [ 427278.25, 434794.0 ], [ 427277.75, 434794.0 ], [ 427277.75, 434794.25 ], [ 427277.25, 434794.25 ], [ 427277.25, 434794.5 ], [ 427276.75, 434794.5 ], [ 427276.75, 434794.75 ], [ 427276.25, 434794.75 ], [ 427276.25, 434795.0 ], [ 427275.75, 434795.0 ], [ 427275.75, 434795.25 ], [ 427275.25, 434795.25 ], [ 427275.25, 434795.5 ], [ 427275.0, 434795.5 ], [ 427275.0, 434795.75 ], [ 427274.5, 434795.75 ], [ 427274.5, 434796.0 ], [ 427274.0, 434796.0 ], [ 427274.0, 434796.25 ], [ 427273.5, 434796.25 ], [ 427273.5, 434796.5 ], [ 427273.0, 434796.5 ], [ 427273.0, 434796.75 ], [ 427272.5, 434796.75 ], [ 427272.5, 434797.0 ], [ 427272.0, 434797.0 ], [ 427272.0, 434797.25 ], [ 427271.75, 434797.25 ], [ 427271.75, 434797.5 ], [ 427271.5, 434797.5 ], [ 427271.5, 434797.75 ], [ 427271.0, 434797.75 ], [ 427271.0, 434798.0 ], [ 427270.75, 434798.0 ], [ 427270.75, 434798.25 ], [ 427270.25, 434798.25 ], [ 427270.25, 434798.5 ], [ 427269.75, 434798.5 ], [ 427269.75, 434798.75 ], [ 427269.0, 434798.75 ], [ 427269.0, 434799.0 ], [ 427268.5, 434799.0 ], [ 427268.5, 434799.25 ], [ 427268.0, 434799.25 ], [ 427268.0, 434799.5 ], [ 427267.5, 434799.5 ], [ 427267.5, 434799.75 ], [ 427266.5, 434799.75 ], [ 427266.5, 434800.0 ], [ 427265.75, 434800.0 ], [ 427265.75, 434800.25 ], [ 427264.75, 434800.25 ], [ 427264.75, 434800.5 ], [ 427262.75, 434800.5 ], [ 427262.75, 434800.75 ], [ 427261.75, 434800.75 ] ] ] } },
{ "type": "Feature", "properties": { }, "geometry": { "type": "Polygon", "coordinates": [ [ [ 427009.25, 434842.25 ], [ 427009.25, 434842.0 ], [ 427006.75, 434842.0 ], [ 427006.75, 434841.75 ], [ 427006.0, 434841.75 ], [ 427006.0, 434841.5 ], [ 427005.0, 434841.5 ], [ 427005.0, 434841.25 ], [ 427004.25, 434841.25 ], [ 427004.25, 434841.0 ], [ 427003.5, 434841.0 ], [ 427003.5, 434840.75 ], [ 427003.25, 434840.75 ], [ 427003.25, 434840.5 ], [ 427002.75, 434840.5 ], [ 427002.75, 434840.25 ], [ 427002.5, 434840.25 ], [ 427002.5, 434840.0 ], [ 427002.25, 434840.0 ], [ 427002.25, 434839.75 ], [ 427001.75, 434839.75 ], [ 427001.75, 434839.5 ], [ 427001.5, 434839.5 ], [ 427001.5, 434839.25 ], [ 427001.25, 434839.25 ], [ 427001.25, 434839.5 ], [ 427000.0, 434839.5 ], [ 427000.0, 434826.75 ], [ 427002.0, 434826.75 ], [ 427002.0, 434827.0 ], [ 427003.0, 434827.0 ], [ 427003.0, 434827.25 ], [ 427004.0, 434827.25 ], [ 427004.0, 434827.5 ], [ 427005.25, 434827.5 ], [ 427005.25, 434827.25 ], [ 427006.0, 434827.25 ], [ 427006.0, 434827.0 ], [ 427006.5, 434827.0 ], [ 427006.5, 434826.75 ], [ 427006.75, 434826.75 ], [ 427006.75, 434826.5 ], [ 427007.0, 434826.5 ], [ 427007.0, 434826.0 ], [ 427007.25, 434826.0 ], [ 427007.25, 434825.75 ], [ 427007.5, 434825.75 ], [ 427007.5, 434825.5 ], [ 427008.5, 434825.5 ], [ 427008.5, 434825.25 ], [ 427009.5, 434825.25 ], [ 427009.5, 434825.0 ], [ 427010.5, 434825.0 ], [ 427010.5, 434824.75 ], [ 427011.25, 434824.75 ], [ 427011.25, 434824.5 ], [ 427012.25, 434824.5 ], [ 427012.25, 434824.25 ], [ 427013.25, 434824.25 ], [ 427013.25, 434824.0 ], [ 427014.0, 434824.0 ], [ 427014.0, 434823.75 ], [ 427014.75, 434823.75 ], [ 427014.75, 434823.5 ], [ 427015.25, 434823.5 ], [ 427015.25, 434823.25 ], [ 427016.0, 434823.25 ], [ 427016.0, 434823.0 ], [ 427016.5, 434823.0 ], [ 427016.5, 434822.75 ], [ 427017.0, 434822.75 ], [ 427017.0, 434822.5 ], [ 427017.5, 434822.5 ], [ 427017.5, 434822.25 ], [ 427017.75, 434822.25 ], [ 427017.75, 434822.0 ], [ 427018.25, 434822.0 ], [ 427018.25, 434821.75 ], [ 427018.5, 434821.75 ], [ 427018.5, 434821.5 ], [ 427019.0, 434821.5 ], [ 427019.0, 434821.25 ], [ 427019.5, 434821.25 ], [ 427019.5, 434821.0 ], [ 427020.0, 434821.0 ], [ 427020.0, 434820.75 ], [ 427020.5, 434820.75 ], [ 427020.5, 434820.5 ], [ 427020.75, 434820.5 ], [ 427020.75, 434820.25 ], [ 427021.25, 434820.25 ], [ 427021.25, 434820.0 ], [ 427021.75, 434820.0 ], [ 427021.75, 434819.75 ], [ 427022.75, 434819.75 ], [ 427022.75, 434819.5 ], [ 427023.25, 434819.5 ], [ 427023.25, 434819.25 ], [ 427023.75, 434819.25 ], [ 427023.75, 434819.0 ], [ 427024.5, 434819.0 ], [ 427024.5, 434818.75 ], [ 427025.0, 434818.75 ], [ 427025.0, 434818.5 ], [ 427025.25, 434818.5 ], [ 427025.25, 434818.25 ], [ 427025.75, 434818.25 ], [ 427025.75, 434818.0 ], [ 427026.25, 434818.0 ], [ 427026.25, 434817.75 ], [ 427026.5, 434817.75 ], [ 427026.5, 434817.5 ], [ 427027.0, 434817.5 ], [ 427027.0, 434817.25 ], [ 427027.25, 434817.25 ], [ 427027.25, 434817.0 ], [ 427027.5, 434817.0 ], [ 427027.5, 434816.5 ], [ 427027.75, 434816.5 ], [ 427027.75, 434816.25 ], [ 427028.0, 434816.25 ], [ 427028.0, 434815.75 ], [ 427028.25, 434815.75 ], [ 427028.25, 434815.5 ], [ 427028.5, 434815.5 ], [ 427028.5, 434814.75 ], [ 427028.75, 434814.75 ], [ 427028.75, 434812.5 ], [ 427028.5, 434812.5 ], [ 427028.5, 434811.0 ], [ 427028.25, 434811.0 ], [ 427028.25, 434809.75 ], [ 427028.0, 434809.75 ], [ 427028.0, 434808.75 ], [ 427027.75, 434808.75 ], [ 427027.75, 434808.0 ], [ 427027.5, 434808.0 ], [ 427027.5, 434807.25 ], [ 427027.25, 434807.25 ], [ 427027.25, 434806.5 ], [ 427027.0, 434806.5 ], [ 427027.0, 434805.75 ], [ 427026.75, 434805.75 ], [ 427026.75, 434804.75 ], [ 427026.5, 434804.75 ], [ 427026.5, 434802.0 ], [ 427026.75, 434802.0 ], [ 427026.75, 434801.25 ], [ 427027.0, 434801.25 ], [ 427027.0, 434801.0 ], [ 427027.25, 434801.0 ], [ 427027.25, 434800.5 ], [ 427027.5, 434800.5 ], [ 427027.5, 434800.25 ], [ 427027.75, 434800.25 ], [ 427027.75, 434799.75 ], [ 427028.0, 434799.75 ], [ 427028.0, 434799.5 ], [ 427028.25, 434799.5 ], [ 427028.25, 434799.25 ], [ 427028.5, 434799.25 ], [ 427028.5, 434799.0 ], [ 427028.75, 434799.0 ], [ 427028.75, 434798.75 ], [ 427029.0, 434798.75 ], [ 427029.0, 434798.5 ], [ 427029.25, 434798.5 ], [ 427029.25, 434798.25 ], [ 427029.5, 434798.25 ], [ 427029.5, 434798.0 ], [ 427030.0, 434798.0 ], [ 427030.0, 434797.75 ], [ 427030.25, 434797.75 ], [ 427030.25, 434797.5 ], [ 427030.5, 434797.5 ], [ 427030.5, 434797.25 ], [ 427030.75, 434797.25 ], [ 427030.75, 434797.0 ], [ 427031.25, 434797.0 ], [ 427031.25, 434796.75 ], [ 427031.5, 434796.75 ], [ 427031.5, 434796.5 ], [ 427031.75, 434796.5 ], [ 427031.75, 434796.0 ], [ 427032.0, 434796.0 ], [ 427032.0, 434795.75 ], [ 427032.25, 434795.75 ], [ 427032.25, 434795.5 ], [ 427032.5, 434795.5 ], [ 427032.5, 434795.25 ], [ 427032.75, 434795.25 ], [ 427032.75, 434794.75 ], [ 427033.0, 434794.75 ], [ 427033.0, 434794.25 ], [ 427033.25, 434794.25 ], [ 427033.25, 434793.75 ], [ 427033.5, 434793.75 ], [ 427033.5, 434793.25 ], [ 427033.75, 434793.25 ], [ 427033.75, 434792.5 ], [ 427034.0, 434792.5 ], [ 427034.0, 434791.5 ], [ 427034.25, 434791.5 ], [ 427034.25, 434791.25 ], [ 427034.5, 434791.25 ], [ 427034.5, 434790.75 ], [ 427034.75, 434790.75 ], [ 427034.75, 434790.5 ], [ 427035.0, 434790.5 ], [ 427035.0, 434790.25 ], [ 427035.25, 434790.25 ], [ 427035.25, 434789.75 ], [ 427035.5, 434789.75 ], [ 427035.5, 434789.25 ], [ 427035.75, 434789.25 ], [ 427035.75, 434788.75 ], [ 427036.0, 434788.75 ], [ 427036.0, 434788.25 ], [ 427036.25, 434788.25 ], [ 427036.25, 434787.75 ], [ 427036.5, 434787.75 ], [ 427036.5, 434787.25 ], [ 427036.75, 434787.25 ], [ 427036.75, 434785.5 ], [ 427036.5, 434785.5 ], [ 427036.5, 434784.5 ], [ 427036.25, 434784.5 ], [ 427036.25, 434783.25 ], [ 427036.0, 434783.25 ], [ 427036.0, 434781.75 ], [ 427035.75, 434781.75 ], [ 427035.75, 434778.25 ], [ 427036.0, 434778.25 ], [ 427036.0, 434777.5 ], [ 427036.25, 434777.5 ], [ 427036.25, 434777.25 ], [ 427036.5, 434777.25 ], [ 427036.5, 434777.0 ], [ 427036.75, 434777.0 ], [ 427036.75, 434776.75 ], [ 427037.0, 434776.75 ], [ 427037.0, 434776.5 ], [ 427037.25, 434776.5 ], [ 427037.25, 434776.25 ], [ 427037.75, 434776.25 ], [ 427037.75, 434776.0 ], [ 427038.5, 434776.0 ], [ 427038.5, 434775.75 ], [ 427039.0, 434775.75 ], [ 427039.0, 434775.5 ], [ 427039.5, 434775.5 ], [ 427039.5, 434775.25 ], [ 427040.25, 434775.25 ], [ 427040.25, 434775.0 ], [ 427040.75, 434775.0 ], [ 427040.75, 434774.75 ], [ 427041.25, 434774.75 ], [ 427041.25, 434774.5 ], [ 427042.0, 434774.5 ], [ 427042.0, 434774.25 ], [ 427042.5, 434774.25 ], [ 427042.5, 434774.0 ], [ 427043.25, 434774.0 ], [ 427043.25, 434773.75 ], [ 427043.75, 434773.75 ], [ 427043.75, 434773.5 ], [ 427044.25, 434773.5 ], [ 427044.25, 434773.25 ], [ 427045.25, 434773.25 ], [ 427045.25, 434773.0 ], [ 427046.5, 434773.0 ], [ 427046.5, 434772.75 ], [ 427047.75, 434772.75 ], [ 427047.75, 434772.5 ], [ 427048.5, 434772.5 ], [ 427048.5, 434772.25 ], [ 427049.75, 434772.25 ], [ 427049.75, 434772.0 ], [ 427050.75, 434772.0 ], [ 427050.75, 434771.75 ], [ 427051.75, 434771.75 ], [ 427051.75, 434771.5 ], [ 427053.5, 434771.5 ], [ 427053.5, 434771.25 ], [ 427056.25, 434771.25 ], [ 427056.25, 434771.0 ], [ 427058.0, 434771.0 ], [ 427058.0, 434771.25 ], [ 427058.5, 434771.25 ], [ 427058.5, 434771.5 ], [ 427059.0, 434771.5 ], [ 427059.0, 434772.0 ], [ 427059.25, 434772.0 ], [ 427059.25, 434772.25 ], [ 427059.5, 434772.25 ], [ 427059.5, 434772.75 ], [ 427059.75, 434772.75 ], [ 427059.75, 434773.25 ], [ 427060.0, 434773.25 ], [ 427060.0, 434773.5 ], [ 427060.25, 434773.5 ], [ 427060.25, 434773.75 ], [ 427060.5, 434773.75 ], [ 427060.5, 434774.0 ], [ 427060.75, 434774.0 ], [ 427060.75, 434774.5 ], [ 427061.0, 434774.5 ], [ 427061.0, 434774.75 ], [ 427061.25, 434774.75 ], [ 427061.25, 434775.0 ], [ 427062.0, 434775.0 ], [ 427062.0, 434775.25 ], [ 427063.0, 434775.25 ], [ 427063.0, 434775.0 ], [ 427063.75, 434775.0 ], [ 427063.75, 434774.75 ], [ 427064.5, 434774.75 ], [ 427064.5, 434774.5 ], [ 427065.25, 434774.5 ], [ 427065.25, 434774.25 ], [ 427066.0, 434774.25 ], [ 427066.0, 434774.0 ], [ 427066.5, 434774.0 ], [ 427066.5, 434773.75 ], [ 427067.0, 434773.75 ], [ 427067.0, 434773.5 ], [ 427067.5, 434773.5 ], [ 427067.5, 434773.25 ], [ 427068.25, 434773.25 ], [ 427068.25, 434773.0 ], [ 427068.75, 434773.0 ], [ 427068.75, 434772.75 ], [ 427069.0, 434772.75 ], [ 427069.0, 434772.5 ], [ 427069.5, 434772.5 ], [ 427069.5, 434772.25 ], [ 427070.0, 434772.25 ], [ 427070.0, 434772.0 ], [ 427070.75, 434772.0 ], [ 427070.75, 434771.75 ], [ 427072.0, 434771.75 ], [ 427072.0, 434771.5 ], [ 427075.5, 434771.5 ], [ 427075.5, 434771.75 ], [ 427077.25, 434771.75 ], [ 427077.25, 434771.5 ], [ 427078.25, 434771.5 ], [ 427078.25, 434771.25 ], [ 427079.0, 434771.25 ], [ 427079.0, 434771.0 ], [ 427079.5, 434771.0 ], [ 427079.5, 434770.75 ], [ 427080.0, 434770.75 ], [ 427080.0, 434770.5 ], [ 427080.25, 434770.5 ], [ 427080.25, 434770.25 ], [ 427080.75, 434770.25 ], [ 427080.75, 434770.0 ], [ 427081.25, 434770.0 ], [ 427081.25, 434769.75 ], [ 427082.0, 434769.75 ], [ 427082.0, 434769.5 ], [ 427082.5, 434769.5 ], [ 427082.5, 434769.25 ], [ 427083.25, 434769.25 ], [ 427083.25, 434769.0 ], [ 427084.0, 434769.0 ], [ 427084.0, 434768.75 ], [ 427084.5, 434768.75 ], [ 427084.5, 434768.5 ], [ 427085.25, 434768.5 ], [ 427085.25, 434768.25 ], [ 427086.25, 434768.25 ], [ 427086.25, 434768.0 ], [ 427087.75, 434768.0 ], [ 427087.75, 434767.75 ], [ 427090.0, 434767.75 ], [ 427090.0, 434767.5 ], [ 427091.5, 434767.5 ], [ 427091.5, 434767.25 ], [ 427092.5, 434767.25 ], [ 427092.5, 434767.0 ], [ 427093.5, 434767.0 ], [ 427093.5, 434766.75 ], [ 427093.75, 434766.75 ], [ 427093.75, 434766.5 ], [ 427094.0, 434766.5 ], [ 427094.0, 434766.25 ], [ 427094.25, 434766.25 ], [ 427094.25, 434765.75 ], [ 427094.5, 434765.75 ], [ 427094.5, 434765.5 ], [ 427094.75, 434765.5 ], [ 427094.75, 434765.25 ], [ 427095.0, 434765.25 ], [ 427095.0, 434764.75 ], [ 427095.25, 434764.75 ], [ 427095.25, 434764.5 ], [ 427095.5, 434764.5 ], [ 427095.5, 434764.25 ], [ 427095.75, 434764.25 ], [ 427095.75, 434763.75 ], [ 427096.0, 434763.75 ], [ 427096.0, 434763.5 ], [ 427096.25, 434763.5 ], [ 427096.25, 434763.25 ], [ 427096.75, 434763.25 ], [ 427096.75, 434763.0 ], [ 427097.25, 434763.0 ], [ 427097.25, 434762.75 ], [ 427098.5, 434762.75 ], [ 427098.5, 434762.5 ], [ 427103.25, 434762.5 ], [ 427103.25, 434762.75 ], [ 427104.75, 434762.75 ], [ 427104.75, 434763.0 ], [ 427106.0, 434763.0 ], [ 427106.0, 434763.25 ], [ 427107.0, 434763.25 ], [ 427107.0, 434763.5 ], [ 427107.5, 434763.5 ], [ 427107.5, 434763.75 ], [ 427108.0, 434763.75 ], [ 427108.0, 434764.0 ], [ 427108.75, 434764.0 ], [ 427108.75, 434764.25 ], [ 427109.5, 434764.25 ], [ 427109.5, 434764.5 ], [ 427110.0, 434764.5 ], [ 427110.0, 434764.75 ], [ 427110.75, 434764.75 ], [ 427110.75, 434765.0 ], [ 427111.25, 434765.0 ], [ 427111.25, 434765.25 ], [ 427111.5, 434765.25 ], [ 427111.5, 434765.5 ], [ 427112.0, 434765.5 ], [ 427112.0, 434765.75 ], [ 427112.25, 434765.75 ], [ 427112.25, 434766.0 ], [ 427112.75, 434766.0 ], [ 427112.75, 434766.25 ], [ 427113.25, 434766.25 ], [ 427113.25, 434766.5 ], [ 427113.75, 434766.5 ], [ 427113.75, 434766.75 ], [ 427114.25, 434766.75 ], [ 427114.25, 434767.0 ], [ 427115.0, 434767.0 ], [ 427115.0, 434767.25 ], [ 427115.5, 434767.25 ], [ 427115.5, 434767.5 ], [ 427116.0, 434767.5 ], [ 427116.0, 434767.75 ], [ 427116.5, 434767.75 ], [ 427116.5, 434768.0 ], [ 427117.25, 434768.0 ], [ 427117.25, 434768.25 ], [ 427117.75, 434768.25 ], [ 427117.75, 434768.5 ], [ 427118.5, 434768.5 ], [ 427118.5, 434768.75 ], [ 427118.75, 434768.75 ], [ 427118.75, 434769.0 ], [ 427119.25, 434769.0 ], [ 427119.25, 434769.25 ], [ 427119.75, 434769.25 ], [ 427119.75, 434769.5 ], [ 427120.0, 434769.5 ], [ 427120.0, 434769.75 ], [ 427120.25, 434769.75 ], [ 427120.25, 434770.0 ], [ 427120.5, 434770.0 ], [ 427120.5, 434770.25 ], [ 427120.75, 434770.25 ], [ 427120.75, 434770.5 ], [ 427121.25, 434770.5 ], [ 427121.25, 434771.0 ], [ 427121.5, 434771.0 ], [ 427121.5, 434771.25 ], [ 427121.75, 434771.25 ], [ 427121.75, 434771.5 ], [ 427122.0, 434771.5 ], [ 427122.0, 434771.75 ], [ 427122.25, 434771.75 ], [ 427122.25, 434772.0 ], [ 427122.5, 434772.0 ], [ 427122.5, 434772.25 ], [ 427122.75, 434772.25 ], [ 427122.75, 434772.5 ], [ 427123.0, 434772.5 ], [ 427123.0, 434772.75 ], [ 427123.25, 434772.75 ], [ 427123.25, 434773.25 ], [ 427123.5, 434773.25 ], [ 427123.5, 434773.75 ], [ 427123.75, 434773.75 ], [ 427123.75, 434775.75 ], [ 427124.0, 434775.75 ], [ 427124.0, 434777.75 ], [ 427124.25, 434777.75 ], [ 427124.25, 434779.5 ], [ 427124.0, 434779.5 ], [ 427124.0, 434781.0 ], [ 427123.75, 434781.0 ], [ 427123.75, 434782.0 ], [ 427123.5, 434782.0 ], [ 427123.5, 434782.5 ], [ 427123.25, 434782.5 ], [ 427123.25, 434782.75 ], [ 427123.0, 434782.75 ], [ 427123.0, 434783.0 ], [ 427122.75, 434783.0 ], [ 427122.75, 434783.25 ], [ 427122.5, 434783.25 ], [ 427122.5, 434783.5 ], [ 427122.0, 434783.5 ], [ 427122.0, 434783.75 ], [ 427121.75, 434783.75 ], [ 427121.75, 434784.0 ], [ 427121.25, 434784.0 ], [ 427121.25, 434784.25 ], [ 427121.0, 434784.25 ], [ 427121.0, 434784.5 ], [ 427120.5, 434784.5 ], [ 427120.5, 434784.75 ], [ 427120.0, 434784.75 ], [ 427120.0, 434785.0 ], [ 427119.75, 434785.0 ], [ 427119.75, 434785.25 ], [ 427119.25, 434785.25 ], [ 427119.25, 434785.5 ], [ 427119.0, 434785.5 ], [ 427119.0, 434785.75 ], [ 427118.5, 434785.75 ], [ 427118.5, 434786.0 ], [ 427118.0, 434786.0 ], [ 427118.0, 434786.25 ], [ 427117.75, 434786.25 ], [ 427117.75, 434786.5 ], [ 427117.25, 434786.5 ], [ 427117.25, 434786.75 ], [ 427116.75, 434786.75 ], [ 427116.75, 434787.0 ], [ 427116.25, 434787.0 ], [ 427116.25, 434787.25 ], [ 427115.5, 434787.25 ], [ 427115.5, 434787.5 ], [ 427114.75, 434787.5 ], [ 427114.75, 434787.75 ], [ 427114.0, 434787.75 ], [ 427114.0, 434788.0 ], [ 427113.5, 434788.0 ], [ 427113.5, 434788.25 ], [ 427112.75, 434788.25 ], [ 427112.75, 434788.5 ], [ 427112.25, 434788.5 ], [ 427112.25, 434788.75 ], [ 427111.75, 434788.75 ], [ 427111.75, 434789.0 ], [ 427111.5, 434789.0 ], [ 427111.5, 434789.25 ], [ 427111.0, 434789.25 ], [ 427111.0, 434789.5 ], [ 427110.75, 434789.5 ], [ 427110.75, 434789.75 ], [ 427110.25, 434789.75 ], [ 427110.25, 434790.0 ], [ 427110.0, 434790.0 ], [ 427110.0, 434790.25 ], [ 427109.75, 434790.25 ], [ 427109.75, 434790.5 ], [ 427109.25, 434790.5 ], [ 427109.25, 434790.75 ], [ 427108.75, 434790.75 ], [ 427108.75, 434791.0 ], [ 427108.0, 434791.0 ], [ 427108.0, 434791.25 ], [ 427107.5, 434791.25 ], [ 427107.5, 434791.5 ], [ 427107.0, 434791.5 ], [ 427107.0, 434791.75 ], [ 427106.25, 434791.75 ], [ 427106.25, 434792.0 ], [ 427105.5, 434792.0 ], [ 427105.5, 434792.25 ], [ 427104.75, 434792.25 ], [ 427104.75, 434792.5 ], [ 427104.0, 434792.5 ], [ 427104.0, 434792.75 ], [ 427103.5, 434792.75 ], [ 427103.5, 434793.0 ], [ 427103.25, 434793.0 ], [ 427103.25, 434793.25 ], [ 427102.75, 434793.25 ], [ 427102.75, 434793.5 ], [ 427102.25, 434793.5 ], [ 427102.25, 434793.75 ], [ 427101.25, 434793.75 ], [ 427101.25, 434794.0 ], [ 427100.5, 434794.0 ], [ 427100.5, 434794.25 ], [ 427099.5, 434794.25 ], [ 427099.5, 434794.5 ], [ 427098.75, 434794.5 ], [ 427098.75, 434794.75 ], [ 427098.25, 434794.75 ], [ 427098.25, 434794.5 ], [ 427097.75, 434794.5 ], [ 427097.75, 434794.25 ], [ 427097.25, 434794.25 ], [ 427097.25, 434794.0 ], [ 427097.0, 434794.0 ], [ 427097.0, 434793.75 ], [ 427096.75, 434793.75 ], [ 427096.75, 434793.25 ], [ 427097.0, 434793.25 ], [ 427097.0, 434792.75 ], [ 427097.25, 434792.75 ], [ 427097.25, 434792.5 ], [ 427097.5, 434792.5 ], [ 427097.5, 434792.0 ], [ 427097.75, 434792.0 ], [ 427097.75, 434791.75 ], [ 427098.25, 434791.75 ], [ 427098.25, 434789.75 ], [ 427098.0, 434789.75 ], [ 427098.0, 434789.25 ], [ 427097.5, 434789.25 ], [ 427097.5, 434789.0 ], [ 427097.25, 434789.0 ], [ 427097.25, 434788.75 ], [ 427097.0, 434788.75 ], [ 427097.0, 434788.25 ], [ 427096.5, 434788.25 ], [ 427096.5, 434788.0 ], [ 427096.0, 434788.0 ], [ 427096.0, 434787.75 ], [ 427095.5, 434787.75 ], [ 427095.5, 434787.25 ], [ 427095.25, 434787.25 ], [ 427095.25, 434787.0 ], [ 427095.0, 434787.0 ], [ 427095.0, 434786.75 ], [ 427094.25, 434786.75 ], [ 427094.25, 434786.5 ], [ 427094.0, 434786.5 ], [ 427094.0, 434785.0 ], [ 427093.75, 434785.0 ], [ 427093.75, 434784.75 ], [ 427093.5, 434784.75 ], [ 427093.5, 434784.25 ], [ 427093.75, 434784.25 ], [ 427093.75, 434784.0 ], [ 427094.0, 434784.0 ], [ 427094.0, 434783.25 ], [ 427093.75, 434783.25 ], [ 427093.75, 434782.75 ], [ 427093.25, 434782.75 ], [ 427093.25, 434783.0 ], [ 427092.75, 434783.0 ], [ 427092.75, 434783.25 ], [ 427092.5, 434783.25 ], [ 427092.5, 434783.5 ], [ 427092.25, 434783.5 ], [ 427092.25, 434783.75 ], [ 427092.0, 434783.75 ], [ 427092.0, 434784.0 ], [ 427091.5, 434784.0 ], [ 427091.5, 434784.25 ], [ 427091.25, 434784.25 ], [ 427091.25, 434784.5 ], [ 427091.0, 434784.5 ], [ 427091.0, 434784.75 ], [ 427090.5, 434784.75 ], [ 427090.5, 434785.0 ], [ 427090.25, 434785.0 ], [ 427090.25, 434785.25 ], [ 427089.25, 434785.25 ], [ 427089.25, 434785.5 ], [ 427088.75, 434785.5 ], [ 427088.75, 434785.75 ], [ 427088.5, 434785.75 ], [ 427088.5, 434786.0 ], [ 427088.0, 434786.0 ], [ 427088.0, 434786.25 ], [ 427086.0, 434786.25 ], [ 427086.0, 434786.5 ], [ 427085.75, 434786.5 ], [ 427085.75, 434786.75 ], [ 427085.5, 434786.75 ], [ 427085.5, 434787.0 ], [ 427081.75, 434787.0 ], [ 427081.75, 434787.25 ], [ 427081.0, 434787.25 ], [ 427081.0, 434787.5 ], [ 427080.5, 434787.5 ], [ 427080.5, 434787.75 ], [ 427080.0, 434787.75 ], [ 427080.0, 434788.0 ], [ 427079.75, 434788.0 ], [ 427079.75, 434788.25 ], [ 427079.25, 434788.25 ], [ 427079.25, 434788.5 ], [ 427079.0, 434788.5 ], [ 427079.0, 434788.75 ], [ 427078.5, 434788.75 ], [ 427078.5, 434789.0 ], [ 427078.0, 434789.0 ], [ 427078.0, 434789.25 ], [ 427077.75, 434789.25 ], [ 427077.75, 434790.25 ], [ 427077.5, 434790.25 ], [ 427077.5, 434790.5 ], [ 427077.75, 434790.5 ], [ 427077.75, 434790.75 ], [ 427078.0, 434790.75 ], [ 427078.0, 434791.0 ], [ 427078.25, 434791.0 ], [ 427078.25, 434791.25 ], [ 427078.5, 434791.25 ], [ 427078.5, 434791.5 ], [ 427078.75, 434791.5 ], [ 427078.75, 434791.75 ], [ 427079.0, 434791.75 ], [ 427079.0, 434792.0 ], [ 427079.25, 434792.0 ], [ 427079.25, 434792.5 ], [ 427079.5, 434792.5 ], [ 427079.5, 434792.75 ], [ 427079.75, 434792.75 ], [ 427079.75, 434793.0 ], [ 427080.0, 434793.0 ], [ 427080.0, 434793.5 ], [ 427080.25, 434793.5 ], [ 427080.25, 434793.75 ], [ 427080.5, 434793.75 ], [ 427080.5, 434794.25 ], [ 427080.75, 434794.25 ], [ 427080.75, 434795.0 ], [ 427081.0, 434795.0 ], [ 427081.0, 434795.75 ], [ 427081.25, 434795.75 ], [ 427081.25, 434796.25 ], [ 427081.5, 434796.25 ], [ 427081.5, 434796.5 ], [ 427081.75, 434796.5 ], [ 427081.75, 434797.0 ], [ 427082.0, 434797.0 ], [ 427082.0, 434797.25 ], [ 427082.5, 434797.25 ], [ 427082.5, 434797.5 ], [ 427082.75, 434797.5 ], [ 427082.75, 434797.75 ], [ 427083.0, 434797.75 ], [ 427083.0, 434798.0 ], [ 427083.25, 434798.0 ], [ 427083.25, 434798.25 ], [ 427085.25, 434798.25 ], [ 427085.25, 434798.0 ], [ 427085.75, 434798.0 ], [ 427085.75, 434797.75 ], [ 427086.75, 434797.75 ], [ 427086.75, 434797.5 ], [ 427087.0, 434797.5 ], [ 427087.0, 434797.25 ], [ 427087.25, 434797.25 ], [ 427087.25, 434797.0 ], [ 427087.5, 434797.0 ], [ 427087.5, 434796.75 ], [ 427088.0, 434796.75 ], [ 427088.0, 434796.5 ], [ 427088.25, 434796.5 ], [ 427088.25, 434796.25 ], [ 427088.5, 434796.25 ], [ 427088.5, 434796.0 ], [ 427088.75, 434796.0 ], [ 427088.75, 434795.25 ], [ 427089.0, 434795.25 ], [ 427089.0, 434794.75 ], [ 427089.25, 434794.75 ], [ 427089.25, 434794.5 ], [ 427089.5, 434794.5 ], [ 427089.5, 434794.25 ], [ 427090.5, 434794.25 ], [ 427090.5, 434794.0 ], [ 427091.75, 434794.0 ], [ 427091.75, 434794.25 ], [ 427092.25, 434794.25 ], [ 427092.25, 434794.5 ], [ 427092.75, 434794.5 ], [ 427092.75, 434794.25 ], [ 427094.25, 434794.25 ], [ 427094.25, 434794.5 ], [ 427095.5, 434794.5 ], [ 427095.5, 434794.75 ], [ 427095.75, 434794.75 ], [ 427095.75, 434795.25 ], [ 427096.0, 434795.25 ], [ 427096.0, 434795.75 ], [ 427096.25, 434795.75 ], [ 427096.25, 434797.25 ], [ 427096.5, 434797.25 ], [ 427096.5, 434797.5 ], [ 427096.25, 434797.5 ], [ 427096.25, 434797.75 ], [ 427096.0, 434797.75 ], [ 427096.0, 434798.0 ], [ 427095.75, 434798.0 ], [ 427095.75, 434798.25 ], [ 427095.5, 434798.25 ], [ 427095.5, 434798.5 ], [ 427095.25, 434798.5 ], [ 427095.25, 434798.75 ], [ 427094.75, 434798.75 ], [ 427094.75, 434799.0 ], [ 427094.25, 434799.0 ], [ 427094.25, 434799.25 ], [ 427094.0, 434799.25 ], [ 427094.0, 434799.5 ], [ 427093.5, 434799.5 ], [ 427093.5, 434799.75 ], [ 427093.0, 434799.75 ], [ 427093.0, 434799.5 ], [ 427091.75, 434799.5 ], [ 427091.75, 434799.25 ], [ 427091.25, 434799.25 ], [ 427091.25, 434799.5 ], [ 427091.0, 434799.5 ], [ 427091.0, 434799.75 ], [ 427090.75, 434799.75 ], [ 427090.75, 434800.0 ], [ 427090.25, 434800.0 ], [ 427090.25, 434800.25 ], [ 427089.75, 434800.25 ], [ 427089.75, 434800.5 ], [ 427089.5, 434800.5 ], [ 427089.5, 434800.75 ], [ 427089.0, 434800.75 ], [ 427089.0, 434801.0 ], [ 427088.75, 434801.0 ], [ 427088.75, 434801.25 ], [ 427088.5, 434801.25 ], [ 427088.5, 434801.5 ], [ 427088.0, 434801.5 ], [ 427088.0, 434801.75 ], [ 427087.5, 434801.75 ], [ 427087.5, 434802.0 ], [ 427087.25, 434802.0 ], [ 427087.25, 434802.5 ], [ 427087.0, 434802.5 ], [ 427087.0, 434803.0 ], [ 427086.75, 434803.0 ], [ 427086.75, 434803.5 ], [ 427086.5, 434803.5 ], [ 427086.5, 434804.0 ], [ 427086.25, 434804.0 ], [ 427086.25, 434804.25 ], [ 427086.0, 434804.25 ], [ 427086.0, 434804.5 ], [ 427085.75, 434804.5 ], [ 427085.75, 434804.75 ], [ 427085.5, 434804.75 ], [ 427085.5, 434805.0 ], [ 427085.25, 434805.0 ], [ 427085.25, 434805.75 ], [ 427085.0, 434805.75 ], [ 427085.0, 434806.0 ], [ 427084.75, 434806.0 ], [ 427084.75, 434806.25 ], [ 427084.5, 434806.25 ], [ 427084.5, 434806.5 ], [ 427084.25, 434806.5 ], [ 427084.25, 434806.75 ], [ 427084.0, 434806.75 ], [ 427084.0, 434807.0 ], [ 427083.5, 434807.0 ], [ 427083.5, 434807.25 ], [ 427083.25, 434807.25 ], [ 427083.25, 434807.5 ], [ 427082.75, 434807.5 ], [ 427082.75, 434807.75 ], [ 427082.25, 434807.75 ], [ 427082.25, 434808.0 ], [ 427081.75, 434808.0 ], [ 427081.75, 434808.25 ], [ 427081.5, 434808.25 ], [ 427081.5, 434808.5 ], [ 427081.25, 434808.5 ], [ 427081.25, 434808.75 ], [ 427081.0, 434808.75 ], [ 427081.0, 434809.0 ], [ 427080.75, 434809.0 ], [ 427080.75, 434809.5 ], [ 427080.5, 434809.5 ], [ 427080.5, 434809.75 ], [ 427080.25, 434809.75 ], [ 427080.25, 434810.0 ], [ 427080.0, 434810.0 ], [ 427080.0, 434810.25 ], [ 427079.75, 434810.25 ], [ 427079.75, 434810.5 ], [ 427079.5, 434810.5 ], [ 427079.5, 434810.75 ], [ 427079.0, 434810.75 ], [ 427079.0, 434811.0 ], [ 427078.5, 434811.0 ], [ 427078.5, 434811.25 ], [ 427078.25, 434811.25 ], [ 427078.25, 434811.5 ], [ 427077.75, 434811.5 ], [ 427077.75, 434811.75 ], [ 427077.25, 434811.75 ], [ 427077.25, 434812.0 ], [ 427077.0, 434812.0 ], [ 427077.0, 434812.25 ], [ 427076.5, 434812.25 ], [ 427076.5, 434812.5 ], [ 427076.25, 434812.5 ], [ 427076.25, 434812.75 ], [ 427075.75, 434812.75 ], [ 427075.75, 434813.0 ], [ 427075.25, 434813.0 ], [ 427075.25, 434813.25 ], [ 427075.0, 434813.25 ], [ 427075.0, 434813.5 ], [ 427074.5, 434813.5 ], [ 427074.5, 434813.75 ], [ 427074.25, 434813.75 ], [ 427074.25, 434814.0 ], [ 427074.0, 434814.0 ], [ 427074.0, 434814.25 ], [ 427073.5, 434814.25 ], [ 427073.5, 434814.5 ], [ 427073.25, 434814.5 ], [ 427073.25, 434814.75 ], [ 427073.0, 434814.75 ], [ 427073.0, 434815.0 ], [ 427072.5, 434815.0 ], [ 427072.5, 434815.25 ], [ 427072.0, 434815.25 ], [ 427072.0, 434815.5 ], [ 427071.5, 434815.5 ], [ 427071.5, 434815.75 ], [ 427071.0, 434815.75 ], [ 427071.0, 434816.0 ], [ 427070.5, 434816.0 ], [ 427070.5, 434816.25 ], [ 427068.75, 434816.25 ], [ 427068.75, 434816.5 ], [ 427067.75, 434816.5 ], [ 427067.75, 434816.25 ], [ 427066.25, 434816.25 ], [ 427066.25, 434816.0 ], [ 427065.75, 434816.0 ], [ 427065.75, 434815.75 ], [ 427065.25, 434815.75 ], [ 427065.25, 434815.5 ], [ 427064.75, 434815.5 ], [ 427064.75, 434815.25 ], [ 427064.25, 434815.25 ], [ 427064.25, 434815.0 ], [ 427064.0, 434815.0 ], [ 427064.0, 434814.75 ], [ 427063.75, 434814.75 ], [ 427063.75, 434814.5 ], [ 427063.5, 434814.5 ], [ 427063.5, 434814.0 ], [ 427063.25, 434814.0 ], [ 427063.25, 434813.5 ], [ 427063.0, 434813.5 ], [ 427063.0, 434813.0 ], [ 427062.75, 434813.0 ], [ 427062.75, 434812.0 ], [ 427062.5, 434812.0 ], [ 427062.5, 434811.0 ], [ 427062.75, 434811.0 ], [ 427062.75, 434810.0 ], [ 427062.5, 434810.0 ], [ 427062.5, 434808.75 ], [ 427062.25, 434808.75 ], [ 427062.25, 434808.0 ], [ 427062.0, 434808.0 ], [ 427062.0, 434807.0 ], [ 427061.75, 434807.0 ], [ 427061.75, 434806.25 ], [ 427061.5, 434806.25 ], [ 427061.5, 434805.75 ], [ 427061.25, 434805.75 ], [ 427061.25, 434805.5 ], [ 427061.0, 434805.5 ], [ 427061.0, 434805.25 ], [ 427060.75, 434805.25 ], [ 427060.75, 434805.0 ], [ 427060.5, 434805.0 ], [ 427060.5, 434804.5 ], [ 427060.25, 434804.5 ], [ 427060.25, 434804.25 ], [ 427060.0, 434804.25 ], [ 427060.0, 434803.75 ], [ 427059.75, 434803.75 ], [ 427059.75, 434803.0 ], [ 427059.5, 434803.0 ], [ 427059.5, 434802.25 ], [ 427059.25, 434802.25 ], [ 427059.25, 434801.75 ], [ 427059.0, 434801.75 ], [ 427059.0, 434801.25 ], [ 427058.75, 434801.25 ], [ 427058.75, 434800.75 ], [ 427058.5, 434800.75 ], [ 427058.5, 434800.5 ], [ 427058.25, 434800.5 ], [ 427058.25, 434800.25 ], [ 427058.0, 434800.25 ], [ 427058.0, 434800.0 ], [ 427057.75, 434800.0 ], [ 427057.75, 434799.5 ], [ 427057.5, 434799.5 ], [ 427057.5, 434799.25 ], [ 427057.25, 434799.25 ], [ 427057.25, 434799.0 ], [ 427057.0, 434799.0 ], [ 427057.0, 434798.75 ], [ 427056.75, 434798.75 ], [ 427056.75, 434798.5 ], [ 427056.5, 434798.5 ], [ 427056.5, 434798.25 ], [ 427056.25, 434798.25 ], [ 427056.25, 434797.75 ], [ 427056.0, 434797.75 ], [ 427056.0, 434797.25 ], [ 427055.75, 434797.25 ], [ 427055.75, 434796.75 ], [ 427055.5, 434796.75 ], [ 427055.5, 434796.0 ], [ 427055.25, 434796.0 ], [ 427055.25, 434795.25 ], [ 427055.0, 434795.25 ], [ 427055.0, 434794.25 ], [ 427054.75, 434794.25 ], [ 427054.75, 434793.75 ], [ 427054.5, 434793.75 ], [ 427054.5, 434793.25 ], [ 427054.25, 434793.25 ], [ 427054.25, 434793.0 ], [ 427054.0, 434793.0 ], [ 427054.0, 434792.75 ], [ 427053.75, 434792.75 ], [ 427053.75, 434792.25 ], [ 427053.5, 434792.25 ], [ 427053.5, 434792.0 ], [ 427053.25, 434792.0 ], [ 427053.25, 434791.75 ], [ 427053.0, 434791.75 ], [ 427053.0, 434791.5 ], [ 427052.75, 434791.5 ], [ 427052.75, 434791.0 ], [ 427052.5, 434791.0 ], [ 427052.5, 434790.5 ], [ 427052.25, 434790.5 ], [ 427052.25, 434790.25 ], [ 427052.0, 434790.25 ], [ 427052.0, 434789.75 ], [ 427051.75, 434789.75 ], [ 427051.75, 434789.25 ], [ 427051.5, 434789.25 ], [ 427051.5, 434789.0 ], [ 427051.25, 434789.0 ], [ 427051.25, 434788.75 ], [ 427051.0, 434788.75 ], [ 427051.0, 434788.25 ], [ 427050.75, 434788.25 ], [ 427050.75, 434788.0 ], [ 427050.5, 434788.0 ], [ 427050.5, 434787.75 ], [ 427050.0, 434787.75 ], [ 427050.0, 434787.5 ], [ 427049.75, 434787.5 ], [ 427049.75, 434787.25 ], [ 427048.25, 434787.25 ], [ 427048.25, 434787.0 ], [ 427047.75, 434787.0 ], [ 427047.75, 434786.75 ], [ 427047.25, 434786.75 ], [ 427047.25, 434786.5 ], [ 427046.0, 434786.5 ], [ 427046.0, 434786.75 ], [ 427045.25, 434786.75 ], [ 427045.25, 434787.0 ], [ 427045.0, 434787.0 ], [ 427045.0, 434787.25 ], [ 427044.75, 434787.25 ], [ 427044.75, 434787.5 ], [ 427044.5, 434787.5 ], [ 427044.5, 434789.75 ], [ 427044.25, 434789.75 ], [ 427044.25, 434790.75 ], [ 427044.75, 434790.75 ], [ 427044.75, 434791.0 ], [ 427045.0, 434791.0 ], [ 427045.0, 434791.25 ], [ 427045.25, 434791.25 ], [ 427045.25, 434791.75 ], [ 427045.5, 434791.75 ], [ 427045.5, 434792.0 ], [ 427045.75, 434792.0 ], [ 427045.75, 434792.25 ], [ 427046.0, 434792.25 ], [ 427046.0, 434792.5 ], [ 427046.25, 434792.5 ], [ 427046.25, 434792.75 ], [ 427046.5, 434792.75 ], [ 427046.5, 434793.0 ], [ 427046.75, 434793.0 ], [ 427046.75, 434793.25 ], [ 427047.25, 434793.25 ], [ 427047.25, 434793.5 ], [ 427047.5, 434793.5 ], [ 427047.5, 434793.75 ], [ 427048.0, 434793.75 ], [ 427048.0, 434794.0 ], [ 427048.25, 434794.0 ], [ 427048.25, 434794.25 ], [ 427048.5, 434794.25 ], [ 427048.5, 434794.5 ], [ 427048.75, 434794.5 ], [ 427048.75, 434794.75 ], [ 427049.0, 434794.75 ], [ 427049.0, 434795.25 ], [ 427049.25, 434795.25 ], [ 427049.25, 434796.5 ], [ 427049.5, 434796.5 ], [ 427049.5, 434797.0 ], [ 427049.75, 434797.0 ], [ 427049.75, 434797.5 ], [ 427050.0, 434797.5 ], [ 427050.0, 434798.0 ], [ 427050.25, 434798.0 ], [ 427050.25, 434798.75 ], [ 427050.5, 434798.75 ], [ 427050.5, 434799.0 ], [ 427050.75, 434799.0 ], [ 427050.75, 434799.25 ], [ 427051.0, 434799.25 ], [ 427051.0, 434799.75 ], [ 427051.25, 434799.75 ], [ 427051.25, 434800.25 ], [ 427051.5, 434800.25 ], [ 427051.5, 434800.5 ], [ 427051.75, 434800.5 ], [ 427051.75, 434800.75 ], [ 427052.0, 434800.75 ], [ 427052.0, 434801.0 ], [ 427052.25, 434801.0 ], [ 427052.25, 434801.25 ], [ 427052.5, 434801.25 ], [ 427052.5, 434801.75 ], [ 427052.75, 434801.75 ], [ 427052.75, 434802.75 ], [ 427053.0, 434802.75 ], [ 427053.0, 434803.5 ], [ 427053.25, 434803.5 ], [ 427053.25, 434804.0 ], [ 427053.5, 434804.0 ], [ 427053.5, 434804.75 ], [ 427053.75, 434804.75 ], [ 427053.75, 434805.25 ], [ 427054.0, 434805.25 ], [ 427054.0, 434805.75 ], [ 427054.25, 434805.75 ], [ 427054.25, 434806.0 ], [ 427054.5, 434806.0 ], [ 427054.5, 434806.25 ], [ 427054.75, 434806.25 ], [ 427054.75, 434806.75 ], [ 427055.25, 434806.75 ], [ 427055.25, 434807.0 ], [ 427055.5, 434807.0 ], [ 427055.5, 434807.25 ], [ 427055.75, 434807.25 ], [ 427055.75, 434807.75 ], [ 427056.0, 434807.75 ], [ 427056.0, 434808.25 ], [ 427056.25, 434808.25 ], [ 427056.25, 434809.0 ], [ 427056.5, 434809.0 ], [ 427056.5, 434809.5 ], [ 427056.75, 434809.5 ], [ 427056.75, 434810.5 ], [ 427057.0, 434810.5 ], [ 427057.0, 434812.25 ], [ 427057.25, 434812.25 ], [ 427057.25, 434814.25 ], [ 427057.5, 434814.25 ], [ 427057.5, 434814.75 ], [ 427057.75, 434814.75 ], [ 427057.75, 434815.0 ], [ 427058.0, 434815.0 ], [ 427058.0, 434815.5 ], [ 427058.25, 434815.5 ], [ 427058.25, 434815.75 ], [ 427058.75, 434815.75 ], [ 427058.75, 434816.0 ], [ 427059.25, 434816.0 ], [ 427059.25, 434816.25 ], [ 427059.75, 434816.25 ], [ 427059.75, 434816.5 ], [ 427060.25, 434816.5 ], [ 427060.25, 434817.0 ], [ 427060.5, 434817.0 ], [ 427060.5, 434818.75 ], [ 427060.25, 434818.75 ], [ 427060.25, 434819.75 ], [ 427060.0, 434819.75 ], [ 427060.0, 434820.5 ], [ 427059.75, 434820.5 ], [ 427059.75, 434821.0 ], [ 427059.5, 434821.0 ], [ 427059.5, 434821.5 ], [ 427059.25, 434821.5 ], [ 427059.25, 434822.0 ], [ 427059.0, 434822.0 ], [ 427059.0, 434822.5 ], [ 427058.75, 434822.5 ], [ 427058.75, 434822.75 ], [ 427058.5, 434822.75 ], [ 427058.5, 434823.0 ], [ 427058.25, 434823.0 ], [ 427058.25, 434823.25 ], [ 427058.0, 434823.25 ], [ 427058.0, 434823.5 ], [ 427057.5, 434823.5 ], [ 427057.5, 434823.75 ], [ 427057.0, 434823.75 ], [ 427057.0, 434824.0 ], [ 427056.5, 434824.0 ], [ 427056.5, 434824.25 ], [ 427056.0, 434824.25 ], [ 427056.0, 434824.5 ], [ 427055.5, 434824.5 ], [ 427055.5, 434824.75 ], [ 427055.0, 434824.75 ], [ 427055.0, 434825.0 ], [ 427054.75, 434825.0 ], [ 427054.75, 434825.25 ], [ 427054.25, 434825.25 ], [ 427054.25, 434825.5 ], [ 427053.5, 434825.5 ], [ 427053.5, 434825.75 ], [ 427053.0, 434825.75 ], [ 427053.0, 434826.0 ], [ 427052.5, 434826.0 ], [ 427052.5, 434826.25 ], [ 427051.75, 434826.25 ], [ 427051.75, 434826.5 ], [ 427051.0, 434826.5 ], [ 427051.0, 434826.75 ], [ 427050.25, 434826.75 ], [ 427050.25, 434827.0 ], [ 427049.5, 434827.0 ], [ 427049.5, 434827.25 ], [ 427048.75, 434827.25 ], [ 427048.75, 434827.5 ], [ 427047.5, 434827.5 ], [ 427047.5, 434827.75 ], [ 427045.5, 434827.75 ], [ 427045.5, 434828.0 ], [ 427044.25, 434828.0 ], [ 427044.25, 434828.25 ], [ 427043.25, 434828.25 ], [ 427043.25, 434828.5 ], [ 427042.25, 434828.5 ], [ 427042.25, 434828.75 ], [ 427041.25, 434828.75 ], [ 427041.25, 434829.0 ], [ 427040.0, 434829.0 ], [ 427040.0, 434829.25 ], [ 427039.0, 434829.25 ], [ 427039.0, 434829.5 ], [ 427038.25, 434829.5 ], [ 427038.25, 434829.75 ], [ 427037.75, 434829.75 ], [ 427037.75, 434830.0 ], [ 427037.25, 434830.0 ], [ 427037.25, 434830.25 ], [ 427036.75, 434830.25 ], [ 427036.75, 434830.5 ], [ 427036.25, 434830.5 ], [ 427036.25, 434830.75 ], [ 427035.75, 434830.75 ], [ 427035.75, 434831.0 ], [ 427035.25, 434831.0 ], [ 427035.25, 434831.25 ], [ 427034.5, 434831.25 ], [ 427034.5, 434831.5 ], [ 427034.0, 434831.5 ], [ 427034.0, 434831.75 ], [ 427033.75, 434831.75 ], [ 427033.75, 434832.0 ], [ 427033.25, 434832.0 ], [ 427033.25, 434832.25 ], [ 427033.0, 434832.25 ], [ 427033.0, 434832.5 ], [ 427032.5, 434832.5 ], [ 427032.5, 434832.75 ], [ 427032.25, 434832.75 ], [ 427032.25, 434833.0 ], [ 427031.75, 434833.0 ], [ 427031.75, 434833.25 ], [ 427031.5, 434833.25 ], [ 427031.5, 434833.5 ], [ 427031.0, 434833.5 ], [ 427031.0, 434833.75 ], [ 427030.75, 434833.75 ], [ 427030.75, 434834.0 ], [ 427030.5, 434834.0 ], [ 427030.5, 434834.25 ], [ 427030.0, 434834.25 ], [ 427030.0, 434834.5 ], [ 427029.75, 434834.5 ], [ 427029.75, 434834.75 ], [ 427029.5, 434834.75 ], [ 427029.5, 434835.0 ], [ 427029.0, 434835.0 ], [ 427029.0, 434835.25 ], [ 427028.5, 434835.25 ], [ 427028.5, 434835.5 ], [ 427028.25, 434835.5 ], [ 427028.25, 434835.75 ], [ 427027.75, 434835.75 ], [ 427027.75, 434836.0 ], [ 427027.25, 434836.0 ], [ 427027.25, 434836.25 ], [ 427026.5, 434836.25 ], [ 427026.5, 434836.5 ], [ 427026.0, 434836.5 ], [ 427026.0, 434836.75 ], [ 427025.5, 434836.75 ], [ 427025.5, 434837.0 ], [ 427025.0, 434837.0 ], [ 427025.0, 434837.25 ], [ 427024.5, 434837.25 ], [ 427024.5, 434837.5 ], [ 427024.0, 434837.5 ], [ 427024.0, 434837.75 ], [ 427023.75, 434837.75 ], [ 427023.75, 434838.0 ], [ 427023.25, 434838.0 ], [ 427023.25, 434838.25 ], [ 427022.75, 434838.25 ], [ 427022.75, 434838.5 ], [ 427022.5, 434838.5 ], [ 427022.5, 434838.75 ], [ 427022.0, 434838.75 ], [ 427022.0, 434839.0 ], [ 427021.5, 434839.0 ], [ 427021.5, 434839.25 ], [ 427021.0, 434839.25 ], [ 427021.0, 434839.5 ], [ 427020.25, 434839.5 ], [ 427020.25, 434839.75 ], [ 427019.75, 434839.75 ], [ 427019.75, 434840.0 ], [ 427019.0, 434840.0 ], [ 427019.0, 434840.25 ], [ 427018.25, 434840.25 ], [ 427018.25, 434840.5 ], [ 427017.5, 434840.5 ], [ 427017.5, 434840.75 ], [ 427016.75, 434840.75 ], [ 427016.75, 434841.0 ], [ 427016.0, 434841.0 ], [ 427016.0, 434841.25 ], [ 427015.5, 434841.25 ], [ 427015.5, 434841.5 ], [ 427015.0, 434841.5 ], [ 427015.0, 434841.75 ], [ 427014.5, 434841.75 ], [ 427014.5, 434842.0 ], [ 427013.75, 434842.0 ], [ 427013.75, 434842.25 ], [ 427011.75, 434842.25 ], [ 427011.75, 434842.0 ], [ 427009.75, 434842.0 ], [ 427009.75, 434842.25 ], [ 427009.25, 434842.25 ] ] ] } },
{ "type": "Feature", "properties": { }, "geometry": { "type": "Polygon", "coordinates": [ [ [ 427451.25, 434782.5 ], [ 427451.25, 434782.25 ], [ 427450.5, 434782.25 ], [ 427450.5, 434782.0 ], [ 427449.25, 434782.0 ], [ 427449.25, 434781.75 ], [ 427448.25, 434781.75 ], [ 427448.25, 434781.5 ], [ 427447.5, 434781.5 ], [ 427447.5, 434781.25 ], [ 427446.5, 434781.25 ], [ 427446.5, 434781.0 ], [ 427446.25, 434781.0 ], [ 427446.25, 434780.75 ], [ 427445.75, 434780.75 ], [ 427445.75, 434780.5 ], [ 427445.5, 434780.5 ], [ 427445.5, 434780.25 ], [ 427445.0, 434780.25 ], [ 427445.0, 434780.0 ], [ 427444.75, 434780.0 ], [ 427444.75, 434779.75 ], [ 427444.25, 434779.75 ], [ 427444.25, 434779.5 ], [ 427444.0, 434779.5 ], [ 427444.0, 434779.25 ], [ 427443.75, 434779.25 ], [ 427443.75, 434779.0 ], [ 427443.5, 434779.0 ], [ 427443.5, 434778.75 ], [ 427443.25, 434778.75 ], [ 427443.25, 434778.5 ], [ 427442.75, 434778.5 ], [ 427442.75, 434778.25 ], [ 427442.5, 434778.25 ], [ 427442.5, 434778.0 ], [ 427442.25, 434778.0 ], [ 427442.25, 434777.75 ], [ 427442.0, 434777.75 ], [ 427442.0, 434777.5 ], [ 427441.75, 434777.5 ], [ 427441.75, 434777.25 ], [ 427441.5, 434777.25 ], [ 427441.5, 434776.75 ], [ 427441.25, 434776.75 ], [ 427441.25, 434776.5 ], [ 427441.0, 434776.5 ], [ 427441.0, 434776.25 ], [ 427440.75, 434776.25 ], [ 427440.75, 434775.75 ], [ 427440.5, 434775.75 ], [ 427440.5, 434775.5 ], [ 427440.25, 434775.5 ], [ 427440.25, 434775.0 ], [ 427440.0, 434775.0 ], [ 427440.0, 434774.75 ], [ 427439.75, 434774.75 ], [ 427439.75, 434774.5 ], [ 427439.5, 434774.5 ], [ 427439.5, 434773.75 ], [ 427439.25, 434773.75 ], [ 427439.25, 434772.25 ], [ 427439.5, 434772.25 ], [ 427439.5, 434771.75 ], [ 427439.75, 434771.75 ], [ 427439.75, 434771.25 ], [ 427440.0, 434771.25 ], [ 427440.0, 434771.0 ], [ 427440.25, 434771.0 ], [ 427440.25, 434770.5 ], [ 427440.5, 434770.5 ], [ 427440.5, 434770.25 ], [ 427440.75, 434770.25 ], [ 427440.75, 434770.0 ], [ 427441.0, 434770.0 ], [ 427441.0, 434769.75 ], [ 427441.25, 434769.75 ], [ 427441.25, 434769.5 ], [ 427441.5, 434769.5 ], [ 427441.5, 434769.25 ], [ 427442.0, 434769.25 ], [ 427442.0, 434769.0 ], [ 427442.25, 434769.0 ], [ 427442.25, 434768.75 ], [ 427442.5, 434768.75 ], [ 427442.5, 434768.5 ], [ 427443.0, 434768.5 ], [ 427443.0, 434768.25 ], [ 427443.25, 434768.25 ], [ 427443.25, 434768.0 ], [ 427443.5, 434768.0 ], [ 427443.5, 434767.75 ], [ 427443.75, 434767.75 ], [ 427443.75, 434767.5 ], [ 427444.25, 434767.5 ], [ 427444.25, 434767.25 ], [ 427444.5, 434767.25 ], [ 427444.5, 434766.75 ], [ 427444.75, 434766.75 ], [ 427444.75, 434766.5 ], [ 427445.0, 434766.5 ], [ 427445.0, 434766.25 ], [ 427445.25, 434766.25 ], [ 427445.25, 434766.0 ], [ 427445.5, 434766.0 ], [ 427445.5, 434765.75 ], [ 427445.75, 434765.75 ], [ 427445.75, 434765.5 ], [ 427446.0, 434765.5 ], [ 427446.0, 434765.25 ], [ 427446.25, 434765.25 ], [ 427446.25, 434765.0 ], [ 427446.5, 434765.0 ], [ 427446.5, 434764.75 ], [ 427446.75, 434764.75 ], [ 427446.75, 434764.5 ], [ 427447.25, 434764.5 ], [ 427447.25, 434764.25 ], [ 427447.5, 434764.25 ], [ 427447.5, 434763.75 ], [ 427447.75, 434763.75 ], [ 427447.75, 434763.5 ], [ 427448.0, 434763.5 ], [ 427448.0, 434763.25 ], [ 427448.25, 434763.25 ], [ 427448.25, 434763.0 ], [ 427448.5, 434763.0 ], [ 427448.5, 434762.75 ], [ 427448.75, 434762.75 ], [ 427448.75, 434762.5 ], [ 427449.0, 434762.5 ], [ 427449.0, 434762.25 ], [ 427449.25, 434762.25 ], [ 427449.25, 434761.75 ], [ 427449.5, 434761.75 ], [ 427449.5, 434761.5 ], [ 427449.75, 434761.5 ], [ 427449.75, 434761.25 ], [ 427450.0, 434761.25 ], [ 427450.0, 434761.0 ], [ 427450.25, 434761.0 ], [ 427450.25, 434760.75 ], [ 427450.5, 434760.75 ], [ 427450.5, 434760.5 ], [ 427450.75, 434760.5 ], [ 427450.75, 434760.25 ], [ 427451.25, 434760.25 ], [ 427451.25, 434760.0 ], [ 427451.5, 434760.0 ], [ 427451.5, 434759.75 ], [ 427451.75, 434759.75 ], [ 427451.75, 434759.5 ], [ 427452.0, 434759.5 ], [ 427452.0, 434759.25 ], [ 427452.25, 434759.25 ], [ 427452.25, 434759.0 ], [ 427452.5, 434759.0 ], [ 427452.5, 434758.75 ], [ 427453.0, 434758.75 ], [ 427453.0, 434758.5 ], [ 427453.25, 434758.5 ], [ 427453.25, 434758.25 ], [ 427453.5, 434758.25 ], [ 427453.5, 434758.0 ], [ 427453.75, 434758.0 ], [ 427453.75, 434757.75 ], [ 427454.0, 434757.75 ], [ 427454.0, 434757.5 ], [ 427454.25, 434757.5 ], [ 427454.25, 434757.25 ], [ 427454.75, 434757.25 ], [ 427454.75, 434757.0 ], [ 427455.0, 434757.0 ], [ 427455.0, 434756.75 ], [ 427455.5, 434756.75 ], [ 427455.5, 434756.5 ], [ 427456.5, 434756.5 ], [ 427456.5, 434756.25 ], [ 427457.0, 434756.25 ], [ 427457.0, 434756.0 ], [ 427457.5, 434756.0 ], [ 427457.5, 434755.75 ], [ 427458.0, 434755.75 ], [ 427458.0, 434755.5 ], [ 427458.5, 434755.5 ], [ 427458.5, 434755.25 ], [ 427459.0, 434755.25 ], [ 427459.0, 434755.0 ], [ 427459.5, 434755.0 ], [ 427459.5, 434754.75 ], [ 427459.75, 434754.75 ], [ 427459.75, 434754.5 ], [ 427460.0, 434754.5 ], [ 427460.0, 434754.25 ], [ 427460.25, 434754.25 ], [ 427460.25, 434754.0 ], [ 427460.5, 434754.0 ], [ 427460.5, 434753.75 ], [ 427460.75, 434753.75 ], [ 427460.75, 434753.5 ], [ 427461.0, 434753.5 ], [ 427461.0, 434753.25 ], [ 427461.25, 434753.25 ], [ 427461.25, 434753.0 ], [ 427461.75, 434753.0 ], [ 427461.75, 434752.75 ], [ 427462.5, 434752.75 ], [ 427462.5, 434752.5 ], [ 427463.25, 434752.5 ], [ 427463.25, 434752.25 ], [ 427464.0, 434752.25 ], [ 427464.0, 434752.0 ], [ 427465.0, 434752.0 ], [ 427465.0, 434751.75 ], [ 427466.0, 434751.75 ], [ 427466.0, 434751.5 ], [ 427468.0, 434751.5 ], [ 427468.0, 434751.25 ], [ 427470.0, 434751.25 ], [ 427470.0, 434751.0 ], [ 427471.25, 434751.0 ], [ 427471.25, 434750.75 ], [ 427472.0, 434750.75 ], [ 427472.0, 434750.5 ], [ 427472.75, 434750.5 ], [ 427472.75, 434750.25 ], [ 427473.5, 434750.25 ], [ 427473.5, 434750.0 ], [ 427474.25, 434750.0 ], [ 427474.25, 434749.75 ], [ 427475.25, 434749.75 ], [ 427475.25, 434749.5 ], [ 427476.25, 434749.5 ], [ 427476.25, 434749.25 ], [ 427477.75, 434749.25 ], [ 427477.75, 434749.0 ], [ 427479.25, 434749.0 ], [ 427479.25, 434748.75 ], [ 427486.0, 434748.75 ], [ 427486.0, 434748.5 ], [ 427491.25, 434748.5 ], [ 427491.25, 434748.75 ], [ 427491.75, 434748.75 ], [ 427491.75, 434749.0 ], [ 427492.0, 434749.0 ], [ 427492.0, 434749.25 ], [ 427492.25, 434749.25 ], [ 427492.25, 434749.5 ], [ 427492.5, 434749.5 ], [ 427492.5, 434749.75 ], [ 427492.75, 434749.75 ], [ 427492.75, 434750.0 ], [ 427493.0, 434750.0 ], [ 427493.0, 434750.5 ], [ 427493.25, 434750.5 ], [ 427493.25, 434750.75 ], [ 427493.5, 434750.75 ], [ 427493.5, 434751.0 ], [ 427493.75, 434751.0 ], [ 427493.75, 434751.25 ], [ 427494.0, 434751.25 ], [ 427494.0, 434751.5 ], [ 427494.25, 434751.5 ], [ 427494.25, 434751.75 ], [ 427494.5, 434751.75 ], [ 427494.5, 434752.0 ], [ 427494.75, 434752.0 ], [ 427494.75, 434752.25 ], [ 427495.0, 434752.25 ], [ 427495.0, 434752.5 ], [ 427495.25, 434752.5 ], [ 427495.25, 434753.0 ], [ 427495.5, 434753.0 ], [ 427495.5, 434753.25 ], [ 427495.75, 434753.25 ], [ 427495.75, 434753.75 ], [ 427496.0, 434753.75 ], [ 427496.0, 434754.25 ], [ 427496.25, 434754.25 ], [ 427496.25, 434754.5 ], [ 427496.5, 434754.5 ], [ 427496.5, 434755.0 ], [ 427496.75, 434755.0 ], [ 427496.75, 434755.5 ], [ 427497.0, 434755.5 ], [ 427497.0, 434756.0 ], [ 427497.25, 434756.0 ], [ 427497.25, 434756.5 ], [ 427497.5, 434756.5 ], [ 427497.5, 434757.0 ], [ 427497.75, 434757.0 ], [ 427497.75, 434757.5 ], [ 427498.0, 434757.5 ], [ 427498.0, 434758.0 ], [ 427498.25, 434758.0 ], [ 427498.25, 434759.25 ], [ 427498.5, 434759.25 ], [ 427498.5, 434760.5 ], [ 427498.75, 434760.5 ], [ 427498.75, 434762.0 ], [ 427499.0, 434762.0 ], [ 427499.0, 434764.25 ], [ 427498.75, 434764.25 ], [ 427498.75, 434765.25 ], [ 427498.5, 434765.25 ], [ 427498.5, 434765.75 ], [ 427498.25, 434765.75 ], [ 427498.25, 434766.25 ], [ 427498.0, 434766.25 ], [ 427498.0, 434766.75 ], [ 427497.75, 434766.75 ], [ 427497.75, 434767.0 ], [ 427497.5, 434767.0 ], [ 427497.5, 434767.25 ], [ 427497.25, 434767.25 ], [ 427497.25, 434767.5 ], [ 427497.0, 434767.5 ], [ 427497.0, 434767.75 ], [ 427496.75, 434767.75 ], [ 427496.75, 434768.0 ], [ 427496.5, 434768.0 ], [ 427496.5, 434768.25 ], [ 427496.0, 434768.25 ], [ 427496.0, 434768.5 ], [ 427495.75, 434768.5 ], [ 427495.75, 434768.75 ], [ 427495.25, 434768.75 ], [ 427495.25, 434769.0 ], [ 427494.75, 434769.0 ], [ 427494.75, 434769.25 ], [ 427494.5, 434769.25 ], [ 427494.5, 434769.5 ], [ 427493.75, 434769.5 ], [ 427493.75, 434769.75 ], [ 427490.75, 434769.75 ], [ 427490.75, 434770.0 ], [ 427488.75, 434770.0 ], [ 427488.75, 434770.25 ], [ 427487.0, 434770.25 ], [ 427487.0, 434770.5 ], [ 427486.25, 434770.5 ], [ 427486.25, 434770.75 ], [ 427485.25, 434770.75 ], [ 427485.25, 434771.0 ], [ 427484.25, 434771.0 ], [ 427484.25, 434771.25 ], [ 427483.25, 434771.25 ], [ 427483.25, 434771.5 ], [ 427482.0, 434771.5 ], [ 427482.0, 434771.75 ], [ 427481.0, 434771.75 ], [ 427481.0, 434772.0 ], [ 427479.25, 434772.0 ], [ 427479.25, 434772.25 ], [ 427477.5, 434772.25 ], [ 427477.5, 434772.5 ], [ 427475.75, 434772.5 ], [ 427475.75, 434772.75 ], [ 427472.75, 434772.75 ], [ 427472.75, 434773.0 ], [ 427472.0, 434773.0 ], [ 427472.0, 434772.75 ], [ 427471.25, 434772.75 ], [ 427471.25, 434773.0 ], [ 427466.5, 434773.0 ], [ 427466.5, 434773.25 ], [ 427465.5, 434773.25 ], [ 427465.5, 434773.5 ], [ 427465.0, 434773.5 ], [ 427465.0, 434773.75 ], [ 427464.5, 434773.75 ], [ 427464.5, 434774.0 ], [ 427464.25, 434774.0 ], [ 427464.25, 434774.25 ], [ 427463.75, 434774.25 ], [ 427463.75, 434774.5 ], [ 427463.25, 434774.5 ], [ 427463.25, 434774.75 ], [ 427462.25, 434774.75 ], [ 427462.25, 434775.0 ], [ 427461.5, 434775.0 ], [ 427461.5, 434775.25 ], [ 427461.0, 434775.25 ], [ 427461.0, 434775.5 ], [ 427460.5, 434775.5 ], [ 427460.5, 434775.75 ], [ 427460.0, 434775.75 ], [ 427460.0, 434776.0 ], [ 427459.5, 434776.0 ], [ 427459.5, 434776.25 ], [ 427459.25, 434776.25 ], [ 427459.25, 434776.5 ], [ 427459.0, 434776.5 ], [ 427459.0, 434776.75 ], [ 427458.75, 434776.75 ], [ 427458.75, 434777.0 ], [ 427458.0, 434777.0 ], [ 427458.0, 434777.25 ], [ 427457.5, 434777.25 ], [ 427457.5, 434777.5 ], [ 427457.25, 434777.5 ], [ 427457.25, 434778.0 ], [ 427457.0, 434778.0 ], [ 427457.0, 434778.5 ], [ 427456.75, 434778.5 ], [ 427456.75, 434779.25 ], [ 427456.5, 434779.25 ], [ 427456.5, 434779.5 ], [ 427456.0, 434779.5 ], [ 427456.0, 434779.75 ], [ 427455.25, 434779.75 ], [ 427455.25, 434780.25 ], [ 427455.0, 434780.25 ], [ 427455.0, 434780.5 ], [ 427454.75, 434780.5 ], [ 427454.75, 434780.75 ], [ 427454.5, 434780.75 ], [ 427454.5, 434781.0 ], [ 427454.0, 434781.0 ], [ 427454.0, 434781.25 ], [ 427453.5, 434781.25 ], [ 427453.5, 434781.5 ], [ 427453.25, 434781.5 ], [ 427453.25, 434781.75 ], [ 427452.75, 434781.75 ], [ 427452.75, 434782.0 ], [ 427452.25, 434782.0 ], [ 427452.25, 434782.25 ], [ 427451.75, 434782.25 ], [ 427451.75, 434782.5 ], [ 427451.25, 434782.5 ] ] ] } },
{ "type": "Feature", "properties": { }, "geometry": { "type": "Polygon", "coordinates": [ [ [ 427512.0, 434747.5 ], [ 427512.0, 434746.0 ], [ 427512.75, 434746.0 ], [ 427512.75, 434746.25 ], [ 427513.0, 434746.25 ], [ 427513.0, 434747.0 ], [ 427512.75, 434747.0 ], [ 427512.75, 434747.5 ], [ 427512.0, 434747.5 ] ] ] } },
{ "type": "Feature", "properties": { }, "geometry": { "type": "Polygon", "coordinates": [ [ [ 427225.75, 434744.0 ], [ 427225.75, 434743.25 ], [ 427225.5, 434743.25 ], [ 427225.5, 434742.5 ], [ 427225.75, 434742.5 ], [ 427225.75, 434742.25 ], [ 427226.0, 434742.25 ], [ 427226.0, 434742.0 ], [ 427226.25, 434742.0 ], [ 427226.25, 434741.5 ], [ 427228.75, 434741.5 ], [ 427228.75, 434741.25 ], [ 427229.0, 434741.25 ], [ 427229.0, 434741.0 ], [ 427229.75, 434741.0 ], [ 427229.75, 434741.25 ], [ 427230.0, 434741.25 ], [ 427230.0, 434741.75 ], [ 427230.25, 434741.75 ], [ 427230.25, 434742.0 ], [ 427232.5, 434742.0 ], [ 427232.5, 434742.25 ], [ 427232.75, 434742.25 ], [ 427232.75, 434742.5 ], [ 427233.0, 434742.5 ], [ 427233.0, 434742.75 ], [ 427233.5, 434742.75 ], [ 427233.5, 434743.0 ], [ 427234.0, 434743.0 ], [ 427234.0, 434743.25 ], [ 427234.25, 434743.25 ], [ 427234.25, 434744.0 ], [ 427225.75, 434744.0 ] ] ] } },
{ "type": "Feature", "properties": { }, "geometry": { "type": "Polygon", "coordinates": [ [ [ 427242.75, 434744.0 ], [ 427242.75, 434742.5 ], [ 427242.5, 434742.5 ], [ 427242.5, 434740.75 ], [ 427242.75, 434740.75 ], [ 427242.75, 434734.25 ], [ 427243.0, 434734.25 ], [ 427243.0, 434733.5 ], [ 427243.25, 434733.5 ], [ 427243.25, 434733.0 ], [ 427243.5, 434733.0 ], [ 427243.5, 434732.5 ], [ 427243.75, 434732.5 ], [ 427243.75, 434732.0 ], [ 427244.0, 434732.0 ], [ 427244.0, 434731.5 ], [ 427244.25, 434731.5 ], [ 427244.25, 434731.0 ], [ 427244.5, 434731.0 ], [ 427244.5, 434730.5 ], [ 427244.75, 434730.5 ], [ 427244.75, 434730.25 ], [ 427245.25, 434730.25 ], [ 427245.25, 434730.0 ], [ 427245.5, 434730.0 ], [ 427245.5, 434729.75 ], [ 427246.0, 434729.75 ], [ 427246.0, 434729.5 ], [ 427246.5, 434729.5 ], [ 427246.5, 434729.25 ], [ 427247.5, 434729.25 ], [ 427247.5, 434729.0 ], [ 427248.25, 434729.0 ], [ 427248.25, 434728.75 ], [ 427249.25, 434728.75 ], [ 427249.25, 434728.5 ], [ 427250.0, 434728.5 ], [ 427250.0, 434728.25 ], [ 427250.75, 434728.25 ], [ 427250.75, 434728.0 ], [ 427252.0, 434728.0 ], [ 427252.0, 434727.75 ], [ 427252.25, 434727.75 ], [ 427252.25, 434727.5 ], [ 427253.0, 434727.5 ], [ 427253.0, 434727.25 ], [ 427253.75, 434727.25 ], [ 427253.75, 434727.0 ], [ 427254.25, 434727.0 ], [ 427254.25, 434726.75 ], [ 427256.0, 434726.75 ], [ 427256.0, 434721.75 ], [ 427257.5, 434721.75 ], [ 427257.5, 434721.5 ], [ 427259.25, 434721.5 ], [ 427259.25, 434721.25 ], [ 427262.75, 434721.25 ], [ 427262.75, 434721.5 ], [ 427263.25, 434721.5 ], [ 427263.25, 434721.75 ], [ 427264.0, 434721.75 ], [ 427264.0, 434722.0 ], [ 427264.5, 434722.0 ], [ 427264.5, 434722.25 ], [ 427265.0, 434722.25 ], [ 427265.0, 434722.5 ], [ 427265.25, 434722.5 ], [ 427265.25, 434722.75 ], [ 427265.5, 434722.75 ], [ 427265.5, 434723.0 ], [ 427265.75, 434723.0 ], [ 427265.75, 434723.25 ], [ 427266.0, 434723.25 ], [ 427266.0, 434723.75 ], [ 427266.25, 434723.75 ], [ 427266.25, 434724.5 ], [ 427266.5, 434724.5 ], [ 427266.5, 434725.25 ], [ 427266.75, 434725.25 ], [ 427266.75, 434725.75 ], [ 427267.0, 434725.75 ], [ 427267.0, 434726.0 ], [ 427267.25, 434726.0 ], [ 427267.25, 434726.5 ], [ 427267.5, 434726.5 ], [ 427267.5, 434726.75 ], [ 427267.75, 434726.75 ], [ 427267.75, 434727.25 ], [ 427268.0, 434727.25 ], [ 427268.0, 434727.5 ], [ 427268.25, 434727.5 ], [ 427268.25, 434728.0 ], [ 427268.5, 434728.0 ], [ 427268.5, 434728.5 ], [ 427268.75, 434728.5 ], [ 427268.75, 434729.25 ], [ 427269.0, 434729.25 ], [ 427269.0, 434729.75 ], [ 427269.25, 434729.75 ], [ 427269.25, 434730.0 ], [ 427269.5, 434730.0 ], [ 427269.5, 434730.25 ], [ 427269.75, 434730.25 ], [ 427269.75, 434730.5 ], [ 427270.0, 434730.5 ], [ 427270.0, 434730.75 ], [ 427270.25, 434730.75 ], [ 427270.25, 434731.0 ], [ 427270.5, 434731.0 ], [ 427270.5, 434731.5 ], [ 427270.75, 434731.5 ], [ 427270.75, 434732.0 ], [ 427271.0, 434732.0 ], [ 427271.0, 434732.75 ], [ 427271.25, 434732.75 ], [ 427271.25, 434733.5 ], [ 427271.5, 434733.5 ], [ 427271.5, 434734.5 ], [ 427271.25, 434734.5 ], [ 427271.25, 434735.5 ], [ 427271.0, 434735.5 ], [ 427271.0, 434736.75 ], [ 427270.75, 434736.75 ], [ 427270.75, 434737.25 ], [ 427270.5, 434737.25 ], [ 427270.5, 434737.5 ], [ 427270.25, 434737.5 ], [ 427270.25, 434737.75 ], [ 427270.0, 434737.75 ], [ 427270.0, 434738.0 ], [ 427269.75, 434738.0 ], [ 427269.75, 434738.25 ], [ 427269.5, 434738.25 ], [ 427269.5, 434738.5 ], [ 427269.25, 434738.5 ], [ 427269.25, 434738.75 ], [ 427269.0, 434738.75 ], [ 427269.0, 434739.0 ], [ 427268.5, 434739.0 ], [ 427268.5, 434739.25 ], [ 427268.25, 434739.25 ], [ 427268.25, 434739.5 ], [ 427267.75, 434739.5 ], [ 427267.75, 434739.75 ], [ 427267.25, 434739.75 ], [ 427267.25, 434740.0 ], [ 427266.5, 434740.0 ], [ 427266.5, 434740.25 ], [ 427266.0, 434740.25 ], [ 427266.0, 434740.5 ], [ 427265.25, 434740.5 ], [ 427265.25, 434740.75 ], [ 427264.25, 434740.75 ], [ 427264.25, 434741.0 ], [ 427263.75, 434741.0 ], [ 427263.75, 434741.25 ], [ 427263.5, 434741.25 ], [ 427263.5, 434741.5 ], [ 427263.0, 434741.5 ], [ 427263.0, 434741.75 ], [ 427262.5, 434741.75 ], [ 427262.5, 434742.0 ], [ 427262.0, 434742.0 ], [ 427262.0, 434742.25 ], [ 427261.75, 434742.25 ], [ 427261.75, 434742.5 ], [ 427261.5, 434742.5 ], [ 427261.5, 434742.75 ], [ 427261.25, 434742.75 ], [ 427261.25, 434743.0 ], [ 427261.0, 434743.0 ], [ 427261.0, 434743.5 ], [ 427260.75, 434743.5 ], [ 427260.75, 434744.0 ], [ 427242.75, 434744.0 ] ] ] } },
{ "type": "Feature", "properties": { }, "geometry": { "type": "Polygon", "coordinates": [ [ [ 427569.25, 434711.75 ], [ 427569.25, 434710.5 ], [ 427569.5, 434710.5 ], [ 427569.5, 434710.25 ], [ 427571.5, 434710.25 ], [ 427571.5, 434711.25 ], [ 427570.5, 434711.25 ], [ 427570.5, 434711.5 ], [ 427570.0, 434711.5 ], [ 427570.0, 434711.75 ], [ 427569.25, 434711.75 ] ] ] } },
{ "type": "Feature", "properties": { }, "geometry": { "type": "Polygon", "coordinates": [ [ [ 427033.0, 434731.0 ], [ 427033.0, 434730.75 ], [ 427032.0, 434730.75 ], [ 427032.0, 434730.5 ], [ 427031.25, 434730.5 ], [ 427031.25, 434730.25 ], [ 427030.25, 434730.25 ], [ 427030.25, 434730.0 ], [ 427029.5, 434730.0 ], [ 427029.5, 434729.75 ], [ 427029.0, 434729.75 ], [ 427029.0, 434729.5 ], [ 427028.75, 434729.5 ], [ 427028.75, 434729.25 ], [ 427028.5, 434729.25 ], [ 427028.5, 434729.0 ], [ 427028.25, 434729.0 ], [ 427028.25, 434728.75 ], [ 427027.75, 434728.75 ], [ 427027.75, 434728.5 ], [ 427027.5, 434728.5 ], [ 427027.5, 434728.25 ], [ 427027.25, 434728.25 ], [ 427027.25, 434728.0 ], [ 427026.75, 434728.0 ], [ 427026.75, 434727.75 ], [ 427025.75, 434727.75 ], [ 427025.75, 434727.5 ], [ 427025.0, 434727.5 ], [ 427025.0, 434727.25 ], [ 427023.75, 434727.25 ], [ 427023.75, 434727.0 ], [ 427022.0, 434727.0 ], [ 427022.0, 434726.75 ], [ 427021.25, 434726.75 ], [ 427021.25, 434726.5 ], [ 427020.5, 434726.5 ], [ 427020.5, 434726.25 ], [ 427020.0, 434726.25 ], [ 427020.0, 434726.0 ], [ 427019.5, 434726.0 ], [ 427019.5, 434725.75 ], [ 427019.0, 434725.75 ], [ 427019.0, 434725.5 ], [ 427018.75, 434725.5 ], [ 427018.75, 434725.25 ], [ 427018.5, 434725.25 ], [ 427018.5, 434725.0 ], [ 427018.25, 434725.0 ], [ 427018.25, 434724.75 ], [ 427018.0, 434724.75 ], [ 427018.0, 434724.5 ], [ 427017.75, 434724.5 ], [ 427017.75, 434724.25 ], [ 427017.5, 434724.25 ], [ 427017.5, 434724.0 ], [ 427017.25, 434724.0 ], [ 427017.25, 434723.75 ], [ 427017.0, 434723.75 ], [ 427017.0, 434723.25 ], [ 427016.75, 434723.25 ], [ 427016.75, 434723.0 ], [ 427016.5, 434723.0 ], [ 427016.5, 434722.5 ], [ 427016.0, 434722.5 ], [ 427016.0, 434722.0 ], [ 427015.75, 434722.0 ], [ 427015.75, 434721.75 ], [ 427015.5, 434721.75 ], [ 427015.5, 434721.5 ], [ 427015.25, 434721.5 ], [ 427015.25, 434721.25 ], [ 427014.75, 434721.25 ], [ 427014.75, 434721.0 ], [ 427014.25, 434721.0 ], [ 427014.25, 434720.75 ], [ 427014.0, 434720.75 ], [ 427014.0, 434720.5 ], [ 427013.75, 434720.5 ], [ 427013.75, 434720.25 ], [ 427013.5, 434720.25 ], [ 427013.5, 434720.0 ], [ 427013.25, 434720.0 ], [ 427013.25, 434719.5 ], [ 427013.0, 434719.5 ], [ 427013.0, 434719.25 ], [ 427012.75, 434719.25 ], [ 427012.75, 434719.0 ], [ 427012.25, 434719.0 ], [ 427012.25, 434718.75 ], [ 427012.0, 434718.75 ], [ 427012.0, 434718.25 ], [ 427011.75, 434718.25 ], [ 427011.75, 434717.75 ], [ 427011.5, 434717.75 ], [ 427011.5, 434715.5 ], [ 427011.75, 434715.5 ], [ 427011.75, 434714.5 ], [ 427012.0, 434714.5 ], [ 427012.0, 434713.0 ], [ 427012.25, 434713.0 ], [ 427012.25, 434712.0 ], [ 427012.5, 434712.0 ], [ 427012.5, 434711.5 ], [ 427012.75, 434711.5 ], [ 427012.75, 434710.75 ], [ 427013.0, 434710.75 ], [ 427013.0, 434709.25 ], [ 427012.75, 434709.25 ], [ 427012.75, 434709.0 ], [ 427012.25, 434709.0 ], [ 427012.25, 434708.75 ], [ 427011.25, 434708.75 ], [ 427011.25, 434708.5 ], [ 427009.25, 434708.5 ], [ 427009.25, 434708.25 ], [ 427008.25, 434708.25 ], [ 427008.25, 434708.5 ], [ 427006.5, 434708.5 ], [ 427006.5, 434708.75 ], [ 427005.75, 434708.75 ], [ 427005.75, 434708.5 ], [ 427005.25, 434708.5 ], [ 427005.25, 434708.75 ], [ 427002.75, 434708.75 ], [ 427002.75, 434709.0 ], [ 427000.0, 434709.0 ], [ 427000.0, 434693.5 ], [ 427001.25, 434693.5 ], [ 427001.25, 434693.75 ], [ 427001.75, 434693.75 ], [ 427001.75, 434694.0 ], [ 427002.25, 434694.0 ], [ 427002.25, 434694.25 ], [ 427002.75, 434694.25 ], [ 427002.75, 434694.75 ], [ 427002.5, 434694.75 ], [ 427002.5, 434695.0 ], [ 427002.25, 434695.0 ], [ 427002.25, 434695.25 ], [ 427002.0, 434695.25 ], [ 427002.0, 434695.5 ], [ 427002.25, 434695.5 ], [ 427002.25, 434695.75 ], [ 427002.75, 434695.75 ], [ 427002.75, 434696.0 ], [ 427003.25, 434696.0 ], [ 427003.25, 434696.25 ], [ 427003.75, 434696.25 ], [ 427003.75, 434697.5 ], [ 427004.0, 434697.5 ], [ 427004.0, 434697.75 ], [ 427004.25, 434697.75 ], [ 427004.25, 434698.0 ], [ 427004.5, 434698.0 ], [ 427004.5, 434698.25 ], [ 427004.75, 434698.25 ], [ 427004.75, 434698.5 ], [ 427005.0, 434698.5 ], [ 427005.0, 434698.75 ], [ 427005.25, 434698.75 ], [ 427005.25, 434699.0 ], [ 427005.75, 434699.0 ], [ 427005.75, 434699.25 ], [ 427006.5, 434699.25 ], [ 427006.5, 434699.5 ], [ 427006.75, 434699.5 ], [ 427006.75, 434699.75 ], [ 427007.5, 434699.75 ], [ 427007.5, 434700.0 ], [ 427008.25, 434700.0 ], [ 427008.25, 434700.25 ], [ 427009.5, 434700.25 ], [ 427009.5, 434700.5 ], [ 427010.0, 434700.5 ], [ 427010.0, 434700.75 ], [ 427010.5, 434700.75 ], [ 427010.5, 434701.0 ], [ 427011.0, 434701.0 ], [ 427011.0, 434701.25 ], [ 427012.5, 434701.25 ], [ 427012.5, 434701.5 ], [ 427013.0, 434701.5 ], [ 427013.0, 434701.75 ], [ 427014.0, 434701.75 ], [ 427014.0, 434702.0 ], [ 427014.75, 434702.0 ], [ 427014.75, 434702.25 ], [ 427015.25, 434702.25 ], [ 427015.25, 434702.5 ], [ 427015.5, 434702.5 ], [ 427015.5, 434702.75 ], [ 427016.25, 434702.75 ], [ 427016.25, 434703.0 ], [ 427016.75, 434703.0 ], [ 427016.75, 434703.25 ], [ 427017.25, 434703.25 ], [ 427017.25, 434703.5 ], [ 427018.0, 434703.5 ], [ 427018.0, 434703.75 ], [ 427018.75, 434703.75 ], [ 427018.75, 434704.0 ], [ 427022.0, 434704.0 ], [ 427022.0, 434704.25 ], [ 427023.25, 434704.25 ], [ 427023.25, 434704.5 ], [ 427024.75, 434704.5 ], [ 427024.75, 434704.75 ], [ 427025.25, 434704.75 ], [ 427025.25, 434705.0 ], [ 427025.5, 434705.0 ], [ 427025.5, 434705.25 ], [ 427026.0, 434705.25 ], [ 427026.0, 434705.5 ], [ 427026.5, 434705.5 ], [ 427026.5, 434705.75 ], [ 427026.75, 434705.75 ], [ 427026.75, 434706.0 ], [ 427027.25, 434706.0 ], [ 427027.25, 434706.25 ], [ 427028.5, 434706.25 ], [ 427028.5, 434706.5 ], [ 427029.0, 434706.5 ], [ 427029.0, 434706.75 ], [ 427029.5, 434706.75 ], [ 427029.5, 434707.0 ], [ 427030.0, 434707.0 ], [ 427030.0, 434707.25 ], [ 427030.25, 434707.25 ], [ 427030.25, 434707.5 ], [ 427032.25, 434707.5 ], [ 427032.25, 434707.25 ], [ 427032.75, 434707.25 ], [ 427032.75, 434707.5 ], [ 427033.5, 434707.5 ], [ 427033.5, 434707.75 ], [ 427034.0, 434707.75 ], [ 427034.0, 434708.0 ], [ 427034.5, 434708.0 ], [ 427034.5, 434708.25 ], [ 427035.0, 434708.25 ], [ 427035.0, 434708.5 ], [ 427035.5, 434708.5 ], [ 427035.5, 434708.75 ], [ 427035.75, 434708.75 ], [ 427035.75, 434709.0 ], [ 427036.25, 434709.0 ], [ 427036.25, 434709.25 ], [ 427036.5, 434709.25 ], [ 427036.5, 434709.5 ], [ 427036.75, 434709.5 ], [ 427036.75, 434709.75 ], [ 427037.0, 434709.75 ], [ 427037.0, 434710.0 ], [ 427037.25, 434710.0 ], [ 427037.25, 434710.25 ], [ 427037.5, 434710.25 ], [ 427037.5, 434710.5 ], [ 427037.75, 434710.5 ], [ 427037.75, 434710.75 ], [ 427038.0, 434710.75 ], [ 427038.0, 434711.0 ], [ 427038.25, 434711.0 ], [ 427038.25, 434711.25 ], [ 427038.75, 434711.25 ], [ 427038.75, 434711.75 ], [ 427039.0, 434711.75 ], [ 427039.0, 434712.0 ], [ 427039.25, 434712.0 ], [ 427039.25, 434712.75 ], [ 427039.5, 434712.75 ], [ 427039.5, 434713.25 ], [ 427039.75, 434713.25 ], [ 427039.75, 434715.75 ], [ 427039.5, 434715.75 ], [ 427039.5, 434717.25 ], [ 427039.25, 434717.25 ], [ 427039.25, 434718.75 ], [ 427039.0, 434718.75 ], [ 427039.0, 434719.75 ], [ 427038.75, 434719.75 ], [ 427038.75, 434720.75 ], [ 427038.5, 434720.75 ], [ 427038.5, 434721.25 ], [ 427038.25, 434721.25 ], [ 427038.25, 434722.75 ], [ 427038.0, 434722.75 ], [ 427038.0, 434723.25 ], [ 427037.75, 434723.25 ], [ 427037.75, 434723.75 ], [ 427037.5, 434723.75 ], [ 427037.5, 434724.5 ], [ 427037.25, 434724.5 ], [ 427037.25, 434725.0 ], [ 427037.0, 434725.0 ], [ 427037.0, 434725.5 ], [ 427036.75, 434725.5 ], [ 427036.75, 434727.75 ], [ 427037.0, 434727.75 ], [ 427037.0, 434729.0 ], [ 427036.75, 434729.0 ], [ 427036.75, 434730.0 ], [ 427036.5, 434730.0 ], [ 427036.5, 434730.25 ], [ 427036.25, 434730.25 ], [ 427036.25, 434730.5 ], [ 427035.75, 434730.5 ], [ 427035.75, 434730.75 ], [ 427035.0, 434730.75 ], [ 427035.0, 434731.0 ], [ 427033.0, 434731.0 ] ] ] } },
{ "type": "Feature", "properties": { }, "geometry": { "type": "Polygon", "coordinates": [ [ [ 427759.5, 434657.75 ], [ 427759.5, 434657.5 ], [ 427758.5, 434657.5 ], [ 427758.5, 434657.25 ], [ 427758.25, 434657.25 ], [ 427758.25, 434657.0 ], [ 427758.0, 434657.0 ], [ 427758.0, 434656.75 ], [ 427757.5, 434656.75 ], [ 427757.5, 434656.5 ], [ 427757.0, 434656.5 ], [ 427757.0, 434656.25 ], [ 427756.5, 434656.25 ], [ 427756.5, 434656.0 ], [ 427755.5, 434656.0 ], [ 427755.5, 434655.75 ], [ 427750.0, 434655.75 ], [ 427750.0, 434655.5 ], [ 427749.25, 434655.5 ], [ 427749.25, 434655.25 ], [ 427748.75, 434655.25 ], [ 427748.75, 434655.0 ], [ 427748.5, 434655.0 ], [ 427748.5, 434654.75 ], [ 427748.25, 434654.75 ], [ 427748.25, 434654.5 ], [ 427748.0, 434654.5 ], [ 427748.0, 434654.25 ], [ 427747.75, 434654.25 ], [ 427747.75, 434654.0 ], [ 427747.5, 434654.0 ], [ 427747.5, 434653.75 ], [ 427747.25, 434653.75 ], [ 427747.25, 434653.25 ], [ 427747.0, 434653.25 ], [ 427747.0, 434651.5 ], [ 427746.75, 434651.5 ], [ 427746.75, 434650.0 ], [ 427747.0, 434650.0 ], [ 427747.0, 434649.25 ], [ 427747.25, 434649.25 ], [ 427747.25, 434648.75 ], [ 427747.5, 434648.75 ], [ 427747.5, 434648.25 ], [ 427747.75, 434648.25 ], [ 427747.75, 434647.75 ], [ 427748.0, 434647.75 ], [ 427748.0, 434647.25 ], [ 427748.25, 434647.25 ], [ 427748.25, 434646.75 ], [ 427748.5, 434646.75 ], [ 427748.5, 434646.25 ], [ 427748.75, 434646.25 ], [ 427748.75, 434645.75 ], [ 427749.0, 434645.75 ], [ 427749.0, 434644.5 ], [ 427749.25, 434644.5 ], [ 427749.25, 434644.0 ], [ 427749.5, 434644.0 ], [ 427749.5, 434643.25 ], [ 427749.75, 434643.25 ], [ 427749.75, 434642.75 ], [ 427750.0, 434642.75 ], [ 427750.0, 434642.25 ], [ 427750.25, 434642.25 ], [ 427750.25, 434642.0 ], [ 427750.5, 434642.0 ], [ 427750.5, 434641.75 ], [ 427750.75, 434641.75 ], [ 427750.75, 434641.5 ], [ 427751.0, 434641.5 ], [ 427751.0, 434641.25 ], [ 427751.25, 434641.25 ], [ 427751.25, 434641.0 ], [ 427752.0, 434641.0 ], [ 427752.0, 434640.75 ], [ 427752.5, 434640.75 ], [ 427752.5, 434640.5 ], [ 427753.0, 434640.5 ], [ 427753.0, 434640.25 ], [ 427753.5, 434640.25 ], [ 427753.5, 434640.0 ], [ 427754.0, 434640.0 ], [ 427754.0, 434639.75 ], [ 427754.5, 434639.75 ], [ 427754.5, 434639.5 ], [ 427755.0, 434639.5 ], [ 427755.0, 434639.25 ], [ 427755.75, 434639.25 ], [ 427755.75, 434639.0 ], [ 427756.75, 434639.0 ], [ 427756.75, 434638.75 ], [ 427757.75, 434638.75 ], [ 427757.75, 434638.5 ], [ 427758.75, 434638.5 ], [ 427758.75, 434638.25 ], [ 427759.5, 434638.25 ], [ 427759.5, 434638.0 ], [ 427760.0, 434638.0 ], [ 427760.0, 434637.75 ], [ 427760.5, 434637.75 ], [ 427760.5, 434637.5 ], [ 427761.25, 434637.5 ], [ 427761.25, 434637.25 ], [ 427762.0, 434637.25 ], [ 427762.0, 434637.0 ], [ 427762.75, 434637.0 ], [ 427762.75, 434636.75 ], [ 427763.5, 434636.75 ], [ 427763.5, 434636.5 ], [ 427764.25, 434636.5 ], [ 427764.25, 434636.25 ], [ 427766.25, 434636.25 ], [ 427766.25, 434636.0 ], [ 427768.0, 434636.0 ], [ 427768.0, 434633.75 ], [ 427769.0, 434633.75 ], [ 427769.0, 434633.5 ], [ 427770.75, 434633.5 ], [ 427770.75, 434633.75 ], [ 427772.0, 434633.75 ], [ 427772.0, 434634.0 ], [ 427772.75, 434634.0 ], [ 427772.75, 434634.25 ], [ 427773.25, 434634.25 ], [ 427773.25, 434634.5 ], [ 427773.75, 434634.5 ], [ 427773.75, 434634.75 ], [ 427774.25, 434634.75 ], [ 427774.25, 434635.0 ], [ 427774.75, 434635.0 ], [ 427774.75, 434635.25 ], [ 427775.0, 434635.25 ], [ 427775.0, 434635.5 ], [ 427775.25, 434635.5 ], [ 427775.25, 434635.75 ], [ 427775.5, 434635.75 ], [ 427775.5, 434636.0 ], [ 427776.0, 434636.0 ], [ 427776.0, 434636.5 ], [ 427776.25, 434636.5 ], [ 427776.25, 434636.75 ], [ 427776.5, 434636.75 ], [ 427776.5, 434637.0 ], [ 427776.75, 434637.0 ], [ 427776.75, 434637.5 ], [ 427777.0, 434637.5 ], [ 427777.0, 434638.0 ], [ 427777.25, 434638.0 ], [ 427777.25, 434638.5 ], [ 427777.5, 434638.5 ], [ 427777.5, 434638.75 ], [ 427777.75, 434638.75 ], [ 427777.75, 434639.0 ], [ 427778.25, 434639.0 ], [ 427778.25, 434639.25 ], [ 427778.5, 434639.25 ], [ 427778.5, 434639.5 ], [ 427779.0, 434639.5 ], [ 427779.0, 434639.75 ], [ 427779.25, 434639.75 ], [ 427779.25, 434640.0 ], [ 427779.5, 434640.0 ], [ 427779.5, 434640.5 ], [ 427779.75, 434640.5 ], [ 427779.75, 434640.75 ], [ 427780.0, 434640.75 ], [ 427780.0, 434641.25 ], [ 427780.25, 434641.25 ], [ 427780.25, 434642.0 ], [ 427780.5, 434642.0 ], [ 427780.5, 434646.5 ], [ 427780.25, 434646.5 ], [ 427780.25, 434648.75 ], [ 427780.0, 434648.75 ], [ 427780.0, 434649.75 ], [ 427779.75, 434649.75 ], [ 427779.75, 434650.0 ], [ 427779.5, 434650.0 ], [ 427779.5, 434650.25 ], [ 427779.25, 434650.25 ], [ 427779.25, 434650.5 ], [ 427779.0, 434650.5 ], [ 427779.0, 434650.75 ], [ 427778.5, 434650.75 ], [ 427778.5, 434651.0 ], [ 427778.25, 434651.0 ], [ 427778.25, 434651.25 ], [ 427777.75, 434651.25 ], [ 427777.75, 434651.5 ], [ 427777.5, 434651.5 ], [ 427777.5, 434651.75 ], [ 427777.0, 434651.75 ], [ 427777.0, 434652.0 ], [ 427776.5, 434652.0 ], [ 427776.5, 434652.25 ], [ 427776.0, 434652.25 ], [ 427776.0, 434652.5 ], [ 427775.25, 434652.5 ], [ 427775.25, 434652.75 ], [ 427774.75, 434652.75 ], [ 427774.75, 434653.0 ], [ 427774.25, 434653.0 ], [ 427774.25, 434653.25 ], [ 427773.5, 434653.25 ], [ 427773.5, 434653.5 ], [ 427773.0, 434653.5 ], [ 427773.0, 434653.75 ], [ 427772.5, 434653.75 ], [ 427772.5, 434654.0 ], [ 427771.5, 434654.0 ], [ 427771.5, 434654.25 ], [ 427770.75, 434654.25 ], [ 427770.75, 434654.5 ], [ 427770.0, 434654.5 ], [ 427770.0, 434654.75 ], [ 427768.0, 434654.75 ], [ 427768.0, 434657.25 ], [ 427764.75, 434657.25 ], [ 427764.75, 434657.5 ], [ 427763.75, 434657.5 ], [ 427763.75, 434657.75 ], [ 427759.5, 434657.75 ] ] ] } },
{ "type": "Feature", "properties": { }, "geometry": { "type": "Polygon", "coordinates": [ [ [ 427896.0, 434670.5 ], [ 427896.0, 434647.0 ], [ 427896.75, 434647.0 ], [ 427896.75, 434647.25 ], [ 427897.5, 434647.25 ], [ 427897.5, 434647.0 ], [ 427898.0, 434647.0 ], [ 427898.0, 434646.75 ], [ 427898.25, 434646.75 ], [ 427898.25, 434646.5 ], [ 427898.5, 434646.5 ], [ 427898.5, 434646.25 ], [ 427898.75, 434646.25 ], [ 427898.75, 434645.75 ], [ 427899.0, 434645.75 ], [ 427899.0, 434645.5 ], [ 427899.25, 434645.5 ], [ 427899.25, 434645.0 ], [ 427899.5, 434645.0 ], [ 427899.5, 434644.5 ], [ 427899.75, 434644.5 ], [ 427899.75, 434644.25 ], [ 427900.0, 434644.25 ], [ 427900.0, 434644.0 ], [ 427900.25, 434644.0 ], [ 427900.25, 434643.5 ], [ 427900.5, 434643.5 ], [ 427900.5, 434643.25 ], [ 427900.75, 434643.25 ], [ 427900.75, 434643.0 ], [ 427901.25, 434643.0 ], [ 427901.25, 434642.75 ], [ 427901.5, 434642.75 ], [ 427901.5, 434642.5 ], [ 427901.75, 434642.5 ], [ 427901.75, 434642.25 ], [ 427902.0, 434642.25 ], [ 427902.0, 434642.0 ], [ 427902.25, 434642.0 ], [ 427902.25, 434641.75 ], [ 427902.5, 434641.75 ], [ 427902.5, 434641.5 ], [ 427902.75, 434641.5 ], [ 427902.75, 434641.25 ], [ 427903.0, 434641.25 ], [ 427903.0, 434641.0 ], [ 427903.5, 434641.0 ], [ 427903.5, 434640.75 ], [ 427903.75, 434640.75 ], [ 427903.75, 434640.25 ], [ 427904.0, 434640.25 ], [ 427904.0, 434640.0 ], [ 427904.25, 434640.0 ], [ 427904.25, 434639.5 ], [ 427904.5, 434639.5 ], [ 427904.5, 434639.25 ], [ 427904.75, 434639.25 ], [ 427904.75, 434639.0 ], [ 427905.0, 434639.0 ], [ 427905.0, 434638.75 ], [ 427905.25, 434638.75 ], [ 427905.25, 434638.5 ], [ 427905.5, 434638.5 ], [ 427905.5, 434638.25 ], [ 427905.75, 434638.25 ], [ 427905.75, 434637.75 ], [ 427906.0, 434637.75 ], [ 427906.0, 434637.25 ], [ 427906.25, 434637.25 ], [ 427906.25, 434636.25 ], [ 427906.5, 434636.25 ], [ 427906.5, 434635.75 ], [ 427906.75, 434635.75 ], [ 427906.75, 434635.0 ], [ 427907.0, 434635.0 ], [ 427907.0, 434634.5 ], [ 427907.25, 434634.5 ], [ 427907.25, 434633.75 ], [ 427907.5, 434633.75 ], [ 427907.5, 434633.25 ], [ 427907.75, 434633.25 ], [ 427907.75, 434633.0 ], [ 427908.0, 434633.0 ], [ 427908.0, 434632.5 ], [ 427908.25, 434632.5 ], [ 427908.25, 434632.0 ], [ 427908.5, 434632.0 ], [ 427908.5, 434631.5 ], [ 427908.75, 434631.5 ], [ 427908.75, 434631.25 ], [ 427909.0, 434631.25 ], [ 427909.0, 434631.0 ], [ 427909.25, 434631.0 ], [ 427909.25, 434630.75 ], [ 427909.5, 434630.75 ], [ 427909.5, 434630.5 ], [ 427910.0, 434630.5 ], [ 427910.0, 434630.25 ], [ 427910.25, 434630.25 ], [ 427910.25, 434630.0 ], [ 427910.5, 434630.0 ], [ 427910.5, 434629.75 ], [ 427910.75, 434629.75 ], [ 427910.75, 434629.5 ], [ 427911.25, 434629.5 ], [ 427911.25, 434629.25 ], [ 427911.5, 434629.25 ], [ 427911.5, 434629.0 ], [ 427912.0, 434629.0 ], [ 427912.0, 434628.75 ], [ 427912.25, 434628.75 ], [ 427912.25, 434628.5 ], [ 427912.75, 434628.5 ], [ 427912.75, 434628.25 ], [ 427913.25, 434628.25 ], [ 427913.25, 434628.0 ], [ 427913.75, 434628.0 ], [ 427913.75, 434627.75 ], [ 427914.0, 434627.75 ], [ 427914.0, 434627.5 ], [ 427914.5, 434627.5 ], [ 427914.5, 434627.25 ], [ 427914.75, 434627.25 ], [ 427914.75, 434627.0 ], [ 427915.0, 434627.0 ], [ 427915.0, 434626.75 ], [ 427915.25, 434626.75 ], [ 427915.25, 434625.25 ], [ 427915.0, 434625.25 ], [ 427915.0, 434624.75 ], [ 427914.75, 434624.75 ], [ 427914.75, 434623.75 ], [ 427914.5, 434623.75 ], [ 427914.5, 434622.5 ], [ 427914.25, 434622.5 ], [ 427914.25, 434617.5 ], [ 427914.0, 434617.5 ], [ 427914.0, 434616.0 ], [ 427933.0, 434616.0 ], [ 427933.0, 434618.0 ], [ 427933.25, 434618.0 ], [ 427933.25, 434619.0 ], [ 427933.5, 434619.0 ], [ 427933.5, 434620.0 ], [ 427933.75, 434620.0 ], [ 427933.75, 434621.0 ], [ 427934.0, 434621.0 ], [ 427934.0, 434622.0 ], [ 427934.25, 434622.0 ], [ 427934.25, 434622.75 ], [ 427934.5, 434622.75 ], [ 427934.5, 434623.5 ], [ 427934.75, 434623.5 ], [ 427934.75, 434624.0 ], [ 427935.0, 434624.0 ], [ 427935.0, 434624.75 ], [ 427935.25, 434624.75 ], [ 427935.25, 434625.75 ], [ 427935.5, 434625.75 ], [ 427935.5, 434626.75 ], [ 427935.75, 434626.75 ], [ 427935.75, 434627.5 ], [ 427936.0, 434627.5 ], [ 427936.0, 434628.25 ], [ 427936.25, 434628.25 ], [ 427936.25, 434629.5 ], [ 427936.5, 434629.5 ], [ 427936.5, 434630.5 ], [ 427936.75, 434630.5 ], [ 427936.75, 434631.25 ], [ 427937.0, 434631.25 ], [ 427937.0, 434632.0 ], [ 427937.25, 434632.0 ], [ 427937.25, 434632.5 ], [ 427937.5, 434632.5 ], [ 427937.5, 434633.0 ], [ 427937.75, 434633.0 ], [ 427937.75, 434633.75 ], [ 427938.0, 434633.75 ], [ 427938.0, 434634.25 ], [ 427938.25, 434634.25 ], [ 427938.25, 434634.75 ], [ 427938.5, 434634.75 ], [ 427938.5, 434635.25 ], [ 427938.75, 434635.25 ], [ 427938.75, 434635.75 ], [ 427939.0, 434635.75 ], [ 427939.0, 434636.25 ], [ 427939.25, 434636.25 ], [ 427939.25, 434636.5 ], [ 427939.5, 434636.5 ], [ 427939.5, 434637.0 ], [ 427939.75, 434637.0 ], [ 427939.75, 434637.5 ], [ 427940.0, 434637.5 ], [ 427940.0, 434637.75 ], [ 427940.25, 434637.75 ], [ 427940.25, 434638.0 ], [ 427940.5, 434638.0 ], [ 427940.5, 434638.25 ], [ 427940.75, 434638.25 ], [ 427940.75, 434638.5 ], [ 427941.25, 434638.5 ], [ 427941.25, 434638.75 ], [ 427941.5, 434638.75 ], [ 427941.5, 434639.25 ], [ 427941.75, 434639.25 ], [ 427941.75, 434639.5 ], [ 427942.0, 434639.5 ], [ 427942.0, 434640.25 ], [ 427942.25, 434640.25 ], [ 427942.25, 434641.0 ], [ 427942.0, 434641.0 ], [ 427942.0, 434642.0 ], [ 427941.75, 434642.0 ], [ 427941.75, 434642.5 ], [ 427941.5, 434642.5 ], [ 427941.5, 434642.75 ], [ 427941.25, 434642.75 ], [ 427941.25, 434643.0 ], [ 427941.0, 434643.0 ], [ 427941.0, 434643.25 ], [ 427940.75, 434643.25 ], [ 427940.75, 434643.5 ], [ 427940.5, 434643.5 ], [ 427940.5, 434643.75 ], [ 427940.25, 434643.75 ], [ 427940.25, 434644.0 ], [ 427940.0, 434644.0 ], [ 427940.0, 434644.25 ], [ 427939.75, 434644.25 ], [ 427939.75, 434644.5 ], [ 427939.25, 434644.5 ], [ 427939.25, 434644.75 ], [ 427938.75, 434644.75 ], [ 427938.75, 434645.0 ], [ 427938.25, 434645.0 ], [ 427938.25, 434645.25 ], [ 427937.75, 434645.25 ], [ 427937.75, 434645.5 ], [ 427937.0, 434645.5 ], [ 427937.0, 434645.75 ], [ 427936.0, 434645.75 ], [ 427936.0, 434646.0 ], [ 427935.25, 434646.0 ], [ 427935.25, 434646.25 ], [ 427933.75, 434646.25 ], [ 427933.75, 434646.5 ], [ 427933.25, 434646.5 ], [ 427933.25, 434646.25 ], [ 427931.5, 434646.25 ], [ 427931.5, 434646.0 ], [ 427931.0, 434646.0 ], [ 427931.0, 434645.75 ], [ 427930.75, 434645.75 ], [ 427930.75, 434645.5 ], [ 427930.5, 434645.5 ], [ 427930.5, 434645.25 ], [ 427930.25, 434645.25 ], [ 427930.25, 434645.0 ], [ 427929.75, 434645.0 ], [ 427929.75, 434644.75 ], [ 427929.5, 434644.75 ], [ 427929.5, 434644.25 ], [ 427929.25, 434644.25 ], [ 427929.25, 434644.0 ], [ 427929.0, 434644.0 ], [ 427929.0, 434643.5 ], [ 427928.75, 434643.5 ], [ 427928.75, 434642.75 ], [ 427928.5, 434642.75 ], [ 427928.5, 434642.25 ], [ 427928.25, 434642.25 ], [ 427928.25, 434642.0 ], [ 427928.0, 434642.0 ], [ 427928.0, 434641.5 ], [ 427927.75, 434641.5 ], [ 427927.75, 434641.0 ], [ 427927.5, 434641.0 ], [ 427927.5, 434640.75 ], [ 427927.25, 434640.75 ], [ 427927.25, 434639.75 ], [ 427927.0, 434639.75 ], [ 427927.0, 434639.0 ], [ 427926.75, 434639.0 ], [ 427926.75, 434638.5 ], [ 427926.5, 434638.5 ], [ 427926.5, 434638.25 ], [ 427926.25, 434638.25 ], [ 427926.25, 434638.0 ], [ 427925.75, 434638.0 ], [ 427925.75, 434637.75 ], [ 427925.0, 434637.75 ], [ 427925.0, 434637.5 ], [ 427923.5, 434637.5 ], [ 427923.5, 434637.25 ], [ 427922.75, 434637.25 ], [ 427922.75, 434637.0 ], [ 427921.75, 434637.0 ], [ 427921.75, 434636.75 ], [ 427920.75, 434636.75 ], [ 427920.75, 434636.5 ], [ 427920.25, 434636.5 ], [ 427920.25, 434636.25 ], [ 427919.75, 434636.25 ], [ 427919.75, 434636.0 ], [ 427919.5, 434636.0 ], [ 427919.5, 434635.75 ], [ 427919.25, 434635.75 ], [ 427919.25, 434635.5 ], [ 427919.0, 434635.5 ], [ 427919.0, 434635.0 ], [ 427918.75, 434635.0 ], [ 427918.75, 434634.25 ], [ 427918.5, 434634.25 ], [ 427918.5, 434634.0 ], [ 427918.25, 434634.0 ], [ 427918.25, 434634.25 ], [ 427918.0, 434634.25 ], [ 427918.0, 434634.5 ], [ 427917.75, 434634.5 ], [ 427917.75, 434635.0 ], [ 427917.5, 434635.0 ], [ 427917.5, 434636.0 ], [ 427917.25, 434636.0 ], [ 427917.25, 434637.25 ], [ 427917.0, 434637.25 ], [ 427917.0, 434638.0 ], [ 427916.75, 434638.0 ], [ 427916.75, 434638.25 ], [ 427916.5, 434638.25 ], [ 427916.5, 434638.75 ], [ 427916.25, 434638.75 ], [ 427916.25, 434639.0 ], [ 427916.0, 434639.0 ], [ 427916.0, 434639.25 ], [ 427915.5, 434639.25 ], [ 427915.5, 434639.5 ], [ 427915.25, 434639.5 ], [ 427915.25, 434639.75 ], [ 427915.0, 434639.75 ], [ 427915.0, 434640.0 ], [ 427914.5, 434640.0 ], [ 427914.5, 434640.25 ], [ 427914.25, 434640.25 ], [ 427914.25, 434640.5 ], [ 427914.0, 434640.5 ], [ 427914.0, 434640.75 ], [ 427913.5, 434640.75 ], [ 427913.5, 434641.0 ], [ 427913.25, 434641.0 ], [ 427913.25, 434641.25 ], [ 427913.0, 434641.25 ], [ 427913.0, 434641.5 ], [ 427912.75, 434641.5 ], [ 427912.75, 434641.75 ], [ 427912.5, 434641.75 ], [ 427912.5, 434642.0 ], [ 427912.25, 434642.0 ], [ 427912.25, 434642.25 ], [ 427912.0, 434642.25 ], [ 427912.0, 434642.5 ], [ 427911.75, 434642.5 ], [ 427911.75, 434643.0 ], [ 427911.5, 434643.0 ], [ 427911.5, 434643.25 ], [ 427911.25, 434643.25 ], [ 427911.25, 434643.5 ], [ 427911.0, 434643.5 ], [ 427911.0, 434644.0 ], [ 427910.75, 434644.0 ], [ 427910.75, 434644.5 ], [ 427910.5, 434644.5 ], [ 427910.5, 434644.75 ], [ 427910.25, 434644.75 ], [ 427910.25, 434645.0 ], [ 427910.0, 434645.0 ], [ 427910.0, 434645.5 ], [ 427909.75, 434645.5 ], [ 427909.75, 434646.25 ], [ 427909.5, 434646.25 ], [ 427909.5, 434647.0 ], [ 427909.25, 434647.0 ], [ 427909.25, 434647.5 ], [ 427909.0, 434647.5 ], [ 427909.0, 434648.0 ], [ 427908.75, 434648.0 ], [ 427908.75, 434648.25 ], [ 427908.5, 434648.25 ], [ 427908.5, 434648.75 ], [ 427908.25, 434648.75 ], [ 427908.25, 434649.25 ], [ 427908.0, 434649.25 ], [ 427908.0, 434650.25 ], [ 427907.75, 434650.25 ], [ 427907.75, 434651.25 ], [ 427907.5, 434651.25 ], [ 427907.5, 434652.0 ], [ 427907.25, 434652.0 ], [ 427907.25, 434652.75 ], [ 427907.0, 434652.75 ], [ 427907.0, 434653.0 ], [ 427906.75, 434653.0 ], [ 427906.75, 434653.25 ], [ 427906.5, 434653.25 ], [ 427906.5, 434654.5 ], [ 427906.75, 434654.5 ], [ 427906.75, 434654.75 ], [ 427907.0, 434654.75 ], [ 427907.0, 434655.0 ], [ 427907.25, 434655.0 ], [ 427907.25, 434655.5 ], [ 427907.5, 434655.5 ], [ 427907.5, 434655.75 ], [ 427907.75, 434655.75 ], [ 427907.75, 434656.5 ], [ 427908.0, 434656.5 ], [ 427908.0, 434657.25 ], [ 427908.25, 434657.25 ], [ 427908.25, 434658.5 ], [ 427908.5, 434658.5 ], [ 427908.5, 434662.25 ], [ 427908.25, 434662.25 ], [ 427908.25, 434662.75 ], [ 427908.0, 434662.75 ], [ 427908.0, 434663.25 ], [ 427907.75, 434663.25 ], [ 427907.75, 434663.75 ], [ 427907.5, 434663.75 ], [ 427907.5, 434664.25 ], [ 427907.25, 434664.25 ], [ 427907.25, 434664.75 ], [ 427907.0, 434664.75 ], [ 427907.0, 434665.0 ], [ 427906.75, 434665.0 ], [ 427906.75, 434665.25 ], [ 427906.5, 434665.25 ], [ 427906.5, 434665.5 ], [ 427906.25, 434665.5 ], [ 427906.25, 434665.75 ], [ 427906.0, 434665.75 ], [ 427906.0, 434666.0 ], [ 427905.75, 434666.0 ], [ 427905.75, 434666.25 ], [ 427905.25, 434666.25 ], [ 427905.25, 434666.5 ], [ 427905.0, 434666.5 ], [ 427905.0, 434666.75 ], [ 427904.75, 434666.75 ], [ 427904.75, 434667.0 ], [ 427904.0, 434667.0 ], [ 427904.0, 434667.25 ], [ 427903.25, 434667.25 ], [ 427903.25, 434667.5 ], [ 427902.75, 434667.5 ], [ 427902.75, 434667.75 ], [ 427902.25, 434667.75 ], [ 427902.25, 434668.0 ], [ 427901.5, 434668.0 ], [ 427901.5, 434668.25 ], [ 427901.25, 434668.25 ], [ 427901.25, 434668.5 ], [ 427900.75, 434668.5 ], [ 427900.75, 434668.75 ], [ 427900.25, 434668.75 ], [ 427900.25, 434669.0 ], [ 427899.75, 434669.0 ], [ 427899.75, 434669.25 ], [ 427899.25, 434669.25 ], [ 427899.25, 434669.5 ], [ 427898.75, 434669.5 ], [ 427898.75, 434669.75 ], [ 427898.5, 434669.75 ], [ 427898.5, 434670.0 ], [ 427897.75, 434670.0 ], [ 427897.75, 434670.25 ], [ 427896.5, 434670.25 ], [ 427896.5, 434670.5 ], [ 427896.0, 434670.5 ] ] ] } },
{ "type": "Feature", "properties": { }, "geometry": { "type": "Polygon", "coordinates": [ [ [ 427128.0, 434773.0 ], [ 427128.0, 434761.75 ], [ 427130.0, 434761.75 ], [ 427130.0, 434761.5 ], [ 427130.75, 434761.5 ], [ 427130.75, 434761.25 ], [ 427131.25, 434761.25 ], [ 427131.25, 434761.0 ], [ 427131.75, 434761.0 ], [ 427131.75, 434760.75 ], [ 427132.0, 434760.75 ], [ 427132.0, 434760.5 ], [ 427132.5, 434760.5 ], [ 427132.5, 434760.25 ], [ 427133.0, 434760.25 ], [ 427133.0, 434760.0 ], [ 427133.25, 434760.0 ], [ 427133.25, 434759.75 ], [ 427133.75, 434759.75 ], [ 427133.75, 434759.5 ], [ 427134.25, 434759.5 ], [ 427134.25, 434759.25 ], [ 427134.5, 434759.25 ], [ 427134.5, 434759.0 ], [ 427135.0, 434759.0 ], [ 427135.0, 434758.75 ], [ 427135.5, 434758.75 ], [ 427135.5, 434758.5 ], [ 427135.75, 434758.5 ], [ 427135.75, 434758.25 ], [ 427136.0, 434758.25 ], [ 427136.0, 434758.0 ], [ 427136.25, 434758.0 ], [ 427136.25, 434757.75 ], [ 427136.5, 434757.75 ], [ 427136.5, 434757.5 ], [ 427136.75, 434757.5 ], [ 427136.75, 434757.25 ], [ 427137.0, 434757.25 ], [ 427137.0, 434757.0 ], [ 427137.25, 434757.0 ], [ 427137.25, 434756.75 ], [ 427137.75, 434756.75 ], [ 427137.75, 434756.25 ], [ 427138.0, 434756.25 ], [ 427138.0, 434756.0 ], [ 427138.25, 434756.0 ], [ 427138.25, 434755.75 ], [ 427138.5, 434755.75 ], [ 427138.5, 434755.5 ], [ 427138.75, 434755.5 ], [ 427138.75, 434755.25 ], [ 427139.0, 434755.25 ], [ 427139.0, 434755.0 ], [ 427139.25, 434755.0 ], [ 427139.25, 434754.5 ], [ 427139.5, 434754.5 ], [ 427139.5, 434754.0 ], [ 427139.75, 434754.0 ], [ 427139.75, 434753.75 ], [ 427140.0, 434753.75 ], [ 427140.0, 434753.25 ], [ 427140.25, 434753.25 ], [ 427140.25, 434753.0 ], [ 427140.5, 434753.0 ], [ 427140.5, 434752.5 ], [ 427140.75, 434752.5 ], [ 427140.75, 434752.0 ], [ 427141.0, 434752.0 ], [ 427141.0, 434751.75 ], [ 427141.25, 434751.75 ], [ 427141.25, 434751.25 ], [ 427141.5, 434751.25 ], [ 427141.5, 434750.75 ], [ 427141.75, 434750.75 ], [ 427141.75, 434750.25 ], [ 427142.0, 434750.25 ], [ 427142.0, 434750.0 ], [ 427142.25, 434750.0 ], [ 427142.25, 434749.25 ], [ 427142.5, 434749.25 ], [ 427142.5, 434749.0 ], [ 427142.75, 434749.0 ], [ 427142.75, 434748.5 ], [ 427143.0, 434748.5 ], [ 427143.0, 434748.0 ], [ 427143.25, 434748.0 ], [ 427143.25, 434747.75 ], [ 427143.5, 434747.75 ], [ 427143.5, 434747.25 ], [ 427143.75, 434747.25 ], [ 427143.75, 434747.0 ], [ 427144.0, 434747.0 ], [ 427144.0, 434746.5 ], [ 427144.25, 434746.5 ], [ 427144.25, 434745.75 ], [ 427144.5, 434745.75 ], [ 427144.5, 434744.0 ], [ 427175.5, 434744.0 ], [ 427175.5, 434743.5 ], [ 427175.25, 434743.5 ], [ 427175.25, 434742.0 ], [ 427175.5, 434742.0 ], [ 427175.5, 434741.5 ], [ 427175.75, 434741.5 ], [ 427175.75, 434741.25 ], [ 427176.0, 434741.25 ], [ 427176.0, 434741.0 ], [ 427176.25, 434741.0 ], [ 427176.25, 434740.75 ], [ 427176.5, 434740.75 ], [ 427176.5, 434740.25 ], [ 427176.75, 434740.25 ], [ 427176.75, 434739.75 ], [ 427177.0, 434739.75 ], [ 427177.0, 434739.5 ], [ 427177.25, 434739.5 ], [ 427177.25, 434738.75 ], [ 427177.5, 434738.75 ], [ 427177.5, 434737.25 ], [ 427177.75, 434737.25 ], [ 427177.75, 434736.25 ], [ 427177.5, 434736.25 ], [ 427177.5, 434735.75 ], [ 427177.25, 434735.75 ], [ 427177.25, 434733.25 ], [ 427177.0, 434733.25 ], [ 427177.0, 434732.0 ], [ 427176.75, 434732.0 ], [ 427176.75, 434731.25 ], [ 427176.5, 434731.25 ], [ 427176.5, 434730.75 ], [ 427176.25, 434730.75 ], [ 427176.25, 434730.0 ], [ 427176.0, 434730.0 ], [ 427176.0, 434729.5 ], [ 427175.75, 434729.5 ], [ 427175.75, 434727.75 ], [ 427176.0, 434727.75 ], [ 427176.0, 434727.0 ], [ 427175.75, 434727.0 ], [ 427175.75, 434726.5 ], [ 427176.0, 434726.5 ], [ 427176.0, 434726.0 ], [ 427176.25, 434726.0 ], [ 427176.25, 434725.75 ], [ 427176.5, 434725.75 ], [ 427176.5, 434725.25 ], [ 427176.75, 434725.25 ], [ 427176.75, 434725.0 ], [ 427177.0, 434725.0 ], [ 427177.0, 434724.75 ], [ 427177.25, 434724.75 ], [ 427177.25, 434724.5 ], [ 427177.5, 434724.5 ], [ 427177.5, 434724.0 ], [ 427178.0, 434724.0 ], [ 427178.0, 434723.75 ], [ 427178.25, 434723.75 ], [ 427178.25, 434723.25 ], [ 427178.5, 434723.25 ], [ 427178.5, 434723.0 ], [ 427178.75, 434723.0 ], [ 427178.75, 434722.5 ], [ 427179.0, 434722.5 ], [ 427179.0, 434722.25 ], [ 427179.25, 434722.25 ], [ 427179.25, 434722.0 ], [ 427179.5, 434722.0 ], [ 427179.5, 434721.75 ], [ 427179.75, 434721.75 ], [ 427179.75, 434721.5 ], [ 427180.0, 434721.5 ], [ 427180.0, 434721.25 ], [ 427180.25, 434721.25 ], [ 427180.25, 434721.0 ], [ 427180.5, 434721.0 ], [ 427180.5, 434720.75 ], [ 427180.75, 434720.75 ], [ 427180.75, 434720.5 ], [ 427181.0, 434720.5 ], [ 427181.0, 434720.25 ], [ 427181.25, 434720.25 ], [ 427181.25, 434720.0 ], [ 427181.5, 434720.0 ], [ 427181.5, 434719.75 ], [ 427181.75, 434719.75 ], [ 427181.75, 434719.25 ], [ 427182.0, 434719.25 ], [ 427182.0, 434718.75 ], [ 427182.25, 434718.75 ], [ 427182.25, 434718.5 ], [ 427182.5, 434718.5 ], [ 427182.5, 434718.0 ], [ 427182.75, 434718.0 ], [ 427182.75, 434717.75 ], [ 427183.0, 434717.75 ], [ 427183.0, 434717.25 ], [ 427183.25, 434717.25 ], [ 427183.25, 434717.0 ], [ 427183.5, 434717.0 ], [ 427183.5, 434716.75 ], [ 427183.75, 434716.75 ], [ 427183.75, 434716.5 ], [ 427184.0, 434716.5 ], [ 427184.0, 434716.25 ], [ 427184.25, 434716.25 ], [ 427184.25, 434716.0 ], [ 427184.75, 434716.0 ], [ 427184.75, 434715.75 ], [ 427185.0, 434715.75 ], [ 427185.0, 434715.5 ], [ 427185.25, 434715.5 ], [ 427185.25, 434715.25 ], [ 427185.5, 434715.25 ], [ 427185.5, 434715.0 ], [ 427186.0, 434715.0 ], [ 427186.0, 434714.75 ], [ 427186.25, 434714.75 ], [ 427186.25, 434714.5 ], [ 427186.5, 434714.5 ], [ 427186.5, 434714.25 ], [ 427187.0, 434714.25 ], [ 427187.0, 434714.0 ], [ 427187.25, 434714.0 ], [ 427187.25, 434713.75 ], [ 427187.5, 434713.75 ], [ 427187.5, 434713.5 ], [ 427187.75, 434713.5 ], [ 427187.75, 434713.25 ], [ 427188.0, 434713.25 ], [ 427188.0, 434713.0 ], [ 427188.25, 434713.0 ], [ 427188.25, 434712.75 ], [ 427188.5, 434712.75 ], [ 427188.5, 434712.5 ], [ 427188.75, 434712.5 ], [ 427188.75, 434712.25 ], [ 427189.0, 434712.25 ], [ 427189.0, 434712.0 ], [ 427189.25, 434712.0 ], [ 427189.25, 434711.75 ], [ 427189.5, 434711.75 ], [ 427189.5, 434711.5 ], [ 427189.75, 434711.5 ], [ 427189.75, 434711.25 ], [ 427190.0, 434711.25 ], [ 427190.0, 434711.0 ], [ 427190.25, 434711.0 ], [ 427190.25, 434710.75 ], [ 427190.5, 434710.75 ], [ 427190.5, 434710.5 ], [ 427190.75, 434710.5 ], [ 427190.75, 434710.25 ], [ 427191.0, 434710.25 ], [ 427191.0, 434710.0 ], [ 427191.25, 434710.0 ], [ 427191.25, 434709.5 ], [ 427191.5, 434709.5 ], [ 427191.5, 434709.25 ], [ 427191.75, 434709.25 ], [ 427191.75, 434709.0 ], [ 427192.0, 434709.0 ], [ 427192.0, 434708.5 ], [ 427192.25, 434708.5 ], [ 427192.25, 434708.25 ], [ 427192.5, 434708.25 ], [ 427192.5, 434707.75 ], [ 427192.75, 434707.75 ], [ 427192.75, 434707.5 ], [ 427193.0, 434707.5 ], [ 427193.0, 434707.0 ], [ 427193.25, 434707.0 ], [ 427193.25, 434706.75 ], [ 427193.5, 434706.75 ], [ 427193.5, 434706.25 ], [ 427193.75, 434706.25 ], [ 427193.75, 434706.0 ], [ 427194.0, 434706.0 ], [ 427194.0, 434705.75 ], [ 427194.25, 434705.75 ], [ 427194.25, 434705.5 ], [ 427194.5, 434705.5 ], [ 427194.5, 434705.25 ], [ 427194.75, 434705.25 ], [ 427194.75, 434705.0 ], [ 427195.0, 434705.0 ], [ 427195.0, 434704.5 ], [ 427195.25, 434704.5 ], [ 427195.25, 434704.25 ], [ 427195.5, 434704.25 ], [ 427195.5, 434704.0 ], [ 427195.75, 434704.0 ], [ 427195.75, 434703.75 ], [ 427196.0, 434703.75 ], [ 427196.0, 434703.5 ], [ 427196.25, 434703.5 ], [ 427196.25, 434703.0 ], [ 427196.5, 434703.0 ], [ 427196.5, 434702.75 ], [ 427196.75, 434702.75 ], [ 427196.75, 434702.5 ], [ 427197.0, 434702.5 ], [ 427197.0, 434702.0 ], [ 427197.25, 434702.0 ], [ 427197.25, 434701.75 ], [ 427197.5, 434701.75 ], [ 427197.5, 434701.25 ], [ 427197.75, 434701.25 ], [ 427197.75, 434701.0 ], [ 427198.0, 434701.0 ], [ 427198.0, 434700.75 ], [ 427198.25, 434700.75 ], [ 427198.25, 434700.5 ], [ 427198.5, 434700.5 ], [ 427198.5, 434700.25 ], [ 427198.75, 434700.25 ], [ 427198.75, 434700.0 ], [ 427199.0, 434700.0 ], [ 427199.0, 434699.75 ], [ 427199.25, 434699.75 ], [ 427199.25, 434699.5 ], [ 427199.5, 434699.5 ], [ 427199.5, 434699.0 ], [ 427199.75, 434699.0 ], [ 427199.75, 434698.75 ], [ 427200.0, 434698.75 ], [ 427200.0, 434698.5 ], [ 427200.25, 434698.5 ], [ 427200.25, 434698.0 ], [ 427200.5, 434698.0 ], [ 427200.5, 434697.75 ], [ 427200.75, 434697.75 ], [ 427200.75, 434697.25 ], [ 427201.0, 434697.25 ], [ 427201.0, 434697.0 ], [ 427201.25, 434697.0 ], [ 427201.25, 434696.5 ], [ 427201.5, 434696.5 ], [ 427201.5, 434696.25 ], [ 427201.75, 434696.25 ], [ 427201.75, 434695.75 ], [ 427202.0, 434695.75 ], [ 427202.0, 434695.5 ], [ 427202.25, 434695.5 ], [ 427202.25, 434695.25 ], [ 427202.5, 434695.25 ], [ 427202.5, 434694.75 ], [ 427202.75, 434694.75 ], [ 427202.75, 434694.5 ], [ 427203.0, 434694.5 ], [ 427203.0, 434694.0 ], [ 427203.25, 434694.0 ], [ 427203.25, 434693.75 ], [ 427203.5, 434693.75 ], [ 427203.5, 434693.5 ], [ 427203.75, 434693.5 ], [ 427203.75, 434693.25 ], [ 427204.0, 434693.25 ], [ 427204.0, 434692.75 ], [ 427204.25, 434692.75 ], [ 427204.25, 434692.5 ], [ 427204.5, 434692.5 ], [ 427204.5, 434692.25 ], [ 427204.75, 434692.25 ], [ 427204.75, 434692.0 ], [ 427205.0, 434692.0 ], [ 427205.0, 434691.75 ], [ 427205.25, 434691.75 ], [ 427205.25, 434691.25 ], [ 427205.5, 434691.25 ], [ 427205.5, 434691.0 ], [ 427205.75, 434691.0 ], [ 427205.75, 434690.75 ], [ 427206.0, 434690.75 ], [ 427206.0, 434690.5 ], [ 427206.25, 434690.5 ], [ 427206.25, 434690.0 ], [ 427206.5, 434690.0 ], [ 427206.5, 434689.75 ], [ 427206.75, 434689.75 ], [ 427206.75, 434689.5 ], [ 427207.0, 434689.5 ], [ 427207.0, 434689.25 ], [ 427207.25, 434689.25 ], [ 427207.25, 434689.0 ], [ 427207.5, 434689.0 ], [ 427207.5, 434688.75 ], [ 427207.75, 434688.75 ], [ 427207.75, 434688.5 ], [ 427208.0, 434688.5 ], [ 427208.0, 434688.0 ], [ 427208.25, 434688.0 ], [ 427208.25, 434687.5 ], [ 427208.5, 434687.5 ], [ 427208.5, 434687.25 ], [ 427208.75, 434687.25 ], [ 427208.75, 434686.75 ], [ 427209.0, 434686.75 ], [ 427209.0, 434686.25 ], [ 427209.25, 434686.25 ], [ 427209.25, 434686.0 ], [ 427209.5, 434686.0 ], [ 427209.5, 434685.75 ], [ 427209.75, 434685.75 ], [ 427209.75, 434685.5 ], [ 427210.0, 434685.5 ], [ 427210.0, 434685.25 ], [ 427210.25, 434685.25 ], [ 427210.25, 434685.0 ], [ 427210.5, 434685.0 ], [ 427210.5, 434684.75 ], [ 427210.75, 434684.75 ], [ 427210.75, 434684.5 ], [ 427211.25, 434684.5 ], [ 427211.25, 434684.25 ], [ 427211.5, 434684.25 ], [ 427211.5, 434684.0 ], [ 427211.75, 434684.0 ], [ 427211.75, 434683.75 ], [ 427212.0, 434683.75 ], [ 427212.0, 434683.5 ], [ 427212.25, 434683.5 ], [ 427212.25, 434683.25 ], [ 427212.5, 434683.25 ], [ 427212.5, 434683.0 ], [ 427212.75, 434683.0 ], [ 427212.75, 434682.5 ], [ 427213.0, 434682.5 ], [ 427213.0, 434682.25 ], [ 427213.25, 434682.25 ], [ 427213.25, 434682.0 ], [ 427213.5, 434682.0 ], [ 427213.5, 434681.5 ], [ 427214.0, 434681.5 ], [ 427214.0, 434681.25 ], [ 427214.25, 434681.25 ], [ 427214.25, 434681.0 ], [ 427214.5, 434681.0 ], [ 427214.5, 434680.75 ], [ 427215.0, 434680.75 ], [ 427215.0, 434680.5 ], [ 427215.5, 434680.5 ], [ 427215.5, 434680.25 ], [ 427215.75, 434680.25 ], [ 427215.75, 434680.0 ], [ 427216.25, 434680.0 ], [ 427216.25, 434679.75 ], [ 427216.5, 434679.75 ], [ 427216.5, 434679.5 ], [ 427216.75, 434679.5 ], [ 427216.75, 434679.25 ], [ 427217.0, 434679.25 ], [ 427217.0, 434679.0 ], [ 427217.25, 434679.0 ], [ 427217.25, 434678.75 ], [ 427217.5, 434678.75 ], [ 427217.5, 434678.5 ], [ 427217.75, 434678.5 ], [ 427217.75, 434678.25 ], [ 427218.0, 434678.25 ], [ 427218.0, 434678.0 ], [ 427218.25, 434678.0 ], [ 427218.25, 434677.75 ], [ 427218.75, 434677.75 ], [ 427218.75, 434677.5 ], [ 427219.5, 434677.5 ], [ 427219.5, 434677.25 ], [ 427220.25, 434677.25 ], [ 427220.25, 434677.0 ], [ 427220.75, 434677.0 ], [ 427220.75, 434676.75 ], [ 427221.0, 434676.75 ], [ 427221.0, 434676.5 ], [ 427221.5, 434676.5 ], [ 427221.5, 434676.0 ], [ 427221.75, 434676.0 ], [ 427221.75, 434675.5 ], [ 427222.0, 434675.5 ], [ 427222.0, 434675.0 ], [ 427222.25, 434675.0 ], [ 427222.25, 434674.75 ], [ 427222.5, 434674.75 ], [ 427222.5, 434674.5 ], [ 427222.75, 434674.5 ], [ 427222.75, 434673.75 ], [ 427223.0, 434673.75 ], [ 427223.0, 434673.25 ], [ 427223.25, 434673.25 ], [ 427223.25, 434673.0 ], [ 427223.5, 434673.0 ], [ 427223.5, 434672.5 ], [ 427223.75, 434672.5 ], [ 427223.75, 434672.25 ], [ 427224.0, 434672.25 ], [ 427224.0, 434672.0 ], [ 427224.25, 434672.0 ], [ 427224.25, 434671.75 ], [ 427224.5, 434671.75 ], [ 427224.5, 434671.25 ], [ 427224.75, 434671.25 ], [ 427224.75, 434670.75 ], [ 427225.0, 434670.75 ], [ 427225.0, 434670.5 ], [ 427225.25, 434670.5 ], [ 427225.25, 434670.0 ], [ 427225.5, 434670.0 ], [ 427225.5, 434669.5 ], [ 427225.75, 434669.5 ], [ 427225.75, 434669.25 ], [ 427226.0, 434669.25 ], [ 427226.0, 434669.0 ], [ 427226.25, 434669.0 ], [ 427226.25, 434668.75 ], [ 427226.5, 434668.75 ], [ 427226.5, 434668.25 ], [ 427226.75, 434668.25 ], [ 427226.75, 434668.0 ], [ 427227.0, 434668.0 ], [ 427227.0, 434667.75 ], [ 427227.25, 434667.75 ], [ 427227.25, 434667.5 ], [ 427227.75, 434667.5 ], [ 427227.75, 434667.25 ], [ 427228.0, 434667.25 ], [ 427228.0, 434667.0 ], [ 427228.25, 434667.0 ], [ 427228.25, 434666.75 ], [ 427228.5, 434666.75 ], [ 427228.5, 434666.5 ], [ 427228.75, 434666.5 ], [ 427228.75, 434666.25 ], [ 427229.0, 434666.25 ], [ 427229.0, 434665.75 ], [ 427229.25, 434665.75 ], [ 427229.25, 434665.5 ], [ 427229.5, 434665.5 ], [ 427229.5, 434665.25 ], [ 427229.75, 434665.25 ], [ 427229.75, 434665.0 ], [ 427230.25, 434665.0 ], [ 427230.25, 434664.75 ], [ 427230.5, 434664.75 ], [ 427230.5, 434664.5 ], [ 427231.25, 434664.5 ], [ 427231.25, 434664.25 ], [ 427232.0, 434664.25 ], [ 427232.0, 434664.0 ], [ 427232.5, 434664.0 ], [ 427232.5, 434663.75 ], [ 427233.0, 434663.75 ], [ 427233.0, 434663.5 ], [ 427233.5, 434663.5 ], [ 427233.5, 434663.0 ], [ 427233.75, 434663.0 ], [ 427233.75, 434662.5 ], [ 427234.0, 434662.5 ], [ 427234.0, 434662.0 ], [ 427234.25, 434662.0 ], [ 427234.25, 434661.25 ], [ 427234.5, 434661.25 ], [ 427234.5, 434660.75 ], [ 427234.75, 434660.75 ], [ 427234.75, 434656.25 ], [ 427234.5, 434656.25 ], [ 427234.5, 434653.5 ], [ 427234.75, 434653.5 ], [ 427234.75, 434653.25 ], [ 427235.0, 434653.25 ], [ 427235.0, 434652.75 ], [ 427235.25, 434652.75 ], [ 427235.25, 434652.0 ], [ 427235.5, 434652.0 ], [ 427235.5, 434651.25 ], [ 427235.75, 434651.25 ], [ 427235.75, 434650.75 ], [ 427236.0, 434650.75 ], [ 427236.0, 434650.0 ], [ 427236.25, 434650.0 ], [ 427236.25, 434649.0 ], [ 427236.5, 434649.0 ], [ 427236.5, 434648.25 ], [ 427236.75, 434648.25 ], [ 427236.75, 434647.5 ], [ 427237.0, 434647.5 ], [ 427237.0, 434646.5 ], [ 427237.25, 434646.5 ], [ 427237.25, 434646.0 ], [ 427237.5, 434646.0 ], [ 427237.5, 434645.25 ], [ 427237.75, 434645.25 ], [ 427237.75, 434644.75 ], [ 427238.0, 434644.75 ], [ 427238.0, 434644.25 ], [ 427238.25, 434644.25 ], [ 427238.25, 434643.75 ], [ 427238.5, 434643.75 ], [ 427238.5, 434643.5 ], [ 427238.75, 434643.5 ], [ 427238.75, 434643.0 ], [ 427239.0, 434643.0 ], [ 427239.0, 434642.25 ], [ 427239.25, 434642.25 ], [ 427239.25, 434641.5 ], [ 427239.5, 434641.5 ], [ 427239.5, 434641.0 ], [ 427239.75, 434641.0 ], [ 427239.75, 434640.0 ], [ 427240.0, 434640.0 ], [ 427240.0, 434639.0 ], [ 427240.25, 434639.0 ], [ 427240.25, 434638.0 ], [ 427240.5, 434638.0 ], [ 427240.5, 434637.25 ], [ 427240.75, 434637.25 ], [ 427240.75, 434636.25 ], [ 427241.0, 434636.25 ], [ 427241.0, 434635.25 ], [ 427241.25, 434635.25 ], [ 427241.25, 434634.5 ], [ 427241.5, 434634.5 ], [ 427241.5, 434633.75 ], [ 427241.75, 434633.75 ], [ 427241.75, 434633.0 ], [ 427242.0, 434633.0 ], [ 427242.0, 434632.5 ], [ 427242.25, 434632.5 ], [ 427242.25, 434632.0 ], [ 427242.5, 434632.0 ], [ 427242.5, 434631.25 ], [ 427242.75, 434631.25 ], [ 427242.75, 434630.5 ], [ 427243.0, 434630.5 ], [ 427243.0, 434629.75 ], [ 427243.25, 434629.75 ], [ 427243.25, 434629.25 ], [ 427243.5, 434629.25 ], [ 427243.5, 434628.5 ], [ 427243.75, 434628.5 ], [ 427243.75, 434627.5 ], [ 427244.0, 434627.5 ], [ 427244.0, 434626.5 ], [ 427244.25, 434626.5 ], [ 427244.25, 434625.5 ], [ 427244.5, 434625.5 ], [ 427244.5, 434624.5 ], [ 427244.75, 434624.5 ], [ 427244.75, 434623.75 ], [ 427245.0, 434623.75 ], [ 427245.0, 434623.0 ], [ 427245.25, 434623.0 ], [ 427245.25, 434622.0 ], [ 427245.5, 434622.0 ], [ 427245.5, 434621.25 ], [ 427245.75, 434621.25 ], [ 427245.75, 434621.0 ], [ 427246.0, 434621.0 ], [ 427246.0, 434620.25 ], [ 427246.25, 434620.25 ], [ 427246.25, 434619.5 ], [ 427246.5, 434619.5 ], [ 427246.5, 434619.0 ], [ 427246.75, 434619.0 ], [ 427246.75, 434618.5 ], [ 427247.0, 434618.5 ], [ 427247.0, 434618.0 ], [ 427247.25, 434618.0 ], [ 427247.25, 434616.0 ], [ 427250.25, 434616.0 ], [ 427250.25, 434614.25 ], [ 427250.5, 434614.25 ], [ 427250.5, 434614.0 ], [ 427250.75, 434614.0 ], [ 427250.75, 434613.5 ], [ 427251.0, 434613.5 ], [ 427251.0, 434612.25 ], [ 427251.25, 434612.25 ], [ 427251.25, 434610.5 ], [ 427251.5, 434610.5 ], [ 427251.5, 434610.25 ], [ 427252.0, 434610.25 ], [ 427252.0, 434610.0 ], [ 427252.25, 434610.0 ], [ 427252.25, 434609.5 ], [ 427252.75, 434609.5 ], [ 427252.75, 434609.25 ], [ 427253.25, 434609.25 ], [ 427253.25, 434609.0 ], [ 427253.75, 434609.0 ], [ 427253.75, 434608.75 ], [ 427254.75, 434608.75 ], [ 427254.75, 434609.0 ], [ 427256.0, 434609.0 ], [ 427256.0, 434624.75 ], [ 427257.75, 434624.75 ], [ 427257.75, 434624.5 ], [ 427258.75, 434624.5 ], [ 427258.75, 434624.25 ], [ 427259.75, 434624.25 ], [ 427259.75, 434624.0 ], [ 427260.25, 434624.0 ], [ 427260.25, 434623.75 ], [ 427260.5, 434623.75 ], [ 427260.5, 434624.0 ], [ 427260.75, 434624.0 ], [ 427260.75, 434624.5 ], [ 427261.0, 434624.5 ], [ 427261.0, 434624.75 ], [ 427261.25, 434624.75 ], [ 427261.25, 434625.0 ], [ 427261.5, 434625.0 ], [ 427261.5, 434625.25 ], [ 427261.75, 434625.25 ], [ 427261.75, 434626.5 ], [ 427262.0, 434626.5 ], [ 427262.0, 434627.0 ], [ 427262.25, 434627.0 ], [ 427262.25, 434627.25 ], [ 427262.5, 434627.25 ], [ 427262.5, 434627.5 ], [ 427262.75, 434627.5 ], [ 427262.75, 434627.75 ], [ 427263.0, 434627.75 ], [ 427263.0, 434628.0 ], [ 427263.5, 434628.0 ], [ 427263.5, 434628.25 ], [ 427263.75, 434628.25 ], [ 427263.75, 434628.5 ], [ 427264.25, 434628.5 ], [ 427264.25, 434628.75 ], [ 427264.5, 434628.75 ], [ 427264.5, 434629.0 ], [ 427265.0, 434629.0 ], [ 427265.0, 434629.25 ], [ 427265.25, 434629.25 ], [ 427265.25, 434629.5 ], [ 427266.5, 434629.5 ], [ 427266.5, 434629.75 ], [ 427267.25, 434629.75 ], [ 427267.25, 434630.0 ], [ 427267.75, 434630.0 ], [ 427267.75, 434630.25 ], [ 427268.0, 434630.25 ], [ 427268.0, 434630.5 ], [ 427268.25, 434630.5 ], [ 427268.25, 434630.75 ], [ 427268.5, 434630.75 ], [ 427268.5, 434631.25 ], [ 427268.75, 434631.25 ], [ 427268.75, 434631.5 ], [ 427269.0, 434631.5 ], [ 427269.0, 434632.0 ], [ 427269.25, 434632.0 ], [ 427269.25, 434632.25 ], [ 427269.5, 434632.25 ], [ 427269.5, 434632.75 ], [ 427269.75, 434632.75 ], [ 427269.75, 434633.0 ], [ 427270.0, 434633.0 ], [ 427270.0, 434633.25 ], [ 427270.25, 434633.25 ], [ 427270.25, 434633.75 ], [ 427270.5, 434633.75 ], [ 427270.5, 434634.25 ], [ 427270.75, 434634.25 ], [ 427270.75, 434634.5 ], [ 427271.0, 434634.5 ], [ 427271.0, 434635.0 ], [ 427271.25, 434635.0 ], [ 427271.25, 434635.5 ], [ 427271.5, 434635.5 ], [ 427271.5, 434635.75 ], [ 427271.75, 434635.75 ], [ 427271.75, 434636.25 ], [ 427272.0, 434636.25 ], [ 427272.0, 434636.75 ], [ 427272.25, 434636.75 ], [ 427272.25, 434637.25 ], [ 427272.5, 434637.25 ], [ 427272.5, 434637.75 ], [ 427272.75, 434637.75 ], [ 427272.75, 434638.25 ], [ 427273.0, 434638.25 ], [ 427273.0, 434638.5 ], [ 427273.25, 434638.5 ], [ 427273.25, 434638.75 ], [ 427273.5, 434638.75 ], [ 427273.5, 434639.0 ], [ 427273.75, 434639.0 ], [ 427273.75, 434639.25 ], [ 427274.0, 434639.25 ], [ 427274.0, 434639.5 ], [ 427274.25, 434639.5 ], [ 427274.25, 434639.75 ], [ 427274.5, 434639.75 ], [ 427274.5, 434640.25 ], [ 427274.75, 434640.25 ], [ 427274.75, 434640.75 ], [ 427275.0, 434640.75 ], [ 427275.0, 434641.25 ], [ 427275.25, 434641.25 ], [ 427275.25, 434641.75 ], [ 427275.5, 434641.75 ], [ 427275.5, 434642.5 ], [ 427275.75, 434642.5 ], [ 427275.75, 434643.0 ], [ 427276.0, 434643.0 ], [ 427276.0, 434643.75 ], [ 427276.25, 434643.75 ], [ 427276.25, 434644.75 ], [ 427276.5, 434644.75 ], [ 427276.5, 434645.0 ], [ 427276.75, 434645.0 ], [ 427276.75, 434645.5 ], [ 427277.0, 434645.5 ], [ 427277.0, 434646.25 ], [ 427277.25, 434646.25 ], [ 427277.25, 434647.0 ], [ 427277.5, 434647.0 ], [ 427277.5, 434647.5 ], [ 427277.75, 434647.5 ], [ 427277.75, 434648.0 ], [ 427278.0, 434648.0 ], [ 427278.0, 434648.5 ], [ 427278.25, 434648.5 ], [ 427278.25, 434649.0 ], [ 427278.5, 434649.0 ], [ 427278.5, 434649.5 ], [ 427278.75, 434649.5 ], [ 427278.75, 434649.75 ], [ 427279.0, 434649.75 ], [ 427279.0, 434650.25 ], [ 427279.25, 434650.25 ], [ 427279.25, 434650.75 ], [ 427279.5, 434650.75 ], [ 427279.5, 434651.5 ], [ 427279.75, 434651.5 ], [ 427279.75, 434652.25 ], [ 427280.0, 434652.25 ], [ 427280.0, 434653.0 ], [ 427280.25, 434653.0 ], [ 427280.25, 434654.0 ], [ 427280.5, 434654.0 ], [ 427280.5, 434654.5 ], [ 427280.75, 434654.5 ], [ 427280.75, 434655.0 ], [ 427281.0, 434655.0 ], [ 427281.0, 434655.5 ], [ 427281.25, 434655.5 ], [ 427281.25, 434655.75 ], [ 427281.5, 434655.75 ], [ 427281.5, 434656.25 ], [ 427281.75, 434656.25 ], [ 427281.75, 434656.75 ], [ 427282.0, 434656.75 ], [ 427282.0, 434657.25 ], [ 427282.25, 434657.25 ], [ 427282.25, 434658.0 ], [ 427282.5, 434658.0 ], [ 427282.5, 434658.75 ], [ 427282.75, 434658.75 ], [ 427282.75, 434659.75 ], [ 427283.0, 434659.75 ], [ 427283.0, 434661.0 ], [ 427282.75, 434661.0 ], [ 427282.75, 434662.25 ], [ 427283.0, 434662.25 ], [ 427283.0, 434664.25 ], [ 427282.75, 434664.25 ], [ 427282.75, 434665.75 ], [ 427282.5, 434665.75 ], [ 427282.5, 434666.25 ], [ 427282.25, 434666.25 ], [ 427282.25, 434666.5 ], [ 427282.0, 434666.5 ], [ 427282.0, 434666.75 ], [ 427281.75, 434666.75 ], [ 427281.75, 434667.0 ], [ 427281.25, 434667.0 ], [ 427281.25, 434667.25 ], [ 427280.75, 434667.25 ], [ 427280.75, 434667.5 ], [ 427280.0, 434667.5 ], [ 427280.0, 434667.75 ], [ 427278.0, 434667.75 ], [ 427278.0, 434668.0 ], [ 427277.0, 434668.0 ], [ 427277.0, 434668.25 ], [ 427276.25, 434668.25 ], [ 427276.25, 434668.5 ], [ 427275.75, 434668.5 ], [ 427275.75, 434668.75 ], [ 427275.25, 434668.75 ], [ 427275.25, 434669.0 ], [ 427274.75, 434669.0 ], [ 427274.75, 434669.25 ], [ 427274.5, 434669.25 ], [ 427274.5, 434669.5 ], [ 427274.0, 434669.5 ], [ 427274.0, 434669.75 ], [ 427273.75, 434669.75 ], [ 427273.75, 434670.0 ], [ 427273.5, 434670.0 ], [ 427273.5, 434670.25 ], [ 427273.0, 434670.25 ], [ 427273.0, 434670.5 ], [ 427272.75, 434670.5 ], [ 427272.75, 434670.75 ], [ 427272.5, 434670.75 ], [ 427272.5, 434671.0 ], [ 427272.25, 434671.0 ], [ 427272.25, 434671.25 ], [ 427272.0, 434671.25 ], [ 427272.0, 434671.5 ], [ 427271.75, 434671.5 ], [ 427271.75, 434671.75 ], [ 427271.5, 434671.75 ], [ 427271.5, 434672.0 ], [ 427271.25, 434672.0 ], [ 427271.25, 434672.25 ], [ 427270.75, 434672.25 ], [ 427270.75, 434672.5 ], [ 427270.5, 434672.5 ], [ 427270.5, 434672.75 ], [ 427270.25, 434672.75 ], [ 427270.25, 434673.0 ], [ 427270.0, 434673.0 ], [ 427270.0, 434673.25 ], [ 427269.75, 434673.25 ], [ 427269.75, 434674.0 ], [ 427269.5, 434674.0 ], [ 427269.5, 434674.75 ], [ 427269.75, 434674.75 ], [ 427269.75, 434675.75 ], [ 427270.0, 434675.75 ], [ 427270.0, 434676.5 ], [ 427270.25, 434676.5 ], [ 427270.25, 434677.25 ], [ 427270.5, 434677.25 ], [ 427270.5, 434678.5 ], [ 427270.75, 434678.5 ], [ 427270.75, 434678.75 ], [ 427270.5, 434678.75 ], [ 427270.5, 434681.75 ], [ 427270.75, 434681.75 ], [ 427270.75, 434682.5 ], [ 427271.0, 434682.5 ], [ 427271.0, 434683.25 ], [ 427271.25, 434683.25 ], [ 427271.25, 434683.75 ], [ 427271.5, 434683.75 ], [ 427271.5, 434684.5 ], [ 427271.75, 434684.5 ], [ 427271.75, 434685.5 ], [ 427272.0, 434685.5 ], [ 427272.0, 434686.5 ], [ 427272.25, 434686.5 ], [ 427272.25, 434687.25 ], [ 427272.5, 434687.25 ], [ 427272.5, 434687.75 ], [ 427272.75, 434687.75 ], [ 427272.75, 434688.25 ], [ 427273.0, 434688.25 ], [ 427273.0, 434688.5 ], [ 427273.25, 434688.5 ], [ 427273.25, 434689.0 ], [ 427273.5, 434689.0 ], [ 427273.5, 434689.5 ], [ 427273.75, 434689.5 ], [ 427273.75, 434691.0 ], [ 427273.5, 434691.0 ], [ 427273.5, 434692.0 ], [ 427273.25, 434692.0 ], [ 427273.25, 434693.0 ], [ 427273.0, 434693.0 ], [ 427273.0, 434693.75 ], [ 427272.75, 434693.75 ], [ 427272.75, 434694.25 ], [ 427272.5, 434694.25 ], [ 427272.5, 434694.75 ], [ 427272.25, 434694.75 ], [ 427272.25, 434695.0 ], [ 427272.0, 434695.0 ], [ 427272.0, 434695.25 ], [ 427271.75, 434695.25 ], [ 427271.75, 434695.5 ], [ 427271.5, 434695.5 ], [ 427271.5, 434695.75 ], [ 427271.25, 434695.75 ], [ 427271.25, 434696.0 ], [ 427270.75, 434696.0 ], [ 427270.75, 434696.25 ], [ 427270.5, 434696.25 ], [ 427270.5, 434696.5 ], [ 427270.0, 434696.5 ], [ 427270.0, 434696.75 ], [ 427269.5, 434696.75 ], [ 427269.5, 434697.0 ], [ 427269.25, 434697.0 ], [ 427269.25, 434697.25 ], [ 427269.0, 434697.25 ], [ 427269.0, 434697.5 ], [ 427268.5, 434697.5 ], [ 427268.5, 434697.75 ], [ 427268.25, 434697.75 ], [ 427268.25, 434698.0 ], [ 427268.0, 434698.0 ], [ 427268.0, 434698.25 ], [ 427267.75, 434698.25 ], [ 427267.75, 434698.5 ], [ 427267.5, 434698.5 ], [ 427267.5, 434698.75 ], [ 427267.0, 434698.75 ], [ 427267.0, 434699.0 ], [ 427266.5, 434699.0 ], [ 427266.5, 434699.25 ], [ 427266.0, 434699.25 ], [ 427266.0, 434699.5 ], [ 427265.5, 434699.5 ], [ 427265.5, 434699.75 ], [ 427264.75, 434699.75 ], [ 427264.75, 434700.0 ], [ 427264.0, 434700.0 ], [ 427264.0, 434700.25 ], [ 427263.5, 434700.25 ], [ 427263.5, 434700.5 ], [ 427262.75, 434700.5 ], [ 427262.75, 434700.75 ], [ 427262.25, 434700.75 ], [ 427262.25, 434701.0 ], [ 427262.0, 434701.0 ], [ 427262.0, 434701.25 ], [ 427261.5, 434701.25 ], [ 427261.5, 434701.5 ], [ 427261.0, 434701.5 ], [ 427261.0, 434701.75 ], [ 427260.75, 434701.75 ], [ 427260.75, 434702.0 ], [ 427260.25, 434702.0 ], [ 427260.25, 434702.25 ], [ 427260.0, 434702.25 ], [ 427260.0, 434702.5 ], [ 427259.75, 434702.5 ], [ 427259.75, 434702.75 ], [ 427259.25, 434702.75 ], [ 427259.25, 434703.0 ], [ 427258.5, 434703.0 ], [ 427258.5, 434703.25 ], [ 427256.0, 434703.25 ], [ 427256.0, 434707.0 ], [ 427253.25, 434707.0 ], [ 427253.25, 434707.25 ], [ 427252.25, 434707.25 ], [ 427252.25, 434707.5 ], [ 427251.25, 434707.5 ], [ 427251.25, 434707.75 ], [ 427250.5, 434707.75 ], [ 427250.5, 434708.0 ], [ 427249.75, 434708.0 ], [ 427249.75, 434708.25 ], [ 427249.0, 434708.25 ], [ 427249.0, 434708.5 ], [ 427248.25, 434708.5 ], [ 427248.25, 434708.75 ], [ 427247.5, 434708.75 ], [ 427247.5, 434709.0 ], [ 427247.0, 434709.0 ], [ 427247.0, 434709.25 ], [ 427246.75, 434709.25 ], [ 427246.75, 434709.5 ], [ 427246.25, 434709.5 ], [ 427246.25, 434709.75 ], [ 427246.0, 434709.75 ], [ 427246.0, 434710.0 ], [ 427245.5, 434710.0 ], [ 427245.5, 434710.25 ], [ 427245.25, 434710.25 ], [ 427245.25, 434710.5 ], [ 427245.0, 434710.5 ], [ 427245.0, 434710.75 ], [ 427244.5, 434710.75 ], [ 427244.5, 434711.0 ], [ 427244.25, 434711.0 ], [ 427244.25, 434711.25 ], [ 427243.75, 434711.25 ], [ 427243.75, 434711.5 ], [ 427243.5, 434711.5 ], [ 427243.5, 434711.75 ], [ 427243.0, 434711.75 ], [ 427243.0, 434712.0 ], [ 427242.75, 434712.0 ], [ 427242.75, 434712.25 ], [ 427242.5, 434712.25 ], [ 427242.5, 434712.5 ], [ 427242.0, 434712.5 ], [ 427242.0, 434712.75 ], [ 427241.5, 434712.75 ], [ 427241.5, 434713.0 ], [ 427241.25, 434713.0 ], [ 427241.25, 434713.25 ], [ 427241.0, 434713.25 ], [ 427241.0, 434713.5 ], [ 427240.5, 434713.5 ], [ 427240.5, 434713.75 ], [ 427240.25, 434713.75 ], [ 427240.25, 434714.0 ], [ 427240.0, 434714.0 ], [ 427240.0, 434714.25 ], [ 427239.5, 434714.25 ], [ 427239.5, 434714.5 ], [ 427239.25, 434714.5 ], [ 427239.25, 434714.75 ], [ 427238.75, 434714.75 ], [ 427238.75, 434715.0 ], [ 427238.25, 434715.0 ], [ 427238.25, 434715.25 ], [ 427237.25, 434715.25 ], [ 427237.25, 434715.5 ], [ 427236.5, 434715.5 ], [ 427236.5, 434715.75 ], [ 427235.75, 434715.75 ], [ 427235.75, 434716.0 ], [ 427235.25, 434716.0 ], [ 427235.25, 434716.25 ], [ 427234.5, 434716.25 ], [ 427234.5, 434716.5 ], [ 427234.0, 434716.5 ], [ 427234.0, 434716.75 ], [ 427233.5, 434716.75 ], [ 427233.5, 434717.0 ], [ 427233.25, 434717.0 ], [ 427233.25, 434717.25 ], [ 427232.75, 434717.25 ], [ 427232.75, 434717.5 ], [ 427232.5, 434717.5 ], [ 427232.5, 434717.75 ], [ 427232.25, 434717.75 ], [ 427232.25, 434718.0 ], [ 427232.0, 434718.0 ], [ 427232.0, 434718.25 ], [ 427231.75, 434718.25 ], [ 427231.75, 434718.5 ], [ 427231.5, 434718.5 ], [ 427231.5, 434718.75 ], [ 427231.0, 434718.75 ], [ 427231.0, 434719.0 ], [ 427230.75, 434719.0 ], [ 427230.75, 434719.25 ], [ 427230.25, 434719.25 ], [ 427230.25, 434719.5 ], [ 427229.75, 434719.5 ], [ 427229.75, 434719.75 ], [ 427229.0, 434719.75 ], [ 427229.0, 434720.0 ], [ 427228.75, 434720.0 ], [ 427228.75, 434720.25 ], [ 427228.25, 434720.25 ], [ 427228.25, 434720.5 ], [ 427227.75, 434720.5 ], [ 427227.75, 434720.75 ], [ 427227.5, 434720.75 ], [ 427227.5, 434721.0 ], [ 427227.25, 434721.0 ], [ 427227.25, 434721.25 ], [ 427226.75, 434721.25 ], [ 427226.75, 434721.5 ], [ 427226.5, 434721.5 ], [ 427226.5, 434721.75 ], [ 427226.25, 434721.75 ], [ 427226.25, 434722.0 ], [ 427226.0, 434722.0 ], [ 427226.0, 434722.25 ], [ 427225.75, 434722.25 ], [ 427225.75, 434722.5 ], [ 427225.25, 434722.5 ], [ 427225.25, 434722.75 ], [ 427224.75, 434722.75 ], [ 427224.75, 434723.0 ], [ 427224.25, 434723.0 ], [ 427224.25, 434723.25 ], [ 427223.75, 434723.25 ], [ 427223.75, 434723.5 ], [ 427223.25, 434723.5 ], [ 427223.25, 434723.75 ], [ 427222.5, 434723.75 ], [ 427222.5, 434724.0 ], [ 427222.0, 434724.0 ], [ 427222.0, 434724.25 ], [ 427221.5, 434724.25 ], [ 427221.5, 434724.5 ], [ 427221.25, 434724.5 ], [ 427221.25, 434724.75 ], [ 427221.0, 434724.75 ], [ 427221.0, 434725.0 ], [ 427220.75, 434725.0 ], [ 427220.75, 434725.25 ], [ 427220.5, 434725.25 ], [ 427220.5, 434725.5 ], [ 427220.25, 434725.5 ], [ 427220.25, 434725.75 ], [ 427220.0, 434725.75 ], [ 427220.0, 434726.0 ], [ 427219.75, 434726.0 ], [ 427219.75, 434726.25 ], [ 427219.5, 434726.25 ], [ 427219.5, 434726.5 ], [ 427219.25, 434726.5 ], [ 427219.25, 434727.0 ], [ 427219.0, 434727.0 ], [ 427219.0, 434727.25 ], [ 427218.75, 434727.25 ], [ 427218.75, 434727.5 ], [ 427218.5, 434727.5 ], [ 427218.5, 434727.75 ], [ 427218.0, 434727.75 ], [ 427218.0, 434728.0 ], [ 427217.5, 434728.0 ], [ 427217.5, 434728.25 ], [ 427217.25, 434728.25 ], [ 427217.25, 434728.5 ], [ 427217.0, 434728.5 ], [ 427217.0, 434728.75 ], [ 427216.5, 434728.75 ], [ 427216.5, 434729.0 ], [ 427216.25, 434729.0 ], [ 427216.25, 434729.25 ], [ 427216.0, 434729.25 ], [ 427216.0, 434729.5 ], [ 427215.75, 434729.5 ], [ 427215.75, 434729.75 ], [ 427215.5, 434729.75 ], [ 427215.5, 434730.0 ], [ 427215.25, 434730.0 ], [ 427215.25, 434730.25 ], [ 427214.75, 434730.25 ], [ 427214.75, 434730.5 ], [ 427214.5, 434730.5 ], [ 427214.5, 434730.75 ], [ 427214.0, 434730.75 ], [ 427214.0, 434731.0 ], [ 427213.75, 434731.0 ], [ 427213.75, 434731.25 ], [ 427213.5, 434731.25 ], [ 427213.5, 434731.5 ], [ 427212.75, 434731.5 ], [ 427212.75, 434731.75 ], [ 427212.0, 434731.75 ], [ 427212.0, 434732.0 ], [ 427211.5, 434732.0 ], [ 427211.5, 434732.25 ], [ 427211.0, 434732.25 ], [ 427211.0, 434732.5 ], [ 427210.0, 434732.5 ], [ 427210.0, 434732.75 ], [ 427209.25, 434732.75 ], [ 427209.25, 434733.0 ], [ 427208.25, 434733.0 ], [ 427208.25, 434733.25 ], [ 427207.5, 434733.25 ], [ 427207.5, 434733.5 ], [ 427206.5, 434733.5 ], [ 427206.5, 434733.75 ], [ 427206.0, 434733.75 ], [ 427206.0, 434734.0 ], [ 427205.5, 434734.0 ], [ 427205.5, 434734.25 ], [ 427205.25, 434734.25 ], [ 427205.25, 434734.5 ], [ 427204.75, 434734.5 ], [ 427204.75, 434734.75 ], [ 427204.25, 434734.75 ], [ 427204.25, 434735.0 ], [ 427203.75, 434735.0 ], [ 427203.75, 434735.25 ], [ 427203.25, 434735.25 ], [ 427203.25, 434735.5 ], [ 427202.75, 434735.5 ], [ 427202.75, 434735.75 ], [ 427202.25, 434735.75 ], [ 427202.25, 434736.0 ], [ 427201.75, 434736.0 ], [ 427201.75, 434736.25 ], [ 427201.0, 434736.25 ], [ 427201.0, 434736.5 ], [ 427200.5, 434736.5 ], [ 427200.5, 434736.75 ], [ 427200.0, 434736.75 ], [ 427200.0, 434737.0 ], [ 427199.75, 434737.0 ], [ 427199.75, 434737.25 ], [ 427199.25, 434737.25 ], [ 427199.25, 434737.5 ], [ 427199.0, 434737.5 ], [ 427199.0, 434737.75 ], [ 427198.5, 434737.75 ], [ 427198.5, 434738.0 ], [ 427198.25, 434738.0 ], [ 427198.25, 434738.25 ], [ 427198.0, 434738.25 ], [ 427198.0, 434738.5 ], [ 427197.75, 434738.5 ], [ 427197.75, 434738.75 ], [ 427197.25, 434738.75 ], [ 427197.25, 434739.0 ], [ 427196.75, 434739.0 ], [ 427196.75, 434739.25 ], [ 427196.5, 434739.25 ], [ 427196.5, 434739.5 ], [ 427196.25, 434739.5 ], [ 427196.25, 434739.75 ], [ 427195.75, 434739.75 ], [ 427195.75, 434740.0 ], [ 427195.25, 434740.0 ], [ 427195.25, 434740.25 ], [ 427194.75, 434740.25 ], [ 427194.75, 434740.5 ], [ 427194.5, 434740.5 ], [ 427194.5, 434740.75 ], [ 427193.75, 434740.75 ], [ 427193.75, 434741.0 ], [ 427193.25, 434741.0 ], [ 427193.25, 434741.25 ], [ 427192.5, 434741.25 ], [ 427192.5, 434741.5 ], [ 427192.25, 434741.5 ], [ 427192.25, 434742.0 ], [ 427192.0, 434742.0 ], [ 427192.0, 434742.25 ], [ 427191.75, 434742.25 ], [ 427191.75, 434744.0 ], [ 427178.25, 434744.0 ], [ 427178.25, 434745.0 ], [ 427178.5, 434745.0 ], [ 427178.5, 434745.75 ], [ 427178.25, 434745.75 ], [ 427178.25, 434746.0 ], [ 427178.0, 434746.0 ], [ 427178.0, 434746.25 ], [ 427177.75, 434746.25 ], [ 427177.75, 434746.75 ], [ 427177.5, 434746.75 ], [ 427177.5, 434747.0 ], [ 427177.25, 434747.0 ], [ 427177.25, 434747.25 ], [ 427177.0, 434747.25 ], [ 427177.0, 434747.5 ], [ 427176.75, 434747.5 ], [ 427176.75, 434747.75 ], [ 427176.5, 434747.75 ], [ 427176.5, 434748.0 ], [ 427176.25, 434748.0 ], [ 427176.25, 434748.5 ], [ 427176.0, 434748.5 ], [ 427176.0, 434748.75 ], [ 427175.75, 434748.75 ], [ 427175.75, 434749.0 ], [ 427175.5, 434749.0 ], [ 427175.5, 434749.5 ], [ 427175.25, 434749.5 ], [ 427175.25, 434749.75 ], [ 427175.0, 434749.75 ], [ 427175.0, 434750.0 ], [ 427174.75, 434750.0 ], [ 427174.75, 434750.5 ], [ 427174.25, 434750.5 ], [ 427174.25, 434750.75 ], [ 427174.0, 434750.75 ], [ 427174.0, 434751.0 ], [ 427173.5, 434751.0 ], [ 427173.5, 434751.25 ], [ 427173.25, 434751.25 ], [ 427173.25, 434751.5 ], [ 427172.5, 434751.5 ], [ 427172.5, 434751.75 ], [ 427172.0, 434751.75 ], [ 427172.0, 434752.0 ], [ 427171.5, 434752.0 ], [ 427171.5, 434752.25 ], [ 427171.25, 434752.25 ], [ 427171.25, 434752.5 ], [ 427170.75, 434752.5 ], [ 427170.75, 434752.75 ], [ 427170.0, 434752.75 ], [ 427170.0, 434753.0 ], [ 427169.5, 434753.0 ], [ 427169.5, 434753.25 ], [ 427169.25, 434753.25 ], [ 427169.25, 434753.5 ], [ 427168.5, 434753.5 ], [ 427168.5, 434753.75 ], [ 427167.5, 434753.75 ], [ 427167.5, 434754.0 ], [ 427167.25, 434754.0 ], [ 427167.25, 434754.25 ], [ 427166.75, 434754.25 ], [ 427166.75, 434754.5 ], [ 427166.25, 434754.5 ], [ 427166.25, 434754.75 ], [ 427165.25, 434754.75 ], [ 427165.25, 434755.0 ], [ 427164.25, 434755.0 ], [ 427164.25, 434755.25 ], [ 427163.5, 434755.25 ], [ 427163.5, 434755.5 ], [ 427162.25, 434755.5 ], [ 427162.25, 434755.75 ], [ 427161.75, 434755.75 ], [ 427161.75, 434756.0 ], [ 427161.25, 434756.0 ], [ 427161.25, 434756.25 ], [ 427160.5, 434756.25 ], [ 427160.5, 434756.5 ], [ 427160.25, 434756.5 ], [ 427160.25, 434756.75 ], [ 427159.75, 434756.75 ], [ 427159.75, 434757.0 ], [ 427159.5, 434757.0 ], [ 427159.5, 434757.25 ], [ 427159.25, 434757.25 ], [ 427159.25, 434757.5 ], [ 427158.75, 434757.5 ], [ 427158.75, 434757.75 ], [ 427158.5, 434757.75 ], [ 427158.5, 434758.0 ], [ 427157.75, 434758.0 ], [ 427157.75, 434758.25 ], [ 427157.25, 434758.25 ], [ 427157.25, 434758.5 ], [ 427156.75, 434758.5 ], [ 427156.75, 434758.75 ], [ 427156.5, 434758.75 ], [ 427156.5, 434759.0 ], [ 427156.0, 434759.0 ], [ 427156.0, 434759.25 ], [ 427155.75, 434759.25 ], [ 427155.75, 434759.5 ], [ 427155.5, 434759.5 ], [ 427155.5, 434759.75 ], [ 427155.25, 434759.75 ], [ 427155.25, 434760.0 ], [ 427154.75, 434760.0 ], [ 427154.75, 434760.5 ], [ 427154.25, 434760.5 ], [ 427154.25, 434760.75 ], [ 427154.0, 434760.75 ], [ 427154.0, 434761.0 ], [ 427153.5, 434761.0 ], [ 427153.5, 434761.25 ], [ 427153.25, 434761.25 ], [ 427153.25, 434761.5 ], [ 427153.0, 434761.5 ], [ 427153.0, 434761.75 ], [ 427152.75, 434761.75 ], [ 427152.75, 434762.0 ], [ 427152.5, 434762.0 ], [ 427152.5, 434762.25 ], [ 427152.25, 434762.25 ], [ 427152.25, 434762.5 ], [ 427152.0, 434762.5 ], [ 427152.0, 434762.75 ], [ 427151.75, 434762.75 ], [ 427151.75, 434763.0 ], [ 427151.25, 434763.0 ], [ 427151.25, 434763.25 ], [ 427151.0, 434763.25 ], [ 427151.0, 434763.5 ], [ 427150.5, 434763.5 ], [ 427150.5, 434763.75 ], [ 427150.25, 434763.75 ], [ 427150.25, 434764.0 ], [ 427149.5, 434764.0 ], [ 427149.5, 434764.25 ], [ 427149.25, 434764.25 ], [ 427149.25, 434764.5 ], [ 427148.75, 434764.5 ], [ 427148.75, 434764.75 ], [ 427148.5, 434764.75 ], [ 427148.5, 434765.0 ], [ 427147.75, 434765.0 ], [ 427147.75, 434765.25 ], [ 427147.25, 434765.25 ], [ 427147.25, 434765.5 ], [ 427146.75, 434765.5 ], [ 427146.75, 434765.75 ], [ 427146.25, 434765.75 ], [ 427146.25, 434766.0 ], [ 427145.75, 434766.0 ], [ 427145.75, 434766.25 ], [ 427145.25, 434766.25 ], [ 427145.25, 434766.5 ], [ 427144.75, 434766.5 ], [ 427144.75, 434766.75 ], [ 427144.25, 434766.75 ], [ 427144.25, 434767.0 ], [ 427143.75, 434767.0 ], [ 427143.75, 434767.25 ], [ 427143.5, 434767.25 ], [ 427143.5, 434767.5 ], [ 427143.0, 434767.5 ], [ 427143.0, 434767.75 ], [ 427142.25, 434767.75 ], [ 427142.25, 434768.0 ], [ 427141.0, 434768.0 ], [ 427141.0, 434768.25 ], [ 427140.25, 434768.25 ], [ 427140.25, 434768.5 ], [ 427139.75, 434768.5 ], [ 427139.75, 434768.75 ], [ 427139.25, 434768.75 ], [ 427139.25, 434769.0 ], [ 427138.5, 434769.0 ], [ 427138.5, 434769.25 ], [ 427138.0, 434769.25 ], [ 427138.0, 434769.5 ], [ 427137.5, 434769.5 ], [ 427137.5, 434769.75 ], [ 427136.75, 434769.75 ], [ 427136.75, 434770.0 ], [ 427135.5, 434770.0 ], [ 427135.5, 434770.25 ], [ 427135.0, 434770.25 ], [ 427135.0, 434770.5 ], [ 427134.75, 434770.5 ], [ 427134.75, 434770.75 ], [ 427134.25, 434770.75 ], [ 427134.25, 434771.0 ], [ 427134.0, 434771.0 ], [ 427134.0, 434771.25 ], [ 427133.5, 434771.25 ], [ 427133.5, 434771.5 ], [ 427132.75, 434771.5 ], [ 427132.75, 434771.75 ], [ 427132.25, 434771.75 ], [ 427132.25, 434772.0 ], [ 427131.25, 434772.0 ], [ 427131.25, 434772.25 ], [ 427131.0, 434772.25 ], [ 427131.0, 434772.5 ], [ 427130.75, 434772.5 ], [ 427130.75, 434772.75 ], [ 427130.5, 434772.75 ], [ 427130.5, 434773.0 ], [ 427128.0, 434773.0 ] ] ] } },
{ "type": "Feature", "properties": { }, "geometry": { "type": "Polygon", "coordinates": [ [ [ 427455.25, 434616.0 ], [ 427455.25, 434615.0 ], [ 427455.0, 434615.0 ], [ 427455.0, 434614.25 ], [ 427455.25, 434614.25 ], [ 427455.25, 434614.0 ], [ 427455.5, 434614.0 ], [ 427455.5, 434613.75 ], [ 427455.75, 434613.75 ], [ 427455.75, 434612.75 ], [ 427456.0, 434612.75 ], [ 427456.0, 434612.5 ], [ 427456.5, 434612.5 ], [ 427456.5, 434612.25 ], [ 427456.75, 434612.25 ], [ 427456.75, 434609.75 ], [ 427457.0, 434609.75 ], [ 427457.0, 434609.0 ], [ 427457.25, 434609.0 ], [ 427457.25, 434608.75 ], [ 427457.5, 434608.75 ], [ 427457.5, 434608.5 ], [ 427457.75, 434608.5 ], [ 427457.75, 434608.25 ], [ 427458.0, 434608.25 ], [ 427458.0, 434607.75 ], [ 427458.25, 434607.75 ], [ 427458.25, 434606.5 ], [ 427459.25, 434606.5 ], [ 427459.25, 434606.25 ], [ 427460.75, 434606.25 ], [ 427460.75, 434606.0 ], [ 427461.25, 434606.0 ], [ 427461.25, 434605.75 ], [ 427462.0, 434605.75 ], [ 427462.0, 434605.5 ], [ 427462.75, 434605.5 ], [ 427462.75, 434605.75 ], [ 427463.0, 434605.75 ], [ 427463.0, 434606.0 ], [ 427463.25, 434606.0 ], [ 427463.25, 434606.5 ], [ 427463.5, 434606.5 ], [ 427463.5, 434607.0 ], [ 427463.25, 434607.0 ], [ 427463.25, 434607.75 ], [ 427463.0, 434607.75 ], [ 427463.0, 434608.0 ], [ 427462.75, 434608.0 ], [ 427462.75, 434608.25 ], [ 427462.5, 434608.25 ], [ 427462.5, 434608.5 ], [ 427460.5, 434608.5 ], [ 427460.5, 434608.75 ], [ 427460.25, 434608.75 ], [ 427460.25, 434609.5 ], [ 427460.0, 434609.5 ], [ 427460.0, 434610.0 ], [ 427459.75, 434610.0 ], [ 427459.75, 434610.25 ], [ 427459.5, 434610.25 ], [ 427459.5, 434610.5 ], [ 427459.75, 434610.5 ], [ 427459.75, 434610.75 ], [ 427460.25, 434610.75 ], [ 427460.25, 434611.0 ], [ 427460.75, 434611.0 ], [ 427460.75, 434610.75 ], [ 427461.0, 434610.75 ], [ 427461.0, 434610.5 ], [ 427461.25, 434610.5 ], [ 427461.25, 434610.25 ], [ 427461.75, 434610.25 ], [ 427461.75, 434610.75 ], [ 427462.25, 434610.75 ], [ 427462.25, 434611.0 ], [ 427463.25, 434611.0 ], [ 427463.25, 434610.75 ], [ 427464.0, 434610.75 ], [ 427464.0, 434611.0 ], [ 427465.75, 434611.0 ], [ 427465.75, 434611.25 ], [ 427466.0, 434611.25 ], [ 427466.0, 434611.75 ], [ 427466.25, 434611.75 ], [ 427466.25, 434612.0 ], [ 427466.5, 434612.0 ], [ 427466.5, 434612.25 ], [ 427466.75, 434612.25 ], [ 427466.75, 434615.5 ], [ 427466.5, 434615.5 ], [ 427466.5, 434616.0 ], [ 427455.25, 434616.0 ] ], [ [ 427459.25, 434607.5 ], [ 427460.0, 434607.5 ], [ 427460.0, 434607.25 ], [ 427459.25, 434607.25 ], [ 427459.25, 434607.5 ] ] ] } },
{ "type": "Feature", "properties": { }, "geometry": { "type": "Polygon", "coordinates": [ [ [ 427305.75, 434670.0 ], [ 427305.75, 434669.75 ], [ 427304.25, 434669.75 ], [ 427304.25, 434669.5 ], [ 427303.5, 434669.5 ], [ 427303.5, 434669.25 ], [ 427302.25, 434669.25 ], [ 427302.25, 434669.0 ], [ 427301.5, 434669.0 ], [ 427301.5, 434668.75 ], [ 427301.0, 434668.75 ], [ 427301.0, 434668.5 ], [ 427300.75, 434668.5 ], [ 427300.75, 434668.25 ], [ 427300.5, 434668.25 ], [ 427300.5, 434668.0 ], [ 427300.25, 434668.0 ], [ 427300.25, 434667.75 ], [ 427300.0, 434667.75 ], [ 427300.0, 434667.5 ], [ 427299.75, 434667.5 ], [ 427299.75, 434667.25 ], [ 427299.5, 434667.25 ], [ 427299.5, 434667.0 ], [ 427299.25, 434667.0 ], [ 427299.25, 434666.75 ], [ 427298.75, 434666.75 ], [ 427298.75, 434666.5 ], [ 427298.5, 434666.5 ], [ 427298.5, 434666.25 ], [ 427298.25, 434666.25 ], [ 427298.25, 434666.0 ], [ 427298.0, 434666.0 ], [ 427298.0, 434665.5 ], [ 427297.75, 434665.5 ], [ 427297.75, 434665.25 ], [ 427297.5, 434665.25 ], [ 427297.5, 434665.0 ], [ 427297.25, 434665.0 ], [ 427297.25, 434664.75 ], [ 427297.0, 434664.75 ], [ 427297.0, 434664.5 ], [ 427296.75, 434664.5 ], [ 427296.75, 434664.25 ], [ 427296.5, 434664.25 ], [ 427296.5, 434663.75 ], [ 427296.25, 434663.75 ], [ 427296.25, 434663.5 ], [ 427296.0, 434663.5 ], [ 427296.0, 434663.0 ], [ 427295.75, 434663.0 ], [ 427295.75, 434662.5 ], [ 427295.5, 434662.5 ], [ 427295.5, 434662.0 ], [ 427295.25, 434662.0 ], [ 427295.25, 434661.5 ], [ 427295.0, 434661.5 ], [ 427295.0, 434661.0 ], [ 427294.75, 434661.0 ], [ 427294.75, 434660.75 ], [ 427294.5, 434660.75 ], [ 427294.5, 434660.25 ], [ 427294.25, 434660.25 ], [ 427294.25, 434660.0 ], [ 427294.0, 434660.0 ], [ 427294.0, 434659.5 ], [ 427293.75, 434659.5 ], [ 427293.75, 434659.0 ], [ 427293.5, 434659.0 ], [ 427293.5, 434658.5 ], [ 427293.25, 434658.5 ], [ 427293.25, 434658.25 ], [ 427293.0, 434658.25 ], [ 427293.0, 434657.75 ], [ 427292.75, 434657.75 ], [ 427292.75, 434657.25 ], [ 427292.5, 434657.25 ], [ 427292.5, 434657.0 ], [ 427292.25, 434657.0 ], [ 427292.25, 434656.5 ], [ 427292.0, 434656.5 ], [ 427292.0, 434656.0 ], [ 427291.75, 434656.0 ], [ 427291.75, 434655.5 ], [ 427291.5, 434655.5 ], [ 427291.5, 434655.0 ], [ 427291.25, 434655.0 ], [ 427291.25, 434654.75 ], [ 427291.0, 434654.75 ], [ 427291.0, 434654.25 ], [ 427290.75, 434654.25 ], [ 427290.75, 434653.5 ], [ 427290.5, 434653.5 ], [ 427290.5, 434653.25 ], [ 427290.25, 434653.25 ], [ 427290.25, 434653.0 ], [ 427290.0, 434653.0 ], [ 427290.0, 434652.75 ], [ 427289.75, 434652.75 ], [ 427289.75, 434652.5 ], [ 427289.5, 434652.5 ], [ 427289.5, 434652.0 ], [ 427289.25, 434652.0 ], [ 427289.25, 434651.75 ], [ 427288.75, 434651.75 ], [ 427288.75, 434651.25 ], [ 427288.5, 434651.25 ], [ 427288.5, 434651.0 ], [ 427288.25, 434651.0 ], [ 427288.25, 434650.75 ], [ 427288.0, 434650.75 ], [ 427288.0, 434650.25 ], [ 427287.75, 434650.25 ], [ 427287.75, 434650.0 ], [ 427287.5, 434650.0 ], [ 427287.5, 434649.25 ], [ 427287.25, 434649.25 ], [ 427287.25, 434648.75 ], [ 427287.0, 434648.75 ], [ 427287.0, 434648.0 ], [ 427286.75, 434648.0 ], [ 427286.75, 434647.25 ], [ 427286.5, 434647.25 ], [ 427286.5, 434647.0 ], [ 427286.25, 434647.0 ], [ 427286.25, 434646.5 ], [ 427286.0, 434646.5 ], [ 427286.0, 434646.0 ], [ 427285.75, 434646.0 ], [ 427285.75, 434645.75 ], [ 427285.5, 434645.75 ], [ 427285.5, 434645.25 ], [ 427285.25, 434645.25 ], [ 427285.25, 434645.0 ], [ 427285.0, 434645.0 ], [ 427285.0, 434644.75 ], [ 427284.75, 434644.75 ], [ 427284.75, 434644.5 ], [ 427284.5, 434644.5 ], [ 427284.5, 434644.25 ], [ 427284.25, 434644.25 ], [ 427284.25, 434644.0 ], [ 427284.0, 434644.0 ], [ 427284.0, 434643.5 ], [ 427283.75, 434643.5 ], [ 427283.75, 434643.25 ], [ 427283.5, 434643.25 ], [ 427283.5, 434643.0 ], [ 427283.25, 434643.0 ], [ 427283.25, 434642.75 ], [ 427283.0, 434642.75 ], [ 427283.0, 434642.5 ], [ 427282.75, 434642.5 ], [ 427282.75, 434640.25 ], [ 427283.0, 434640.25 ], [ 427283.0, 434639.75 ], [ 427283.25, 434639.75 ], [ 427283.25, 434639.25 ], [ 427283.5, 434639.25 ], [ 427283.5, 434638.75 ], [ 427283.75, 434638.75 ], [ 427283.75, 434638.5 ], [ 427284.0, 434638.5 ], [ 427284.0, 434638.25 ], [ 427284.25, 434638.25 ], [ 427284.25, 434638.0 ], [ 427284.5, 434638.0 ], [ 427284.5, 434637.75 ], [ 427284.75, 434637.75 ], [ 427284.75, 434637.5 ], [ 427285.0, 434637.5 ], [ 427285.0, 434637.25 ], [ 427285.75, 434637.25 ], [ 427285.75, 434637.0 ], [ 427286.0, 434637.0 ], [ 427286.0, 434636.75 ], [ 427286.5, 434636.75 ], [ 427286.5, 434636.5 ], [ 427287.0, 434636.5 ], [ 427287.0, 434636.25 ], [ 427287.5, 434636.25 ], [ 427287.5, 434636.0 ], [ 427288.0, 434636.0 ], [ 427288.0, 434635.75 ], [ 427288.5, 434635.75 ], [ 427288.5, 434635.5 ], [ 427289.25, 434635.5 ], [ 427289.25, 434635.25 ], [ 427289.75, 434635.25 ], [ 427289.75, 434635.0 ], [ 427290.25, 434635.0 ], [ 427290.25, 434634.75 ], [ 427290.75, 434634.75 ], [ 427290.75, 434634.5 ], [ 427291.0, 434634.5 ], [ 427291.0, 434634.25 ], [ 427291.25, 434634.25 ], [ 427291.25, 434634.0 ], [ 427291.5, 434634.0 ], [ 427291.5, 434633.75 ], [ 427291.75, 434633.75 ], [ 427291.75, 434633.5 ], [ 427292.0, 434633.5 ], [ 427292.0, 434633.25 ], [ 427292.5, 434633.25 ], [ 427292.5, 434633.0 ], [ 427292.75, 434633.0 ], [ 427292.75, 434632.75 ], [ 427293.25, 434632.75 ], [ 427293.25, 434632.5 ], [ 427293.75, 434632.5 ], [ 427293.75, 434632.25 ], [ 427294.5, 434632.25 ], [ 427294.5, 434632.0 ], [ 427295.0, 434632.0 ], [ 427295.0, 434631.75 ], [ 427295.75, 434631.75 ], [ 427295.75, 434631.5 ], [ 427296.5, 434631.5 ], [ 427296.5, 434631.25 ], [ 427297.0, 434631.25 ], [ 427297.0, 434631.0 ], [ 427297.5, 434631.0 ], [ 427297.5, 434630.75 ], [ 427297.75, 434630.75 ], [ 427297.75, 434630.5 ], [ 427298.25, 434630.5 ], [ 427298.25, 434630.25 ], [ 427298.5, 434630.25 ], [ 427298.5, 434630.0 ], [ 427298.75, 434630.0 ], [ 427298.75, 434629.75 ], [ 427299.0, 434629.75 ], [ 427299.0, 434629.5 ], [ 427299.5, 434629.5 ], [ 427299.5, 434629.25 ], [ 427299.75, 434629.25 ], [ 427299.75, 434629.0 ], [ 427300.0, 434629.0 ], [ 427300.0, 434628.75 ], [ 427300.25, 434628.75 ], [ 427300.25, 434628.5 ], [ 427300.5, 434628.5 ], [ 427300.5, 434628.25 ], [ 427300.75, 434628.25 ], [ 427300.75, 434628.0 ], [ 427301.25, 434628.0 ], [ 427301.25, 434627.75 ], [ 427301.5, 434627.75 ], [ 427301.5, 434627.5 ], [ 427301.75, 434627.5 ], [ 427301.75, 434627.25 ], [ 427302.0, 434627.25 ], [ 427302.0, 434627.0 ], [ 427302.25, 434627.0 ], [ 427302.25, 434626.75 ], [ 427303.25, 434626.75 ], [ 427303.25, 434626.5 ], [ 427303.75, 434626.5 ], [ 427303.75, 434626.25 ], [ 427304.0, 434626.25 ], [ 427304.0, 434626.0 ], [ 427304.25, 434626.0 ], [ 427304.25, 434625.75 ], [ 427304.5, 434625.75 ], [ 427304.5, 434625.5 ], [ 427304.75, 434625.5 ], [ 427304.75, 434625.25 ], [ 427305.25, 434625.25 ], [ 427305.25, 434625.0 ], [ 427305.75, 434625.0 ], [ 427305.75, 434624.75 ], [ 427306.75, 434624.75 ], [ 427306.75, 434624.5 ], [ 427308.25, 434624.5 ], [ 427308.25, 434624.25 ], [ 427309.75, 434624.25 ], [ 427309.75, 434624.0 ], [ 427311.5, 434624.0 ], [ 427311.5, 434623.75 ], [ 427312.75, 434623.75 ], [ 427312.75, 434623.5 ], [ 427314.0, 434623.5 ], [ 427314.0, 434623.25 ], [ 427315.0, 434623.25 ], [ 427315.0, 434623.0 ], [ 427315.75, 434623.0 ], [ 427315.75, 434622.75 ], [ 427316.75, 434622.75 ], [ 427316.75, 434622.5 ], [ 427317.5, 434622.5 ], [ 427317.5, 434622.25 ], [ 427318.25, 434622.25 ], [ 427318.25, 434622.0 ], [ 427318.75, 434622.0 ], [ 427318.75, 434621.75 ], [ 427319.5, 434621.75 ], [ 427319.5, 434621.5 ], [ 427320.0, 434621.5 ], [ 427320.0, 434621.25 ], [ 427320.5, 434621.25 ], [ 427320.5, 434621.0 ], [ 427321.0, 434621.0 ], [ 427321.0, 434620.5 ], [ 427321.25, 434620.5 ], [ 427321.25, 434620.25 ], [ 427321.5, 434620.25 ], [ 427321.5, 434620.0 ], [ 427321.75, 434620.0 ], [ 427321.75, 434619.75 ], [ 427322.0, 434619.75 ], [ 427322.0, 434619.25 ], [ 427322.25, 434619.25 ], [ 427322.25, 434618.75 ], [ 427322.5, 434618.75 ], [ 427322.5, 434617.75 ], [ 427322.75, 434617.75 ], [ 427322.75, 434616.0 ], [ 427340.5, 434616.0 ], [ 427340.5, 434615.25 ], [ 427340.25, 434615.25 ], [ 427340.25, 434614.75 ], [ 427340.0, 434614.75 ], [ 427340.0, 434614.25 ], [ 427340.25, 434614.25 ], [ 427340.25, 434612.25 ], [ 427340.0, 434612.25 ], [ 427340.0, 434611.75 ], [ 427339.75, 434611.75 ], [ 427339.75, 434611.5 ], [ 427339.5, 434611.5 ], [ 427339.5, 434611.0 ], [ 427339.25, 434611.0 ], [ 427339.25, 434610.25 ], [ 427339.5, 434610.25 ], [ 427339.5, 434609.75 ], [ 427339.75, 434609.75 ], [ 427339.75, 434609.5 ], [ 427340.0, 434609.5 ], [ 427340.0, 434609.25 ], [ 427340.25, 434609.25 ], [ 427340.25, 434609.0 ], [ 427340.5, 434609.0 ], [ 427340.5, 434608.75 ], [ 427340.75, 434608.75 ], [ 427340.75, 434608.0 ], [ 427341.0, 434608.0 ], [ 427341.0, 434607.5 ], [ 427341.25, 434607.5 ], [ 427341.25, 434606.75 ], [ 427341.5, 434606.75 ], [ 427341.5, 434606.25 ], [ 427341.25, 434606.25 ], [ 427341.25, 434605.25 ], [ 427341.5, 434605.25 ], [ 427341.5, 434604.25 ], [ 427341.75, 434604.25 ], [ 427341.75, 434603.5 ], [ 427342.0, 434603.5 ], [ 427342.0, 434603.25 ], [ 427341.75, 434603.25 ], [ 427341.75, 434602.25 ], [ 427341.5, 434602.25 ], [ 427341.5, 434601.0 ], [ 427341.25, 434601.0 ], [ 427341.25, 434600.5 ], [ 427341.0, 434600.5 ], [ 427341.0, 434599.75 ], [ 427340.75, 434599.75 ], [ 427340.75, 434598.75 ], [ 427340.5, 434598.75 ], [ 427340.5, 434598.0 ], [ 427340.25, 434598.0 ], [ 427340.25, 434597.0 ], [ 427340.5, 434597.0 ], [ 427340.5, 434595.25 ], [ 427340.75, 434595.25 ], [ 427340.75, 434594.75 ], [ 427341.0, 434594.75 ], [ 427341.0, 434594.5 ], [ 427341.25, 434594.5 ], [ 427341.25, 434594.25 ], [ 427341.5, 434594.25 ], [ 427341.5, 434594.0 ], [ 427342.25, 434594.0 ], [ 427342.25, 434593.75 ], [ 427344.25, 434593.75 ], [ 427344.25, 434594.0 ], [ 427345.5, 434594.0 ], [ 427345.5, 434594.25 ], [ 427346.75, 434594.25 ], [ 427346.75, 434594.5 ], [ 427349.5, 434594.5 ], [ 427349.5, 434594.75 ], [ 427350.0, 434594.75 ], [ 427350.0, 434595.0 ], [ 427350.5, 434595.0 ], [ 427350.5, 434595.25 ], [ 427351.25, 434595.25 ], [ 427351.25, 434595.5 ], [ 427352.25, 434595.5 ], [ 427352.25, 434595.75 ], [ 427352.75, 434595.75 ], [ 427352.75, 434596.0 ], [ 427353.5, 434596.0 ], [ 427353.5, 434596.25 ], [ 427354.75, 434596.25 ], [ 427354.75, 434596.5 ], [ 427356.0, 434596.5 ], [ 427356.0, 434596.75 ], [ 427357.0, 434596.75 ], [ 427357.0, 434597.0 ], [ 427358.25, 434597.0 ], [ 427358.25, 434597.25 ], [ 427359.75, 434597.25 ], [ 427359.75, 434597.5 ], [ 427360.75, 434597.5 ], [ 427360.75, 434597.75 ], [ 427361.75, 434597.75 ], [ 427361.75, 434598.0 ], [ 427362.75, 434598.0 ], [ 427362.75, 434598.25 ], [ 427363.75, 434598.25 ], [ 427363.75, 434598.5 ], [ 427364.25, 434598.5 ], [ 427364.25, 434598.75 ], [ 427364.75, 434598.75 ], [ 427364.75, 434599.0 ], [ 427365.5, 434599.0 ], [ 427365.5, 434599.25 ], [ 427366.0, 434599.25 ], [ 427366.0, 434599.5 ], [ 427366.75, 434599.5 ], [ 427366.75, 434599.75 ], [ 427367.25, 434599.75 ], [ 427367.25, 434600.0 ], [ 427367.75, 434600.0 ], [ 427367.75, 434600.25 ], [ 427369.5, 434600.25 ], [ 427369.5, 434600.5 ], [ 427370.25, 434600.5 ], [ 427370.25, 434600.75 ], [ 427371.25, 434600.75 ], [ 427371.25, 434601.0 ], [ 427373.5, 434601.0 ], [ 427373.5, 434601.25 ], [ 427374.25, 434601.25 ], [ 427374.25, 434601.5 ], [ 427375.0, 434601.5 ], [ 427375.0, 434601.75 ], [ 427375.75, 434601.75 ], [ 427375.75, 434602.0 ], [ 427376.25, 434602.0 ], [ 427376.25, 434602.25 ], [ 427376.75, 434602.25 ], [ 427376.75, 434602.5 ], [ 427377.25, 434602.5 ], [ 427377.25, 434602.75 ], [ 427377.75, 434602.75 ], [ 427377.75, 434603.0 ], [ 427378.25, 434603.0 ], [ 427378.25, 434603.25 ], [ 427378.75, 434603.25 ], [ 427378.75, 434603.5 ], [ 427379.0, 434603.5 ], [ 427379.0, 434603.75 ], [ 427379.25, 434603.75 ], [ 427379.25, 434604.0 ], [ 427379.75, 434604.0 ], [ 427379.75, 434604.25 ], [ 427380.0, 434604.25 ], [ 427380.0, 434604.5 ], [ 427380.75, 434604.5 ], [ 427380.75, 434604.75 ], [ 427381.0, 434604.75 ], [ 427381.0, 434605.0 ], [ 427381.5, 434605.0 ], [ 427381.5, 434605.25 ], [ 427382.0, 434605.25 ], [ 427382.0, 434605.5 ], [ 427384.0, 434605.5 ], [ 427384.0, 434608.75 ], [ 427383.25, 434608.75 ], [ 427383.25, 434608.5 ], [ 427382.75, 434608.5 ], [ 427382.75, 434608.25 ], [ 427382.5, 434608.25 ], [ 427382.5, 434608.75 ], [ 427382.25, 434608.75 ], [ 427382.25, 434609.25 ], [ 427382.0, 434609.25 ], [ 427382.0, 434609.5 ], [ 427381.75, 434609.5 ], [ 427381.75, 434610.0 ], [ 427381.5, 434610.0 ], [ 427381.5, 434610.75 ], [ 427382.25, 434610.75 ], [ 427382.25, 434611.0 ], [ 427382.75, 434611.0 ], [ 427382.75, 434611.25 ], [ 427383.25, 434611.25 ], [ 427383.25, 434611.5 ], [ 427383.5, 434611.5 ], [ 427383.5, 434611.75 ], [ 427384.0, 434611.75 ], [ 427384.0, 434628.75 ], [ 427383.0, 434628.75 ], [ 427383.0, 434628.5 ], [ 427382.25, 434628.5 ], [ 427382.25, 434628.75 ], [ 427381.5, 434628.75 ], [ 427381.5, 434629.0 ], [ 427381.25, 434629.0 ], [ 427381.25, 434629.25 ], [ 427380.75, 434629.25 ], [ 427380.75, 434629.5 ], [ 427380.5, 434629.5 ], [ 427380.5, 434629.75 ], [ 427380.0, 434629.75 ], [ 427380.0, 434630.0 ], [ 427379.75, 434630.0 ], [ 427379.75, 434630.25 ], [ 427379.25, 434630.25 ], [ 427379.25, 434630.5 ], [ 427379.0, 434630.5 ], [ 427379.0, 434630.75 ], [ 427378.25, 434630.75 ], [ 427378.25, 434631.0 ], [ 427377.5, 434631.0 ], [ 427377.5, 434631.25 ], [ 427377.0, 434631.25 ], [ 427377.0, 434631.5 ], [ 427376.25, 434631.5 ], [ 427376.25, 434631.75 ], [ 427375.5, 434631.75 ], [ 427375.5, 434632.0 ], [ 427375.0, 434632.0 ], [ 427375.0, 434632.25 ], [ 427374.5, 434632.25 ], [ 427374.5, 434632.5 ], [ 427374.0, 434632.5 ], [ 427374.0, 434632.75 ], [ 427373.5, 434632.75 ], [ 427373.5, 434633.0 ], [ 427373.25, 434633.0 ], [ 427373.25, 434633.25 ], [ 427372.75, 434633.25 ], [ 427372.75, 434633.5 ], [ 427372.5, 434633.5 ], [ 427372.5, 434633.75 ], [ 427372.25, 434633.75 ], [ 427372.25, 434634.0 ], [ 427371.75, 434634.0 ], [ 427371.75, 434634.5 ], [ 427371.25, 434634.5 ], [ 427371.25, 434634.75 ], [ 427371.0, 434634.75 ], [ 427371.0, 434635.0 ], [ 427370.5, 434635.0 ], [ 427370.5, 434635.25 ], [ 427370.0, 434635.25 ], [ 427370.0, 434635.5 ], [ 427369.5, 434635.5 ], [ 427369.5, 434635.75 ], [ 427369.0, 434635.75 ], [ 427369.0, 434636.0 ], [ 427368.5, 434636.0 ], [ 427368.5, 434636.25 ], [ 427368.0, 434636.25 ], [ 427368.0, 434636.5 ], [ 427367.75, 434636.5 ], [ 427367.75, 434636.75 ], [ 427367.25, 434636.75 ], [ 427367.25, 434637.0 ], [ 427367.0, 434637.0 ], [ 427367.0, 434637.25 ], [ 427366.5, 434637.25 ], [ 427366.5, 434637.5 ], [ 427366.25, 434637.5 ], [ 427366.25, 434637.75 ], [ 427365.75, 434637.75 ], [ 427365.75, 434638.0 ], [ 427365.25, 434638.0 ], [ 427365.25, 434638.25 ], [ 427365.0, 434638.25 ], [ 427365.0, 434638.5 ], [ 427364.5, 434638.5 ], [ 427364.5, 434638.75 ], [ 427364.0, 434638.75 ], [ 427364.0, 434639.0 ], [ 427363.5, 434639.0 ], [ 427363.5, 434639.25 ], [ 427363.0, 434639.25 ], [ 427363.0, 434639.5 ], [ 427362.5, 434639.5 ], [ 427362.5, 434639.75 ], [ 427361.75, 434639.75 ], [ 427361.75, 434640.0 ], [ 427361.25, 434640.0 ], [ 427361.25, 434640.25 ], [ 427360.75, 434640.25 ], [ 427360.75, 434640.5 ], [ 427360.25, 434640.5 ], [ 427360.25, 434640.75 ], [ 427360.0, 434640.75 ], [ 427360.0, 434641.0 ], [ 427359.5, 434641.0 ], [ 427359.5, 434641.25 ], [ 427359.25, 434641.25 ], [ 427359.25, 434641.5 ], [ 427358.75, 434641.5 ], [ 427358.75, 434641.75 ], [ 427358.5, 434641.75 ], [ 427358.5, 434642.0 ], [ 427358.0, 434642.0 ], [ 427358.0, 434642.25 ], [ 427357.5, 434642.25 ], [ 427357.5, 434642.5 ], [ 427357.25, 434642.5 ], [ 427357.25, 434642.75 ], [ 427356.75, 434642.75 ], [ 427356.75, 434643.0 ], [ 427356.25, 434643.0 ], [ 427356.25, 434643.25 ], [ 427355.75, 434643.25 ], [ 427355.75, 434643.5 ], [ 427355.25, 434643.5 ], [ 427355.25, 434643.75 ], [ 427354.75, 434643.75 ], [ 427354.75, 434644.0 ], [ 427354.25, 434644.0 ], [ 427354.25, 434644.25 ], [ 427354.0, 434644.25 ], [ 427354.0, 434644.5 ], [ 427353.5, 434644.5 ], [ 427353.5, 434644.75 ], [ 427353.25, 434644.75 ], [ 427353.25, 434645.0 ], [ 427353.0, 434645.0 ], [ 427353.0, 434645.25 ], [ 427352.5, 434645.25 ], [ 427352.5, 434645.5 ], [ 427352.25, 434645.5 ], [ 427352.25, 434645.75 ], [ 427352.0, 434645.75 ], [ 427352.0, 434646.0 ], [ 427351.75, 434646.0 ], [ 427351.75, 434646.25 ], [ 427351.5, 434646.25 ], [ 427351.5, 434646.5 ], [ 427351.0, 434646.5 ], [ 427351.0, 434646.75 ], [ 427350.5, 434646.75 ], [ 427350.5, 434647.0 ], [ 427350.0, 434647.0 ], [ 427350.0, 434647.25 ], [ 427349.5, 434647.25 ], [ 427349.5, 434647.5 ], [ 427349.0, 434647.5 ], [ 427349.0, 434647.75 ], [ 427348.25, 434647.75 ], [ 427348.25, 434648.0 ], [ 427347.75, 434648.0 ], [ 427347.75, 434648.25 ], [ 427347.25, 434648.25 ], [ 427347.25, 434648.5 ], [ 427346.75, 434648.5 ], [ 427346.75, 434648.75 ], [ 427346.25, 434648.75 ], [ 427346.25, 434649.0 ], [ 427345.75, 434649.0 ], [ 427345.75, 434649.25 ], [ 427345.5, 434649.25 ], [ 427345.5, 434649.5 ], [ 427345.0, 434649.5 ], [ 427345.0, 434649.75 ], [ 427344.75, 434649.75 ], [ 427344.75, 434650.0 ], [ 427344.25, 434650.0 ], [ 427344.25, 434650.25 ], [ 427344.0, 434650.25 ], [ 427344.0, 434650.5 ], [ 427343.75, 434650.5 ], [ 427343.75, 434650.75 ], [ 427343.25, 434650.75 ], [ 427343.25, 434651.0 ], [ 427343.0, 434651.0 ], [ 427343.0, 434651.25 ], [ 427342.75, 434651.25 ], [ 427342.75, 434651.5 ], [ 427342.25, 434651.5 ], [ 427342.25, 434651.75 ], [ 427341.75, 434651.75 ], [ 427341.75, 434652.0 ], [ 427341.5, 434652.0 ], [ 427341.5, 434652.25 ], [ 427341.0, 434652.25 ], [ 427341.0, 434652.5 ], [ 427340.75, 434652.5 ], [ 427340.75, 434652.75 ], [ 427340.5, 434652.75 ], [ 427340.5, 434653.0 ], [ 427340.25, 434653.0 ], [ 427340.25, 434653.25 ], [ 427340.0, 434653.25 ], [ 427340.0, 434653.75 ], [ 427339.75, 434653.75 ], [ 427339.75, 434654.0 ], [ 427339.5, 434654.0 ], [ 427339.5, 434654.5 ], [ 427339.0, 434654.5 ], [ 427339.0, 434654.75 ], [ 427338.75, 434654.75 ], [ 427338.75, 434655.0 ], [ 427338.5, 434655.0 ], [ 427338.5, 434655.25 ], [ 427338.0, 434655.25 ], [ 427338.0, 434655.5 ], [ 427337.5, 434655.5 ], [ 427337.5, 434655.75 ], [ 427337.0, 434655.75 ], [ 427337.0, 434656.0 ], [ 427336.5, 434656.0 ], [ 427336.5, 434656.25 ], [ 427335.75, 434656.25 ], [ 427335.75, 434656.5 ], [ 427335.25, 434656.5 ], [ 427335.25, 434656.75 ], [ 427334.5, 434656.75 ], [ 427334.5, 434657.0 ], [ 427334.0, 434657.0 ], [ 427334.0, 434657.25 ], [ 427333.5, 434657.25 ], [ 427333.5, 434657.5 ], [ 427333.0, 434657.5 ], [ 427333.0, 434657.75 ], [ 427332.75, 434657.75 ], [ 427332.75, 434658.0 ], [ 427332.5, 434658.0 ], [ 427332.5, 434658.25 ], [ 427332.0, 434658.25 ], [ 427332.0, 434658.5 ], [ 427331.75, 434658.5 ], [ 427331.75, 434658.75 ], [ 427331.5, 434658.75 ], [ 427331.5, 434659.0 ], [ 427331.0, 434659.0 ], [ 427331.0, 434659.25 ], [ 427330.5, 434659.25 ], [ 427330.5, 434659.5 ], [ 427330.0, 434659.5 ], [ 427330.0, 434659.75 ], [ 427329.5, 434659.75 ], [ 427329.5, 434660.0 ], [ 427329.0, 434660.0 ], [ 427329.0, 434660.25 ], [ 427328.5, 434660.25 ], [ 427328.5, 434660.5 ], [ 427328.25, 434660.5 ], [ 427328.25, 434660.75 ], [ 427327.75, 434660.75 ], [ 427327.75, 434661.0 ], [ 427327.25, 434661.0 ], [ 427327.25, 434661.25 ], [ 427326.75, 434661.25 ], [ 427326.75, 434661.5 ], [ 427326.25, 434661.5 ], [ 427326.25, 434661.75 ], [ 427326.0, 434661.75 ], [ 427326.0, 434662.0 ], [ 427325.5, 434662.0 ], [ 427325.5, 434662.25 ], [ 427324.75, 434662.25 ], [ 427324.75, 434662.5 ], [ 427324.25, 434662.5 ], [ 427324.25, 434662.75 ], [ 427323.5, 434662.75 ], [ 427323.5, 434663.0 ], [ 427323.0, 434663.0 ], [ 427323.0, 434663.25 ], [ 427322.25, 434663.25 ], [ 427322.25, 434663.5 ], [ 427321.5, 434663.5 ], [ 427321.5, 434663.75 ], [ 427321.0, 434663.75 ], [ 427321.0, 434664.0 ], [ 427320.75, 434664.0 ], [ 427320.75, 434664.25 ], [ 427320.25, 434664.25 ], [ 427320.25, 434664.5 ], [ 427319.75, 434664.5 ], [ 427319.75, 434664.75 ], [ 427319.5, 434664.75 ], [ 427319.5, 434665.0 ], [ 427319.0, 434665.0 ], [ 427319.0, 434665.25 ], [ 427318.75, 434665.25 ], [ 427318.75, 434665.5 ], [ 427318.25, 434665.5 ], [ 427318.25, 434665.75 ], [ 427317.5, 434665.75 ], [ 427317.5, 434666.0 ], [ 427317.0, 434666.0 ], [ 427317.0, 434666.25 ], [ 427316.75, 434666.25 ], [ 427316.75, 434666.5 ], [ 427316.25, 434666.5 ], [ 427316.25, 434666.75 ], [ 427315.5, 434666.75 ], [ 427315.5, 434667.0 ], [ 427315.0, 434667.0 ], [ 427315.0, 434667.25 ], [ 427314.5, 434667.25 ], [ 427314.5, 434667.5 ], [ 427313.75, 434667.5 ], [ 427313.75, 434667.75 ], [ 427313.5, 434667.75 ], [ 427313.5, 434668.0 ], [ 427313.0, 434668.0 ], [ 427313.0, 434668.25 ], [ 427312.5, 434668.25 ], [ 427312.5, 434668.5 ], [ 427312.0, 434668.5 ], [ 427312.0, 434668.75 ], [ 427311.75, 434668.75 ], [ 427311.75, 434669.0 ], [ 427311.25, 434669.0 ], [ 427311.25, 434669.25 ], [ 427310.75, 434669.25 ], [ 427310.75, 434669.5 ], [ 427310.25, 434669.5 ], [ 427310.25, 434669.75 ], [ 427309.75, 434669.75 ], [ 427309.75, 434670.0 ], [ 427305.75, 434670.0 ] ] ] } },
{ "type": "Feature", "properties": { }, "geometry": { "type": "Polygon", "coordinates": [ [ [ 427513.5, 434612.5 ], [ 427513.5, 434612.25 ], [ 427512.0, 434612.25 ], [ 427512.0, 434596.5 ], [ 427512.75, 434596.5 ], [ 427512.75, 434596.75 ], [ 427513.5, 434596.75 ], [ 427513.5, 434597.0 ], [ 427514.25, 434597.0 ], [ 427514.25, 434597.25 ], [ 427515.5, 434597.25 ], [ 427515.5, 434597.5 ], [ 427515.75, 434597.5 ], [ 427515.75, 434597.75 ], [ 427516.0, 434597.75 ], [ 427516.0, 434598.0 ], [ 427516.25, 434598.0 ], [ 427516.25, 434598.25 ], [ 427517.0, 434598.25 ], [ 427517.0, 434598.5 ], [ 427517.5, 434598.5 ], [ 427517.5, 434598.75 ], [ 427518.0, 434598.75 ], [ 427518.0, 434599.0 ], [ 427518.25, 434599.0 ], [ 427518.25, 434599.25 ], [ 427519.0, 434599.25 ], [ 427519.0, 434599.5 ], [ 427519.75, 434599.5 ], [ 427519.75, 434599.75 ], [ 427520.5, 434599.75 ], [ 427520.5, 434600.0 ], [ 427522.5, 434600.0 ], [ 427522.5, 434599.75 ], [ 427522.75, 434599.75 ], [ 427522.75, 434599.5 ], [ 427523.25, 434599.5 ], [ 427523.25, 434599.25 ], [ 427523.75, 434599.25 ], [ 427523.75, 434599.0 ], [ 427524.75, 434599.0 ], [ 427524.75, 434598.75 ], [ 427525.75, 434598.75 ], [ 427525.75, 434597.5 ], [ 427524.25, 434597.5 ], [ 427524.25, 434597.25 ], [ 427524.0, 434597.25 ], [ 427524.0, 434597.0 ], [ 427523.5, 434597.0 ], [ 427523.5, 434596.75 ], [ 427522.25, 434596.75 ], [ 427522.25, 434596.5 ], [ 427520.5, 434596.5 ], [ 427520.5, 434596.25 ], [ 427520.25, 434596.25 ], [ 427520.25, 434596.0 ], [ 427519.75, 434596.0 ], [ 427519.75, 434595.75 ], [ 427519.5, 434595.75 ], [ 427519.5, 434594.25 ], [ 427520.0, 434594.25 ], [ 427520.0, 434594.0 ], [ 427520.25, 434594.0 ], [ 427520.25, 434593.75 ], [ 427520.5, 434593.75 ], [ 427520.5, 434593.5 ], [ 427521.25, 434593.5 ], [ 427521.25, 434593.25 ], [ 427522.75, 434593.25 ], [ 427522.75, 434593.0 ], [ 427523.75, 434593.0 ], [ 427523.75, 434592.75 ], [ 427524.25, 434592.75 ], [ 427524.25, 434592.5 ], [ 427525.0, 434592.5 ], [ 427525.0, 434592.25 ], [ 427526.75, 434592.25 ], [ 427526.75, 434592.0 ], [ 427527.5, 434592.0 ], [ 427527.5, 434591.75 ], [ 427528.5, 434591.75 ], [ 427528.5, 434591.5 ], [ 427529.25, 434591.5 ], [ 427529.25, 434591.25 ], [ 427530.5, 434591.25 ], [ 427530.5, 434591.0 ], [ 427532.0, 434591.0 ], [ 427532.0, 434591.25 ], [ 427532.25, 434591.25 ], [ 427532.25, 434591.5 ], [ 427532.5, 434591.5 ], [ 427532.5, 434591.75 ], [ 427533.5, 434591.75 ], [ 427533.5, 434592.0 ], [ 427534.25, 434592.0 ], [ 427534.25, 434591.75 ], [ 427535.0, 434591.75 ], [ 427535.0, 434591.5 ], [ 427536.75, 434591.5 ], [ 427536.75, 434591.25 ], [ 427538.0, 434591.25 ], [ 427538.0, 434591.0 ], [ 427542.25, 434591.0 ], [ 427542.25, 434590.75 ], [ 427544.25, 434590.75 ], [ 427544.25, 434590.5 ], [ 427544.75, 434590.5 ], [ 427544.75, 434590.25 ], [ 427545.0, 434590.25 ], [ 427545.0, 434590.0 ], [ 427545.25, 434590.0 ], [ 427545.25, 434589.75 ], [ 427545.75, 434589.75 ], [ 427545.75, 434589.5 ], [ 427546.5, 434589.5 ], [ 427546.5, 434589.25 ], [ 427544.5, 434589.25 ], [ 427544.5, 434589.0 ], [ 427544.25, 434589.0 ], [ 427544.25, 434588.75 ], [ 427544.0, 434588.75 ], [ 427544.0, 434588.25 ], [ 427544.25, 434588.25 ], [ 427544.25, 434588.0 ], [ 427544.5, 434588.0 ], [ 427544.5, 434587.75 ], [ 427544.75, 434587.75 ], [ 427544.75, 434587.25 ], [ 427545.0, 434587.25 ], [ 427545.0, 434586.75 ], [ 427545.25, 434586.75 ], [ 427545.25, 434586.5 ], [ 427546.0, 434586.5 ], [ 427546.0, 434586.25 ], [ 427546.75, 434586.25 ], [ 427546.75, 434586.5 ], [ 427547.25, 434586.5 ], [ 427547.25, 434587.0 ], [ 427547.75, 434587.0 ], [ 427547.75, 434587.25 ], [ 427548.0, 434587.25 ], [ 427548.0, 434587.5 ], [ 427548.25, 434587.5 ], [ 427548.25, 434587.75 ], [ 427548.5, 434587.75 ], [ 427548.5, 434588.0 ], [ 427549.0, 434588.0 ], [ 427549.0, 434588.25 ], [ 427549.75, 434588.25 ], [ 427549.75, 434588.0 ], [ 427550.0, 434588.0 ], [ 427550.0, 434587.75 ], [ 427551.0, 434587.75 ], [ 427551.0, 434587.5 ], [ 427552.25, 434587.5 ], [ 427552.25, 434587.25 ], [ 427555.25, 434587.25 ], [ 427555.25, 434587.0 ], [ 427557.25, 434587.0 ], [ 427557.25, 434586.75 ], [ 427559.0, 434586.75 ], [ 427559.0, 434586.5 ], [ 427560.5, 434586.5 ], [ 427560.5, 434586.25 ], [ 427562.0, 434586.25 ], [ 427562.0, 434586.0 ], [ 427563.0, 434586.0 ], [ 427563.0, 434585.75 ], [ 427564.5, 434585.75 ], [ 427564.5, 434585.5 ], [ 427565.5, 434585.5 ], [ 427565.5, 434585.25 ], [ 427566.25, 434585.25 ], [ 427566.25, 434585.0 ], [ 427567.0, 434585.0 ], [ 427567.0, 434584.75 ], [ 427568.0, 434584.75 ], [ 427568.0, 434584.5 ], [ 427569.25, 434584.5 ], [ 427569.25, 434584.25 ], [ 427573.0, 434584.25 ], [ 427573.0, 434584.5 ], [ 427573.75, 434584.5 ], [ 427573.75, 434584.75 ], [ 427574.25, 434584.75 ], [ 427574.25, 434585.0 ], [ 427574.5, 434585.0 ], [ 427574.5, 434585.25 ], [ 427574.75, 434585.25 ], [ 427574.75, 434585.5 ], [ 427575.0, 434585.5 ], [ 427575.0, 434586.0 ], [ 427575.25, 434586.0 ], [ 427575.25, 434586.5 ], [ 427575.5, 434586.5 ], [ 427575.5, 434586.75 ], [ 427575.25, 434586.75 ], [ 427575.25, 434589.0 ], [ 427575.0, 434589.0 ], [ 427575.0, 434589.5 ], [ 427574.75, 434589.5 ], [ 427574.75, 434589.75 ], [ 427574.5, 434589.75 ], [ 427574.5, 434590.0 ], [ 427574.25, 434590.0 ], [ 427574.25, 434590.25 ], [ 427574.0, 434590.25 ], [ 427574.0, 434590.5 ], [ 427573.75, 434590.5 ], [ 427573.75, 434590.75 ], [ 427573.0, 434590.75 ], [ 427573.0, 434591.0 ], [ 427572.75, 434591.0 ], [ 427572.75, 434591.25 ], [ 427572.5, 434591.25 ], [ 427572.5, 434591.5 ], [ 427572.0, 434591.5 ], [ 427572.0, 434591.75 ], [ 427571.5, 434591.75 ], [ 427571.5, 434592.0 ], [ 427571.0, 434592.0 ], [ 427571.0, 434592.25 ], [ 427570.75, 434592.25 ], [ 427570.75, 434592.5 ], [ 427570.25, 434592.5 ], [ 427570.25, 434592.75 ], [ 427569.5, 434592.75 ], [ 427569.5, 434593.0 ], [ 427569.0, 434593.0 ], [ 427569.0, 434593.25 ], [ 427568.25, 434593.25 ], [ 427568.25, 434593.5 ], [ 427567.5, 434593.5 ], [ 427567.5, 434593.75 ], [ 427566.75, 434593.75 ], [ 427566.75, 434594.0 ], [ 427566.25, 434594.0 ], [ 427566.25, 434594.25 ], [ 427565.75, 434594.25 ], [ 427565.75, 434594.5 ], [ 427565.25, 434594.5 ], [ 427565.25, 434594.75 ], [ 427564.75, 434594.75 ], [ 427564.75, 434595.0 ], [ 427564.0, 434595.0 ], [ 427564.0, 434595.25 ], [ 427563.5, 434595.25 ], [ 427563.5, 434595.5 ], [ 427562.75, 434595.5 ], [ 427562.75, 434595.75 ], [ 427562.0, 434595.75 ], [ 427562.0, 434596.0 ], [ 427561.25, 434596.0 ], [ 427561.25, 434596.25 ], [ 427560.5, 434596.25 ], [ 427560.5, 434596.5 ], [ 427559.5, 434596.5 ], [ 427559.5, 434596.75 ], [ 427558.75, 434596.75 ], [ 427558.75, 434597.0 ], [ 427557.75, 434597.0 ], [ 427557.75, 434597.25 ], [ 427557.0, 434597.25 ], [ 427557.0, 434597.5 ], [ 427556.0, 434597.5 ], [ 427556.0, 434597.75 ], [ 427555.25, 434597.75 ], [ 427555.25, 434598.0 ], [ 427554.5, 434598.0 ], [ 427554.5, 434598.25 ], [ 427553.75, 434598.25 ], [ 427553.75, 434598.5 ], [ 427553.0, 434598.5 ], [ 427553.0, 434598.75 ], [ 427552.5, 434598.75 ], [ 427552.5, 434599.0 ], [ 427552.0, 434599.0 ], [ 427552.0, 434599.25 ], [ 427551.25, 434599.25 ], [ 427551.25, 434599.5 ], [ 427550.75, 434599.5 ], [ 427550.75, 434599.75 ], [ 427550.0, 434599.75 ], [ 427550.0, 434600.0 ], [ 427548.75, 434600.0 ], [ 427548.75, 434600.25 ], [ 427548.0, 434600.25 ], [ 427548.0, 434600.5 ], [ 427547.25, 434600.5 ], [ 427547.25, 434600.75 ], [ 427546.0, 434600.75 ], [ 427546.0, 434601.0 ], [ 427545.0, 434601.0 ], [ 427545.0, 434601.25 ], [ 427544.25, 434601.25 ], [ 427544.25, 434601.5 ], [ 427543.5, 434601.5 ], [ 427543.5, 434601.75 ], [ 427542.25, 434601.75 ], [ 427542.25, 434602.0 ], [ 427541.5, 434602.0 ], [ 427541.5, 434602.25 ], [ 427540.5, 434602.25 ], [ 427540.5, 434602.5 ], [ 427539.0, 434602.5 ], [ 427539.0, 434602.75 ], [ 427538.25, 434602.75 ], [ 427538.25, 434603.0 ], [ 427537.75, 434603.0 ], [ 427537.75, 434603.25 ], [ 427537.25, 434603.25 ], [ 427537.25, 434603.5 ], [ 427537.0, 434603.5 ], [ 427537.0, 434603.75 ], [ 427536.5, 434603.75 ], [ 427536.5, 434604.0 ], [ 427536.0, 434604.0 ], [ 427536.0, 434604.25 ], [ 427535.75, 434604.25 ], [ 427535.75, 434604.5 ], [ 427535.25, 434604.5 ], [ 427535.25, 434604.75 ], [ 427534.75, 434604.75 ], [ 427534.75, 434605.0 ], [ 427534.0, 434605.0 ], [ 427534.0, 434605.25 ], [ 427533.25, 434605.25 ], [ 427533.25, 434605.5 ], [ 427532.25, 434605.5 ], [ 427532.25, 434605.75 ], [ 427531.25, 434605.75 ], [ 427531.25, 434606.0 ], [ 427530.5, 434606.0 ], [ 427530.5, 434606.25 ], [ 427530.0, 434606.25 ], [ 427530.0, 434606.5 ], [ 427529.25, 434606.5 ], [ 427529.25, 434606.75 ], [ 427528.5, 434606.75 ], [ 427528.5, 434607.0 ], [ 427528.0, 434607.0 ], [ 427528.0, 434607.25 ], [ 427527.5, 434607.25 ], [ 427527.5, 434607.5 ], [ 427526.75, 434607.5 ], [ 427526.75, 434607.75 ], [ 427526.0, 434607.75 ], [ 427526.0, 434608.0 ], [ 427525.5, 434608.0 ], [ 427525.5, 434608.25 ], [ 427525.0, 434608.25 ], [ 427525.0, 434608.5 ], [ 427524.25, 434608.5 ], [ 427524.25, 434608.75 ], [ 427523.25, 434608.75 ], [ 427523.25, 434609.0 ], [ 427522.5, 434609.0 ], [ 427522.5, 434609.25 ], [ 427521.75, 434609.25 ], [ 427521.75, 434609.5 ], [ 427521.25, 434609.5 ], [ 427521.25, 434609.75 ], [ 427520.5, 434609.75 ], [ 427520.5, 434610.0 ], [ 427520.0, 434610.0 ], [ 427520.0, 434610.25 ], [ 427519.75, 434610.25 ], [ 427519.75, 434610.5 ], [ 427519.25, 434610.5 ], [ 427519.25, 434610.75 ], [ 427518.75, 434610.75 ], [ 427518.75, 434611.0 ], [ 427518.0, 434611.0 ], [ 427518.0, 434611.25 ], [ 427517.5, 434611.25 ], [ 427517.5, 434611.5 ], [ 427517.0, 434611.5 ], [ 427517.0, 434611.75 ], [ 427516.0, 434611.75 ], [ 427516.0, 434612.0 ], [ 427515.0, 434612.0 ], [ 427515.0, 434612.25 ], [ 427514.75, 434612.25 ], [ 427514.75, 434612.5 ], [ 427513.5, 434612.5 ] ] ] } },
{ "type": "Feature", "properties": { }, "geometry": { "type": "Polygon", "coordinates": [ [ [ 427552.25, 434585.75 ], [ 427552.25, 434585.5 ], [ 427552.0, 434585.5 ], [ 427552.0, 434585.25 ], [ 427551.5, 434585.25 ], [ 427551.5, 434585.0 ], [ 427551.25, 434585.0 ], [ 427551.25, 434584.75 ], [ 427551.0, 434584.75 ], [ 427551.0, 434584.5 ], [ 427550.75, 434584.5 ], [ 427550.75, 434584.0 ], [ 427550.5, 434584.0 ], [ 427550.5, 434582.5 ], [ 427550.75, 434582.5 ], [ 427550.75, 434582.0 ], [ 427551.0, 434582.0 ], [ 427551.0, 434581.75 ], [ 427551.25, 434581.75 ], [ 427551.25, 434581.5 ], [ 427551.75, 434581.5 ], [ 427551.75, 434581.25 ], [ 427552.25, 434581.25 ], [ 427552.25, 434581.0 ], [ 427552.75, 434581.0 ], [ 427552.75, 434580.75 ], [ 427553.25, 434580.75 ], [ 427553.25, 434580.5 ], [ 427554.5, 434580.5 ], [ 427554.5, 434580.25 ], [ 427555.5, 434580.25 ], [ 427555.5, 434580.0 ], [ 427557.25, 434580.0 ], [ 427557.25, 434579.75 ], [ 427558.5, 434579.75 ], [ 427558.5, 434579.5 ], [ 427560.0, 434579.5 ], [ 427560.0, 434580.0 ], [ 427560.25, 434580.0 ], [ 427560.25, 434582.0 ], [ 427560.5, 434582.0 ], [ 427560.5, 434583.25 ], [ 427560.25, 434583.25 ], [ 427560.25, 434583.75 ], [ 427560.0, 434583.75 ], [ 427560.0, 434584.0 ], [ 427559.75, 434584.0 ], [ 427559.75, 434584.25 ], [ 427559.5, 434584.25 ], [ 427559.5, 434584.5 ], [ 427558.75, 434584.5 ], [ 427558.75, 434584.75 ], [ 427557.5, 434584.75 ], [ 427557.5, 434585.0 ], [ 427556.5, 434585.0 ], [ 427556.5, 434585.25 ], [ 427553.75, 434585.25 ], [ 427553.75, 434585.5 ], [ 427552.75, 434585.5 ], [ 427552.75, 434585.75 ], [ 427552.25, 434585.75 ] ] ] } },
{ "type": "Feature", "properties": { }, "geometry": { "type": "Polygon", "coordinates": [ [ [ 427358.25, 434579.25 ], [ 427358.25, 434579.0 ], [ 427357.75, 434579.0 ], [ 427357.75, 434578.75 ], [ 427357.5, 434578.75 ], [ 427357.5, 434578.5 ], [ 427357.75, 434578.5 ], [ 427357.75, 434578.25 ], [ 427358.25, 434578.25 ], [ 427358.25, 434578.0 ], [ 427358.75, 434578.0 ], [ 427358.75, 434578.25 ], [ 427359.25, 434578.25 ], [ 427359.25, 434578.75 ], [ 427359.0, 434578.75 ], [ 427359.0, 434579.0 ], [ 427358.75, 434579.0 ], [ 427358.75, 434579.25 ], [ 427358.25, 434579.25 ] ] ] } },
{ "type": "Feature", "properties": { }, "geometry": { "type": "Polygon", "coordinates": [ [ [ 427771.5, 434586.0 ], [ 427771.5, 434585.75 ], [ 427771.0, 434585.75 ], [ 427771.0, 434585.5 ], [ 427770.75, 434585.5 ], [ 427770.75, 434585.25 ], [ 427768.0, 434585.25 ], [ 427768.0, 434573.0 ], [ 427770.5, 434573.0 ], [ 427770.5, 434573.25 ], [ 427770.75, 434573.25 ], [ 427770.75, 434573.5 ], [ 427771.0, 434573.5 ], [ 427771.0, 434573.75 ], [ 427771.5, 434573.75 ], [ 427771.5, 434574.0 ], [ 427771.75, 434574.0 ], [ 427771.75, 434574.25 ], [ 427772.0, 434574.25 ], [ 427772.0, 434574.5 ], [ 427772.5, 434574.5 ], [ 427772.5, 434574.75 ], [ 427772.75, 434574.75 ], [ 427772.75, 434575.0 ], [ 427773.0, 434575.0 ], [ 427773.0, 434575.25 ], [ 427773.25, 434575.25 ], [ 427773.25, 434575.5 ], [ 427773.5, 434575.5 ], [ 427773.5, 434575.75 ], [ 427773.75, 434575.75 ], [ 427773.75, 434576.25 ], [ 427774.0, 434576.25 ], [ 427774.0, 434576.5 ], [ 427774.25, 434576.5 ], [ 427774.25, 434576.75 ], [ 427774.5, 434576.75 ], [ 427774.5, 434577.5 ], [ 427774.75, 434577.5 ], [ 427774.75, 434578.0 ], [ 427775.0, 434578.0 ], [ 427775.0, 434578.75 ], [ 427775.25, 434578.75 ], [ 427775.25, 434581.0 ], [ 427775.5, 434581.0 ], [ 427775.5, 434581.5 ], [ 427775.25, 434581.5 ], [ 427775.25, 434582.5 ], [ 427775.0, 434582.5 ], [ 427775.0, 434583.5 ], [ 427774.75, 434583.5 ], [ 427774.75, 434584.25 ], [ 427774.5, 434584.25 ], [ 427774.5, 434584.75 ], [ 427774.25, 434584.75 ], [ 427774.25, 434585.25 ], [ 427774.0, 434585.25 ], [ 427774.0, 434585.5 ], [ 427773.75, 434585.5 ], [ 427773.75, 434586.0 ], [ 427771.5, 434586.0 ] ] ] } },
{ "type": "Feature", "properties": { }, "geometry": { "type": "Polygon", "coordinates": [ [ [ 427678.25, 434583.75 ], [ 427678.25, 434583.5 ], [ 427677.75, 434583.5 ], [ 427677.75, 434583.25 ], [ 427677.25, 434583.25 ], [ 427677.25, 434583.0 ], [ 427677.0, 434583.0 ], [ 427677.0, 434582.75 ], [ 427676.75, 434582.75 ], [ 427676.75, 434582.5 ], [ 427676.5, 434582.5 ], [ 427676.5, 434581.75 ], [ 427676.25, 434581.75 ], [ 427676.25, 434580.75 ], [ 427676.0, 434580.75 ], [ 427676.0, 434580.0 ], [ 427675.75, 434580.0 ], [ 427675.75, 434579.0 ], [ 427675.5, 434579.0 ], [ 427675.5, 434578.5 ], [ 427675.25, 434578.5 ], [ 427675.25, 434578.25 ], [ 427675.0, 434578.25 ], [ 427675.0, 434578.0 ], [ 427674.75, 434578.0 ], [ 427674.75, 434577.75 ], [ 427674.5, 434577.75 ], [ 427674.5, 434577.5 ], [ 427674.25, 434577.5 ], [ 427674.25, 434577.25 ], [ 427674.0, 434577.25 ], [ 427674.0, 434576.75 ], [ 427673.75, 434576.75 ], [ 427673.75, 434576.5 ], [ 427673.5, 434576.5 ], [ 427673.5, 434575.75 ], [ 427673.25, 434575.75 ], [ 427673.25, 434575.0 ], [ 427673.0, 434575.0 ], [ 427673.0, 434572.0 ], [ 427673.25, 434572.0 ], [ 427673.25, 434570.5 ], [ 427673.5, 434570.5 ], [ 427673.5, 434570.0 ], [ 427673.75, 434570.0 ], [ 427673.75, 434569.75 ], [ 427674.25, 434569.75 ], [ 427674.25, 434569.5 ], [ 427676.75, 434569.5 ], [ 427676.75, 434569.75 ], [ 427677.25, 434569.75 ], [ 427677.25, 434570.25 ], [ 427677.5, 434570.25 ], [ 427677.5, 434570.75 ], [ 427677.75, 434570.75 ], [ 427677.75, 434571.25 ], [ 427678.0, 434571.25 ], [ 427678.0, 434571.75 ], [ 427677.75, 434571.75 ], [ 427677.75, 434572.5 ], [ 427677.5, 434572.5 ], [ 427677.5, 434572.75 ], [ 427677.25, 434572.75 ], [ 427677.25, 434573.25 ], [ 427677.0, 434573.25 ], [ 427677.0, 434574.25 ], [ 427677.25, 434574.25 ], [ 427677.25, 434574.75 ], [ 427677.5, 434574.75 ], [ 427677.5, 434575.0 ], [ 427677.75, 434575.0 ], [ 427677.75, 434575.25 ], [ 427678.0, 434575.25 ], [ 427678.0, 434576.0 ], [ 427678.25, 434576.0 ], [ 427678.25, 434576.75 ], [ 427678.5, 434576.75 ], [ 427678.5, 434577.0 ], [ 427678.75, 434577.0 ], [ 427678.75, 434577.5 ], [ 427679.0, 434577.5 ], [ 427679.0, 434578.0 ], [ 427679.25, 434578.0 ], [ 427679.25, 434578.5 ], [ 427679.5, 434578.5 ], [ 427679.5, 434578.75 ], [ 427679.75, 434578.75 ], [ 427679.75, 434579.0 ], [ 427680.0, 434579.0 ], [ 427680.0, 434579.25 ], [ 427680.25, 434579.25 ], [ 427680.25, 434579.5 ], [ 427680.5, 434579.5 ], [ 427680.5, 434579.75 ], [ 427681.0, 434579.75 ], [ 427681.0, 434580.0 ], [ 427681.25, 434580.0 ], [ 427681.25, 434580.25 ], [ 427681.5, 434580.25 ], [ 427681.5, 434580.75 ], [ 427681.75, 434580.75 ], [ 427681.75, 434581.0 ], [ 427682.0, 434581.0 ], [ 427682.0, 434581.25 ], [ 427682.5, 434581.25 ], [ 427682.5, 434581.5 ], [ 427682.75, 434581.5 ], [ 427682.75, 434582.0 ], [ 427683.0, 434582.0 ], [ 427683.0, 434582.5 ], [ 427682.5, 434582.5 ], [ 427682.5, 434582.75 ], [ 427681.75, 434582.75 ], [ 427681.75, 434583.0 ], [ 427680.75, 434583.0 ], [ 427680.75, 434583.25 ], [ 427680.0, 434583.25 ], [ 427680.0, 434583.5 ], [ 427679.0, 434583.5 ], [ 427679.0, 434583.75 ], [ 427678.25, 434583.75 ] ] ] } },
{ "type": "Feature", "properties": { }, "geometry": { "type": "Polygon", "coordinates": [ [ [ 427446.5, 434593.25 ], [ 427446.5, 434593.0 ], [ 427445.75, 434593.0 ], [ 427445.75, 434592.75 ], [ 427445.25, 434592.75 ], [ 427445.25, 434592.5 ], [ 427445.0, 434592.5 ], [ 427445.0, 434592.25 ], [ 427444.75, 434592.25 ], [ 427444.75, 434592.0 ], [ 427444.5, 434592.0 ], [ 427444.5, 434591.75 ], [ 427444.25, 434591.75 ], [ 427444.25, 434591.25 ], [ 427444.0, 434591.25 ], [ 427444.0, 434591.0 ], [ 427443.75, 434591.0 ], [ 427443.75, 434590.75 ], [ 427443.5, 434590.75 ], [ 427443.5, 434590.25 ], [ 427443.25, 434590.25 ], [ 427443.25, 434589.75 ], [ 427443.0, 434589.75 ], [ 427443.0, 434589.25 ], [ 427442.75, 434589.25 ], [ 427442.75, 434589.0 ], [ 427442.5, 434589.0 ], [ 427442.5, 434588.75 ], [ 427442.25, 434588.75 ], [ 427442.25, 434588.5 ], [ 427441.75, 434588.5 ], [ 427441.75, 434588.25 ], [ 427441.25, 434588.25 ], [ 427441.25, 434588.0 ], [ 427440.5, 434588.0 ], [ 427440.5, 434587.75 ], [ 427440.25, 434587.75 ], [ 427440.25, 434587.5 ], [ 427440.0, 434587.5 ], [ 427440.0, 434587.25 ], [ 427439.75, 434587.25 ], [ 427439.75, 434587.0 ], [ 427439.25, 434587.0 ], [ 427439.25, 434586.75 ], [ 427439.0, 434586.75 ], [ 427439.0, 434586.5 ], [ 427438.75, 434586.5 ], [ 427438.75, 434586.25 ], [ 427438.25, 434586.25 ], [ 427438.25, 434586.5 ], [ 427437.75, 434586.5 ], [ 427437.75, 434586.75 ], [ 427437.5, 434586.75 ], [ 427437.5, 434587.25 ], [ 427437.25, 434587.25 ], [ 427437.25, 434587.75 ], [ 427437.0, 434587.75 ], [ 427437.0, 434588.25 ], [ 427436.75, 434588.25 ], [ 427436.75, 434588.75 ], [ 427436.5, 434588.75 ], [ 427436.5, 434589.0 ], [ 427436.25, 434589.0 ], [ 427436.25, 434589.25 ], [ 427436.0, 434589.25 ], [ 427436.0, 434589.5 ], [ 427435.75, 434589.5 ], [ 427435.75, 434590.25 ], [ 427435.5, 434590.25 ], [ 427435.5, 434591.0 ], [ 427435.25, 434591.0 ], [ 427435.25, 434591.25 ], [ 427434.75, 434591.25 ], [ 427434.75, 434591.5 ], [ 427433.5, 434591.5 ], [ 427433.5, 434591.75 ], [ 427432.0, 434591.75 ], [ 427432.0, 434591.5 ], [ 427430.25, 434591.5 ], [ 427430.25, 434591.25 ], [ 427430.0, 434591.25 ], [ 427430.0, 434591.0 ], [ 427429.5, 434591.0 ], [ 427429.5, 434590.75 ], [ 427429.25, 434590.75 ], [ 427429.25, 434590.5 ], [ 427428.75, 434590.5 ], [ 427428.75, 434590.25 ], [ 427428.5, 434590.25 ], [ 427428.5, 434590.0 ], [ 427428.0, 434590.0 ], [ 427428.0, 434589.75 ], [ 427427.5, 434589.75 ], [ 427427.5, 434589.5 ], [ 427427.0, 434589.5 ], [ 427427.0, 434589.25 ], [ 427426.75, 434589.25 ], [ 427426.75, 434589.0 ], [ 427426.5, 434589.0 ], [ 427426.5, 434588.75 ], [ 427426.0, 434588.75 ], [ 427426.0, 434588.5 ], [ 427425.5, 434588.5 ], [ 427425.5, 434588.25 ], [ 427425.25, 434588.25 ], [ 427425.25, 434588.0 ], [ 427425.0, 434588.0 ], [ 427425.0, 434587.5 ], [ 427424.5, 434587.5 ], [ 427424.5, 434587.25 ], [ 427424.0, 434587.25 ], [ 427424.0, 434587.0 ], [ 427423.75, 434587.0 ], [ 427423.75, 434586.75 ], [ 427423.25, 434586.75 ], [ 427423.25, 434586.5 ], [ 427422.75, 434586.5 ], [ 427422.75, 434586.25 ], [ 427422.5, 434586.25 ], [ 427422.5, 434586.0 ], [ 427422.0, 434586.0 ], [ 427422.0, 434585.75 ], [ 427421.75, 434585.75 ], [ 427421.75, 434585.5 ], [ 427421.5, 434585.5 ], [ 427421.5, 434585.0 ], [ 427421.25, 434585.0 ], [ 427421.25, 434584.25 ], [ 427421.0, 434584.25 ], [ 427421.0, 434583.5 ], [ 427420.75, 434583.5 ], [ 427420.75, 434583.0 ], [ 427420.5, 434583.0 ], [ 427420.5, 434582.5 ], [ 427420.25, 434582.5 ], [ 427420.25, 434582.25 ], [ 427420.0, 434582.25 ], [ 427420.0, 434581.25 ], [ 427419.75, 434581.25 ], [ 427419.75, 434580.75 ], [ 427419.5, 434580.75 ], [ 427419.5, 434580.25 ], [ 427419.25, 434580.25 ], [ 427419.25, 434580.0 ], [ 427419.0, 434580.0 ], [ 427419.0, 434579.75 ], [ 427418.75, 434579.75 ], [ 427418.75, 434579.25 ], [ 427418.5, 434579.25 ], [ 427418.5, 434578.25 ], [ 427419.0, 434578.25 ], [ 427419.0, 434578.0 ], [ 427419.5, 434578.0 ], [ 427419.5, 434577.75 ], [ 427420.25, 434577.75 ], [ 427420.25, 434577.5 ], [ 427420.75, 434577.5 ], [ 427420.75, 434577.0 ], [ 427421.0, 434577.0 ], [ 427421.0, 434576.75 ], [ 427421.25, 434576.75 ], [ 427421.25, 434576.5 ], [ 427421.5, 434576.5 ], [ 427421.5, 434576.25 ], [ 427422.25, 434576.25 ], [ 427422.25, 434576.0 ], [ 427423.0, 434576.0 ], [ 427423.0, 434575.75 ], [ 427423.25, 434575.75 ], [ 427423.25, 434575.25 ], [ 427423.5, 434575.25 ], [ 427423.5, 434574.75 ], [ 427423.75, 434574.75 ], [ 427423.75, 434574.5 ], [ 427424.0, 434574.5 ], [ 427424.0, 434574.25 ], [ 427424.5, 434574.25 ], [ 427424.5, 434574.0 ], [ 427425.75, 434574.0 ], [ 427425.75, 434573.75 ], [ 427426.0, 434573.75 ], [ 427426.0, 434573.5 ], [ 427426.5, 434573.5 ], [ 427426.5, 434573.25 ], [ 427428.0, 434573.25 ], [ 427428.0, 434573.0 ], [ 427429.25, 434573.0 ], [ 427429.25, 434572.75 ], [ 427430.25, 434572.75 ], [ 427430.25, 434572.5 ], [ 427432.25, 434572.5 ], [ 427432.25, 434572.25 ], [ 427435.25, 434572.25 ], [ 427435.25, 434572.0 ], [ 427436.0, 434572.0 ], [ 427436.0, 434571.75 ], [ 427436.75, 434571.75 ], [ 427436.75, 434571.5 ], [ 427438.25, 434571.5 ], [ 427438.25, 434571.25 ], [ 427440.0, 434571.25 ], [ 427440.0, 434571.0 ], [ 427441.5, 434571.0 ], [ 427441.5, 434570.75 ], [ 427442.25, 434570.75 ], [ 427442.25, 434570.5 ], [ 427443.0, 434570.5 ], [ 427443.0, 434570.25 ], [ 427443.75, 434570.25 ], [ 427443.75, 434570.0 ], [ 427444.25, 434570.0 ], [ 427444.25, 434569.75 ], [ 427445.0, 434569.75 ], [ 427445.0, 434569.5 ], [ 427445.75, 434569.5 ], [ 427445.75, 434569.25 ], [ 427447.0, 434569.25 ], [ 427447.0, 434569.0 ], [ 427448.5, 434569.0 ], [ 427448.5, 434568.75 ], [ 427449.75, 434568.75 ], [ 427449.75, 434568.5 ], [ 427451.5, 434568.5 ], [ 427451.5, 434568.25 ], [ 427454.25, 434568.25 ], [ 427454.25, 434568.5 ], [ 427454.75, 434568.5 ], [ 427454.75, 434568.75 ], [ 427455.25, 434568.75 ], [ 427455.25, 434569.0 ], [ 427455.75, 434569.0 ], [ 427455.75, 434569.25 ], [ 427456.0, 434569.25 ], [ 427456.0, 434569.5 ], [ 427456.25, 434569.5 ], [ 427456.25, 434569.75 ], [ 427456.5, 434569.75 ], [ 427456.5, 434570.0 ], [ 427456.75, 434570.0 ], [ 427456.75, 434570.25 ], [ 427457.0, 434570.25 ], [ 427457.0, 434570.75 ], [ 427457.25, 434570.75 ], [ 427457.25, 434571.25 ], [ 427457.5, 434571.25 ], [ 427457.5, 434571.75 ], [ 427457.75, 434571.75 ], [ 427457.75, 434572.5 ], [ 427458.0, 434572.5 ], [ 427458.0, 434574.75 ], [ 427458.25, 434574.75 ], [ 427458.25, 434575.0 ], [ 427458.5, 434575.0 ], [ 427458.5, 434575.5 ], [ 427458.75, 434575.5 ], [ 427458.75, 434576.25 ], [ 427459.0, 434576.25 ], [ 427459.0, 434576.75 ], [ 427459.25, 434576.75 ], [ 427459.25, 434577.75 ], [ 427459.5, 434577.75 ], [ 427459.5, 434578.25 ], [ 427459.75, 434578.25 ], [ 427459.75, 434579.0 ], [ 427460.0, 434579.0 ], [ 427460.0, 434580.0 ], [ 427460.25, 434580.0 ], [ 427460.25, 434581.0 ], [ 427460.5, 434581.0 ], [ 427460.5, 434582.0 ], [ 427460.75, 434582.0 ], [ 427460.75, 434583.0 ], [ 427461.0, 434583.0 ], [ 427461.0, 434584.0 ], [ 427461.25, 434584.0 ], [ 427461.25, 434584.75 ], [ 427461.5, 434584.75 ], [ 427461.5, 434586.0 ], [ 427461.25, 434586.0 ], [ 427461.25, 434586.5 ], [ 427461.0, 434586.5 ], [ 427461.0, 434586.75 ], [ 427460.75, 434586.75 ], [ 427460.75, 434587.0 ], [ 427460.5, 434587.0 ], [ 427460.5, 434587.5 ], [ 427460.0, 434587.5 ], [ 427460.0, 434587.75 ], [ 427459.75, 434587.75 ], [ 427459.75, 434588.0 ], [ 427459.25, 434588.0 ], [ 427459.25, 434588.25 ], [ 427459.0, 434588.25 ], [ 427459.0, 434588.5 ], [ 427458.5, 434588.5 ], [ 427458.5, 434588.75 ], [ 427457.75, 434588.75 ], [ 427457.75, 434589.0 ], [ 427457.25, 434589.0 ], [ 427457.25, 434589.25 ], [ 427456.5, 434589.25 ], [ 427456.5, 434589.5 ], [ 427456.0, 434589.5 ], [ 427456.0, 434589.75 ], [ 427455.5, 434589.75 ], [ 427455.5, 434590.0 ], [ 427455.0, 434590.0 ], [ 427455.0, 434590.25 ], [ 427454.75, 434590.25 ], [ 427454.75, 434590.5 ], [ 427454.25, 434590.5 ], [ 427454.25, 434590.75 ], [ 427453.5, 434590.75 ], [ 427453.5, 434591.0 ], [ 427453.0, 434591.0 ], [ 427453.0, 434591.25 ], [ 427452.75, 434591.25 ], [ 427452.75, 434591.5 ], [ 427452.25, 434591.5 ], [ 427452.25, 434591.75 ], [ 427451.75, 434591.75 ], [ 427451.75, 434592.0 ], [ 427451.0, 434592.0 ], [ 427451.0, 434592.25 ], [ 427450.75, 434592.25 ], [ 427450.75, 434592.5 ], [ 427449.5, 434592.5 ], [ 427449.5, 434592.75 ], [ 427448.25, 434592.75 ], [ 427448.25, 434593.0 ], [ 427446.75, 434593.0 ], [ 427446.75, 434593.25 ], [ 427446.5, 434593.25 ] ] ] } },
{ "type": "Feature", "properties": { }, "geometry": { "type": "Polygon", "coordinates": [ [ [ 427710.0, 434576.0 ], [ 427710.0, 434575.75 ], [ 427709.75, 434575.75 ], [ 427709.75, 434575.5 ], [ 427709.5, 434575.5 ], [ 427709.5, 434575.25 ], [ 427709.25, 434575.25 ], [ 427709.25, 434575.0 ], [ 427709.0, 434575.0 ], [ 427709.0, 434574.75 ], [ 427708.75, 434574.75 ], [ 427708.75, 434574.5 ], [ 427708.5, 434574.5 ], [ 427708.5, 434574.25 ], [ 427708.25, 434574.25 ], [ 427708.25, 434573.75 ], [ 427708.0, 434573.75 ], [ 427708.0, 434573.5 ], [ 427707.75, 434573.5 ], [ 427707.75, 434573.0 ], [ 427707.5, 434573.0 ], [ 427707.5, 434572.75 ], [ 427707.25, 434572.75 ], [ 427707.25, 434572.25 ], [ 427707.0, 434572.25 ], [ 427707.0, 434572.0 ], [ 427706.75, 434572.0 ], [ 427706.75, 434571.75 ], [ 427706.5, 434571.75 ], [ 427706.5, 434571.5 ], [ 427706.25, 434571.5 ], [ 427706.25, 434571.25 ], [ 427706.0, 434571.25 ], [ 427706.0, 434571.0 ], [ 427705.75, 434571.0 ], [ 427705.75, 434570.75 ], [ 427704.5, 434570.75 ], [ 427704.5, 434570.5 ], [ 427703.0, 434570.5 ], [ 427703.0, 434570.25 ], [ 427702.25, 434570.25 ], [ 427702.25, 434570.5 ], [ 427701.75, 434570.5 ], [ 427701.75, 434570.75 ], [ 427701.0, 434570.75 ], [ 427701.0, 434571.0 ], [ 427700.75, 434571.0 ], [ 427700.75, 434571.25 ], [ 427700.0, 434571.25 ], [ 427700.0, 434571.5 ], [ 427699.0, 434571.5 ], [ 427699.0, 434571.75 ], [ 427698.25, 434571.75 ], [ 427698.25, 434572.0 ], [ 427697.75, 434572.0 ], [ 427697.75, 434572.25 ], [ 427696.75, 434572.25 ], [ 427696.75, 434572.5 ], [ 427695.75, 434572.5 ], [ 427695.75, 434572.75 ], [ 427695.0, 434572.75 ], [ 427695.0, 434573.0 ], [ 427694.75, 434573.0 ], [ 427694.75, 434573.25 ], [ 427694.25, 434573.25 ], [ 427694.25, 434573.5 ], [ 427693.75, 434573.5 ], [ 427693.75, 434573.75 ], [ 427692.75, 434573.75 ], [ 427692.75, 434574.0 ], [ 427691.75, 434574.0 ], [ 427691.75, 434574.25 ], [ 427691.25, 434574.25 ], [ 427691.25, 434574.5 ], [ 427690.75, 434574.5 ], [ 427690.75, 434574.75 ], [ 427690.25, 434574.75 ], [ 427690.25, 434574.5 ], [ 427690.0, 434574.5 ], [ 427690.0, 434574.25 ], [ 427689.75, 434574.25 ], [ 427689.75, 434573.75 ], [ 427689.5, 434573.75 ], [ 427689.5, 434573.25 ], [ 427689.75, 434573.25 ], [ 427689.75, 434573.0 ], [ 427690.25, 434573.0 ], [ 427690.25, 434572.75 ], [ 427690.5, 434572.75 ], [ 427690.5, 434572.0 ], [ 427690.25, 434572.0 ], [ 427690.25, 434571.0 ], [ 427690.5, 434571.0 ], [ 427690.5, 434570.25 ], [ 427690.75, 434570.25 ], [ 427690.75, 434570.0 ], [ 427691.0, 434570.0 ], [ 427691.0, 434569.75 ], [ 427691.25, 434569.75 ], [ 427691.25, 434568.5 ], [ 427691.0, 434568.5 ], [ 427691.0, 434568.0 ], [ 427690.75, 434568.0 ], [ 427690.75, 434567.25 ], [ 427691.0, 434567.25 ], [ 427691.0, 434566.75 ], [ 427691.5, 434566.75 ], [ 427691.5, 434566.5 ], [ 427692.5, 434566.5 ], [ 427692.5, 434566.75 ], [ 427692.75, 434566.75 ], [ 427692.75, 434567.25 ], [ 427693.25, 434567.25 ], [ 427693.25, 434567.5 ], [ 427694.0, 434567.5 ], [ 427694.0, 434567.25 ], [ 427694.75, 434567.25 ], [ 427694.75, 434567.5 ], [ 427695.25, 434567.5 ], [ 427695.25, 434568.0 ], [ 427695.5, 434568.0 ], [ 427695.5, 434567.75 ], [ 427697.75, 434567.75 ], [ 427697.75, 434567.5 ], [ 427699.0, 434567.5 ], [ 427699.0, 434567.25 ], [ 427700.25, 434567.25 ], [ 427700.25, 434567.0 ], [ 427700.75, 434567.0 ], [ 427700.75, 434567.25 ], [ 427701.25, 434567.25 ], [ 427701.25, 434567.5 ], [ 427701.5, 434567.5 ], [ 427701.5, 434567.75 ], [ 427702.75, 434567.75 ], [ 427702.75, 434567.25 ], [ 427703.0, 434567.25 ], [ 427703.0, 434566.5 ], [ 427703.25, 434566.5 ], [ 427703.25, 434566.0 ], [ 427703.5, 434566.0 ], [ 427703.5, 434565.5 ], [ 427703.75, 434565.5 ], [ 427703.75, 434565.25 ], [ 427704.25, 434565.25 ], [ 427704.25, 434565.0 ], [ 427704.5, 434565.0 ], [ 427704.5, 434564.75 ], [ 427705.25, 434564.75 ], [ 427705.25, 434564.5 ], [ 427705.75, 434564.5 ], [ 427705.75, 434564.25 ], [ 427706.25, 434564.25 ], [ 427706.25, 434564.0 ], [ 427707.0, 434564.0 ], [ 427707.0, 434563.75 ], [ 427707.5, 434563.75 ], [ 427707.5, 434563.5 ], [ 427708.5, 434563.5 ], [ 427708.5, 434563.25 ], [ 427709.75, 434563.25 ], [ 427709.75, 434563.0 ], [ 427711.75, 434563.0 ], [ 427711.75, 434562.75 ], [ 427712.0, 434562.75 ], [ 427712.0, 434562.5 ], [ 427712.5, 434562.5 ], [ 427712.5, 434562.25 ], [ 427715.0, 434562.25 ], [ 427715.0, 434562.0 ], [ 427715.75, 434562.0 ], [ 427715.75, 434562.25 ], [ 427717.0, 434562.25 ], [ 427717.0, 434562.5 ], [ 427717.75, 434562.5 ], [ 427717.75, 434562.25 ], [ 427718.5, 434562.25 ], [ 427718.5, 434562.0 ], [ 427718.75, 434562.0 ], [ 427718.75, 434561.75 ], [ 427719.0, 434561.75 ], [ 427719.0, 434561.5 ], [ 427719.5, 434561.5 ], [ 427719.5, 434561.25 ], [ 427720.0, 434561.25 ], [ 427720.0, 434561.0 ], [ 427720.75, 434561.0 ], [ 427720.75, 434560.75 ], [ 427722.5, 434560.75 ], [ 427722.5, 434561.0 ], [ 427722.75, 434561.0 ], [ 427722.75, 434561.25 ], [ 427723.0, 434561.25 ], [ 427723.0, 434561.75 ], [ 427723.25, 434561.75 ], [ 427723.25, 434562.25 ], [ 427723.5, 434562.25 ], [ 427723.5, 434562.5 ], [ 427723.75, 434562.5 ], [ 427723.75, 434562.75 ], [ 427724.0, 434562.75 ], [ 427724.0, 434563.0 ], [ 427724.25, 434563.0 ], [ 427724.25, 434563.5 ], [ 427724.5, 434563.5 ], [ 427724.5, 434564.0 ], [ 427724.75, 434564.0 ], [ 427724.75, 434564.25 ], [ 427725.0, 434564.25 ], [ 427725.0, 434564.75 ], [ 427725.25, 434564.75 ], [ 427725.25, 434565.0 ], [ 427725.5, 434565.0 ], [ 427725.5, 434565.5 ], [ 427725.75, 434565.5 ], [ 427725.75, 434566.0 ], [ 427726.0, 434566.0 ], [ 427726.0, 434566.25 ], [ 427726.25, 434566.25 ], [ 427726.25, 434567.0 ], [ 427726.5, 434567.0 ], [ 427726.5, 434567.5 ], [ 427726.75, 434567.5 ], [ 427726.75, 434568.25 ], [ 427727.0, 434568.25 ], [ 427727.0, 434569.25 ], [ 427727.25, 434569.25 ], [ 427727.25, 434570.5 ], [ 427727.0, 434570.5 ], [ 427727.0, 434571.25 ], [ 427726.75, 434571.25 ], [ 427726.75, 434572.0 ], [ 427726.5, 434572.0 ], [ 427726.5, 434572.5 ], [ 427726.0, 434572.5 ], [ 427726.0, 434572.75 ], [ 427725.75, 434572.75 ], [ 427725.75, 434573.0 ], [ 427725.5, 434573.0 ], [ 427725.5, 434573.25 ], [ 427725.0, 434573.25 ], [ 427725.0, 434573.5 ], [ 427724.5, 434573.5 ], [ 427724.5, 434573.75 ], [ 427724.0, 434573.75 ], [ 427724.0, 434574.0 ], [ 427723.25, 434574.0 ], [ 427723.25, 434574.25 ], [ 427722.75, 434574.25 ], [ 427722.75, 434574.5 ], [ 427721.75, 434574.5 ], [ 427721.75, 434574.75 ], [ 427720.25, 434574.75 ], [ 427720.25, 434575.0 ], [ 427718.0, 434575.0 ], [ 427718.0, 434575.25 ], [ 427716.75, 434575.25 ], [ 427716.75, 434575.5 ], [ 427715.5, 434575.5 ], [ 427715.5, 434575.75 ], [ 427713.25, 434575.75 ], [ 427713.25, 434576.0 ], [ 427710.0, 434576.0 ] ], [ [ 427694.25, 434568.75 ], [ 427694.75, 434568.75 ], [ 427694.75, 434568.5 ], [ 427695.0, 434568.5 ], [ 427695.0, 434568.25 ], [ 427694.75, 434568.25 ], [ 427694.75, 434568.0 ], [ 427694.25, 434568.0 ], [ 427694.25, 434568.25 ], [ 427693.75, 434568.25 ], [ 427693.75, 434568.5 ], [ 427694.25, 434568.5 ], [ 427694.25, 434568.75 ] ] ] } },
{ "type": "Feature", "properties": { }, "geometry": { "type": "Polygon", "coordinates": [ [ [ 427596.25, 434582.5 ], [ 427596.25, 434582.25 ], [ 427595.5, 434582.25 ], [ 427595.5, 434582.0 ], [ 427595.0, 434582.0 ], [ 427595.0, 434581.75 ], [ 427594.5, 434581.75 ], [ 427594.5, 434581.5 ], [ 427594.25, 434581.5 ], [ 427594.25, 434581.25 ], [ 427594.0, 434581.25 ], [ 427594.0, 434581.0 ], [ 427593.75, 434581.0 ], [ 427593.75, 434580.75 ], [ 427593.5, 434580.75 ], [ 427593.5, 434580.5 ], [ 427593.25, 434580.5 ], [ 427593.25, 434580.25 ], [ 427593.0, 434580.25 ], [ 427593.0, 434579.75 ], [ 427592.75, 434579.75 ], [ 427592.75, 434579.25 ], [ 427592.5, 434579.25 ], [ 427592.5, 434578.75 ], [ 427592.25, 434578.75 ], [ 427592.25, 434578.25 ], [ 427592.0, 434578.25 ], [ 427592.0, 434577.5 ], [ 427591.75, 434577.5 ], [ 427591.75, 434576.25 ], [ 427591.5, 434576.25 ], [ 427591.5, 434575.5 ], [ 427591.25, 434575.5 ], [ 427591.25, 434574.25 ], [ 427591.0, 434574.25 ], [ 427591.0, 434573.5 ], [ 427590.75, 434573.5 ], [ 427590.75, 434572.5 ], [ 427590.5, 434572.5 ], [ 427590.5, 434571.0 ], [ 427590.75, 434571.0 ], [ 427590.75, 434570.25 ], [ 427591.0, 434570.25 ], [ 427591.0, 434569.75 ], [ 427591.25, 434569.75 ], [ 427591.25, 434569.5 ], [ 427591.5, 434569.5 ], [ 427591.5, 434569.25 ], [ 427591.75, 434569.25 ], [ 427591.75, 434568.75 ], [ 427592.0, 434568.75 ], [ 427592.0, 434568.5 ], [ 427592.25, 434568.5 ], [ 427592.25, 434568.25 ], [ 427592.5, 434568.25 ], [ 427592.5, 434568.0 ], [ 427592.75, 434568.0 ], [ 427592.75, 434567.5 ], [ 427593.0, 434567.5 ], [ 427593.0, 434567.25 ], [ 427593.25, 434567.25 ], [ 427593.25, 434567.0 ], [ 427593.5, 434567.0 ], [ 427593.5, 434566.75 ], [ 427593.75, 434566.75 ], [ 427593.75, 434566.5 ], [ 427594.0, 434566.5 ], [ 427594.0, 434566.25 ], [ 427594.5, 434566.25 ], [ 427594.5, 434566.0 ], [ 427594.75, 434566.0 ], [ 427594.75, 434565.75 ], [ 427595.25, 434565.75 ], [ 427595.25, 434565.5 ], [ 427595.75, 434565.5 ], [ 427595.75, 434565.25 ], [ 427596.25, 434565.25 ], [ 427596.25, 434565.0 ], [ 427597.0, 434565.0 ], [ 427597.0, 434564.75 ], [ 427597.5, 434564.75 ], [ 427597.5, 434564.5 ], [ 427598.0, 434564.5 ], [ 427598.0, 434564.25 ], [ 427598.75, 434564.25 ], [ 427598.75, 434564.0 ], [ 427599.0, 434564.0 ], [ 427599.0, 434563.75 ], [ 427599.5, 434563.75 ], [ 427599.5, 434563.5 ], [ 427600.0, 434563.5 ], [ 427600.0, 434563.25 ], [ 427600.5, 434563.25 ], [ 427600.5, 434563.0 ], [ 427600.75, 434563.0 ], [ 427600.75, 434562.75 ], [ 427601.0, 434562.75 ], [ 427601.0, 434562.5 ], [ 427601.25, 434562.5 ], [ 427601.25, 434560.0 ], [ 427601.5, 434560.0 ], [ 427601.5, 434558.5 ], [ 427601.75, 434558.5 ], [ 427601.75, 434558.0 ], [ 427601.5, 434558.0 ], [ 427601.5, 434556.75 ], [ 427601.25, 434556.75 ], [ 427601.25, 434555.5 ], [ 427601.0, 434555.5 ], [ 427601.0, 434551.5 ], [ 427600.75, 434551.5 ], [ 427600.75, 434549.75 ], [ 427601.0, 434549.75 ], [ 427601.0, 434549.0 ], [ 427601.25, 434549.0 ], [ 427601.25, 434548.5 ], [ 427601.5, 434548.5 ], [ 427601.5, 434547.5 ], [ 427601.75, 434547.5 ], [ 427601.75, 434547.25 ], [ 427602.0, 434547.25 ], [ 427602.0, 434546.75 ], [ 427602.25, 434546.75 ], [ 427602.25, 434546.5 ], [ 427602.5, 434546.5 ], [ 427602.5, 434546.0 ], [ 427602.75, 434546.0 ], [ 427602.75, 434545.75 ], [ 427603.0, 434545.75 ], [ 427603.0, 434545.5 ], [ 427603.25, 434545.5 ], [ 427603.25, 434545.25 ], [ 427603.5, 434545.25 ], [ 427603.5, 434545.0 ], [ 427603.75, 434545.0 ], [ 427603.75, 434544.75 ], [ 427604.25, 434544.75 ], [ 427604.25, 434544.5 ], [ 427604.5, 434544.5 ], [ 427604.5, 434544.25 ], [ 427604.75, 434544.25 ], [ 427604.75, 434544.0 ], [ 427605.0, 434544.0 ], [ 427605.0, 434543.75 ], [ 427605.25, 434543.75 ], [ 427605.25, 434543.5 ], [ 427605.75, 434543.5 ], [ 427605.75, 434543.25 ], [ 427606.5, 434543.25 ], [ 427606.5, 434543.0 ], [ 427607.25, 434543.0 ], [ 427607.25, 434542.75 ], [ 427609.0, 434542.75 ], [ 427609.0, 434542.5 ], [ 427610.25, 434542.5 ], [ 427610.25, 434542.25 ], [ 427611.25, 434542.25 ], [ 427611.25, 434542.0 ], [ 427614.75, 434542.0 ], [ 427614.75, 434541.75 ], [ 427615.25, 434541.75 ], [ 427615.25, 434541.5 ], [ 427615.75, 434541.5 ], [ 427615.75, 434541.25 ], [ 427616.5, 434541.25 ], [ 427616.5, 434541.0 ], [ 427617.0, 434541.0 ], [ 427617.0, 434540.75 ], [ 427622.25, 434540.75 ], [ 427622.25, 434541.0 ], [ 427623.5, 434541.0 ], [ 427623.5, 434541.25 ], [ 427624.0, 434541.25 ], [ 427624.0, 434541.5 ], [ 427624.5, 434541.5 ], [ 427624.5, 434541.75 ], [ 427625.0, 434541.75 ], [ 427625.0, 434542.0 ], [ 427625.25, 434542.0 ], [ 427625.25, 434542.25 ], [ 427626.0, 434542.25 ], [ 427626.0, 434542.5 ], [ 427627.0, 434542.5 ], [ 427627.0, 434542.75 ], [ 427628.0, 434542.75 ], [ 427628.0, 434543.0 ], [ 427628.5, 434543.0 ], [ 427628.5, 434543.25 ], [ 427629.25, 434543.25 ], [ 427629.25, 434543.5 ], [ 427630.0, 434543.5 ], [ 427630.0, 434543.75 ], [ 427630.5, 434543.75 ], [ 427630.5, 434544.0 ], [ 427631.25, 434544.0 ], [ 427631.25, 434544.25 ], [ 427631.75, 434544.25 ], [ 427631.75, 434544.5 ], [ 427632.25, 434544.5 ], [ 427632.25, 434544.75 ], [ 427632.5, 434544.75 ], [ 427632.5, 434545.0 ], [ 427632.75, 434545.0 ], [ 427632.75, 434545.25 ], [ 427633.0, 434545.25 ], [ 427633.0, 434545.5 ], [ 427633.25, 434545.5 ], [ 427633.25, 434545.75 ], [ 427633.5, 434545.75 ], [ 427633.5, 434546.0 ], [ 427633.75, 434546.0 ], [ 427633.75, 434546.25 ], [ 427634.0, 434546.25 ], [ 427634.0, 434546.5 ], [ 427634.25, 434546.5 ], [ 427634.25, 434546.75 ], [ 427634.5, 434546.75 ], [ 427634.5, 434547.0 ], [ 427634.75, 434547.0 ], [ 427634.75, 434547.25 ], [ 427635.0, 434547.25 ], [ 427635.0, 434547.75 ], [ 427635.25, 434547.75 ], [ 427635.25, 434548.25 ], [ 427635.5, 434548.25 ], [ 427635.5, 434548.75 ], [ 427635.75, 434548.75 ], [ 427635.75, 434549.25 ], [ 427636.0, 434549.25 ], [ 427636.0, 434549.5 ], [ 427636.25, 434549.5 ], [ 427636.25, 434550.25 ], [ 427636.5, 434550.25 ], [ 427636.5, 434551.5 ], [ 427636.75, 434551.5 ], [ 427636.75, 434552.25 ], [ 427637.0, 434552.25 ], [ 427637.0, 434553.25 ], [ 427637.25, 434553.25 ], [ 427637.25, 434555.5 ], [ 427637.0, 434555.5 ], [ 427637.0, 434556.5 ], [ 427636.75, 434556.5 ], [ 427636.75, 434557.5 ], [ 427636.5, 434557.5 ], [ 427636.5, 434558.75 ], [ 427636.75, 434558.75 ], [ 427636.75, 434559.75 ], [ 427637.0, 434559.75 ], [ 427637.0, 434560.75 ], [ 427637.25, 434560.75 ], [ 427637.25, 434561.5 ], [ 427637.5, 434561.5 ], [ 427637.5, 434562.0 ], [ 427637.75, 434562.0 ], [ 427637.75, 434562.75 ], [ 427638.0, 434562.75 ], [ 427638.0, 434565.5 ], [ 427637.75, 434565.5 ], [ 427637.75, 434566.5 ], [ 427637.5, 434566.5 ], [ 427637.5, 434567.0 ], [ 427637.25, 434567.0 ], [ 427637.25, 434567.25 ], [ 427637.0, 434567.25 ], [ 427637.0, 434567.75 ], [ 427636.75, 434567.75 ], [ 427636.75, 434568.0 ], [ 427636.5, 434568.0 ], [ 427636.5, 434568.25 ], [ 427636.25, 434568.25 ], [ 427636.25, 434568.5 ], [ 427636.0, 434568.5 ], [ 427636.0, 434568.75 ], [ 427635.5, 434568.75 ], [ 427635.5, 434569.0 ], [ 427635.0, 434569.0 ], [ 427635.0, 434569.25 ], [ 427634.75, 434569.25 ], [ 427634.75, 434569.5 ], [ 427634.25, 434569.5 ], [ 427634.25, 434569.75 ], [ 427633.75, 434569.75 ], [ 427633.75, 434570.0 ], [ 427633.25, 434570.0 ], [ 427633.25, 434570.25 ], [ 427632.75, 434570.25 ], [ 427632.75, 434570.5 ], [ 427632.0, 434570.5 ], [ 427632.0, 434570.75 ], [ 427631.25, 434570.75 ], [ 427631.25, 434571.0 ], [ 427630.25, 434571.0 ], [ 427630.25, 434571.25 ], [ 427629.75, 434571.25 ], [ 427629.75, 434571.5 ], [ 427629.25, 434571.5 ], [ 427629.25, 434571.75 ], [ 427628.75, 434571.75 ], [ 427628.75, 434572.0 ], [ 427628.0, 434572.0 ], [ 427628.0, 434572.25 ], [ 427627.5, 434572.25 ], [ 427627.5, 434572.5 ], [ 427626.75, 434572.5 ], [ 427626.75, 434572.75 ], [ 427626.25, 434572.75 ], [ 427626.25, 434573.0 ], [ 427625.5, 434573.0 ], [ 427625.5, 434573.25 ], [ 427625.0, 434573.25 ], [ 427625.0, 434573.5 ], [ 427624.5, 434573.5 ], [ 427624.5, 434573.75 ], [ 427624.0, 434573.75 ], [ 427624.0, 434574.0 ], [ 427623.5, 434574.0 ], [ 427623.5, 434574.25 ], [ 427622.75, 434574.25 ], [ 427622.75, 434574.5 ], [ 427622.25, 434574.5 ], [ 427622.25, 434574.75 ], [ 427621.75, 434574.75 ], [ 427621.75, 434575.0 ], [ 427621.25, 434575.0 ], [ 427621.25, 434575.25 ], [ 427620.75, 434575.25 ], [ 427620.75, 434575.5 ], [ 427620.0, 434575.5 ], [ 427620.0, 434575.75 ], [ 427619.0, 434575.75 ], [ 427619.0, 434576.0 ], [ 427618.0, 434576.0 ], [ 427618.0, 434576.25 ], [ 427616.5, 434576.25 ], [ 427616.5, 434576.5 ], [ 427615.5, 434576.5 ], [ 427615.5, 434576.75 ], [ 427614.5, 434576.75 ], [ 427614.5, 434577.0 ], [ 427613.5, 434577.0 ], [ 427613.5, 434577.25 ], [ 427612.5, 434577.25 ], [ 427612.5, 434577.5 ], [ 427612.0, 434577.5 ], [ 427612.0, 434577.75 ], [ 427611.5, 434577.75 ], [ 427611.5, 434578.0 ], [ 427611.0, 434578.0 ], [ 427611.0, 434578.25 ], [ 427610.5, 434578.25 ], [ 427610.5, 434578.5 ], [ 427609.75, 434578.5 ], [ 427609.75, 434578.75 ], [ 427609.0, 434578.75 ], [ 427609.0, 434579.0 ], [ 427608.5, 434579.0 ], [ 427608.5, 434579.25 ], [ 427608.0, 434579.25 ], [ 427608.0, 434579.5 ], [ 427607.0, 434579.5 ], [ 427607.0, 434579.75 ], [ 427606.25, 434579.75 ], [ 427606.25, 434580.0 ], [ 427605.75, 434580.0 ], [ 427605.75, 434580.25 ], [ 427605.0, 434580.25 ], [ 427605.0, 434580.5 ], [ 427604.25, 434580.5 ], [ 427604.25, 434580.75 ], [ 427603.5, 434580.75 ], [ 427603.5, 434581.0 ], [ 427602.75, 434581.0 ], [ 427602.75, 434581.25 ], [ 427602.25, 434581.25 ], [ 427602.25, 434581.5 ], [ 427601.75, 434581.5 ], [ 427601.75, 434581.75 ], [ 427601.0, 434581.75 ], [ 427601.0, 434582.0 ], [ 427599.75, 434582.0 ], [ 427599.75, 434582.25 ], [ 427598.75, 434582.25 ], [ 427598.75, 434582.5 ], [ 427596.25, 434582.5 ] ] ] } },
{ "type": "Feature", "properties": { }, "geometry": { "type": "Polygon", "coordinates": [ [ [ 427356.0, 434541.0 ], [ 427356.0, 434540.75 ], [ 427355.75, 434540.75 ], [ 427355.75, 434540.5 ], [ 427356.0, 434540.5 ], [ 427356.0, 434540.25 ], [ 427357.0, 434540.25 ], [ 427357.0, 434540.0 ], [ 427357.5, 434540.0 ], [ 427357.5, 434540.25 ], [ 427357.75, 434540.25 ], [ 427357.75, 434540.75 ], [ 427357.25, 434540.75 ], [ 427357.25, 434541.0 ], [ 427356.0, 434541.0 ] ] ] } },
{ "type": "Feature", "properties": { }, "geometry": { "type": "Polygon", "coordinates": [ [ [ 427371.0, 434553.25 ], [ 427371.0, 434553.0 ], [ 427370.5, 434553.0 ], [ 427370.5, 434552.75 ], [ 427370.25, 434552.75 ], [ 427370.25, 434552.5 ], [ 427370.0, 434552.5 ], [ 427370.0, 434552.25 ], [ 427369.0, 434552.25 ], [ 427369.0, 434552.5 ], [ 427368.5, 434552.5 ], [ 427368.5, 434552.75 ], [ 427368.0, 434552.75 ], [ 427368.0, 434552.5 ], [ 427367.75, 434552.5 ], [ 427367.75, 434551.5 ], [ 427368.0, 434551.5 ], [ 427368.0, 434550.0 ], [ 427367.75, 434550.0 ], [ 427367.75, 434549.25 ], [ 427367.5, 434549.25 ], [ 427367.5, 434549.0 ], [ 427364.25, 434549.0 ], [ 427364.25, 434549.25 ], [ 427364.0, 434549.25 ], [ 427364.0, 434550.0 ], [ 427363.75, 434550.0 ], [ 427363.75, 434551.0 ], [ 427363.5, 434551.0 ], [ 427363.5, 434551.25 ], [ 427363.25, 434551.25 ], [ 427363.25, 434551.5 ], [ 427362.25, 434551.5 ], [ 427362.25, 434551.25 ], [ 427362.0, 434551.25 ], [ 427362.0, 434551.0 ], [ 427361.75, 434551.0 ], [ 427361.75, 434550.75 ], [ 427361.5, 434550.75 ], [ 427361.5, 434550.5 ], [ 427361.25, 434550.5 ], [ 427361.25, 434550.75 ], [ 427360.25, 434550.75 ], [ 427360.25, 434550.5 ], [ 427360.0, 434550.5 ], [ 427360.0, 434549.75 ], [ 427360.25, 434549.75 ], [ 427360.25, 434549.25 ], [ 427360.5, 434549.25 ], [ 427360.5, 434549.0 ], [ 427360.75, 434549.0 ], [ 427360.75, 434548.5 ], [ 427361.0, 434548.5 ], [ 427361.0, 434548.0 ], [ 427361.25, 434548.0 ], [ 427361.25, 434547.5 ], [ 427361.5, 434547.5 ], [ 427361.5, 434547.0 ], [ 427361.75, 434547.0 ], [ 427361.75, 434546.75 ], [ 427362.0, 434546.75 ], [ 427362.0, 434546.25 ], [ 427362.25, 434546.25 ], [ 427362.25, 434546.0 ], [ 427362.5, 434546.0 ], [ 427362.5, 434545.75 ], [ 427362.75, 434545.75 ], [ 427362.75, 434545.5 ], [ 427363.0, 434545.5 ], [ 427363.0, 434545.0 ], [ 427363.25, 434545.0 ], [ 427363.25, 434544.75 ], [ 427363.5, 434544.75 ], [ 427363.5, 434544.25 ], [ 427363.75, 434544.25 ], [ 427363.75, 434544.0 ], [ 427364.0, 434544.0 ], [ 427364.0, 434543.75 ], [ 427366.0, 434543.75 ], [ 427366.0, 434543.5 ], [ 427366.5, 434543.5 ], [ 427366.5, 434542.75 ], [ 427366.75, 434542.75 ], [ 427366.75, 434542.5 ], [ 427364.75, 434542.5 ], [ 427364.75, 434542.75 ], [ 427364.25, 434542.75 ], [ 427364.25, 434542.5 ], [ 427363.0, 434542.5 ], [ 427363.0, 434542.75 ], [ 427362.5, 434542.75 ], [ 427362.5, 434543.0 ], [ 427360.5, 434543.0 ], [ 427360.5, 434542.25 ], [ 427361.0, 434542.25 ], [ 427361.0, 434542.0 ], [ 427361.5, 434542.0 ], [ 427361.5, 434541.75 ], [ 427362.0, 434541.75 ], [ 427362.0, 434541.5 ], [ 427362.25, 434541.5 ], [ 427362.25, 434541.25 ], [ 427362.5, 434541.25 ], [ 427362.5, 434541.0 ], [ 427362.75, 434541.0 ], [ 427362.75, 434540.5 ], [ 427363.0, 434540.5 ], [ 427363.0, 434540.25 ], [ 427363.25, 434540.25 ], [ 427363.25, 434540.0 ], [ 427364.0, 434540.0 ], [ 427364.0, 434540.25 ], [ 427364.25, 434540.25 ], [ 427364.25, 434541.0 ], [ 427364.75, 434541.0 ], [ 427364.75, 434540.75 ], [ 427365.0, 434540.75 ], [ 427365.0, 434540.25 ], [ 427364.75, 434540.25 ], [ 427364.75, 434540.0 ], [ 427364.5, 434540.0 ], [ 427364.5, 434539.75 ], [ 427364.25, 434539.75 ], [ 427364.25, 434539.25 ], [ 427364.5, 434539.25 ], [ 427364.5, 434538.75 ], [ 427364.75, 434538.75 ], [ 427364.75, 434538.5 ], [ 427365.75, 434538.5 ], [ 427365.75, 434539.0 ], [ 427366.0, 434539.0 ], [ 427366.0, 434539.5 ], [ 427366.25, 434539.5 ], [ 427366.25, 434539.75 ], [ 427366.75, 434539.75 ], [ 427366.75, 434539.5 ], [ 427367.0, 434539.5 ], [ 427367.0, 434539.0 ], [ 427367.25, 434539.0 ], [ 427367.25, 434538.75 ], [ 427367.5, 434538.75 ], [ 427367.5, 434537.75 ], [ 427367.25, 434537.75 ], [ 427367.25, 434537.5 ], [ 427367.5, 434537.5 ], [ 427367.5, 434537.25 ], [ 427368.5, 434537.25 ], [ 427368.5, 434537.0 ], [ 427370.75, 434537.0 ], [ 427370.75, 434536.75 ], [ 427371.75, 434536.75 ], [ 427371.75, 434537.0 ], [ 427372.25, 434537.0 ], [ 427372.25, 434537.25 ], [ 427372.5, 434537.25 ], [ 427372.5, 434537.5 ], [ 427372.75, 434537.5 ], [ 427372.75, 434537.75 ], [ 427373.0, 434537.75 ], [ 427373.0, 434538.5 ], [ 427373.25, 434538.5 ], [ 427373.25, 434538.75 ], [ 427373.5, 434538.75 ], [ 427373.5, 434539.0 ], [ 427374.25, 434539.0 ], [ 427374.25, 434538.75 ], [ 427374.5, 434538.75 ], [ 427374.5, 434539.75 ], [ 427374.75, 434539.75 ], [ 427374.75, 434540.0 ], [ 427376.75, 434540.0 ], [ 427376.75, 434540.25 ], [ 427377.0, 434540.25 ], [ 427377.0, 434541.75 ], [ 427377.25, 434541.75 ], [ 427377.25, 434542.25 ], [ 427378.0, 434542.25 ], [ 427378.0, 434542.0 ], [ 427378.75, 434542.0 ], [ 427378.75, 434542.25 ], [ 427379.0, 434542.25 ], [ 427379.0, 434543.5 ], [ 427378.75, 434543.5 ], [ 427378.75, 434543.75 ], [ 427378.25, 434543.75 ], [ 427378.25, 434544.0 ], [ 427377.75, 434544.0 ], [ 427377.75, 434544.25 ], [ 427377.25, 434544.25 ], [ 427377.25, 434544.0 ], [ 427376.75, 434544.0 ], [ 427376.75, 434543.75 ], [ 427376.25, 434543.75 ], [ 427376.25, 434544.25 ], [ 427376.0, 434544.25 ], [ 427376.0, 434545.0 ], [ 427375.75, 434545.0 ], [ 427375.75, 434545.25 ], [ 427374.75, 434545.25 ], [ 427374.75, 434545.5 ], [ 427373.75, 434545.5 ], [ 427373.75, 434545.75 ], [ 427373.5, 434545.75 ], [ 427373.5, 434546.0 ], [ 427373.25, 434546.0 ], [ 427373.25, 434546.75 ], [ 427373.5, 434546.75 ], [ 427373.5, 434547.0 ], [ 427374.0, 434547.0 ], [ 427374.0, 434547.25 ], [ 427374.5, 434547.25 ], [ 427374.5, 434551.25 ], [ 427374.25, 434551.25 ], [ 427374.25, 434551.75 ], [ 427374.0, 434551.75 ], [ 427374.0, 434552.0 ], [ 427372.0, 434552.0 ], [ 427372.0, 434552.5 ], [ 427371.75, 434552.5 ], [ 427371.75, 434553.25 ], [ 427371.0, 434553.25 ] ] ] } },
{ "type": "Feature", "properties": { }, "geometry": { "type": "Polygon", "coordinates": [ [ [ 427633.0, 434528.0 ], [ 427633.0, 434527.75 ], [ 427632.5, 434527.75 ], [ 427632.5, 434527.5 ], [ 427632.25, 434527.5 ], [ 427632.25, 434527.25 ], [ 427632.0, 434527.25 ], [ 427632.0, 434526.5 ], [ 427631.75, 434526.5 ], [ 427631.75, 434525.75 ], [ 427631.5, 434525.75 ], [ 427631.5, 434525.5 ], [ 427631.75, 434525.5 ], [ 427631.75, 434525.0 ], [ 427632.0, 434525.0 ], [ 427632.0, 434524.0 ], [ 427632.25, 434524.0 ], [ 427632.25, 434523.75 ], [ 427632.75, 434523.75 ], [ 427632.75, 434524.25 ], [ 427633.0, 434524.25 ], [ 427633.0, 434524.5 ], [ 427633.25, 434524.5 ], [ 427633.25, 434524.75 ], [ 427633.5, 434524.75 ], [ 427633.5, 434525.25 ], [ 427633.75, 434525.25 ], [ 427633.75, 434528.0 ], [ 427633.0, 434528.0 ] ] ] } },
{ "type": "Feature", "properties": { }, "geometry": { "type": "Polygon", "coordinates": [ [ [ 427628.75, 434523.0 ], [ 427628.75, 434522.75 ], [ 427628.25, 434522.75 ], [ 427628.25, 434522.25 ], [ 427631.5, 434522.25 ], [ 427631.5, 434522.75 ], [ 427630.5, 434522.75 ], [ 427630.5, 434523.0 ], [ 427628.75, 434523.0 ] ] ] } },
{ "type": "Feature", "properties": { }, "geometry": { "type": "Polygon", "coordinates": [ [ [ 427627.5, 434521.75 ], [ 427627.5, 434521.5 ], [ 427627.75, 434521.5 ], [ 427627.75, 434521.75 ], [ 427627.5, 434521.75 ] ] ] } },
{ "type": "Feature", "properties": { }, "geometry": { "type": "Polygon", "coordinates": [ [ [ 427534.25, 434510.75 ], [ 427534.25, 434510.5 ], [ 427533.75, 434510.5 ], [ 427533.75, 434510.25 ], [ 427534.5, 434510.25 ], [ 427534.5, 434510.0 ], [ 427534.75, 434510.0 ], [ 427534.75, 434509.0 ], [ 427534.5, 434509.0 ], [ 427534.5, 434508.75 ], [ 427534.0, 434508.75 ], [ 427534.0, 434508.5 ], [ 427533.75, 434508.5 ], [ 427533.75, 434508.25 ], [ 427533.5, 434508.25 ], [ 427533.5, 434507.5 ], [ 427534.0, 434507.5 ], [ 427534.0, 434507.25 ], [ 427534.75, 434507.25 ], [ 427534.75, 434507.0 ], [ 427536.0, 434507.0 ], [ 427536.0, 434507.25 ], [ 427536.25, 434507.25 ], [ 427536.25, 434507.75 ], [ 427536.5, 434507.75 ], [ 427536.5, 434507.5 ], [ 427536.75, 434507.5 ], [ 427536.75, 434507.25 ], [ 427537.0, 434507.25 ], [ 427537.0, 434506.75 ], [ 427538.0, 434506.75 ], [ 427538.0, 434507.0 ], [ 427539.0, 434507.0 ], [ 427539.0, 434506.75 ], [ 427540.0, 434506.75 ], [ 427540.0, 434506.5 ], [ 427541.0, 434506.5 ], [ 427541.0, 434506.75 ], [ 427541.75, 434506.75 ], [ 427541.75, 434506.5 ], [ 427542.0, 434506.5 ], [ 427542.0, 434506.25 ], [ 427543.0, 434506.25 ], [ 427543.0, 434508.0 ], [ 427542.75, 434508.0 ], [ 427542.75, 434508.75 ], [ 427542.5, 434508.75 ], [ 427542.5, 434509.0 ], [ 427542.0, 434509.0 ], [ 427542.0, 434509.25 ], [ 427541.75, 434509.25 ], [ 427541.75, 434509.5 ], [ 427541.5, 434509.5 ], [ 427541.5, 434509.75 ], [ 427541.0, 434509.75 ], [ 427541.0, 434510.0 ], [ 427538.75, 434510.0 ], [ 427538.75, 434510.25 ], [ 427538.25, 434510.25 ], [ 427538.25, 434510.0 ], [ 427537.75, 434510.0 ], [ 427537.75, 434509.75 ], [ 427537.5, 434509.75 ], [ 427537.5, 434509.5 ], [ 427537.25, 434509.5 ], [ 427537.25, 434509.75 ], [ 427537.0, 434509.75 ], [ 427537.0, 434510.0 ], [ 427535.75, 434510.0 ], [ 427535.75, 434510.25 ], [ 427535.25, 434510.25 ], [ 427535.25, 434510.5 ], [ 427534.5, 434510.5 ], [ 427534.5, 434510.75 ], [ 427534.25, 434510.75 ] ] ] } },
{ "type": "Feature", "properties": { }, "geometry": { "type": "Polygon", "coordinates": [ [ [ 427670.0, 434521.5 ], [ 427670.0, 434521.25 ], [ 427669.25, 434521.25 ], [ 427669.25, 434521.0 ], [ 427669.0, 434521.0 ], [ 427669.0, 434520.75 ], [ 427668.75, 434520.75 ], [ 427668.75, 434520.5 ], [ 427668.5, 434520.5 ], [ 427668.5, 434520.25 ], [ 427668.25, 434520.25 ], [ 427668.25, 434520.0 ], [ 427668.0, 434520.0 ], [ 427668.0, 434519.75 ], [ 427667.5, 434519.75 ], [ 427667.5, 434519.5 ], [ 427667.25, 434519.5 ], [ 427667.25, 434519.0 ], [ 427667.0, 434519.0 ], [ 427667.0, 434518.25 ], [ 427666.75, 434518.25 ], [ 427666.75, 434517.5 ], [ 427666.5, 434517.5 ], [ 427666.5, 434517.0 ], [ 427666.25, 434517.0 ], [ 427666.25, 434514.25 ], [ 427666.5, 434514.25 ], [ 427666.5, 434513.5 ], [ 427666.75, 434513.5 ], [ 427666.75, 434513.25 ], [ 427667.0, 434513.25 ], [ 427667.0, 434513.0 ], [ 427667.5, 434513.0 ], [ 427667.5, 434512.75 ], [ 427667.75, 434512.75 ], [ 427667.75, 434512.5 ], [ 427668.0, 434512.5 ], [ 427668.0, 434512.25 ], [ 427668.5, 434512.25 ], [ 427668.5, 434512.0 ], [ 427668.75, 434512.0 ], [ 427668.75, 434511.75 ], [ 427669.0, 434511.75 ], [ 427669.0, 434511.5 ], [ 427669.5, 434511.5 ], [ 427669.5, 434511.25 ], [ 427669.75, 434511.25 ], [ 427669.75, 434511.0 ], [ 427670.25, 434511.0 ], [ 427670.25, 434510.75 ], [ 427670.5, 434510.75 ], [ 427670.5, 434510.5 ], [ 427670.75, 434510.5 ], [ 427670.75, 434510.25 ], [ 427671.0, 434510.25 ], [ 427671.0, 434510.0 ], [ 427671.25, 434510.0 ], [ 427671.25, 434509.75 ], [ 427671.5, 434509.75 ], [ 427671.5, 434509.5 ], [ 427671.75, 434509.5 ], [ 427671.75, 434509.25 ], [ 427672.25, 434509.25 ], [ 427672.25, 434509.0 ], [ 427672.5, 434509.0 ], [ 427672.5, 434508.75 ], [ 427672.75, 434508.75 ], [ 427672.75, 434508.5 ], [ 427673.25, 434508.5 ], [ 427673.25, 434508.25 ], [ 427673.5, 434508.25 ], [ 427673.5, 434508.0 ], [ 427674.0, 434508.0 ], [ 427674.0, 434507.75 ], [ 427674.5, 434507.75 ], [ 427674.5, 434507.5 ], [ 427675.0, 434507.5 ], [ 427675.0, 434507.25 ], [ 427675.25, 434507.25 ], [ 427675.25, 434507.0 ], [ 427675.75, 434507.0 ], [ 427675.75, 434506.75 ], [ 427676.0, 434506.75 ], [ 427676.0, 434506.5 ], [ 427676.5, 434506.5 ], [ 427676.5, 434506.25 ], [ 427676.75, 434506.25 ], [ 427676.75, 434506.0 ], [ 427677.25, 434506.0 ], [ 427677.25, 434505.75 ], [ 427677.5, 434505.75 ], [ 427677.5, 434505.5 ], [ 427678.0, 434505.5 ], [ 427678.0, 434505.25 ], [ 427678.25, 434505.25 ], [ 427678.25, 434505.0 ], [ 427678.75, 434505.0 ], [ 427678.75, 434504.75 ], [ 427679.5, 434504.75 ], [ 427679.5, 434504.5 ], [ 427680.0, 434504.5 ], [ 427680.0, 434504.25 ], [ 427680.75, 434504.25 ], [ 427680.75, 434504.0 ], [ 427681.25, 434504.0 ], [ 427681.25, 434503.75 ], [ 427681.75, 434503.75 ], [ 427681.75, 434503.5 ], [ 427682.5, 434503.5 ], [ 427682.5, 434503.25 ], [ 427683.25, 434503.25 ], [ 427683.25, 434503.0 ], [ 427684.0, 434503.0 ], [ 427684.0, 434502.75 ], [ 427684.75, 434502.75 ], [ 427684.75, 434502.5 ], [ 427685.25, 434502.5 ], [ 427685.25, 434502.25 ], [ 427685.75, 434502.25 ], [ 427685.75, 434502.0 ], [ 427686.25, 434502.0 ], [ 427686.25, 434501.75 ], [ 427686.5, 434501.75 ], [ 427686.5, 434501.5 ], [ 427686.75, 434501.5 ], [ 427686.75, 434501.25 ], [ 427687.25, 434501.25 ], [ 427687.25, 434501.0 ], [ 427687.75, 434501.0 ], [ 427687.75, 434500.75 ], [ 427688.0, 434500.75 ], [ 427688.0, 434500.5 ], [ 427688.5, 434500.5 ], [ 427688.5, 434500.25 ], [ 427689.25, 434500.25 ], [ 427689.25, 434500.0 ], [ 427689.75, 434500.0 ], [ 427689.75, 434499.75 ], [ 427690.25, 434499.75 ], [ 427690.25, 434499.5 ], [ 427690.75, 434499.5 ], [ 427690.75, 434499.25 ], [ 427691.25, 434499.25 ], [ 427691.25, 434499.0 ], [ 427691.5, 434499.0 ], [ 427691.5, 434498.75 ], [ 427691.75, 434498.75 ], [ 427691.75, 434498.5 ], [ 427692.0, 434498.5 ], [ 427692.0, 434498.0 ], [ 427692.25, 434498.0 ], [ 427692.25, 434497.75 ], [ 427692.5, 434497.75 ], [ 427692.5, 434497.25 ], [ 427692.75, 434497.25 ], [ 427692.75, 434497.0 ], [ 427693.0, 434497.0 ], [ 427693.0, 434496.75 ], [ 427693.25, 434496.75 ], [ 427693.25, 434496.5 ], [ 427693.5, 434496.5 ], [ 427693.5, 434496.25 ], [ 427694.0, 434496.25 ], [ 427694.0, 434496.0 ], [ 427694.75, 434496.0 ], [ 427694.75, 434495.75 ], [ 427695.25, 434495.75 ], [ 427695.25, 434495.5 ], [ 427695.75, 434495.5 ], [ 427695.75, 434495.25 ], [ 427696.0, 434495.25 ], [ 427696.0, 434495.0 ], [ 427696.25, 434495.0 ], [ 427696.25, 434494.75 ], [ 427697.75, 434494.75 ], [ 427697.75, 434494.5 ], [ 427698.0, 434494.5 ], [ 427698.0, 434494.25 ], [ 427698.25, 434494.25 ], [ 427698.25, 434493.75 ], [ 427698.5, 434493.75 ], [ 427698.5, 434493.5 ], [ 427698.75, 434493.5 ], [ 427698.75, 434493.25 ], [ 427699.0, 434493.25 ], [ 427699.0, 434493.0 ], [ 427699.25, 434493.0 ], [ 427699.25, 434492.5 ], [ 427699.5, 434492.5 ], [ 427699.5, 434492.25 ], [ 427700.0, 434492.25 ], [ 427700.0, 434492.0 ], [ 427700.5, 434492.0 ], [ 427700.5, 434491.5 ], [ 427701.75, 434491.5 ], [ 427701.75, 434492.25 ], [ 427702.0, 434492.25 ], [ 427702.0, 434492.5 ], [ 427702.25, 434492.5 ], [ 427702.25, 434492.75 ], [ 427702.5, 434492.75 ], [ 427702.5, 434493.0 ], [ 427703.0, 434493.0 ], [ 427703.0, 434493.5 ], [ 427703.25, 434493.5 ], [ 427703.25, 434494.25 ], [ 427703.5, 434494.25 ], [ 427703.5, 434494.75 ], [ 427703.75, 434494.75 ], [ 427703.75, 434495.25 ], [ 427704.0, 434495.25 ], [ 427704.0, 434495.75 ], [ 427704.25, 434495.75 ], [ 427704.25, 434496.75 ], [ 427704.5, 434496.75 ], [ 427704.5, 434498.0 ], [ 427704.75, 434498.0 ], [ 427704.75, 434499.0 ], [ 427705.0, 434499.0 ], [ 427705.0, 434500.5 ], [ 427705.25, 434500.5 ], [ 427705.25, 434503.5 ], [ 427705.5, 434503.5 ], [ 427705.5, 434507.25 ], [ 427705.25, 434507.25 ], [ 427705.25, 434508.25 ], [ 427705.0, 434508.25 ], [ 427705.0, 434508.5 ], [ 427704.75, 434508.5 ], [ 427704.75, 434508.75 ], [ 427704.5, 434508.75 ], [ 427704.5, 434509.0 ], [ 427702.0, 434509.0 ], [ 427702.0, 434509.25 ], [ 427701.5, 434509.25 ], [ 427701.5, 434509.5 ], [ 427701.0, 434509.5 ], [ 427701.0, 434509.75 ], [ 427700.75, 434509.75 ], [ 427700.75, 434510.0 ], [ 427700.25, 434510.0 ], [ 427700.25, 434510.25 ], [ 427699.75, 434510.25 ], [ 427699.75, 434510.5 ], [ 427699.5, 434510.5 ], [ 427699.5, 434510.75 ], [ 427699.0, 434510.75 ], [ 427699.0, 434511.0 ], [ 427698.5, 434511.0 ], [ 427698.5, 434511.25 ], [ 427697.75, 434511.25 ], [ 427697.75, 434511.5 ], [ 427697.25, 434511.5 ], [ 427697.25, 434511.75 ], [ 427696.75, 434511.75 ], [ 427696.75, 434512.0 ], [ 427696.5, 434512.0 ], [ 427696.5, 434512.25 ], [ 427696.0, 434512.25 ], [ 427696.0, 434512.5 ], [ 427695.5, 434512.5 ], [ 427695.5, 434512.75 ], [ 427695.0, 434512.75 ], [ 427695.0, 434513.0 ], [ 427694.5, 434513.0 ], [ 427694.5, 434513.25 ], [ 427694.0, 434513.25 ], [ 427694.0, 434513.5 ], [ 427693.75, 434513.5 ], [ 427693.75, 434513.75 ], [ 427693.25, 434513.75 ], [ 427693.25, 434514.0 ], [ 427692.75, 434514.0 ], [ 427692.75, 434514.25 ], [ 427692.25, 434514.25 ], [ 427692.25, 434514.5 ], [ 427691.75, 434514.5 ], [ 427691.75, 434514.75 ], [ 427691.25, 434514.75 ], [ 427691.25, 434515.0 ], [ 427690.75, 434515.0 ], [ 427690.75, 434515.25 ], [ 427690.25, 434515.25 ], [ 427690.25, 434515.5 ], [ 427689.5, 434515.5 ], [ 427689.5, 434515.75 ], [ 427688.75, 434515.75 ], [ 427688.75, 434516.0 ], [ 427688.25, 434516.0 ], [ 427688.25, 434516.25 ], [ 427687.75, 434516.25 ], [ 427687.75, 434516.5 ], [ 427687.25, 434516.5 ], [ 427687.25, 434516.75 ], [ 427686.75, 434516.75 ], [ 427686.75, 434517.0 ], [ 427686.25, 434517.0 ], [ 427686.25, 434517.25 ], [ 427685.75, 434517.25 ], [ 427685.75, 434517.5 ], [ 427685.5, 434517.5 ], [ 427685.5, 434517.75 ], [ 427685.0, 434517.75 ], [ 427685.0, 434518.0 ], [ 427684.75, 434518.0 ], [ 427684.75, 434518.25 ], [ 427684.25, 434518.25 ], [ 427684.25, 434518.5 ], [ 427684.0, 434518.5 ], [ 427684.0, 434518.75 ], [ 427683.25, 434518.75 ], [ 427683.25, 434519.0 ], [ 427682.5, 434519.0 ], [ 427682.5, 434519.25 ], [ 427681.75, 434519.25 ], [ 427681.75, 434519.5 ], [ 427681.0, 434519.5 ], [ 427681.0, 434519.75 ], [ 427680.0, 434519.75 ], [ 427680.0, 434520.0 ], [ 427679.0, 434520.0 ], [ 427679.0, 434520.25 ], [ 427678.0, 434520.25 ], [ 427678.0, 434520.5 ], [ 427677.25, 434520.5 ], [ 427677.25, 434520.75 ], [ 427676.5, 434520.75 ], [ 427676.5, 434521.0 ], [ 427675.5, 434521.0 ], [ 427675.5, 434521.25 ], [ 427674.75, 434521.25 ], [ 427674.75, 434521.5 ], [ 427670.0, 434521.5 ] ] ] } },
{ "type": "Feature", "properties": { }, "geometry": { "type": "Polygon", "coordinates": [ [ [ 427449.5, 434554.75 ], [ 427449.5, 434554.5 ], [ 427449.25, 434554.5 ], [ 427449.25, 434554.25 ], [ 427449.0, 434554.25 ], [ 427449.0, 434554.0 ], [ 427448.75, 434554.0 ], [ 427448.75, 434553.75 ], [ 427448.5, 434553.75 ], [ 427448.5, 434553.5 ], [ 427448.25, 434553.5 ], [ 427448.25, 434553.0 ], [ 427448.0, 434553.0 ], [ 427448.0, 434552.5 ], [ 427447.75, 434552.5 ], [ 427447.75, 434551.75 ], [ 427447.5, 434551.75 ], [ 427447.5, 434551.0 ], [ 427447.25, 434551.0 ], [ 427447.25, 434550.25 ], [ 427447.0, 434550.25 ], [ 427447.0, 434550.0 ], [ 427446.75, 434550.0 ], [ 427446.75, 434549.5 ], [ 427446.5, 434549.5 ], [ 427446.5, 434549.25 ], [ 427446.25, 434549.25 ], [ 427446.25, 434549.0 ], [ 427445.75, 434549.0 ], [ 427445.75, 434548.75 ], [ 427445.5, 434548.75 ], [ 427445.5, 434548.25 ], [ 427445.25, 434548.25 ], [ 427445.25, 434547.5 ], [ 427445.0, 434547.5 ], [ 427445.0, 434546.5 ], [ 427444.75, 434546.5 ], [ 427444.75, 434545.75 ], [ 427444.5, 434545.75 ], [ 427444.5, 434545.25 ], [ 427444.25, 434545.25 ], [ 427444.25, 434545.0 ], [ 427444.0, 434545.0 ], [ 427444.0, 434544.75 ], [ 427443.75, 434544.75 ], [ 427443.75, 434544.25 ], [ 427443.5, 434544.25 ], [ 427443.5, 434543.75 ], [ 427443.25, 434543.75 ], [ 427443.25, 434543.25 ], [ 427443.0, 434543.25 ], [ 427443.0, 434543.0 ], [ 427442.75, 434543.0 ], [ 427442.75, 434542.5 ], [ 427442.5, 434542.5 ], [ 427442.5, 434542.0 ], [ 427442.25, 434542.0 ], [ 427442.25, 434541.5 ], [ 427442.0, 434541.5 ], [ 427442.0, 434541.25 ], [ 427441.75, 434541.25 ], [ 427441.75, 434540.75 ], [ 427441.5, 434540.75 ], [ 427441.5, 434540.5 ], [ 427441.25, 434540.5 ], [ 427441.25, 434539.75 ], [ 427441.0, 434539.75 ], [ 427441.0, 434539.0 ], [ 427440.75, 434539.0 ], [ 427440.75, 434538.5 ], [ 427440.5, 434538.5 ], [ 427440.5, 434537.75 ], [ 427440.25, 434537.75 ], [ 427440.25, 434537.25 ], [ 427440.0, 434537.25 ], [ 427440.0, 434536.75 ], [ 427439.75, 434536.75 ], [ 427439.75, 434536.25 ], [ 427439.5, 434536.25 ], [ 427439.5, 434536.0 ], [ 427439.25, 434536.0 ], [ 427439.25, 434535.5 ], [ 427439.0, 434535.5 ], [ 427439.0, 434535.0 ], [ 427438.75, 434535.0 ], [ 427438.75, 434534.75 ], [ 427438.5, 434534.75 ], [ 427438.5, 434534.25 ], [ 427438.25, 434534.25 ], [ 427438.25, 434533.75 ], [ 427438.0, 434533.75 ], [ 427438.0, 434533.25 ], [ 427437.75, 434533.25 ], [ 427437.75, 434532.75 ], [ 427437.5, 434532.75 ], [ 427437.5, 434532.0 ], [ 427437.25, 434532.0 ], [ 427437.25, 434531.5 ], [ 427437.0, 434531.5 ], [ 427437.0, 434530.75 ], [ 427436.75, 434530.75 ], [ 427436.75, 434530.0 ], [ 427436.5, 434530.0 ], [ 427436.5, 434529.5 ], [ 427436.25, 434529.5 ], [ 427436.25, 434529.0 ], [ 427436.0, 434529.0 ], [ 427436.0, 434528.75 ], [ 427435.75, 434528.75 ], [ 427435.75, 434528.25 ], [ 427435.5, 434528.25 ], [ 427435.5, 434528.0 ], [ 427435.25, 434528.0 ], [ 427435.25, 434527.5 ], [ 427435.0, 434527.5 ], [ 427435.0, 434527.0 ], [ 427434.75, 434527.0 ], [ 427434.75, 434526.75 ], [ 427434.5, 434526.75 ], [ 427434.5, 434526.5 ], [ 427434.25, 434526.5 ], [ 427434.25, 434526.25 ], [ 427434.0, 434526.25 ], [ 427434.0, 434525.75 ], [ 427433.75, 434525.75 ], [ 427433.75, 434525.25 ], [ 427433.5, 434525.25 ], [ 427433.5, 434525.0 ], [ 427433.25, 434525.0 ], [ 427433.25, 434524.5 ], [ 427433.0, 434524.5 ], [ 427433.0, 434524.0 ], [ 427432.75, 434524.0 ], [ 427432.75, 434523.0 ], [ 427432.5, 434523.0 ], [ 427432.5, 434519.5 ], [ 427432.25, 434519.5 ], [ 427432.25, 434517.0 ], [ 427432.5, 434517.0 ], [ 427432.5, 434516.0 ], [ 427432.75, 434516.0 ], [ 427432.75, 434515.25 ], [ 427433.0, 434515.25 ], [ 427433.0, 434514.5 ], [ 427433.25, 434514.5 ], [ 427433.25, 434513.5 ], [ 427433.5, 434513.5 ], [ 427433.5, 434511.5 ], [ 427433.75, 434511.5 ], [ 427433.75, 434510.0 ], [ 427434.0, 434510.0 ], [ 427434.0, 434509.25 ], [ 427434.25, 434509.25 ], [ 427434.25, 434509.0 ], [ 427434.5, 434509.0 ], [ 427434.5, 434508.75 ], [ 427434.75, 434508.75 ], [ 427434.75, 434508.5 ], [ 427435.0, 434508.5 ], [ 427435.0, 434508.25 ], [ 427435.25, 434508.25 ], [ 427435.25, 434508.0 ], [ 427435.5, 434508.0 ], [ 427435.5, 434507.75 ], [ 427435.75, 434507.75 ], [ 427435.75, 434507.5 ], [ 427436.0, 434507.5 ], [ 427436.0, 434507.25 ], [ 427436.5, 434507.25 ], [ 427436.5, 434507.0 ], [ 427437.0, 434507.0 ], [ 427437.0, 434506.75 ], [ 427437.5, 434506.75 ], [ 427437.5, 434506.5 ], [ 427438.0, 434506.5 ], [ 427438.0, 434506.25 ], [ 427438.5, 434506.25 ], [ 427438.5, 434506.0 ], [ 427438.75, 434506.0 ], [ 427438.75, 434505.75 ], [ 427439.25, 434505.75 ], [ 427439.25, 434505.5 ], [ 427439.5, 434505.5 ], [ 427439.5, 434505.0 ], [ 427439.75, 434505.0 ], [ 427439.75, 434504.5 ], [ 427440.0, 434504.5 ], [ 427440.0, 434504.0 ], [ 427440.25, 434504.0 ], [ 427440.25, 434503.5 ], [ 427440.5, 434503.5 ], [ 427440.5, 434503.0 ], [ 427440.75, 434503.0 ], [ 427440.75, 434502.5 ], [ 427441.0, 434502.5 ], [ 427441.0, 434501.5 ], [ 427441.25, 434501.5 ], [ 427441.25, 434500.75 ], [ 427441.5, 434500.75 ], [ 427441.5, 434500.25 ], [ 427441.75, 434500.25 ], [ 427441.75, 434500.0 ], [ 427442.0, 434500.0 ], [ 427442.0, 434499.5 ], [ 427442.25, 434499.5 ], [ 427442.25, 434499.25 ], [ 427442.5, 434499.25 ], [ 427442.5, 434498.75 ], [ 427442.75, 434498.75 ], [ 427442.75, 434498.5 ], [ 427443.0, 434498.5 ], [ 427443.0, 434498.25 ], [ 427443.25, 434498.25 ], [ 427443.25, 434498.0 ], [ 427443.5, 434498.0 ], [ 427443.5, 434497.75 ], [ 427443.75, 434497.75 ], [ 427443.75, 434497.5 ], [ 427444.0, 434497.5 ], [ 427444.0, 434497.25 ], [ 427444.5, 434497.25 ], [ 427444.5, 434497.0 ], [ 427445.0, 434497.0 ], [ 427445.0, 434496.75 ], [ 427445.5, 434496.75 ], [ 427445.5, 434496.5 ], [ 427446.0, 434496.5 ], [ 427446.0, 434496.25 ], [ 427446.25, 434496.25 ], [ 427446.25, 434496.0 ], [ 427446.75, 434496.0 ], [ 427446.75, 434495.75 ], [ 427447.0, 434495.75 ], [ 427447.0, 434495.5 ], [ 427447.5, 434495.5 ], [ 427447.5, 434495.25 ], [ 427448.0, 434495.25 ], [ 427448.0, 434495.0 ], [ 427448.5, 434495.0 ], [ 427448.5, 434494.75 ], [ 427449.0, 434494.75 ], [ 427449.0, 434494.5 ], [ 427449.5, 434494.5 ], [ 427449.5, 434494.25 ], [ 427450.25, 434494.25 ], [ 427450.25, 434494.0 ], [ 427450.5, 434494.0 ], [ 427450.5, 434493.75 ], [ 427451.0, 434493.75 ], [ 427451.0, 434493.5 ], [ 427451.5, 434493.5 ], [ 427451.5, 434493.25 ], [ 427452.25, 434493.25 ], [ 427452.25, 434493.0 ], [ 427453.25, 434493.0 ], [ 427453.25, 434492.75 ], [ 427454.0, 434492.75 ], [ 427454.0, 434492.5 ], [ 427454.75, 434492.5 ], [ 427454.75, 434492.25 ], [ 427455.25, 434492.25 ], [ 427455.25, 434492.0 ], [ 427455.75, 434492.0 ], [ 427455.75, 434491.75 ], [ 427456.25, 434491.75 ], [ 427456.25, 434491.5 ], [ 427456.75, 434491.5 ], [ 427456.75, 434491.25 ], [ 427457.25, 434491.25 ], [ 427457.25, 434491.0 ], [ 427457.75, 434491.0 ], [ 427457.75, 434490.75 ], [ 427458.5, 434490.75 ], [ 427458.5, 434490.5 ], [ 427459.5, 434490.5 ], [ 427459.5, 434490.25 ], [ 427460.0, 434490.25 ], [ 427460.0, 434490.0 ], [ 427460.5, 434490.0 ], [ 427460.5, 434489.75 ], [ 427461.0, 434489.75 ], [ 427461.0, 434489.0 ], [ 427461.25, 434489.0 ], [ 427461.25, 434488.0 ], [ 427481.25, 434488.0 ], [ 427481.25, 434489.75 ], [ 427481.5, 434489.75 ], [ 427481.5, 434490.5 ], [ 427481.75, 434490.5 ], [ 427481.75, 434491.0 ], [ 427482.0, 434491.0 ], [ 427482.0, 434491.5 ], [ 427482.25, 434491.5 ], [ 427482.25, 434492.0 ], [ 427482.5, 434492.0 ], [ 427482.5, 434492.5 ], [ 427482.75, 434492.5 ], [ 427482.75, 434492.75 ], [ 427483.0, 434492.75 ], [ 427483.0, 434493.25 ], [ 427483.25, 434493.25 ], [ 427483.25, 434493.75 ], [ 427483.5, 434493.75 ], [ 427483.5, 434494.0 ], [ 427483.75, 434494.0 ], [ 427483.75, 434494.5 ], [ 427484.0, 434494.5 ], [ 427484.0, 434495.0 ], [ 427484.25, 434495.0 ], [ 427484.25, 434495.5 ], [ 427484.5, 434495.5 ], [ 427484.5, 434496.0 ], [ 427484.75, 434496.0 ], [ 427484.75, 434496.75 ], [ 427485.0, 434496.75 ], [ 427485.0, 434497.75 ], [ 427485.25, 434497.75 ], [ 427485.25, 434498.0 ], [ 427485.5, 434498.0 ], [ 427485.5, 434498.5 ], [ 427485.75, 434498.5 ], [ 427485.75, 434498.75 ], [ 427486.0, 434498.75 ], [ 427486.0, 434499.0 ], [ 427486.25, 434499.0 ], [ 427486.25, 434499.25 ], [ 427486.5, 434499.25 ], [ 427486.5, 434499.5 ], [ 427486.75, 434499.5 ], [ 427486.75, 434499.75 ], [ 427487.0, 434499.75 ], [ 427487.0, 434500.0 ], [ 427487.25, 434500.0 ], [ 427487.25, 434500.25 ], [ 427487.5, 434500.25 ], [ 427487.5, 434500.75 ], [ 427487.75, 434500.75 ], [ 427487.75, 434501.0 ], [ 427488.0, 434501.0 ], [ 427488.0, 434501.25 ], [ 427488.25, 434501.25 ], [ 427488.25, 434501.5 ], [ 427488.5, 434501.5 ], [ 427488.5, 434502.0 ], [ 427488.75, 434502.0 ], [ 427488.75, 434502.5 ], [ 427489.0, 434502.5 ], [ 427489.0, 434503.0 ], [ 427489.25, 434503.0 ], [ 427489.25, 434503.5 ], [ 427489.5, 434503.5 ], [ 427489.5, 434504.0 ], [ 427489.75, 434504.0 ], [ 427489.75, 434504.5 ], [ 427490.0, 434504.5 ], [ 427490.0, 434505.0 ], [ 427490.25, 434505.0 ], [ 427490.25, 434505.75 ], [ 427490.5, 434505.75 ], [ 427490.5, 434506.25 ], [ 427490.75, 434506.25 ], [ 427490.75, 434507.0 ], [ 427491.0, 434507.0 ], [ 427491.0, 434507.5 ], [ 427491.25, 434507.5 ], [ 427491.25, 434508.25 ], [ 427491.5, 434508.25 ], [ 427491.5, 434508.75 ], [ 427491.75, 434508.75 ], [ 427491.75, 434509.5 ], [ 427492.0, 434509.5 ], [ 427492.0, 434510.25 ], [ 427492.25, 434510.25 ], [ 427492.25, 434511.0 ], [ 427492.5, 434511.0 ], [ 427492.5, 434511.5 ], [ 427492.75, 434511.5 ], [ 427492.75, 434512.25 ], [ 427493.0, 434512.25 ], [ 427493.0, 434513.0 ], [ 427493.25, 434513.0 ], [ 427493.25, 434513.5 ], [ 427493.5, 434513.5 ], [ 427493.5, 434514.0 ], [ 427493.75, 434514.0 ], [ 427493.75, 434514.5 ], [ 427494.0, 434514.5 ], [ 427494.0, 434514.75 ], [ 427494.25, 434514.75 ], [ 427494.25, 434515.0 ], [ 427494.5, 434515.0 ], [ 427494.5, 434515.25 ], [ 427494.75, 434515.25 ], [ 427494.75, 434515.5 ], [ 427495.0, 434515.5 ], [ 427495.0, 434515.75 ], [ 427495.25, 434515.75 ], [ 427495.25, 434516.0 ], [ 427495.5, 434516.0 ], [ 427495.5, 434516.5 ], [ 427495.75, 434516.5 ], [ 427495.75, 434516.75 ], [ 427496.0, 434516.75 ], [ 427496.0, 434517.25 ], [ 427496.25, 434517.25 ], [ 427496.25, 434517.5 ], [ 427496.5, 434517.5 ], [ 427496.5, 434518.0 ], [ 427496.75, 434518.0 ], [ 427496.75, 434518.5 ], [ 427497.0, 434518.5 ], [ 427497.0, 434519.5 ], [ 427497.25, 434519.5 ], [ 427497.25, 434520.5 ], [ 427497.5, 434520.5 ], [ 427497.5, 434520.75 ], [ 427497.75, 434520.75 ], [ 427497.75, 434521.25 ], [ 427498.0, 434521.25 ], [ 427498.0, 434523.25 ], [ 427497.75, 434523.25 ], [ 427497.75, 434524.0 ], [ 427498.0, 434524.0 ], [ 427498.0, 434524.75 ], [ 427497.75, 434524.75 ], [ 427497.75, 434525.25 ], [ 427497.5, 434525.25 ], [ 427497.5, 434525.5 ], [ 427496.5, 434525.5 ], [ 427496.5, 434526.0 ], [ 427496.25, 434526.0 ], [ 427496.25, 434526.75 ], [ 427496.0, 434526.75 ], [ 427496.0, 434527.0 ], [ 427495.75, 434527.0 ], [ 427495.75, 434527.5 ], [ 427495.5, 434527.5 ], [ 427495.5, 434527.75 ], [ 427495.0, 434527.75 ], [ 427495.0, 434528.0 ], [ 427494.5, 434528.0 ], [ 427494.5, 434528.25 ], [ 427494.0, 434528.25 ], [ 427494.0, 434528.5 ], [ 427493.5, 434528.5 ], [ 427493.5, 434528.75 ], [ 427493.25, 434528.75 ], [ 427493.25, 434529.0 ], [ 427493.0, 434529.0 ], [ 427493.0, 434529.25 ], [ 427492.75, 434529.25 ], [ 427492.75, 434529.5 ], [ 427492.5, 434529.5 ], [ 427492.5, 434529.75 ], [ 427492.0, 434529.75 ], [ 427492.0, 434530.0 ], [ 427491.25, 434530.0 ], [ 427491.25, 434530.25 ], [ 427490.75, 434530.25 ], [ 427490.75, 434530.5 ], [ 427490.0, 434530.5 ], [ 427490.0, 434530.75 ], [ 427489.25, 434530.75 ], [ 427489.25, 434531.0 ], [ 427488.5, 434531.0 ], [ 427488.5, 434531.25 ], [ 427488.0, 434531.25 ], [ 427488.0, 434531.5 ], [ 427487.5, 434531.5 ], [ 427487.5, 434531.75 ], [ 427487.25, 434531.75 ], [ 427487.25, 434532.0 ], [ 427486.75, 434532.0 ], [ 427486.75, 434532.25 ], [ 427486.5, 434532.25 ], [ 427486.5, 434532.75 ], [ 427486.25, 434532.75 ], [ 427486.25, 434533.25 ], [ 427486.0, 434533.25 ], [ 427486.0, 434533.5 ], [ 427485.75, 434533.5 ], [ 427485.75, 434533.75 ], [ 427485.5, 434533.75 ], [ 427485.5, 434534.0 ], [ 427485.0, 434534.0 ], [ 427485.0, 434534.25 ], [ 427484.75, 434534.25 ], [ 427484.75, 434534.5 ], [ 427484.5, 434534.5 ], [ 427484.5, 434534.75 ], [ 427483.75, 434534.75 ], [ 427483.75, 434535.0 ], [ 427483.0, 434535.0 ], [ 427483.0, 434535.25 ], [ 427482.5, 434535.25 ], [ 427482.5, 434535.5 ], [ 427481.75, 434535.5 ], [ 427481.75, 434535.75 ], [ 427480.5, 434535.75 ], [ 427480.5, 434536.0 ], [ 427479.75, 434536.0 ], [ 427479.75, 434536.25 ], [ 427479.0, 434536.25 ], [ 427479.0, 434536.5 ], [ 427477.25, 434536.5 ], [ 427477.25, 434536.25 ], [ 427477.0, 434536.25 ], [ 427477.0, 434536.0 ], [ 427476.75, 434536.0 ], [ 427476.75, 434535.75 ], [ 427476.5, 434535.75 ], [ 427476.5, 434535.5 ], [ 427476.25, 434535.5 ], [ 427476.25, 434535.25 ], [ 427476.0, 434535.25 ], [ 427476.0, 434534.75 ], [ 427475.75, 434534.75 ], [ 427475.75, 434534.25 ], [ 427475.5, 434534.25 ], [ 427475.5, 434533.5 ], [ 427475.25, 434533.5 ], [ 427475.25, 434532.75 ], [ 427475.0, 434532.75 ], [ 427475.0, 434532.25 ], [ 427474.75, 434532.25 ], [ 427474.75, 434531.75 ], [ 427474.5, 434531.75 ], [ 427474.5, 434531.25 ], [ 427474.25, 434531.25 ], [ 427474.25, 434531.0 ], [ 427474.0, 434531.0 ], [ 427474.0, 434530.75 ], [ 427473.75, 434530.75 ], [ 427473.75, 434530.5 ], [ 427473.25, 434530.5 ], [ 427473.25, 434530.25 ], [ 427473.0, 434530.25 ], [ 427473.0, 434530.0 ], [ 427472.75, 434530.0 ], [ 427472.75, 434529.75 ], [ 427472.5, 434529.75 ], [ 427472.5, 434529.5 ], [ 427472.0, 434529.5 ], [ 427472.0, 434529.25 ], [ 427471.5, 434529.25 ], [ 427471.5, 434529.0 ], [ 427471.0, 434529.0 ], [ 427471.0, 434528.75 ], [ 427470.0, 434528.75 ], [ 427470.0, 434529.0 ], [ 427469.25, 434529.0 ], [ 427469.25, 434529.25 ], [ 427469.0, 434529.25 ], [ 427469.0, 434529.5 ], [ 427468.5, 434529.5 ], [ 427468.5, 434529.75 ], [ 427468.25, 434529.75 ], [ 427468.25, 434530.0 ], [ 427467.75, 434530.0 ], [ 427467.75, 434530.25 ], [ 427467.5, 434530.25 ], [ 427467.5, 434530.5 ], [ 427467.25, 434530.5 ], [ 427467.25, 434530.75 ], [ 427466.75, 434530.75 ], [ 427466.75, 434531.0 ], [ 427466.25, 434531.0 ], [ 427466.25, 434531.25 ], [ 427465.75, 434531.25 ], [ 427465.75, 434531.5 ], [ 427465.5, 434531.5 ], [ 427465.5, 434531.75 ], [ 427465.0, 434531.75 ], [ 427465.0, 434532.0 ], [ 427464.5, 434532.0 ], [ 427464.5, 434532.25 ], [ 427464.25, 434532.25 ], [ 427464.25, 434532.5 ], [ 427464.0, 434532.5 ], [ 427464.0, 434532.75 ], [ 427463.75, 434532.75 ], [ 427463.75, 434533.0 ], [ 427463.25, 434533.0 ], [ 427463.25, 434533.25 ], [ 427463.0, 434533.25 ], [ 427463.0, 434533.5 ], [ 427462.75, 434533.5 ], [ 427462.75, 434534.25 ], [ 427462.5, 434534.25 ], [ 427462.5, 434534.75 ], [ 427462.75, 434534.75 ], [ 427462.75, 434535.25 ], [ 427463.0, 434535.25 ], [ 427463.0, 434536.25 ], [ 427463.25, 434536.25 ], [ 427463.25, 434537.75 ], [ 427463.5, 434537.75 ], [ 427463.5, 434540.25 ], [ 427463.75, 434540.25 ], [ 427463.75, 434544.0 ], [ 427463.5, 434544.0 ], [ 427463.5, 434544.75 ], [ 427463.25, 434544.75 ], [ 427463.25, 434545.25 ], [ 427463.0, 434545.25 ], [ 427463.0, 434545.75 ], [ 427462.75, 434545.75 ], [ 427462.75, 434546.25 ], [ 427462.5, 434546.25 ], [ 427462.5, 434546.75 ], [ 427462.0, 434546.75 ], [ 427462.0, 434547.0 ], [ 427461.75, 434547.0 ], [ 427461.75, 434547.5 ], [ 427461.25, 434547.5 ], [ 427461.25, 434547.75 ], [ 427461.0, 434547.75 ], [ 427461.0, 434548.0 ], [ 427460.5, 434548.0 ], [ 427460.5, 434548.25 ], [ 427460.0, 434548.25 ], [ 427460.0, 434548.5 ], [ 427459.75, 434548.5 ], [ 427459.75, 434548.75 ], [ 427459.5, 434548.75 ], [ 427459.5, 434549.0 ], [ 427459.25, 434549.0 ], [ 427459.25, 434549.25 ], [ 427458.75, 434549.25 ], [ 427458.75, 434549.5 ], [ 427458.5, 434549.5 ], [ 427458.5, 434549.75 ], [ 427458.0, 434549.75 ], [ 427458.0, 434550.0 ], [ 427457.75, 434550.0 ], [ 427457.75, 434550.25 ], [ 427457.25, 434550.25 ], [ 427457.25, 434550.5 ], [ 427457.0, 434550.5 ], [ 427457.0, 434550.75 ], [ 427456.75, 434550.75 ], [ 427456.75, 434551.0 ], [ 427456.25, 434551.0 ], [ 427456.25, 434551.25 ], [ 427456.0, 434551.25 ], [ 427456.0, 434551.5 ], [ 427455.5, 434551.5 ], [ 427455.5, 434551.75 ], [ 427455.0, 434551.75 ], [ 427455.0, 434552.0 ], [ 427454.5, 434552.0 ], [ 427454.5, 434552.25 ], [ 427454.25, 434552.25 ], [ 427454.25, 434552.5 ], [ 427454.0, 434552.5 ], [ 427454.0, 434552.75 ], [ 427453.75, 434552.75 ], [ 427453.75, 434553.0 ], [ 427453.0, 434553.0 ], [ 427453.0, 434553.25 ], [ 427452.5, 434553.25 ], [ 427452.5, 434553.5 ], [ 427452.25, 434553.5 ], [ 427452.25, 434553.75 ], [ 427452.0, 434553.75 ], [ 427452.0, 434554.0 ], [ 427451.75, 434554.0 ], [ 427451.75, 434554.25 ], [ 427450.25, 434554.25 ], [ 427450.25, 434554.5 ], [ 427449.75, 434554.5 ], [ 427449.75, 434554.75 ], [ 427449.5, 434554.75 ] ], [ [ 427489.5, 434527.25 ], [ 427490.0, 434527.25 ], [ 427490.0, 434527.0 ], [ 427490.25, 434527.0 ], [ 427490.25, 434526.75 ], [ 427490.75, 434526.75 ], [ 427490.75, 434527.0 ], [ 427491.0, 434527.0 ], [ 427491.0, 434527.25 ], [ 427491.5, 434527.25 ], [ 427491.5, 434527.0 ], [ 427492.0, 434527.0 ], [ 427492.0, 434526.75 ], [ 427492.25, 434526.75 ], [ 427492.25, 434526.25 ], [ 427492.0, 434526.25 ], [ 427492.0, 434526.0 ], [ 427491.75, 434526.0 ], [ 427491.75, 434525.75 ], [ 427491.5, 434525.75 ], [ 427491.5, 434525.5 ], [ 427491.25, 434525.5 ], [ 427491.25, 434525.25 ], [ 427491.0, 434525.25 ], [ 427491.0, 434524.5 ], [ 427490.75, 434524.5 ], [ 427490.75, 434523.75 ], [ 427490.5, 434523.75 ], [ 427490.5, 434523.5 ], [ 427490.25, 434523.5 ], [ 427490.25, 434523.75 ], [ 427490.0, 434523.75 ], [ 427490.0, 434524.25 ], [ 427489.75, 434524.25 ], [ 427489.75, 434524.75 ], [ 427489.25, 434524.75 ], [ 427489.25, 434525.0 ], [ 427489.0, 434525.0 ], [ 427489.0, 434525.25 ], [ 427488.75, 434525.25 ], [ 427488.75, 434525.5 ], [ 427488.5, 434525.5 ], [ 427488.5, 434525.75 ], [ 427488.75, 434525.75 ], [ 427488.75, 434526.25 ], [ 427489.0, 434526.25 ], [ 427489.0, 434526.5 ], [ 427489.25, 434526.5 ], [ 427489.25, 434527.0 ], [ 427489.5, 434527.0 ], [ 427489.5, 434527.25 ] ], [ [ 427489.5, 434523.0 ], [ 427490.0, 434523.0 ], [ 427490.0, 434522.5 ], [ 427489.75, 434522.5 ], [ 427489.75, 434522.25 ], [ 427489.5, 434522.25 ], [ 427489.5, 434522.5 ], [ 427489.25, 434522.5 ], [ 427489.25, 434522.75 ], [ 427489.5, 434522.75 ], [ 427489.5, 434523.0 ] ] ] } },
{ "type": "Feature", "properties": { }, "geometry": { "type": "Polygon", "coordinates": [ [ [ 427562.0, 434520.75 ], [ 427562.0, 434520.5 ], [ 427560.75, 434520.5 ], [ 427560.75, 434520.25 ], [ 427560.0, 434520.25 ], [ 427560.0, 434520.0 ], [ 427559.25, 434520.0 ], [ 427559.25, 434519.75 ], [ 427558.5, 434519.75 ], [ 427558.5, 434519.5 ], [ 427557.75, 434519.5 ], [ 427557.75, 434519.25 ], [ 427557.0, 434519.25 ], [ 427557.0, 434519.0 ], [ 427556.25, 434519.0 ], [ 427556.25, 434518.75 ], [ 427556.0, 434518.75 ], [ 427556.0, 434518.5 ], [ 427555.75, 434518.5 ], [ 427555.75, 434518.25 ], [ 427555.5, 434518.25 ], [ 427555.5, 434518.0 ], [ 427555.25, 434518.0 ], [ 427555.25, 434517.5 ], [ 427555.0, 434517.5 ], [ 427555.0, 434517.0 ], [ 427554.75, 434517.0 ], [ 427554.75, 434514.75 ], [ 427554.5, 434514.75 ], [ 427554.5, 434513.25 ], [ 427554.25, 434513.25 ], [ 427554.25, 434512.75 ], [ 427554.0, 434512.75 ], [ 427554.0, 434512.0 ], [ 427553.75, 434512.0 ], [ 427553.75, 434511.5 ], [ 427553.5, 434511.5 ], [ 427553.5, 434511.0 ], [ 427553.25, 434511.0 ], [ 427553.25, 434510.25 ], [ 427553.0, 434510.25 ], [ 427553.0, 434509.5 ], [ 427552.75, 434509.5 ], [ 427552.75, 434509.0 ], [ 427552.5, 434509.0 ], [ 427552.5, 434508.5 ], [ 427552.25, 434508.5 ], [ 427552.25, 434507.25 ], [ 427552.0, 434507.25 ], [ 427552.0, 434506.5 ], [ 427551.75, 434506.5 ], [ 427551.75, 434505.25 ], [ 427552.0, 434505.25 ], [ 427552.0, 434504.0 ], [ 427552.25, 434504.0 ], [ 427552.25, 434503.25 ], [ 427552.5, 434503.25 ], [ 427552.5, 434502.5 ], [ 427552.75, 434502.5 ], [ 427552.75, 434499.25 ], [ 427553.0, 434499.25 ], [ 427553.0, 434498.0 ], [ 427553.25, 434498.0 ], [ 427553.25, 434496.0 ], [ 427553.5, 434496.0 ], [ 427553.5, 434495.5 ], [ 427553.75, 434495.5 ], [ 427553.75, 434494.75 ], [ 427554.0, 434494.75 ], [ 427554.0, 434494.0 ], [ 427554.25, 434494.0 ], [ 427554.25, 434492.75 ], [ 427554.5, 434492.75 ], [ 427554.5, 434492.0 ], [ 427554.25, 434492.0 ], [ 427554.25, 434490.25 ], [ 427554.0, 434490.25 ], [ 427554.0, 434489.25 ], [ 427554.25, 434489.25 ], [ 427554.25, 434489.0 ], [ 427554.5, 434489.0 ], [ 427554.5, 434488.0 ], [ 427565.0, 434488.0 ], [ 427565.0, 434486.25 ], [ 427565.25, 434486.25 ], [ 427565.25, 434486.0 ], [ 427565.5, 434486.0 ], [ 427565.5, 434485.75 ], [ 427565.75, 434485.75 ], [ 427565.75, 434485.5 ], [ 427566.75, 434485.5 ], [ 427566.75, 434485.25 ], [ 427568.75, 434485.25 ], [ 427568.75, 434485.0 ], [ 427569.75, 434485.0 ], [ 427569.75, 434485.25 ], [ 427570.5, 434485.25 ], [ 427570.5, 434485.5 ], [ 427570.75, 434485.5 ], [ 427570.75, 434488.0 ], [ 427584.0, 434488.0 ], [ 427584.0, 434490.0 ], [ 427584.25, 434490.0 ], [ 427584.25, 434490.75 ], [ 427584.5, 434490.75 ], [ 427584.5, 434491.5 ], [ 427584.75, 434491.5 ], [ 427584.75, 434492.0 ], [ 427585.0, 434492.0 ], [ 427585.0, 434492.75 ], [ 427585.25, 434492.75 ], [ 427585.25, 434493.75 ], [ 427585.5, 434493.75 ], [ 427585.5, 434494.75 ], [ 427585.75, 434494.75 ], [ 427585.75, 434495.25 ], [ 427586.0, 434495.25 ], [ 427586.0, 434495.75 ], [ 427586.25, 434495.75 ], [ 427586.25, 434496.5 ], [ 427586.5, 434496.5 ], [ 427586.5, 434497.25 ], [ 427586.75, 434497.25 ], [ 427586.75, 434497.75 ], [ 427587.0, 434497.75 ], [ 427587.0, 434498.0 ], [ 427587.25, 434498.0 ], [ 427587.25, 434498.5 ], [ 427587.5, 434498.5 ], [ 427587.5, 434498.75 ], [ 427587.75, 434498.75 ], [ 427587.75, 434499.5 ], [ 427588.0, 434499.5 ], [ 427588.0, 434500.5 ], [ 427588.25, 434500.5 ], [ 427588.25, 434502.25 ], [ 427588.5, 434502.25 ], [ 427588.5, 434502.75 ], [ 427588.25, 434502.75 ], [ 427588.25, 434504.0 ], [ 427588.0, 434504.0 ], [ 427588.0, 434505.25 ], [ 427587.75, 434505.25 ], [ 427587.75, 434506.0 ], [ 427587.5, 434506.0 ], [ 427587.5, 434506.5 ], [ 427587.25, 434506.5 ], [ 427587.25, 434507.0 ], [ 427587.0, 434507.0 ], [ 427587.0, 434507.25 ], [ 427586.75, 434507.25 ], [ 427586.75, 434507.75 ], [ 427586.5, 434507.75 ], [ 427586.5, 434508.25 ], [ 427586.25, 434508.25 ], [ 427586.25, 434508.75 ], [ 427586.0, 434508.75 ], [ 427586.0, 434509.0 ], [ 427585.75, 434509.0 ], [ 427585.75, 434509.5 ], [ 427585.5, 434509.5 ], [ 427585.5, 434510.0 ], [ 427585.25, 434510.0 ], [ 427585.25, 434510.75 ], [ 427585.0, 434510.75 ], [ 427585.0, 434511.25 ], [ 427584.75, 434511.25 ], [ 427584.75, 434512.0 ], [ 427584.5, 434512.0 ], [ 427584.5, 434512.5 ], [ 427584.25, 434512.5 ], [ 427584.25, 434512.75 ], [ 427584.0, 434512.75 ], [ 427584.0, 434513.25 ], [ 427583.75, 434513.25 ], [ 427583.75, 434513.5 ], [ 427583.5, 434513.5 ], [ 427583.5, 434514.0 ], [ 427583.25, 434514.0 ], [ 427583.25, 434514.25 ], [ 427583.0, 434514.25 ], [ 427583.0, 434514.5 ], [ 427582.75, 434514.5 ], [ 427582.75, 434514.75 ], [ 427582.25, 434514.75 ], [ 427582.25, 434515.0 ], [ 427582.0, 434515.0 ], [ 427582.0, 434515.25 ], [ 427581.5, 434515.25 ], [ 427581.5, 434515.5 ], [ 427581.0, 434515.5 ], [ 427581.0, 434515.75 ], [ 427580.5, 434515.75 ], [ 427580.5, 434516.0 ], [ 427579.75, 434516.0 ], [ 427579.75, 434516.25 ], [ 427579.25, 434516.25 ], [ 427579.25, 434516.5 ], [ 427578.75, 434516.5 ], [ 427578.75, 434516.75 ], [ 427578.0, 434516.75 ], [ 427578.0, 434517.0 ], [ 427577.5, 434517.0 ], [ 427577.5, 434517.25 ], [ 427576.75, 434517.25 ], [ 427576.75, 434517.5 ], [ 427576.25, 434517.5 ], [ 427576.25, 434517.75 ], [ 427575.75, 434517.75 ], [ 427575.75, 434518.0 ], [ 427575.25, 434518.0 ], [ 427575.25, 434518.25 ], [ 427574.75, 434518.25 ], [ 427574.75, 434518.5 ], [ 427574.25, 434518.5 ], [ 427574.25, 434518.75 ], [ 427573.5, 434518.75 ], [ 427573.5, 434519.0 ], [ 427572.75, 434519.0 ], [ 427572.75, 434519.25 ], [ 427572.25, 434519.25 ], [ 427572.25, 434519.5 ], [ 427571.25, 434519.5 ], [ 427571.25, 434519.75 ], [ 427570.5, 434519.75 ], [ 427570.5, 434520.0 ], [ 427569.5, 434520.0 ], [ 427569.5, 434520.25 ], [ 427567.75, 434520.25 ], [ 427567.75, 434520.5 ], [ 427564.0, 434520.5 ], [ 427564.0, 434520.75 ], [ 427562.0, 434520.75 ] ] ] } },
{ "type": "Feature", "properties": { }, "geometry": { "type": "Polygon", "coordinates": [ [ [ 427736.0, 434507.25 ], [ 427736.0, 434507.0 ], [ 427734.25, 434507.0 ], [ 427734.25, 434506.75 ], [ 427734.0, 434506.75 ], [ 427734.0, 434506.5 ], [ 427733.75, 434506.5 ], [ 427733.75, 434506.25 ], [ 427733.5, 434506.25 ], [ 427733.5, 434506.0 ], [ 427733.25, 434506.0 ], [ 427733.25, 434505.5 ], [ 427733.0, 434505.5 ], [ 427733.0, 434505.0 ], [ 427732.75, 434505.0 ], [ 427732.75, 434504.5 ], [ 427732.5, 434504.5 ], [ 427732.5, 434503.75 ], [ 427732.25, 434503.75 ], [ 427732.25, 434503.0 ], [ 427732.0, 434503.0 ], [ 427732.0, 434502.25 ], [ 427731.75, 434502.25 ], [ 427731.75, 434501.5 ], [ 427731.5, 434501.5 ], [ 427731.5, 434500.25 ], [ 427731.25, 434500.25 ], [ 427731.25, 434499.5 ], [ 427731.0, 434499.5 ], [ 427731.0, 434498.75 ], [ 427730.75, 434498.75 ], [ 427730.75, 434498.5 ], [ 427730.5, 434498.5 ], [ 427730.5, 434497.75 ], [ 427730.25, 434497.75 ], [ 427730.25, 434497.25 ], [ 427730.0, 434497.25 ], [ 427730.0, 434497.0 ], [ 427729.75, 434497.0 ], [ 427729.75, 434496.75 ], [ 427729.5, 434496.75 ], [ 427729.5, 434496.5 ], [ 427729.25, 434496.5 ], [ 427729.25, 434496.25 ], [ 427729.0, 434496.25 ], [ 427729.0, 434496.0 ], [ 427728.75, 434496.0 ], [ 427728.75, 434495.75 ], [ 427728.25, 434495.75 ], [ 427728.25, 434495.5 ], [ 427728.0, 434495.5 ], [ 427728.0, 434495.25 ], [ 427727.5, 434495.25 ], [ 427727.5, 434495.0 ], [ 427727.25, 434495.0 ], [ 427727.25, 434494.75 ], [ 427725.0, 434494.75 ], [ 427725.0, 434495.0 ], [ 427724.25, 434495.0 ], [ 427724.25, 434495.25 ], [ 427723.25, 434495.25 ], [ 427723.25, 434495.5 ], [ 427722.5, 434495.5 ], [ 427722.5, 434495.75 ], [ 427721.75, 434495.75 ], [ 427721.75, 434496.0 ], [ 427720.75, 434496.0 ], [ 427720.75, 434496.25 ], [ 427720.25, 434496.25 ], [ 427720.25, 434496.5 ], [ 427719.75, 434496.5 ], [ 427719.75, 434496.75 ], [ 427719.0, 434496.75 ], [ 427719.0, 434497.0 ], [ 427718.5, 434497.0 ], [ 427718.5, 434497.25 ], [ 427718.0, 434497.25 ], [ 427718.0, 434497.5 ], [ 427717.5, 434497.5 ], [ 427717.5, 434497.75 ], [ 427717.0, 434497.75 ], [ 427717.0, 434498.0 ], [ 427716.5, 434498.0 ], [ 427716.5, 434498.25 ], [ 427716.25, 434498.25 ], [ 427716.25, 434498.5 ], [ 427716.0, 434498.5 ], [ 427716.0, 434498.75 ], [ 427715.75, 434498.75 ], [ 427715.75, 434499.0 ], [ 427715.25, 434499.0 ], [ 427715.25, 434499.25 ], [ 427715.0, 434499.25 ], [ 427715.0, 434499.5 ], [ 427714.75, 434499.5 ], [ 427714.75, 434499.75 ], [ 427714.25, 434499.75 ], [ 427714.25, 434500.0 ], [ 427713.0, 434500.0 ], [ 427713.0, 434499.75 ], [ 427712.0, 434499.75 ], [ 427712.0, 434499.5 ], [ 427711.25, 434499.5 ], [ 427711.25, 434499.0 ], [ 427711.0, 434499.0 ], [ 427711.0, 434498.75 ], [ 427710.75, 434498.75 ], [ 427710.75, 434498.25 ], [ 427710.5, 434498.25 ], [ 427710.5, 434498.0 ], [ 427710.25, 434498.0 ], [ 427710.25, 434497.75 ], [ 427710.0, 434497.75 ], [ 427710.0, 434497.5 ], [ 427709.75, 434497.5 ], [ 427709.75, 434497.0 ], [ 427709.5, 434497.0 ], [ 427709.5, 434496.5 ], [ 427709.25, 434496.5 ], [ 427709.25, 434496.25 ], [ 427709.0, 434496.25 ], [ 427709.0, 434496.0 ], [ 427708.75, 434496.0 ], [ 427708.75, 434495.75 ], [ 427708.5, 434495.75 ], [ 427708.5, 434494.5 ], [ 427708.25, 434494.5 ], [ 427708.25, 434494.0 ], [ 427708.0, 434494.0 ], [ 427708.0, 434493.25 ], [ 427707.75, 434493.25 ], [ 427707.75, 434493.0 ], [ 427707.5, 434493.0 ], [ 427707.5, 434492.5 ], [ 427707.25, 434492.5 ], [ 427707.25, 434492.0 ], [ 427707.0, 434492.0 ], [ 427707.0, 434491.5 ], [ 427706.75, 434491.5 ], [ 427706.75, 434490.75 ], [ 427706.5, 434490.75 ], [ 427706.5, 434489.0 ], [ 427706.25, 434489.0 ], [ 427706.25, 434488.0 ], [ 427700.0, 434488.0 ], [ 427700.0, 434488.75 ], [ 427700.25, 434488.75 ], [ 427700.25, 434489.0 ], [ 427700.75, 434489.0 ], [ 427700.75, 434489.25 ], [ 427701.0, 434489.25 ], [ 427701.0, 434489.75 ], [ 427700.75, 434489.75 ], [ 427700.75, 434490.25 ], [ 427700.0, 434490.25 ], [ 427700.0, 434489.75 ], [ 427699.75, 434489.75 ], [ 427699.75, 434489.0 ], [ 427699.5, 434489.0 ], [ 427699.5, 434489.25 ], [ 427699.25, 434489.25 ], [ 427699.25, 434489.75 ], [ 427699.0, 434489.75 ], [ 427699.0, 434490.0 ], [ 427698.75, 434490.0 ], [ 427698.75, 434490.25 ], [ 427698.5, 434490.25 ], [ 427698.5, 434490.0 ], [ 427698.25, 434490.0 ], [ 427698.25, 434489.0 ], [ 427698.0, 434489.0 ], [ 427698.0, 434488.5 ], [ 427697.75, 434488.5 ], [ 427697.75, 434488.0 ], [ 427699.5, 434488.0 ], [ 427699.5, 434487.0 ], [ 427699.75, 434487.0 ], [ 427699.75, 434486.25 ], [ 427700.0, 434486.25 ], [ 427700.0, 434486.0 ], [ 427700.25, 434486.0 ], [ 427700.25, 434485.75 ], [ 427700.5, 434485.75 ], [ 427700.5, 434485.5 ], [ 427700.75, 434485.5 ], [ 427700.75, 434485.0 ], [ 427701.0, 434485.0 ], [ 427701.0, 434484.5 ], [ 427701.25, 434484.5 ], [ 427701.25, 434484.25 ], [ 427701.5, 434484.25 ], [ 427701.5, 434484.0 ], [ 427701.75, 434484.0 ], [ 427701.75, 434483.75 ], [ 427702.25, 434483.75 ], [ 427702.25, 434483.5 ], [ 427702.5, 434483.5 ], [ 427702.5, 434483.25 ], [ 427702.75, 434483.25 ], [ 427702.75, 434483.0 ], [ 427703.0, 434483.0 ], [ 427703.0, 434482.75 ], [ 427703.25, 434482.75 ], [ 427703.25, 434482.5 ], [ 427703.5, 434482.5 ], [ 427703.5, 434482.25 ], [ 427703.75, 434482.25 ], [ 427703.75, 434482.0 ], [ 427704.0, 434482.0 ], [ 427704.0, 434481.75 ], [ 427704.25, 434481.75 ], [ 427704.25, 434481.5 ], [ 427704.75, 434481.5 ], [ 427704.75, 434481.25 ], [ 427705.25, 434481.25 ], [ 427705.25, 434481.0 ], [ 427705.5, 434481.0 ], [ 427705.5, 434480.75 ], [ 427705.75, 434480.75 ], [ 427705.75, 434480.5 ], [ 427706.0, 434480.5 ], [ 427706.0, 434480.25 ], [ 427706.5, 434480.25 ], [ 427706.5, 434480.0 ], [ 427706.75, 434480.0 ], [ 427706.75, 434479.75 ], [ 427707.0, 434479.75 ], [ 427707.0, 434479.5 ], [ 427707.25, 434479.5 ], [ 427707.25, 434479.0 ], [ 427707.5, 434479.0 ], [ 427707.5, 434478.75 ], [ 427707.75, 434478.75 ], [ 427707.75, 434478.5 ], [ 427708.0, 434478.5 ], [ 427708.0, 434478.25 ], [ 427708.25, 434478.25 ], [ 427708.25, 434478.0 ], [ 427708.75, 434478.0 ], [ 427708.75, 434477.75 ], [ 427709.0, 434477.75 ], [ 427709.0, 434477.5 ], [ 427709.5, 434477.5 ], [ 427709.5, 434477.25 ], [ 427710.25, 434477.25 ], [ 427710.25, 434477.0 ], [ 427710.75, 434477.0 ], [ 427710.75, 434476.75 ], [ 427711.25, 434476.75 ], [ 427711.25, 434476.5 ], [ 427712.0, 434476.5 ], [ 427712.0, 434476.25 ], [ 427712.75, 434476.25 ], [ 427712.75, 434476.0 ], [ 427713.25, 434476.0 ], [ 427713.25, 434475.75 ], [ 427714.0, 434475.75 ], [ 427714.0, 434475.5 ], [ 427715.0, 434475.5 ], [ 427715.0, 434475.25 ], [ 427715.75, 434475.25 ], [ 427715.75, 434475.0 ], [ 427716.75, 434475.0 ], [ 427716.75, 434474.75 ], [ 427717.5, 434474.75 ], [ 427717.5, 434474.5 ], [ 427718.25, 434474.5 ], [ 427718.25, 434474.25 ], [ 427719.0, 434474.25 ], [ 427719.0, 434474.0 ], [ 427719.75, 434474.0 ], [ 427719.75, 434473.75 ], [ 427720.25, 434473.75 ], [ 427720.25, 434473.5 ], [ 427721.0, 434473.5 ], [ 427721.0, 434473.25 ], [ 427722.0, 434473.25 ], [ 427722.0, 434473.0 ], [ 427723.5, 434473.0 ], [ 427723.5, 434472.75 ], [ 427725.25, 434472.75 ], [ 427725.25, 434472.5 ], [ 427726.25, 434472.5 ], [ 427726.25, 434472.25 ], [ 427727.0, 434472.25 ], [ 427727.0, 434472.5 ], [ 427729.5, 434472.5 ], [ 427729.5, 434472.75 ], [ 427730.0, 434472.75 ], [ 427730.0, 434473.0 ], [ 427730.25, 434473.0 ], [ 427730.25, 434473.25 ], [ 427730.5, 434473.25 ], [ 427730.5, 434473.5 ], [ 427730.75, 434473.5 ], [ 427730.75, 434474.0 ], [ 427731.0, 434474.0 ], [ 427731.0, 434474.25 ], [ 427731.25, 434474.25 ], [ 427731.25, 434474.5 ], [ 427731.5, 434474.5 ], [ 427731.5, 434474.75 ], [ 427731.75, 434474.75 ], [ 427731.75, 434475.25 ], [ 427732.0, 434475.25 ], [ 427732.0, 434475.5 ], [ 427732.25, 434475.5 ], [ 427732.25, 434475.75 ], [ 427732.5, 434475.75 ], [ 427732.5, 434476.25 ], [ 427732.75, 434476.25 ], [ 427732.75, 434476.75 ], [ 427733.0, 434476.75 ], [ 427733.0, 434477.25 ], [ 427733.25, 434477.25 ], [ 427733.25, 434477.75 ], [ 427733.5, 434477.75 ], [ 427733.5, 434478.25 ], [ 427733.75, 434478.25 ], [ 427733.75, 434479.0 ], [ 427734.0, 434479.0 ], [ 427734.0, 434480.0 ], [ 427734.25, 434480.0 ], [ 427734.25, 434481.25 ], [ 427734.5, 434481.25 ], [ 427734.5, 434482.75 ], [ 427734.75, 434482.75 ], [ 427734.75, 434484.0 ], [ 427735.0, 434484.0 ], [ 427735.0, 434486.5 ], [ 427734.75, 434486.5 ], [ 427734.75, 434487.0 ], [ 427735.0, 434487.0 ], [ 427735.0, 434488.0 ], [ 427742.75, 434488.0 ], [ 427742.75, 434490.5 ], [ 427743.0, 434490.5 ], [ 427743.0, 434491.5 ], [ 427743.25, 434491.5 ], [ 427743.25, 434495.25 ], [ 427743.0, 434495.25 ], [ 427743.0, 434499.25 ], [ 427742.75, 434499.25 ], [ 427742.75, 434500.5 ], [ 427742.5, 434500.5 ], [ 427742.5, 434502.0 ], [ 427742.25, 434502.0 ], [ 427742.25, 434503.25 ], [ 427742.0, 434503.25 ], [ 427742.0, 434504.0 ], [ 427741.75, 434504.0 ], [ 427741.75, 434504.5 ], [ 427741.5, 434504.5 ], [ 427741.5, 434504.75 ], [ 427741.25, 434504.75 ], [ 427741.25, 434505.0 ], [ 427741.0, 434505.0 ], [ 427741.0, 434505.25 ], [ 427740.75, 434505.25 ], [ 427740.75, 434505.5 ], [ 427740.5, 434505.5 ], [ 427740.5, 434505.75 ], [ 427739.75, 434505.75 ], [ 427739.75, 434506.0 ], [ 427739.0, 434506.0 ], [ 427739.0, 434506.25 ], [ 427738.25, 434506.25 ], [ 427738.25, 434506.5 ], [ 427738.0, 434506.5 ], [ 427738.0, 434506.75 ], [ 427737.5, 434506.75 ], [ 427737.5, 434507.0 ], [ 427736.5, 434507.0 ], [ 427736.5, 434507.25 ], [ 427736.0, 434507.25 ] ] ] } },
{ "type": "Feature", "properties": { }, "geometry": { "type": "Polygon", "coordinates": [ [ [ 427219.25, 434516.25 ], [ 427219.25, 434516.0 ], [ 427219.0, 434516.0 ], [ 427219.0, 434515.75 ], [ 427218.75, 434515.75 ], [ 427218.75, 434515.5 ], [ 427218.25, 434515.5 ], [ 427218.25, 434515.75 ], [ 427216.75, 434515.75 ], [ 427216.75, 434515.5 ], [ 427216.0, 434515.5 ], [ 427216.0, 434515.75 ], [ 427215.0, 434515.75 ], [ 427215.0, 434515.5 ], [ 427213.5, 434515.5 ], [ 427213.5, 434515.75 ], [ 427211.0, 434515.75 ], [ 427211.0, 434516.0 ], [ 427210.25, 434516.0 ], [ 427210.25, 434515.75 ], [ 427209.0, 434515.75 ], [ 427209.0, 434515.5 ], [ 427208.5, 434515.5 ], [ 427208.5, 434515.25 ], [ 427208.25, 434515.25 ], [ 427208.25, 434515.0 ], [ 427208.0, 434515.0 ], [ 427208.0, 434514.75 ], [ 427207.5, 434514.75 ], [ 427207.5, 434514.5 ], [ 427207.25, 434514.5 ], [ 427207.25, 434514.25 ], [ 427207.0, 434514.25 ], [ 427207.0, 434514.0 ], [ 427206.5, 434514.0 ], [ 427206.5, 434513.75 ], [ 427206.25, 434513.75 ], [ 427206.25, 434513.5 ], [ 427206.0, 434513.5 ], [ 427206.0, 434513.25 ], [ 427205.75, 434513.25 ], [ 427205.75, 434513.0 ], [ 427205.5, 434513.0 ], [ 427205.5, 434512.75 ], [ 427205.25, 434512.75 ], [ 427205.25, 434512.25 ], [ 427205.0, 434512.25 ], [ 427205.0, 434512.0 ], [ 427204.75, 434512.0 ], [ 427204.75, 434511.75 ], [ 427204.5, 434511.75 ], [ 427204.5, 434511.5 ], [ 427204.25, 434511.5 ], [ 427204.25, 434511.0 ], [ 427204.0, 434511.0 ], [ 427204.0, 434510.5 ], [ 427203.75, 434510.5 ], [ 427203.75, 434510.25 ], [ 427203.5, 434510.25 ], [ 427203.5, 434510.0 ], [ 427203.25, 434510.0 ], [ 427203.25, 434509.5 ], [ 427203.0, 434509.5 ], [ 427203.0, 434509.25 ], [ 427202.75, 434509.25 ], [ 427202.75, 434508.75 ], [ 427202.5, 434508.75 ], [ 427202.5, 434508.5 ], [ 427202.25, 434508.5 ], [ 427202.25, 434508.25 ], [ 427201.75, 434508.25 ], [ 427201.75, 434508.0 ], [ 427201.5, 434508.0 ], [ 427201.5, 434507.75 ], [ 427201.25, 434507.75 ], [ 427201.25, 434507.5 ], [ 427201.0, 434507.5 ], [ 427201.0, 434507.25 ], [ 427200.5, 434507.25 ], [ 427200.5, 434507.0 ], [ 427200.25, 434507.0 ], [ 427200.25, 434506.5 ], [ 427200.0, 434506.5 ], [ 427200.0, 434506.0 ], [ 427199.75, 434506.0 ], [ 427199.75, 434505.5 ], [ 427199.5, 434505.5 ], [ 427199.5, 434505.0 ], [ 427199.25, 434505.0 ], [ 427199.25, 434504.5 ], [ 427199.0, 434504.5 ], [ 427199.0, 434504.0 ], [ 427198.75, 434504.0 ], [ 427198.75, 434503.5 ], [ 427198.5, 434503.5 ], [ 427198.5, 434503.25 ], [ 427198.25, 434503.25 ], [ 427198.25, 434503.0 ], [ 427198.0, 434503.0 ], [ 427198.0, 434502.75 ], [ 427197.25, 434502.75 ], [ 427197.25, 434503.0 ], [ 427196.75, 434503.0 ], [ 427196.75, 434503.25 ], [ 427196.5, 434503.25 ], [ 427196.5, 434503.5 ], [ 427196.25, 434503.5 ], [ 427196.25, 434503.75 ], [ 427196.0, 434503.75 ], [ 427196.0, 434504.0 ], [ 427195.5, 434504.0 ], [ 427195.5, 434504.25 ], [ 427195.25, 434504.25 ], [ 427195.25, 434504.5 ], [ 427194.75, 434504.5 ], [ 427194.75, 434504.75 ], [ 427194.5, 434504.75 ], [ 427194.5, 434505.0 ], [ 427194.0, 434505.0 ], [ 427194.0, 434505.25 ], [ 427193.75, 434505.25 ], [ 427193.75, 434505.5 ], [ 427193.5, 434505.5 ], [ 427193.5, 434505.75 ], [ 427193.25, 434505.75 ], [ 427193.25, 434506.25 ], [ 427193.0, 434506.25 ], [ 427193.0, 434506.75 ], [ 427192.5, 434506.75 ], [ 427192.5, 434507.0 ], [ 427192.25, 434507.0 ], [ 427192.25, 434507.25 ], [ 427191.75, 434507.25 ], [ 427191.75, 434507.5 ], [ 427191.5, 434507.5 ], [ 427191.5, 434507.75 ], [ 427191.25, 434507.75 ], [ 427191.25, 434508.0 ], [ 427190.75, 434508.0 ], [ 427190.75, 434508.25 ], [ 427190.25, 434508.25 ], [ 427190.25, 434508.5 ], [ 427189.75, 434508.5 ], [ 427189.75, 434508.75 ], [ 427189.25, 434508.75 ], [ 427189.25, 434509.0 ], [ 427188.75, 434509.0 ], [ 427188.75, 434509.25 ], [ 427188.25, 434509.25 ], [ 427188.25, 434509.5 ], [ 427188.0, 434509.5 ], [ 427188.0, 434509.75 ], [ 427187.5, 434509.75 ], [ 427187.5, 434510.0 ], [ 427187.25, 434510.0 ], [ 427187.25, 434510.25 ], [ 427187.0, 434510.25 ], [ 427187.0, 434510.5 ], [ 427186.5, 434510.5 ], [ 427186.5, 434510.75 ], [ 427186.0, 434510.75 ], [ 427186.0, 434511.0 ], [ 427185.5, 434511.0 ], [ 427185.5, 434511.25 ], [ 427185.0, 434511.25 ], [ 427185.0, 434511.5 ], [ 427184.25, 434511.5 ], [ 427184.25, 434511.75 ], [ 427183.75, 434511.75 ], [ 427183.75, 434512.0 ], [ 427182.75, 434512.0 ], [ 427182.75, 434512.25 ], [ 427182.0, 434512.25 ], [ 427182.0, 434512.5 ], [ 427181.25, 434512.5 ], [ 427181.25, 434512.75 ], [ 427180.5, 434512.75 ], [ 427180.5, 434513.0 ], [ 427180.0, 434513.0 ], [ 427180.0, 434513.25 ], [ 427179.25, 434513.25 ], [ 427179.25, 434513.5 ], [ 427179.0, 434513.5 ], [ 427179.0, 434513.75 ], [ 427178.5, 434513.75 ], [ 427178.5, 434514.0 ], [ 427178.0, 434514.0 ], [ 427178.0, 434514.25 ], [ 427177.25, 434514.25 ], [ 427177.25, 434514.5 ], [ 427176.75, 434514.5 ], [ 427176.75, 434514.75 ], [ 427176.25, 434514.75 ], [ 427176.25, 434515.0 ], [ 427175.5, 434515.0 ], [ 427175.5, 434515.25 ], [ 427174.75, 434515.25 ], [ 427174.75, 434515.5 ], [ 427173.75, 434515.5 ], [ 427173.75, 434515.75 ], [ 427172.0, 434515.75 ], [ 427172.0, 434516.0 ], [ 427168.5, 434516.0 ], [ 427168.5, 434515.75 ], [ 427167.0, 434515.75 ], [ 427167.0, 434515.5 ], [ 427166.25, 434515.5 ], [ 427166.25, 434515.25 ], [ 427165.5, 434515.25 ], [ 427165.5, 434515.0 ], [ 427165.25, 434515.0 ], [ 427165.25, 434514.75 ], [ 427165.0, 434514.75 ], [ 427165.0, 434514.5 ], [ 427164.75, 434514.5 ], [ 427164.75, 434514.25 ], [ 427164.5, 434514.25 ], [ 427164.5, 434514.0 ], [ 427164.25, 434514.0 ], [ 427164.25, 434513.75 ], [ 427164.0, 434513.75 ], [ 427164.0, 434513.25 ], [ 427163.75, 434513.25 ], [ 427163.75, 434513.0 ], [ 427163.5, 434513.0 ], [ 427163.5, 434512.5 ], [ 427163.25, 434512.5 ], [ 427163.25, 434512.0 ], [ 427163.0, 434512.0 ], [ 427163.0, 434511.5 ], [ 427162.75, 434511.5 ], [ 427162.75, 434510.75 ], [ 427162.5, 434510.75 ], [ 427162.5, 434510.0 ], [ 427162.25, 434510.0 ], [ 427162.25, 434507.25 ], [ 427162.5, 434507.25 ], [ 427162.5, 434506.5 ], [ 427162.75, 434506.5 ], [ 427162.75, 434506.0 ], [ 427163.0, 434506.0 ], [ 427163.0, 434505.25 ], [ 427163.25, 434505.25 ], [ 427163.25, 434504.5 ], [ 427163.5, 434504.5 ], [ 427163.5, 434504.0 ], [ 427163.75, 434504.0 ], [ 427163.75, 434503.5 ], [ 427164.0, 434503.5 ], [ 427164.0, 434503.0 ], [ 427164.25, 434503.0 ], [ 427164.25, 434502.25 ], [ 427164.5, 434502.25 ], [ 427164.5, 434502.0 ], [ 427164.75, 434502.0 ], [ 427164.75, 434501.75 ], [ 427165.0, 434501.75 ], [ 427165.0, 434501.5 ], [ 427165.25, 434501.5 ], [ 427165.25, 434501.25 ], [ 427165.5, 434501.25 ], [ 427165.5, 434501.0 ], [ 427166.0, 434501.0 ], [ 427166.0, 434500.75 ], [ 427166.25, 434500.75 ], [ 427166.25, 434500.5 ], [ 427166.5, 434500.5 ], [ 427166.5, 434500.25 ], [ 427166.75, 434500.25 ], [ 427166.75, 434499.75 ], [ 427167.0, 434499.75 ], [ 427167.0, 434499.5 ], [ 427167.25, 434499.5 ], [ 427167.25, 434499.25 ], [ 427167.5, 434499.25 ], [ 427167.5, 434499.0 ], [ 427167.75, 434499.0 ], [ 427167.75, 434498.75 ], [ 427168.0, 434498.75 ], [ 427168.0, 434498.5 ], [ 427168.25, 434498.5 ], [ 427168.25, 434498.0 ], [ 427168.5, 434498.0 ], [ 427168.5, 434497.75 ], [ 427168.75, 434497.75 ], [ 427168.75, 434497.25 ], [ 427169.0, 434497.25 ], [ 427169.0, 434497.0 ], [ 427169.25, 434497.0 ], [ 427169.25, 434496.75 ], [ 427169.5, 434496.75 ], [ 427169.5, 434496.5 ], [ 427170.0, 434496.5 ], [ 427170.0, 434496.25 ], [ 427170.5, 434496.25 ], [ 427170.5, 434496.0 ], [ 427170.75, 434496.0 ], [ 427170.75, 434495.75 ], [ 427171.5, 434495.75 ], [ 427171.5, 434495.5 ], [ 427172.0, 434495.5 ], [ 427172.0, 434495.25 ], [ 427172.75, 434495.25 ], [ 427172.75, 434495.0 ], [ 427173.25, 434495.0 ], [ 427173.25, 434494.75 ], [ 427173.75, 434494.75 ], [ 427173.75, 434494.5 ], [ 427174.0, 434494.5 ], [ 427174.0, 434494.25 ], [ 427174.25, 434494.25 ], [ 427174.25, 434494.0 ], [ 427174.75, 434494.0 ], [ 427174.75, 434493.75 ], [ 427175.0, 434493.75 ], [ 427175.0, 434493.5 ], [ 427175.25, 434493.5 ], [ 427175.25, 434493.25 ], [ 427175.75, 434493.25 ], [ 427175.75, 434493.0 ], [ 427176.25, 434493.0 ], [ 427176.25, 434492.75 ], [ 427176.75, 434492.75 ], [ 427176.75, 434492.5 ], [ 427177.25, 434492.5 ], [ 427177.25, 434492.25 ], [ 427177.75, 434492.25 ], [ 427177.75, 434492.0 ], [ 427178.25, 434492.0 ], [ 427178.25, 434491.75 ], [ 427178.75, 434491.75 ], [ 427178.75, 434491.5 ], [ 427179.5, 434491.5 ], [ 427179.5, 434491.25 ], [ 427179.75, 434491.25 ], [ 427179.75, 434491.0 ], [ 427180.25, 434491.0 ], [ 427180.25, 434490.75 ], [ 427180.75, 434490.75 ], [ 427180.75, 434490.5 ], [ 427181.25, 434490.5 ], [ 427181.25, 434490.25 ], [ 427181.5, 434490.25 ], [ 427181.5, 434490.0 ], [ 427182.0, 434490.0 ], [ 427182.0, 434489.75 ], [ 427182.5, 434489.75 ], [ 427182.5, 434489.5 ], [ 427182.75, 434489.5 ], [ 427182.75, 434488.0 ], [ 427195.25, 434488.0 ], [ 427195.25, 434487.5 ], [ 427195.5, 434487.5 ], [ 427195.5, 434486.75 ], [ 427195.75, 434486.75 ], [ 427195.75, 434486.5 ], [ 427196.0, 434486.5 ], [ 427196.0, 434486.25 ], [ 427196.25, 434486.25 ], [ 427196.25, 434486.0 ], [ 427196.75, 434486.0 ], [ 427196.75, 434485.75 ], [ 427197.0, 434485.75 ], [ 427197.0, 434485.5 ], [ 427197.25, 434485.5 ], [ 427197.25, 434485.25 ], [ 427197.75, 434485.25 ], [ 427197.75, 434485.0 ], [ 427198.5, 434485.0 ], [ 427198.5, 434484.75 ], [ 427199.5, 434484.75 ], [ 427199.5, 434484.5 ], [ 427200.0, 434484.5 ], [ 427200.0, 434484.25 ], [ 427200.5, 434484.25 ], [ 427200.5, 434484.0 ], [ 427201.25, 434484.0 ], [ 427201.25, 434483.75 ], [ 427201.75, 434483.75 ], [ 427201.75, 434483.5 ], [ 427202.25, 434483.5 ], [ 427202.25, 434483.25 ], [ 427202.5, 434483.25 ], [ 427202.5, 434483.0 ], [ 427202.75, 434483.0 ], [ 427202.75, 434482.75 ], [ 427203.0, 434482.75 ], [ 427203.0, 434482.5 ], [ 427203.25, 434482.5 ], [ 427203.25, 434482.25 ], [ 427203.5, 434482.25 ], [ 427203.5, 434482.0 ], [ 427204.0, 434482.0 ], [ 427204.0, 434481.75 ], [ 427204.25, 434481.75 ], [ 427204.25, 434481.5 ], [ 427204.5, 434481.5 ], [ 427204.5, 434481.25 ], [ 427205.0, 434481.25 ], [ 427205.0, 434481.0 ], [ 427205.25, 434481.0 ], [ 427205.25, 434480.75 ], [ 427205.75, 434480.75 ], [ 427205.75, 434480.5 ], [ 427206.0, 434480.5 ], [ 427206.0, 434480.25 ], [ 427206.5, 434480.25 ], [ 427206.5, 434480.0 ], [ 427207.0, 434480.0 ], [ 427207.0, 434479.75 ], [ 427208.25, 434479.75 ], [ 427208.25, 434479.5 ], [ 427208.75, 434479.5 ], [ 427208.75, 434479.75 ], [ 427209.5, 434479.75 ], [ 427209.5, 434479.5 ], [ 427210.0, 434479.5 ], [ 427210.0, 434479.25 ], [ 427210.25, 434479.25 ], [ 427210.25, 434479.0 ], [ 427210.5, 434479.0 ], [ 427210.5, 434478.75 ], [ 427210.75, 434478.75 ], [ 427210.75, 434477.25 ], [ 427210.5, 434477.25 ], [ 427210.5, 434477.0 ], [ 427210.25, 434477.0 ], [ 427210.25, 434476.75 ], [ 427210.0, 434476.75 ], [ 427210.0, 434476.25 ], [ 427209.75, 434476.25 ], [ 427209.75, 434475.75 ], [ 427209.5, 434475.75 ], [ 427209.5, 434475.5 ], [ 427209.25, 434475.5 ], [ 427209.25, 434475.25 ], [ 427209.0, 434475.25 ], [ 427209.0, 434475.0 ], [ 427208.75, 434475.0 ], [ 427208.75, 434474.75 ], [ 427208.5, 434474.75 ], [ 427208.5, 434474.25 ], [ 427208.25, 434474.25 ], [ 427208.25, 434474.0 ], [ 427208.0, 434474.0 ], [ 427208.0, 434473.75 ], [ 427207.75, 434473.75 ], [ 427207.75, 434473.25 ], [ 427207.5, 434473.25 ], [ 427207.5, 434473.0 ], [ 427207.25, 434473.0 ], [ 427207.25, 434472.5 ], [ 427207.0, 434472.5 ], [ 427207.0, 434472.25 ], [ 427206.75, 434472.25 ], [ 427206.75, 434471.75 ], [ 427206.5, 434471.75 ], [ 427206.5, 434471.25 ], [ 427206.25, 434471.25 ], [ 427206.25, 434471.0 ], [ 427206.0, 434471.0 ], [ 427206.0, 434470.75 ], [ 427205.75, 434470.75 ], [ 427205.75, 434470.25 ], [ 427205.25, 434470.25 ], [ 427205.25, 434470.0 ], [ 427204.5, 434470.0 ], [ 427204.5, 434469.75 ], [ 427203.5, 434469.75 ], [ 427203.5, 434469.5 ], [ 427203.0, 434469.5 ], [ 427203.0, 434469.25 ], [ 427202.75, 434469.25 ], [ 427202.75, 434469.0 ], [ 427202.0, 434469.0 ], [ 427202.0, 434468.75 ], [ 427201.5, 434468.75 ], [ 427201.5, 434468.5 ], [ 427200.5, 434468.5 ], [ 427200.5, 434468.25 ], [ 427200.0, 434468.25 ], [ 427200.0, 434468.0 ], [ 427199.5, 434468.0 ], [ 427199.5, 434467.75 ], [ 427199.0, 434467.75 ], [ 427199.0, 434467.5 ], [ 427198.5, 434467.5 ], [ 427198.5, 434467.25 ], [ 427198.25, 434467.25 ], [ 427198.25, 434467.0 ], [ 427198.0, 434467.0 ], [ 427198.0, 434466.75 ], [ 427197.75, 434466.75 ], [ 427197.75, 434466.0 ], [ 427197.5, 434466.0 ], [ 427197.5, 434465.5 ], [ 427197.25, 434465.5 ], [ 427197.25, 434464.5 ], [ 427197.0, 434464.5 ], [ 427197.0, 434463.5 ], [ 427196.75, 434463.5 ], [ 427196.75, 434462.5 ], [ 427196.5, 434462.5 ], [ 427196.5, 434462.0 ], [ 427196.25, 434462.0 ], [ 427196.25, 434461.5 ], [ 427196.0, 434461.5 ], [ 427196.0, 434460.75 ], [ 427195.75, 434460.75 ], [ 427195.75, 434460.0 ], [ 427195.5, 434460.0 ], [ 427195.5, 434459.5 ], [ 427195.25, 434459.5 ], [ 427195.25, 434458.75 ], [ 427195.0, 434458.75 ], [ 427195.0, 434457.75 ], [ 427194.75, 434457.75 ], [ 427194.75, 434457.0 ], [ 427194.5, 434457.0 ], [ 427194.5, 434456.5 ], [ 427194.25, 434456.5 ], [ 427194.25, 434456.25 ], [ 427194.0, 434456.25 ], [ 427194.0, 434456.0 ], [ 427193.5, 434456.0 ], [ 427193.5, 434455.75 ], [ 427193.25, 434455.75 ], [ 427193.25, 434455.25 ], [ 427193.0, 434455.25 ], [ 427193.0, 434455.0 ], [ 427192.75, 434455.0 ], [ 427192.75, 434454.75 ], [ 427192.5, 434454.75 ], [ 427192.5, 434454.5 ], [ 427191.75, 434454.5 ], [ 427191.75, 434454.25 ], [ 427191.25, 434454.25 ], [ 427191.25, 434454.0 ], [ 427191.0, 434454.0 ], [ 427191.0, 434453.75 ], [ 427190.5, 434453.75 ], [ 427190.5, 434453.5 ], [ 427190.0, 434453.5 ], [ 427190.0, 434453.25 ], [ 427189.75, 434453.25 ], [ 427189.75, 434453.0 ], [ 427189.5, 434453.0 ], [ 427189.5, 434452.75 ], [ 427189.25, 434452.75 ], [ 427189.25, 434452.25 ], [ 427189.0, 434452.25 ], [ 427189.0, 434452.0 ], [ 427188.75, 434452.0 ], [ 427188.75, 434451.75 ], [ 427188.5, 434451.75 ], [ 427188.5, 434451.5 ], [ 427188.25, 434451.5 ], [ 427188.25, 434451.25 ], [ 427188.0, 434451.25 ], [ 427188.0, 434451.0 ], [ 427187.75, 434451.0 ], [ 427187.75, 434450.75 ], [ 427187.5, 434450.75 ], [ 427187.5, 434450.5 ], [ 427187.25, 434450.5 ], [ 427187.25, 434450.25 ], [ 427187.0, 434450.25 ], [ 427187.0, 434450.0 ], [ 427186.5, 434450.0 ], [ 427186.5, 434449.75 ], [ 427186.25, 434449.75 ], [ 427186.25, 434449.5 ], [ 427186.0, 434449.5 ], [ 427186.0, 434449.0 ], [ 427185.75, 434449.0 ], [ 427185.75, 434448.5 ], [ 427185.5, 434448.5 ], [ 427185.5, 434448.0 ], [ 427185.25, 434448.0 ], [ 427185.25, 434447.5 ], [ 427185.0, 434447.5 ], [ 427185.0, 434447.0 ], [ 427184.75, 434447.0 ], [ 427184.75, 434446.0 ], [ 427184.5, 434446.0 ], [ 427184.5, 434443.75 ], [ 427184.75, 434443.75 ], [ 427184.75, 434443.25 ], [ 427185.0, 434443.25 ], [ 427185.0, 434442.75 ], [ 427185.25, 434442.75 ], [ 427185.25, 434442.25 ], [ 427186.0, 434442.25 ], [ 427186.0, 434442.0 ], [ 427186.5, 434442.0 ], [ 427186.5, 434441.75 ], [ 427187.0, 434441.75 ], [ 427187.0, 434441.5 ], [ 427187.75, 434441.5 ], [ 427187.75, 434441.25 ], [ 427188.5, 434441.25 ], [ 427188.5, 434441.0 ], [ 427189.25, 434441.0 ], [ 427189.25, 434440.75 ], [ 427189.5, 434440.75 ], [ 427189.5, 434440.5 ], [ 427190.0, 434440.5 ], [ 427190.0, 434440.25 ], [ 427190.25, 434440.25 ], [ 427190.25, 434440.0 ], [ 427190.5, 434440.0 ], [ 427190.5, 434439.5 ], [ 427190.75, 434439.5 ], [ 427190.75, 434439.25 ], [ 427191.0, 434439.25 ], [ 427191.0, 434439.0 ], [ 427191.25, 434439.0 ], [ 427191.25, 434438.75 ], [ 427191.5, 434438.75 ], [ 427191.5, 434438.25 ], [ 427191.75, 434438.25 ], [ 427191.75, 434438.0 ], [ 427192.0, 434438.0 ], [ 427192.0, 434437.75 ], [ 427192.25, 434437.75 ], [ 427192.25, 434437.5 ], [ 427192.75, 434437.5 ], [ 427192.75, 434437.25 ], [ 427193.0, 434437.25 ], [ 427193.0, 434437.0 ], [ 427193.5, 434437.0 ], [ 427193.5, 434436.75 ], [ 427193.75, 434436.75 ], [ 427193.75, 434436.5 ], [ 427194.25, 434436.5 ], [ 427194.25, 434436.25 ], [ 427194.75, 434436.25 ], [ 427194.75, 434436.0 ], [ 427195.25, 434436.0 ], [ 427195.25, 434435.75 ], [ 427195.5, 434435.75 ], [ 427195.5, 434435.5 ], [ 427196.0, 434435.5 ], [ 427196.0, 434435.25 ], [ 427196.5, 434435.25 ], [ 427196.5, 434435.0 ], [ 427197.0, 434435.0 ], [ 427197.0, 434434.75 ], [ 427197.75, 434434.75 ], [ 427197.75, 434434.5 ], [ 427198.25, 434434.5 ], [ 427198.25, 434434.25 ], [ 427198.5, 434434.25 ], [ 427198.5, 434434.0 ], [ 427199.0, 434434.0 ], [ 427199.0, 434433.75 ], [ 427199.5, 434433.75 ], [ 427199.5, 434433.5 ], [ 427199.75, 434433.5 ], [ 427199.75, 434433.25 ], [ 427200.25, 434433.25 ], [ 427200.25, 434433.0 ], [ 427200.5, 434433.0 ], [ 427200.5, 434432.75 ], [ 427201.0, 434432.75 ], [ 427201.0, 434432.5 ], [ 427201.25, 434432.5 ], [ 427201.25, 434432.25 ], [ 427202.0, 434432.25 ], [ 427202.0, 434432.0 ], [ 427202.5, 434432.0 ], [ 427202.5, 434431.75 ], [ 427203.0, 434431.75 ], [ 427203.0, 434431.5 ], [ 427203.25, 434431.5 ], [ 427203.25, 434431.25 ], [ 427203.75, 434431.25 ], [ 427203.75, 434431.0 ], [ 427204.0, 434431.0 ], [ 427204.0, 434430.75 ], [ 427204.5, 434430.75 ], [ 427204.5, 434430.5 ], [ 427204.75, 434430.5 ], [ 427204.75, 434430.25 ], [ 427205.0, 434430.25 ], [ 427205.0, 434430.0 ], [ 427205.5, 434430.0 ], [ 427205.5, 434429.75 ], [ 427205.75, 434429.75 ], [ 427205.75, 434429.5 ], [ 427206.0, 434429.5 ], [ 427206.0, 434429.25 ], [ 427206.5, 434429.25 ], [ 427206.5, 434429.0 ], [ 427207.0, 434429.0 ], [ 427207.0, 434428.75 ], [ 427207.25, 434428.75 ], [ 427207.25, 434428.5 ], [ 427207.5, 434428.5 ], [ 427207.5, 434428.25 ], [ 427208.0, 434428.25 ], [ 427208.0, 434428.0 ], [ 427208.5, 434428.0 ], [ 427208.5, 434427.75 ], [ 427208.75, 434427.75 ], [ 427208.75, 434427.5 ], [ 427209.25, 434427.5 ], [ 427209.25, 434427.25 ], [ 427209.5, 434427.25 ], [ 427209.5, 434427.0 ], [ 427210.25, 434427.0 ], [ 427210.25, 434426.75 ], [ 427210.75, 434426.75 ], [ 427210.75, 434426.5 ], [ 427211.25, 434426.5 ], [ 427211.25, 434426.25 ], [ 427211.75, 434426.25 ], [ 427211.75, 434426.0 ], [ 427212.25, 434426.0 ], [ 427212.25, 434425.75 ], [ 427212.75, 434425.75 ], [ 427212.75, 434425.5 ], [ 427213.25, 434425.5 ], [ 427213.25, 434425.25 ], [ 427213.75, 434425.25 ], [ 427213.75, 434425.0 ], [ 427215.25, 434425.0 ], [ 427215.25, 434424.75 ], [ 427219.25, 434424.75 ], [ 427219.25, 434425.0 ], [ 427219.75, 434425.0 ], [ 427219.75, 434425.25 ], [ 427220.25, 434425.25 ], [ 427220.25, 434425.5 ], [ 427220.75, 434425.5 ], [ 427220.75, 434425.75 ], [ 427221.0, 434425.75 ], [ 427221.0, 434426.0 ], [ 427221.5, 434426.0 ], [ 427221.5, 434426.25 ], [ 427221.75, 434426.25 ], [ 427221.75, 434426.5 ], [ 427222.25, 434426.5 ], [ 427222.25, 434426.75 ], [ 427223.5, 434426.75 ], [ 427223.5, 434427.0 ], [ 427223.75, 434427.0 ], [ 427223.75, 434427.25 ], [ 427224.0, 434427.25 ], [ 427224.0, 434427.5 ], [ 427224.25, 434427.5 ], [ 427224.25, 434427.75 ], [ 427224.5, 434427.75 ], [ 427224.5, 434428.25 ], [ 427224.75, 434428.25 ], [ 427224.75, 434428.5 ], [ 427225.0, 434428.5 ], [ 427225.0, 434429.25 ], [ 427225.25, 434429.25 ], [ 427225.25, 434430.0 ], [ 427225.5, 434430.0 ], [ 427225.5, 434430.5 ], [ 427225.75, 434430.5 ], [ 427225.75, 434431.0 ], [ 427226.0, 434431.0 ], [ 427226.0, 434431.5 ], [ 427226.25, 434431.5 ], [ 427226.25, 434432.0 ], [ 427226.5, 434432.0 ], [ 427226.5, 434432.5 ], [ 427226.75, 434432.5 ], [ 427226.75, 434432.75 ], [ 427227.0, 434432.75 ], [ 427227.0, 434433.25 ], [ 427227.25, 434433.25 ], [ 427227.25, 434433.75 ], [ 427227.5, 434433.75 ], [ 427227.5, 434434.25 ], [ 427227.75, 434434.25 ], [ 427227.75, 434435.0 ], [ 427228.0, 434435.0 ], [ 427228.0, 434435.75 ], [ 427228.25, 434435.75 ], [ 427228.25, 434436.75 ], [ 427228.5, 434436.75 ], [ 427228.5, 434437.75 ], [ 427228.75, 434437.75 ], [ 427228.75, 434438.25 ], [ 427229.0, 434438.25 ], [ 427229.0, 434438.75 ], [ 427229.25, 434438.75 ], [ 427229.25, 434439.0 ], [ 427229.5, 434439.0 ], [ 427229.5, 434439.25 ], [ 427229.75, 434439.25 ], [ 427229.75, 434439.5 ], [ 427230.0, 434439.5 ], [ 427230.0, 434440.0 ], [ 427230.25, 434440.0 ], [ 427230.25, 434440.25 ], [ 427230.5, 434440.25 ], [ 427230.5, 434440.5 ], [ 427230.75, 434440.5 ], [ 427230.75, 434440.75 ], [ 427231.0, 434440.75 ], [ 427231.0, 434441.0 ], [ 427231.25, 434441.0 ], [ 427231.25, 434441.25 ], [ 427231.5, 434441.25 ], [ 427231.5, 434441.75 ], [ 427231.75, 434441.75 ], [ 427231.75, 434442.25 ], [ 427232.0, 434442.25 ], [ 427232.0, 434442.75 ], [ 427232.25, 434442.75 ], [ 427232.25, 434443.25 ], [ 427232.5, 434443.25 ], [ 427232.5, 434444.0 ], [ 427232.75, 434444.0 ], [ 427232.75, 434444.5 ], [ 427233.0, 434444.5 ], [ 427233.0, 434445.0 ], [ 427233.25, 434445.0 ], [ 427233.25, 434445.75 ], [ 427233.5, 434445.75 ], [ 427233.5, 434446.25 ], [ 427233.75, 434446.25 ], [ 427233.75, 434446.5 ], [ 427234.0, 434446.5 ], [ 427234.0, 434446.75 ], [ 427234.25, 434446.75 ], [ 427234.25, 434447.25 ], [ 427234.5, 434447.25 ], [ 427234.5, 434447.5 ], [ 427234.75, 434447.5 ], [ 427234.75, 434448.0 ], [ 427235.0, 434448.0 ], [ 427235.0, 434448.25 ], [ 427235.25, 434448.25 ], [ 427235.25, 434448.5 ], [ 427235.5, 434448.5 ], [ 427235.5, 434449.0 ], [ 427235.75, 434449.0 ], [ 427235.75, 434449.75 ], [ 427236.0, 434449.75 ], [ 427236.0, 434450.0 ], [ 427236.25, 434450.0 ], [ 427236.25, 434450.75 ], [ 427236.5, 434450.75 ], [ 427236.5, 434451.0 ], [ 427236.75, 434451.0 ], [ 427236.75, 434451.75 ], [ 427237.0, 434451.75 ], [ 427237.0, 434452.25 ], [ 427237.25, 434452.25 ], [ 427237.25, 434452.5 ], [ 427237.5, 434452.5 ], [ 427237.5, 434453.0 ], [ 427237.75, 434453.0 ], [ 427237.75, 434453.5 ], [ 427238.0, 434453.5 ], [ 427238.0, 434453.75 ], [ 427238.25, 434453.75 ], [ 427238.25, 434454.25 ], [ 427238.5, 434454.25 ], [ 427238.5, 434454.5 ], [ 427238.75, 434454.5 ], [ 427238.75, 434454.75 ], [ 427239.0, 434454.75 ], [ 427239.0, 434455.25 ], [ 427239.25, 434455.25 ], [ 427239.25, 434455.5 ], [ 427239.5, 434455.5 ], [ 427239.5, 434456.0 ], [ 427239.75, 434456.0 ], [ 427239.75, 434456.5 ], [ 427240.0, 434456.5 ], [ 427240.0, 434457.0 ], [ 427240.25, 434457.0 ], [ 427240.25, 434457.5 ], [ 427240.5, 434457.5 ], [ 427240.5, 434458.0 ], [ 427240.75, 434458.0 ], [ 427240.75, 434458.25 ], [ 427241.0, 434458.25 ], [ 427241.0, 434458.75 ], [ 427241.25, 434458.75 ], [ 427241.25, 434459.25 ], [ 427241.5, 434459.25 ], [ 427241.5, 434459.75 ], [ 427241.75, 434459.75 ], [ 427241.75, 434460.25 ], [ 427242.0, 434460.25 ], [ 427242.0, 434460.75 ], [ 427242.25, 434460.75 ], [ 427242.25, 434461.25 ], [ 427242.5, 434461.25 ], [ 427242.5, 434462.25 ], [ 427242.75, 434462.25 ], [ 427242.75, 434470.0 ], [ 427242.5, 434470.0 ], [ 427242.5, 434471.25 ], [ 427242.25, 434471.25 ], [ 427242.25, 434472.75 ], [ 427242.0, 434472.75 ], [ 427242.0, 434474.25 ], [ 427241.75, 434474.25 ], [ 427241.75, 434475.25 ], [ 427241.5, 434475.25 ], [ 427241.5, 434476.0 ], [ 427241.25, 434476.0 ], [ 427241.25, 434476.75 ], [ 427241.0, 434476.75 ], [ 427241.0, 434478.0 ], [ 427240.75, 434478.0 ], [ 427240.75, 434479.5 ], [ 427240.5, 434479.5 ], [ 427240.5, 434480.5 ], [ 427240.25, 434480.5 ], [ 427240.25, 434481.5 ], [ 427240.0, 434481.5 ], [ 427240.0, 434482.5 ], [ 427239.75, 434482.5 ], [ 427239.75, 434483.5 ], [ 427239.5, 434483.5 ], [ 427239.5, 434484.5 ], [ 427239.25, 434484.5 ], [ 427239.25, 434485.5 ], [ 427239.0, 434485.5 ], [ 427239.0, 434486.25 ], [ 427238.75, 434486.25 ], [ 427238.75, 434488.0 ], [ 427221.5, 434488.0 ], [ 427221.5, 434489.25 ], [ 427221.75, 434489.25 ], [ 427221.75, 434490.0 ], [ 427221.5, 434490.0 ], [ 427221.5, 434491.25 ], [ 427221.75, 434491.25 ], [ 427221.75, 434491.5 ], [ 427221.5, 434491.5 ], [ 427221.5, 434492.5 ], [ 427221.25, 434492.5 ], [ 427221.25, 434493.5 ], [ 427221.0, 434493.5 ], [ 427221.0, 434494.25 ], [ 427220.75, 434494.25 ], [ 427220.75, 434495.25 ], [ 427221.0, 434495.25 ], [ 427221.0, 434495.75 ], [ 427221.25, 434495.75 ], [ 427221.25, 434496.25 ], [ 427221.5, 434496.25 ], [ 427221.5, 434496.5 ], [ 427221.75, 434496.5 ], [ 427221.75, 434496.25 ], [ 427222.5, 434496.25 ], [ 427222.5, 434496.0 ], [ 427222.75, 434496.0 ], [ 427222.75, 434495.5 ], [ 427223.0, 434495.5 ], [ 427223.0, 434495.25 ], [ 427223.5, 434495.25 ], [ 427223.5, 434495.0 ], [ 427223.75, 434495.0 ], [ 427223.75, 434494.75 ], [ 427224.0, 434494.75 ], [ 427224.0, 434494.5 ], [ 427224.25, 434494.5 ], [ 427224.25, 434494.25 ], [ 427224.5, 434494.25 ], [ 427224.5, 434494.0 ], [ 427224.75, 434494.0 ], [ 427224.75, 434493.75 ], [ 427225.0, 434493.75 ], [ 427225.0, 434493.5 ], [ 427225.25, 434493.5 ], [ 427225.25, 434493.25 ], [ 427227.25, 434493.25 ], [ 427227.25, 434493.5 ], [ 427227.75, 434493.5 ], [ 427227.75, 434493.75 ], [ 427228.75, 434493.75 ], [ 427228.75, 434494.0 ], [ 427229.5, 434494.0 ], [ 427229.5, 434494.25 ], [ 427230.0, 434494.25 ], [ 427230.0, 434494.5 ], [ 427230.5, 434494.5 ], [ 427230.5, 434495.25 ], [ 427230.75, 434495.25 ], [ 427230.75, 434496.5 ], [ 427231.0, 434496.5 ], [ 427231.0, 434498.25 ], [ 427230.75, 434498.25 ], [ 427230.75, 434500.0 ], [ 427230.5, 434500.0 ], [ 427230.5, 434501.5 ], [ 427230.25, 434501.5 ], [ 427230.25, 434502.0 ], [ 427230.0, 434502.0 ], [ 427230.0, 434502.5 ], [ 427229.75, 434502.5 ], [ 427229.75, 434503.0 ], [ 427229.5, 434503.0 ], [ 427229.5, 434503.5 ], [ 427229.25, 434503.5 ], [ 427229.25, 434503.75 ], [ 427229.0, 434503.75 ], [ 427229.0, 434504.25 ], [ 427228.75, 434504.25 ], [ 427228.75, 434504.5 ], [ 427228.5, 434504.5 ], [ 427228.5, 434504.75 ], [ 427228.25, 434504.75 ], [ 427228.25, 434505.0 ], [ 427228.0, 434505.0 ], [ 427228.0, 434505.5 ], [ 427227.75, 434505.5 ], [ 427227.75, 434506.0 ], [ 427227.5, 434506.0 ], [ 427227.5, 434506.75 ], [ 427227.25, 434506.75 ], [ 427227.25, 434507.25 ], [ 427227.0, 434507.25 ], [ 427227.0, 434508.0 ], [ 427226.75, 434508.0 ], [ 427226.75, 434509.5 ], [ 427226.5, 434509.5 ], [ 427226.5, 434510.5 ], [ 427226.25, 434510.5 ], [ 427226.25, 434511.25 ], [ 427226.0, 434511.25 ], [ 427226.0, 434511.75 ], [ 427225.75, 434511.75 ], [ 427225.75, 434512.25 ], [ 427225.5, 434512.25 ], [ 427225.5, 434512.5 ], [ 427225.25, 434512.5 ], [ 427225.25, 434513.5 ], [ 427225.0, 434513.5 ], [ 427225.0, 434513.75 ], [ 427224.5, 434513.75 ], [ 427224.5, 434514.0 ], [ 427221.25, 434514.0 ], [ 427221.25, 434514.5 ], [ 427221.0, 434514.5 ], [ 427221.0, 434515.25 ], [ 427220.75, 434515.25 ], [ 427220.75, 434515.75 ], [ 427220.5, 434515.75 ], [ 427220.5, 434516.0 ], [ 427220.0, 434516.0 ], [ 427220.0, 434516.25 ], [ 427219.25, 434516.25 ] ] ] } },
{ "type": "Feature", "properties": { }, "geometry": { "type": "Polygon", "coordinates": [ [ [ 427376.25, 434585.5 ], [ 427376.25, 434585.25 ], [ 427375.25, 434585.25 ], [ 427375.25, 434585.0 ], [ 427374.5, 434585.0 ], [ 427374.5, 434584.75 ], [ 427373.75, 434584.75 ], [ 427373.75, 434584.5 ], [ 427373.5, 434584.5 ], [ 427373.5, 434583.25 ], [ 427373.0, 434583.25 ], [ 427373.0, 434583.0 ], [ 427372.75, 434583.0 ], [ 427372.75, 434582.25 ], [ 427372.5, 434582.25 ], [ 427372.5, 434582.0 ], [ 427372.25, 434582.0 ], [ 427372.25, 434581.5 ], [ 427372.0, 434581.5 ], [ 427372.0, 434579.5 ], [ 427372.25, 434579.5 ], [ 427372.25, 434579.25 ], [ 427372.75, 434579.25 ], [ 427372.75, 434579.0 ], [ 427373.0, 434579.0 ], [ 427373.0, 434578.5 ], [ 427373.25, 434578.5 ], [ 427373.25, 434578.25 ], [ 427373.5, 434578.25 ], [ 427373.5, 434578.0 ], [ 427373.75, 434578.0 ], [ 427373.75, 434577.75 ], [ 427374.0, 434577.75 ], [ 427374.0, 434576.75 ], [ 427373.75, 434576.75 ], [ 427373.75, 434576.0 ], [ 427373.5, 434576.0 ], [ 427373.5, 434575.5 ], [ 427373.25, 434575.5 ], [ 427373.25, 434574.0 ], [ 427373.0, 434574.0 ], [ 427373.0, 434571.75 ], [ 427372.75, 434571.75 ], [ 427372.75, 434571.0 ], [ 427372.5, 434571.0 ], [ 427372.5, 434569.25 ], [ 427372.75, 434569.25 ], [ 427372.75, 434567.75 ], [ 427372.5, 434567.75 ], [ 427372.5, 434566.25 ], [ 427372.75, 434566.25 ], [ 427372.75, 434565.5 ], [ 427373.0, 434565.5 ], [ 427373.0, 434565.0 ], [ 427373.25, 434565.0 ], [ 427373.25, 434564.25 ], [ 427373.5, 434564.25 ], [ 427373.5, 434563.5 ], [ 427373.75, 434563.5 ], [ 427373.75, 434563.0 ], [ 427374.0, 434563.0 ], [ 427374.0, 434562.5 ], [ 427374.25, 434562.5 ], [ 427374.25, 434562.25 ], [ 427374.5, 434562.25 ], [ 427374.5, 434562.0 ], [ 427375.25, 434562.0 ], [ 427375.25, 434561.75 ], [ 427376.5, 434561.75 ], [ 427376.5, 434561.5 ], [ 427376.75, 434561.5 ], [ 427376.75, 434561.25 ], [ 427377.25, 434561.25 ], [ 427377.25, 434561.0 ], [ 427377.75, 434561.0 ], [ 427377.75, 434560.75 ], [ 427378.0, 434560.75 ], [ 427378.0, 434560.5 ], [ 427378.5, 434560.5 ], [ 427378.5, 434560.25 ], [ 427379.25, 434560.25 ], [ 427379.25, 434560.0 ], [ 427380.0, 434560.0 ], [ 427380.0, 434559.75 ], [ 427380.25, 434559.75 ], [ 427380.25, 434559.5 ], [ 427381.25, 434559.5 ], [ 427381.25, 434559.25 ], [ 427381.75, 434559.25 ], [ 427381.75, 434559.0 ], [ 427382.25, 434559.0 ], [ 427382.25, 434558.75 ], [ 427382.5, 434558.75 ], [ 427382.5, 434558.5 ], [ 427382.75, 434558.5 ], [ 427382.75, 434558.25 ], [ 427383.5, 434558.25 ], [ 427383.5, 434558.0 ], [ 427384.0, 434558.0 ], [ 427384.0, 434543.0 ], [ 427383.0, 434543.0 ], [ 427383.0, 434543.25 ], [ 427382.0, 434543.25 ], [ 427382.0, 434543.0 ], [ 427381.75, 434543.0 ], [ 427381.75, 434542.75 ], [ 427381.5, 434542.75 ], [ 427381.5, 434542.5 ], [ 427381.25, 434542.5 ], [ 427381.25, 434542.25 ], [ 427380.75, 434542.25 ], [ 427380.75, 434542.0 ], [ 427379.75, 434542.0 ], [ 427379.75, 434541.75 ], [ 427379.5, 434541.75 ], [ 427379.5, 434541.0 ], [ 427379.75, 434541.0 ], [ 427379.75, 434540.0 ], [ 427379.5, 434540.0 ], [ 427379.5, 434539.25 ], [ 427379.75, 434539.25 ], [ 427379.75, 434539.0 ], [ 427380.0, 434539.0 ], [ 427380.0, 434538.5 ], [ 427380.25, 434538.5 ], [ 427380.25, 434538.25 ], [ 427380.5, 434538.25 ], [ 427380.5, 434538.0 ], [ 427380.75, 434538.0 ], [ 427380.75, 434537.5 ], [ 427381.0, 434537.5 ], [ 427381.0, 434537.25 ], [ 427381.25, 434537.25 ], [ 427381.25, 434536.5 ], [ 427381.5, 434536.5 ], [ 427381.5, 434536.25 ], [ 427382.5, 434536.25 ], [ 427382.5, 434536.5 ], [ 427382.75, 434536.5 ], [ 427382.75, 434536.75 ], [ 427383.0, 434536.75 ], [ 427383.0, 434537.0 ], [ 427383.25, 434537.0 ], [ 427383.25, 434537.25 ], [ 427383.5, 434537.25 ], [ 427383.5, 434537.5 ], [ 427384.0, 434537.5 ], [ 427384.0, 434527.25 ], [ 427383.5, 434527.25 ], [ 427383.5, 434527.0 ], [ 427382.75, 434527.0 ], [ 427382.75, 434526.75 ], [ 427381.0, 434526.75 ], [ 427381.0, 434527.0 ], [ 427379.25, 434527.0 ], [ 427379.25, 434527.25 ], [ 427378.5, 434527.25 ], [ 427378.5, 434527.5 ], [ 427377.5, 434527.5 ], [ 427377.5, 434527.25 ], [ 427377.0, 434527.25 ], [ 427377.0, 434527.0 ], [ 427376.0, 434527.0 ], [ 427376.0, 434527.25 ], [ 427375.5, 434527.25 ], [ 427375.5, 434527.5 ], [ 427374.0, 434527.5 ], [ 427374.0, 434527.75 ], [ 427373.25, 434527.75 ], [ 427373.25, 434527.5 ], [ 427372.25, 434527.5 ], [ 427372.25, 434527.25 ], [ 427370.75, 434527.25 ], [ 427370.75, 434527.0 ], [ 427370.0, 434527.0 ], [ 427370.0, 434527.25 ], [ 427369.25, 434527.25 ], [ 427369.25, 434527.5 ], [ 427369.0, 434527.5 ], [ 427369.0, 434527.75 ], [ 427368.5, 434527.75 ], [ 427368.5, 434528.0 ], [ 427367.75, 434528.0 ], [ 427367.75, 434527.75 ], [ 427367.5, 434527.75 ], [ 427367.5, 434528.0 ], [ 427366.5, 434528.0 ], [ 427366.5, 434528.25 ], [ 427366.25, 434528.25 ], [ 427366.25, 434528.5 ], [ 427365.75, 434528.5 ], [ 427365.75, 434528.75 ], [ 427364.75, 434528.75 ], [ 427364.75, 434528.5 ], [ 427364.0, 434528.5 ], [ 427364.0, 434528.25 ], [ 427363.75, 434528.25 ], [ 427363.75, 434528.0 ], [ 427363.5, 434528.0 ], [ 427363.5, 434527.75 ], [ 427363.25, 434527.75 ], [ 427363.25, 434526.5 ], [ 427363.0, 434526.5 ], [ 427363.0, 434526.25 ], [ 427362.75, 434526.25 ], [ 427362.75, 434526.0 ], [ 427362.5, 434526.0 ], [ 427362.5, 434525.75 ], [ 427362.25, 434525.75 ], [ 427362.25, 434525.0 ], [ 427362.0, 434525.0 ], [ 427362.0, 434524.5 ], [ 427361.75, 434524.5 ], [ 427361.75, 434524.25 ], [ 427361.5, 434524.25 ], [ 427361.5, 434523.75 ], [ 427361.25, 434523.75 ], [ 427361.25, 434523.25 ], [ 427361.0, 434523.25 ], [ 427361.0, 434523.0 ], [ 427360.75, 434523.0 ], [ 427360.75, 434522.5 ], [ 427360.5, 434522.5 ], [ 427360.5, 434522.25 ], [ 427360.25, 434522.25 ], [ 427360.25, 434521.75 ], [ 427360.0, 434521.75 ], [ 427360.0, 434521.25 ], [ 427359.75, 434521.25 ], [ 427359.75, 434521.0 ], [ 427359.5, 434521.0 ], [ 427359.5, 434520.5 ], [ 427359.25, 434520.5 ], [ 427359.25, 434520.25 ], [ 427359.0, 434520.25 ], [ 427359.0, 434520.0 ], [ 427358.75, 434520.0 ], [ 427358.75, 434519.75 ], [ 427358.25, 434519.75 ], [ 427358.25, 434519.25 ], [ 427358.0, 434519.25 ], [ 427358.0, 434519.0 ], [ 427357.75, 434519.0 ], [ 427357.75, 434518.5 ], [ 427357.5, 434518.5 ], [ 427357.5, 434518.0 ], [ 427357.25, 434518.0 ], [ 427357.25, 434517.75 ], [ 427357.0, 434517.75 ], [ 427357.0, 434517.5 ], [ 427356.75, 434517.5 ], [ 427356.75, 434517.0 ], [ 427356.5, 434517.0 ], [ 427356.5, 434516.5 ], [ 427356.25, 434516.5 ], [ 427356.25, 434516.0 ], [ 427356.0, 434516.0 ], [ 427356.0, 434515.75 ], [ 427355.75, 434515.75 ], [ 427355.75, 434515.25 ], [ 427355.5, 434515.25 ], [ 427355.5, 434514.75 ], [ 427355.25, 434514.75 ], [ 427355.25, 434514.25 ], [ 427355.0, 434514.25 ], [ 427355.0, 434514.0 ], [ 427354.5, 434514.0 ], [ 427354.5, 434513.75 ], [ 427354.25, 434513.75 ], [ 427354.25, 434513.25 ], [ 427354.0, 434513.25 ], [ 427354.0, 434513.0 ], [ 427353.75, 434513.0 ], [ 427353.75, 434512.75 ], [ 427353.5, 434512.75 ], [ 427353.5, 434512.5 ], [ 427353.25, 434512.5 ], [ 427353.25, 434512.0 ], [ 427353.0, 434512.0 ], [ 427353.0, 434511.5 ], [ 427352.75, 434511.5 ], [ 427352.75, 434511.0 ], [ 427352.5, 434511.0 ], [ 427352.5, 434510.75 ], [ 427352.25, 434510.75 ], [ 427352.25, 434509.75 ], [ 427352.0, 434509.75 ], [ 427352.0, 434508.75 ], [ 427351.75, 434508.75 ], [ 427351.75, 434508.5 ], [ 427351.5, 434508.5 ], [ 427351.5, 434507.75 ], [ 427351.25, 434507.75 ], [ 427351.25, 434506.75 ], [ 427351.0, 434506.75 ], [ 427351.0, 434506.25 ], [ 427350.75, 434506.25 ], [ 427350.75, 434505.75 ], [ 427350.5, 434505.75 ], [ 427350.5, 434504.75 ], [ 427350.25, 434504.75 ], [ 427350.25, 434503.75 ], [ 427350.0, 434503.75 ], [ 427350.0, 434503.25 ], [ 427349.75, 434503.25 ], [ 427349.75, 434502.75 ], [ 427349.5, 434502.75 ], [ 427349.5, 434501.25 ], [ 427349.25, 434501.25 ], [ 427349.25, 434499.5 ], [ 427349.0, 434499.5 ], [ 427349.0, 434497.75 ], [ 427348.75, 434497.75 ], [ 427348.75, 434496.25 ], [ 427348.5, 434496.25 ], [ 427348.5, 434496.0 ], [ 427348.25, 434496.0 ], [ 427348.25, 434495.75 ], [ 427347.75, 434495.75 ], [ 427347.75, 434495.25 ], [ 427347.5, 434495.25 ], [ 427347.5, 434495.0 ], [ 427347.25, 434495.0 ], [ 427347.25, 434494.75 ], [ 427347.0, 434494.75 ], [ 427347.0, 434494.5 ], [ 427346.75, 434494.5 ], [ 427346.75, 434494.25 ], [ 427346.5, 434494.25 ], [ 427346.5, 434494.0 ], [ 427345.75, 434494.0 ], [ 427345.75, 434493.75 ], [ 427344.5, 434493.75 ], [ 427344.5, 434494.0 ], [ 427344.0, 434494.0 ], [ 427344.0, 434494.25 ], [ 427343.75, 434494.25 ], [ 427343.75, 434494.5 ], [ 427343.25, 434494.5 ], [ 427343.25, 434494.25 ], [ 427342.75, 434494.25 ], [ 427342.75, 434494.0 ], [ 427342.0, 434494.0 ], [ 427342.0, 434493.75 ], [ 427341.5, 434493.75 ], [ 427341.5, 434493.0 ], [ 427341.25, 434493.0 ], [ 427341.25, 434492.5 ], [ 427341.5, 434492.5 ], [ 427341.5, 434492.0 ], [ 427341.75, 434492.0 ], [ 427341.75, 434491.75 ], [ 427342.0, 434491.75 ], [ 427342.0, 434491.5 ], [ 427342.25, 434491.5 ], [ 427342.25, 434491.25 ], [ 427342.75, 434491.25 ], [ 427342.75, 434491.75 ], [ 427343.0, 434491.75 ], [ 427343.0, 434492.25 ], [ 427343.25, 434492.25 ], [ 427343.25, 434492.5 ], [ 427344.0, 434492.5 ], [ 427344.0, 434492.75 ], [ 427344.75, 434492.75 ], [ 427344.75, 434492.5 ], [ 427347.0, 434492.5 ], [ 427347.0, 434492.25 ], [ 427348.5, 434492.25 ], [ 427348.5, 434492.5 ], [ 427348.75, 434492.5 ], [ 427348.75, 434492.75 ], [ 427349.0, 434492.75 ], [ 427349.0, 434493.0 ], [ 427350.0, 434493.0 ], [ 427350.0, 434492.75 ], [ 427350.5, 434492.75 ], [ 427350.5, 434492.5 ], [ 427350.75, 434492.5 ], [ 427350.75, 434492.25 ], [ 427351.0, 434492.25 ], [ 427351.0, 434492.0 ], [ 427351.5, 434492.0 ], [ 427351.5, 434491.75 ], [ 427351.75, 434491.75 ], [ 427351.75, 434491.25 ], [ 427352.0, 434491.25 ], [ 427352.0, 434490.5 ], [ 427352.25, 434490.5 ], [ 427352.25, 434490.0 ], [ 427352.5, 434490.0 ], [ 427352.5, 434489.5 ], [ 427352.75, 434489.5 ], [ 427352.75, 434488.0 ], [ 427301.0, 434488.0 ], [ 427301.0, 434486.0 ], [ 427301.25, 434486.0 ], [ 427301.25, 434484.0 ], [ 427301.5, 434484.0 ], [ 427301.5, 434482.0 ], [ 427301.75, 434482.0 ], [ 427301.75, 434481.25 ], [ 427302.0, 434481.25 ], [ 427302.0, 434480.5 ], [ 427302.25, 434480.5 ], [ 427302.25, 434479.5 ], [ 427302.5, 434479.5 ], [ 427302.5, 434478.75 ], [ 427302.75, 434478.75 ], [ 427302.75, 434477.75 ], [ 427303.0, 434477.75 ], [ 427303.0, 434476.75 ], [ 427303.25, 434476.75 ], [ 427303.25, 434475.25 ], [ 427303.5, 434475.25 ], [ 427303.5, 434473.5 ], [ 427303.75, 434473.5 ], [ 427303.75, 434472.75 ], [ 427304.0, 434472.75 ], [ 427304.0, 434471.75 ], [ 427304.25, 434471.75 ], [ 427304.25, 434470.5 ], [ 427304.5, 434470.5 ], [ 427304.5, 434469.25 ], [ 427304.75, 434469.25 ], [ 427304.75, 434468.25 ], [ 427305.0, 434468.25 ], [ 427305.0, 434467.0 ], [ 427305.25, 434467.0 ], [ 427305.25, 434466.0 ], [ 427305.5, 434466.0 ], [ 427305.5, 434465.0 ], [ 427305.75, 434465.0 ], [ 427305.75, 434464.5 ], [ 427306.0, 434464.5 ], [ 427306.0, 434463.75 ], [ 427306.25, 434463.75 ], [ 427306.25, 434462.5 ], [ 427306.5, 434462.5 ], [ 427306.5, 434461.75 ], [ 427306.75, 434461.75 ], [ 427306.75, 434461.25 ], [ 427307.0, 434461.25 ], [ 427307.0, 434460.5 ], [ 427307.25, 434460.5 ], [ 427307.25, 434459.5 ], [ 427307.5, 434459.5 ], [ 427307.5, 434458.75 ], [ 427307.75, 434458.75 ], [ 427307.75, 434458.0 ], [ 427308.0, 434458.0 ], [ 427308.0, 434457.5 ], [ 427308.25, 434457.5 ], [ 427308.25, 434456.75 ], [ 427308.5, 434456.75 ], [ 427308.5, 434456.0 ], [ 427308.75, 434456.0 ], [ 427308.75, 434455.5 ], [ 427309.0, 434455.5 ], [ 427309.0, 434455.0 ], [ 427309.25, 434455.0 ], [ 427309.25, 434454.5 ], [ 427309.5, 434454.5 ], [ 427309.5, 434454.0 ], [ 427309.75, 434454.0 ], [ 427309.75, 434453.5 ], [ 427310.0, 434453.5 ], [ 427310.0, 434453.0 ], [ 427310.25, 434453.0 ], [ 427310.25, 434452.25 ], [ 427310.5, 434452.25 ], [ 427310.5, 434451.75 ], [ 427310.75, 434451.75 ], [ 427310.75, 434451.0 ], [ 427311.0, 434451.0 ], [ 427311.0, 434450.25 ], [ 427311.25, 434450.25 ], [ 427311.25, 434449.5 ], [ 427311.5, 434449.5 ], [ 427311.5, 434448.75 ], [ 427311.75, 434448.75 ], [ 427311.75, 434448.25 ], [ 427312.0, 434448.25 ], [ 427312.0, 434447.75 ], [ 427312.25, 434447.75 ], [ 427312.25, 434447.25 ], [ 427312.5, 434447.25 ], [ 427312.5, 434446.5 ], [ 427312.75, 434446.5 ], [ 427312.75, 434445.75 ], [ 427313.0, 434445.75 ], [ 427313.0, 434445.0 ], [ 427313.25, 434445.0 ], [ 427313.25, 434444.25 ], [ 427313.5, 434444.25 ], [ 427313.5, 434443.75 ], [ 427313.75, 434443.75 ], [ 427313.75, 434443.0 ], [ 427314.0, 434443.0 ], [ 427314.0, 434442.5 ], [ 427314.25, 434442.5 ], [ 427314.25, 434441.75 ], [ 427314.5, 434441.75 ], [ 427314.5, 434441.25 ], [ 427314.75, 434441.25 ], [ 427314.75, 434440.75 ], [ 427315.0, 434440.75 ], [ 427315.0, 434440.0 ], [ 427315.25, 434440.0 ], [ 427315.25, 434439.5 ], [ 427315.5, 434439.5 ], [ 427315.5, 434438.5 ], [ 427315.75, 434438.5 ], [ 427315.75, 434438.0 ], [ 427316.0, 434438.0 ], [ 427316.0, 434437.25 ], [ 427316.25, 434437.25 ], [ 427316.25, 434436.75 ], [ 427316.5, 434436.75 ], [ 427316.5, 434436.0 ], [ 427316.75, 434436.0 ], [ 427316.75, 434435.5 ], [ 427317.0, 434435.5 ], [ 427317.0, 434435.25 ], [ 427317.25, 434435.25 ], [ 427317.25, 434434.75 ], [ 427317.5, 434434.75 ], [ 427317.5, 434434.5 ], [ 427318.0, 434434.5 ], [ 427318.0, 434434.25 ], [ 427319.0, 434434.25 ], [ 427319.0, 434434.5 ], [ 427319.75, 434434.5 ], [ 427319.75, 434434.75 ], [ 427320.25, 434434.75 ], [ 427320.25, 434435.0 ], [ 427320.75, 434435.0 ], [ 427320.75, 434435.25 ], [ 427321.5, 434435.25 ], [ 427321.5, 434435.5 ], [ 427321.75, 434435.5 ], [ 427321.75, 434435.75 ], [ 427322.0, 434435.75 ], [ 427322.0, 434436.0 ], [ 427322.5, 434436.0 ], [ 427322.5, 434436.25 ], [ 427322.75, 434436.25 ], [ 427322.75, 434436.5 ], [ 427323.25, 434436.5 ], [ 427323.25, 434436.75 ], [ 427323.5, 434436.75 ], [ 427323.5, 434437.0 ], [ 427323.75, 434437.0 ], [ 427323.75, 434437.25 ], [ 427324.0, 434437.25 ], [ 427324.0, 434437.5 ], [ 427324.25, 434437.5 ], [ 427324.25, 434437.75 ], [ 427324.5, 434437.75 ], [ 427324.5, 434438.0 ], [ 427324.75, 434438.0 ], [ 427324.75, 434438.25 ], [ 427325.0, 434438.25 ], [ 427325.0, 434438.5 ], [ 427325.25, 434438.5 ], [ 427325.25, 434438.75 ], [ 427325.75, 434438.75 ], [ 427325.75, 434439.0 ], [ 427326.0, 434439.0 ], [ 427326.0, 434439.25 ], [ 427326.25, 434439.25 ], [ 427326.25, 434439.5 ], [ 427326.5, 434439.5 ], [ 427326.5, 434439.75 ], [ 427326.75, 434439.75 ], [ 427326.75, 434440.0 ], [ 427327.0, 434440.0 ], [ 427327.0, 434440.25 ], [ 427327.25, 434440.25 ], [ 427327.25, 434440.5 ], [ 427327.5, 434440.5 ], [ 427327.5, 434441.0 ], [ 427327.75, 434441.0 ], [ 427327.75, 434441.25 ], [ 427328.0, 434441.25 ], [ 427328.0, 434441.75 ], [ 427328.25, 434441.75 ], [ 427328.25, 434442.0 ], [ 427328.5, 434442.0 ], [ 427328.5, 434442.25 ], [ 427328.75, 434442.25 ], [ 427328.75, 434442.5 ], [ 427329.0, 434442.5 ], [ 427329.0, 434443.0 ], [ 427329.25, 434443.0 ], [ 427329.25, 434443.25 ], [ 427329.75, 434443.25 ], [ 427329.75, 434443.5 ], [ 427330.25, 434443.5 ], [ 427330.25, 434443.75 ], [ 427330.5, 434443.75 ], [ 427330.5, 434444.0 ], [ 427330.75, 434444.0 ], [ 427330.75, 434444.25 ], [ 427331.0, 434444.25 ], [ 427331.0, 434444.5 ], [ 427331.5, 434444.5 ], [ 427331.5, 434445.0 ], [ 427331.75, 434445.0 ], [ 427331.75, 434445.25 ], [ 427332.0, 434445.25 ], [ 427332.0, 434445.5 ], [ 427332.25, 434445.5 ], [ 427332.25, 434445.75 ], [ 427332.5, 434445.75 ], [ 427332.5, 434446.0 ], [ 427332.75, 434446.0 ], [ 427332.75, 434446.25 ], [ 427333.0, 434446.25 ], [ 427333.0, 434446.5 ], [ 427333.5, 434446.5 ], [ 427333.5, 434446.75 ], [ 427333.75, 434446.75 ], [ 427333.75, 434447.0 ], [ 427334.0, 434447.0 ], [ 427334.0, 434447.25 ], [ 427334.25, 434447.25 ], [ 427334.25, 434447.5 ], [ 427334.5, 434447.5 ], [ 427334.5, 434447.75 ], [ 427334.75, 434447.75 ], [ 427334.75, 434448.0 ], [ 427335.0, 434448.0 ], [ 427335.0, 434448.25 ], [ 427335.25, 434448.25 ], [ 427335.25, 434448.5 ], [ 427335.5, 434448.5 ], [ 427335.5, 434448.75 ], [ 427335.75, 434448.75 ], [ 427335.75, 434449.0 ], [ 427336.0, 434449.0 ], [ 427336.0, 434449.25 ], [ 427336.25, 434449.25 ], [ 427336.25, 434449.5 ], [ 427336.5, 434449.5 ], [ 427336.5, 434450.0 ], [ 427336.75, 434450.0 ], [ 427336.75, 434450.25 ], [ 427337.0, 434450.25 ], [ 427337.0, 434450.5 ], [ 427337.25, 434450.5 ], [ 427337.25, 434450.75 ], [ 427337.5, 434450.75 ], [ 427337.5, 434451.0 ], [ 427337.75, 434451.0 ], [ 427337.75, 434451.5 ], [ 427338.25, 434451.5 ], [ 427338.25, 434451.75 ], [ 427338.5, 434451.75 ], [ 427338.5, 434452.0 ], [ 427338.75, 434452.0 ], [ 427338.75, 434452.5 ], [ 427339.0, 434452.5 ], [ 427339.0, 434452.75 ], [ 427339.25, 434452.75 ], [ 427339.25, 434453.0 ], [ 427339.5, 434453.0 ], [ 427339.5, 434453.5 ], [ 427339.75, 434453.5 ], [ 427339.75, 434453.75 ], [ 427340.0, 434453.75 ], [ 427340.0, 434454.25 ], [ 427340.25, 434454.25 ], [ 427340.25, 434454.5 ], [ 427340.5, 434454.5 ], [ 427340.5, 434455.0 ], [ 427340.75, 434455.0 ], [ 427340.75, 434455.25 ], [ 427341.0, 434455.25 ], [ 427341.0, 434455.5 ], [ 427341.25, 434455.5 ], [ 427341.25, 434455.75 ], [ 427341.5, 434455.75 ], [ 427341.5, 434456.0 ], [ 427341.75, 434456.0 ], [ 427341.75, 434456.25 ], [ 427342.25, 434456.25 ], [ 427342.25, 434456.5 ], [ 427342.5, 434456.5 ], [ 427342.5, 434456.75 ], [ 427342.75, 434456.75 ], [ 427342.75, 434457.0 ], [ 427343.25, 434457.0 ], [ 427343.25, 434457.25 ], [ 427343.5, 434457.25 ], [ 427343.5, 434457.5 ], [ 427343.75, 434457.5 ], [ 427343.75, 434457.75 ], [ 427344.0, 434457.75 ], [ 427344.0, 434458.0 ], [ 427344.25, 434458.0 ], [ 427344.25, 434458.25 ], [ 427344.5, 434458.25 ], [ 427344.5, 434458.5 ], [ 427344.75, 434458.5 ], [ 427344.75, 434458.75 ], [ 427345.0, 434458.75 ], [ 427345.0, 434459.0 ], [ 427345.25, 434459.0 ], [ 427345.25, 434459.25 ], [ 427347.0, 434459.25 ], [ 427347.0, 434459.0 ], [ 427347.5, 434459.0 ], [ 427347.5, 434458.75 ], [ 427347.75, 434458.75 ], [ 427347.75, 434458.5 ], [ 427348.0, 434458.5 ], [ 427348.0, 434458.25 ], [ 427348.5, 434458.25 ], [ 427348.5, 434458.0 ], [ 427348.75, 434458.0 ], [ 427348.75, 434457.75 ], [ 427349.25, 434457.75 ], [ 427349.25, 434457.5 ], [ 427349.5, 434457.5 ], [ 427349.5, 434457.25 ], [ 427350.0, 434457.25 ], [ 427350.0, 434457.0 ], [ 427350.25, 434457.0 ], [ 427350.25, 434456.75 ], [ 427350.75, 434456.75 ], [ 427350.75, 434456.5 ], [ 427351.0, 434456.5 ], [ 427351.0, 434456.25 ], [ 427351.25, 434456.25 ], [ 427351.25, 434456.0 ], [ 427351.5, 434456.0 ], [ 427351.5, 434455.75 ], [ 427351.75, 434455.75 ], [ 427351.75, 434455.5 ], [ 427352.0, 434455.5 ], [ 427352.0, 434455.25 ], [ 427352.5, 434455.25 ], [ 427352.5, 434455.0 ], [ 427352.75, 434455.0 ], [ 427352.75, 434454.75 ], [ 427353.0, 434454.75 ], [ 427353.0, 434454.5 ], [ 427353.25, 434454.5 ], [ 427353.25, 434454.25 ], [ 427353.5, 434454.25 ], [ 427353.5, 434454.0 ], [ 427354.0, 434454.0 ], [ 427354.0, 434453.75 ], [ 427354.25, 434453.75 ], [ 427354.25, 434453.5 ], [ 427354.5, 434453.5 ], [ 427354.5, 434453.25 ], [ 427355.0, 434453.25 ], [ 427355.0, 434453.0 ], [ 427355.25, 434453.0 ], [ 427355.25, 434452.75 ], [ 427355.5, 434452.75 ], [ 427355.5, 434452.5 ], [ 427356.0, 434452.5 ], [ 427356.0, 434452.25 ], [ 427356.25, 434452.25 ], [ 427356.25, 434452.0 ], [ 427356.5, 434452.0 ], [ 427356.5, 434451.75 ], [ 427357.0, 434451.75 ], [ 427357.0, 434451.5 ], [ 427357.25, 434451.5 ], [ 427357.25, 434451.25 ], [ 427357.5, 434451.25 ], [ 427357.5, 434451.0 ], [ 427357.75, 434451.0 ], [ 427357.75, 434450.75 ], [ 427358.0, 434450.75 ], [ 427358.0, 434450.5 ], [ 427358.25, 434450.5 ], [ 427358.25, 434450.25 ], [ 427358.5, 434450.25 ], [ 427358.5, 434450.0 ], [ 427358.75, 434450.0 ], [ 427358.75, 434449.75 ], [ 427359.0, 434449.75 ], [ 427359.0, 434449.5 ], [ 427359.25, 434449.5 ], [ 427359.25, 434449.25 ], [ 427359.5, 434449.25 ], [ 427359.5, 434449.0 ], [ 427359.75, 434449.0 ], [ 427359.75, 434448.75 ], [ 427360.0, 434448.75 ], [ 427360.0, 434448.25 ], [ 427360.25, 434448.25 ], [ 427360.25, 434448.0 ], [ 427360.5, 434448.0 ], [ 427360.5, 434447.75 ], [ 427360.75, 434447.75 ], [ 427360.75, 434447.5 ], [ 427361.0, 434447.5 ], [ 427361.0, 434447.25 ], [ 427361.25, 434447.25 ], [ 427361.25, 434446.75 ], [ 427361.5, 434446.75 ], [ 427361.5, 434446.5 ], [ 427361.75, 434446.5 ], [ 427361.75, 434446.25 ], [ 427362.0, 434446.25 ], [ 427362.0, 434446.0 ], [ 427362.25, 434446.0 ], [ 427362.25, 434445.75 ], [ 427362.5, 434445.75 ], [ 427362.5, 434445.5 ], [ 427362.75, 434445.5 ], [ 427362.75, 434445.25 ], [ 427363.0, 434445.25 ], [ 427363.0, 434445.0 ], [ 427363.25, 434445.0 ], [ 427363.25, 434444.75 ], [ 427363.5, 434444.75 ], [ 427363.5, 434444.5 ], [ 427363.75, 434444.5 ], [ 427363.75, 434444.25 ], [ 427364.0, 434444.25 ], [ 427364.0, 434444.0 ], [ 427364.25, 434444.0 ], [ 427364.25, 434443.75 ], [ 427364.5, 434443.75 ], [ 427364.5, 434443.5 ], [ 427364.75, 434443.5 ], [ 427364.75, 434443.25 ], [ 427365.0, 434443.25 ], [ 427365.0, 434442.75 ], [ 427365.25, 434442.75 ], [ 427365.25, 434442.5 ], [ 427365.5, 434442.5 ], [ 427365.5, 434442.25 ], [ 427365.75, 434442.25 ], [ 427365.75, 434442.0 ], [ 427366.0, 434442.0 ], [ 427366.0, 434441.75 ], [ 427366.25, 434441.75 ], [ 427366.25, 434441.25 ], [ 427366.75, 434441.25 ], [ 427366.75, 434441.0 ], [ 427367.0, 434441.0 ], [ 427367.0, 434440.75 ], [ 427367.25, 434440.75 ], [ 427367.25, 434440.5 ], [ 427367.5, 434440.5 ], [ 427367.5, 434440.25 ], [ 427367.75, 434440.25 ], [ 427367.75, 434439.75 ], [ 427368.0, 434439.75 ], [ 427368.0, 434439.5 ], [ 427368.25, 434439.5 ], [ 427368.25, 434439.25 ], [ 427368.5, 434439.25 ], [ 427368.5, 434438.75 ], [ 427368.75, 434438.75 ], [ 427368.75, 434438.5 ], [ 427369.0, 434438.5 ], [ 427369.0, 434438.25 ], [ 427369.25, 434438.25 ], [ 427369.25, 434437.75 ], [ 427369.5, 434437.75 ], [ 427369.5, 434437.5 ], [ 427369.75, 434437.5 ], [ 427369.75, 434437.25 ], [ 427370.0, 434437.25 ], [ 427370.0, 434437.0 ], [ 427370.5, 434437.0 ], [ 427370.5, 434436.75 ], [ 427370.75, 434436.75 ], [ 427370.75, 434436.5 ], [ 427371.0, 434436.5 ], [ 427371.0, 434436.25 ], [ 427371.25, 434436.25 ], [ 427371.25, 434436.0 ], [ 427371.75, 434436.0 ], [ 427371.75, 434435.75 ], [ 427372.0, 434435.75 ], [ 427372.0, 434435.5 ], [ 427372.25, 434435.5 ], [ 427372.25, 434435.25 ], [ 427372.5, 434435.25 ], [ 427372.5, 434435.0 ], [ 427372.75, 434435.0 ], [ 427372.75, 434434.75 ], [ 427373.0, 434434.75 ], [ 427373.0, 434434.5 ], [ 427373.25, 434434.5 ], [ 427373.25, 434434.25 ], [ 427373.5, 434434.25 ], [ 427373.5, 434434.0 ], [ 427373.75, 434434.0 ], [ 427373.75, 434433.75 ], [ 427374.25, 434433.75 ], [ 427374.25, 434433.5 ], [ 427374.5, 434433.5 ], [ 427374.5, 434433.25 ], [ 427374.75, 434433.25 ], [ 427374.75, 434433.5 ], [ 427377.75, 434433.5 ], [ 427377.75, 434433.75 ], [ 427378.5, 434433.75 ], [ 427378.5, 434434.0 ], [ 427379.0, 434434.0 ], [ 427379.0, 434434.25 ], [ 427379.5, 434434.25 ], [ 427379.5, 434434.5 ], [ 427379.75, 434434.5 ], [ 427379.75, 434434.75 ], [ 427380.0, 434434.75 ], [ 427380.0, 434435.0 ], [ 427380.5, 434435.0 ], [ 427380.5, 434435.25 ], [ 427380.75, 434435.25 ], [ 427380.75, 434435.5 ], [ 427381.0, 434435.5 ], [ 427381.0, 434435.75 ], [ 427381.75, 434435.75 ], [ 427381.75, 434436.0 ], [ 427384.0, 434436.0 ], [ 427384.0, 434431.5 ], [ 427385.0, 434431.5 ], [ 427385.0, 434431.75 ], [ 427385.5, 434431.75 ], [ 427385.5, 434431.5 ], [ 427386.25, 434431.5 ], [ 427386.25, 434431.25 ], [ 427386.5, 434431.25 ], [ 427386.5, 434431.0 ], [ 427386.75, 434431.0 ], [ 427386.75, 434430.75 ], [ 427387.0, 434430.75 ], [ 427387.0, 434430.5 ], [ 427387.25, 434430.5 ], [ 427387.25, 434430.25 ], [ 427387.5, 434430.25 ], [ 427387.5, 434430.0 ], [ 427387.75, 434430.0 ], [ 427387.75, 434429.75 ], [ 427388.0, 434429.75 ], [ 427388.0, 434429.5 ], [ 427388.25, 434429.5 ], [ 427388.25, 434429.25 ], [ 427388.75, 434429.25 ], [ 427388.75, 434429.0 ], [ 427389.0, 434429.0 ], [ 427389.0, 434428.75 ], [ 427389.25, 434428.75 ], [ 427389.25, 434428.5 ], [ 427389.5, 434428.5 ], [ 427389.5, 434428.25 ], [ 427390.0, 434428.25 ], [ 427390.0, 434428.0 ], [ 427390.25, 434428.0 ], [ 427390.25, 434427.75 ], [ 427390.5, 434427.75 ], [ 427390.5, 434427.5 ], [ 427390.75, 434427.5 ], [ 427390.75, 434427.25 ], [ 427391.0, 434427.25 ], [ 427391.0, 434427.0 ], [ 427391.25, 434427.0 ], [ 427391.25, 434426.75 ], [ 427391.5, 434426.75 ], [ 427391.5, 434426.25 ], [ 427392.0, 434426.25 ], [ 427392.0, 434426.0 ], [ 427392.25, 434426.0 ], [ 427392.25, 434425.75 ], [ 427392.5, 434425.75 ], [ 427392.5, 434425.5 ], [ 427392.75, 434425.5 ], [ 427392.75, 434425.0 ], [ 427393.0, 434425.0 ], [ 427393.0, 434424.75 ], [ 427393.25, 434424.75 ], [ 427393.25, 434424.5 ], [ 427393.5, 434424.5 ], [ 427393.5, 434424.25 ], [ 427393.75, 434424.25 ], [ 427393.75, 434424.0 ], [ 427394.0, 434424.0 ], [ 427394.0, 434423.75 ], [ 427394.5, 434423.75 ], [ 427394.5, 434423.5 ], [ 427394.75, 434423.5 ], [ 427394.75, 434423.25 ], [ 427395.0, 434423.25 ], [ 427395.0, 434423.0 ], [ 427395.25, 434423.0 ], [ 427395.25, 434422.75 ], [ 427395.5, 434422.75 ], [ 427395.5, 434422.5 ], [ 427396.0, 434422.5 ], [ 427396.0, 434422.25 ], [ 427396.25, 434422.25 ], [ 427396.25, 434422.0 ], [ 427396.5, 434422.0 ], [ 427396.5, 434421.75 ], [ 427396.75, 434421.75 ], [ 427396.75, 434421.5 ], [ 427397.25, 434421.5 ], [ 427397.25, 434421.25 ], [ 427397.75, 434421.25 ], [ 427397.75, 434421.0 ], [ 427398.25, 434421.0 ], [ 427398.25, 434420.75 ], [ 427399.25, 434420.75 ], [ 427399.25, 434420.5 ], [ 427401.75, 434420.5 ], [ 427401.75, 434420.75 ], [ 427402.75, 434420.75 ], [ 427402.75, 434421.0 ], [ 427403.5, 434421.0 ], [ 427403.5, 434421.25 ], [ 427404.0, 434421.25 ], [ 427404.0, 434421.5 ], [ 427404.25, 434421.5 ], [ 427404.25, 434421.75 ], [ 427404.5, 434421.75 ], [ 427404.5, 434422.0 ], [ 427404.75, 434422.0 ], [ 427404.75, 434422.25 ], [ 427405.0, 434422.25 ], [ 427405.0, 434422.5 ], [ 427405.25, 434422.5 ], [ 427405.25, 434422.75 ], [ 427405.5, 434422.75 ], [ 427405.5, 434423.0 ], [ 427405.75, 434423.0 ], [ 427405.75, 434423.5 ], [ 427406.0, 434423.5 ], [ 427406.0, 434423.75 ], [ 427406.25, 434423.75 ], [ 427406.25, 434424.0 ], [ 427406.5, 434424.0 ], [ 427406.5, 434424.5 ], [ 427406.75, 434424.5 ], [ 427406.75, 434424.75 ], [ 427407.0, 434424.75 ], [ 427407.0, 434425.25 ], [ 427407.25, 434425.25 ], [ 427407.25, 434425.75 ], [ 427407.5, 434425.75 ], [ 427407.5, 434426.25 ], [ 427407.75, 434426.25 ], [ 427407.75, 434426.5 ], [ 427408.0, 434426.5 ], [ 427408.0, 434426.75 ], [ 427408.25, 434426.75 ], [ 427408.25, 434427.0 ], [ 427408.5, 434427.0 ], [ 427408.5, 434427.5 ], [ 427408.75, 434427.5 ], [ 427408.75, 434427.75 ], [ 427409.0, 434427.75 ], [ 427409.0, 434428.0 ], [ 427409.25, 434428.0 ], [ 427409.25, 434428.25 ], [ 427409.5, 434428.25 ], [ 427409.5, 434428.5 ], [ 427409.75, 434428.5 ], [ 427409.75, 434428.75 ], [ 427410.0, 434428.75 ], [ 427410.0, 434429.0 ], [ 427410.25, 434429.0 ], [ 427410.25, 434429.25 ], [ 427410.5, 434429.25 ], [ 427410.5, 434429.75 ], [ 427410.75, 434429.75 ], [ 427410.75, 434430.0 ], [ 427411.0, 434430.0 ], [ 427411.0, 434430.5 ], [ 427411.25, 434430.5 ], [ 427411.25, 434431.0 ], [ 427411.5, 434431.0 ], [ 427411.5, 434431.75 ], [ 427411.75, 434431.75 ], [ 427411.75, 434432.25 ], [ 427412.0, 434432.25 ], [ 427412.0, 434433.0 ], [ 427412.25, 434433.0 ], [ 427412.25, 434433.75 ], [ 427412.0, 434433.75 ], [ 427412.0, 434434.25 ], [ 427411.75, 434434.25 ], [ 427411.75, 434434.5 ], [ 427411.5, 434434.5 ], [ 427411.5, 434434.75 ], [ 427411.25, 434434.75 ], [ 427411.25, 434435.0 ], [ 427410.75, 434435.0 ], [ 427410.75, 434435.25 ], [ 427410.5, 434435.25 ], [ 427410.5, 434435.5 ], [ 427410.0, 434435.5 ], [ 427410.0, 434435.75 ], [ 427409.75, 434435.75 ], [ 427409.75, 434436.0 ], [ 427409.5, 434436.0 ], [ 427409.5, 434436.25 ], [ 427409.25, 434436.25 ], [ 427409.25, 434436.5 ], [ 427408.75, 434436.5 ], [ 427408.75, 434436.75 ], [ 427408.25, 434436.75 ], [ 427408.25, 434437.0 ], [ 427407.75, 434437.0 ], [ 427407.75, 434437.25 ], [ 427407.5, 434437.25 ], [ 427407.5, 434437.5 ], [ 427407.0, 434437.5 ], [ 427407.0, 434437.75 ], [ 427406.5, 434437.75 ], [ 427406.5, 434438.0 ], [ 427406.25, 434438.0 ], [ 427406.25, 434438.25 ], [ 427405.75, 434438.25 ], [ 427405.75, 434438.5 ], [ 427405.0, 434438.5 ], [ 427405.0, 434438.75 ], [ 427404.25, 434438.75 ], [ 427404.25, 434439.0 ], [ 427403.5, 434439.0 ], [ 427403.5, 434439.25 ], [ 427402.5, 434439.25 ], [ 427402.5, 434439.5 ], [ 427396.75, 434439.5 ], [ 427396.75, 434439.75 ], [ 427395.25, 434439.75 ], [ 427395.25, 434440.0 ], [ 427394.5, 434440.0 ], [ 427394.5, 434440.25 ], [ 427393.5, 434440.25 ], [ 427393.5, 434440.5 ], [ 427392.25, 434440.5 ], [ 427392.25, 434440.75 ], [ 427391.75, 434440.75 ], [ 427391.75, 434441.0 ], [ 427390.75, 434441.0 ], [ 427390.75, 434441.25 ], [ 427390.0, 434441.25 ], [ 427390.0, 434441.5 ], [ 427389.5, 434441.5 ], [ 427389.5, 434441.75 ], [ 427389.0, 434441.75 ], [ 427389.0, 434442.0 ], [ 427388.75, 434442.0 ], [ 427388.75, 434442.25 ], [ 427388.25, 434442.25 ], [ 427388.25, 434442.5 ], [ 427388.0, 434442.5 ], [ 427388.0, 434442.75 ], [ 427387.75, 434442.75 ], [ 427387.75, 434443.0 ], [ 427387.25, 434443.0 ], [ 427387.25, 434443.25 ], [ 427387.0, 434443.25 ], [ 427387.0, 434443.5 ], [ 427386.75, 434443.5 ], [ 427386.75, 434443.75 ], [ 427386.25, 434443.75 ], [ 427386.25, 434444.0 ], [ 427385.0, 434444.0 ], [ 427385.0, 434444.25 ], [ 427384.0, 434444.25 ], [ 427384.0, 434455.75 ], [ 427386.0, 434455.75 ], [ 427386.0, 434455.5 ], [ 427389.25, 434455.5 ], [ 427389.25, 434455.25 ], [ 427391.75, 434455.25 ], [ 427391.75, 434455.0 ], [ 427394.0, 434455.0 ], [ 427394.0, 434454.75 ], [ 427395.75, 434454.75 ], [ 427395.75, 434454.5 ], [ 427396.25, 434454.5 ], [ 427396.25, 434454.25 ], [ 427397.25, 434454.25 ], [ 427397.25, 434454.0 ], [ 427398.5, 434454.0 ], [ 427398.5, 434453.75 ], [ 427399.25, 434453.75 ], [ 427399.25, 434453.5 ], [ 427400.5, 434453.5 ], [ 427400.5, 434453.25 ], [ 427401.5, 434453.25 ], [ 427401.5, 434453.0 ], [ 427402.25, 434453.0 ], [ 427402.25, 434452.75 ], [ 427403.0, 434452.75 ], [ 427403.0, 434452.5 ], [ 427404.75, 434452.5 ], [ 427404.75, 434452.25 ], [ 427406.25, 434452.25 ], [ 427406.25, 434452.5 ], [ 427406.75, 434452.5 ], [ 427406.75, 434451.75 ], [ 427407.0, 434451.75 ], [ 427407.0, 434450.75 ], [ 427407.25, 434450.75 ], [ 427407.25, 434450.5 ], [ 427407.5, 434450.5 ], [ 427407.5, 434450.25 ], [ 427407.75, 434450.25 ], [ 427407.75, 434450.0 ], [ 427408.0, 434450.0 ], [ 427408.0, 434449.75 ], [ 427408.25, 434449.75 ], [ 427408.25, 434449.5 ], [ 427408.75, 434449.5 ], [ 427408.75, 434449.25 ], [ 427409.25, 434449.25 ], [ 427409.25, 434449.0 ], [ 427410.0, 434449.0 ], [ 427410.0, 434448.75 ], [ 427413.0, 434448.75 ], [ 427413.0, 434448.5 ], [ 427413.5, 434448.5 ], [ 427413.5, 434448.75 ], [ 427414.0, 434448.75 ], [ 427414.0, 434449.0 ], [ 427414.5, 434449.0 ], [ 427414.5, 434449.25 ], [ 427414.75, 434449.25 ], [ 427414.75, 434449.5 ], [ 427415.0, 434449.5 ], [ 427415.0, 434449.75 ], [ 427415.25, 434449.75 ], [ 427415.25, 434450.25 ], [ 427415.5, 434450.25 ], [ 427415.5, 434452.0 ], [ 427415.75, 434452.0 ], [ 427415.75, 434454.0 ], [ 427416.0, 434454.0 ], [ 427416.0, 434454.5 ], [ 427416.25, 434454.5 ], [ 427416.25, 434454.75 ], [ 427416.5, 434454.75 ], [ 427416.5, 434455.25 ], [ 427416.75, 434455.25 ], [ 427416.75, 434455.5 ], [ 427417.0, 434455.5 ], [ 427417.0, 434455.75 ], [ 427417.25, 434455.75 ], [ 427417.25, 434456.0 ], [ 427417.5, 434456.0 ], [ 427417.5, 434456.25 ], [ 427417.75, 434456.25 ], [ 427417.75, 434456.75 ], [ 427418.0, 434456.75 ], [ 427418.0, 434457.25 ], [ 427418.25, 434457.25 ], [ 427418.25, 434457.5 ], [ 427418.5, 434457.5 ], [ 427418.5, 434457.75 ], [ 427418.75, 434457.75 ], [ 427418.75, 434458.25 ], [ 427419.0, 434458.25 ], [ 427419.0, 434458.75 ], [ 427419.25, 434458.75 ], [ 427419.25, 434459.0 ], [ 427419.5, 434459.0 ], [ 427419.5, 434459.5 ], [ 427419.75, 434459.5 ], [ 427419.75, 434459.75 ], [ 427420.0, 434459.75 ], [ 427420.0, 434460.0 ], [ 427420.25, 434460.0 ], [ 427420.25, 434460.25 ], [ 427420.5, 434460.25 ], [ 427420.5, 434460.5 ], [ 427421.0, 434460.5 ], [ 427421.0, 434460.75 ], [ 427421.25, 434460.75 ], [ 427421.25, 434461.0 ], [ 427422.0, 434461.0 ], [ 427422.0, 434461.25 ], [ 427422.75, 434461.25 ], [ 427422.75, 434461.75 ], [ 427423.0, 434461.75 ], [ 427423.0, 434462.5 ], [ 427423.25, 434462.5 ], [ 427423.25, 434463.75 ], [ 427423.5, 434463.75 ], [ 427423.5, 434464.75 ], [ 427423.75, 434464.75 ], [ 427423.75, 434465.25 ], [ 427424.0, 434465.25 ], [ 427424.0, 434465.75 ], [ 427424.25, 434465.75 ], [ 427424.25, 434466.0 ], [ 427424.5, 434466.0 ], [ 427424.5, 434466.5 ], [ 427424.75, 434466.5 ], [ 427424.75, 434466.75 ], [ 427425.0, 434466.75 ], [ 427425.0, 434467.25 ], [ 427425.25, 434467.25 ], [ 427425.25, 434467.75 ], [ 427425.5, 434467.75 ], [ 427425.5, 434468.25 ], [ 427425.75, 434468.25 ], [ 427425.75, 434468.75 ], [ 427426.0, 434468.75 ], [ 427426.0, 434471.5 ], [ 427425.75, 434471.5 ], [ 427425.75, 434471.75 ], [ 427425.5, 434471.75 ], [ 427425.5, 434472.0 ], [ 427425.25, 434472.0 ], [ 427425.25, 434472.25 ], [ 427425.0, 434472.25 ], [ 427425.0, 434472.5 ], [ 427424.75, 434472.5 ], [ 427424.75, 434472.75 ], [ 427424.5, 434472.75 ], [ 427424.5, 434473.25 ], [ 427424.25, 434473.25 ], [ 427424.25, 434473.75 ], [ 427424.0, 434473.75 ], [ 427424.0, 434474.25 ], [ 427423.75, 434474.25 ], [ 427423.75, 434474.75 ], [ 427423.5, 434474.75 ], [ 427423.5, 434475.25 ], [ 427423.25, 434475.25 ], [ 427423.25, 434476.0 ], [ 427423.0, 434476.0 ], [ 427423.0, 434479.0 ], [ 427422.75, 434479.0 ], [ 427422.75, 434479.5 ], [ 427422.5, 434479.5 ], [ 427422.5, 434481.0 ], [ 427422.25, 434481.0 ], [ 427422.25, 434481.75 ], [ 427422.0, 434481.75 ], [ 427422.0, 434482.75 ], [ 427421.75, 434482.75 ], [ 427421.75, 434485.25 ], [ 427421.5, 434485.25 ], [ 427421.5, 434488.0 ], [ 427411.75, 434488.0 ], [ 427411.75, 434488.75 ], [ 427412.0, 434488.75 ], [ 427412.0, 434489.25 ], [ 427412.25, 434489.25 ], [ 427412.25, 434490.0 ], [ 427412.5, 434490.0 ], [ 427412.5, 434490.25 ], [ 427412.75, 434490.25 ], [ 427412.75, 434490.5 ], [ 427413.0, 434490.5 ], [ 427413.0, 434491.0 ], [ 427412.75, 434491.0 ], [ 427412.75, 434491.5 ], [ 427413.0, 434491.5 ], [ 427413.0, 434491.75 ], [ 427413.25, 434491.75 ], [ 427413.25, 434492.0 ], [ 427413.75, 434492.0 ], [ 427413.75, 434492.25 ], [ 427414.0, 434492.25 ], [ 427414.0, 434492.5 ], [ 427414.25, 434492.5 ], [ 427414.25, 434493.25 ], [ 427414.5, 434493.25 ], [ 427414.5, 434493.5 ], [ 427414.25, 434493.5 ], [ 427414.25, 434494.5 ], [ 427414.0, 434494.5 ], [ 427414.0, 434495.0 ], [ 427413.75, 434495.0 ], [ 427413.75, 434495.5 ], [ 427413.25, 434495.5 ], [ 427413.25, 434495.75 ], [ 427412.75, 434495.75 ], [ 427412.75, 434496.0 ], [ 427412.5, 434496.0 ], [ 427412.5, 434496.25 ], [ 427412.0, 434496.25 ], [ 427412.0, 434496.75 ], [ 427411.75, 434496.75 ], [ 427411.75, 434497.25 ], [ 427411.5, 434497.25 ], [ 427411.5, 434497.75 ], [ 427411.0, 434497.75 ], [ 427411.0, 434498.0 ], [ 427410.5, 434498.0 ], [ 427410.5, 434498.25 ], [ 427410.25, 434498.25 ], [ 427410.25, 434498.5 ], [ 427410.0, 434498.5 ], [ 427410.0, 434499.25 ], [ 427409.75, 434499.25 ], [ 427409.75, 434499.75 ], [ 427409.0, 434499.75 ], [ 427409.0, 434500.0 ], [ 427408.75, 434500.0 ], [ 427408.75, 434500.25 ], [ 427408.5, 434500.25 ], [ 427408.5, 434501.0 ], [ 427408.75, 434501.0 ], [ 427408.75, 434501.25 ], [ 427409.0, 434501.25 ], [ 427409.0, 434501.5 ], [ 427409.25, 434501.5 ], [ 427409.25, 434501.75 ], [ 427408.75, 434501.75 ], [ 427408.75, 434502.25 ], [ 427408.5, 434502.25 ], [ 427408.5, 434502.5 ], [ 427408.75, 434502.5 ], [ 427408.75, 434502.75 ], [ 427409.5, 434502.75 ], [ 427409.5, 434503.0 ], [ 427410.5, 434503.0 ], [ 427410.5, 434503.25 ], [ 427411.0, 434503.25 ], [ 427411.0, 434503.5 ], [ 427411.5, 434503.5 ], [ 427411.5, 434503.75 ], [ 427411.75, 434503.75 ], [ 427411.75, 434504.0 ], [ 427412.0, 434504.0 ], [ 427412.0, 434504.5 ], [ 427414.25, 434504.5 ], [ 427414.25, 434504.25 ], [ 427414.75, 434504.25 ], [ 427414.75, 434504.5 ], [ 427416.0, 434504.5 ], [ 427416.0, 434504.75 ], [ 427417.0, 434504.75 ], [ 427417.0, 434505.0 ], [ 427418.0, 434505.0 ], [ 427418.0, 434505.25 ], [ 427418.75, 434505.25 ], [ 427418.75, 434505.5 ], [ 427419.5, 434505.5 ], [ 427419.5, 434505.75 ], [ 427420.0, 434505.75 ], [ 427420.0, 434506.0 ], [ 427420.25, 434506.0 ], [ 427420.25, 434506.25 ], [ 427420.5, 434506.25 ], [ 427420.5, 434506.75 ], [ 427420.75, 434506.75 ], [ 427420.75, 434507.25 ], [ 427421.0, 434507.25 ], [ 427421.0, 434507.75 ], [ 427421.25, 434507.75 ], [ 427421.25, 434508.25 ], [ 427421.5, 434508.25 ], [ 427421.5, 434508.5 ], [ 427421.75, 434508.5 ], [ 427421.75, 434509.0 ], [ 427422.0, 434509.0 ], [ 427422.0, 434510.25 ], [ 427422.25, 434510.25 ], [ 427422.25, 434511.25 ], [ 427422.5, 434511.25 ], [ 427422.5, 434513.5 ], [ 427422.75, 434513.5 ], [ 427422.75, 434514.75 ], [ 427423.0, 434514.75 ], [ 427423.0, 434517.75 ], [ 427423.25, 434517.75 ], [ 427423.25, 434518.75 ], [ 427423.5, 434518.75 ], [ 427423.5, 434519.5 ], [ 427423.75, 434519.5 ], [ 427423.75, 434520.0 ], [ 427424.0, 434520.0 ], [ 427424.0, 434521.0 ], [ 427424.25, 434521.0 ], [ 427424.25, 434521.75 ], [ 427424.5, 434521.75 ], [ 427424.5, 434522.0 ], [ 427424.75, 434522.0 ], [ 427424.75, 434522.5 ], [ 427425.0, 434522.5 ], [ 427425.0, 434523.0 ], [ 427425.25, 434523.0 ], [ 427425.25, 434523.5 ], [ 427425.5, 434523.5 ], [ 427425.5, 434524.0 ], [ 427425.75, 434524.0 ], [ 427425.75, 434524.5 ], [ 427426.0, 434524.5 ], [ 427426.0, 434525.0 ], [ 427426.25, 434525.0 ], [ 427426.25, 434525.5 ], [ 427426.5, 434525.5 ], [ 427426.5, 434526.0 ], [ 427426.75, 434526.0 ], [ 427426.75, 434526.5 ], [ 427427.0, 434526.5 ], [ 427427.0, 434527.0 ], [ 427427.25, 434527.0 ], [ 427427.25, 434527.5 ], [ 427427.5, 434527.5 ], [ 427427.5, 434528.75 ], [ 427427.75, 434528.75 ], [ 427427.75, 434529.25 ], [ 427428.0, 434529.25 ], [ 427428.0, 434530.0 ], [ 427428.25, 434530.0 ], [ 427428.25, 434530.75 ], [ 427428.5, 434530.75 ], [ 427428.5, 434531.25 ], [ 427428.75, 434531.25 ], [ 427428.75, 434532.5 ], [ 427429.0, 434532.5 ], [ 427429.0, 434533.0 ], [ 427429.25, 434533.0 ], [ 427429.25, 434533.5 ], [ 427429.5, 434533.5 ], [ 427429.5, 434534.0 ], [ 427429.75, 434534.0 ], [ 427429.75, 434535.25 ], [ 427430.0, 434535.25 ], [ 427430.0, 434535.75 ], [ 427430.25, 434535.75 ], [ 427430.25, 434536.25 ], [ 427430.5, 434536.25 ], [ 427430.5, 434536.75 ], [ 427430.75, 434536.75 ], [ 427430.75, 434537.5 ], [ 427431.0, 434537.5 ], [ 427431.0, 434538.25 ], [ 427431.25, 434538.25 ], [ 427431.25, 434538.75 ], [ 427431.5, 434538.75 ], [ 427431.5, 434539.5 ], [ 427431.75, 434539.5 ], [ 427431.75, 434540.25 ], [ 427432.0, 434540.25 ], [ 427432.0, 434541.0 ], [ 427432.25, 434541.0 ], [ 427432.25, 434541.5 ], [ 427432.5, 434541.5 ], [ 427432.5, 434542.75 ], [ 427432.25, 434542.75 ], [ 427432.25, 434543.25 ], [ 427432.0, 434543.25 ], [ 427432.0, 434543.5 ], [ 427431.75, 434543.5 ], [ 427431.75, 434544.0 ], [ 427431.5, 434544.0 ], [ 427431.5, 434544.25 ], [ 427431.25, 434544.25 ], [ 427431.25, 434544.75 ], [ 427431.0, 434544.75 ], [ 427431.0, 434546.25 ], [ 427430.75, 434546.25 ], [ 427430.75, 434547.75 ], [ 427430.5, 434547.75 ], [ 427430.5, 434548.0 ], [ 427429.25, 434548.0 ], [ 427429.25, 434548.25 ], [ 427428.25, 434548.25 ], [ 427428.25, 434548.75 ], [ 427428.75, 434548.75 ], [ 427428.75, 434549.0 ], [ 427429.25, 434549.0 ], [ 427429.25, 434549.25 ], [ 427430.0, 434549.25 ], [ 427430.0, 434549.0 ], [ 427431.0, 434549.0 ], [ 427431.0, 434549.25 ], [ 427431.5, 434549.25 ], [ 427431.5, 434550.0 ], [ 427431.75, 434550.0 ], [ 427431.75, 434551.0 ], [ 427432.0, 434551.0 ], [ 427432.0, 434551.75 ], [ 427431.75, 434551.75 ], [ 427431.75, 434552.25 ], [ 427431.5, 434552.25 ], [ 427431.5, 434553.0 ], [ 427431.75, 434553.0 ], [ 427431.75, 434553.25 ], [ 427432.0, 434553.25 ], [ 427432.0, 434555.75 ], [ 427432.25, 434555.75 ], [ 427432.25, 434556.75 ], [ 427432.5, 434556.75 ], [ 427432.5, 434557.25 ], [ 427432.75, 434557.25 ], [ 427432.75, 434557.75 ], [ 427432.0, 434557.75 ], [ 427432.0, 434557.5 ], [ 427431.25, 434557.5 ], [ 427431.25, 434557.25 ], [ 427431.0, 434557.25 ], [ 427431.0, 434557.0 ], [ 427430.75, 434557.0 ], [ 427430.75, 434556.75 ], [ 427430.25, 434556.75 ], [ 427430.25, 434557.0 ], [ 427430.0, 434557.0 ], [ 427430.0, 434557.25 ], [ 427429.75, 434557.25 ], [ 427429.75, 434557.5 ], [ 427429.5, 434557.5 ], [ 427429.5, 434557.75 ], [ 427428.0, 434557.75 ], [ 427428.0, 434558.0 ], [ 427427.25, 434558.0 ], [ 427427.25, 434558.25 ], [ 427426.25, 434558.25 ], [ 427426.25, 434558.5 ], [ 427425.75, 434558.5 ], [ 427425.75, 434558.75 ], [ 427425.0, 434558.75 ], [ 427425.0, 434559.0 ], [ 427424.5, 434559.0 ], [ 427424.5, 434559.25 ], [ 427423.25, 434559.25 ], [ 427423.25, 434559.5 ], [ 427422.25, 434559.5 ], [ 427422.25, 434559.75 ], [ 427422.0, 434559.75 ], [ 427422.0, 434560.0 ], [ 427421.75, 434560.0 ], [ 427421.75, 434560.25 ], [ 427421.5, 434560.25 ], [ 427421.5, 434560.5 ], [ 427421.25, 434560.5 ], [ 427421.25, 434560.75 ], [ 427421.0, 434560.75 ], [ 427421.0, 434561.0 ], [ 427420.75, 434561.0 ], [ 427420.75, 434561.25 ], [ 427420.5, 434561.25 ], [ 427420.5, 434561.5 ], [ 427420.25, 434561.5 ], [ 427420.25, 434561.75 ], [ 427419.75, 434561.75 ], [ 427419.75, 434562.0 ], [ 427419.25, 434562.0 ], [ 427419.25, 434562.25 ], [ 427419.0, 434562.25 ], [ 427419.0, 434562.5 ], [ 427418.5, 434562.5 ], [ 427418.5, 434562.75 ], [ 427418.0, 434562.75 ], [ 427418.0, 434563.0 ], [ 427417.5, 434563.0 ], [ 427417.5, 434563.25 ], [ 427417.0, 434563.25 ], [ 427417.0, 434563.5 ], [ 427416.5, 434563.5 ], [ 427416.5, 434563.75 ], [ 427416.0, 434563.75 ], [ 427416.0, 434564.0 ], [ 427415.5, 434564.0 ], [ 427415.5, 434564.25 ], [ 427414.75, 434564.25 ], [ 427414.75, 434564.5 ], [ 427414.0, 434564.5 ], [ 427414.0, 434564.75 ], [ 427413.25, 434564.75 ], [ 427413.25, 434565.0 ], [ 427412.75, 434565.0 ], [ 427412.75, 434565.25 ], [ 427412.5, 434565.25 ], [ 427412.5, 434565.5 ], [ 427412.0, 434565.5 ], [ 427412.0, 434565.75 ], [ 427411.5, 434565.75 ], [ 427411.5, 434566.0 ], [ 427411.25, 434566.0 ], [ 427411.25, 434566.25 ], [ 427410.75, 434566.25 ], [ 427410.75, 434566.5 ], [ 427410.25, 434566.5 ], [ 427410.25, 434566.75 ], [ 427409.75, 434566.75 ], [ 427409.75, 434567.0 ], [ 427409.25, 434567.0 ], [ 427409.25, 434567.25 ], [ 427408.75, 434567.25 ], [ 427408.75, 434567.5 ], [ 427408.5, 434567.5 ], [ 427408.5, 434567.75 ], [ 427408.0, 434567.75 ], [ 427408.0, 434568.0 ], [ 427407.5, 434568.0 ], [ 427407.5, 434568.25 ], [ 427407.25, 434568.25 ], [ 427407.25, 434568.5 ], [ 427406.75, 434568.5 ], [ 427406.75, 434568.75 ], [ 427406.25, 434568.75 ], [ 427406.25, 434569.0 ], [ 427405.75, 434569.0 ], [ 427405.75, 434569.25 ], [ 427405.25, 434569.25 ], [ 427405.25, 434569.5 ], [ 427404.75, 434569.5 ], [ 427404.75, 434569.75 ], [ 427404.5, 434569.75 ], [ 427404.5, 434570.0 ], [ 427404.25, 434570.0 ], [ 427404.25, 434570.25 ], [ 427404.0, 434570.25 ], [ 427404.0, 434570.5 ], [ 427403.75, 434570.5 ], [ 427403.75, 434570.75 ], [ 427403.5, 434570.75 ], [ 427403.5, 434571.0 ], [ 427403.25, 434571.0 ], [ 427403.25, 434571.25 ], [ 427402.75, 434571.25 ], [ 427402.75, 434571.5 ], [ 427402.5, 434571.5 ], [ 427402.5, 434571.75 ], [ 427402.25, 434571.75 ], [ 427402.25, 434572.0 ], [ 427401.75, 434572.0 ], [ 427401.75, 434572.25 ], [ 427401.5, 434572.25 ], [ 427401.5, 434572.5 ], [ 427401.0, 434572.5 ], [ 427401.0, 434572.75 ], [ 427400.75, 434572.75 ], [ 427400.75, 434573.0 ], [ 427400.5, 434573.0 ], [ 427400.5, 434573.25 ], [ 427400.25, 434573.25 ], [ 427400.25, 434573.5 ], [ 427400.0, 434573.5 ], [ 427400.0, 434573.75 ], [ 427399.75, 434573.75 ], [ 427399.75, 434574.0 ], [ 427399.5, 434574.0 ], [ 427399.5, 434574.25 ], [ 427399.25, 434574.25 ], [ 427399.25, 434574.5 ], [ 427399.0, 434574.5 ], [ 427399.0, 434575.0 ], [ 427398.5, 434575.0 ], [ 427398.5, 434575.25 ], [ 427398.25, 434575.25 ], [ 427398.25, 434575.5 ], [ 427398.0, 434575.5 ], [ 427398.0, 434575.75 ], [ 427397.75, 434575.75 ], [ 427397.75, 434576.0 ], [ 427397.25, 434576.0 ], [ 427397.25, 434576.25 ], [ 427396.75, 434576.25 ], [ 427396.75, 434576.5 ], [ 427396.25, 434576.5 ], [ 427396.25, 434576.75 ], [ 427396.0, 434576.75 ], [ 427396.0, 434577.0 ], [ 427395.75, 434577.0 ], [ 427395.75, 434577.25 ], [ 427395.25, 434577.25 ], [ 427395.25, 434577.5 ], [ 427394.75, 434577.5 ], [ 427394.75, 434577.75 ], [ 427394.25, 434577.75 ], [ 427394.25, 434578.0 ], [ 427393.75, 434578.0 ], [ 427393.75, 434578.25 ], [ 427393.0, 434578.25 ], [ 427393.0, 434578.5 ], [ 427392.25, 434578.5 ], [ 427392.25, 434578.75 ], [ 427391.5, 434578.75 ], [ 427391.5, 434579.0 ], [ 427391.0, 434579.0 ], [ 427391.0, 434579.25 ], [ 427390.25, 434579.25 ], [ 427390.25, 434579.5 ], [ 427389.75, 434579.5 ], [ 427389.75, 434579.75 ], [ 427389.25, 434579.75 ], [ 427389.25, 434579.5 ], [ 427388.5, 434579.5 ], [ 427388.5, 434579.25 ], [ 427388.0, 434579.25 ], [ 427388.0, 434579.0 ], [ 427387.25, 434579.0 ], [ 427387.25, 434578.75 ], [ 427387.0, 434578.75 ], [ 427387.0, 434578.5 ], [ 427386.75, 434578.5 ], [ 427386.75, 434578.0 ], [ 427386.5, 434578.0 ], [ 427386.5, 434577.5 ], [ 427386.0, 434577.5 ], [ 427386.0, 434577.75 ], [ 427384.75, 434577.75 ], [ 427384.75, 434577.5 ], [ 427384.0, 434577.5 ], [ 427384.0, 434585.0 ], [ 427381.75, 434585.0 ], [ 427381.75, 434585.25 ], [ 427380.75, 434585.25 ], [ 427380.75, 434585.5 ], [ 427376.25, 434585.5 ] ], [ [ 427382.75, 434538.75 ], [ 427384.0, 434538.75 ], [ 427384.0, 434537.75 ], [ 427383.25, 434537.75 ], [ 427383.25, 434538.0 ], [ 427383.0, 434538.0 ], [ 427383.0, 434538.25 ], [ 427382.75, 434538.25 ], [ 427382.75, 434538.75 ] ], [ [ 427407.5, 434502.0 ], [ 427407.75, 434502.0 ], [ 427407.75, 434501.75 ], [ 427408.25, 434501.75 ], [ 427408.25, 434501.25 ], [ 427407.25, 434501.25 ], [ 427407.25, 434501.75 ], [ 427407.5, 434501.75 ], [ 427407.5, 434502.0 ] ], [ [ 427384.0, 434499.5 ], [ 427385.0, 434499.5 ], [ 427385.0, 434499.25 ], [ 427385.5, 434499.25 ], [ 427385.5, 434499.0 ], [ 427385.75, 434499.0 ], [ 427385.75, 434498.75 ], [ 427386.0, 434498.75 ], [ 427386.0, 434498.5 ], [ 427386.25, 434498.5 ], [ 427386.25, 434498.25 ], [ 427386.5, 434498.25 ], [ 427386.5, 434498.0 ], [ 427387.0, 434498.0 ], [ 427387.0, 434497.75 ], [ 427387.5, 434497.75 ], [ 427387.5, 434497.5 ], [ 427388.0, 434497.5 ], [ 427388.0, 434497.25 ], [ 427388.75, 434497.25 ], [ 427388.75, 434497.0 ], [ 427389.5, 434497.0 ], [ 427389.5, 434496.75 ], [ 427390.25, 434496.75 ], [ 427390.25, 434496.5 ], [ 427390.75, 434496.5 ], [ 427390.75, 434496.25 ], [ 427391.5, 434496.25 ], [ 427391.5, 434496.0 ], [ 427392.0, 434496.0 ], [ 427392.0, 434495.75 ], [ 427392.5, 434495.75 ], [ 427392.5, 434495.5 ], [ 427393.0, 434495.5 ], [ 427393.0, 434495.25 ], [ 427393.5, 434495.25 ], [ 427393.5, 434495.0 ], [ 427393.75, 434495.0 ], [ 427393.75, 434494.75 ], [ 427394.0, 434494.75 ], [ 427394.0, 434494.5 ], [ 427394.25, 434494.5 ], [ 427394.25, 434494.25 ], [ 427394.75, 434494.25 ], [ 427394.75, 434494.0 ], [ 427395.25, 434494.0 ], [ 427395.25, 434493.75 ], [ 427395.5, 434493.75 ], [ 427395.5, 434493.5 ], [ 427395.75, 434493.5 ], [ 427395.75, 434493.25 ], [ 427396.25, 434493.25 ], [ 427396.25, 434493.0 ], [ 427396.75, 434493.0 ], [ 427396.75, 434492.75 ], [ 427397.25, 434492.75 ], [ 427397.25, 434492.25 ], [ 427397.5, 434492.25 ], [ 427397.5, 434492.0 ], [ 427397.75, 434492.0 ], [ 427397.75, 434491.75 ], [ 427398.25, 434491.75 ], [ 427398.25, 434491.5 ], [ 427398.75, 434491.5 ], [ 427398.75, 434491.25 ], [ 427399.0, 434491.25 ], [ 427399.0, 434491.0 ], [ 427399.25, 434491.0 ], [ 427399.25, 434490.5 ], [ 427399.5, 434490.5 ], [ 427399.5, 434489.0 ], [ 427399.25, 434489.0 ], [ 427399.25, 434488.0 ], [ 427395.25, 434488.0 ], [ 427395.25, 434487.0 ], [ 427395.0, 434487.0 ], [ 427395.0, 434486.0 ], [ 427394.75, 434486.0 ], [ 427394.75, 434485.5 ], [ 427394.5, 434485.5 ], [ 427394.5, 434485.25 ], [ 427394.25, 434485.25 ], [ 427394.25, 434484.75 ], [ 427394.0, 434484.75 ], [ 427394.0, 434484.5 ], [ 427393.75, 434484.5 ], [ 427393.75, 434484.25 ], [ 427393.5, 434484.25 ], [ 427393.5, 434484.0 ], [ 427393.25, 434484.0 ], [ 427393.25, 434483.5 ], [ 427393.0, 434483.5 ], [ 427393.0, 434483.0 ], [ 427392.75, 434483.0 ], [ 427392.75, 434482.5 ], [ 427392.5, 434482.5 ], [ 427392.5, 434481.75 ], [ 427392.25, 434481.75 ], [ 427392.25, 434481.0 ], [ 427392.0, 434481.0 ], [ 427392.0, 434480.25 ], [ 427391.75, 434480.25 ], [ 427391.75, 434479.75 ], [ 427391.5, 434479.75 ], [ 427391.5, 434478.75 ], [ 427391.25, 434478.75 ], [ 427391.25, 434477.75 ], [ 427391.0, 434477.75 ], [ 427391.0, 434477.0 ], [ 427390.75, 434477.0 ], [ 427390.75, 434476.25 ], [ 427390.5, 434476.25 ], [ 427390.5, 434475.75 ], [ 427390.25, 434475.75 ], [ 427390.25, 434475.25 ], [ 427390.0, 434475.25 ], [ 427390.0, 434474.75 ], [ 427389.75, 434474.75 ], [ 427389.75, 434474.5 ], [ 427389.5, 434474.5 ], [ 427389.5, 434474.0 ], [ 427389.25, 434474.0 ], [ 427389.25, 434473.5 ], [ 427389.0, 434473.5 ], [ 427389.0, 434473.0 ], [ 427388.75, 434473.0 ], [ 427388.75, 434472.5 ], [ 427388.5, 434472.5 ], [ 427388.5, 434472.0 ], [ 427388.25, 434472.0 ], [ 427388.25, 434471.25 ], [ 427388.0, 434471.25 ], [ 427388.0, 434470.75 ], [ 427387.75, 434470.75 ], [ 427387.75, 434470.25 ], [ 427387.5, 434470.25 ], [ 427387.5, 434469.75 ], [ 427387.25, 434469.75 ], [ 427387.25, 434469.25 ], [ 427387.0, 434469.25 ], [ 427387.0, 434469.0 ], [ 427386.75, 434469.0 ], [ 427386.75, 434468.5 ], [ 427386.25, 434468.5 ], [ 427386.25, 434468.25 ], [ 427386.0, 434468.25 ], [ 427386.0, 434468.0 ], [ 427384.0, 434468.0 ], [ 427384.0, 434472.75 ], [ 427382.25, 434472.75 ], [ 427382.25, 434473.0 ], [ 427380.25, 434473.0 ], [ 427380.25, 434473.25 ], [ 427378.5, 434473.25 ], [ 427378.5, 434473.5 ], [ 427377.5, 434473.5 ], [ 427377.5, 434473.75 ], [ 427377.25, 434473.75 ], [ 427377.25, 434474.25 ], [ 427377.0, 434474.25 ], [ 427377.0, 434474.75 ], [ 427377.25, 434474.75 ], [ 427377.25, 434475.25 ], [ 427377.5, 434475.25 ], [ 427377.5, 434475.5 ], [ 427377.75, 434475.5 ], [ 427377.75, 434475.75 ], [ 427378.0, 434475.75 ], [ 427378.0, 434476.0 ], [ 427378.25, 434476.0 ], [ 427378.25, 434476.25 ], [ 427378.5, 434476.25 ], [ 427378.5, 434476.5 ], [ 427378.75, 434476.5 ], [ 427378.75, 434476.75 ], [ 427379.25, 434476.75 ], [ 427379.25, 434477.0 ], [ 427379.5, 434477.0 ], [ 427379.5, 434477.25 ], [ 427380.0, 434477.25 ], [ 427380.0, 434477.5 ], [ 427380.5, 434477.5 ], [ 427380.5, 434478.0 ], [ 427380.75, 434478.0 ], [ 427380.75, 434478.25 ], [ 427381.0, 434478.25 ], [ 427381.0, 434478.5 ], [ 427381.25, 434478.5 ], [ 427381.25, 434479.0 ], [ 427381.5, 434479.0 ], [ 427381.5, 434479.5 ], [ 427381.75, 434479.5 ], [ 427381.75, 434479.75 ], [ 427382.0, 434479.75 ], [ 427382.0, 434480.25 ], [ 427382.25, 434480.25 ], [ 427382.25, 434480.5 ], [ 427383.25, 434480.5 ], [ 427383.25, 434480.25 ], [ 427384.0, 434480.25 ], [ 427384.0, 434486.75 ], [ 427383.5, 434486.75 ], [ 427383.5, 434487.0 ], [ 427382.75, 434487.0 ], [ 427382.75, 434487.25 ], [ 427382.5, 434487.25 ], [ 427382.5, 434488.0 ], [ 427384.0, 434488.0 ], [ 427384.0, 434499.5 ] ], [ [ 427409.25, 434490.0 ], [ 427409.5, 434490.0 ], [ 427409.5, 434489.5 ], [ 427409.0, 434489.5 ], [ 427409.0, 434489.25 ], [ 427408.25, 434489.25 ], [ 427408.25, 434489.5 ], [ 427408.5, 434489.5 ], [ 427408.5, 434489.75 ], [ 427409.25, 434489.75 ], [ 427409.25, 434490.0 ] ], [ [ 427410.25, 434488.75 ], [ 427411.0, 434488.75 ], [ 427411.0, 434488.0 ], [ 427410.25, 434488.0 ], [ 427410.25, 434488.75 ] ] ] } },
{ "type": "Feature", "properties": { }, "geometry": { "type": "Polygon", "coordinates": [ [ [ 427033.0, 434488.0 ], [ 427033.0, 434486.25 ], [ 427032.75, 434486.25 ], [ 427032.75, 434486.0 ], [ 427032.5, 434486.0 ], [ 427032.5, 434485.75 ], [ 427032.25, 434485.75 ], [ 427032.25, 434485.5 ], [ 427032.0, 434485.5 ], [ 427032.0, 434485.25 ], [ 427031.5, 434485.25 ], [ 427031.5, 434485.0 ], [ 427031.25, 434485.0 ], [ 427031.25, 434484.75 ], [ 427030.75, 434484.75 ], [ 427030.75, 434484.5 ], [ 427030.5, 434484.5 ], [ 427030.5, 434484.25 ], [ 427030.25, 434484.25 ], [ 427030.25, 434484.0 ], [ 427030.0, 434484.0 ], [ 427030.0, 434483.75 ], [ 427029.75, 434483.75 ], [ 427029.75, 434483.5 ], [ 427029.5, 434483.5 ], [ 427029.5, 434483.25 ], [ 427029.25, 434483.25 ], [ 427029.25, 434483.0 ], [ 427029.0, 434483.0 ], [ 427029.0, 434482.75 ], [ 427028.75, 434482.75 ], [ 427028.75, 434482.5 ], [ 427028.5, 434482.5 ], [ 427028.5, 434482.25 ], [ 427028.25, 434482.25 ], [ 427028.25, 434482.0 ], [ 427028.0, 434482.0 ], [ 427028.0, 434481.75 ], [ 427027.75, 434481.75 ], [ 427027.75, 434481.25 ], [ 427027.5, 434481.25 ], [ 427027.5, 434481.0 ], [ 427027.25, 434481.0 ], [ 427027.25, 434480.75 ], [ 427027.0, 434480.75 ], [ 427027.0, 434480.5 ], [ 427026.75, 434480.5 ], [ 427026.75, 434480.25 ], [ 427026.5, 434480.25 ], [ 427026.5, 434480.0 ], [ 427026.0, 434480.0 ], [ 427026.0, 434479.75 ], [ 427025.75, 434479.75 ], [ 427025.75, 434479.25 ], [ 427025.5, 434479.25 ], [ 427025.5, 434478.5 ], [ 427025.25, 434478.5 ], [ 427025.25, 434478.0 ], [ 427025.0, 434478.0 ], [ 427025.0, 434477.5 ], [ 427024.75, 434477.5 ], [ 427024.75, 434476.75 ], [ 427024.5, 434476.75 ], [ 427024.5, 434476.0 ], [ 427024.25, 434476.0 ], [ 427024.25, 434475.5 ], [ 427024.0, 434475.5 ], [ 427024.0, 434474.75 ], [ 427023.75, 434474.75 ], [ 427023.75, 434471.75 ], [ 427024.0, 434471.75 ], [ 427024.0, 434470.5 ], [ 427024.25, 434470.5 ], [ 427024.25, 434469.25 ], [ 427024.5, 434469.25 ], [ 427024.5, 434468.75 ], [ 427024.75, 434468.75 ], [ 427024.75, 434468.25 ], [ 427025.0, 434468.25 ], [ 427025.0, 434467.75 ], [ 427025.25, 434467.75 ], [ 427025.25, 434467.5 ], [ 427025.5, 434467.5 ], [ 427025.5, 434466.75 ], [ 427025.75, 434466.75 ], [ 427025.75, 434466.25 ], [ 427026.0, 434466.25 ], [ 427026.0, 434466.0 ], [ 427026.25, 434466.0 ], [ 427026.25, 434465.5 ], [ 427026.5, 434465.5 ], [ 427026.5, 434465.25 ], [ 427026.75, 434465.25 ], [ 427026.75, 434465.0 ], [ 427027.0, 434465.0 ], [ 427027.0, 434464.5 ], [ 427027.25, 434464.5 ], [ 427027.25, 434464.25 ], [ 427027.5, 434464.25 ], [ 427027.5, 434464.0 ], [ 427027.75, 434464.0 ], [ 427027.75, 434463.75 ], [ 427028.0, 434463.75 ], [ 427028.0, 434463.5 ], [ 427028.5, 434463.5 ], [ 427028.5, 434463.25 ], [ 427028.75, 434463.25 ], [ 427028.75, 434463.0 ], [ 427029.0, 434463.0 ], [ 427029.0, 434462.75 ], [ 427029.5, 434462.75 ], [ 427029.5, 434462.5 ], [ 427030.0, 434462.5 ], [ 427030.0, 434462.25 ], [ 427030.25, 434462.25 ], [ 427030.25, 434462.0 ], [ 427030.5, 434462.0 ], [ 427030.5, 434461.75 ], [ 427031.0, 434461.75 ], [ 427031.0, 434461.5 ], [ 427031.5, 434461.5 ], [ 427031.5, 434461.25 ], [ 427031.75, 434461.25 ], [ 427031.75, 434461.0 ], [ 427032.0, 434461.0 ], [ 427032.0, 434460.75 ], [ 427032.5, 434460.75 ], [ 427032.5, 434460.5 ], [ 427032.75, 434460.5 ], [ 427032.75, 434460.25 ], [ 427033.25, 434460.25 ], [ 427033.25, 434460.0 ], [ 427033.5, 434460.0 ], [ 427033.5, 434459.75 ], [ 427033.75, 434459.75 ], [ 427033.75, 434459.5 ], [ 427034.0, 434459.5 ], [ 427034.0, 434459.25 ], [ 427034.5, 434459.25 ], [ 427034.5, 434459.0 ], [ 427034.75, 434459.0 ], [ 427034.75, 434458.75 ], [ 427035.0, 434458.75 ], [ 427035.0, 434458.5 ], [ 427035.25, 434458.5 ], [ 427035.25, 434458.25 ], [ 427035.75, 434458.25 ], [ 427035.75, 434458.0 ], [ 427036.0, 434458.0 ], [ 427036.0, 434457.75 ], [ 427036.25, 434457.75 ], [ 427036.25, 434457.5 ], [ 427036.5, 434457.5 ], [ 427036.5, 434457.25 ], [ 427037.0, 434457.25 ], [ 427037.0, 434457.0 ], [ 427037.25, 434457.0 ], [ 427037.25, 434456.75 ], [ 427037.5, 434456.75 ], [ 427037.5, 434456.5 ], [ 427038.0, 434456.5 ], [ 427038.0, 434456.25 ], [ 427038.5, 434456.25 ], [ 427038.5, 434456.0 ], [ 427039.0, 434456.0 ], [ 427039.0, 434455.75 ], [ 427039.5, 434455.75 ], [ 427039.5, 434455.5 ], [ 427040.0, 434455.5 ], [ 427040.0, 434455.25 ], [ 427040.25, 434455.25 ], [ 427040.25, 434455.0 ], [ 427040.75, 434455.0 ], [ 427040.75, 434454.75 ], [ 427041.25, 434454.75 ], [ 427041.25, 434454.5 ], [ 427041.5, 434454.5 ], [ 427041.5, 434454.25 ], [ 427042.0, 434454.25 ], [ 427042.0, 434454.0 ], [ 427042.5, 434454.0 ], [ 427042.5, 434453.75 ], [ 427042.75, 434453.75 ], [ 427042.75, 434453.5 ], [ 427043.0, 434453.5 ], [ 427043.0, 434453.25 ], [ 427043.25, 434453.25 ], [ 427043.25, 434453.0 ], [ 427043.75, 434453.0 ], [ 427043.75, 434452.75 ], [ 427044.0, 434452.75 ], [ 427044.0, 434452.5 ], [ 427044.25, 434452.5 ], [ 427044.25, 434452.25 ], [ 427044.75, 434452.25 ], [ 427044.75, 434452.0 ], [ 427045.25, 434452.0 ], [ 427045.25, 434451.75 ], [ 427045.5, 434451.75 ], [ 427045.5, 434451.5 ], [ 427045.75, 434451.5 ], [ 427045.75, 434451.25 ], [ 427046.25, 434451.25 ], [ 427046.25, 434451.0 ], [ 427046.5, 434451.0 ], [ 427046.5, 434450.75 ], [ 427046.75, 434450.75 ], [ 427046.75, 434450.5 ], [ 427047.0, 434450.5 ], [ 427047.0, 434450.25 ], [ 427047.5, 434450.25 ], [ 427047.5, 434450.0 ], [ 427047.75, 434450.0 ], [ 427047.75, 434449.75 ], [ 427048.0, 434449.75 ], [ 427048.0, 434449.5 ], [ 427048.25, 434449.5 ], [ 427048.25, 434449.25 ], [ 427048.5, 434449.25 ], [ 427048.5, 434449.0 ], [ 427049.0, 434449.0 ], [ 427049.0, 434448.75 ], [ 427049.25, 434448.75 ], [ 427049.25, 434448.5 ], [ 427049.5, 434448.5 ], [ 427049.5, 434448.25 ], [ 427050.0, 434448.25 ], [ 427050.0, 434448.0 ], [ 427050.5, 434448.0 ], [ 427050.5, 434447.75 ], [ 427051.0, 434447.75 ], [ 427051.0, 434447.5 ], [ 427051.25, 434447.5 ], [ 427051.25, 434447.25 ], [ 427051.75, 434447.25 ], [ 427051.75, 434447.0 ], [ 427052.25, 434447.0 ], [ 427052.25, 434446.75 ], [ 427052.5, 434446.75 ], [ 427052.5, 434446.5 ], [ 427052.75, 434446.5 ], [ 427052.75, 434446.25 ], [ 427053.25, 434446.25 ], [ 427053.25, 434446.0 ], [ 427053.5, 434446.0 ], [ 427053.5, 434445.75 ], [ 427054.0, 434445.75 ], [ 427054.0, 434445.5 ], [ 427054.25, 434445.5 ], [ 427054.25, 434445.25 ], [ 427054.5, 434445.25 ], [ 427054.5, 434445.0 ], [ 427055.0, 434445.0 ], [ 427055.0, 434444.75 ], [ 427055.25, 434444.75 ], [ 427055.25, 434444.5 ], [ 427055.5, 434444.5 ], [ 427055.5, 434444.25 ], [ 427055.75, 434444.25 ], [ 427055.75, 434444.0 ], [ 427056.25, 434444.0 ], [ 427056.25, 434443.75 ], [ 427056.5, 434443.75 ], [ 427056.5, 434443.5 ], [ 427056.75, 434443.5 ], [ 427056.75, 434443.25 ], [ 427057.25, 434443.25 ], [ 427057.25, 434443.0 ], [ 427057.5, 434443.0 ], [ 427057.5, 434442.75 ], [ 427058.0, 434442.75 ], [ 427058.0, 434442.5 ], [ 427058.25, 434442.5 ], [ 427058.25, 434442.25 ], [ 427058.75, 434442.25 ], [ 427058.75, 434442.0 ], [ 427059.0, 434442.0 ], [ 427059.0, 434441.75 ], [ 427059.25, 434441.75 ], [ 427059.25, 434441.5 ], [ 427059.5, 434441.5 ], [ 427059.5, 434441.25 ], [ 427060.0, 434441.25 ], [ 427060.0, 434441.0 ], [ 427060.25, 434441.0 ], [ 427060.25, 434440.75 ], [ 427060.75, 434440.75 ], [ 427060.75, 434440.5 ], [ 427061.25, 434440.5 ], [ 427061.25, 434440.25 ], [ 427061.75, 434440.25 ], [ 427061.75, 434440.0 ], [ 427062.25, 434440.0 ], [ 427062.25, 434439.75 ], [ 427062.5, 434439.75 ], [ 427062.5, 434439.5 ], [ 427063.0, 434439.5 ], [ 427063.0, 434439.25 ], [ 427063.5, 434439.25 ], [ 427063.5, 434439.0 ], [ 427063.75, 434439.0 ], [ 427063.75, 434438.75 ], [ 427064.25, 434438.75 ], [ 427064.25, 434438.5 ], [ 427064.5, 434438.5 ], [ 427064.5, 434438.25 ], [ 427065.0, 434438.25 ], [ 427065.0, 434438.0 ], [ 427065.25, 434438.0 ], [ 427065.25, 434437.75 ], [ 427065.5, 434437.75 ], [ 427065.5, 434437.5 ], [ 427065.75, 434437.5 ], [ 427065.75, 434437.25 ], [ 427066.0, 434437.25 ], [ 427066.0, 434437.0 ], [ 427066.5, 434437.0 ], [ 427066.5, 434436.75 ], [ 427066.75, 434436.75 ], [ 427066.75, 434436.5 ], [ 427067.0, 434436.5 ], [ 427067.0, 434436.25 ], [ 427067.5, 434436.25 ], [ 427067.5, 434436.0 ], [ 427067.75, 434436.0 ], [ 427067.75, 434435.75 ], [ 427068.0, 434435.75 ], [ 427068.0, 434435.5 ], [ 427068.25, 434435.5 ], [ 427068.25, 434435.25 ], [ 427068.5, 434435.25 ], [ 427068.5, 434435.0 ], [ 427069.0, 434435.0 ], [ 427069.0, 434434.75 ], [ 427069.25, 434434.75 ], [ 427069.25, 434434.0 ], [ 427069.5, 434434.0 ], [ 427069.5, 434433.25 ], [ 427069.25, 434433.25 ], [ 427069.25, 434432.75 ], [ 427069.0, 434432.75 ], [ 427069.0, 434432.0 ], [ 427068.75, 434432.0 ], [ 427068.75, 434431.0 ], [ 427068.5, 434431.0 ], [ 427068.5, 434429.75 ], [ 427068.25, 434429.75 ], [ 427068.25, 434428.75 ], [ 427068.0, 434428.75 ], [ 427068.0, 434427.5 ], [ 427067.75, 434427.5 ], [ 427067.75, 434426.75 ], [ 427067.5, 434426.75 ], [ 427067.5, 434426.25 ], [ 427067.75, 434426.25 ], [ 427067.75, 434425.5 ], [ 427068.0, 434425.5 ], [ 427068.0, 434425.25 ], [ 427068.25, 434425.25 ], [ 427068.25, 434425.0 ], [ 427068.5, 434425.0 ], [ 427068.5, 434424.75 ], [ 427068.75, 434424.75 ], [ 427068.75, 434424.25 ], [ 427069.0, 434424.25 ], [ 427069.0, 434424.0 ], [ 427069.25, 434424.0 ], [ 427069.25, 434423.5 ], [ 427069.5, 434423.5 ], [ 427069.5, 434423.25 ], [ 427069.75, 434423.25 ], [ 427069.75, 434423.0 ], [ 427070.0, 434423.0 ], [ 427070.0, 434422.75 ], [ 427070.25, 434422.75 ], [ 427070.25, 434422.5 ], [ 427070.5, 434422.5 ], [ 427070.5, 434422.25 ], [ 427071.0, 434422.25 ], [ 427071.0, 434422.0 ], [ 427071.5, 434422.0 ], [ 427071.5, 434421.75 ], [ 427071.75, 434421.75 ], [ 427071.75, 434421.5 ], [ 427072.25, 434421.5 ], [ 427072.25, 434421.25 ], [ 427072.5, 434421.25 ], [ 427072.5, 434421.0 ], [ 427073.0, 434421.0 ], [ 427073.0, 434420.75 ], [ 427073.5, 434420.75 ], [ 427073.5, 434420.5 ], [ 427074.0, 434420.5 ], [ 427074.0, 434420.25 ], [ 427074.5, 434420.25 ], [ 427074.5, 434420.0 ], [ 427075.25, 434420.0 ], [ 427075.25, 434419.75 ], [ 427075.75, 434419.75 ], [ 427075.75, 434419.5 ], [ 427076.5, 434419.5 ], [ 427076.5, 434419.25 ], [ 427079.25, 434419.25 ], [ 427079.25, 434419.5 ], [ 427080.5, 434419.5 ], [ 427080.5, 434419.75 ], [ 427081.75, 434419.75 ], [ 427081.75, 434420.0 ], [ 427082.0, 434420.0 ], [ 427082.0, 434420.25 ], [ 427082.5, 434420.25 ], [ 427082.5, 434420.5 ], [ 427082.75, 434420.5 ], [ 427082.75, 434420.75 ], [ 427083.0, 434420.75 ], [ 427083.0, 434421.0 ], [ 427083.25, 434421.0 ], [ 427083.25, 434421.25 ], [ 427083.5, 434421.25 ], [ 427083.5, 434421.5 ], [ 427083.75, 434421.5 ], [ 427083.75, 434421.75 ], [ 427084.0, 434421.75 ], [ 427084.0, 434422.0 ], [ 427084.25, 434422.0 ], [ 427084.25, 434422.25 ], [ 427084.5, 434422.25 ], [ 427084.5, 434422.5 ], [ 427084.75, 434422.5 ], [ 427084.75, 434422.75 ], [ 427085.0, 434422.75 ], [ 427085.0, 434423.0 ], [ 427085.5, 434423.0 ], [ 427085.5, 434423.25 ], [ 427085.75, 434423.25 ], [ 427085.75, 434423.5 ], [ 427086.25, 434423.5 ], [ 427086.25, 434423.75 ], [ 427086.5, 434423.75 ], [ 427086.5, 434424.0 ], [ 427086.75, 434424.0 ], [ 427086.75, 434424.25 ], [ 427087.0, 434424.25 ], [ 427087.0, 434424.5 ], [ 427087.25, 434424.5 ], [ 427087.25, 434424.75 ], [ 427087.5, 434424.75 ], [ 427087.5, 434425.0 ], [ 427087.75, 434425.0 ], [ 427087.75, 434425.25 ], [ 427088.0, 434425.25 ], [ 427088.0, 434425.75 ], [ 427088.25, 434425.75 ], [ 427088.25, 434426.0 ], [ 427088.5, 434426.0 ], [ 427088.5, 434426.25 ], [ 427088.75, 434426.25 ], [ 427088.75, 434426.75 ], [ 427089.0, 434426.75 ], [ 427089.0, 434427.0 ], [ 427089.25, 434427.0 ], [ 427089.25, 434427.25 ], [ 427090.0, 434427.25 ], [ 427090.0, 434427.5 ], [ 427091.0, 434427.5 ], [ 427091.0, 434427.25 ], [ 427093.0, 434427.25 ], [ 427093.0, 434427.0 ], [ 427094.0, 434427.0 ], [ 427094.0, 434426.75 ], [ 427094.75, 434426.75 ], [ 427094.75, 434426.5 ], [ 427095.25, 434426.5 ], [ 427095.25, 434426.25 ], [ 427096.0, 434426.25 ], [ 427096.0, 434426.0 ], [ 427096.75, 434426.0 ], [ 427096.75, 434425.75 ], [ 427097.25, 434425.75 ], [ 427097.25, 434425.5 ], [ 427097.75, 434425.5 ], [ 427097.75, 434425.25 ], [ 427098.25, 434425.25 ], [ 427098.25, 434425.0 ], [ 427098.5, 434425.0 ], [ 427098.5, 434424.75 ], [ 427099.0, 434424.75 ], [ 427099.0, 434424.5 ], [ 427099.25, 434424.5 ], [ 427099.25, 434424.25 ], [ 427099.75, 434424.25 ], [ 427099.75, 434424.0 ], [ 427100.25, 434424.0 ], [ 427100.25, 434423.75 ], [ 427100.5, 434423.75 ], [ 427100.5, 434423.5 ], [ 427101.0, 434423.5 ], [ 427101.0, 434423.25 ], [ 427101.25, 434423.25 ], [ 427101.25, 434423.0 ], [ 427103.5, 434423.0 ], [ 427103.5, 434423.25 ], [ 427104.5, 434423.25 ], [ 427104.5, 434423.5 ], [ 427105.5, 434423.5 ], [ 427105.5, 434423.75 ], [ 427106.0, 434423.75 ], [ 427106.0, 434424.0 ], [ 427106.5, 434424.0 ], [ 427106.5, 434424.25 ], [ 427107.0, 434424.25 ], [ 427107.0, 434424.5 ], [ 427107.25, 434424.5 ], [ 427107.25, 434424.75 ], [ 427107.75, 434424.75 ], [ 427107.75, 434425.0 ], [ 427108.0, 434425.0 ], [ 427108.0, 434425.25 ], [ 427108.25, 434425.25 ], [ 427108.25, 434425.5 ], [ 427108.5, 434425.5 ], [ 427108.5, 434425.75 ], [ 427108.75, 434425.75 ], [ 427108.75, 434426.25 ], [ 427109.0, 434426.25 ], [ 427109.0, 434426.5 ], [ 427109.25, 434426.5 ], [ 427109.25, 434426.75 ], [ 427109.5, 434426.75 ], [ 427109.5, 434427.0 ], [ 427109.75, 434427.0 ], [ 427109.75, 434427.25 ], [ 427110.0, 434427.25 ], [ 427110.0, 434427.5 ], [ 427110.25, 434427.5 ], [ 427110.25, 434427.75 ], [ 427110.5, 434427.75 ], [ 427110.5, 434428.0 ], [ 427110.75, 434428.0 ], [ 427110.75, 434428.25 ], [ 427111.0, 434428.25 ], [ 427111.0, 434428.5 ], [ 427111.25, 434428.5 ], [ 427111.25, 434428.75 ], [ 427111.5, 434428.75 ], [ 427111.5, 434429.0 ], [ 427111.75, 434429.0 ], [ 427111.75, 434429.5 ], [ 427112.0, 434429.5 ], [ 427112.0, 434429.75 ], [ 427112.25, 434429.75 ], [ 427112.25, 434430.25 ], [ 427112.5, 434430.25 ], [ 427112.5, 434430.75 ], [ 427112.75, 434430.75 ], [ 427112.75, 434431.0 ], [ 427113.0, 434431.0 ], [ 427113.0, 434431.25 ], [ 427113.25, 434431.25 ], [ 427113.25, 434431.5 ], [ 427113.5, 434431.5 ], [ 427113.5, 434432.0 ], [ 427113.75, 434432.0 ], [ 427113.75, 434432.5 ], [ 427114.0, 434432.5 ], [ 427114.0, 434432.75 ], [ 427114.25, 434432.75 ], [ 427114.25, 434433.25 ], [ 427114.5, 434433.25 ], [ 427114.5, 434433.5 ], [ 427114.75, 434433.5 ], [ 427114.75, 434433.75 ], [ 427115.0, 434433.75 ], [ 427115.0, 434434.0 ], [ 427115.5, 434434.0 ], [ 427115.5, 434434.25 ], [ 427115.75, 434434.25 ], [ 427115.75, 434434.5 ], [ 427116.0, 434434.5 ], [ 427116.0, 434434.75 ], [ 427116.25, 434434.75 ], [ 427116.25, 434435.0 ], [ 427116.5, 434435.0 ], [ 427116.5, 434435.25 ], [ 427116.75, 434435.25 ], [ 427116.75, 434435.5 ], [ 427117.0, 434435.5 ], [ 427117.0, 434436.0 ], [ 427117.25, 434436.0 ], [ 427117.25, 434436.5 ], [ 427117.5, 434436.5 ], [ 427117.5, 434437.0 ], [ 427117.75, 434437.0 ], [ 427117.75, 434437.5 ], [ 427118.0, 434437.5 ], [ 427118.0, 434437.75 ], [ 427118.25, 434437.75 ], [ 427118.25, 434438.0 ], [ 427118.5, 434438.0 ], [ 427118.5, 434438.5 ], [ 427118.75, 434438.5 ], [ 427118.75, 434438.75 ], [ 427119.0, 434438.75 ], [ 427119.0, 434439.0 ], [ 427119.25, 434439.0 ], [ 427119.25, 434439.25 ], [ 427119.5, 434439.25 ], [ 427119.5, 434439.5 ], [ 427120.0, 434439.5 ], [ 427120.0, 434439.75 ], [ 427120.25, 434439.75 ], [ 427120.25, 434440.0 ], [ 427120.5, 434440.0 ], [ 427120.5, 434440.25 ], [ 427120.75, 434440.25 ], [ 427120.75, 434440.75 ], [ 427121.0, 434440.75 ], [ 427121.0, 434441.0 ], [ 427121.25, 434441.0 ], [ 427121.25, 434441.25 ], [ 427121.5, 434441.25 ], [ 427121.5, 434441.5 ], [ 427121.75, 434441.5 ], [ 427121.75, 434442.0 ], [ 427122.0, 434442.0 ], [ 427122.0, 434442.25 ], [ 427122.25, 434442.25 ], [ 427122.25, 434442.5 ], [ 427122.75, 434442.5 ], [ 427122.75, 434442.75 ], [ 427123.0, 434442.75 ], [ 427123.0, 434443.0 ], [ 427123.25, 434443.0 ], [ 427123.25, 434443.25 ], [ 427123.5, 434443.25 ], [ 427123.5, 434443.5 ], [ 427123.75, 434443.5 ], [ 427123.75, 434444.0 ], [ 427124.0, 434444.0 ], [ 427124.0, 434444.25 ], [ 427124.25, 434444.25 ], [ 427124.25, 434444.5 ], [ 427124.5, 434444.5 ], [ 427124.5, 434445.0 ], [ 427124.75, 434445.0 ], [ 427124.75, 434445.5 ], [ 427125.0, 434445.5 ], [ 427125.0, 434446.0 ], [ 427125.25, 434446.0 ], [ 427125.25, 434446.5 ], [ 427125.5, 434446.5 ], [ 427125.5, 434446.75 ], [ 427125.75, 434446.75 ], [ 427125.75, 434447.0 ], [ 427126.25, 434447.0 ], [ 427126.25, 434447.5 ], [ 427128.0, 434447.5 ], [ 427128.0, 434461.75 ], [ 427127.0, 434461.75 ], [ 427127.0, 434461.5 ], [ 427123.25, 434461.5 ], [ 427123.25, 434461.75 ], [ 427122.25, 434461.75 ], [ 427122.25, 434462.0 ], [ 427122.0, 434462.0 ], [ 427122.0, 434462.25 ], [ 427121.75, 434462.25 ], [ 427121.75, 434462.5 ], [ 427121.5, 434462.5 ], [ 427121.5, 434462.75 ], [ 427121.25, 434462.75 ], [ 427121.25, 434463.25 ], [ 427121.0, 434463.25 ], [ 427121.0, 434463.5 ], [ 427120.75, 434463.5 ], [ 427120.75, 434463.75 ], [ 427120.0, 434463.75 ], [ 427120.0, 434464.0 ], [ 427117.25, 434464.0 ], [ 427117.25, 434464.25 ], [ 427115.5, 434464.25 ], [ 427115.5, 434464.5 ], [ 427114.75, 434464.5 ], [ 427114.75, 434464.75 ], [ 427113.5, 434464.75 ], [ 427113.5, 434465.0 ], [ 427112.75, 434465.0 ], [ 427112.75, 434465.25 ], [ 427112.25, 434465.25 ], [ 427112.25, 434465.5 ], [ 427111.75, 434465.5 ], [ 427111.75, 434465.75 ], [ 427111.5, 434465.75 ], [ 427111.5, 434466.0 ], [ 427111.0, 434466.0 ], [ 427111.0, 434466.25 ], [ 427110.75, 434466.25 ], [ 427110.75, 434466.5 ], [ 427110.5, 434466.5 ], [ 427110.5, 434466.75 ], [ 427110.25, 434466.75 ], [ 427110.25, 434467.0 ], [ 427110.0, 434467.0 ], [ 427110.0, 434467.25 ], [ 427109.75, 434467.25 ], [ 427109.75, 434467.5 ], [ 427109.5, 434467.5 ], [ 427109.5, 434467.75 ], [ 427109.25, 434467.75 ], [ 427109.25, 434468.0 ], [ 427109.0, 434468.0 ], [ 427109.0, 434468.25 ], [ 427108.75, 434468.25 ], [ 427108.75, 434468.5 ], [ 427108.5, 434468.5 ], [ 427108.5, 434468.75 ], [ 427108.0, 434468.75 ], [ 427108.0, 434469.0 ], [ 427107.5, 434469.0 ], [ 427107.5, 434469.25 ], [ 427107.0, 434469.25 ], [ 427107.0, 434469.5 ], [ 427106.25, 434469.5 ], [ 427106.25, 434469.75 ], [ 427106.0, 434469.75 ], [ 427106.0, 434470.0 ], [ 427105.75, 434470.0 ], [ 427105.75, 434470.25 ], [ 427105.5, 434470.25 ], [ 427105.5, 434472.25 ], [ 427105.25, 434472.25 ], [ 427105.25, 434474.25 ], [ 427105.5, 434474.25 ], [ 427105.5, 434474.75 ], [ 427105.75, 434474.75 ], [ 427105.75, 434475.25 ], [ 427106.0, 434475.25 ], [ 427106.0, 434475.75 ], [ 427105.75, 434475.75 ], [ 427105.75, 434476.75 ], [ 427106.0, 434476.75 ], [ 427106.0, 434477.5 ], [ 427106.25, 434477.5 ], [ 427106.25, 434478.5 ], [ 427106.5, 434478.5 ], [ 427106.5, 434478.75 ], [ 427106.75, 434478.75 ], [ 427106.75, 434479.0 ], [ 427107.0, 434479.0 ], [ 427107.0, 434479.25 ], [ 427107.25, 434479.25 ], [ 427107.25, 434479.5 ], [ 427107.5, 434479.5 ], [ 427107.5, 434481.0 ], [ 427107.75, 434481.0 ], [ 427107.75, 434482.25 ], [ 427107.5, 434482.25 ], [ 427107.5, 434483.0 ], [ 427107.25, 434483.0 ], [ 427107.25, 434483.5 ], [ 427107.0, 434483.5 ], [ 427107.0, 434484.0 ], [ 427106.75, 434484.0 ], [ 427106.75, 434484.5 ], [ 427106.5, 434484.5 ], [ 427106.5, 434484.75 ], [ 427106.25, 434484.75 ], [ 427106.25, 434485.25 ], [ 427106.0, 434485.25 ], [ 427106.0, 434485.75 ], [ 427105.75, 434485.75 ], [ 427105.75, 434486.5 ], [ 427105.5, 434486.5 ], [ 427105.5, 434488.0 ], [ 427083.5, 434488.0 ], [ 427083.5, 434486.25 ], [ 427083.25, 434486.25 ], [ 427083.25, 434485.5 ], [ 427083.0, 434485.5 ], [ 427083.0, 434485.25 ], [ 427082.75, 434485.25 ], [ 427082.75, 434485.0 ], [ 427082.5, 434485.0 ], [ 427082.5, 434484.75 ], [ 427082.25, 434484.75 ], [ 427082.25, 434484.5 ], [ 427081.75, 434484.5 ], [ 427081.75, 434484.25 ], [ 427080.5, 434484.25 ], [ 427080.5, 434484.5 ], [ 427077.25, 434484.5 ], [ 427077.25, 434484.75 ], [ 427074.75, 434484.75 ], [ 427074.75, 434485.0 ], [ 427069.5, 434485.0 ], [ 427069.5, 434484.75 ], [ 427068.5, 434484.75 ], [ 427068.5, 434485.0 ], [ 427064.75, 434485.0 ], [ 427064.75, 434485.25 ], [ 427063.5, 434485.25 ], [ 427063.5, 434485.5 ], [ 427062.5, 434485.5 ], [ 427062.5, 434485.75 ], [ 427062.25, 434485.75 ], [ 427062.25, 434486.0 ], [ 427061.75, 434486.0 ], [ 427061.75, 434486.25 ], [ 427061.5, 434486.25 ], [ 427061.5, 434486.5 ], [ 427061.25, 434486.5 ], [ 427061.25, 434488.0 ], [ 427033.0, 434488.0 ] ], [ [ 427045.25, 434487.25 ], [ 427045.75, 434487.25 ], [ 427045.75, 434487.0 ], [ 427046.0, 434487.0 ], [ 427046.0, 434486.5 ], [ 427045.75, 434486.5 ], [ 427045.75, 434486.25 ], [ 427045.0, 434486.25 ], [ 427045.0, 434486.5 ], [ 427044.5, 434486.5 ], [ 427044.5, 434486.75 ], [ 427044.75, 434486.75 ], [ 427044.75, 434487.0 ], [ 427045.25, 434487.0 ], [ 427045.25, 434487.25 ] ] ] } },
{ "type": "Feature", "properties": { }, "geometry": { "type": "Polygon", "coordinates": [ [ [ 427229.25, 434412.25 ], [ 427229.25, 434412.0 ], [ 427229.0, 434412.0 ], [ 427229.0, 434411.75 ], [ 427228.75, 434411.75 ], [ 427228.75, 434411.5 ], [ 427228.5, 434411.5 ], [ 427228.5, 434411.25 ], [ 427228.25, 434411.25 ], [ 427228.25, 434411.0 ], [ 427228.0, 434411.0 ], [ 427228.0, 434410.75 ], [ 427227.75, 434410.75 ], [ 427227.75, 434410.5 ], [ 427227.5, 434410.5 ], [ 427227.5, 434410.0 ], [ 427227.25, 434410.0 ], [ 427227.25, 434409.5 ], [ 427227.0, 434409.5 ], [ 427227.0, 434409.0 ], [ 427226.75, 434409.0 ], [ 427226.75, 434408.0 ], [ 427226.5, 434408.0 ], [ 427226.5, 434407.5 ], [ 427226.25, 434407.5 ], [ 427226.25, 434407.0 ], [ 427226.0, 434407.0 ], [ 427226.0, 434405.75 ], [ 427225.75, 434405.75 ], [ 427225.75, 434405.25 ], [ 427226.0, 434405.25 ], [ 427226.0, 434404.5 ], [ 427226.25, 434404.5 ], [ 427226.25, 434404.25 ], [ 427226.5, 434404.25 ], [ 427226.5, 434404.0 ], [ 427226.75, 434404.0 ], [ 427226.75, 434403.75 ], [ 427227.0, 434403.75 ], [ 427227.0, 434403.25 ], [ 427227.25, 434403.25 ], [ 427227.25, 434402.75 ], [ 427227.5, 434402.75 ], [ 427227.5, 434402.5 ], [ 427227.75, 434402.5 ], [ 427227.75, 434402.25 ], [ 427228.0, 434402.25 ], [ 427228.0, 434402.0 ], [ 427228.5, 434402.0 ], [ 427228.5, 434401.75 ], [ 427228.75, 434401.75 ], [ 427228.75, 434401.5 ], [ 427229.0, 434401.5 ], [ 427229.0, 434401.25 ], [ 427229.5, 434401.25 ], [ 427229.5, 434401.0 ], [ 427230.25, 434401.0 ], [ 427230.25, 434400.75 ], [ 427234.0, 434400.75 ], [ 427234.0, 434401.0 ], [ 427234.25, 434401.0 ], [ 427234.25, 434401.25 ], [ 427234.75, 434401.25 ], [ 427234.75, 434401.5 ], [ 427235.0, 434401.5 ], [ 427235.0, 434402.75 ], [ 427234.75, 434402.75 ], [ 427234.75, 434403.0 ], [ 427234.5, 434403.0 ], [ 427234.5, 434403.25 ], [ 427233.5, 434403.25 ], [ 427233.5, 434403.5 ], [ 427233.25, 434403.5 ], [ 427233.25, 434406.0 ], [ 427233.0, 434406.0 ], [ 427233.0, 434406.75 ], [ 427232.75, 434406.75 ], [ 427232.75, 434407.25 ], [ 427232.5, 434407.25 ], [ 427232.5, 434407.75 ], [ 427232.25, 434407.75 ], [ 427232.25, 434408.5 ], [ 427232.0, 434408.5 ], [ 427232.0, 434409.75 ], [ 427231.75, 434409.75 ], [ 427231.75, 434410.75 ], [ 427231.5, 434410.75 ], [ 427231.5, 434411.0 ], [ 427231.25, 434411.0 ], [ 427231.25, 434411.25 ], [ 427231.0, 434411.25 ], [ 427231.0, 434411.5 ], [ 427230.75, 434411.5 ], [ 427230.75, 434411.75 ], [ 427230.25, 434411.75 ], [ 427230.25, 434412.0 ], [ 427230.0, 434412.0 ], [ 427230.0, 434412.25 ], [ 427229.25, 434412.25 ] ] ] } },
{ "type": "Feature", "properties": { }, "geometry": { "type": "Polygon", "coordinates": [ [ [ 427695.25, 434451.0 ], [ 427695.25, 434450.75 ], [ 427693.75, 434450.75 ], [ 427693.75, 434450.5 ], [ 427692.75, 434450.5 ], [ 427692.75, 434450.25 ], [ 427692.25, 434450.25 ], [ 427692.25, 434450.0 ], [ 427691.5, 434450.0 ], [ 427691.5, 434449.75 ], [ 427691.0, 434449.75 ], [ 427691.0, 434449.5 ], [ 427690.5, 434449.5 ], [ 427690.5, 434449.25 ], [ 427689.75, 434449.25 ], [ 427689.75, 434449.0 ], [ 427689.25, 434449.0 ], [ 427689.25, 434448.75 ], [ 427688.5, 434448.75 ], [ 427688.5, 434448.5 ], [ 427688.0, 434448.5 ], [ 427688.0, 434448.25 ], [ 427687.5, 434448.25 ], [ 427687.5, 434448.0 ], [ 427686.75, 434448.0 ], [ 427686.75, 434447.75 ], [ 427686.25, 434447.75 ], [ 427686.25, 434447.5 ], [ 427685.75, 434447.5 ], [ 427685.75, 434447.25 ], [ 427685.25, 434447.25 ], [ 427685.25, 434447.0 ], [ 427685.0, 434447.0 ], [ 427685.0, 434446.75 ], [ 427684.75, 434446.75 ], [ 427684.75, 434446.5 ], [ 427684.5, 434446.5 ], [ 427684.5, 434446.25 ], [ 427684.25, 434446.25 ], [ 427684.25, 434446.0 ], [ 427684.0, 434446.0 ], [ 427684.0, 434445.75 ], [ 427683.75, 434445.75 ], [ 427683.75, 434445.5 ], [ 427683.5, 434445.5 ], [ 427683.5, 434445.25 ], [ 427683.0, 434445.25 ], [ 427683.0, 434445.0 ], [ 427682.75, 434445.0 ], [ 427682.75, 434444.75 ], [ 427682.5, 434444.75 ], [ 427682.5, 434444.5 ], [ 427682.0, 434444.5 ], [ 427682.0, 434444.25 ], [ 427681.75, 434444.25 ], [ 427681.75, 434444.0 ], [ 427681.5, 434444.0 ], [ 427681.5, 434443.75 ], [ 427681.0, 434443.75 ], [ 427681.0, 434443.5 ], [ 427680.75, 434443.5 ], [ 427680.75, 434443.25 ], [ 427680.5, 434443.25 ], [ 427680.5, 434443.0 ], [ 427680.0, 434443.0 ], [ 427680.0, 434442.75 ], [ 427679.75, 434442.75 ], [ 427679.75, 434442.5 ], [ 427679.5, 434442.5 ], [ 427679.5, 434442.25 ], [ 427679.25, 434442.25 ], [ 427679.25, 434442.0 ], [ 427679.0, 434442.0 ], [ 427679.0, 434441.5 ], [ 427678.75, 434441.5 ], [ 427678.75, 434441.25 ], [ 427678.5, 434441.25 ], [ 427678.5, 434440.75 ], [ 427678.25, 434440.75 ], [ 427678.25, 434440.5 ], [ 427678.0, 434440.5 ], [ 427678.0, 434440.25 ], [ 427677.75, 434440.25 ], [ 427677.75, 434440.0 ], [ 427677.5, 434440.0 ], [ 427677.5, 434439.5 ], [ 427677.25, 434439.5 ], [ 427677.25, 434439.25 ], [ 427677.0, 434439.25 ], [ 427677.0, 434438.75 ], [ 427676.75, 434438.75 ], [ 427676.75, 434438.0 ], [ 427676.5, 434438.0 ], [ 427676.5, 434437.5 ], [ 427676.25, 434437.5 ], [ 427676.25, 434436.5 ], [ 427676.0, 434436.5 ], [ 427676.0, 434434.5 ], [ 427676.25, 434434.5 ], [ 427676.25, 434433.25 ], [ 427676.5, 434433.25 ], [ 427676.5, 434433.0 ], [ 427676.75, 434433.0 ], [ 427676.75, 434432.5 ], [ 427677.0, 434432.5 ], [ 427677.0, 434432.0 ], [ 427677.25, 434432.0 ], [ 427677.25, 434431.5 ], [ 427677.5, 434431.5 ], [ 427677.5, 434431.25 ], [ 427677.75, 434431.25 ], [ 427677.75, 434431.0 ], [ 427678.0, 434431.0 ], [ 427678.0, 434430.75 ], [ 427678.25, 434430.75 ], [ 427678.25, 434430.25 ], [ 427678.5, 434430.25 ], [ 427678.5, 434430.0 ], [ 427678.75, 434430.0 ], [ 427678.75, 434429.5 ], [ 427679.0, 434429.5 ], [ 427679.0, 434429.25 ], [ 427679.5, 434429.25 ], [ 427679.5, 434429.0 ], [ 427679.75, 434429.0 ], [ 427679.75, 434428.75 ], [ 427680.0, 434428.75 ], [ 427680.0, 434428.5 ], [ 427680.5, 434428.5 ], [ 427680.5, 434428.25 ], [ 427681.0, 434428.25 ], [ 427681.0, 434428.0 ], [ 427681.5, 434428.0 ], [ 427681.5, 434427.75 ], [ 427682.0, 434427.75 ], [ 427682.0, 434427.5 ], [ 427682.75, 434427.5 ], [ 427682.75, 434427.25 ], [ 427683.25, 434427.25 ], [ 427683.25, 434427.0 ], [ 427683.75, 434427.0 ], [ 427683.75, 434426.75 ], [ 427684.5, 434426.75 ], [ 427684.5, 434426.5 ], [ 427684.75, 434426.5 ], [ 427684.75, 434426.25 ], [ 427685.25, 434426.25 ], [ 427685.25, 434426.0 ], [ 427685.5, 434426.0 ], [ 427685.5, 434425.75 ], [ 427686.0, 434425.75 ], [ 427686.0, 434425.5 ], [ 427686.25, 434425.5 ], [ 427686.25, 434425.25 ], [ 427686.75, 434425.25 ], [ 427686.75, 434425.0 ], [ 427687.25, 434425.0 ], [ 427687.25, 434424.75 ], [ 427687.5, 434424.75 ], [ 427687.5, 434424.5 ], [ 427688.0, 434424.5 ], [ 427688.0, 434424.25 ], [ 427688.5, 434424.25 ], [ 427688.5, 434424.0 ], [ 427689.0, 434424.0 ], [ 427689.0, 434423.75 ], [ 427689.5, 434423.75 ], [ 427689.5, 434423.5 ], [ 427690.0, 434423.5 ], [ 427690.0, 434423.25 ], [ 427690.75, 434423.25 ], [ 427690.75, 434423.0 ], [ 427691.25, 434423.0 ], [ 427691.25, 434422.75 ], [ 427691.75, 434422.75 ], [ 427691.75, 434422.5 ], [ 427692.25, 434422.5 ], [ 427692.25, 434422.25 ], [ 427692.5, 434422.25 ], [ 427692.5, 434422.0 ], [ 427693.0, 434422.0 ], [ 427693.0, 434421.75 ], [ 427693.5, 434421.75 ], [ 427693.5, 434421.5 ], [ 427694.25, 434421.5 ], [ 427694.25, 434421.25 ], [ 427697.25, 434421.25 ], [ 427697.25, 434421.0 ], [ 427700.0, 434421.0 ], [ 427700.0, 434421.25 ], [ 427701.5, 434421.25 ], [ 427701.5, 434421.5 ], [ 427702.75, 434421.5 ], [ 427702.75, 434421.75 ], [ 427703.5, 434421.75 ], [ 427703.5, 434422.0 ], [ 427704.25, 434422.0 ], [ 427704.25, 434422.25 ], [ 427704.75, 434422.25 ], [ 427704.75, 434422.5 ], [ 427705.0, 434422.5 ], [ 427705.0, 434422.75 ], [ 427705.25, 434422.75 ], [ 427705.25, 434423.0 ], [ 427705.5, 434423.0 ], [ 427705.5, 434423.25 ], [ 427705.75, 434423.25 ], [ 427705.75, 434424.25 ], [ 427705.5, 434424.25 ], [ 427705.5, 434424.75 ], [ 427705.75, 434424.75 ], [ 427705.75, 434425.75 ], [ 427705.5, 434425.75 ], [ 427705.5, 434426.0 ], [ 427705.25, 434426.0 ], [ 427705.25, 434426.5 ], [ 427705.0, 434426.5 ], [ 427705.0, 434427.0 ], [ 427704.75, 434427.0 ], [ 427704.75, 434427.75 ], [ 427704.5, 434427.75 ], [ 427704.5, 434428.75 ], [ 427704.25, 434428.75 ], [ 427704.25, 434430.5 ], [ 427704.5, 434430.5 ], [ 427704.5, 434431.0 ], [ 427704.75, 434431.0 ], [ 427704.75, 434431.5 ], [ 427705.0, 434431.5 ], [ 427705.0, 434432.0 ], [ 427705.25, 434432.0 ], [ 427705.25, 434432.5 ], [ 427705.5, 434432.5 ], [ 427705.5, 434432.75 ], [ 427705.75, 434432.75 ], [ 427705.75, 434433.0 ], [ 427706.0, 434433.0 ], [ 427706.0, 434433.25 ], [ 427706.25, 434433.25 ], [ 427706.25, 434433.5 ], [ 427706.5, 434433.5 ], [ 427706.5, 434433.75 ], [ 427707.25, 434433.75 ], [ 427707.25, 434434.0 ], [ 427707.75, 434434.0 ], [ 427707.75, 434434.25 ], [ 427708.75, 434434.25 ], [ 427708.75, 434434.5 ], [ 427710.75, 434434.5 ], [ 427710.75, 434434.25 ], [ 427711.25, 434434.25 ], [ 427711.25, 434434.0 ], [ 427711.75, 434434.0 ], [ 427711.75, 434433.75 ], [ 427712.5, 434433.75 ], [ 427712.5, 434433.5 ], [ 427713.0, 434433.5 ], [ 427713.0, 434433.25 ], [ 427713.75, 434433.25 ], [ 427713.75, 434433.0 ], [ 427714.5, 434433.0 ], [ 427714.5, 434432.75 ], [ 427715.25, 434432.75 ], [ 427715.25, 434432.5 ], [ 427716.25, 434432.5 ], [ 427716.25, 434432.25 ], [ 427717.25, 434432.25 ], [ 427717.25, 434432.0 ], [ 427718.25, 434432.0 ], [ 427718.25, 434431.75 ], [ 427719.0, 434431.75 ], [ 427719.0, 434431.5 ], [ 427719.5, 434431.5 ], [ 427719.5, 434431.25 ], [ 427720.0, 434431.25 ], [ 427720.0, 434431.0 ], [ 427720.5, 434431.0 ], [ 427720.5, 434430.75 ], [ 427720.75, 434430.75 ], [ 427720.75, 434430.5 ], [ 427721.25, 434430.5 ], [ 427721.25, 434430.25 ], [ 427721.5, 434430.25 ], [ 427721.5, 434430.0 ], [ 427722.0, 434430.0 ], [ 427722.0, 434429.75 ], [ 427722.25, 434429.75 ], [ 427722.25, 434429.5 ], [ 427722.75, 434429.5 ], [ 427722.75, 434429.25 ], [ 427723.0, 434429.25 ], [ 427723.0, 434429.0 ], [ 427723.25, 434429.0 ], [ 427723.25, 434428.75 ], [ 427723.5, 434428.75 ], [ 427723.5, 434428.5 ], [ 427724.0, 434428.5 ], [ 427724.0, 434428.25 ], [ 427724.25, 434428.25 ], [ 427724.25, 434428.0 ], [ 427724.75, 434428.0 ], [ 427724.75, 434427.75 ], [ 427725.0, 434427.75 ], [ 427725.0, 434427.5 ], [ 427725.5, 434427.5 ], [ 427725.5, 434427.25 ], [ 427725.75, 434427.25 ], [ 427725.75, 434427.0 ], [ 427726.25, 434427.0 ], [ 427726.25, 434426.75 ], [ 427727.0, 434426.75 ], [ 427727.0, 434426.5 ], [ 427727.25, 434426.5 ], [ 427727.25, 434426.25 ], [ 427727.5, 434426.25 ], [ 427727.5, 434426.0 ], [ 427728.0, 434426.0 ], [ 427728.0, 434425.75 ], [ 427728.25, 434425.75 ], [ 427728.25, 434425.5 ], [ 427728.5, 434425.5 ], [ 427728.5, 434425.0 ], [ 427728.75, 434425.0 ], [ 427728.75, 434424.75 ], [ 427729.0, 434424.75 ], [ 427729.0, 434424.25 ], [ 427729.25, 434424.25 ], [ 427729.25, 434424.0 ], [ 427729.5, 434424.0 ], [ 427729.5, 434423.75 ], [ 427729.75, 434423.75 ], [ 427729.75, 434423.5 ], [ 427730.0, 434423.5 ], [ 427730.0, 434423.25 ], [ 427730.25, 434423.25 ], [ 427730.25, 434423.0 ], [ 427730.75, 434423.0 ], [ 427730.75, 434422.75 ], [ 427731.25, 434422.75 ], [ 427731.25, 434422.5 ], [ 427731.5, 434422.5 ], [ 427731.5, 434422.0 ], [ 427731.75, 434422.0 ], [ 427731.75, 434420.75 ], [ 427731.5, 434420.75 ], [ 427731.5, 434420.0 ], [ 427731.25, 434420.0 ], [ 427731.25, 434419.0 ], [ 427731.0, 434419.0 ], [ 427731.0, 434414.5 ], [ 427730.75, 434414.5 ], [ 427730.75, 434411.5 ], [ 427731.0, 434411.5 ], [ 427731.0, 434410.25 ], [ 427731.25, 434410.25 ], [ 427731.25, 434409.75 ], [ 427731.5, 434409.75 ], [ 427731.5, 434409.5 ], [ 427731.75, 434409.5 ], [ 427731.75, 434409.25 ], [ 427732.0, 434409.25 ], [ 427732.0, 434409.0 ], [ 427732.25, 434409.0 ], [ 427732.25, 434408.75 ], [ 427732.5, 434408.75 ], [ 427732.5, 434408.5 ], [ 427732.75, 434408.5 ], [ 427732.75, 434408.25 ], [ 427733.25, 434408.25 ], [ 427733.25, 434408.0 ], [ 427733.5, 434408.0 ], [ 427733.5, 434407.75 ], [ 427733.75, 434407.75 ], [ 427733.75, 434407.5 ], [ 427734.25, 434407.5 ], [ 427734.25, 434407.25 ], [ 427734.75, 434407.25 ], [ 427734.75, 434407.0 ], [ 427735.0, 434407.0 ], [ 427735.0, 434406.75 ], [ 427735.25, 434406.75 ], [ 427735.25, 434406.5 ], [ 427735.5, 434406.5 ], [ 427735.5, 434406.25 ], [ 427735.75, 434406.25 ], [ 427735.75, 434406.0 ], [ 427736.0, 434406.0 ], [ 427736.0, 434405.75 ], [ 427736.25, 434405.75 ], [ 427736.25, 434405.5 ], [ 427736.5, 434405.5 ], [ 427736.5, 434405.25 ], [ 427736.75, 434405.25 ], [ 427736.75, 434405.0 ], [ 427737.0, 434405.0 ], [ 427737.0, 434404.75 ], [ 427737.25, 434404.75 ], [ 427737.25, 434404.5 ], [ 427737.5, 434404.5 ], [ 427737.5, 434404.25 ], [ 427738.0, 434404.25 ], [ 427738.0, 434404.0 ], [ 427738.25, 434404.0 ], [ 427738.25, 434403.75 ], [ 427738.75, 434403.75 ], [ 427738.75, 434403.5 ], [ 427739.0, 434403.5 ], [ 427739.0, 434403.25 ], [ 427739.25, 434403.25 ], [ 427739.25, 434403.0 ], [ 427739.5, 434403.0 ], [ 427739.5, 434402.5 ], [ 427739.75, 434402.5 ], [ 427739.75, 434402.25 ], [ 427740.0, 434402.25 ], [ 427740.0, 434402.0 ], [ 427740.25, 434402.0 ], [ 427740.25, 434401.5 ], [ 427740.75, 434401.5 ], [ 427740.75, 434401.25 ], [ 427741.0, 434401.25 ], [ 427741.0, 434401.0 ], [ 427741.5, 434401.0 ], [ 427741.5, 434400.75 ], [ 427741.75, 434400.75 ], [ 427741.75, 434400.5 ], [ 427742.25, 434400.5 ], [ 427742.25, 434400.25 ], [ 427743.0, 434400.25 ], [ 427743.0, 434400.0 ], [ 427743.5, 434400.0 ], [ 427743.5, 434399.75 ], [ 427743.75, 434399.75 ], [ 427743.75, 434399.5 ], [ 427744.5, 434399.5 ], [ 427744.5, 434399.25 ], [ 427745.0, 434399.25 ], [ 427745.0, 434399.0 ], [ 427745.5, 434399.0 ], [ 427745.5, 434398.75 ], [ 427746.0, 434398.75 ], [ 427746.0, 434398.5 ], [ 427746.5, 434398.5 ], [ 427746.5, 434398.25 ], [ 427747.25, 434398.25 ], [ 427747.25, 434398.0 ], [ 427748.25, 434398.0 ], [ 427748.25, 434397.75 ], [ 427749.0, 434397.75 ], [ 427749.0, 434397.5 ], [ 427750.0, 434397.5 ], [ 427750.0, 434397.25 ], [ 427750.75, 434397.25 ], [ 427750.75, 434397.0 ], [ 427751.25, 434397.0 ], [ 427751.25, 434396.75 ], [ 427752.0, 434396.75 ], [ 427752.0, 434396.5 ], [ 427752.75, 434396.5 ], [ 427752.75, 434396.25 ], [ 427753.5, 434396.25 ], [ 427753.5, 434396.0 ], [ 427754.75, 434396.0 ], [ 427754.75, 434395.75 ], [ 427759.5, 434395.75 ], [ 427759.5, 434396.0 ], [ 427760.5, 434396.0 ], [ 427760.5, 434396.25 ], [ 427761.5, 434396.25 ], [ 427761.5, 434396.5 ], [ 427762.25, 434396.5 ], [ 427762.25, 434396.75 ], [ 427763.0, 434396.75 ], [ 427763.0, 434397.0 ], [ 427763.25, 434397.0 ], [ 427763.25, 434397.25 ], [ 427763.5, 434397.25 ], [ 427763.5, 434397.5 ], [ 427764.0, 434397.5 ], [ 427764.0, 434397.75 ], [ 427764.25, 434397.75 ], [ 427764.25, 434398.0 ], [ 427764.5, 434398.0 ], [ 427764.5, 434398.5 ], [ 427764.75, 434398.5 ], [ 427764.75, 434398.75 ], [ 427765.0, 434398.75 ], [ 427765.0, 434399.25 ], [ 427765.25, 434399.25 ], [ 427765.25, 434399.5 ], [ 427765.5, 434399.5 ], [ 427765.5, 434400.0 ], [ 427766.0, 434400.0 ], [ 427766.0, 434400.25 ], [ 427766.25, 434400.25 ], [ 427766.25, 434400.5 ], [ 427766.5, 434400.5 ], [ 427766.5, 434400.75 ], [ 427768.0, 434400.75 ], [ 427768.0, 434429.0 ], [ 427767.5, 434429.0 ], [ 427767.5, 434428.75 ], [ 427766.25, 434428.75 ], [ 427766.25, 434429.0 ], [ 427765.25, 434429.0 ], [ 427765.25, 434429.25 ], [ 427764.75, 434429.25 ], [ 427764.75, 434429.5 ], [ 427764.25, 434429.5 ], [ 427764.25, 434429.75 ], [ 427764.0, 434429.75 ], [ 427764.0, 434430.0 ], [ 427763.75, 434430.0 ], [ 427763.75, 434430.25 ], [ 427763.0, 434430.25 ], [ 427763.0, 434430.5 ], [ 427762.25, 434430.5 ], [ 427762.25, 434430.75 ], [ 427762.0, 434430.75 ], [ 427762.0, 434431.0 ], [ 427761.5, 434431.0 ], [ 427761.5, 434431.25 ], [ 427761.25, 434431.25 ], [ 427761.25, 434431.5 ], [ 427760.75, 434431.5 ], [ 427760.75, 434431.75 ], [ 427760.25, 434431.75 ], [ 427760.25, 434432.0 ], [ 427759.75, 434432.0 ], [ 427759.75, 434432.25 ], [ 427759.0, 434432.25 ], [ 427759.0, 434432.5 ], [ 427758.5, 434432.5 ], [ 427758.5, 434432.75 ], [ 427758.25, 434432.75 ], [ 427758.25, 434433.0 ], [ 427758.0, 434433.0 ], [ 427758.0, 434433.25 ], [ 427757.75, 434433.25 ], [ 427757.75, 434433.5 ], [ 427757.5, 434433.5 ], [ 427757.5, 434433.75 ], [ 427757.0, 434433.75 ], [ 427757.0, 434434.0 ], [ 427756.75, 434434.0 ], [ 427756.75, 434434.25 ], [ 427756.25, 434434.25 ], [ 427756.25, 434434.5 ], [ 427756.0, 434434.5 ], [ 427756.0, 434434.75 ], [ 427755.5, 434434.75 ], [ 427755.5, 434435.0 ], [ 427755.0, 434435.0 ], [ 427755.0, 434435.25 ], [ 427754.75, 434435.25 ], [ 427754.75, 434435.5 ], [ 427754.25, 434435.5 ], [ 427754.25, 434435.75 ], [ 427753.75, 434435.75 ], [ 427753.75, 434436.0 ], [ 427753.25, 434436.0 ], [ 427753.25, 434436.25 ], [ 427752.75, 434436.25 ], [ 427752.75, 434436.5 ], [ 427752.25, 434436.5 ], [ 427752.25, 434436.75 ], [ 427751.25, 434436.75 ], [ 427751.25, 434437.0 ], [ 427750.5, 434437.0 ], [ 427750.5, 434437.25 ], [ 427750.0, 434437.25 ], [ 427750.0, 434437.5 ], [ 427749.0, 434437.5 ], [ 427749.0, 434437.75 ], [ 427748.25, 434437.75 ], [ 427748.25, 434438.0 ], [ 427747.5, 434438.0 ], [ 427747.5, 434438.25 ], [ 427746.5, 434438.25 ], [ 427746.5, 434438.5 ], [ 427746.25, 434438.5 ], [ 427746.25, 434438.75 ], [ 427746.0, 434438.75 ], [ 427746.0, 434439.0 ], [ 427745.5, 434439.0 ], [ 427745.5, 434439.25 ], [ 427745.25, 434439.25 ], [ 427745.25, 434439.5 ], [ 427745.0, 434439.5 ], [ 427745.0, 434439.75 ], [ 427744.75, 434439.75 ], [ 427744.75, 434440.0 ], [ 427744.5, 434440.0 ], [ 427744.5, 434440.25 ], [ 427744.0, 434440.25 ], [ 427744.0, 434440.5 ], [ 427743.75, 434440.5 ], [ 427743.75, 434440.75 ], [ 427743.5, 434440.75 ], [ 427743.5, 434441.0 ], [ 427743.25, 434441.0 ], [ 427743.25, 434441.25 ], [ 427743.0, 434441.25 ], [ 427743.0, 434441.5 ], [ 427742.75, 434441.5 ], [ 427742.75, 434441.75 ], [ 427742.25, 434441.75 ], [ 427742.25, 434442.0 ], [ 427742.0, 434442.0 ], [ 427742.0, 434442.25 ], [ 427741.75, 434442.25 ], [ 427741.75, 434442.5 ], [ 427741.5, 434442.5 ], [ 427741.5, 434442.75 ], [ 427741.0, 434442.75 ], [ 427741.0, 434443.0 ], [ 427740.5, 434443.0 ], [ 427740.5, 434443.25 ], [ 427740.0, 434443.25 ], [ 427740.0, 434443.5 ], [ 427739.5, 434443.5 ], [ 427739.5, 434443.75 ], [ 427739.0, 434443.75 ], [ 427739.0, 434444.0 ], [ 427738.25, 434444.0 ], [ 427738.25, 434444.25 ], [ 427737.75, 434444.25 ], [ 427737.75, 434444.5 ], [ 427737.0, 434444.5 ], [ 427737.0, 434444.75 ], [ 427736.0, 434444.75 ], [ 427736.0, 434445.0 ], [ 427735.0, 434445.0 ], [ 427735.0, 434445.25 ], [ 427734.25, 434445.25 ], [ 427734.25, 434445.5 ], [ 427733.75, 434445.5 ], [ 427733.75, 434445.75 ], [ 427733.25, 434445.75 ], [ 427733.25, 434446.0 ], [ 427732.75, 434446.0 ], [ 427732.75, 434446.25 ], [ 427732.5, 434446.25 ], [ 427732.5, 434446.5 ], [ 427732.0, 434446.5 ], [ 427732.0, 434446.75 ], [ 427731.25, 434446.75 ], [ 427731.25, 434447.0 ], [ 427730.25, 434447.0 ], [ 427730.25, 434447.25 ], [ 427729.0, 434447.25 ], [ 427729.0, 434447.5 ], [ 427728.0, 434447.5 ], [ 427728.0, 434447.75 ], [ 427727.0, 434447.75 ], [ 427727.0, 434448.0 ], [ 427726.0, 434448.0 ], [ 427726.0, 434448.25 ], [ 427725.25, 434448.25 ], [ 427725.25, 434448.5 ], [ 427724.25, 434448.5 ], [ 427724.25, 434448.75 ], [ 427722.5, 434448.75 ], [ 427722.5, 434449.0 ], [ 427721.0, 434449.0 ], [ 427721.0, 434449.25 ], [ 427719.75, 434449.25 ], [ 427719.75, 434449.5 ], [ 427718.25, 434449.5 ], [ 427718.25, 434449.75 ], [ 427717.0, 434449.75 ], [ 427717.0, 434450.0 ], [ 427715.25, 434450.0 ], [ 427715.25, 434450.25 ], [ 427713.25, 434450.25 ], [ 427713.25, 434450.5 ], [ 427711.0, 434450.5 ], [ 427711.0, 434450.75 ], [ 427708.5, 434450.75 ], [ 427708.5, 434451.0 ], [ 427695.25, 434451.0 ] ] ] } },
{ "type": "Feature", "properties": { }, "geometry": { "type": "Polygon", "coordinates": [ [ [ 427250.25, 434391.75 ], [ 427250.25, 434391.5 ], [ 427249.75, 434391.5 ], [ 427249.75, 434391.25 ], [ 427249.25, 434391.25 ], [ 427249.25, 434391.0 ], [ 427249.0, 434391.0 ], [ 427249.0, 434390.75 ], [ 427248.75, 434390.75 ], [ 427248.75, 434390.25 ], [ 427249.0, 434390.25 ], [ 427249.0, 434389.5 ], [ 427249.25, 434389.5 ], [ 427249.25, 434389.25 ], [ 427249.75, 434389.25 ], [ 427249.75, 434389.0 ], [ 427250.25, 434389.0 ], [ 427250.25, 434388.5 ], [ 427250.75, 434388.5 ], [ 427250.75, 434388.25 ], [ 427251.75, 434388.25 ], [ 427251.75, 434388.0 ], [ 427252.5, 434388.0 ], [ 427252.5, 434387.75 ], [ 427253.0, 434387.75 ], [ 427253.0, 434387.5 ], [ 427253.5, 434387.5 ], [ 427253.5, 434387.25 ], [ 427254.25, 434387.25 ], [ 427254.25, 434387.0 ], [ 427254.5, 434387.0 ], [ 427254.5, 434386.75 ], [ 427254.75, 434386.75 ], [ 427254.75, 434386.5 ], [ 427255.5, 434386.5 ], [ 427255.5, 434386.25 ], [ 427256.0, 434386.25 ], [ 427256.0, 434390.75 ], [ 427253.5, 434390.75 ], [ 427253.5, 434391.0 ], [ 427253.0, 434391.0 ], [ 427253.0, 434391.25 ], [ 427252.75, 434391.25 ], [ 427252.75, 434391.5 ], [ 427251.25, 434391.5 ], [ 427251.25, 434391.75 ], [ 427250.25, 434391.75 ] ] ] } },
{ "type": "Feature", "properties": { }, "geometry": { "type": "Polygon", "coordinates": [ [ [ 427140.75, 434455.25 ], [ 427140.75, 434455.0 ], [ 427140.25, 434455.0 ], [ 427140.25, 434454.5 ], [ 427140.0, 434454.5 ], [ 427140.0, 434454.25 ], [ 427139.75, 434454.25 ], [ 427139.75, 434454.0 ], [ 427139.5, 434454.0 ], [ 427139.5, 434453.75 ], [ 427139.25, 434453.75 ], [ 427139.25, 434453.5 ], [ 427139.0, 434453.5 ], [ 427139.0, 434453.25 ], [ 427138.75, 434453.25 ], [ 427138.75, 434453.0 ], [ 427138.5, 434453.0 ], [ 427138.5, 434452.75 ], [ 427138.25, 434452.75 ], [ 427138.25, 434452.25 ], [ 427138.0, 434452.25 ], [ 427138.0, 434452.0 ], [ 427137.75, 434452.0 ], [ 427137.75, 434451.75 ], [ 427137.5, 434451.75 ], [ 427137.5, 434451.5 ], [ 427137.25, 434451.5 ], [ 427137.25, 434451.25 ], [ 427137.0, 434451.25 ], [ 427137.0, 434450.75 ], [ 427136.75, 434450.75 ], [ 427136.75, 434450.5 ], [ 427136.5, 434450.5 ], [ 427136.5, 434450.0 ], [ 427136.25, 434450.0 ], [ 427136.25, 434449.75 ], [ 427136.0, 434449.75 ], [ 427136.0, 434449.25 ], [ 427135.75, 434449.25 ], [ 427135.75, 434449.0 ], [ 427135.5, 434449.0 ], [ 427135.5, 434448.75 ], [ 427135.0, 434448.75 ], [ 427135.0, 434448.5 ], [ 427134.75, 434448.5 ], [ 427134.75, 434448.25 ], [ 427134.5, 434448.25 ], [ 427134.5, 434448.0 ], [ 427134.0, 434448.0 ], [ 427134.0, 434447.75 ], [ 427133.75, 434447.75 ], [ 427133.75, 434447.5 ], [ 427133.25, 434447.5 ], [ 427133.25, 434447.25 ], [ 427133.0, 434447.25 ], [ 427133.0, 434447.0 ], [ 427132.75, 434447.0 ], [ 427132.75, 434446.75 ], [ 427132.5, 434446.75 ], [ 427132.5, 434446.5 ], [ 427132.25, 434446.5 ], [ 427132.25, 434446.25 ], [ 427132.0, 434446.25 ], [ 427132.0, 434446.0 ], [ 427131.75, 434446.0 ], [ 427131.75, 434445.75 ], [ 427131.5, 434445.75 ], [ 427131.5, 434445.5 ], [ 427131.25, 434445.5 ], [ 427131.25, 434445.25 ], [ 427131.0, 434445.25 ], [ 427131.0, 434445.0 ], [ 427130.75, 434445.0 ], [ 427130.75, 434444.75 ], [ 427130.5, 434444.75 ], [ 427130.5, 434444.5 ], [ 427130.0, 434444.5 ], [ 427130.0, 434444.25 ], [ 427129.5, 434444.25 ], [ 427129.5, 434444.0 ], [ 427128.0, 434444.0 ], [ 427128.0, 434433.25 ], [ 427129.5, 434433.25 ], [ 427129.5, 434433.0 ], [ 427130.0, 434433.0 ], [ 427130.0, 434432.75 ], [ 427130.25, 434432.75 ], [ 427130.25, 434432.5 ], [ 427130.5, 434432.5 ], [ 427130.5, 434432.25 ], [ 427131.0, 434432.25 ], [ 427131.0, 434432.0 ], [ 427131.25, 434432.0 ], [ 427131.25, 434431.75 ], [ 427131.5, 434431.75 ], [ 427131.5, 434431.25 ], [ 427131.75, 434431.25 ], [ 427131.75, 434431.0 ], [ 427132.0, 434431.0 ], [ 427132.0, 434430.75 ], [ 427132.25, 434430.75 ], [ 427132.25, 434430.5 ], [ 427132.5, 434430.5 ], [ 427132.5, 434430.25 ], [ 427132.75, 434430.25 ], [ 427132.75, 434430.0 ], [ 427133.0, 434430.0 ], [ 427133.0, 434429.75 ], [ 427133.25, 434429.75 ], [ 427133.25, 434429.5 ], [ 427133.5, 434429.5 ], [ 427133.5, 434429.25 ], [ 427133.75, 434429.25 ], [ 427133.75, 434429.0 ], [ 427134.25, 434429.0 ], [ 427134.25, 434428.75 ], [ 427134.75, 434428.75 ], [ 427134.75, 434428.5 ], [ 427135.0, 434428.5 ], [ 427135.0, 434428.25 ], [ 427135.5, 434428.25 ], [ 427135.5, 434428.0 ], [ 427136.0, 434428.0 ], [ 427136.0, 434427.75 ], [ 427136.25, 434427.75 ], [ 427136.25, 434427.5 ], [ 427136.75, 434427.5 ], [ 427136.75, 434427.25 ], [ 427137.0, 434427.25 ], [ 427137.0, 434427.0 ], [ 427137.5, 434427.0 ], [ 427137.5, 434426.75 ], [ 427137.75, 434426.75 ], [ 427137.75, 434426.5 ], [ 427138.0, 434426.5 ], [ 427138.0, 434426.25 ], [ 427138.5, 434426.25 ], [ 427138.5, 434426.0 ], [ 427138.75, 434426.0 ], [ 427138.75, 434425.75 ], [ 427139.0, 434425.75 ], [ 427139.0, 434425.5 ], [ 427139.25, 434425.5 ], [ 427139.25, 434425.25 ], [ 427139.75, 434425.25 ], [ 427139.75, 434425.0 ], [ 427140.0, 434425.0 ], [ 427140.0, 434424.75 ], [ 427140.5, 434424.75 ], [ 427140.5, 434424.5 ], [ 427140.75, 434424.5 ], [ 427140.75, 434424.25 ], [ 427141.25, 434424.25 ], [ 427141.25, 434424.0 ], [ 427141.5, 434424.0 ], [ 427141.5, 434423.75 ], [ 427142.0, 434423.75 ], [ 427142.0, 434423.5 ], [ 427142.25, 434423.5 ], [ 427142.25, 434423.25 ], [ 427142.75, 434423.25 ], [ 427142.75, 434423.0 ], [ 427143.0, 434423.0 ], [ 427143.0, 434422.75 ], [ 427143.5, 434422.75 ], [ 427143.5, 434422.5 ], [ 427143.75, 434422.5 ], [ 427143.75, 434422.25 ], [ 427144.0, 434422.25 ], [ 427144.0, 434422.0 ], [ 427144.25, 434422.0 ], [ 427144.25, 434421.75 ], [ 427144.5, 434421.75 ], [ 427144.5, 434421.5 ], [ 427145.0, 434421.5 ], [ 427145.0, 434421.25 ], [ 427145.25, 434421.25 ], [ 427145.25, 434421.0 ], [ 427145.5, 434421.0 ], [ 427145.5, 434420.75 ], [ 427146.0, 434420.75 ], [ 427146.0, 434420.5 ], [ 427146.5, 434420.5 ], [ 427146.5, 434420.25 ], [ 427147.0, 434420.25 ], [ 427147.0, 434420.0 ], [ 427147.5, 434420.0 ], [ 427147.5, 434419.75 ], [ 427147.75, 434419.75 ], [ 427147.75, 434419.5 ], [ 427148.25, 434419.5 ], [ 427148.25, 434419.25 ], [ 427148.75, 434419.25 ], [ 427148.75, 434419.0 ], [ 427149.25, 434419.0 ], [ 427149.25, 434418.75 ], [ 427149.5, 434418.75 ], [ 427149.5, 434418.5 ], [ 427150.0, 434418.5 ], [ 427150.0, 434418.25 ], [ 427150.5, 434418.25 ], [ 427150.5, 434418.0 ], [ 427150.75, 434418.0 ], [ 427150.75, 434417.75 ], [ 427151.0, 434417.75 ], [ 427151.0, 434417.5 ], [ 427151.25, 434417.5 ], [ 427151.25, 434417.25 ], [ 427151.75, 434417.25 ], [ 427151.75, 434417.0 ], [ 427152.25, 434417.0 ], [ 427152.25, 434416.75 ], [ 427152.5, 434416.75 ], [ 427152.5, 434416.5 ], [ 427153.0, 434416.5 ], [ 427153.0, 434416.25 ], [ 427153.75, 434416.25 ], [ 427153.75, 434416.0 ], [ 427154.25, 434416.0 ], [ 427154.25, 434415.75 ], [ 427154.75, 434415.75 ], [ 427154.75, 434415.5 ], [ 427155.0, 434415.5 ], [ 427155.0, 434415.25 ], [ 427155.5, 434415.25 ], [ 427155.5, 434415.0 ], [ 427155.75, 434415.0 ], [ 427155.75, 434414.75 ], [ 427156.25, 434414.75 ], [ 427156.25, 434414.5 ], [ 427156.5, 434414.5 ], [ 427156.5, 434414.25 ], [ 427156.75, 434414.25 ], [ 427156.75, 434414.0 ], [ 427157.0, 434414.0 ], [ 427157.0, 434413.75 ], [ 427157.25, 434413.75 ], [ 427157.25, 434413.5 ], [ 427157.75, 434413.5 ], [ 427157.75, 434413.25 ], [ 427158.0, 434413.25 ], [ 427158.0, 434413.0 ], [ 427158.25, 434413.0 ], [ 427158.25, 434412.75 ], [ 427158.75, 434412.75 ], [ 427158.75, 434412.5 ], [ 427159.0, 434412.5 ], [ 427159.0, 434412.25 ], [ 427159.25, 434412.25 ], [ 427159.25, 434412.0 ], [ 427159.5, 434412.0 ], [ 427159.5, 434411.75 ], [ 427159.75, 434411.75 ], [ 427159.75, 434411.5 ], [ 427160.25, 434411.5 ], [ 427160.25, 434411.25 ], [ 427160.5, 434411.25 ], [ 427160.5, 434411.0 ], [ 427160.75, 434411.0 ], [ 427160.75, 434410.75 ], [ 427161.25, 434410.75 ], [ 427161.25, 434410.5 ], [ 427161.5, 434410.5 ], [ 427161.5, 434410.25 ], [ 427161.75, 434410.25 ], [ 427161.75, 434410.0 ], [ 427162.0, 434410.0 ], [ 427162.0, 434409.75 ], [ 427162.5, 434409.75 ], [ 427162.5, 434409.5 ], [ 427162.75, 434409.5 ], [ 427162.75, 434409.25 ], [ 427163.0, 434409.25 ], [ 427163.0, 434409.0 ], [ 427163.5, 434409.0 ], [ 427163.5, 434408.75 ], [ 427164.0, 434408.75 ], [ 427164.0, 434408.5 ], [ 427164.25, 434408.5 ], [ 427164.25, 434408.25 ], [ 427164.75, 434408.25 ], [ 427164.75, 434408.0 ], [ 427165.25, 434408.0 ], [ 427165.25, 434407.75 ], [ 427165.5, 434407.75 ], [ 427165.5, 434407.5 ], [ 427166.0, 434407.5 ], [ 427166.0, 434407.25 ], [ 427166.5, 434407.25 ], [ 427166.5, 434407.0 ], [ 427167.0, 434407.0 ], [ 427167.0, 434406.75 ], [ 427167.5, 434406.75 ], [ 427167.5, 434406.5 ], [ 427167.75, 434406.5 ], [ 427167.75, 434406.25 ], [ 427168.25, 434406.25 ], [ 427168.25, 434406.0 ], [ 427168.5, 434406.0 ], [ 427168.5, 434405.75 ], [ 427168.75, 434405.75 ], [ 427168.75, 434405.5 ], [ 427169.25, 434405.5 ], [ 427169.25, 434405.25 ], [ 427169.75, 434405.25 ], [ 427169.75, 434405.0 ], [ 427170.0, 434405.0 ], [ 427170.0, 434404.75 ], [ 427170.5, 434404.75 ], [ 427170.5, 434404.5 ], [ 427171.0, 434404.5 ], [ 427171.0, 434404.25 ], [ 427171.5, 434404.25 ], [ 427171.5, 434404.0 ], [ 427172.0, 434404.0 ], [ 427172.0, 434403.75 ], [ 427172.5, 434403.75 ], [ 427172.5, 434403.5 ], [ 427172.75, 434403.5 ], [ 427172.75, 434403.25 ], [ 427173.25, 434403.25 ], [ 427173.25, 434403.0 ], [ 427173.5, 434403.0 ], [ 427173.5, 434402.75 ], [ 427173.75, 434402.75 ], [ 427173.75, 434402.5 ], [ 427174.25, 434402.5 ], [ 427174.25, 434402.25 ], [ 427174.5, 434402.25 ], [ 427174.5, 434402.0 ], [ 427174.75, 434402.0 ], [ 427174.75, 434401.75 ], [ 427175.25, 434401.75 ], [ 427175.25, 434401.5 ], [ 427175.5, 434401.5 ], [ 427175.5, 434401.25 ], [ 427175.75, 434401.25 ], [ 427175.75, 434401.0 ], [ 427176.25, 434401.0 ], [ 427176.25, 434400.75 ], [ 427176.5, 434400.75 ], [ 427176.5, 434400.5 ], [ 427177.0, 434400.5 ], [ 427177.0, 434400.25 ], [ 427177.25, 434400.25 ], [ 427177.25, 434400.0 ], [ 427177.5, 434400.0 ], [ 427177.5, 434399.75 ], [ 427178.0, 434399.75 ], [ 427178.0, 434399.5 ], [ 427178.25, 434399.5 ], [ 427178.25, 434399.25 ], [ 427178.75, 434399.25 ], [ 427178.75, 434399.0 ], [ 427179.25, 434399.0 ], [ 427179.25, 434398.75 ], [ 427179.5, 434398.75 ], [ 427179.5, 434398.5 ], [ 427179.75, 434398.5 ], [ 427179.75, 434398.25 ], [ 427180.25, 434398.25 ], [ 427180.25, 434398.0 ], [ 427180.5, 434398.0 ], [ 427180.5, 434397.75 ], [ 427180.75, 434397.75 ], [ 427180.75, 434397.5 ], [ 427181.0, 434397.5 ], [ 427181.0, 434397.25 ], [ 427181.5, 434397.25 ], [ 427181.5, 434397.0 ], [ 427181.75, 434397.0 ], [ 427181.75, 434396.75 ], [ 427182.25, 434396.75 ], [ 427182.25, 434396.5 ], [ 427182.75, 434396.5 ], [ 427182.75, 434396.25 ], [ 427183.25, 434396.25 ], [ 427183.25, 434396.0 ], [ 427183.5, 434396.0 ], [ 427183.5, 434395.75 ], [ 427184.0, 434395.75 ], [ 427184.0, 434395.5 ], [ 427184.25, 434395.5 ], [ 427184.25, 434395.25 ], [ 427184.75, 434395.25 ], [ 427184.75, 434395.0 ], [ 427185.25, 434395.0 ], [ 427185.25, 434394.75 ], [ 427185.5, 434394.75 ], [ 427185.5, 434394.5 ], [ 427185.75, 434394.5 ], [ 427185.75, 434394.25 ], [ 427186.25, 434394.25 ], [ 427186.25, 434394.0 ], [ 427186.5, 434394.0 ], [ 427186.5, 434393.75 ], [ 427186.75, 434393.75 ], [ 427186.75, 434393.5 ], [ 427187.25, 434393.5 ], [ 427187.25, 434393.25 ], [ 427187.5, 434393.25 ], [ 427187.5, 434393.0 ], [ 427188.0, 434393.0 ], [ 427188.0, 434392.75 ], [ 427188.25, 434392.75 ], [ 427188.25, 434392.5 ], [ 427188.75, 434392.5 ], [ 427188.75, 434392.25 ], [ 427189.25, 434392.25 ], [ 427189.25, 434392.0 ], [ 427189.5, 434392.0 ], [ 427189.5, 434391.75 ], [ 427190.25, 434391.75 ], [ 427190.25, 434391.5 ], [ 427190.75, 434391.5 ], [ 427190.75, 434391.25 ], [ 427191.0, 434391.25 ], [ 427191.0, 434391.0 ], [ 427191.5, 434391.0 ], [ 427191.5, 434390.75 ], [ 427191.75, 434390.75 ], [ 427191.75, 434390.5 ], [ 427192.25, 434390.5 ], [ 427192.25, 434390.25 ], [ 427192.5, 434390.25 ], [ 427192.5, 434390.0 ], [ 427192.75, 434390.0 ], [ 427192.75, 434389.75 ], [ 427193.0, 434389.75 ], [ 427193.0, 434389.5 ], [ 427193.25, 434389.5 ], [ 427193.25, 434389.25 ], [ 427193.75, 434389.25 ], [ 427193.75, 434389.0 ], [ 427194.0, 434389.0 ], [ 427194.0, 434388.75 ], [ 427194.5, 434388.75 ], [ 427194.5, 434388.5 ], [ 427194.75, 434388.5 ], [ 427194.75, 434388.25 ], [ 427195.25, 434388.25 ], [ 427195.25, 434388.0 ], [ 427195.5, 434388.0 ], [ 427195.5, 434387.75 ], [ 427195.75, 434387.75 ], [ 427195.75, 434387.5 ], [ 427196.25, 434387.5 ], [ 427196.25, 434387.25 ], [ 427196.5, 434387.25 ], [ 427196.5, 434387.0 ], [ 427197.0, 434387.0 ], [ 427197.0, 434386.75 ], [ 427197.25, 434386.75 ], [ 427197.25, 434386.5 ], [ 427197.5, 434386.5 ], [ 427197.5, 434386.25 ], [ 427198.0, 434386.25 ], [ 427198.0, 434386.0 ], [ 427198.25, 434386.0 ], [ 427198.25, 434385.75 ], [ 427198.75, 434385.75 ], [ 427198.75, 434385.5 ], [ 427199.0, 434385.5 ], [ 427199.0, 434385.25 ], [ 427199.5, 434385.25 ], [ 427199.5, 434385.0 ], [ 427200.0, 434385.0 ], [ 427200.0, 434384.75 ], [ 427200.5, 434384.75 ], [ 427200.5, 434384.5 ], [ 427200.75, 434384.5 ], [ 427200.75, 434384.25 ], [ 427201.25, 434384.25 ], [ 427201.25, 434384.0 ], [ 427201.75, 434384.0 ], [ 427201.75, 434383.75 ], [ 427202.5, 434383.75 ], [ 427202.5, 434383.5 ], [ 427203.0, 434383.5 ], [ 427203.0, 434383.25 ], [ 427204.0, 434383.25 ], [ 427204.0, 434383.0 ], [ 427205.0, 434383.0 ], [ 427205.0, 434382.75 ], [ 427206.0, 434382.75 ], [ 427206.0, 434382.5 ], [ 427207.5, 434382.5 ], [ 427207.5, 434382.75 ], [ 427208.5, 434382.75 ], [ 427208.5, 434383.0 ], [ 427209.25, 434383.0 ], [ 427209.25, 434383.25 ], [ 427210.0, 434383.25 ], [ 427210.0, 434383.5 ], [ 427210.25, 434383.5 ], [ 427210.25, 434383.75 ], [ 427210.75, 434383.75 ], [ 427210.75, 434384.0 ], [ 427211.0, 434384.0 ], [ 427211.0, 434384.25 ], [ 427211.25, 434384.25 ], [ 427211.25, 434384.5 ], [ 427211.5, 434384.5 ], [ 427211.5, 434384.75 ], [ 427211.75, 434384.75 ], [ 427211.75, 434385.0 ], [ 427212.0, 434385.0 ], [ 427212.0, 434385.25 ], [ 427212.25, 434385.25 ], [ 427212.25, 434385.5 ], [ 427212.5, 434385.5 ], [ 427212.5, 434386.0 ], [ 427212.75, 434386.0 ], [ 427212.75, 434386.5 ], [ 427213.0, 434386.5 ], [ 427213.0, 434387.0 ], [ 427213.25, 434387.0 ], [ 427213.25, 434387.25 ], [ 427213.5, 434387.25 ], [ 427213.5, 434387.75 ], [ 427213.75, 434387.75 ], [ 427213.75, 434388.0 ], [ 427214.0, 434388.0 ], [ 427214.0, 434388.5 ], [ 427214.25, 434388.5 ], [ 427214.25, 434388.75 ], [ 427214.5, 434388.75 ], [ 427214.5, 434389.0 ], [ 427214.75, 434389.0 ], [ 427214.75, 434389.25 ], [ 427215.0, 434389.25 ], [ 427215.0, 434389.5 ], [ 427215.25, 434389.5 ], [ 427215.25, 434390.0 ], [ 427215.5, 434390.0 ], [ 427215.5, 434390.5 ], [ 427215.75, 434390.5 ], [ 427215.75, 434391.25 ], [ 427216.0, 434391.25 ], [ 427216.0, 434392.0 ], [ 427216.25, 434392.0 ], [ 427216.25, 434392.75 ], [ 427216.5, 434392.75 ], [ 427216.5, 434394.5 ], [ 427216.75, 434394.5 ], [ 427216.75, 434395.75 ], [ 427216.5, 434395.75 ], [ 427216.5, 434396.75 ], [ 427216.25, 434396.75 ], [ 427216.25, 434397.5 ], [ 427216.0, 434397.5 ], [ 427216.0, 434398.0 ], [ 427215.75, 434398.0 ], [ 427215.75, 434398.25 ], [ 427215.5, 434398.25 ], [ 427215.5, 434398.5 ], [ 427215.25, 434398.5 ], [ 427215.25, 434398.75 ], [ 427214.75, 434398.75 ], [ 427214.75, 434399.0 ], [ 427214.25, 434399.0 ], [ 427214.25, 434399.25 ], [ 427213.75, 434399.25 ], [ 427213.75, 434399.5 ], [ 427213.25, 434399.5 ], [ 427213.25, 434399.75 ], [ 427212.75, 434399.75 ], [ 427212.75, 434400.0 ], [ 427212.25, 434400.0 ], [ 427212.25, 434400.25 ], [ 427211.5, 434400.25 ], [ 427211.5, 434400.5 ], [ 427210.75, 434400.5 ], [ 427210.75, 434400.75 ], [ 427210.25, 434400.75 ], [ 427210.25, 434401.0 ], [ 427209.5, 434401.0 ], [ 427209.5, 434401.25 ], [ 427209.0, 434401.25 ], [ 427209.0, 434401.5 ], [ 427208.75, 434401.5 ], [ 427208.75, 434401.75 ], [ 427208.25, 434401.75 ], [ 427208.25, 434402.0 ], [ 427208.0, 434402.0 ], [ 427208.0, 434402.25 ], [ 427207.75, 434402.25 ], [ 427207.75, 434402.5 ], [ 427207.5, 434402.5 ], [ 427207.5, 434402.75 ], [ 427207.25, 434402.75 ], [ 427207.25, 434403.0 ], [ 427206.75, 434403.0 ], [ 427206.75, 434403.25 ], [ 427206.5, 434403.25 ], [ 427206.5, 434403.5 ], [ 427205.75, 434403.5 ], [ 427205.75, 434403.75 ], [ 427205.25, 434403.75 ], [ 427205.25, 434404.0 ], [ 427205.0, 434404.0 ], [ 427205.0, 434404.25 ], [ 427204.75, 434404.25 ], [ 427204.75, 434404.5 ], [ 427204.25, 434404.5 ], [ 427204.25, 434404.75 ], [ 427204.0, 434404.75 ], [ 427204.0, 434405.0 ], [ 427203.75, 434405.0 ], [ 427203.75, 434405.25 ], [ 427203.25, 434405.25 ], [ 427203.25, 434405.5 ], [ 427203.0, 434405.5 ], [ 427203.0, 434405.75 ], [ 427202.75, 434405.75 ], [ 427202.75, 434406.0 ], [ 427202.5, 434406.0 ], [ 427202.5, 434406.25 ], [ 427202.0, 434406.25 ], [ 427202.0, 434406.5 ], [ 427201.75, 434406.5 ], [ 427201.75, 434406.75 ], [ 427201.5, 434406.75 ], [ 427201.5, 434407.0 ], [ 427201.0, 434407.0 ], [ 427201.0, 434407.25 ], [ 427200.75, 434407.25 ], [ 427200.75, 434407.5 ], [ 427200.5, 434407.5 ], [ 427200.5, 434407.75 ], [ 427200.0, 434407.75 ], [ 427200.0, 434408.0 ], [ 427199.75, 434408.0 ], [ 427199.75, 434408.25 ], [ 427199.25, 434408.25 ], [ 427199.25, 434408.5 ], [ 427199.0, 434408.5 ], [ 427199.0, 434408.75 ], [ 427198.5, 434408.75 ], [ 427198.5, 434409.0 ], [ 427198.0, 434409.0 ], [ 427198.0, 434409.25 ], [ 427197.5, 434409.25 ], [ 427197.5, 434409.5 ], [ 427197.25, 434409.5 ], [ 427197.25, 434409.75 ], [ 427197.0, 434409.75 ], [ 427197.0, 434410.0 ], [ 427196.75, 434410.0 ], [ 427196.75, 434410.25 ], [ 427196.5, 434410.25 ], [ 427196.5, 434410.5 ], [ 427196.25, 434410.5 ], [ 427196.25, 434410.75 ], [ 427196.0, 434410.75 ], [ 427196.0, 434411.0 ], [ 427195.75, 434411.0 ], [ 427195.75, 434411.25 ], [ 427195.25, 434411.25 ], [ 427195.25, 434411.5 ], [ 427195.0, 434411.5 ], [ 427195.0, 434411.75 ], [ 427194.5, 434411.75 ], [ 427194.5, 434412.0 ], [ 427194.25, 434412.0 ], [ 427194.25, 434412.25 ], [ 427194.0, 434412.25 ], [ 427194.0, 434412.5 ], [ 427193.5, 434412.5 ], [ 427193.5, 434412.75 ], [ 427193.25, 434412.75 ], [ 427193.25, 434413.0 ], [ 427192.75, 434413.0 ], [ 427192.75, 434413.25 ], [ 427192.5, 434413.25 ], [ 427192.5, 434413.5 ], [ 427192.25, 434413.5 ], [ 427192.25, 434413.75 ], [ 427192.0, 434413.75 ], [ 427192.0, 434414.0 ], [ 427191.75, 434414.0 ], [ 427191.75, 434414.25 ], [ 427191.5, 434414.25 ], [ 427191.5, 434414.5 ], [ 427191.0, 434414.5 ], [ 427191.0, 434414.75 ], [ 427190.75, 434414.75 ], [ 427190.75, 434415.0 ], [ 427190.25, 434415.0 ], [ 427190.25, 434415.25 ], [ 427190.0, 434415.25 ], [ 427190.0, 434415.5 ], [ 427189.75, 434415.5 ], [ 427189.75, 434415.75 ], [ 427189.5, 434415.75 ], [ 427189.5, 434416.0 ], [ 427189.25, 434416.0 ], [ 427189.25, 434416.25 ], [ 427189.0, 434416.25 ], [ 427189.0, 434416.5 ], [ 427188.5, 434416.5 ], [ 427188.5, 434416.75 ], [ 427188.25, 434416.75 ], [ 427188.25, 434417.0 ], [ 427188.0, 434417.0 ], [ 427188.0, 434417.25 ], [ 427187.75, 434417.25 ], [ 427187.75, 434417.5 ], [ 427187.5, 434417.5 ], [ 427187.5, 434417.75 ], [ 427187.25, 434417.75 ], [ 427187.25, 434418.25 ], [ 427187.0, 434418.25 ], [ 427187.0, 434418.5 ], [ 427186.75, 434418.5 ], [ 427186.75, 434418.75 ], [ 427186.5, 434418.75 ], [ 427186.5, 434419.0 ], [ 427186.25, 434419.0 ], [ 427186.25, 434419.25 ], [ 427185.75, 434419.25 ], [ 427185.75, 434419.5 ], [ 427185.25, 434419.5 ], [ 427185.25, 434419.75 ], [ 427184.5, 434419.75 ], [ 427184.5, 434420.0 ], [ 427184.0, 434420.0 ], [ 427184.0, 434420.25 ], [ 427183.5, 434420.25 ], [ 427183.5, 434420.5 ], [ 427183.25, 434420.5 ], [ 427183.25, 434420.75 ], [ 427182.75, 434420.75 ], [ 427182.75, 434421.0 ], [ 427182.25, 434421.0 ], [ 427182.25, 434421.25 ], [ 427181.75, 434421.25 ], [ 427181.75, 434421.5 ], [ 427181.5, 434421.5 ], [ 427181.5, 434421.75 ], [ 427181.25, 434421.75 ], [ 427181.25, 434422.0 ], [ 427181.0, 434422.0 ], [ 427181.0, 434422.5 ], [ 427180.75, 434422.5 ], [ 427180.75, 434422.75 ], [ 427180.25, 434422.75 ], [ 427180.25, 434423.0 ], [ 427180.0, 434423.0 ], [ 427180.0, 434423.25 ], [ 427179.75, 434423.25 ], [ 427179.75, 434423.5 ], [ 427179.5, 434423.5 ], [ 427179.5, 434423.75 ], [ 427179.0, 434423.75 ], [ 427179.0, 434424.0 ], [ 427178.75, 434424.0 ], [ 427178.75, 434424.25 ], [ 427178.5, 434424.25 ], [ 427178.5, 434424.5 ], [ 427178.0, 434424.5 ], [ 427178.0, 434424.75 ], [ 427177.5, 434424.75 ], [ 427177.5, 434425.0 ], [ 427177.25, 434425.0 ], [ 427177.25, 434425.25 ], [ 427177.0, 434425.25 ], [ 427177.0, 434425.5 ], [ 427176.5, 434425.5 ], [ 427176.5, 434425.75 ], [ 427176.25, 434425.75 ], [ 427176.25, 434426.0 ], [ 427176.0, 434426.0 ], [ 427176.0, 434426.25 ], [ 427175.75, 434426.25 ], [ 427175.75, 434426.5 ], [ 427175.5, 434426.5 ], [ 427175.5, 434426.75 ], [ 427175.0, 434426.75 ], [ 427175.0, 434427.0 ], [ 427174.75, 434427.0 ], [ 427174.75, 434427.25 ], [ 427174.5, 434427.25 ], [ 427174.5, 434427.5 ], [ 427173.75, 434427.5 ], [ 427173.75, 434427.75 ], [ 427173.0, 434427.75 ], [ 427173.0, 434428.0 ], [ 427171.75, 434428.0 ], [ 427171.75, 434428.25 ], [ 427171.0, 434428.25 ], [ 427171.0, 434428.5 ], [ 427170.5, 434428.5 ], [ 427170.5, 434428.75 ], [ 427170.0, 434428.75 ], [ 427170.0, 434429.0 ], [ 427169.5, 434429.0 ], [ 427169.5, 434429.25 ], [ 427169.25, 434429.25 ], [ 427169.25, 434429.5 ], [ 427168.75, 434429.5 ], [ 427168.75, 434429.75 ], [ 427168.5, 434429.75 ], [ 427168.5, 434430.0 ], [ 427168.25, 434430.0 ], [ 427168.25, 434430.25 ], [ 427167.75, 434430.25 ], [ 427167.75, 434430.5 ], [ 427167.5, 434430.5 ], [ 427167.5, 434430.75 ], [ 427167.25, 434430.75 ], [ 427167.25, 434431.0 ], [ 427166.75, 434431.0 ], [ 427166.75, 434431.25 ], [ 427166.5, 434431.25 ], [ 427166.5, 434431.5 ], [ 427166.0, 434431.5 ], [ 427166.0, 434431.75 ], [ 427165.75, 434431.75 ], [ 427165.75, 434432.0 ], [ 427165.25, 434432.0 ], [ 427165.25, 434432.25 ], [ 427165.0, 434432.25 ], [ 427165.0, 434432.5 ], [ 427164.5, 434432.5 ], [ 427164.5, 434432.75 ], [ 427164.0, 434432.75 ], [ 427164.0, 434433.0 ], [ 427163.75, 434433.0 ], [ 427163.75, 434433.25 ], [ 427163.25, 434433.25 ], [ 427163.25, 434433.5 ], [ 427163.0, 434433.5 ], [ 427163.0, 434433.75 ], [ 427162.75, 434433.75 ], [ 427162.75, 434434.0 ], [ 427162.5, 434434.0 ], [ 427162.5, 434434.25 ], [ 427162.0, 434434.25 ], [ 427162.0, 434434.5 ], [ 427161.75, 434434.5 ], [ 427161.75, 434434.75 ], [ 427161.5, 434434.75 ], [ 427161.5, 434435.0 ], [ 427161.0, 434435.0 ], [ 427161.0, 434435.25 ], [ 427160.75, 434435.25 ], [ 427160.75, 434435.5 ], [ 427160.5, 434435.5 ], [ 427160.5, 434436.0 ], [ 427160.25, 434436.0 ], [ 427160.25, 434436.25 ], [ 427160.0, 434436.25 ], [ 427160.0, 434436.75 ], [ 427159.75, 434436.75 ], [ 427159.75, 434437.25 ], [ 427159.5, 434437.25 ], [ 427159.5, 434437.5 ], [ 427159.25, 434437.5 ], [ 427159.25, 434438.0 ], [ 427159.0, 434438.0 ], [ 427159.0, 434438.25 ], [ 427158.75, 434438.25 ], [ 427158.75, 434438.75 ], [ 427158.5, 434438.75 ], [ 427158.5, 434439.0 ], [ 427158.0, 434439.0 ], [ 427158.0, 434439.25 ], [ 427157.75, 434439.25 ], [ 427157.75, 434439.5 ], [ 427157.5, 434439.5 ], [ 427157.5, 434440.25 ], [ 427157.25, 434440.25 ], [ 427157.25, 434440.75 ], [ 427157.0, 434440.75 ], [ 427157.0, 434441.25 ], [ 427156.75, 434441.25 ], [ 427156.75, 434441.75 ], [ 427156.5, 434441.75 ], [ 427156.5, 434442.25 ], [ 427156.25, 434442.25 ], [ 427156.25, 434442.5 ], [ 427156.0, 434442.5 ], [ 427156.0, 434443.0 ], [ 427155.75, 434443.0 ], [ 427155.75, 434443.25 ], [ 427155.5, 434443.25 ], [ 427155.5, 434443.5 ], [ 427155.25, 434443.5 ], [ 427155.25, 434443.75 ], [ 427155.0, 434443.75 ], [ 427155.0, 434444.0 ], [ 427154.5, 434444.0 ], [ 427154.5, 434444.25 ], [ 427154.25, 434444.25 ], [ 427154.25, 434444.5 ], [ 427153.75, 434444.5 ], [ 427153.75, 434444.75 ], [ 427153.5, 434444.75 ], [ 427153.5, 434445.0 ], [ 427153.0, 434445.0 ], [ 427153.0, 434445.25 ], [ 427152.75, 434445.25 ], [ 427152.75, 434445.5 ], [ 427152.5, 434445.5 ], [ 427152.5, 434445.75 ], [ 427152.25, 434445.75 ], [ 427152.25, 434446.0 ], [ 427152.0, 434446.0 ], [ 427152.0, 434446.25 ], [ 427151.75, 434446.25 ], [ 427151.75, 434446.5 ], [ 427151.5, 434446.5 ], [ 427151.5, 434446.75 ], [ 427151.0, 434446.75 ], [ 427151.0, 434447.0 ], [ 427150.75, 434447.0 ], [ 427150.75, 434447.25 ], [ 427150.5, 434447.25 ], [ 427150.5, 434447.5 ], [ 427150.0, 434447.5 ], [ 427150.0, 434447.75 ], [ 427149.75, 434447.75 ], [ 427149.75, 434448.0 ], [ 427149.25, 434448.0 ], [ 427149.25, 434448.25 ], [ 427149.0, 434448.25 ], [ 427149.0, 434448.5 ], [ 427148.75, 434448.5 ], [ 427148.75, 434448.75 ], [ 427148.5, 434448.75 ], [ 427148.5, 434449.0 ], [ 427148.25, 434449.0 ], [ 427148.25, 434449.5 ], [ 427148.0, 434449.5 ], [ 427148.0, 434449.75 ], [ 427147.75, 434449.75 ], [ 427147.75, 434450.0 ], [ 427147.5, 434450.0 ], [ 427147.5, 434450.5 ], [ 427147.25, 434450.5 ], [ 427147.25, 434450.75 ], [ 427147.0, 434450.75 ], [ 427147.0, 434451.0 ], [ 427146.75, 434451.0 ], [ 427146.75, 434451.25 ], [ 427146.5, 434451.25 ], [ 427146.5, 434451.5 ], [ 427146.25, 434451.5 ], [ 427146.25, 434451.75 ], [ 427146.0, 434451.75 ], [ 427146.0, 434452.0 ], [ 427145.75, 434452.0 ], [ 427145.75, 434452.25 ], [ 427145.5, 434452.25 ], [ 427145.5, 434452.5 ], [ 427145.0, 434452.5 ], [ 427145.0, 434453.0 ], [ 427144.75, 434453.0 ], [ 427144.75, 434453.25 ], [ 427144.5, 434453.25 ], [ 427144.5, 434453.5 ], [ 427144.25, 434453.5 ], [ 427144.25, 434453.75 ], [ 427144.0, 434453.75 ], [ 427144.0, 434454.0 ], [ 427143.75, 434454.0 ], [ 427143.75, 434454.25 ], [ 427143.5, 434454.25 ], [ 427143.5, 434454.5 ], [ 427143.25, 434454.5 ], [ 427143.25, 434454.75 ], [ 427142.75, 434454.75 ], [ 427142.75, 434455.0 ], [ 427142.5, 434455.0 ], [ 427142.5, 434455.25 ], [ 427140.75, 434455.25 ] ] ] } },
{ "type": "Feature", "properties": { }, "geometry": { "type": "Polygon", "coordinates": [ [ [ 427788.75, 434400.5 ], [ 427788.75, 434400.25 ], [ 427788.0, 434400.25 ], [ 427788.0, 434400.0 ], [ 427787.5, 434400.0 ], [ 427787.5, 434399.75 ], [ 427786.75, 434399.75 ], [ 427786.75, 434399.5 ], [ 427786.25, 434399.5 ], [ 427786.25, 434399.25 ], [ 427785.75, 434399.25 ], [ 427785.75, 434399.0 ], [ 427785.5, 434399.0 ], [ 427785.5, 434398.75 ], [ 427785.25, 434398.75 ], [ 427785.25, 434398.5 ], [ 427785.0, 434398.5 ], [ 427785.0, 434398.25 ], [ 427784.75, 434398.25 ], [ 427784.75, 434398.0 ], [ 427784.5, 434398.0 ], [ 427784.5, 434397.75 ], [ 427784.25, 434397.75 ], [ 427784.25, 434397.5 ], [ 427784.0, 434397.5 ], [ 427784.0, 434397.25 ], [ 427783.75, 434397.25 ], [ 427783.75, 434397.0 ], [ 427783.25, 434397.0 ], [ 427783.25, 434396.75 ], [ 427783.0, 434396.75 ], [ 427783.0, 434396.5 ], [ 427782.75, 434396.5 ], [ 427782.75, 434396.25 ], [ 427782.25, 434396.25 ], [ 427782.25, 434396.0 ], [ 427782.0, 434396.0 ], [ 427782.0, 434395.75 ], [ 427781.5, 434395.75 ], [ 427781.5, 434395.5 ], [ 427781.25, 434395.5 ], [ 427781.25, 434395.25 ], [ 427781.0, 434395.25 ], [ 427781.0, 434395.0 ], [ 427780.75, 434395.0 ], [ 427780.75, 434394.5 ], [ 427780.5, 434394.5 ], [ 427780.5, 434394.0 ], [ 427780.25, 434394.0 ], [ 427780.25, 434393.5 ], [ 427780.0, 434393.5 ], [ 427780.0, 434393.0 ], [ 427779.75, 434393.0 ], [ 427779.75, 434392.25 ], [ 427779.5, 434392.25 ], [ 427779.5, 434392.0 ], [ 427779.25, 434392.0 ], [ 427779.25, 434391.5 ], [ 427779.0, 434391.5 ], [ 427779.0, 434390.75 ], [ 427778.75, 434390.75 ], [ 427778.75, 434390.25 ], [ 427778.5, 434390.25 ], [ 427778.5, 434388.5 ], [ 427778.25, 434388.5 ], [ 427778.25, 434387.0 ], [ 427778.0, 434387.0 ], [ 427778.0, 434385.5 ], [ 427777.75, 434385.5 ], [ 427777.75, 434383.25 ], [ 427778.0, 434383.25 ], [ 427778.0, 434382.25 ], [ 427778.25, 434382.25 ], [ 427778.25, 434381.75 ], [ 427778.5, 434381.75 ], [ 427778.5, 434381.0 ], [ 427778.75, 434381.0 ], [ 427778.75, 434380.25 ], [ 427779.0, 434380.25 ], [ 427779.0, 434379.5 ], [ 427779.25, 434379.5 ], [ 427779.25, 434379.25 ], [ 427779.5, 434379.25 ], [ 427779.5, 434378.75 ], [ 427779.75, 434378.75 ], [ 427779.75, 434378.5 ], [ 427780.0, 434378.5 ], [ 427780.0, 434378.25 ], [ 427780.25, 434378.25 ], [ 427780.25, 434378.0 ], [ 427780.5, 434378.0 ], [ 427780.5, 434377.75 ], [ 427781.0, 434377.75 ], [ 427781.0, 434377.5 ], [ 427781.5, 434377.5 ], [ 427781.5, 434377.25 ], [ 427782.5, 434377.25 ], [ 427782.5, 434377.0 ], [ 427783.75, 434377.0 ], [ 427783.75, 434376.75 ], [ 427784.25, 434376.75 ], [ 427784.25, 434376.5 ], [ 427786.0, 434376.5 ], [ 427786.0, 434376.25 ], [ 427791.75, 434376.25 ], [ 427791.75, 434376.0 ], [ 427796.0, 434376.0 ], [ 427796.0, 434375.75 ], [ 427803.25, 434375.75 ], [ 427803.25, 434375.5 ], [ 427804.25, 434375.5 ], [ 427804.25, 434375.75 ], [ 427807.5, 434375.75 ], [ 427807.5, 434376.0 ], [ 427808.0, 434376.0 ], [ 427808.0, 434376.25 ], [ 427808.5, 434376.25 ], [ 427808.5, 434376.5 ], [ 427808.75, 434376.5 ], [ 427808.75, 434376.75 ], [ 427809.0, 434376.75 ], [ 427809.0, 434377.0 ], [ 427809.5, 434377.0 ], [ 427809.5, 434377.25 ], [ 427809.75, 434377.25 ], [ 427809.75, 434377.5 ], [ 427810.0, 434377.5 ], [ 427810.0, 434377.75 ], [ 427810.25, 434377.75 ], [ 427810.25, 434378.0 ], [ 427810.5, 434378.0 ], [ 427810.5, 434378.5 ], [ 427810.75, 434378.5 ], [ 427810.75, 434379.0 ], [ 427811.0, 434379.0 ], [ 427811.0, 434379.5 ], [ 427811.25, 434379.5 ], [ 427811.25, 434380.0 ], [ 427811.5, 434380.0 ], [ 427811.5, 434380.75 ], [ 427811.75, 434380.75 ], [ 427811.75, 434381.5 ], [ 427812.0, 434381.5 ], [ 427812.0, 434382.25 ], [ 427812.25, 434382.25 ], [ 427812.25, 434383.0 ], [ 427812.5, 434383.0 ], [ 427812.5, 434383.5 ], [ 427812.75, 434383.5 ], [ 427812.75, 434384.0 ], [ 427813.0, 434384.0 ], [ 427813.0, 434384.75 ], [ 427813.25, 434384.75 ], [ 427813.25, 434385.25 ], [ 427813.5, 434385.25 ], [ 427813.5, 434386.0 ], [ 427813.75, 434386.0 ], [ 427813.75, 434387.0 ], [ 427814.0, 434387.0 ], [ 427814.0, 434390.5 ], [ 427813.75, 434390.5 ], [ 427813.75, 434391.5 ], [ 427813.5, 434391.5 ], [ 427813.5, 434392.75 ], [ 427813.25, 434392.75 ], [ 427813.25, 434393.5 ], [ 427813.0, 434393.5 ], [ 427813.0, 434394.25 ], [ 427812.75, 434394.25 ], [ 427812.75, 434394.75 ], [ 427812.5, 434394.75 ], [ 427812.5, 434395.0 ], [ 427812.25, 434395.0 ], [ 427812.25, 434395.25 ], [ 427812.0, 434395.25 ], [ 427812.0, 434395.5 ], [ 427811.75, 434395.5 ], [ 427811.75, 434395.75 ], [ 427811.5, 434395.75 ], [ 427811.5, 434396.0 ], [ 427811.25, 434396.0 ], [ 427811.25, 434396.25 ], [ 427811.0, 434396.25 ], [ 427811.0, 434396.5 ], [ 427810.5, 434396.5 ], [ 427810.5, 434396.75 ], [ 427809.75, 434396.75 ], [ 427809.75, 434397.0 ], [ 427808.75, 434397.0 ], [ 427808.75, 434397.25 ], [ 427807.75, 434397.25 ], [ 427807.75, 434397.5 ], [ 427807.0, 434397.5 ], [ 427807.0, 434397.75 ], [ 427806.25, 434397.75 ], [ 427806.25, 434398.0 ], [ 427805.5, 434398.0 ], [ 427805.5, 434398.25 ], [ 427804.5, 434398.25 ], [ 427804.5, 434398.5 ], [ 427803.75, 434398.5 ], [ 427803.75, 434398.75 ], [ 427802.75, 434398.75 ], [ 427802.75, 434399.0 ], [ 427801.25, 434399.0 ], [ 427801.25, 434399.25 ], [ 427799.75, 434399.25 ], [ 427799.75, 434399.5 ], [ 427798.25, 434399.5 ], [ 427798.25, 434399.75 ], [ 427797.25, 434399.75 ], [ 427797.25, 434400.0 ], [ 427795.5, 434400.0 ], [ 427795.5, 434400.25 ], [ 427793.5, 434400.25 ], [ 427793.5, 434400.5 ], [ 427788.75, 434400.5 ] ] ] } },
{ "type": "Feature", "properties": { }, "geometry": { "type": "Polygon", "coordinates": [ [ [ 427465.25, 434410.0 ], [ 427465.25, 434409.75 ], [ 427464.75, 434409.75 ], [ 427464.75, 434409.5 ], [ 427464.5, 434409.5 ], [ 427464.5, 434409.25 ], [ 427464.0, 434409.25 ], [ 427464.0, 434409.0 ], [ 427463.75, 434409.0 ], [ 427463.75, 434408.75 ], [ 427463.25, 434408.75 ], [ 427463.25, 434408.5 ], [ 427462.75, 434408.5 ], [ 427462.75, 434408.25 ], [ 427462.25, 434408.25 ], [ 427462.25, 434408.0 ], [ 427462.0, 434408.0 ], [ 427462.0, 434407.75 ], [ 427461.75, 434407.75 ], [ 427461.75, 434407.25 ], [ 427461.5, 434407.25 ], [ 427461.5, 434406.5 ], [ 427461.25, 434406.5 ], [ 427461.25, 434405.5 ], [ 427461.0, 434405.5 ], [ 427461.0, 434405.0 ], [ 427460.75, 434405.0 ], [ 427460.75, 434404.5 ], [ 427460.5, 434404.5 ], [ 427460.5, 434404.0 ], [ 427460.25, 434404.0 ], [ 427460.25, 434403.5 ], [ 427460.0, 434403.5 ], [ 427460.0, 434403.0 ], [ 427459.75, 434403.0 ], [ 427459.75, 434402.5 ], [ 427459.5, 434402.5 ], [ 427459.5, 434402.0 ], [ 427459.25, 434402.0 ], [ 427459.25, 434401.75 ], [ 427459.0, 434401.75 ], [ 427459.0, 434401.5 ], [ 427458.5, 434401.5 ], [ 427458.5, 434401.25 ], [ 427458.25, 434401.25 ], [ 427458.25, 434401.0 ], [ 427458.0, 434401.0 ], [ 427458.0, 434400.75 ], [ 427457.75, 434400.75 ], [ 427457.75, 434400.5 ], [ 427457.5, 434400.5 ], [ 427457.5, 434400.25 ], [ 427457.25, 434400.25 ], [ 427457.25, 434400.0 ], [ 427457.0, 434400.0 ], [ 427457.0, 434399.75 ], [ 427456.5, 434399.75 ], [ 427456.5, 434399.5 ], [ 427456.25, 434399.5 ], [ 427456.25, 434399.25 ], [ 427455.75, 434399.25 ], [ 427455.75, 434399.0 ], [ 427455.5, 434399.0 ], [ 427455.5, 434398.75 ], [ 427455.25, 434398.75 ], [ 427455.25, 434398.5 ], [ 427455.0, 434398.5 ], [ 427455.0, 434398.25 ], [ 427454.75, 434398.25 ], [ 427454.75, 434397.75 ], [ 427454.5, 434397.75 ], [ 427454.5, 434397.5 ], [ 427454.25, 434397.5 ], [ 427454.25, 434397.0 ], [ 427454.0, 434397.0 ], [ 427454.0, 434396.5 ], [ 427453.75, 434396.5 ], [ 427453.75, 434396.25 ], [ 427453.5, 434396.25 ], [ 427453.5, 434396.0 ], [ 427453.25, 434396.0 ], [ 427453.25, 434395.75 ], [ 427453.0, 434395.75 ], [ 427453.0, 434395.5 ], [ 427452.75, 434395.5 ], [ 427452.75, 434395.25 ], [ 427452.5, 434395.25 ], [ 427452.5, 434394.75 ], [ 427452.25, 434394.75 ], [ 427452.25, 434393.75 ], [ 427452.0, 434393.75 ], [ 427452.0, 434393.25 ], [ 427451.75, 434393.25 ], [ 427451.75, 434392.75 ], [ 427451.5, 434392.75 ], [ 427451.5, 434392.25 ], [ 427451.25, 434392.25 ], [ 427451.25, 434391.5 ], [ 427451.0, 434391.5 ], [ 427451.0, 434391.25 ], [ 427450.75, 434391.25 ], [ 427450.75, 434391.0 ], [ 427450.5, 434391.0 ], [ 427450.5, 434390.75 ], [ 427450.25, 434390.75 ], [ 427450.25, 434390.0 ], [ 427450.0, 434390.0 ], [ 427450.0, 434389.25 ], [ 427449.75, 434389.25 ], [ 427449.75, 434387.75 ], [ 427449.5, 434387.75 ], [ 427449.5, 434387.25 ], [ 427449.75, 434387.25 ], [ 427449.75, 434386.25 ], [ 427450.0, 434386.25 ], [ 427450.0, 434383.0 ], [ 427450.25, 434383.0 ], [ 427450.25, 434380.5 ], [ 427450.5, 434380.5 ], [ 427450.5, 434380.25 ], [ 427451.0, 434380.25 ], [ 427451.0, 434380.0 ], [ 427451.25, 434380.0 ], [ 427451.25, 434379.75 ], [ 427451.5, 434379.75 ], [ 427451.5, 434379.5 ], [ 427451.75, 434379.5 ], [ 427451.75, 434379.0 ], [ 427452.25, 434379.0 ], [ 427452.25, 434378.75 ], [ 427452.5, 434378.75 ], [ 427452.5, 434378.5 ], [ 427453.0, 434378.5 ], [ 427453.0, 434378.25 ], [ 427453.25, 434378.25 ], [ 427453.25, 434378.0 ], [ 427453.5, 434378.0 ], [ 427453.5, 434377.5 ], [ 427454.0, 434377.5 ], [ 427454.0, 434377.25 ], [ 427454.25, 434377.25 ], [ 427454.25, 434377.0 ], [ 427454.5, 434377.0 ], [ 427454.5, 434376.75 ], [ 427454.75, 434376.75 ], [ 427454.75, 434376.25 ], [ 427455.0, 434376.25 ], [ 427455.0, 434376.0 ], [ 427455.25, 434376.0 ], [ 427455.25, 434375.75 ], [ 427456.0, 434375.75 ], [ 427456.0, 434376.0 ], [ 427457.0, 434376.0 ], [ 427457.0, 434375.75 ], [ 427457.5, 434375.75 ], [ 427457.5, 434375.5 ], [ 427458.0, 434375.5 ], [ 427458.0, 434375.25 ], [ 427458.25, 434375.25 ], [ 427458.25, 434374.5 ], [ 427458.5, 434374.5 ], [ 427458.5, 434374.25 ], [ 427459.0, 434374.25 ], [ 427459.0, 434374.0 ], [ 427459.25, 434374.0 ], [ 427459.25, 434373.75 ], [ 427459.75, 434373.75 ], [ 427459.75, 434373.5 ], [ 427460.25, 434373.5 ], [ 427460.25, 434373.25 ], [ 427461.5, 434373.25 ], [ 427461.5, 434373.0 ], [ 427463.0, 434373.0 ], [ 427463.0, 434373.25 ], [ 427463.75, 434373.25 ], [ 427463.75, 434373.0 ], [ 427464.25, 434373.0 ], [ 427464.25, 434372.75 ], [ 427464.75, 434372.75 ], [ 427464.75, 434372.5 ], [ 427465.5, 434372.5 ], [ 427465.5, 434372.25 ], [ 427466.0, 434372.25 ], [ 427466.0, 434372.0 ], [ 427466.5, 434372.0 ], [ 427466.5, 434371.75 ], [ 427466.75, 434371.75 ], [ 427466.75, 434371.5 ], [ 427467.0, 434371.5 ], [ 427467.0, 434371.25 ], [ 427467.75, 434371.25 ], [ 427467.75, 434371.0 ], [ 427469.0, 434371.0 ], [ 427469.0, 434371.25 ], [ 427469.5, 434371.25 ], [ 427469.5, 434371.5 ], [ 427469.75, 434371.5 ], [ 427469.75, 434372.0 ], [ 427470.0, 434372.0 ], [ 427470.0, 434372.25 ], [ 427470.25, 434372.25 ], [ 427470.25, 434372.5 ], [ 427470.5, 434372.5 ], [ 427470.5, 434372.75 ], [ 427470.75, 434372.75 ], [ 427470.75, 434373.0 ], [ 427471.0, 434373.0 ], [ 427471.0, 434373.25 ], [ 427471.25, 434373.25 ], [ 427471.25, 434373.5 ], [ 427471.5, 434373.5 ], [ 427471.5, 434373.75 ], [ 427471.75, 434373.75 ], [ 427471.75, 434374.0 ], [ 427472.0, 434374.0 ], [ 427472.0, 434374.25 ], [ 427472.25, 434374.25 ], [ 427472.25, 434374.5 ], [ 427472.5, 434374.5 ], [ 427472.5, 434374.75 ], [ 427472.75, 434374.75 ], [ 427472.75, 434375.0 ], [ 427473.5, 434375.0 ], [ 427473.5, 434375.25 ], [ 427473.75, 434375.25 ], [ 427473.75, 434375.5 ], [ 427474.0, 434375.5 ], [ 427474.0, 434375.75 ], [ 427474.5, 434375.75 ], [ 427474.5, 434376.0 ], [ 427474.75, 434376.0 ], [ 427474.75, 434376.25 ], [ 427475.0, 434376.25 ], [ 427475.0, 434376.75 ], [ 427475.25, 434376.75 ], [ 427475.25, 434377.0 ], [ 427475.5, 434377.0 ], [ 427475.5, 434377.25 ], [ 427475.75, 434377.25 ], [ 427475.75, 434377.75 ], [ 427476.0, 434377.75 ], [ 427476.0, 434378.25 ], [ 427476.25, 434378.25 ], [ 427476.25, 434378.75 ], [ 427476.5, 434378.75 ], [ 427476.5, 434379.25 ], [ 427476.75, 434379.25 ], [ 427476.75, 434379.75 ], [ 427477.0, 434379.75 ], [ 427477.0, 434380.0 ], [ 427477.25, 434380.0 ], [ 427477.25, 434380.5 ], [ 427477.5, 434380.5 ], [ 427477.5, 434381.0 ], [ 427477.75, 434381.0 ], [ 427477.75, 434381.5 ], [ 427478.0, 434381.5 ], [ 427478.0, 434382.25 ], [ 427478.25, 434382.25 ], [ 427478.25, 434383.0 ], [ 427478.5, 434383.0 ], [ 427478.5, 434383.75 ], [ 427478.75, 434383.75 ], [ 427478.75, 434384.5 ], [ 427479.0, 434384.5 ], [ 427479.0, 434385.25 ], [ 427479.25, 434385.25 ], [ 427479.25, 434385.75 ], [ 427479.5, 434385.75 ], [ 427479.5, 434386.25 ], [ 427479.75, 434386.25 ], [ 427479.75, 434387.25 ], [ 427480.0, 434387.25 ], [ 427480.0, 434387.75 ], [ 427480.25, 434387.75 ], [ 427480.25, 434388.0 ], [ 427480.5, 434388.0 ], [ 427480.5, 434388.25 ], [ 427480.75, 434388.25 ], [ 427480.75, 434388.5 ], [ 427481.0, 434388.5 ], [ 427481.0, 434389.0 ], [ 427481.25, 434389.0 ], [ 427481.25, 434389.25 ], [ 427481.5, 434389.25 ], [ 427481.5, 434389.75 ], [ 427481.75, 434389.75 ], [ 427481.75, 434390.5 ], [ 427482.0, 434390.5 ], [ 427482.0, 434392.0 ], [ 427482.25, 434392.0 ], [ 427482.25, 434393.75 ], [ 427482.0, 434393.75 ], [ 427482.0, 434394.25 ], [ 427481.75, 434394.25 ], [ 427481.75, 434394.5 ], [ 427481.5, 434394.5 ], [ 427481.5, 434394.75 ], [ 427481.25, 434394.75 ], [ 427481.25, 434395.0 ], [ 427480.75, 434395.0 ], [ 427480.75, 434395.25 ], [ 427480.5, 434395.25 ], [ 427480.5, 434395.5 ], [ 427480.25, 434395.5 ], [ 427480.25, 434395.75 ], [ 427479.75, 434395.75 ], [ 427479.75, 434396.0 ], [ 427479.5, 434396.0 ], [ 427479.5, 434396.25 ], [ 427479.25, 434396.25 ], [ 427479.25, 434396.5 ], [ 427479.0, 434396.5 ], [ 427479.0, 434397.0 ], [ 427478.75, 434397.0 ], [ 427478.75, 434397.5 ], [ 427478.5, 434397.5 ], [ 427478.5, 434398.0 ], [ 427478.25, 434398.0 ], [ 427478.25, 434398.25 ], [ 427478.0, 434398.25 ], [ 427478.0, 434399.25 ], [ 427477.75, 434399.25 ], [ 427477.75, 434402.5 ], [ 427478.0, 434402.5 ], [ 427478.0, 434403.5 ], [ 427478.25, 434403.5 ], [ 427478.25, 434405.0 ], [ 427478.0, 434405.0 ], [ 427478.0, 434405.5 ], [ 427477.75, 434405.5 ], [ 427477.75, 434405.75 ], [ 427477.5, 434405.75 ], [ 427477.5, 434405.5 ], [ 427477.25, 434405.5 ], [ 427477.25, 434405.25 ], [ 427476.75, 434405.25 ], [ 427476.75, 434405.0 ], [ 427476.25, 434405.0 ], [ 427476.25, 434405.25 ], [ 427475.75, 434405.25 ], [ 427475.75, 434405.5 ], [ 427474.25, 434405.5 ], [ 427474.25, 434405.75 ], [ 427473.75, 434405.75 ], [ 427473.75, 434406.0 ], [ 427473.25, 434406.0 ], [ 427473.25, 434406.25 ], [ 427472.5, 434406.25 ], [ 427472.5, 434406.5 ], [ 427472.25, 434406.5 ], [ 427472.25, 434407.0 ], [ 427472.0, 434407.0 ], [ 427472.0, 434407.25 ], [ 427471.75, 434407.25 ], [ 427471.75, 434407.5 ], [ 427471.5, 434407.5 ], [ 427471.5, 434407.75 ], [ 427470.5, 434407.75 ], [ 427470.5, 434408.0 ], [ 427470.0, 434408.0 ], [ 427470.0, 434408.25 ], [ 427469.75, 434408.25 ], [ 427469.75, 434408.5 ], [ 427468.75, 434408.5 ], [ 427468.75, 434408.75 ], [ 427468.25, 434408.75 ], [ 427468.25, 434409.0 ], [ 427467.75, 434409.0 ], [ 427467.75, 434409.25 ], [ 427467.5, 434409.25 ], [ 427467.5, 434409.5 ], [ 427467.25, 434409.5 ], [ 427467.25, 434409.75 ], [ 427466.75, 434409.75 ], [ 427466.75, 434410.0 ], [ 427465.25, 434410.0 ] ], [ [ 427468.25, 434397.25 ], [ 427469.25, 434397.25 ], [ 427469.25, 434397.0 ], [ 427469.75, 434397.0 ], [ 427469.75, 434396.75 ], [ 427470.0, 434396.75 ], [ 427470.0, 434395.75 ], [ 427469.75, 434395.75 ], [ 427469.75, 434394.5 ], [ 427469.5, 434394.5 ], [ 427469.5, 434394.0 ], [ 427468.25, 434394.0 ], [ 427468.25, 434394.25 ], [ 427467.75, 434394.25 ], [ 427467.75, 434394.5 ], [ 427467.0, 434394.5 ], [ 427467.0, 434394.75 ], [ 427466.5, 434394.75 ], [ 427466.5, 434395.75 ], [ 427466.75, 434395.75 ], [ 427466.75, 434396.0 ], [ 427467.0, 434396.0 ], [ 427467.0, 434396.25 ], [ 427467.25, 434396.25 ], [ 427467.25, 434396.5 ], [ 427467.5, 434396.5 ], [ 427467.5, 434396.75 ], [ 427468.0, 434396.75 ], [ 427468.0, 434397.0 ], [ 427468.25, 434397.0 ], [ 427468.25, 434397.25 ] ] ] } },
{ "type": "Feature", "properties": { }, "geometry": { "type": "Polygon", "coordinates": [ [ [ 427882.0, 434374.5 ], [ 427882.0, 434374.25 ], [ 427881.5, 434374.25 ], [ 427881.5, 434374.0 ], [ 427881.0, 434374.0 ], [ 427881.0, 434373.75 ], [ 427880.75, 434373.75 ], [ 427880.75, 434373.5 ], [ 427880.5, 434373.5 ], [ 427880.5, 434373.25 ], [ 427880.25, 434373.25 ], [ 427880.25, 434372.75 ], [ 427880.0, 434372.75 ], [ 427880.0, 434372.5 ], [ 427879.75, 434372.5 ], [ 427879.75, 434372.0 ], [ 427879.5, 434372.0 ], [ 427879.5, 434371.25 ], [ 427879.25, 434371.25 ], [ 427879.25, 434370.75 ], [ 427879.0, 434370.75 ], [ 427879.0, 434370.25 ], [ 427878.75, 434370.25 ], [ 427878.75, 434369.75 ], [ 427878.5, 434369.75 ], [ 427878.5, 434368.25 ], [ 427878.25, 434368.25 ], [ 427878.25, 434366.75 ], [ 427878.0, 434366.75 ], [ 427878.0, 434365.5 ], [ 427877.75, 434365.5 ], [ 427877.75, 434363.5 ], [ 427877.5, 434363.5 ], [ 427877.5, 434362.75 ], [ 427877.25, 434362.75 ], [ 427877.25, 434360.0 ], [ 427896.0, 434360.0 ], [ 427896.0, 434370.25 ], [ 427894.75, 434370.25 ], [ 427894.75, 434370.0 ], [ 427894.5, 434370.0 ], [ 427894.5, 434370.25 ], [ 427894.0, 434370.25 ], [ 427894.0, 434370.5 ], [ 427893.5, 434370.5 ], [ 427893.5, 434370.75 ], [ 427893.0, 434370.75 ], [ 427893.0, 434371.0 ], [ 427892.5, 434371.0 ], [ 427892.5, 434371.25 ], [ 427892.0, 434371.25 ], [ 427892.0, 434371.5 ], [ 427891.5, 434371.5 ], [ 427891.5, 434371.75 ], [ 427890.75, 434371.75 ], [ 427890.75, 434372.0 ], [ 427890.0, 434372.0 ], [ 427890.0, 434372.25 ], [ 427889.5, 434372.25 ], [ 427889.5, 434372.5 ], [ 427888.75, 434372.5 ], [ 427888.75, 434372.75 ], [ 427887.75, 434372.75 ], [ 427887.75, 434373.0 ], [ 427887.25, 434373.0 ], [ 427887.25, 434373.25 ], [ 427886.75, 434373.25 ], [ 427886.75, 434373.5 ], [ 427886.25, 434373.5 ], [ 427886.25, 434373.75 ], [ 427885.5, 434373.75 ], [ 427885.5, 434374.0 ], [ 427884.5, 434374.0 ], [ 427884.5, 434374.25 ], [ 427883.5, 434374.25 ], [ 427883.5, 434374.5 ], [ 427882.0, 434374.5 ] ] ] } },
{ "type": "Feature", "properties": { }, "geometry": { "type": "Polygon", "coordinates": [ [ [ 427360.25, 434360.0 ], [ 427360.25, 434358.75 ], [ 427360.0, 434358.75 ], [ 427360.0, 434358.25 ], [ 427360.25, 434358.25 ], [ 427360.25, 434357.25 ], [ 427360.5, 434357.25 ], [ 427360.5, 434357.0 ], [ 427361.0, 434357.0 ], [ 427361.0, 434356.75 ], [ 427361.5, 434356.75 ], [ 427361.5, 434356.5 ], [ 427361.75, 434356.5 ], [ 427361.75, 434356.25 ], [ 427362.25, 434356.25 ], [ 427362.25, 434356.0 ], [ 427362.75, 434356.0 ], [ 427362.75, 434355.75 ], [ 427363.25, 434355.75 ], [ 427363.25, 434355.5 ], [ 427364.0, 434355.5 ], [ 427364.0, 434355.25 ], [ 427364.5, 434355.25 ], [ 427364.5, 434355.0 ], [ 427364.75, 434355.0 ], [ 427364.75, 434354.75 ], [ 427365.0, 434354.75 ], [ 427365.0, 434354.5 ], [ 427365.75, 434354.5 ], [ 427365.75, 434354.25 ], [ 427367.75, 434354.25 ], [ 427367.75, 434354.5 ], [ 427368.75, 434354.5 ], [ 427368.75, 434354.75 ], [ 427369.5, 434354.75 ], [ 427369.5, 434355.0 ], [ 427370.25, 434355.0 ], [ 427370.25, 434355.25 ], [ 427370.75, 434355.25 ], [ 427370.75, 434355.5 ], [ 427371.25, 434355.5 ], [ 427371.25, 434355.75 ], [ 427373.0, 434355.75 ], [ 427373.0, 434355.5 ], [ 427373.25, 434355.5 ], [ 427373.25, 434355.25 ], [ 427374.0, 434355.25 ], [ 427374.0, 434355.0 ], [ 427374.75, 434355.0 ], [ 427374.75, 434354.75 ], [ 427376.25, 434354.75 ], [ 427376.25, 434354.5 ], [ 427376.75, 434354.5 ], [ 427376.75, 434354.25 ], [ 427377.75, 434354.25 ], [ 427377.75, 434354.0 ], [ 427378.25, 434354.0 ], [ 427378.25, 434353.75 ], [ 427378.5, 434353.75 ], [ 427378.5, 434352.75 ], [ 427378.75, 434352.75 ], [ 427378.75, 434351.25 ], [ 427379.0, 434351.25 ], [ 427379.0, 434351.0 ], [ 427379.25, 434351.0 ], [ 427379.25, 434350.75 ], [ 427379.5, 434350.75 ], [ 427379.5, 434350.5 ], [ 427379.75, 434350.5 ], [ 427379.75, 434350.25 ], [ 427380.25, 434350.25 ], [ 427380.25, 434350.0 ], [ 427381.25, 434350.0 ], [ 427381.25, 434349.75 ], [ 427381.5, 434349.75 ], [ 427381.5, 434350.0 ], [ 427382.0, 434350.0 ], [ 427382.0, 434350.25 ], [ 427384.0, 434350.25 ], [ 427384.0, 434354.25 ], [ 427383.5, 434354.25 ], [ 427383.5, 434354.5 ], [ 427383.25, 434354.5 ], [ 427383.25, 434355.0 ], [ 427383.0, 434355.0 ], [ 427383.0, 434356.0 ], [ 427382.75, 434356.0 ], [ 427382.75, 434356.5 ], [ 427383.0, 434356.5 ], [ 427383.0, 434356.75 ], [ 427383.25, 434356.75 ], [ 427383.25, 434357.0 ], [ 427384.0, 434357.0 ], [ 427384.0, 434360.0 ], [ 427360.25, 434360.0 ] ] ] } },
{ "type": "Feature", "properties": { }, "geometry": { "type": "Polygon", "coordinates": [ [ [ 427881.5, 434327.0 ], [ 427881.5, 434326.75 ], [ 427881.25, 434326.75 ], [ 427881.25, 434325.75 ], [ 427881.0, 434325.75 ], [ 427881.0, 434324.25 ], [ 427881.25, 434324.25 ], [ 427881.25, 434322.75 ], [ 427881.5, 434322.75 ], [ 427881.5, 434323.5 ], [ 427881.75, 434323.5 ], [ 427881.75, 434327.0 ], [ 427881.5, 434327.0 ] ] ] } },
{ "type": "Feature", "properties": { }, "geometry": { "type": "Polygon", "coordinates": [ [ [ 427742.25, 434332.25 ], [ 427742.25, 434332.0 ], [ 427742.0, 434332.0 ], [ 427742.0, 434331.75 ], [ 427741.75, 434331.75 ], [ 427741.75, 434331.25 ], [ 427741.5, 434331.25 ], [ 427741.5, 434330.0 ], [ 427741.25, 434330.0 ], [ 427741.25, 434327.5 ], [ 427741.0, 434327.5 ], [ 427741.0, 434326.5 ], [ 427740.75, 434326.5 ], [ 427740.75, 434324.75 ], [ 427740.5, 434324.75 ], [ 427740.5, 434323.25 ], [ 427740.25, 434323.25 ], [ 427740.25, 434321.0 ], [ 427740.5, 434321.0 ], [ 427740.5, 434320.0 ], [ 427740.25, 434320.0 ], [ 427740.25, 434318.25 ], [ 427740.0, 434318.25 ], [ 427740.0, 434318.0 ], [ 427739.75, 434318.0 ], [ 427739.75, 434317.5 ], [ 427739.5, 434317.5 ], [ 427739.5, 434316.0 ], [ 427739.25, 434316.0 ], [ 427739.25, 434314.25 ], [ 427739.0, 434314.25 ], [ 427739.0, 434313.75 ], [ 427738.75, 434313.75 ], [ 427738.75, 434313.25 ], [ 427738.5, 434313.25 ], [ 427738.5, 434311.5 ], [ 427738.25, 434311.5 ], [ 427738.25, 434300.5 ], [ 427738.5, 434300.5 ], [ 427738.5, 434299.0 ], [ 427738.25, 434299.0 ], [ 427738.25, 434298.5 ], [ 427738.5, 434298.5 ], [ 427738.5, 434298.25 ], [ 427738.75, 434298.25 ], [ 427738.75, 434298.0 ], [ 427739.0, 434298.0 ], [ 427739.0, 434297.75 ], [ 427739.5, 434297.75 ], [ 427739.5, 434297.5 ], [ 427740.25, 434297.5 ], [ 427740.25, 434297.25 ], [ 427741.25, 434297.25 ], [ 427741.25, 434297.0 ], [ 427748.75, 434297.0 ], [ 427748.75, 434297.25 ], [ 427750.5, 434297.25 ], [ 427750.5, 434297.5 ], [ 427751.0, 434297.5 ], [ 427751.0, 434297.75 ], [ 427751.75, 434297.75 ], [ 427751.75, 434298.0 ], [ 427752.0, 434298.0 ], [ 427752.0, 434298.25 ], [ 427752.5, 434298.25 ], [ 427752.5, 434298.5 ], [ 427752.75, 434298.5 ], [ 427752.75, 434298.75 ], [ 427753.0, 434298.75 ], [ 427753.0, 434299.0 ], [ 427753.5, 434299.0 ], [ 427753.5, 434299.25 ], [ 427753.75, 434299.25 ], [ 427753.75, 434299.5 ], [ 427754.0, 434299.5 ], [ 427754.0, 434299.75 ], [ 427754.25, 434299.75 ], [ 427754.25, 434300.0 ], [ 427754.5, 434300.0 ], [ 427754.5, 434300.5 ], [ 427754.75, 434300.5 ], [ 427754.75, 434301.25 ], [ 427755.0, 434301.25 ], [ 427755.0, 434302.0 ], [ 427755.25, 434302.0 ], [ 427755.25, 434303.75 ], [ 427755.5, 434303.75 ], [ 427755.5, 434311.5 ], [ 427755.75, 434311.5 ], [ 427755.75, 434318.0 ], [ 427755.5, 434318.0 ], [ 427755.5, 434320.25 ], [ 427755.25, 434320.25 ], [ 427755.25, 434320.75 ], [ 427755.0, 434320.75 ], [ 427755.0, 434321.25 ], [ 427754.75, 434321.25 ], [ 427754.75, 434321.75 ], [ 427754.5, 434321.75 ], [ 427754.5, 434322.0 ], [ 427754.25, 434322.0 ], [ 427754.25, 434322.25 ], [ 427754.0, 434322.25 ], [ 427754.0, 434323.0 ], [ 427754.25, 434323.0 ], [ 427754.25, 434323.5 ], [ 427754.5, 434323.5 ], [ 427754.5, 434324.0 ], [ 427754.75, 434324.0 ], [ 427754.75, 434329.75 ], [ 427754.5, 434329.75 ], [ 427754.5, 434330.0 ], [ 427753.75, 434330.0 ], [ 427753.75, 434329.75 ], [ 427753.25, 434329.75 ], [ 427753.25, 434329.25 ], [ 427753.0, 434329.25 ], [ 427753.0, 434328.75 ], [ 427752.75, 434328.75 ], [ 427752.75, 434328.25 ], [ 427752.5, 434328.25 ], [ 427752.5, 434328.0 ], [ 427752.25, 434328.0 ], [ 427752.25, 434327.25 ], [ 427752.0, 434327.25 ], [ 427752.0, 434326.25 ], [ 427752.25, 434326.25 ], [ 427752.25, 434326.0 ], [ 427752.5, 434326.0 ], [ 427752.5, 434325.75 ], [ 427752.75, 434325.75 ], [ 427752.75, 434324.5 ], [ 427752.5, 434324.5 ], [ 427752.5, 434323.75 ], [ 427752.25, 434323.75 ], [ 427752.25, 434323.0 ], [ 427752.0, 434323.0 ], [ 427752.0, 434322.5 ], [ 427751.5, 434322.5 ], [ 427751.5, 434322.0 ], [ 427751.25, 434322.0 ], [ 427751.25, 434321.5 ], [ 427751.0, 434321.5 ], [ 427751.0, 434321.0 ], [ 427750.75, 434321.0 ], [ 427750.75, 434320.75 ], [ 427750.5, 434320.75 ], [ 427750.5, 434319.5 ], [ 427750.25, 434319.5 ], [ 427750.25, 434319.0 ], [ 427750.0, 434319.0 ], [ 427750.0, 434318.5 ], [ 427749.75, 434318.5 ], [ 427749.75, 434318.25 ], [ 427749.0, 434318.25 ], [ 427749.0, 434318.5 ], [ 427748.75, 434318.5 ], [ 427748.75, 434318.75 ], [ 427748.5, 434318.75 ], [ 427748.5, 434319.0 ], [ 427748.25, 434319.0 ], [ 427748.25, 434319.5 ], [ 427748.0, 434319.5 ], [ 427748.0, 434319.75 ], [ 427747.75, 434319.75 ], [ 427747.75, 434320.0 ], [ 427747.25, 434320.0 ], [ 427747.25, 434319.75 ], [ 427746.75, 434319.75 ], [ 427746.75, 434319.5 ], [ 427746.0, 434319.5 ], [ 427746.0, 434319.75 ], [ 427745.5, 434319.75 ], [ 427745.5, 434320.0 ], [ 427745.25, 434320.0 ], [ 427745.25, 434320.25 ], [ 427745.0, 434320.25 ], [ 427745.0, 434321.75 ], [ 427744.75, 434321.75 ], [ 427744.75, 434324.75 ], [ 427744.5, 434324.75 ], [ 427744.5, 434325.0 ], [ 427744.25, 434325.0 ], [ 427744.25, 434327.0 ], [ 427744.0, 434327.0 ], [ 427744.0, 434327.25 ], [ 427743.75, 434327.25 ], [ 427743.75, 434328.75 ], [ 427744.0, 434328.75 ], [ 427744.0, 434329.5 ], [ 427743.75, 434329.5 ], [ 427743.75, 434330.75 ], [ 427743.5, 434330.75 ], [ 427743.5, 434331.25 ], [ 427743.25, 434331.25 ], [ 427743.25, 434331.75 ], [ 427743.0, 434331.75 ], [ 427743.0, 434332.0 ], [ 427742.75, 434332.0 ], [ 427742.75, 434332.25 ], [ 427742.25, 434332.25 ] ] ] } },
{ "type": "Feature", "properties": { }, "geometry": { "type": "Polygon", "coordinates": [ [ [ 427782.25, 434308.0 ], [ 427782.25, 434307.75 ], [ 427779.75, 434307.75 ], [ 427779.75, 434307.5 ], [ 427776.5, 434307.5 ], [ 427776.5, 434307.25 ], [ 427774.75, 434307.25 ], [ 427774.75, 434307.0 ], [ 427773.75, 434307.0 ], [ 427773.75, 434306.75 ], [ 427773.0, 434306.75 ], [ 427773.0, 434306.5 ], [ 427772.5, 434306.5 ], [ 427772.5, 434306.25 ], [ 427772.0, 434306.25 ], [ 427772.0, 434306.0 ], [ 427771.75, 434306.0 ], [ 427771.75, 434305.75 ], [ 427771.25, 434305.75 ], [ 427771.25, 434305.5 ], [ 427770.75, 434305.5 ], [ 427770.75, 434305.25 ], [ 427770.5, 434305.25 ], [ 427770.5, 434305.0 ], [ 427769.0, 434305.0 ], [ 427769.0, 434305.25 ], [ 427768.75, 434305.25 ], [ 427768.75, 434305.5 ], [ 427768.0, 434305.5 ], [ 427768.0, 434294.25 ], [ 427769.0, 434294.25 ], [ 427769.0, 434294.0 ], [ 427770.0, 434294.0 ], [ 427770.0, 434293.75 ], [ 427770.5, 434293.75 ], [ 427770.5, 434293.5 ], [ 427770.75, 434293.5 ], [ 427770.75, 434293.25 ], [ 427771.0, 434293.25 ], [ 427771.0, 434293.0 ], [ 427771.25, 434293.0 ], [ 427771.25, 434292.5 ], [ 427771.5, 434292.5 ], [ 427771.5, 434292.25 ], [ 427772.0, 434292.25 ], [ 427772.0, 434292.0 ], [ 427772.5, 434292.0 ], [ 427772.5, 434291.75 ], [ 427772.75, 434291.75 ], [ 427772.75, 434291.5 ], [ 427773.0, 434291.5 ], [ 427773.0, 434291.25 ], [ 427773.25, 434291.25 ], [ 427773.25, 434291.0 ], [ 427773.5, 434291.0 ], [ 427773.5, 434290.75 ], [ 427773.75, 434290.75 ], [ 427773.75, 434287.5 ], [ 427774.0, 434287.5 ], [ 427774.0, 434282.5 ], [ 427774.25, 434282.5 ], [ 427774.25, 434282.0 ], [ 427774.5, 434282.0 ], [ 427774.5, 434281.75 ], [ 427774.75, 434281.75 ], [ 427774.75, 434281.25 ], [ 427775.0, 434281.25 ], [ 427775.0, 434281.0 ], [ 427775.25, 434281.0 ], [ 427775.25, 434280.75 ], [ 427775.5, 434280.75 ], [ 427775.5, 434280.5 ], [ 427775.75, 434280.5 ], [ 427775.75, 434280.25 ], [ 427776.0, 434280.25 ], [ 427776.0, 434280.0 ], [ 427776.5, 434280.0 ], [ 427776.5, 434279.75 ], [ 427776.75, 434279.75 ], [ 427776.75, 434279.5 ], [ 427777.25, 434279.5 ], [ 427777.25, 434279.25 ], [ 427777.75, 434279.25 ], [ 427777.75, 434279.0 ], [ 427778.25, 434279.0 ], [ 427778.25, 434278.75 ], [ 427779.0, 434278.75 ], [ 427779.0, 434278.5 ], [ 427780.0, 434278.5 ], [ 427780.0, 434278.25 ], [ 427780.75, 434278.25 ], [ 427780.75, 434278.0 ], [ 427781.75, 434278.0 ], [ 427781.75, 434277.75 ], [ 427782.75, 434277.75 ], [ 427782.75, 434277.5 ], [ 427785.75, 434277.5 ], [ 427785.75, 434277.25 ], [ 427792.25, 434277.25 ], [ 427792.25, 434277.0 ], [ 427798.5, 434277.0 ], [ 427798.5, 434276.75 ], [ 427807.0, 434276.75 ], [ 427807.0, 434276.5 ], [ 427808.75, 434276.5 ], [ 427808.75, 434276.75 ], [ 427811.5, 434276.75 ], [ 427811.5, 434277.0 ], [ 427813.0, 434277.0 ], [ 427813.0, 434277.25 ], [ 427814.0, 434277.25 ], [ 427814.0, 434277.5 ], [ 427814.75, 434277.5 ], [ 427814.75, 434277.75 ], [ 427815.25, 434277.75 ], [ 427815.25, 434278.0 ], [ 427815.5, 434278.0 ], [ 427815.5, 434278.25 ], [ 427816.0, 434278.25 ], [ 427816.0, 434278.5 ], [ 427816.75, 434278.5 ], [ 427816.75, 434278.75 ], [ 427817.0, 434278.75 ], [ 427817.0, 434279.0 ], [ 427817.5, 434279.0 ], [ 427817.5, 434279.25 ], [ 427818.25, 434279.25 ], [ 427818.25, 434279.5 ], [ 427818.75, 434279.5 ], [ 427818.75, 434279.75 ], [ 427819.0, 434279.75 ], [ 427819.0, 434280.0 ], [ 427819.25, 434280.0 ], [ 427819.25, 434280.25 ], [ 427819.75, 434280.25 ], [ 427819.75, 434280.5 ], [ 427820.0, 434280.5 ], [ 427820.0, 434280.75 ], [ 427820.25, 434280.75 ], [ 427820.25, 434281.0 ], [ 427820.5, 434281.0 ], [ 427820.5, 434281.5 ], [ 427820.75, 434281.5 ], [ 427820.75, 434281.75 ], [ 427821.0, 434281.75 ], [ 427821.0, 434282.5 ], [ 427821.25, 434282.5 ], [ 427821.25, 434282.75 ], [ 427821.5, 434282.75 ], [ 427821.5, 434283.25 ], [ 427821.75, 434283.25 ], [ 427821.75, 434284.0 ], [ 427822.0, 434284.0 ], [ 427822.0, 434284.75 ], [ 427822.25, 434284.75 ], [ 427822.25, 434285.25 ], [ 427822.5, 434285.25 ], [ 427822.5, 434292.0 ], [ 427822.75, 434292.0 ], [ 427822.75, 434296.25 ], [ 427823.0, 434296.25 ], [ 427823.0, 434300.75 ], [ 427822.75, 434300.75 ], [ 427822.75, 434302.5 ], [ 427822.5, 434302.5 ], [ 427822.5, 434303.0 ], [ 427822.25, 434303.0 ], [ 427822.25, 434303.5 ], [ 427822.0, 434303.5 ], [ 427822.0, 434304.0 ], [ 427821.75, 434304.0 ], [ 427821.75, 434304.25 ], [ 427821.5, 434304.25 ], [ 427821.5, 434304.5 ], [ 427821.25, 434304.5 ], [ 427821.25, 434304.75 ], [ 427820.75, 434304.75 ], [ 427820.75, 434305.0 ], [ 427820.25, 434305.0 ], [ 427820.25, 434305.25 ], [ 427819.25, 434305.25 ], [ 427819.25, 434305.5 ], [ 427818.0, 434305.5 ], [ 427818.0, 434305.75 ], [ 427816.25, 434305.75 ], [ 427816.25, 434305.5 ], [ 427812.75, 434305.5 ], [ 427812.75, 434305.75 ], [ 427810.5, 434305.75 ], [ 427810.5, 434306.0 ], [ 427808.0, 434306.0 ], [ 427808.0, 434306.25 ], [ 427806.75, 434306.25 ], [ 427806.75, 434306.5 ], [ 427805.0, 434306.5 ], [ 427805.0, 434306.75 ], [ 427801.25, 434306.75 ], [ 427801.25, 434307.0 ], [ 427795.25, 434307.0 ], [ 427795.25, 434307.25 ], [ 427789.25, 434307.25 ], [ 427789.25, 434307.5 ], [ 427787.5, 434307.5 ], [ 427787.5, 434307.75 ], [ 427782.75, 434307.75 ], [ 427782.75, 434308.0 ], [ 427782.25, 434308.0 ] ] ] } },
{ "type": "Feature", "properties": { }, "geometry": { "type": "Polygon", "coordinates": [ [ [ 427860.75, 434310.75 ], [ 427860.75, 434310.5 ], [ 427859.75, 434310.5 ], [ 427859.75, 434310.25 ], [ 427859.5, 434310.25 ], [ 427859.5, 434310.0 ], [ 427859.25, 434310.0 ], [ 427859.25, 434309.75 ], [ 427859.0, 434309.75 ], [ 427859.0, 434309.5 ], [ 427858.75, 434309.5 ], [ 427858.75, 434309.25 ], [ 427858.5, 434309.25 ], [ 427858.5, 434308.75 ], [ 427858.25, 434308.75 ], [ 427858.25, 434308.25 ], [ 427858.0, 434308.25 ], [ 427858.0, 434307.75 ], [ 427857.75, 434307.75 ], [ 427857.75, 434307.0 ], [ 427857.5, 434307.0 ], [ 427857.5, 434306.0 ], [ 427857.25, 434306.0 ], [ 427857.25, 434300.75 ], [ 427857.0, 434300.75 ], [ 427857.0, 434297.5 ], [ 427856.75, 434297.5 ], [ 427856.75, 434294.25 ], [ 427856.5, 434294.25 ], [ 427856.5, 434292.25 ], [ 427856.25, 434292.25 ], [ 427856.25, 434288.75 ], [ 427856.0, 434288.75 ], [ 427856.0, 434286.75 ], [ 427855.75, 434286.75 ], [ 427855.75, 434284.75 ], [ 427855.5, 434284.75 ], [ 427855.5, 434274.75 ], [ 427855.75, 434274.75 ], [ 427855.75, 434272.75 ], [ 427856.0, 434272.75 ], [ 427856.0, 434271.5 ], [ 427856.25, 434271.5 ], [ 427856.25, 434270.75 ], [ 427856.5, 434270.75 ], [ 427856.5, 434269.75 ], [ 427856.75, 434269.75 ], [ 427856.75, 434269.5 ], [ 427857.0, 434269.5 ], [ 427857.0, 434269.25 ], [ 427857.25, 434269.25 ], [ 427857.25, 434269.0 ], [ 427857.75, 434269.0 ], [ 427857.75, 434268.75 ], [ 427858.5, 434268.75 ], [ 427858.5, 434268.5 ], [ 427859.0, 434268.5 ], [ 427859.0, 434268.25 ], [ 427860.25, 434268.25 ], [ 427860.25, 434268.0 ], [ 427861.75, 434268.0 ], [ 427861.75, 434268.25 ], [ 427862.5, 434268.25 ], [ 427862.5, 434268.5 ], [ 427863.0, 434268.5 ], [ 427863.0, 434268.75 ], [ 427863.25, 434268.75 ], [ 427863.25, 434269.0 ], [ 427863.75, 434269.0 ], [ 427863.75, 434269.25 ], [ 427864.25, 434269.25 ], [ 427864.25, 434269.5 ], [ 427864.75, 434269.5 ], [ 427864.75, 434270.0 ], [ 427865.0, 434270.0 ], [ 427865.0, 434270.25 ], [ 427865.25, 434270.25 ], [ 427865.25, 434270.5 ], [ 427865.5, 434270.5 ], [ 427865.5, 434271.0 ], [ 427865.75, 434271.0 ], [ 427865.75, 434271.75 ], [ 427866.0, 434271.75 ], [ 427866.0, 434272.25 ], [ 427866.25, 434272.25 ], [ 427866.25, 434275.0 ], [ 427866.5, 434275.0 ], [ 427866.5, 434275.25 ], [ 427866.75, 434275.25 ], [ 427866.75, 434275.5 ], [ 427867.0, 434275.5 ], [ 427867.0, 434275.75 ], [ 427867.25, 434275.75 ], [ 427867.25, 434276.25 ], [ 427867.5, 434276.25 ], [ 427867.5, 434276.75 ], [ 427867.75, 434276.75 ], [ 427867.75, 434277.75 ], [ 427868.0, 434277.75 ], [ 427868.0, 434278.5 ], [ 427868.25, 434278.5 ], [ 427868.25, 434279.0 ], [ 427868.5, 434279.0 ], [ 427868.5, 434279.5 ], [ 427868.75, 434279.5 ], [ 427868.75, 434280.5 ], [ 427869.0, 434280.5 ], [ 427869.0, 434281.5 ], [ 427869.25, 434281.5 ], [ 427869.25, 434284.5 ], [ 427869.5, 434284.5 ], [ 427869.5, 434286.75 ], [ 427869.75, 434286.75 ], [ 427869.75, 434287.75 ], [ 427870.0, 434287.75 ], [ 427870.0, 434288.75 ], [ 427870.25, 434288.75 ], [ 427870.25, 434290.5 ], [ 427870.5, 434290.5 ], [ 427870.5, 434291.5 ], [ 427870.75, 434291.5 ], [ 427870.75, 434292.75 ], [ 427871.0, 434292.75 ], [ 427871.0, 434293.25 ], [ 427871.25, 434293.25 ], [ 427871.25, 434293.75 ], [ 427871.5, 434293.75 ], [ 427871.5, 434294.25 ], [ 427871.75, 434294.25 ], [ 427871.75, 434296.75 ], [ 427872.0, 434296.75 ], [ 427872.0, 434297.5 ], [ 427871.75, 434297.5 ], [ 427871.75, 434299.5 ], [ 427871.5, 434299.5 ], [ 427871.5, 434300.25 ], [ 427871.25, 434300.25 ], [ 427871.25, 434300.5 ], [ 427871.0, 434300.5 ], [ 427871.0, 434300.75 ], [ 427870.75, 434300.75 ], [ 427870.75, 434301.0 ], [ 427870.5, 434301.0 ], [ 427870.5, 434301.25 ], [ 427870.25, 434301.25 ], [ 427870.25, 434301.5 ], [ 427870.0, 434301.5 ], [ 427870.0, 434301.75 ], [ 427869.75, 434301.75 ], [ 427869.75, 434302.25 ], [ 427869.5, 434302.25 ], [ 427869.5, 434302.5 ], [ 427869.25, 434302.5 ], [ 427869.25, 434303.0 ], [ 427869.0, 434303.0 ], [ 427869.0, 434303.5 ], [ 427868.75, 434303.5 ], [ 427868.75, 434304.0 ], [ 427868.5, 434304.0 ], [ 427868.5, 434304.25 ], [ 427868.25, 434304.25 ], [ 427868.25, 434304.5 ], [ 427868.0, 434304.5 ], [ 427868.0, 434305.0 ], [ 427867.75, 434305.0 ], [ 427867.75, 434305.25 ], [ 427866.5, 434305.25 ], [ 427866.5, 434305.75 ], [ 427866.25, 434305.75 ], [ 427866.25, 434306.5 ], [ 427866.0, 434306.5 ], [ 427866.0, 434307.25 ], [ 427865.75, 434307.25 ], [ 427865.75, 434307.75 ], [ 427865.5, 434307.75 ], [ 427865.5, 434308.25 ], [ 427865.25, 434308.25 ], [ 427865.25, 434309.0 ], [ 427865.0, 434309.0 ], [ 427865.0, 434309.5 ], [ 427864.75, 434309.5 ], [ 427864.75, 434309.75 ], [ 427864.5, 434309.75 ], [ 427864.5, 434310.0 ], [ 427864.25, 434310.0 ], [ 427864.25, 434310.25 ], [ 427863.75, 434310.25 ], [ 427863.75, 434310.5 ], [ 427863.25, 434310.5 ], [ 427863.25, 434310.75 ], [ 427860.75, 434310.75 ] ] ] } },
{ "type": "Feature", "properties": { }, "geometry": { "type": "Polygon", "coordinates": [ [ [ 427413.0, 434327.0 ], [ 427413.0, 434326.75 ], [ 427412.25, 434326.75 ], [ 427412.25, 434326.5 ], [ 427411.5, 434326.5 ], [ 427411.5, 434326.25 ], [ 427411.25, 434326.25 ], [ 427411.25, 434326.0 ], [ 427410.75, 434326.0 ], [ 427410.75, 434325.5 ], [ 427410.5, 434325.5 ], [ 427410.5, 434325.25 ], [ 427410.0, 434325.25 ], [ 427410.0, 434325.0 ], [ 427409.75, 434325.0 ], [ 427409.75, 434324.75 ], [ 427409.25, 434324.75 ], [ 427409.25, 434324.25 ], [ 427409.0, 434324.25 ], [ 427409.0, 434324.0 ], [ 427408.75, 434324.0 ], [ 427408.75, 434323.75 ], [ 427408.5, 434323.75 ], [ 427408.5, 434323.5 ], [ 427408.25, 434323.5 ], [ 427408.25, 434323.25 ], [ 427408.0, 434323.25 ], [ 427408.0, 434323.0 ], [ 427407.5, 434323.0 ], [ 427407.5, 434322.5 ], [ 427407.25, 434322.5 ], [ 427407.25, 434321.75 ], [ 427407.0, 434321.75 ], [ 427407.0, 434321.0 ], [ 427406.75, 434321.0 ], [ 427406.75, 434320.5 ], [ 427406.5, 434320.5 ], [ 427406.5, 434320.0 ], [ 427406.25, 434320.0 ], [ 427406.25, 434319.75 ], [ 427405.75, 434319.75 ], [ 427405.75, 434319.5 ], [ 427405.5, 434319.5 ], [ 427405.5, 434319.25 ], [ 427404.25, 434319.25 ], [ 427404.25, 434319.0 ], [ 427402.75, 434319.0 ], [ 427402.75, 434318.75 ], [ 427402.5, 434318.75 ], [ 427402.5, 434318.5 ], [ 427402.25, 434318.5 ], [ 427402.25, 434318.0 ], [ 427402.0, 434318.0 ], [ 427402.0, 434317.75 ], [ 427401.75, 434317.75 ], [ 427401.75, 434317.25 ], [ 427401.5, 434317.25 ], [ 427401.5, 434316.75 ], [ 427401.25, 434316.75 ], [ 427401.25, 434316.0 ], [ 427401.0, 434316.0 ], [ 427401.0, 434315.0 ], [ 427400.75, 434315.0 ], [ 427400.75, 434314.25 ], [ 427400.5, 434314.25 ], [ 427400.5, 434313.75 ], [ 427400.25, 434313.75 ], [ 427400.25, 434313.5 ], [ 427400.0, 434313.5 ], [ 427400.0, 434313.0 ], [ 427399.75, 434313.0 ], [ 427399.75, 434312.5 ], [ 427399.5, 434312.5 ], [ 427399.5, 434312.25 ], [ 427399.25, 434312.25 ], [ 427399.25, 434312.0 ], [ 427399.0, 434312.0 ], [ 427399.0, 434311.75 ], [ 427398.5, 434311.75 ], [ 427398.5, 434311.5 ], [ 427398.25, 434311.5 ], [ 427398.25, 434311.25 ], [ 427398.0, 434311.25 ], [ 427398.0, 434311.0 ], [ 427397.75, 434311.0 ], [ 427397.75, 434310.75 ], [ 427397.5, 434310.75 ], [ 427397.5, 434310.5 ], [ 427397.0, 434310.5 ], [ 427397.0, 434310.25 ], [ 427396.5, 434310.25 ], [ 427396.5, 434310.0 ], [ 427395.75, 434310.0 ], [ 427395.75, 434309.75 ], [ 427391.25, 434309.75 ], [ 427391.25, 434309.5 ], [ 427389.75, 434309.5 ], [ 427389.75, 434309.25 ], [ 427388.75, 434309.25 ], [ 427388.75, 434309.0 ], [ 427387.75, 434309.0 ], [ 427387.75, 434308.75 ], [ 427386.25, 434308.75 ], [ 427386.25, 434308.5 ], [ 427385.25, 434308.5 ], [ 427385.25, 434308.25 ], [ 427384.0, 434308.25 ], [ 427384.0, 434299.5 ], [ 427382.5, 434299.5 ], [ 427382.5, 434299.25 ], [ 427382.25, 434299.25 ], [ 427382.25, 434299.0 ], [ 427382.0, 434299.0 ], [ 427382.0, 434298.5 ], [ 427381.75, 434298.5 ], [ 427381.75, 434298.25 ], [ 427381.5, 434298.25 ], [ 427381.5, 434297.5 ], [ 427381.25, 434297.5 ], [ 427381.25, 434296.75 ], [ 427381.0, 434296.75 ], [ 427381.0, 434296.0 ], [ 427380.75, 434296.0 ], [ 427380.75, 434295.5 ], [ 427380.5, 434295.5 ], [ 427380.5, 434295.0 ], [ 427380.25, 434295.0 ], [ 427380.25, 434294.25 ], [ 427380.0, 434294.25 ], [ 427380.0, 434293.75 ], [ 427379.75, 434293.75 ], [ 427379.75, 434292.75 ], [ 427379.5, 434292.75 ], [ 427379.5, 434291.75 ], [ 427379.25, 434291.75 ], [ 427379.25, 434291.0 ], [ 427379.0, 434291.0 ], [ 427379.0, 434290.5 ], [ 427378.75, 434290.5 ], [ 427378.75, 434289.75 ], [ 427378.5, 434289.75 ], [ 427378.5, 434289.0 ], [ 427378.25, 434289.0 ], [ 427378.25, 434288.5 ], [ 427378.0, 434288.5 ], [ 427378.0, 434287.75 ], [ 427377.75, 434287.75 ], [ 427377.75, 434287.0 ], [ 427377.5, 434287.0 ], [ 427377.5, 434286.5 ], [ 427377.25, 434286.5 ], [ 427377.25, 434285.5 ], [ 427377.0, 434285.5 ], [ 427377.0, 434284.0 ], [ 427376.75, 434284.0 ], [ 427376.75, 434283.25 ], [ 427376.5, 434283.25 ], [ 427376.5, 434282.0 ], [ 427376.25, 434282.0 ], [ 427376.25, 434281.25 ], [ 427376.5, 434281.25 ], [ 427376.5, 434280.0 ], [ 427376.75, 434280.0 ], [ 427376.75, 434279.25 ], [ 427377.0, 434279.25 ], [ 427377.0, 434278.75 ], [ 427377.25, 434278.75 ], [ 427377.25, 434278.25 ], [ 427377.5, 434278.25 ], [ 427377.5, 434277.75 ], [ 427377.75, 434277.75 ], [ 427377.75, 434276.0 ], [ 427377.5, 434276.0 ], [ 427377.5, 434274.5 ], [ 427377.25, 434274.5 ], [ 427377.25, 434274.25 ], [ 427377.5, 434274.25 ], [ 427377.5, 434272.0 ], [ 427378.5, 434272.0 ], [ 427378.5, 434271.5 ], [ 427378.75, 434271.5 ], [ 427378.75, 434271.25 ], [ 427379.0, 434271.25 ], [ 427379.0, 434271.0 ], [ 427379.5, 434271.0 ], [ 427379.5, 434270.75 ], [ 427379.75, 434270.75 ], [ 427379.75, 434271.0 ], [ 427380.5, 434271.0 ], [ 427380.5, 434271.25 ], [ 427380.75, 434271.25 ], [ 427380.75, 434271.5 ], [ 427381.0, 434271.5 ], [ 427381.0, 434271.75 ], [ 427381.25, 434271.75 ], [ 427381.25, 434272.0 ], [ 427381.75, 434272.0 ], [ 427381.75, 434272.25 ], [ 427382.0, 434272.25 ], [ 427382.0, 434272.5 ], [ 427382.5, 434272.5 ], [ 427382.5, 434272.75 ], [ 427384.0, 434272.75 ], [ 427384.0, 434258.0 ], [ 427387.5, 434258.0 ], [ 427387.5, 434257.75 ], [ 427388.0, 434257.75 ], [ 427388.0, 434257.5 ], [ 427388.25, 434257.5 ], [ 427388.25, 434257.25 ], [ 427388.75, 434257.25 ], [ 427388.75, 434257.0 ], [ 427389.5, 434257.0 ], [ 427389.5, 434256.75 ], [ 427390.5, 434256.75 ], [ 427390.5, 434257.0 ], [ 427394.0, 434257.0 ], [ 427394.0, 434256.75 ], [ 427394.75, 434256.75 ], [ 427394.75, 434257.0 ], [ 427395.25, 434257.0 ], [ 427395.25, 434257.25 ], [ 427395.5, 434257.25 ], [ 427395.5, 434257.5 ], [ 427396.0, 434257.5 ], [ 427396.0, 434257.75 ], [ 427396.5, 434257.75 ], [ 427396.5, 434258.0 ], [ 427397.5, 434258.0 ], [ 427397.5, 434258.25 ], [ 427397.75, 434258.25 ], [ 427397.75, 434258.5 ], [ 427398.0, 434258.5 ], [ 427398.0, 434259.0 ], [ 427398.25, 434259.0 ], [ 427398.25, 434259.75 ], [ 427398.5, 434259.75 ], [ 427398.5, 434260.25 ], [ 427398.75, 434260.25 ], [ 427398.75, 434260.75 ], [ 427398.5, 434260.75 ], [ 427398.5, 434261.75 ], [ 427398.75, 434261.75 ], [ 427398.75, 434262.25 ], [ 427399.0, 434262.25 ], [ 427399.0, 434262.5 ], [ 427399.5, 434262.5 ], [ 427399.5, 434262.75 ], [ 427400.5, 434262.75 ], [ 427400.5, 434263.0 ], [ 427401.5, 434263.0 ], [ 427401.5, 434263.25 ], [ 427402.5, 434263.25 ], [ 427402.5, 434263.5 ], [ 427403.0, 434263.5 ], [ 427403.0, 434263.75 ], [ 427403.25, 434263.75 ], [ 427403.25, 434264.0 ], [ 427403.5, 434264.0 ], [ 427403.5, 434264.25 ], [ 427404.0, 434264.25 ], [ 427404.0, 434264.75 ], [ 427404.25, 434264.75 ], [ 427404.25, 434265.25 ], [ 427404.5, 434265.25 ], [ 427404.5, 434265.75 ], [ 427404.75, 434265.75 ], [ 427404.75, 434266.0 ], [ 427405.0, 434266.0 ], [ 427405.0, 434266.25 ], [ 427405.25, 434266.25 ], [ 427405.25, 434266.5 ], [ 427405.5, 434266.5 ], [ 427405.5, 434266.75 ], [ 427406.25, 434266.75 ], [ 427406.25, 434267.0 ], [ 427406.75, 434267.0 ], [ 427406.75, 434266.75 ], [ 427408.25, 434266.75 ], [ 427408.25, 434267.0 ], [ 427409.5, 434267.0 ], [ 427409.5, 434266.75 ], [ 427410.75, 434266.75 ], [ 427410.75, 434267.0 ], [ 427411.5, 434267.0 ], [ 427411.5, 434267.25 ], [ 427413.0, 434267.25 ], [ 427413.0, 434267.5 ], [ 427413.5, 434267.5 ], [ 427413.5, 434268.0 ], [ 427413.75, 434268.0 ], [ 427413.75, 434268.25 ], [ 427414.0, 434268.25 ], [ 427414.0, 434268.5 ], [ 427414.25, 434268.5 ], [ 427414.25, 434269.0 ], [ 427414.5, 434269.0 ], [ 427414.5, 434269.25 ], [ 427414.75, 434269.25 ], [ 427414.75, 434269.5 ], [ 427415.25, 434269.5 ], [ 427415.25, 434269.75 ], [ 427415.75, 434269.75 ], [ 427415.75, 434270.0 ], [ 427416.5, 434270.0 ], [ 427416.5, 434270.25 ], [ 427416.75, 434270.25 ], [ 427416.75, 434270.5 ], [ 427417.0, 434270.5 ], [ 427417.0, 434271.0 ], [ 427417.25, 434271.0 ], [ 427417.25, 434271.5 ], [ 427417.5, 434271.5 ], [ 427417.5, 434272.0 ], [ 427417.75, 434272.0 ], [ 427417.75, 434273.25 ], [ 427418.0, 434273.25 ], [ 427418.0, 434274.0 ], [ 427418.25, 434274.0 ], [ 427418.25, 434275.25 ], [ 427418.0, 434275.25 ], [ 427418.0, 434276.0 ], [ 427417.75, 434276.0 ], [ 427417.75, 434277.5 ], [ 427417.5, 434277.5 ], [ 427417.5, 434279.5 ], [ 427417.25, 434279.5 ], [ 427417.25, 434280.5 ], [ 427417.0, 434280.5 ], [ 427417.0, 434281.25 ], [ 427416.75, 434281.25 ], [ 427416.75, 434282.25 ], [ 427417.0, 434282.25 ], [ 427417.0, 434283.75 ], [ 427417.25, 434283.75 ], [ 427417.25, 434286.0 ], [ 427417.5, 434286.0 ], [ 427417.5, 434286.75 ], [ 427417.75, 434286.75 ], [ 427417.75, 434287.0 ], [ 427418.0, 434287.0 ], [ 427418.0, 434287.25 ], [ 427418.25, 434287.25 ], [ 427418.25, 434287.5 ], [ 427418.5, 434287.5 ], [ 427418.5, 434287.75 ], [ 427420.5, 434287.75 ], [ 427420.5, 434288.0 ], [ 427421.25, 434288.0 ], [ 427421.25, 434288.25 ], [ 427422.5, 434288.25 ], [ 427422.5, 434288.0 ], [ 427424.0, 434288.0 ], [ 427424.0, 434287.75 ], [ 427425.5, 434287.75 ], [ 427425.5, 434288.0 ], [ 427425.75, 434288.0 ], [ 427425.75, 434288.25 ], [ 427426.25, 434288.25 ], [ 427426.25, 434288.5 ], [ 427426.5, 434288.5 ], [ 427426.5, 434288.75 ], [ 427426.75, 434288.75 ], [ 427426.75, 434289.0 ], [ 427427.0, 434289.0 ], [ 427427.0, 434289.5 ], [ 427427.25, 434289.5 ], [ 427427.25, 434289.75 ], [ 427427.5, 434289.75 ], [ 427427.5, 434290.0 ], [ 427427.75, 434290.0 ], [ 427427.75, 434290.25 ], [ 427428.0, 434290.25 ], [ 427428.0, 434290.5 ], [ 427428.25, 434290.5 ], [ 427428.25, 434290.75 ], [ 427428.5, 434290.75 ], [ 427428.5, 434291.25 ], [ 427428.75, 434291.25 ], [ 427428.75, 434291.5 ], [ 427429.0, 434291.5 ], [ 427429.0, 434292.0 ], [ 427429.25, 434292.0 ], [ 427429.25, 434292.25 ], [ 427429.5, 434292.25 ], [ 427429.5, 434292.5 ], [ 427429.75, 434292.5 ], [ 427429.75, 434293.0 ], [ 427430.0, 434293.0 ], [ 427430.0, 434293.5 ], [ 427430.25, 434293.5 ], [ 427430.25, 434294.0 ], [ 427430.5, 434294.0 ], [ 427430.5, 434294.25 ], [ 427430.75, 434294.25 ], [ 427430.75, 434294.75 ], [ 427431.0, 434294.75 ], [ 427431.0, 434295.5 ], [ 427431.25, 434295.5 ], [ 427431.25, 434296.0 ], [ 427431.5, 434296.0 ], [ 427431.5, 434296.5 ], [ 427431.75, 434296.5 ], [ 427431.75, 434297.0 ], [ 427432.0, 434297.0 ], [ 427432.0, 434297.5 ], [ 427432.25, 434297.5 ], [ 427432.25, 434298.25 ], [ 427432.5, 434298.25 ], [ 427432.5, 434298.75 ], [ 427432.75, 434298.75 ], [ 427432.75, 434299.25 ], [ 427433.0, 434299.25 ], [ 427433.0, 434299.75 ], [ 427433.25, 434299.75 ], [ 427433.25, 434300.25 ], [ 427433.5, 434300.25 ], [ 427433.5, 434300.75 ], [ 427433.75, 434300.75 ], [ 427433.75, 434301.25 ], [ 427434.0, 434301.25 ], [ 427434.0, 434302.0 ], [ 427434.25, 434302.0 ], [ 427434.25, 434302.5 ], [ 427434.5, 434302.5 ], [ 427434.5, 434303.0 ], [ 427434.75, 434303.0 ], [ 427434.75, 434303.75 ], [ 427435.0, 434303.75 ], [ 427435.0, 434304.5 ], [ 427435.25, 434304.5 ], [ 427435.25, 434305.25 ], [ 427435.5, 434305.25 ], [ 427435.5, 434305.75 ], [ 427435.75, 434305.75 ], [ 427435.75, 434306.75 ], [ 427436.0, 434306.75 ], [ 427436.0, 434307.25 ], [ 427436.25, 434307.25 ], [ 427436.25, 434308.0 ], [ 427436.5, 434308.0 ], [ 427436.5, 434308.75 ], [ 427436.75, 434308.75 ], [ 427436.75, 434309.5 ], [ 427437.0, 434309.5 ], [ 427437.0, 434310.0 ], [ 427437.25, 434310.0 ], [ 427437.25, 434311.0 ], [ 427437.5, 434311.0 ], [ 427437.5, 434312.5 ], [ 427437.75, 434312.5 ], [ 427437.75, 434313.0 ], [ 427438.0, 434313.0 ], [ 427438.0, 434314.5 ], [ 427437.75, 434314.5 ], [ 427437.75, 434315.0 ], [ 427437.5, 434315.0 ], [ 427437.5, 434315.25 ], [ 427437.25, 434315.25 ], [ 427437.25, 434315.75 ], [ 427437.0, 434315.75 ], [ 427437.0, 434316.25 ], [ 427436.75, 434316.25 ], [ 427436.75, 434316.5 ], [ 427436.5, 434316.5 ], [ 427436.5, 434316.75 ], [ 427436.25, 434316.75 ], [ 427436.25, 434317.0 ], [ 427436.0, 434317.0 ], [ 427436.0, 434317.25 ], [ 427435.75, 434317.25 ], [ 427435.75, 434317.5 ], [ 427435.5, 434317.5 ], [ 427435.5, 434317.75 ], [ 427435.25, 434317.75 ], [ 427435.25, 434318.0 ], [ 427434.75, 434318.0 ], [ 427434.75, 434318.25 ], [ 427434.5, 434318.25 ], [ 427434.5, 434318.5 ], [ 427434.0, 434318.5 ], [ 427434.0, 434318.75 ], [ 427433.5, 434318.75 ], [ 427433.5, 434319.0 ], [ 427433.0, 434319.0 ], [ 427433.0, 434319.25 ], [ 427432.5, 434319.25 ], [ 427432.5, 434319.5 ], [ 427432.0, 434319.5 ], [ 427432.0, 434319.75 ], [ 427431.5, 434319.75 ], [ 427431.5, 434320.0 ], [ 427430.75, 434320.0 ], [ 427430.75, 434320.25 ], [ 427430.25, 434320.25 ], [ 427430.25, 434320.5 ], [ 427429.75, 434320.5 ], [ 427429.75, 434320.75 ], [ 427428.75, 434320.75 ], [ 427428.75, 434321.0 ], [ 427428.25, 434321.0 ], [ 427428.25, 434321.25 ], [ 427427.5, 434321.25 ], [ 427427.5, 434321.5 ], [ 427427.0, 434321.5 ], [ 427427.0, 434321.75 ], [ 427426.25, 434321.75 ], [ 427426.25, 434322.0 ], [ 427425.75, 434322.0 ], [ 427425.75, 434322.25 ], [ 427425.25, 434322.25 ], [ 427425.25, 434322.5 ], [ 427424.75, 434322.5 ], [ 427424.75, 434322.75 ], [ 427424.0, 434322.75 ], [ 427424.0, 434323.0 ], [ 427423.5, 434323.0 ], [ 427423.5, 434323.25 ], [ 427423.0, 434323.25 ], [ 427423.0, 434323.5 ], [ 427422.75, 434323.5 ], [ 427422.75, 434323.75 ], [ 427422.0, 434323.75 ], [ 427422.0, 434324.0 ], [ 427421.75, 434324.0 ], [ 427421.75, 434324.25 ], [ 427421.25, 434324.25 ], [ 427421.25, 434324.5 ], [ 427420.75, 434324.5 ], [ 427420.75, 434324.75 ], [ 427420.0, 434324.75 ], [ 427420.0, 434325.0 ], [ 427419.5, 434325.0 ], [ 427419.5, 434325.25 ], [ 427419.0, 434325.25 ], [ 427419.0, 434325.5 ], [ 427418.5, 434325.5 ], [ 427418.5, 434325.75 ], [ 427418.0, 434325.75 ], [ 427418.0, 434326.0 ], [ 427417.25, 434326.0 ], [ 427417.25, 434326.25 ], [ 427416.0, 434326.25 ], [ 427416.0, 434326.5 ], [ 427415.25, 434326.5 ], [ 427415.25, 434326.75 ], [ 427414.0, 434326.75 ], [ 427414.0, 434327.0 ], [ 427413.0, 434327.0 ] ] ] } },
{ "type": "Feature", "properties": { }, "geometry": { "type": "Polygon", "coordinates": [ [ [ 427860.25, 434261.5 ], [ 427860.25, 434261.25 ], [ 427857.25, 434261.25 ], [ 427857.25, 434261.0 ], [ 427857.0, 434261.0 ], [ 427857.0, 434260.75 ], [ 427856.75, 434260.75 ], [ 427856.75, 434260.25 ], [ 427856.5, 434260.25 ], [ 427856.5, 434260.0 ], [ 427856.25, 434260.0 ], [ 427856.25, 434259.75 ], [ 427855.5, 434259.75 ], [ 427855.5, 434259.5 ], [ 427855.25, 434259.5 ], [ 427855.25, 434259.25 ], [ 427854.75, 434259.25 ], [ 427854.75, 434259.0 ], [ 427854.25, 434259.0 ], [ 427854.25, 434258.75 ], [ 427853.5, 434258.75 ], [ 427853.5, 434258.5 ], [ 427853.25, 434258.5 ], [ 427853.25, 434257.75 ], [ 427853.5, 434257.75 ], [ 427853.5, 434257.25 ], [ 427854.0, 434257.25 ], [ 427854.0, 434257.0 ], [ 427854.25, 434257.0 ], [ 427854.25, 434256.5 ], [ 427855.0, 434256.5 ], [ 427855.0, 434256.25 ], [ 427856.0, 434256.25 ], [ 427856.0, 434256.0 ], [ 427856.25, 434256.0 ], [ 427856.25, 434255.75 ], [ 427857.0, 434255.75 ], [ 427857.0, 434255.5 ], [ 427857.75, 434255.5 ], [ 427857.75, 434255.25 ], [ 427859.75, 434255.25 ], [ 427859.75, 434255.0 ], [ 427860.5, 434255.0 ], [ 427860.5, 434255.25 ], [ 427860.75, 434255.25 ], [ 427860.75, 434261.0 ], [ 427860.5, 434261.0 ], [ 427860.5, 434261.5 ], [ 427860.25, 434261.5 ] ] ] } },
{ "type": "Feature", "properties": { }, "geometry": { "type": "Polygon", "coordinates": [ [ [ 427778.5, 434267.0 ], [ 427778.5, 434266.75 ], [ 427776.75, 434266.75 ], [ 427776.75, 434266.5 ], [ 427776.0, 434266.5 ], [ 427776.0, 434266.25 ], [ 427775.5, 434266.25 ], [ 427775.5, 434266.0 ], [ 427775.0, 434266.0 ], [ 427775.0, 434265.75 ], [ 427774.25, 434265.75 ], [ 427774.25, 434265.5 ], [ 427773.5, 434265.5 ], [ 427773.5, 434265.25 ], [ 427773.0, 434265.25 ], [ 427773.0, 434265.0 ], [ 427772.5, 434265.0 ], [ 427772.5, 434264.75 ], [ 427772.25, 434264.75 ], [ 427772.25, 434264.5 ], [ 427772.0, 434264.5 ], [ 427772.0, 434264.25 ], [ 427771.75, 434264.25 ], [ 427771.75, 434264.0 ], [ 427771.5, 434264.0 ], [ 427771.5, 434263.75 ], [ 427771.25, 434263.75 ], [ 427771.25, 434263.5 ], [ 427771.0, 434263.5 ], [ 427771.0, 434263.25 ], [ 427770.75, 434263.25 ], [ 427770.75, 434263.0 ], [ 427770.5, 434263.0 ], [ 427770.5, 434262.75 ], [ 427770.25, 434262.75 ], [ 427770.25, 434262.25 ], [ 427770.0, 434262.25 ], [ 427770.0, 434262.0 ], [ 427769.75, 434262.0 ], [ 427769.75, 434261.75 ], [ 427769.5, 434261.75 ], [ 427769.5, 434261.5 ], [ 427769.25, 434261.5 ], [ 427769.25, 434261.25 ], [ 427768.75, 434261.25 ], [ 427768.75, 434261.0 ], [ 427768.5, 434261.0 ], [ 427768.5, 434260.75 ], [ 427768.0, 434260.75 ], [ 427768.0, 434245.0 ], [ 427770.5, 434245.0 ], [ 427770.5, 434244.75 ], [ 427771.25, 434244.75 ], [ 427771.25, 434244.5 ], [ 427772.5, 434244.5 ], [ 427772.5, 434244.25 ], [ 427773.5, 434244.25 ], [ 427773.5, 434244.0 ], [ 427777.25, 434244.0 ], [ 427777.25, 434243.75 ], [ 427777.5, 434243.75 ], [ 427777.5, 434244.0 ], [ 427780.0, 434244.0 ], [ 427780.0, 434243.75 ], [ 427783.75, 434243.75 ], [ 427783.75, 434243.5 ], [ 427786.0, 434243.5 ], [ 427786.0, 434243.25 ], [ 427789.75, 434243.25 ], [ 427789.75, 434243.0 ], [ 427796.75, 434243.0 ], [ 427796.75, 434243.25 ], [ 427800.5, 434243.25 ], [ 427800.5, 434243.5 ], [ 427802.75, 434243.5 ], [ 427802.75, 434243.75 ], [ 427804.0, 434243.75 ], [ 427804.0, 434244.0 ], [ 427804.75, 434244.0 ], [ 427804.75, 434244.25 ], [ 427805.25, 434244.25 ], [ 427805.25, 434244.5 ], [ 427805.5, 434244.5 ], [ 427805.5, 434245.0 ], [ 427805.75, 434245.0 ], [ 427805.75, 434245.25 ], [ 427806.0, 434245.25 ], [ 427806.0, 434246.0 ], [ 427806.25, 434246.0 ], [ 427806.25, 434246.75 ], [ 427806.5, 434246.75 ], [ 427806.5, 434247.5 ], [ 427806.75, 434247.5 ], [ 427806.75, 434248.0 ], [ 427807.0, 434248.0 ], [ 427807.0, 434248.75 ], [ 427807.25, 434248.75 ], [ 427807.25, 434249.75 ], [ 427807.5, 434249.75 ], [ 427807.5, 434251.0 ], [ 427807.75, 434251.0 ], [ 427807.75, 434252.0 ], [ 427807.5, 434252.0 ], [ 427807.5, 434254.5 ], [ 427807.25, 434254.5 ], [ 427807.25, 434255.0 ], [ 427807.0, 434255.0 ], [ 427807.0, 434255.25 ], [ 427806.75, 434255.25 ], [ 427806.75, 434255.75 ], [ 427806.5, 434255.75 ], [ 427806.5, 434256.5 ], [ 427806.25, 434256.5 ], [ 427806.25, 434257.0 ], [ 427806.0, 434257.0 ], [ 427806.0, 434257.5 ], [ 427805.75, 434257.5 ], [ 427805.75, 434258.0 ], [ 427805.5, 434258.0 ], [ 427805.5, 434258.75 ], [ 427805.25, 434258.75 ], [ 427805.25, 434259.25 ], [ 427805.0, 434259.25 ], [ 427805.0, 434259.75 ], [ 427804.75, 434259.75 ], [ 427804.75, 434260.5 ], [ 427804.5, 434260.5 ], [ 427804.5, 434260.75 ], [ 427804.25, 434260.75 ], [ 427804.25, 434261.25 ], [ 427804.0, 434261.25 ], [ 427804.0, 434261.5 ], [ 427803.75, 434261.5 ], [ 427803.75, 434261.75 ], [ 427803.5, 434261.75 ], [ 427803.5, 434262.0 ], [ 427803.25, 434262.0 ], [ 427803.25, 434262.25 ], [ 427803.0, 434262.25 ], [ 427803.0, 434262.5 ], [ 427802.75, 434262.5 ], [ 427802.75, 434262.75 ], [ 427802.5, 434262.75 ], [ 427802.5, 434263.0 ], [ 427802.0, 434263.0 ], [ 427802.0, 434263.25 ], [ 427801.75, 434263.25 ], [ 427801.75, 434263.5 ], [ 427801.25, 434263.5 ], [ 427801.25, 434263.75 ], [ 427800.75, 434263.75 ], [ 427800.75, 434264.0 ], [ 427800.5, 434264.0 ], [ 427800.5, 434264.25 ], [ 427799.75, 434264.25 ], [ 427799.75, 434264.5 ], [ 427799.0, 434264.5 ], [ 427799.0, 434264.75 ], [ 427798.25, 434264.75 ], [ 427798.25, 434265.0 ], [ 427797.5, 434265.0 ], [ 427797.5, 434265.25 ], [ 427795.75, 434265.25 ], [ 427795.75, 434265.5 ], [ 427794.25, 434265.5 ], [ 427794.25, 434265.75 ], [ 427793.0, 434265.75 ], [ 427793.0, 434266.0 ], [ 427791.5, 434266.0 ], [ 427791.5, 434266.25 ], [ 427790.25, 434266.25 ], [ 427790.25, 434266.5 ], [ 427788.25, 434266.5 ], [ 427788.25, 434266.75 ], [ 427785.5, 434266.75 ], [ 427785.5, 434267.0 ], [ 427778.5, 434267.0 ] ] ] } },
{ "type": "Feature", "properties": { }, "geometry": { "type": "Polygon", "coordinates": [ [ [ 427000.0, 434295.75 ], [ 427000.0, 434246.5 ], [ 427001.75, 434246.5 ], [ 427001.75, 434246.25 ], [ 427006.75, 434246.25 ], [ 427006.75, 434246.0 ], [ 427007.75, 434246.0 ], [ 427007.75, 434246.25 ], [ 427010.25, 434246.25 ], [ 427010.25, 434246.0 ], [ 427010.75, 434246.0 ], [ 427010.75, 434245.75 ], [ 427011.0, 434245.75 ], [ 427011.0, 434245.5 ], [ 427011.5, 434245.5 ], [ 427011.5, 434245.25 ], [ 427012.0, 434245.25 ], [ 427012.0, 434245.0 ], [ 427012.25, 434245.0 ], [ 427012.25, 434244.75 ], [ 427012.75, 434244.75 ], [ 427012.75, 434244.5 ], [ 427013.25, 434244.5 ], [ 427013.25, 434244.25 ], [ 427014.25, 434244.25 ], [ 427014.25, 434244.0 ], [ 427015.25, 434244.0 ], [ 427015.25, 434243.75 ], [ 427016.75, 434243.75 ], [ 427016.75, 434243.5 ], [ 427017.5, 434243.5 ], [ 427017.5, 434243.25 ], [ 427018.5, 434243.25 ], [ 427018.5, 434243.0 ], [ 427018.75, 434243.0 ], [ 427018.75, 434243.25 ], [ 427021.0, 434243.25 ], [ 427021.0, 434243.5 ], [ 427022.0, 434243.5 ], [ 427022.0, 434243.75 ], [ 427025.0, 434243.75 ], [ 427025.0, 434244.0 ], [ 427026.25, 434244.0 ], [ 427026.25, 434243.75 ], [ 427027.0, 434243.75 ], [ 427027.0, 434243.5 ], [ 427027.25, 434243.5 ], [ 427027.25, 434243.25 ], [ 427027.75, 434243.25 ], [ 427027.75, 434243.0 ], [ 427028.0, 434243.0 ], [ 427028.0, 434242.75 ], [ 427028.5, 434242.75 ], [ 427028.5, 434242.5 ], [ 427028.75, 434242.5 ], [ 427028.75, 434242.25 ], [ 427029.0, 434242.25 ], [ 427029.0, 434242.0 ], [ 427029.25, 434242.0 ], [ 427029.25, 434241.75 ], [ 427029.5, 434241.75 ], [ 427029.5, 434241.5 ], [ 427029.75, 434241.5 ], [ 427029.75, 434241.25 ], [ 427030.0, 434241.25 ], [ 427030.0, 434241.0 ], [ 427030.25, 434241.0 ], [ 427030.25, 434240.75 ], [ 427030.5, 434240.75 ], [ 427030.5, 434240.5 ], [ 427030.75, 434240.5 ], [ 427030.75, 434240.0 ], [ 427031.0, 434240.0 ], [ 427031.0, 434239.75 ], [ 427031.25, 434239.75 ], [ 427031.25, 434239.5 ], [ 427031.5, 434239.5 ], [ 427031.5, 434239.25 ], [ 427031.75, 434239.25 ], [ 427031.75, 434239.0 ], [ 427032.0, 434239.0 ], [ 427032.0, 434238.75 ], [ 427032.25, 434238.75 ], [ 427032.25, 434238.5 ], [ 427032.75, 434238.5 ], [ 427032.75, 434238.25 ], [ 427033.5, 434238.25 ], [ 427033.5, 434238.0 ], [ 427034.25, 434238.0 ], [ 427034.25, 434237.75 ], [ 427034.75, 434237.75 ], [ 427034.75, 434237.5 ], [ 427035.25, 434237.5 ], [ 427035.25, 434237.25 ], [ 427036.5, 434237.25 ], [ 427036.5, 434237.0 ], [ 427037.75, 434237.0 ], [ 427037.75, 434236.75 ], [ 427041.0, 434236.75 ], [ 427041.0, 434236.5 ], [ 427042.0, 434236.5 ], [ 427042.0, 434236.25 ], [ 427043.0, 434236.25 ], [ 427043.0, 434236.0 ], [ 427044.0, 434236.0 ], [ 427044.0, 434236.25 ], [ 427047.0, 434236.25 ], [ 427047.0, 434236.5 ], [ 427048.25, 434236.5 ], [ 427048.25, 434236.75 ], [ 427048.75, 434236.75 ], [ 427048.75, 434237.0 ], [ 427049.5, 434237.0 ], [ 427049.5, 434237.25 ], [ 427049.75, 434237.25 ], [ 427049.75, 434237.5 ], [ 427050.0, 434237.5 ], [ 427050.0, 434237.75 ], [ 427050.25, 434237.75 ], [ 427050.25, 434238.0 ], [ 427050.5, 434238.0 ], [ 427050.5, 434238.5 ], [ 427050.75, 434238.5 ], [ 427050.75, 434238.75 ], [ 427051.0, 434238.75 ], [ 427051.0, 434239.0 ], [ 427051.25, 434239.0 ], [ 427051.25, 434239.25 ], [ 427051.5, 434239.25 ], [ 427051.5, 434239.5 ], [ 427051.75, 434239.5 ], [ 427051.75, 434239.75 ], [ 427052.25, 434239.75 ], [ 427052.25, 434240.0 ], [ 427052.75, 434240.0 ], [ 427052.75, 434240.25 ], [ 427053.0, 434240.25 ], [ 427053.0, 434240.5 ], [ 427053.25, 434240.5 ], [ 427053.25, 434240.75 ], [ 427054.0, 434240.75 ], [ 427054.0, 434241.0 ], [ 427054.5, 434241.0 ], [ 427054.5, 434241.25 ], [ 427055.5, 434241.25 ], [ 427055.5, 434241.5 ], [ 427056.0, 434241.5 ], [ 427056.0, 434241.75 ], [ 427056.5, 434241.75 ], [ 427056.5, 434242.0 ], [ 427057.25, 434242.0 ], [ 427057.25, 434242.25 ], [ 427058.0, 434242.25 ], [ 427058.0, 434242.5 ], [ 427058.25, 434242.5 ], [ 427058.25, 434242.75 ], [ 427058.75, 434242.75 ], [ 427058.75, 434243.0 ], [ 427059.75, 434243.0 ], [ 427059.75, 434243.25 ], [ 427060.5, 434243.25 ], [ 427060.5, 434243.5 ], [ 427061.25, 434243.5 ], [ 427061.25, 434243.75 ], [ 427062.0, 434243.75 ], [ 427062.0, 434244.0 ], [ 427062.5, 434244.0 ], [ 427062.5, 434244.25 ], [ 427062.75, 434244.25 ], [ 427062.75, 434244.5 ], [ 427063.0, 434244.5 ], [ 427063.0, 434244.75 ], [ 427063.25, 434244.75 ], [ 427063.25, 434245.0 ], [ 427063.5, 434245.0 ], [ 427063.5, 434245.25 ], [ 427063.75, 434245.25 ], [ 427063.75, 434245.5 ], [ 427064.0, 434245.5 ], [ 427064.0, 434245.75 ], [ 427064.25, 434245.75 ], [ 427064.25, 434246.0 ], [ 427064.5, 434246.0 ], [ 427064.5, 434246.25 ], [ 427064.75, 434246.25 ], [ 427064.75, 434248.75 ], [ 427065.0, 434248.75 ], [ 427065.0, 434249.0 ], [ 427065.25, 434249.0 ], [ 427065.25, 434249.25 ], [ 427065.5, 434249.25 ], [ 427065.5, 434249.75 ], [ 427065.75, 434249.75 ], [ 427065.75, 434250.25 ], [ 427066.0, 434250.25 ], [ 427066.0, 434250.5 ], [ 427065.75, 434250.5 ], [ 427065.75, 434251.0 ], [ 427065.5, 434251.0 ], [ 427065.5, 434251.5 ], [ 427065.25, 434251.5 ], [ 427065.25, 434252.25 ], [ 427065.0, 434252.25 ], [ 427065.0, 434252.75 ], [ 427064.75, 434252.75 ], [ 427064.75, 434253.0 ], [ 427064.5, 434253.0 ], [ 427064.5, 434253.25 ], [ 427064.25, 434253.25 ], [ 427064.25, 434253.5 ], [ 427064.0, 434253.5 ], [ 427064.0, 434253.75 ], [ 427063.75, 434253.75 ], [ 427063.75, 434254.25 ], [ 427063.5, 434254.25 ], [ 427063.5, 434254.5 ], [ 427063.25, 434254.5 ], [ 427063.25, 434255.0 ], [ 427063.0, 434255.0 ], [ 427063.0, 434255.25 ], [ 427062.75, 434255.25 ], [ 427062.75, 434255.75 ], [ 427062.5, 434255.75 ], [ 427062.5, 434256.0 ], [ 427062.25, 434256.0 ], [ 427062.25, 434256.5 ], [ 427062.0, 434256.5 ], [ 427062.0, 434257.0 ], [ 427061.75, 434257.0 ], [ 427061.75, 434257.5 ], [ 427061.5, 434257.5 ], [ 427061.5, 434258.0 ], [ 427061.25, 434258.0 ], [ 427061.25, 434258.25 ], [ 427061.0, 434258.25 ], [ 427061.0, 434258.75 ], [ 427060.75, 434258.75 ], [ 427060.75, 434259.0 ], [ 427060.5, 434259.0 ], [ 427060.5, 434259.25 ], [ 427060.25, 434259.25 ], [ 427060.25, 434259.5 ], [ 427060.0, 434259.5 ], [ 427060.0, 434259.75 ], [ 427059.75, 434259.75 ], [ 427059.75, 434260.0 ], [ 427059.5, 434260.0 ], [ 427059.5, 434260.25 ], [ 427059.25, 434260.25 ], [ 427059.25, 434260.5 ], [ 427059.0, 434260.5 ], [ 427059.0, 434260.75 ], [ 427058.75, 434260.75 ], [ 427058.75, 434261.0 ], [ 427058.5, 434261.0 ], [ 427058.5, 434261.25 ], [ 427058.0, 434261.25 ], [ 427058.0, 434261.5 ], [ 427057.75, 434261.5 ], [ 427057.75, 434261.75 ], [ 427057.5, 434261.75 ], [ 427057.5, 434262.0 ], [ 427057.25, 434262.0 ], [ 427057.25, 434262.25 ], [ 427056.75, 434262.25 ], [ 427056.75, 434262.5 ], [ 427056.5, 434262.5 ], [ 427056.5, 434262.75 ], [ 427056.0, 434262.75 ], [ 427056.0, 434263.0 ], [ 427055.5, 434263.0 ], [ 427055.5, 434263.25 ], [ 427055.25, 434263.25 ], [ 427055.25, 434263.5 ], [ 427054.75, 434263.5 ], [ 427054.75, 434263.75 ], [ 427054.25, 434263.75 ], [ 427054.25, 434264.0 ], [ 427053.75, 434264.0 ], [ 427053.75, 434264.25 ], [ 427053.25, 434264.25 ], [ 427053.25, 434264.5 ], [ 427052.75, 434264.5 ], [ 427052.75, 434264.75 ], [ 427052.5, 434264.75 ], [ 427052.5, 434265.0 ], [ 427052.25, 434265.0 ], [ 427052.25, 434265.25 ], [ 427052.0, 434265.25 ], [ 427052.0, 434265.5 ], [ 427051.5, 434265.5 ], [ 427051.5, 434265.75 ], [ 427051.25, 434265.75 ], [ 427051.25, 434266.0 ], [ 427051.0, 434266.0 ], [ 427051.0, 434266.25 ], [ 427050.75, 434266.25 ], [ 427050.75, 434266.5 ], [ 427050.5, 434266.5 ], [ 427050.5, 434266.75 ], [ 427050.25, 434266.75 ], [ 427050.25, 434267.0 ], [ 427049.75, 434267.0 ], [ 427049.75, 434267.25 ], [ 427049.25, 434267.25 ], [ 427049.25, 434267.5 ], [ 427048.75, 434267.5 ], [ 427048.75, 434267.75 ], [ 427048.5, 434267.75 ], [ 427048.5, 434268.0 ], [ 427048.0, 434268.0 ], [ 427048.0, 434268.25 ], [ 427047.5, 434268.25 ], [ 427047.5, 434268.5 ], [ 427047.0, 434268.5 ], [ 427047.0, 434268.75 ], [ 427046.5, 434268.75 ], [ 427046.5, 434269.0 ], [ 427046.0, 434269.0 ], [ 427046.0, 434269.25 ], [ 427045.5, 434269.25 ], [ 427045.5, 434269.5 ], [ 427045.25, 434269.5 ], [ 427045.25, 434269.75 ], [ 427044.75, 434269.75 ], [ 427044.75, 434270.0 ], [ 427044.5, 434270.0 ], [ 427044.5, 434270.25 ], [ 427044.25, 434270.25 ], [ 427044.25, 434270.5 ], [ 427043.75, 434270.5 ], [ 427043.75, 434270.75 ], [ 427043.5, 434270.75 ], [ 427043.5, 434271.0 ], [ 427043.25, 434271.0 ], [ 427043.25, 434271.25 ], [ 427043.0, 434271.25 ], [ 427043.0, 434271.5 ], [ 427042.5, 434271.5 ], [ 427042.5, 434271.75 ], [ 427042.0, 434271.75 ], [ 427042.0, 434272.0 ], [ 427041.5, 434272.0 ], [ 427041.5, 434272.25 ], [ 427041.0, 434272.25 ], [ 427041.0, 434272.5 ], [ 427040.75, 434272.5 ], [ 427040.75, 434272.75 ], [ 427040.25, 434272.75 ], [ 427040.25, 434273.0 ], [ 427040.0, 434273.0 ], [ 427040.0, 434273.25 ], [ 427039.75, 434273.25 ], [ 427039.75, 434273.5 ], [ 427039.5, 434273.5 ], [ 427039.5, 434273.75 ], [ 427039.25, 434273.75 ], [ 427039.25, 434274.0 ], [ 427039.0, 434274.0 ], [ 427039.0, 434274.25 ], [ 427038.75, 434274.25 ], [ 427038.75, 434274.5 ], [ 427038.5, 434274.5 ], [ 427038.5, 434274.75 ], [ 427038.25, 434274.75 ], [ 427038.25, 434275.0 ], [ 427037.75, 434275.0 ], [ 427037.75, 434275.25 ], [ 427037.5, 434275.25 ], [ 427037.5, 434275.5 ], [ 427037.25, 434275.5 ], [ 427037.25, 434275.75 ], [ 427037.0, 434275.75 ], [ 427037.0, 434276.0 ], [ 427036.5, 434276.0 ], [ 427036.5, 434276.25 ], [ 427036.25, 434276.25 ], [ 427036.25, 434276.5 ], [ 427035.75, 434276.5 ], [ 427035.75, 434276.75 ], [ 427035.25, 434276.75 ], [ 427035.25, 434277.0 ], [ 427034.75, 434277.0 ], [ 427034.75, 434277.25 ], [ 427034.0, 434277.25 ], [ 427034.0, 434277.5 ], [ 427033.75, 434277.5 ], [ 427033.75, 434277.75 ], [ 427033.25, 434277.75 ], [ 427033.25, 434278.0 ], [ 427033.0, 434278.0 ], [ 427033.0, 434278.25 ], [ 427032.75, 434278.25 ], [ 427032.75, 434278.5 ], [ 427032.5, 434278.5 ], [ 427032.5, 434278.75 ], [ 427032.25, 434278.75 ], [ 427032.25, 434279.0 ], [ 427031.75, 434279.0 ], [ 427031.75, 434279.25 ], [ 427031.5, 434279.25 ], [ 427031.5, 434279.5 ], [ 427031.0, 434279.5 ], [ 427031.0, 434279.75 ], [ 427030.5, 434279.75 ], [ 427030.5, 434280.0 ], [ 427030.0, 434280.0 ], [ 427030.0, 434280.25 ], [ 427029.5, 434280.25 ], [ 427029.5, 434280.5 ], [ 427029.25, 434280.5 ], [ 427029.25, 434280.75 ], [ 427028.75, 434280.75 ], [ 427028.75, 434281.0 ], [ 427028.5, 434281.0 ], [ 427028.5, 434281.25 ], [ 427028.25, 434281.25 ], [ 427028.25, 434281.5 ], [ 427028.0, 434281.5 ], [ 427028.0, 434282.0 ], [ 427027.75, 434282.0 ], [ 427027.75, 434282.25 ], [ 427027.5, 434282.25 ], [ 427027.5, 434282.5 ], [ 427027.25, 434282.5 ], [ 427027.25, 434282.75 ], [ 427027.0, 434282.75 ], [ 427027.0, 434283.0 ], [ 427026.75, 434283.0 ], [ 427026.75, 434283.25 ], [ 427026.5, 434283.25 ], [ 427026.5, 434283.5 ], [ 427026.25, 434283.5 ], [ 427026.25, 434283.75 ], [ 427025.75, 434283.75 ], [ 427025.75, 434284.0 ], [ 427025.5, 434284.0 ], [ 427025.5, 434284.25 ], [ 427025.0, 434284.25 ], [ 427025.0, 434284.5 ], [ 427024.75, 434284.5 ], [ 427024.75, 434284.75 ], [ 427024.5, 434284.75 ], [ 427024.5, 434285.0 ], [ 427024.0, 434285.0 ], [ 427024.0, 434285.25 ], [ 427023.75, 434285.25 ], [ 427023.75, 434285.5 ], [ 427023.5, 434285.5 ], [ 427023.5, 434285.75 ], [ 427023.25, 434285.75 ], [ 427023.25, 434286.0 ], [ 427022.75, 434286.0 ], [ 427022.75, 434286.25 ], [ 427022.5, 434286.25 ], [ 427022.5, 434286.5 ], [ 427022.25, 434286.5 ], [ 427022.25, 434286.75 ], [ 427022.0, 434286.75 ], [ 427022.0, 434287.0 ], [ 427021.5, 434287.0 ], [ 427021.5, 434287.25 ], [ 427021.25, 434287.25 ], [ 427021.25, 434287.5 ], [ 427021.0, 434287.5 ], [ 427021.0, 434287.75 ], [ 427020.5, 434287.75 ], [ 427020.5, 434288.0 ], [ 427020.25, 434288.0 ], [ 427020.25, 434288.25 ], [ 427019.75, 434288.25 ], [ 427019.75, 434288.5 ], [ 427019.5, 434288.5 ], [ 427019.5, 434288.75 ], [ 427019.0, 434288.75 ], [ 427019.0, 434289.0 ], [ 427018.5, 434289.0 ], [ 427018.5, 434289.25 ], [ 427018.0, 434289.25 ], [ 427018.0, 434289.5 ], [ 427017.75, 434289.5 ], [ 427017.75, 434289.75 ], [ 427017.5, 434289.75 ], [ 427017.5, 434290.0 ], [ 427017.25, 434290.0 ], [ 427017.25, 434290.25 ], [ 427017.0, 434290.25 ], [ 427017.0, 434290.5 ], [ 427016.5, 434290.5 ], [ 427016.5, 434290.75 ], [ 427016.25, 434290.75 ], [ 427016.25, 434291.0 ], [ 427015.75, 434291.0 ], [ 427015.75, 434291.25 ], [ 427015.5, 434291.25 ], [ 427015.5, 434291.5 ], [ 427015.0, 434291.5 ], [ 427015.0, 434291.75 ], [ 427014.5, 434291.75 ], [ 427014.5, 434292.0 ], [ 427013.75, 434292.0 ], [ 427013.75, 434292.25 ], [ 427013.25, 434292.25 ], [ 427013.25, 434292.5 ], [ 427012.5, 434292.5 ], [ 427012.5, 434292.75 ], [ 427011.75, 434292.75 ], [ 427011.75, 434293.0 ], [ 427011.0, 434293.0 ], [ 427011.0, 434293.25 ], [ 427010.25, 434293.25 ], [ 427010.25, 434293.5 ], [ 427009.5, 434293.5 ], [ 427009.5, 434293.75 ], [ 427008.75, 434293.75 ], [ 427008.75, 434294.0 ], [ 427008.25, 434294.0 ], [ 427008.25, 434294.25 ], [ 427007.75, 434294.25 ], [ 427007.75, 434294.5 ], [ 427007.25, 434294.5 ], [ 427007.25, 434294.75 ], [ 427006.0, 434294.75 ], [ 427006.0, 434295.0 ], [ 427005.0, 434295.0 ], [ 427005.0, 434295.25 ], [ 427004.0, 434295.25 ], [ 427004.0, 434295.5 ], [ 427002.75, 434295.5 ], [ 427002.75, 434295.75 ], [ 427000.0, 434295.75 ] ] ] } },
{ "type": "Feature", "properties": { }, "geometry": { "type": "Polygon", "coordinates": [ [ [ 427946.5, 434320.0 ], [ 427946.5, 434319.75 ], [ 427946.25, 434319.75 ], [ 427946.25, 434319.5 ], [ 427946.0, 434319.5 ], [ 427946.0, 434319.25 ], [ 427945.75, 434319.25 ], [ 427945.75, 434319.0 ], [ 427945.5, 434319.0 ], [ 427945.5, 434318.75 ], [ 427945.25, 434318.75 ], [ 427945.25, 434318.25 ], [ 427945.0, 434318.25 ], [ 427945.0, 434317.75 ], [ 427944.75, 434317.75 ], [ 427944.75, 434317.5 ], [ 427944.5, 434317.5 ], [ 427944.5, 434317.0 ], [ 427944.25, 434317.0 ], [ 427944.25, 434316.75 ], [ 427944.0, 434316.75 ], [ 427944.0, 434316.25 ], [ 427943.75, 434316.25 ], [ 427943.75, 434316.0 ], [ 427943.5, 434316.0 ], [ 427943.5, 434315.5 ], [ 427943.25, 434315.5 ], [ 427943.25, 434315.25 ], [ 427943.0, 434315.25 ], [ 427943.0, 434315.0 ], [ 427942.75, 434315.0 ], [ 427942.75, 434314.75 ], [ 427942.5, 434314.75 ], [ 427942.5, 434314.25 ], [ 427942.25, 434314.25 ], [ 427942.25, 434313.75 ], [ 427942.0, 434313.75 ], [ 427942.0, 434313.25 ], [ 427941.75, 434313.25 ], [ 427941.75, 434312.75 ], [ 427941.5, 434312.75 ], [ 427941.5, 434312.25 ], [ 427941.25, 434312.25 ], [ 427941.25, 434311.5 ], [ 427941.0, 434311.5 ], [ 427941.0, 434310.75 ], [ 427940.75, 434310.75 ], [ 427940.75, 434309.75 ], [ 427940.5, 434309.75 ], [ 427940.5, 434309.0 ], [ 427940.25, 434309.0 ], [ 427940.25, 434307.75 ], [ 427940.0, 434307.75 ], [ 427940.0, 434306.25 ], [ 427939.75, 434306.25 ], [ 427939.75, 434305.25 ], [ 427939.5, 434305.25 ], [ 427939.5, 434304.0 ], [ 427939.25, 434304.0 ], [ 427939.25, 434303.0 ], [ 427939.0, 434303.0 ], [ 427939.0, 434301.75 ], [ 427938.75, 434301.75 ], [ 427938.75, 434299.5 ], [ 427938.5, 434299.5 ], [ 427938.5, 434297.25 ], [ 427938.25, 434297.25 ], [ 427938.25, 434296.0 ], [ 427938.0, 434296.0 ], [ 427938.0, 434295.5 ], [ 427937.75, 434295.5 ], [ 427937.75, 434294.25 ], [ 427937.5, 434294.25 ], [ 427937.5, 434293.75 ], [ 427937.25, 434293.75 ], [ 427937.25, 434293.25 ], [ 427937.0, 434293.25 ], [ 427937.0, 434292.5 ], [ 427936.75, 434292.5 ], [ 427936.75, 434292.25 ], [ 427936.5, 434292.25 ], [ 427936.5, 434291.75 ], [ 427936.25, 434291.75 ], [ 427936.25, 434291.0 ], [ 427936.0, 434291.0 ], [ 427936.0, 434290.0 ], [ 427935.75, 434290.0 ], [ 427935.75, 434289.0 ], [ 427935.5, 434289.0 ], [ 427935.5, 434287.75 ], [ 427935.25, 434287.75 ], [ 427935.25, 434286.5 ], [ 427935.0, 434286.5 ], [ 427935.0, 434285.25 ], [ 427934.75, 434285.25 ], [ 427934.75, 434284.5 ], [ 427934.5, 434284.5 ], [ 427934.5, 434283.5 ], [ 427934.25, 434283.5 ], [ 427934.25, 434282.75 ], [ 427934.0, 434282.75 ], [ 427934.0, 434282.0 ], [ 427933.75, 434282.0 ], [ 427933.75, 434281.25 ], [ 427933.5, 434281.25 ], [ 427933.5, 434280.25 ], [ 427933.25, 434280.25 ], [ 427933.25, 434279.0 ], [ 427933.0, 434279.0 ], [ 427933.0, 434278.0 ], [ 427932.75, 434278.0 ], [ 427932.75, 434277.25 ], [ 427932.5, 434277.25 ], [ 427932.5, 434276.5 ], [ 427932.25, 434276.5 ], [ 427932.25, 434275.75 ], [ 427932.0, 434275.75 ], [ 427932.0, 434274.5 ], [ 427931.75, 434274.5 ], [ 427931.75, 434273.75 ], [ 427931.5, 434273.75 ], [ 427931.5, 434272.5 ], [ 427931.25, 434272.5 ], [ 427931.25, 434271.5 ], [ 427931.0, 434271.5 ], [ 427931.0, 434270.5 ], [ 427930.75, 434270.5 ], [ 427930.75, 434269.5 ], [ 427930.5, 434269.5 ], [ 427930.5, 434269.0 ], [ 427930.25, 434269.0 ], [ 427930.25, 434268.25 ], [ 427930.0, 434268.25 ], [ 427930.0, 434267.25 ], [ 427929.75, 434267.25 ], [ 427929.75, 434266.5 ], [ 427929.5, 434266.5 ], [ 427929.5, 434265.75 ], [ 427929.25, 434265.75 ], [ 427929.25, 434265.0 ], [ 427929.0, 434265.0 ], [ 427929.0, 434264.0 ], [ 427928.75, 434264.0 ], [ 427928.75, 434263.25 ], [ 427928.5, 434263.25 ], [ 427928.5, 434262.5 ], [ 427928.25, 434262.5 ], [ 427928.25, 434261.75 ], [ 427928.0, 434261.75 ], [ 427928.0, 434261.0 ], [ 427927.75, 434261.0 ], [ 427927.75, 434260.25 ], [ 427927.5, 434260.25 ], [ 427927.5, 434259.5 ], [ 427927.25, 434259.5 ], [ 427927.25, 434258.75 ], [ 427927.0, 434258.75 ], [ 427927.0, 434257.25 ], [ 427926.75, 434257.25 ], [ 427926.75, 434255.75 ], [ 427926.5, 434255.75 ], [ 427926.5, 434254.75 ], [ 427926.25, 434254.75 ], [ 427926.25, 434254.0 ], [ 427926.0, 434254.0 ], [ 427926.0, 434253.0 ], [ 427925.75, 434253.0 ], [ 427925.75, 434252.0 ], [ 427925.5, 434252.0 ], [ 427925.5, 434250.75 ], [ 427925.25, 434250.75 ], [ 427925.25, 434249.5 ], [ 427925.0, 434249.5 ], [ 427925.0, 434248.75 ], [ 427924.75, 434248.75 ], [ 427924.75, 434248.0 ], [ 427924.5, 434248.0 ], [ 427924.5, 434247.25 ], [ 427924.25, 434247.25 ], [ 427924.25, 434245.75 ], [ 427924.0, 434245.75 ], [ 427924.0, 434245.5 ], [ 427924.25, 434245.5 ], [ 427924.25, 434244.0 ], [ 427924.5, 434244.0 ], [ 427924.5, 434243.0 ], [ 427924.75, 434243.0 ], [ 427924.75, 434242.5 ], [ 427925.0, 434242.5 ], [ 427925.0, 434242.0 ], [ 427925.25, 434242.0 ], [ 427925.25, 434241.75 ], [ 427925.5, 434241.75 ], [ 427925.5, 434241.5 ], [ 427925.75, 434241.5 ], [ 427925.75, 434241.25 ], [ 427926.0, 434241.25 ], [ 427926.0, 434241.0 ], [ 427926.5, 434241.0 ], [ 427926.5, 434240.75 ], [ 427927.0, 434240.75 ], [ 427927.0, 434240.5 ], [ 427927.5, 434240.5 ], [ 427927.5, 434240.25 ], [ 427928.5, 434240.25 ], [ 427928.5, 434240.0 ], [ 427929.75, 434240.0 ], [ 427929.75, 434239.75 ], [ 427931.25, 434239.75 ], [ 427931.25, 434239.5 ], [ 427933.25, 434239.5 ], [ 427933.25, 434239.25 ], [ 427935.25, 434239.25 ], [ 427935.25, 434239.0 ], [ 427943.5, 434239.0 ], [ 427943.5, 434238.75 ], [ 427944.25, 434238.75 ], [ 427944.25, 434238.5 ], [ 427945.0, 434238.5 ], [ 427945.0, 434238.25 ], [ 427946.0, 434238.25 ], [ 427946.0, 434238.0 ], [ 427947.0, 434238.0 ], [ 427947.0, 434237.75 ], [ 427948.0, 434237.75 ], [ 427948.0, 434237.5 ], [ 427948.5, 434237.5 ], [ 427948.5, 434237.25 ], [ 427949.25, 434237.25 ], [ 427949.25, 434237.0 ], [ 427950.25, 434237.0 ], [ 427950.25, 434236.75 ], [ 427952.25, 434236.75 ], [ 427952.25, 434236.5 ], [ 427955.5, 434236.5 ], [ 427955.5, 434236.25 ], [ 427957.75, 434236.25 ], [ 427957.75, 434236.0 ], [ 427959.25, 434236.0 ], [ 427959.25, 434235.75 ], [ 427960.25, 434235.75 ], [ 427960.25, 434235.5 ], [ 427962.25, 434235.5 ], [ 427962.25, 434235.25 ], [ 427962.75, 434235.25 ], [ 427962.75, 434235.5 ], [ 427964.5, 434235.5 ], [ 427964.5, 434235.75 ], [ 427966.0, 434235.75 ], [ 427966.0, 434236.0 ], [ 427967.25, 434236.0 ], [ 427967.25, 434236.25 ], [ 427967.75, 434236.25 ], [ 427967.75, 434236.5 ], [ 427968.25, 434236.5 ], [ 427968.25, 434236.75 ], [ 427969.0, 434236.75 ], [ 427969.0, 434237.0 ], [ 427969.5, 434237.0 ], [ 427969.5, 434237.25 ], [ 427970.0, 434237.25 ], [ 427970.0, 434237.5 ], [ 427970.25, 434237.5 ], [ 427970.25, 434237.75 ], [ 427970.5, 434237.75 ], [ 427970.5, 434238.0 ], [ 427971.0, 434238.0 ], [ 427971.0, 434238.25 ], [ 427971.25, 434238.25 ], [ 427971.25, 434238.5 ], [ 427971.5, 434238.5 ], [ 427971.5, 434238.75 ], [ 427972.0, 434238.75 ], [ 427972.0, 434239.0 ], [ 427972.25, 434239.0 ], [ 427972.25, 434239.25 ], [ 427972.75, 434239.25 ], [ 427972.75, 434239.5 ], [ 427973.0, 434239.5 ], [ 427973.0, 434239.75 ], [ 427973.25, 434239.75 ], [ 427973.25, 434240.0 ], [ 427973.75, 434240.0 ], [ 427973.75, 434240.25 ], [ 427974.25, 434240.25 ], [ 427974.25, 434240.5 ], [ 427974.75, 434240.5 ], [ 427974.75, 434240.75 ], [ 427975.0, 434240.75 ], [ 427975.0, 434241.0 ], [ 427975.25, 434241.0 ], [ 427975.25, 434241.25 ], [ 427975.5, 434241.25 ], [ 427975.5, 434241.5 ], [ 427975.75, 434241.5 ], [ 427975.75, 434241.75 ], [ 427976.25, 434241.75 ], [ 427976.25, 434242.0 ], [ 427976.5, 434242.0 ], [ 427976.5, 434242.25 ], [ 427976.75, 434242.25 ], [ 427976.75, 434242.5 ], [ 427977.25, 434242.5 ], [ 427977.25, 434242.75 ], [ 427978.0, 434242.75 ], [ 427978.0, 434243.0 ], [ 427979.75, 434243.0 ], [ 427979.75, 434243.25 ], [ 427981.0, 434243.25 ], [ 427981.0, 434243.5 ], [ 427982.0, 434243.5 ], [ 427982.0, 434243.75 ], [ 427982.75, 434243.75 ], [ 427982.75, 434244.0 ], [ 427983.25, 434244.0 ], [ 427983.25, 434244.25 ], [ 427983.5, 434244.25 ], [ 427983.5, 434244.5 ], [ 427984.0, 434244.5 ], [ 427984.0, 434244.75 ], [ 427984.25, 434244.75 ], [ 427984.25, 434245.0 ], [ 427984.5, 434245.0 ], [ 427984.5, 434245.25 ], [ 427985.0, 434245.25 ], [ 427985.0, 434245.5 ], [ 427985.25, 434245.5 ], [ 427985.25, 434245.75 ], [ 427985.5, 434245.75 ], [ 427985.5, 434246.0 ], [ 427985.75, 434246.0 ], [ 427985.75, 434246.5 ], [ 427986.0, 434246.5 ], [ 427986.0, 434246.75 ], [ 427986.25, 434246.75 ], [ 427986.25, 434247.0 ], [ 427986.5, 434247.0 ], [ 427986.5, 434247.5 ], [ 427986.75, 434247.5 ], [ 427986.75, 434248.0 ], [ 427987.0, 434248.0 ], [ 427987.0, 434248.75 ], [ 427987.25, 434248.75 ], [ 427987.25, 434249.25 ], [ 427987.5, 434249.25 ], [ 427987.5, 434250.0 ], [ 427987.75, 434250.0 ], [ 427987.75, 434252.25 ], [ 427988.0, 434252.25 ], [ 427988.0, 434254.5 ], [ 427988.25, 434254.5 ], [ 427988.25, 434255.75 ], [ 427988.5, 434255.75 ], [ 427988.5, 434256.75 ], [ 427988.75, 434256.75 ], [ 427988.75, 434258.5 ], [ 427989.0, 434258.5 ], [ 427989.0, 434260.25 ], [ 427989.25, 434260.25 ], [ 427989.25, 434262.25 ], [ 427989.5, 434262.25 ], [ 427989.5, 434264.75 ], [ 427989.75, 434264.75 ], [ 427989.75, 434266.25 ], [ 427990.0, 434266.25 ], [ 427990.0, 434267.5 ], [ 427990.25, 434267.5 ], [ 427990.25, 434267.75 ], [ 427990.0, 434267.75 ], [ 427990.0, 434269.0 ], [ 427990.25, 434269.0 ], [ 427990.25, 434270.75 ], [ 427990.5, 434270.75 ], [ 427990.5, 434271.25 ], [ 427990.75, 434271.25 ], [ 427990.75, 434273.0 ], [ 427991.0, 434273.0 ], [ 427991.0, 434274.75 ], [ 427991.25, 434274.75 ], [ 427991.25, 434276.5 ], [ 427991.5, 434276.5 ], [ 427991.5, 434279.5 ], [ 427991.75, 434279.5 ], [ 427991.75, 434282.0 ], [ 427991.5, 434282.0 ], [ 427991.5, 434286.0 ], [ 427991.25, 434286.0 ], [ 427991.25, 434287.5 ], [ 427991.0, 434287.5 ], [ 427991.0, 434288.5 ], [ 427990.75, 434288.5 ], [ 427990.75, 434290.0 ], [ 427990.5, 434290.0 ], [ 427990.5, 434291.0 ], [ 427990.25, 434291.0 ], [ 427990.25, 434291.75 ], [ 427990.0, 434291.75 ], [ 427990.0, 434292.5 ], [ 427989.75, 434292.5 ], [ 427989.75, 434293.25 ], [ 427989.5, 434293.25 ], [ 427989.5, 434293.75 ], [ 427989.25, 434293.75 ], [ 427989.25, 434294.25 ], [ 427989.0, 434294.25 ], [ 427989.0, 434295.25 ], [ 427988.75, 434295.25 ], [ 427988.75, 434296.0 ], [ 427988.5, 434296.0 ], [ 427988.5, 434296.5 ], [ 427988.25, 434296.5 ], [ 427988.25, 434297.5 ], [ 427988.0, 434297.5 ], [ 427988.0, 434298.0 ], [ 427987.75, 434298.0 ], [ 427987.75, 434298.5 ], [ 427987.5, 434298.5 ], [ 427987.5, 434299.0 ], [ 427987.25, 434299.0 ], [ 427987.25, 434299.25 ], [ 427987.0, 434299.25 ], [ 427987.0, 434299.75 ], [ 427986.75, 434299.75 ], [ 427986.75, 434300.0 ], [ 427986.5, 434300.0 ], [ 427986.5, 434300.5 ], [ 427986.0, 434300.5 ], [ 427986.0, 434300.75 ], [ 427985.5, 434300.75 ], [ 427985.5, 434301.0 ], [ 427985.0, 434301.0 ], [ 427985.0, 434301.25 ], [ 427984.75, 434301.25 ], [ 427984.75, 434301.5 ], [ 427984.5, 434301.5 ], [ 427984.5, 434301.75 ], [ 427984.0, 434301.75 ], [ 427984.0, 434302.0 ], [ 427983.75, 434302.0 ], [ 427983.75, 434302.25 ], [ 427983.5, 434302.25 ], [ 427983.5, 434302.5 ], [ 427983.25, 434302.5 ], [ 427983.25, 434302.75 ], [ 427982.75, 434302.75 ], [ 427982.75, 434303.0 ], [ 427982.25, 434303.0 ], [ 427982.25, 434303.25 ], [ 427981.75, 434303.25 ], [ 427981.75, 434303.5 ], [ 427981.5, 434303.5 ], [ 427981.5, 434303.75 ], [ 427981.0, 434303.75 ], [ 427981.0, 434304.0 ], [ 427980.5, 434304.0 ], [ 427980.5, 434304.25 ], [ 427980.0, 434304.25 ], [ 427980.0, 434304.5 ], [ 427979.5, 434304.5 ], [ 427979.5, 434304.75 ], [ 427979.0, 434304.75 ], [ 427979.0, 434305.0 ], [ 427978.5, 434305.0 ], [ 427978.5, 434305.25 ], [ 427978.0, 434305.25 ], [ 427978.0, 434305.5 ], [ 427977.75, 434305.5 ], [ 427977.75, 434305.75 ], [ 427977.25, 434305.75 ], [ 427977.25, 434306.0 ], [ 427976.75, 434306.0 ], [ 427976.75, 434306.25 ], [ 427976.25, 434306.25 ], [ 427976.25, 434306.5 ], [ 427976.0, 434306.5 ], [ 427976.0, 434306.75 ], [ 427975.5, 434306.75 ], [ 427975.5, 434307.0 ], [ 427975.0, 434307.0 ], [ 427975.0, 434307.25 ], [ 427974.5, 434307.25 ], [ 427974.5, 434307.5 ], [ 427974.0, 434307.5 ], [ 427974.0, 434307.75 ], [ 427973.75, 434307.75 ], [ 427973.75, 434308.0 ], [ 427973.0, 434308.0 ], [ 427973.0, 434308.25 ], [ 427972.75, 434308.25 ], [ 427972.75, 434308.5 ], [ 427972.25, 434308.5 ], [ 427972.25, 434308.75 ], [ 427972.0, 434308.75 ], [ 427972.0, 434309.0 ], [ 427971.5, 434309.0 ], [ 427971.5, 434309.25 ], [ 427971.25, 434309.25 ], [ 427971.25, 434309.5 ], [ 427970.75, 434309.5 ], [ 427970.75, 434309.75 ], [ 427970.5, 434309.75 ], [ 427970.5, 434310.0 ], [ 427970.0, 434310.0 ], [ 427970.0, 434310.25 ], [ 427969.5, 434310.25 ], [ 427969.5, 434310.5 ], [ 427969.0, 434310.5 ], [ 427969.0, 434310.75 ], [ 427968.5, 434310.75 ], [ 427968.5, 434311.0 ], [ 427967.75, 434311.0 ], [ 427967.75, 434311.25 ], [ 427967.25, 434311.25 ], [ 427967.25, 434311.5 ], [ 427966.5, 434311.5 ], [ 427966.5, 434311.75 ], [ 427965.75, 434311.75 ], [ 427965.75, 434312.0 ], [ 427965.0, 434312.0 ], [ 427965.0, 434312.25 ], [ 427964.5, 434312.25 ], [ 427964.5, 434312.5 ], [ 427964.0, 434312.5 ], [ 427964.0, 434312.75 ], [ 427963.5, 434312.75 ], [ 427963.5, 434313.0 ], [ 427963.0, 434313.0 ], [ 427963.0, 434313.25 ], [ 427962.5, 434313.25 ], [ 427962.5, 434313.5 ], [ 427962.25, 434313.5 ], [ 427962.25, 434313.75 ], [ 427961.75, 434313.75 ], [ 427961.75, 434314.0 ], [ 427961.25, 434314.0 ], [ 427961.25, 434314.25 ], [ 427960.75, 434314.25 ], [ 427960.75, 434314.5 ], [ 427960.25, 434314.5 ], [ 427960.25, 434314.75 ], [ 427959.75, 434314.75 ], [ 427959.75, 434315.0 ], [ 427959.25, 434315.0 ], [ 427959.25, 434315.25 ], [ 427958.75, 434315.25 ], [ 427958.75, 434315.5 ], [ 427958.0, 434315.5 ], [ 427958.0, 434315.75 ], [ 427957.25, 434315.75 ], [ 427957.25, 434316.0 ], [ 427956.5, 434316.0 ], [ 427956.5, 434316.25 ], [ 427956.0, 434316.25 ], [ 427956.0, 434316.5 ], [ 427955.5, 434316.5 ], [ 427955.5, 434316.75 ], [ 427955.0, 434316.75 ], [ 427955.0, 434317.0 ], [ 427954.5, 434317.0 ], [ 427954.5, 434317.25 ], [ 427954.25, 434317.25 ], [ 427954.25, 434317.5 ], [ 427953.75, 434317.5 ], [ 427953.75, 434317.75 ], [ 427953.25, 434317.75 ], [ 427953.25, 434318.0 ], [ 427953.0, 434318.0 ], [ 427953.0, 434318.25 ], [ 427952.5, 434318.25 ], [ 427952.5, 434318.75 ], [ 427952.25, 434318.75 ], [ 427952.25, 434319.25 ], [ 427952.0, 434319.25 ], [ 427952.0, 434319.75 ], [ 427951.75, 434319.75 ], [ 427951.75, 434320.0 ], [ 427950.5, 434320.0 ], [ 427950.5, 434319.75 ], [ 427949.0, 434319.75 ], [ 427949.0, 434320.0 ], [ 427946.5, 434320.0 ] ], [ [ 427958.25, 434287.0 ], [ 427960.25, 434287.0 ], [ 427960.25, 434286.75 ], [ 427963.75, 434286.75 ], [ 427963.75, 434286.5 ], [ 427965.5, 434286.5 ], [ 427965.5, 434286.25 ], [ 427966.0, 434286.25 ], [ 427966.0, 434286.0 ], [ 427968.75, 434286.0 ], [ 427968.75, 434285.75 ], [ 427970.0, 434285.75 ], [ 427970.0, 434286.0 ], [ 427971.25, 434286.0 ], [ 427971.25, 434286.25 ], [ 427972.75, 434286.25 ], [ 427972.75, 434286.5 ], [ 427974.25, 434286.5 ], [ 427974.25, 434286.25 ], [ 427975.0, 434286.25 ], [ 427975.0, 434286.0 ], [ 427975.25, 434286.0 ], [ 427975.25, 434285.75 ], [ 427975.5, 434285.75 ], [ 427975.5, 434285.5 ], [ 427975.75, 434285.5 ], [ 427975.75, 434285.0 ], [ 427976.0, 434285.0 ], [ 427976.0, 434284.25 ], [ 427976.25, 434284.25 ], [ 427976.25, 434283.75 ], [ 427976.5, 434283.75 ], [ 427976.5, 434282.75 ], [ 427976.75, 434282.75 ], [ 427976.75, 434282.25 ], [ 427976.5, 434282.25 ], [ 427976.5, 434280.75 ], [ 427976.25, 434280.75 ], [ 427976.25, 434279.0 ], [ 427976.0, 434279.0 ], [ 427976.0, 434275.75 ], [ 427975.75, 434275.75 ], [ 427975.75, 434273.5 ], [ 427975.5, 434273.5 ], [ 427975.5, 434272.0 ], [ 427975.25, 434272.0 ], [ 427975.25, 434270.0 ], [ 427975.0, 434270.0 ], [ 427975.0, 434268.5 ], [ 427974.75, 434268.5 ], [ 427974.75, 434267.0 ], [ 427974.5, 434267.0 ], [ 427974.5, 434266.0 ], [ 427974.25, 434266.0 ], [ 427974.25, 434265.0 ], [ 427974.0, 434265.0 ], [ 427974.0, 434264.0 ], [ 427973.75, 434264.0 ], [ 427973.75, 434263.0 ], [ 427973.5, 434263.0 ], [ 427973.5, 434262.25 ], [ 427973.25, 434262.25 ], [ 427973.25, 434261.75 ], [ 427973.0, 434261.75 ], [ 427973.0, 434261.0 ], [ 427972.75, 434261.0 ], [ 427972.75, 434259.75 ], [ 427972.5, 434259.75 ], [ 427972.5, 434257.5 ], [ 427972.25, 434257.5 ], [ 427972.25, 434254.25 ], [ 427972.0, 434254.25 ], [ 427972.0, 434253.25 ], [ 427971.75, 434253.25 ], [ 427971.75, 434252.75 ], [ 427971.5, 434252.75 ], [ 427971.5, 434252.25 ], [ 427971.25, 434252.25 ], [ 427971.25, 434252.0 ], [ 427970.75, 434252.0 ], [ 427970.75, 434251.75 ], [ 427970.5, 434251.75 ], [ 427970.5, 434251.5 ], [ 427968.0, 434251.5 ], [ 427968.0, 434251.75 ], [ 427967.25, 434251.75 ], [ 427967.25, 434252.0 ], [ 427966.5, 434252.0 ], [ 427966.5, 434252.25 ], [ 427964.5, 434252.25 ], [ 427964.5, 434252.5 ], [ 427963.25, 434252.5 ], [ 427963.25, 434252.75 ], [ 427961.0, 434252.75 ], [ 427961.0, 434252.5 ], [ 427959.75, 434252.5 ], [ 427959.75, 434252.75 ], [ 427956.75, 434252.75 ], [ 427956.75, 434253.0 ], [ 427955.5, 434253.0 ], [ 427955.5, 434253.25 ], [ 427954.75, 434253.25 ], [ 427954.75, 434253.5 ], [ 427954.25, 434253.5 ], [ 427954.25, 434254.0 ], [ 427954.0, 434254.0 ], [ 427954.0, 434254.25 ], [ 427953.75, 434254.25 ], [ 427953.75, 434257.0 ], [ 427953.5, 434257.0 ], [ 427953.5, 434257.75 ], [ 427953.75, 434257.75 ], [ 427953.75, 434259.75 ], [ 427954.0, 434259.75 ], [ 427954.0, 434261.75 ], [ 427954.25, 434261.75 ], [ 427954.25, 434263.5 ], [ 427954.5, 434263.5 ], [ 427954.5, 434265.0 ], [ 427954.75, 434265.0 ], [ 427954.75, 434266.25 ], [ 427955.0, 434266.25 ], [ 427955.0, 434267.5 ], [ 427955.25, 434267.5 ], [ 427955.25, 434269.0 ], [ 427955.5, 434269.0 ], [ 427955.5, 434270.25 ], [ 427955.25, 434270.25 ], [ 427955.25, 434270.75 ], [ 427955.5, 434270.75 ], [ 427955.5, 434273.0 ], [ 427955.75, 434273.0 ], [ 427955.75, 434276.0 ], [ 427956.0, 434276.0 ], [ 427956.0, 434278.5 ], [ 427956.25, 434278.5 ], [ 427956.25, 434280.25 ], [ 427956.5, 434280.25 ], [ 427956.5, 434282.25 ], [ 427956.75, 434282.25 ], [ 427956.75, 434283.75 ], [ 427957.0, 434283.75 ], [ 427957.0, 434285.25 ], [ 427957.25, 434285.25 ], [ 427957.25, 434286.0 ], [ 427957.5, 434286.0 ], [ 427957.5, 434286.5 ], [ 427957.75, 434286.5 ], [ 427957.75, 434286.75 ], [ 427958.25, 434286.75 ], [ 427958.25, 434287.0 ] ] ] } },
{ "type": "Feature", "properties": { }, "geometry": { "type": "Polygon", "coordinates": [ [ [ 427508.75, 434498.25 ], [ 427508.75, 434498.0 ], [ 427508.0, 434498.0 ], [ 427508.0, 434497.75 ], [ 427507.5, 434497.75 ], [ 427507.5, 434497.5 ], [ 427506.5, 434497.5 ], [ 427506.5, 434497.25 ], [ 427505.5, 434497.25 ], [ 427505.5, 434497.0 ], [ 427504.75, 434497.0 ], [ 427504.75, 434496.75 ], [ 427503.75, 434496.75 ], [ 427503.75, 434496.5 ], [ 427502.75, 434496.5 ], [ 427502.75, 434496.25 ], [ 427502.0, 434496.25 ], [ 427502.0, 434496.0 ], [ 427501.5, 434496.0 ], [ 427501.5, 434495.75 ], [ 427501.0, 434495.75 ], [ 427501.0, 434495.5 ], [ 427500.75, 434495.5 ], [ 427500.75, 434495.25 ], [ 427500.5, 434495.25 ], [ 427500.5, 434495.0 ], [ 427500.25, 434495.0 ], [ 427500.25, 434494.75 ], [ 427500.0, 434494.75 ], [ 427500.0, 434494.5 ], [ 427499.75, 434494.5 ], [ 427499.75, 434494.25 ], [ 427499.5, 434494.25 ], [ 427499.5, 434494.0 ], [ 427499.25, 434494.0 ], [ 427499.25, 434493.5 ], [ 427499.0, 434493.5 ], [ 427499.0, 434493.0 ], [ 427498.75, 434493.0 ], [ 427498.75, 434492.5 ], [ 427498.5, 434492.5 ], [ 427498.5, 434492.0 ], [ 427498.25, 434492.0 ], [ 427498.25, 434491.25 ], [ 427498.0, 434491.25 ], [ 427498.0, 434490.75 ], [ 427497.75, 434490.75 ], [ 427497.75, 434490.0 ], [ 427497.5, 434490.0 ], [ 427497.5, 434488.0 ], [ 427498.0, 434488.0 ], [ 427498.0, 434485.25 ], [ 427497.75, 434485.25 ], [ 427497.75, 434483.25 ], [ 427498.0, 434483.25 ], [ 427498.0, 434482.25 ], [ 427498.25, 434482.25 ], [ 427498.25, 434482.0 ], [ 427498.5, 434482.0 ], [ 427498.5, 434481.75 ], [ 427498.75, 434481.75 ], [ 427498.75, 434481.25 ], [ 427499.0, 434481.25 ], [ 427499.0, 434481.0 ], [ 427499.25, 434481.0 ], [ 427499.25, 434480.75 ], [ 427499.5, 434480.75 ], [ 427499.5, 434480.5 ], [ 427499.75, 434480.5 ], [ 427499.75, 434480.0 ], [ 427500.0, 434480.0 ], [ 427500.0, 434479.5 ], [ 427500.25, 434479.5 ], [ 427500.25, 434479.25 ], [ 427500.5, 434479.25 ], [ 427500.5, 434478.75 ], [ 427500.75, 434478.75 ], [ 427500.75, 434478.5 ], [ 427501.0, 434478.5 ], [ 427501.0, 434478.25 ], [ 427501.5, 434478.25 ], [ 427501.5, 434478.0 ], [ 427501.75, 434478.0 ], [ 427501.75, 434477.75 ], [ 427502.0, 434477.75 ], [ 427502.0, 434477.5 ], [ 427502.5, 434477.5 ], [ 427502.5, 434477.25 ], [ 427503.0, 434477.25 ], [ 427503.0, 434477.0 ], [ 427503.5, 434477.0 ], [ 427503.5, 434476.75 ], [ 427504.0, 434476.75 ], [ 427504.0, 434476.5 ], [ 427504.5, 434476.5 ], [ 427504.5, 434476.25 ], [ 427505.25, 434476.25 ], [ 427505.25, 434476.0 ], [ 427505.75, 434476.0 ], [ 427505.75, 434475.75 ], [ 427506.5, 434475.75 ], [ 427506.5, 434475.5 ], [ 427507.0, 434475.5 ], [ 427507.0, 434475.25 ], [ 427507.75, 434475.25 ], [ 427507.75, 434475.0 ], [ 427508.5, 434475.0 ], [ 427508.5, 434474.75 ], [ 427509.0, 434474.75 ], [ 427509.0, 434474.5 ], [ 427510.25, 434474.5 ], [ 427510.25, 434474.25 ], [ 427512.0, 434474.25 ], [ 427512.0, 434471.5 ], [ 427513.75, 434471.5 ], [ 427513.75, 434471.25 ], [ 427514.5, 434471.25 ], [ 427514.5, 434471.0 ], [ 427514.75, 434471.0 ], [ 427514.75, 434470.75 ], [ 427515.25, 434470.75 ], [ 427515.25, 434467.75 ], [ 427515.0, 434467.75 ], [ 427515.0, 434467.0 ], [ 427514.75, 434467.0 ], [ 427514.75, 434466.0 ], [ 427514.5, 434466.0 ], [ 427514.5, 434465.5 ], [ 427514.0, 434465.5 ], [ 427514.0, 434465.25 ], [ 427513.75, 434465.25 ], [ 427513.75, 434465.0 ], [ 427512.5, 434465.0 ], [ 427512.5, 434464.75 ], [ 427512.0, 434464.75 ], [ 427512.0, 434456.0 ], [ 427511.0, 434456.0 ], [ 427511.0, 434455.75 ], [ 427510.0, 434455.75 ], [ 427510.0, 434455.5 ], [ 427509.5, 434455.5 ], [ 427509.5, 434455.0 ], [ 427509.25, 434455.0 ], [ 427509.25, 434454.75 ], [ 427509.0, 434454.75 ], [ 427509.0, 434454.5 ], [ 427508.75, 434454.5 ], [ 427508.75, 434454.0 ], [ 427508.5, 434454.0 ], [ 427508.5, 434453.25 ], [ 427508.25, 434453.25 ], [ 427508.25, 434452.75 ], [ 427508.0, 434452.75 ], [ 427508.0, 434452.25 ], [ 427507.75, 434452.25 ], [ 427507.75, 434451.75 ], [ 427507.5, 434451.75 ], [ 427507.5, 434451.25 ], [ 427507.25, 434451.25 ], [ 427507.25, 434450.75 ], [ 427507.0, 434450.75 ], [ 427507.0, 434450.5 ], [ 427506.75, 434450.5 ], [ 427506.75, 434450.0 ], [ 427506.5, 434450.0 ], [ 427506.5, 434449.75 ], [ 427506.25, 434449.75 ], [ 427506.25, 434449.25 ], [ 427506.0, 434449.25 ], [ 427506.0, 434448.75 ], [ 427505.75, 434448.75 ], [ 427505.75, 434448.5 ], [ 427505.5, 434448.5 ], [ 427505.5, 434448.0 ], [ 427505.25, 434448.0 ], [ 427505.25, 434447.5 ], [ 427505.0, 434447.5 ], [ 427505.0, 434446.75 ], [ 427504.75, 434446.75 ], [ 427504.75, 434446.25 ], [ 427504.5, 434446.25 ], [ 427504.5, 434445.5 ], [ 427504.25, 434445.5 ], [ 427504.25, 434444.75 ], [ 427504.0, 434444.75 ], [ 427504.0, 434444.25 ], [ 427503.75, 434444.25 ], [ 427503.75, 434443.75 ], [ 427503.5, 434443.75 ], [ 427503.5, 434443.25 ], [ 427503.25, 434443.25 ], [ 427503.25, 434442.75 ], [ 427503.0, 434442.75 ], [ 427503.0, 434442.25 ], [ 427502.75, 434442.25 ], [ 427502.75, 434441.75 ], [ 427502.5, 434441.75 ], [ 427502.5, 434441.25 ], [ 427502.25, 434441.25 ], [ 427502.25, 434440.75 ], [ 427502.0, 434440.75 ], [ 427502.0, 434440.25 ], [ 427501.75, 434440.25 ], [ 427501.75, 434439.75 ], [ 427501.5, 434439.75 ], [ 427501.5, 434439.5 ], [ 427501.25, 434439.5 ], [ 427501.25, 434438.75 ], [ 427501.0, 434438.75 ], [ 427501.0, 434438.25 ], [ 427500.75, 434438.25 ], [ 427500.75, 434438.0 ], [ 427500.5, 434438.0 ], [ 427500.5, 434437.5 ], [ 427500.25, 434437.5 ], [ 427500.25, 434437.0 ], [ 427500.0, 434437.0 ], [ 427500.0, 434436.5 ], [ 427499.75, 434436.5 ], [ 427499.75, 434436.0 ], [ 427499.5, 434436.0 ], [ 427499.5, 434435.75 ], [ 427499.25, 434435.75 ], [ 427499.25, 434435.25 ], [ 427499.0, 434435.25 ], [ 427499.0, 434434.75 ], [ 427498.75, 434434.75 ], [ 427498.75, 434434.25 ], [ 427498.5, 434434.25 ], [ 427498.5, 434433.75 ], [ 427498.25, 434433.75 ], [ 427498.25, 434433.0 ], [ 427498.0, 434433.0 ], [ 427498.0, 434432.5 ], [ 427497.75, 434432.5 ], [ 427497.75, 434432.0 ], [ 427497.5, 434432.0 ], [ 427497.5, 434431.25 ], [ 427497.25, 434431.25 ], [ 427497.25, 434430.25 ], [ 427497.0, 434430.25 ], [ 427497.0, 434429.75 ], [ 427496.75, 434429.75 ], [ 427496.75, 434429.0 ], [ 427496.5, 434429.0 ], [ 427496.5, 434428.25 ], [ 427496.25, 434428.25 ], [ 427496.25, 434427.5 ], [ 427496.0, 434427.5 ], [ 427496.0, 434427.0 ], [ 427495.75, 434427.0 ], [ 427495.75, 434426.5 ], [ 427495.5, 434426.5 ], [ 427495.5, 434425.75 ], [ 427495.25, 434425.75 ], [ 427495.25, 434424.75 ], [ 427495.0, 434424.75 ], [ 427495.0, 434424.25 ], [ 427494.75, 434424.25 ], [ 427494.75, 434423.75 ], [ 427494.5, 434423.75 ], [ 427494.5, 434423.25 ], [ 427494.25, 434423.25 ], [ 427494.25, 434422.75 ], [ 427494.0, 434422.75 ], [ 427494.0, 434422.25 ], [ 427493.75, 434422.25 ], [ 427493.75, 434421.75 ], [ 427493.5, 434421.75 ], [ 427493.5, 434421.25 ], [ 427493.25, 434421.25 ], [ 427493.25, 434421.0 ], [ 427492.75, 434421.0 ], [ 427492.75, 434420.75 ], [ 427492.5, 434420.75 ], [ 427492.5, 434420.5 ], [ 427491.75, 434420.5 ], [ 427491.75, 434420.25 ], [ 427491.25, 434420.25 ], [ 427491.25, 434420.0 ], [ 427490.5, 434420.0 ], [ 427490.5, 434419.75 ], [ 427489.25, 434419.75 ], [ 427489.25, 434419.5 ], [ 427488.25, 434419.5 ], [ 427488.25, 434419.25 ], [ 427487.5, 434419.25 ], [ 427487.5, 434419.0 ], [ 427487.0, 434419.0 ], [ 427487.0, 434418.75 ], [ 427486.5, 434418.75 ], [ 427486.5, 434418.5 ], [ 427486.25, 434418.5 ], [ 427486.25, 434417.75 ], [ 427486.0, 434417.75 ], [ 427486.0, 434415.5 ], [ 427486.25, 434415.5 ], [ 427486.25, 434415.0 ], [ 427486.5, 434415.0 ], [ 427486.5, 434414.75 ], [ 427486.75, 434414.75 ], [ 427486.75, 434413.75 ], [ 427486.5, 434413.75 ], [ 427486.5, 434413.0 ], [ 427486.25, 434413.0 ], [ 427486.25, 434412.25 ], [ 427486.0, 434412.25 ], [ 427486.0, 434409.0 ], [ 427486.25, 434409.0 ], [ 427486.25, 434408.5 ], [ 427486.0, 434408.5 ], [ 427486.0, 434407.0 ], [ 427486.25, 434407.0 ], [ 427486.25, 434403.75 ], [ 427486.5, 434403.75 ], [ 427486.5, 434403.0 ], [ 427486.75, 434403.0 ], [ 427486.75, 434401.75 ], [ 427487.0, 434401.75 ], [ 427487.0, 434401.25 ], [ 427487.25, 434401.25 ], [ 427487.25, 434401.0 ], [ 427487.75, 434401.0 ], [ 427487.75, 434400.75 ], [ 427488.0, 434400.75 ], [ 427488.0, 434400.5 ], [ 427488.75, 434400.5 ], [ 427488.75, 434400.25 ], [ 427489.75, 434400.25 ], [ 427489.75, 434400.0 ], [ 427490.5, 434400.0 ], [ 427490.5, 434399.75 ], [ 427491.0, 434399.75 ], [ 427491.0, 434399.5 ], [ 427491.5, 434399.5 ], [ 427491.5, 434399.25 ], [ 427492.0, 434399.25 ], [ 427492.0, 434399.0 ], [ 427492.5, 434399.0 ], [ 427492.5, 434398.75 ], [ 427492.75, 434398.75 ], [ 427492.75, 434398.5 ], [ 427493.25, 434398.5 ], [ 427493.25, 434398.25 ], [ 427493.75, 434398.25 ], [ 427493.75, 434398.0 ], [ 427494.25, 434398.0 ], [ 427494.25, 434397.75 ], [ 427494.5, 434397.75 ], [ 427494.5, 434397.5 ], [ 427495.5, 434397.5 ], [ 427495.5, 434397.25 ], [ 427496.25, 434397.25 ], [ 427496.25, 434397.0 ], [ 427497.0, 434397.0 ], [ 427497.0, 434396.75 ], [ 427497.5, 434396.75 ], [ 427497.5, 434396.5 ], [ 427498.25, 434396.5 ], [ 427498.25, 434396.25 ], [ 427499.25, 434396.25 ], [ 427499.25, 434396.0 ], [ 427500.25, 434396.0 ], [ 427500.25, 434395.75 ], [ 427500.75, 434395.75 ], [ 427500.75, 434395.5 ], [ 427501.0, 434395.5 ], [ 427501.0, 434395.25 ], [ 427501.5, 434395.25 ], [ 427501.5, 434395.0 ], [ 427501.75, 434395.0 ], [ 427501.75, 434394.75 ], [ 427502.0, 434394.75 ], [ 427502.0, 434393.25 ], [ 427501.75, 434393.25 ], [ 427501.75, 434392.75 ], [ 427501.5, 434392.75 ], [ 427501.5, 434391.5 ], [ 427501.25, 434391.5 ], [ 427501.25, 434390.25 ], [ 427501.0, 434390.25 ], [ 427501.0, 434389.25 ], [ 427500.75, 434389.25 ], [ 427500.75, 434388.75 ], [ 427500.5, 434388.75 ], [ 427500.5, 434387.75 ], [ 427500.25, 434387.75 ], [ 427500.25, 434387.0 ], [ 427500.0, 434387.0 ], [ 427500.0, 434386.25 ], [ 427499.75, 434386.25 ], [ 427499.75, 434385.75 ], [ 427499.5, 434385.75 ], [ 427499.5, 434385.0 ], [ 427499.25, 434385.0 ], [ 427499.25, 434384.5 ], [ 427499.0, 434384.5 ], [ 427499.0, 434383.75 ], [ 427498.75, 434383.75 ], [ 427498.75, 434383.25 ], [ 427498.5, 434383.25 ], [ 427498.5, 434382.75 ], [ 427498.25, 434382.75 ], [ 427498.25, 434382.5 ], [ 427498.0, 434382.5 ], [ 427498.0, 434382.0 ], [ 427497.75, 434382.0 ], [ 427497.75, 434381.5 ], [ 427497.5, 434381.5 ], [ 427497.5, 434381.25 ], [ 427497.25, 434381.25 ], [ 427497.25, 434380.75 ], [ 427497.0, 434380.75 ], [ 427497.0, 434380.25 ], [ 427496.75, 434380.25 ], [ 427496.75, 434379.75 ], [ 427496.5, 434379.75 ], [ 427496.5, 434379.25 ], [ 427496.25, 434379.25 ], [ 427496.25, 434378.5 ], [ 427496.0, 434378.5 ], [ 427496.0, 434378.0 ], [ 427495.75, 434378.0 ], [ 427495.75, 434377.5 ], [ 427495.5, 434377.5 ], [ 427495.5, 434376.75 ], [ 427495.25, 434376.75 ], [ 427495.25, 434376.25 ], [ 427495.0, 434376.25 ], [ 427495.0, 434375.5 ], [ 427494.75, 434375.5 ], [ 427494.75, 434375.0 ], [ 427494.5, 434375.0 ], [ 427494.5, 434374.5 ], [ 427494.25, 434374.5 ], [ 427494.25, 434374.0 ], [ 427494.0, 434374.0 ], [ 427494.0, 434373.75 ], [ 427493.75, 434373.75 ], [ 427493.75, 434373.25 ], [ 427493.5, 434373.25 ], [ 427493.5, 434373.0 ], [ 427493.25, 434373.0 ], [ 427493.25, 434372.5 ], [ 427493.0, 434372.5 ], [ 427493.0, 434372.25 ], [ 427492.75, 434372.25 ], [ 427492.75, 434371.75 ], [ 427492.5, 434371.75 ], [ 427492.5, 434371.25 ], [ 427492.25, 434371.25 ], [ 427492.25, 434370.5 ], [ 427492.0, 434370.5 ], [ 427492.0, 434370.0 ], [ 427491.75, 434370.0 ], [ 427491.75, 434369.5 ], [ 427491.5, 434369.5 ], [ 427491.5, 434368.75 ], [ 427491.25, 434368.75 ], [ 427491.25, 434368.0 ], [ 427491.0, 434368.0 ], [ 427491.0, 434367.5 ], [ 427490.75, 434367.5 ], [ 427490.75, 434367.0 ], [ 427490.5, 434367.0 ], [ 427490.5, 434366.5 ], [ 427490.25, 434366.5 ], [ 427490.25, 434366.0 ], [ 427490.0, 434366.0 ], [ 427490.0, 434365.5 ], [ 427489.75, 434365.5 ], [ 427489.75, 434365.0 ], [ 427489.5, 434365.0 ], [ 427489.5, 434364.75 ], [ 427489.25, 434364.75 ], [ 427489.25, 434364.25 ], [ 427489.0, 434364.25 ], [ 427489.0, 434363.75 ], [ 427488.75, 434363.75 ], [ 427488.75, 434363.5 ], [ 427488.5, 434363.5 ], [ 427488.5, 434362.75 ], [ 427488.25, 434362.75 ], [ 427488.25, 434361.5 ], [ 427488.0, 434361.5 ], [ 427488.0, 434360.5 ], [ 427488.25, 434360.5 ], [ 427488.25, 434360.0 ], [ 427479.0, 434360.0 ], [ 427479.0, 434359.0 ], [ 427478.75, 434359.0 ], [ 427478.75, 434357.5 ], [ 427479.0, 434357.5 ], [ 427479.0, 434357.25 ], [ 427479.25, 434357.25 ], [ 427479.25, 434356.75 ], [ 427479.5, 434356.75 ], [ 427479.5, 434356.25 ], [ 427479.75, 434356.25 ], [ 427479.75, 434355.75 ], [ 427480.0, 434355.75 ], [ 427480.0, 434355.0 ], [ 427480.25, 434355.0 ], [ 427480.25, 434354.25 ], [ 427480.0, 434354.25 ], [ 427480.0, 434353.25 ], [ 427479.75, 434353.25 ], [ 427479.75, 434352.5 ], [ 427479.5, 434352.5 ], [ 427479.5, 434352.25 ], [ 427479.25, 434352.25 ], [ 427479.25, 434351.75 ], [ 427479.0, 434351.75 ], [ 427479.0, 434351.0 ], [ 427478.75, 434351.0 ], [ 427478.75, 434350.25 ], [ 427478.5, 434350.25 ], [ 427478.5, 434349.75 ], [ 427478.25, 434349.75 ], [ 427478.25, 434349.25 ], [ 427478.0, 434349.25 ], [ 427478.0, 434348.75 ], [ 427477.75, 434348.75 ], [ 427477.75, 434348.25 ], [ 427477.5, 434348.25 ], [ 427477.5, 434347.75 ], [ 427477.25, 434347.75 ], [ 427477.25, 434347.25 ], [ 427477.0, 434347.25 ], [ 427477.0, 434346.5 ], [ 427476.75, 434346.5 ], [ 427476.75, 434345.75 ], [ 427476.5, 434345.75 ], [ 427476.5, 434345.25 ], [ 427476.25, 434345.25 ], [ 427476.25, 434344.75 ], [ 427476.0, 434344.75 ], [ 427476.0, 434344.25 ], [ 427475.75, 434344.25 ], [ 427475.75, 434344.0 ], [ 427475.5, 434344.0 ], [ 427475.5, 434343.5 ], [ 427475.25, 434343.5 ], [ 427475.25, 434342.75 ], [ 427475.0, 434342.75 ], [ 427475.0, 434342.25 ], [ 427474.75, 434342.25 ], [ 427474.75, 434341.75 ], [ 427474.5, 434341.75 ], [ 427474.5, 434341.25 ], [ 427474.25, 434341.25 ], [ 427474.25, 434340.75 ], [ 427474.0, 434340.75 ], [ 427474.0, 434340.0 ], [ 427473.75, 434340.0 ], [ 427473.75, 434339.5 ], [ 427473.5, 434339.5 ], [ 427473.5, 434339.0 ], [ 427473.25, 434339.0 ], [ 427473.25, 434338.25 ], [ 427473.0, 434338.25 ], [ 427473.0, 434337.5 ], [ 427472.75, 434337.5 ], [ 427472.75, 434337.0 ], [ 427472.5, 434337.0 ], [ 427472.5, 434336.25 ], [ 427472.25, 434336.25 ], [ 427472.25, 434335.5 ], [ 427472.0, 434335.5 ], [ 427472.0, 434334.75 ], [ 427471.75, 434334.75 ], [ 427471.75, 434334.25 ], [ 427471.5, 434334.25 ], [ 427471.5, 434333.75 ], [ 427471.25, 434333.75 ], [ 427471.25, 434333.0 ], [ 427471.0, 434333.0 ], [ 427471.0, 434332.5 ], [ 427470.75, 434332.5 ], [ 427470.75, 434332.0 ], [ 427470.5, 434332.0 ], [ 427470.5, 434331.75 ], [ 427470.25, 434331.75 ], [ 427470.25, 434331.0 ], [ 427470.0, 434331.0 ], [ 427470.0, 434330.75 ], [ 427469.75, 434330.75 ], [ 427469.75, 434330.25 ], [ 427469.5, 434330.25 ], [ 427469.5, 434329.5 ], [ 427469.25, 434329.5 ], [ 427469.25, 434328.75 ], [ 427469.0, 434328.75 ], [ 427469.0, 434328.0 ], [ 427468.75, 434328.0 ], [ 427468.75, 434327.75 ], [ 427468.5, 434327.75 ], [ 427468.5, 434327.0 ], [ 427468.25, 434327.0 ], [ 427468.25, 434326.25 ], [ 427468.0, 434326.25 ], [ 427468.0, 434325.75 ], [ 427467.75, 434325.75 ], [ 427467.75, 434325.5 ], [ 427467.5, 434325.5 ], [ 427467.5, 434324.75 ], [ 427467.25, 434324.75 ], [ 427467.25, 434324.5 ], [ 427467.0, 434324.5 ], [ 427467.0, 434324.0 ], [ 427466.75, 434324.0 ], [ 427466.75, 434323.75 ], [ 427466.5, 434323.75 ], [ 427466.5, 434323.5 ], [ 427466.25, 434323.5 ], [ 427466.25, 434323.0 ], [ 427466.0, 434323.0 ], [ 427466.0, 434322.75 ], [ 427465.75, 434322.75 ], [ 427465.75, 434322.25 ], [ 427465.5, 434322.25 ], [ 427465.5, 434322.0 ], [ 427465.25, 434322.0 ], [ 427465.25, 434321.25 ], [ 427465.0, 434321.25 ], [ 427465.0, 434320.5 ], [ 427464.75, 434320.5 ], [ 427464.75, 434320.0 ], [ 427464.5, 434320.0 ], [ 427464.5, 434319.5 ], [ 427464.25, 434319.5 ], [ 427464.25, 434318.5 ], [ 427464.0, 434318.5 ], [ 427464.0, 434317.75 ], [ 427463.75, 434317.75 ], [ 427463.75, 434317.0 ], [ 427463.5, 434317.0 ], [ 427463.5, 434315.75 ], [ 427463.25, 434315.75 ], [ 427463.25, 434314.75 ], [ 427463.0, 434314.75 ], [ 427463.0, 434311.0 ], [ 427462.75, 434311.0 ], [ 427462.75, 434310.0 ], [ 427463.0, 434310.0 ], [ 427463.0, 434309.0 ], [ 427463.25, 434309.0 ], [ 427463.25, 434308.75 ], [ 427463.5, 434308.75 ], [ 427463.5, 434308.5 ], [ 427463.75, 434308.5 ], [ 427463.75, 434308.0 ], [ 427464.0, 434308.0 ], [ 427464.0, 434307.75 ], [ 427464.25, 434307.75 ], [ 427464.25, 434307.5 ], [ 427464.5, 434307.5 ], [ 427464.5, 434306.5 ], [ 427464.75, 434306.5 ], [ 427464.75, 434306.25 ], [ 427465.0, 434306.25 ], [ 427465.0, 434305.75 ], [ 427465.25, 434305.75 ], [ 427465.25, 434305.5 ], [ 427465.5, 434305.5 ], [ 427465.5, 434305.25 ], [ 427465.75, 434305.25 ], [ 427465.75, 434305.0 ], [ 427466.25, 434305.0 ], [ 427466.25, 434304.75 ], [ 427466.5, 434304.75 ], [ 427466.5, 434304.5 ], [ 427467.0, 434304.5 ], [ 427467.0, 434304.25 ], [ 427467.25, 434304.25 ], [ 427467.25, 434304.0 ], [ 427467.75, 434304.0 ], [ 427467.75, 434303.75 ], [ 427468.5, 434303.75 ], [ 427468.5, 434303.5 ], [ 427468.75, 434303.5 ], [ 427468.75, 434303.0 ], [ 427469.0, 434303.0 ], [ 427469.0, 434302.5 ], [ 427469.25, 434302.5 ], [ 427469.25, 434302.25 ], [ 427469.75, 434302.25 ], [ 427469.75, 434302.0 ], [ 427470.75, 434302.0 ], [ 427470.75, 434302.25 ], [ 427471.25, 434302.25 ], [ 427471.25, 434302.5 ], [ 427471.5, 434302.5 ], [ 427471.5, 434302.75 ], [ 427471.75, 434302.75 ], [ 427471.75, 434303.0 ], [ 427472.0, 434303.0 ], [ 427472.0, 434303.5 ], [ 427472.25, 434303.5 ], [ 427472.25, 434303.75 ], [ 427472.5, 434303.75 ], [ 427472.5, 434304.25 ], [ 427472.75, 434304.25 ], [ 427472.75, 434304.75 ], [ 427473.0, 434304.75 ], [ 427473.0, 434305.5 ], [ 427473.25, 434305.5 ], [ 427473.25, 434306.25 ], [ 427473.75, 434306.25 ], [ 427473.75, 434305.25 ], [ 427474.0, 434305.25 ], [ 427474.0, 434304.0 ], [ 427474.25, 434304.0 ], [ 427474.25, 434298.75 ], [ 427474.5, 434298.75 ], [ 427474.5, 434298.25 ], [ 427474.75, 434298.25 ], [ 427474.75, 434298.0 ], [ 427475.0, 434298.0 ], [ 427475.0, 434297.75 ], [ 427475.25, 434297.75 ], [ 427475.25, 434297.5 ], [ 427475.5, 434297.5 ], [ 427475.5, 434297.25 ], [ 427475.75, 434297.25 ], [ 427475.75, 434297.0 ], [ 427476.0, 434297.0 ], [ 427476.0, 434296.75 ], [ 427476.25, 434296.75 ], [ 427476.25, 434296.5 ], [ 427476.5, 434296.5 ], [ 427476.5, 434296.25 ], [ 427476.75, 434296.25 ], [ 427476.75, 434296.0 ], [ 427477.0, 434296.0 ], [ 427477.0, 434295.5 ], [ 427477.25, 434295.5 ], [ 427477.25, 434295.0 ], [ 427477.5, 434295.0 ], [ 427477.5, 434294.5 ], [ 427477.75, 434294.5 ], [ 427477.75, 434293.75 ], [ 427478.0, 434293.75 ], [ 427478.0, 434292.75 ], [ 427478.25, 434292.75 ], [ 427478.25, 434292.0 ], [ 427478.5, 434292.0 ], [ 427478.5, 434291.25 ], [ 427478.75, 434291.25 ], [ 427478.75, 434290.5 ], [ 427479.0, 434290.5 ], [ 427479.0, 434289.5 ], [ 427479.25, 434289.5 ], [ 427479.25, 434288.75 ], [ 427479.5, 434288.75 ], [ 427479.5, 434287.75 ], [ 427479.75, 434287.75 ], [ 427479.75, 434286.5 ], [ 427480.0, 434286.5 ], [ 427480.0, 434285.25 ], [ 427480.25, 434285.25 ], [ 427480.25, 434283.75 ], [ 427480.5, 434283.75 ], [ 427480.5, 434283.0 ], [ 427480.75, 434283.0 ], [ 427480.75, 434282.25 ], [ 427481.0, 434282.25 ], [ 427481.0, 434281.5 ], [ 427481.25, 434281.5 ], [ 427481.25, 434281.25 ], [ 427481.5, 434281.25 ], [ 427481.5, 434280.75 ], [ 427481.75, 434280.75 ], [ 427481.75, 434280.5 ], [ 427482.0, 434280.5 ], [ 427482.0, 434280.25 ], [ 427482.25, 434280.25 ], [ 427482.25, 434280.0 ], [ 427482.5, 434280.0 ], [ 427482.5, 434279.75 ], [ 427483.0, 434279.75 ], [ 427483.0, 434279.5 ], [ 427483.25, 434279.5 ], [ 427483.25, 434279.0 ], [ 427483.5, 434279.0 ], [ 427483.5, 434278.75 ], [ 427483.75, 434278.75 ], [ 427483.75, 434278.5 ], [ 427484.0, 434278.5 ], [ 427484.0, 434278.25 ], [ 427484.25, 434278.25 ], [ 427484.25, 434277.75 ], [ 427484.5, 434277.75 ], [ 427484.5, 434277.5 ], [ 427484.75, 434277.5 ], [ 427484.75, 434277.25 ], [ 427485.0, 434277.25 ], [ 427485.0, 434276.75 ], [ 427485.25, 434276.75 ], [ 427485.25, 434276.5 ], [ 427485.5, 434276.5 ], [ 427485.5, 434276.25 ], [ 427485.75, 434276.25 ], [ 427485.75, 434276.0 ], [ 427486.0, 434276.0 ], [ 427486.0, 434275.5 ], [ 427486.25, 434275.5 ], [ 427486.25, 434275.25 ], [ 427486.75, 434275.25 ], [ 427486.75, 434275.0 ], [ 427487.25, 434275.0 ], [ 427487.25, 434274.75 ], [ 427487.75, 434274.75 ], [ 427487.75, 434274.5 ], [ 427488.0, 434274.5 ], [ 427488.0, 434273.75 ], [ 427488.25, 434273.75 ], [ 427488.25, 434273.5 ], [ 427488.5, 434273.5 ], [ 427488.5, 434273.25 ], [ 427488.75, 434273.25 ], [ 427488.75, 434272.75 ], [ 427489.0, 434272.75 ], [ 427489.0, 434272.25 ], [ 427489.25, 434272.25 ], [ 427489.25, 434271.75 ], [ 427489.5, 434271.75 ], [ 427489.5, 434270.5 ], [ 427489.75, 434270.5 ], [ 427489.75, 434270.25 ], [ 427490.0, 434270.25 ], [ 427490.0, 434270.0 ], [ 427490.5, 434270.0 ], [ 427490.5, 434269.75 ], [ 427490.75, 434269.75 ], [ 427490.75, 434269.5 ], [ 427491.0, 434269.5 ], [ 427491.0, 434269.25 ], [ 427491.25, 434269.25 ], [ 427491.25, 434269.0 ], [ 427491.75, 434269.0 ], [ 427491.75, 434268.75 ], [ 427492.25, 434268.75 ], [ 427492.25, 434268.5 ], [ 427492.5, 434268.5 ], [ 427492.5, 434268.25 ], [ 427492.75, 434268.25 ], [ 427492.75, 434268.0 ], [ 427493.0, 434268.0 ], [ 427493.0, 434267.75 ], [ 427493.5, 434267.75 ], [ 427493.5, 434267.5 ], [ 427494.0, 434267.5 ], [ 427494.0, 434267.25 ], [ 427494.25, 434267.25 ], [ 427494.25, 434267.0 ], [ 427494.75, 434267.0 ], [ 427494.75, 434266.75 ], [ 427495.0, 434266.75 ], [ 427495.0, 434266.5 ], [ 427495.5, 434266.5 ], [ 427495.5, 434266.25 ], [ 427495.75, 434266.25 ], [ 427495.75, 434266.0 ], [ 427496.25, 434266.0 ], [ 427496.25, 434265.75 ], [ 427497.25, 434265.75 ], [ 427497.25, 434265.5 ], [ 427498.0, 434265.5 ], [ 427498.0, 434265.25 ], [ 427498.75, 434265.25 ], [ 427498.75, 434265.0 ], [ 427499.25, 434265.0 ], [ 427499.25, 434264.75 ], [ 427499.75, 434264.75 ], [ 427499.75, 434264.5 ], [ 427500.25, 434264.5 ], [ 427500.25, 434264.25 ], [ 427500.75, 434264.25 ], [ 427500.75, 434264.0 ], [ 427501.25, 434264.0 ], [ 427501.25, 434263.75 ], [ 427501.75, 434263.75 ], [ 427501.75, 434263.5 ], [ 427502.25, 434263.5 ], [ 427502.25, 434263.25 ], [ 427502.75, 434263.25 ], [ 427502.75, 434263.0 ], [ 427503.25, 434263.0 ], [ 427503.25, 434262.75 ], [ 427503.75, 434262.75 ], [ 427503.75, 434262.5 ], [ 427504.25, 434262.5 ], [ 427504.25, 434262.25 ], [ 427505.0, 434262.25 ], [ 427505.0, 434262.0 ], [ 427505.5, 434262.0 ], [ 427505.5, 434261.75 ], [ 427506.5, 434261.75 ], [ 427506.5, 434261.5 ], [ 427507.0, 434261.5 ], [ 427507.0, 434261.25 ], [ 427507.75, 434261.25 ], [ 427507.75, 434261.0 ], [ 427508.5, 434261.0 ], [ 427508.5, 434260.75 ], [ 427509.25, 434260.75 ], [ 427509.25, 434260.5 ], [ 427511.0, 434260.5 ], [ 427511.0, 434260.25 ], [ 427512.0, 434260.25 ], [ 427512.0, 434255.5 ], [ 427513.5, 434255.5 ], [ 427513.5, 434255.25 ], [ 427514.75, 434255.25 ], [ 427514.75, 434255.0 ], [ 427515.5, 434255.0 ], [ 427515.5, 434254.75 ], [ 427516.0, 434254.75 ], [ 427516.0, 434254.5 ], [ 427516.5, 434254.5 ], [ 427516.5, 434254.25 ], [ 427517.0, 434254.25 ], [ 427517.0, 434254.0 ], [ 427517.5, 434254.0 ], [ 427517.5, 434253.75 ], [ 427517.75, 434253.75 ], [ 427517.75, 434253.5 ], [ 427518.25, 434253.5 ], [ 427518.25, 434253.25 ], [ 427518.75, 434253.25 ], [ 427518.75, 434253.0 ], [ 427519.25, 434253.0 ], [ 427519.25, 434252.75 ], [ 427519.5, 434252.75 ], [ 427519.5, 434252.5 ], [ 427520.0, 434252.5 ], [ 427520.0, 434252.25 ], [ 427520.25, 434252.25 ], [ 427520.25, 434252.0 ], [ 427520.75, 434252.0 ], [ 427520.75, 434251.75 ], [ 427521.25, 434251.75 ], [ 427521.25, 434251.5 ], [ 427521.75, 434251.5 ], [ 427521.75, 434251.25 ], [ 427522.25, 434251.25 ], [ 427522.25, 434251.0 ], [ 427522.5, 434251.0 ], [ 427522.5, 434250.75 ], [ 427523.0, 434250.75 ], [ 427523.0, 434250.25 ], [ 427523.25, 434250.25 ], [ 427523.25, 434249.0 ], [ 427523.0, 434249.0 ], [ 427523.0, 434248.5 ], [ 427522.75, 434248.5 ], [ 427522.75, 434247.75 ], [ 427522.5, 434247.75 ], [ 427522.5, 434247.25 ], [ 427522.25, 434247.25 ], [ 427522.25, 434246.75 ], [ 427522.0, 434246.75 ], [ 427522.0, 434246.25 ], [ 427521.75, 434246.25 ], [ 427521.75, 434245.75 ], [ 427521.5, 434245.75 ], [ 427521.5, 434245.0 ], [ 427521.25, 434245.0 ], [ 427521.25, 434244.0 ], [ 427521.0, 434244.0 ], [ 427521.0, 434243.0 ], [ 427520.75, 434243.0 ], [ 427520.75, 434242.0 ], [ 427520.5, 434242.0 ], [ 427520.5, 434239.75 ], [ 427520.25, 434239.75 ], [ 427520.25, 434237.25 ], [ 427520.0, 434237.25 ], [ 427520.0, 434236.75 ], [ 427519.75, 434236.75 ], [ 427519.75, 434236.0 ], [ 427519.5, 434236.0 ], [ 427519.5, 434235.25 ], [ 427519.25, 434235.25 ], [ 427519.25, 434234.75 ], [ 427519.0, 434234.75 ], [ 427519.0, 434234.5 ], [ 427518.75, 434234.5 ], [ 427518.75, 434232.0 ], [ 427531.0, 434232.0 ], [ 427531.0, 434233.0 ], [ 427530.75, 434233.0 ], [ 427530.75, 434235.25 ], [ 427531.0, 434235.25 ], [ 427531.0, 434236.5 ], [ 427531.25, 434236.5 ], [ 427531.25, 434237.75 ], [ 427531.5, 434237.75 ], [ 427531.5, 434238.75 ], [ 427531.75, 434238.75 ], [ 427531.75, 434240.0 ], [ 427532.0, 434240.0 ], [ 427532.0, 434240.75 ], [ 427532.25, 434240.75 ], [ 427532.25, 434241.75 ], [ 427532.5, 434241.75 ], [ 427532.5, 434242.5 ], [ 427532.75, 434242.5 ], [ 427532.75, 434243.0 ], [ 427533.0, 434243.0 ], [ 427533.0, 434243.5 ], [ 427533.25, 434243.5 ], [ 427533.25, 434244.0 ], [ 427533.5, 434244.0 ], [ 427533.5, 434244.25 ], [ 427533.75, 434244.25 ], [ 427533.75, 434244.5 ], [ 427534.0, 434244.5 ], [ 427534.0, 434244.75 ], [ 427534.25, 434244.75 ], [ 427534.25, 434245.25 ], [ 427534.5, 434245.25 ], [ 427534.5, 434245.75 ], [ 427535.0, 434245.75 ], [ 427535.0, 434246.0 ], [ 427535.5, 434246.0 ], [ 427535.5, 434246.25 ], [ 427536.0, 434246.25 ], [ 427536.0, 434246.5 ], [ 427536.5, 434246.5 ], [ 427536.5, 434246.75 ], [ 427537.0, 434246.75 ], [ 427537.0, 434247.0 ], [ 427538.25, 434247.0 ], [ 427538.25, 434247.25 ], [ 427540.25, 434247.25 ], [ 427540.25, 434247.5 ], [ 427542.5, 434247.5 ], [ 427542.5, 434247.25 ], [ 427543.0, 434247.25 ], [ 427543.0, 434247.0 ], [ 427543.75, 434247.0 ], [ 427543.75, 434246.75 ], [ 427544.75, 434246.75 ], [ 427544.75, 434246.5 ], [ 427545.0, 434246.5 ], [ 427545.0, 434246.25 ], [ 427545.25, 434246.25 ], [ 427545.25, 434246.0 ], [ 427545.5, 434246.0 ], [ 427545.5, 434245.75 ], [ 427546.0, 434245.75 ], [ 427546.0, 434245.5 ], [ 427546.75, 434245.5 ], [ 427546.75, 434245.75 ], [ 427547.5, 434245.75 ], [ 427547.5, 434246.0 ], [ 427547.75, 434246.0 ], [ 427547.75, 434246.25 ], [ 427548.25, 434246.25 ], [ 427548.25, 434246.5 ], [ 427548.5, 434246.5 ], [ 427548.5, 434247.0 ], [ 427548.75, 434247.0 ], [ 427548.75, 434247.25 ], [ 427549.0, 434247.25 ], [ 427549.0, 434247.5 ], [ 427549.25, 434247.5 ], [ 427549.25, 434247.75 ], [ 427549.75, 434247.75 ], [ 427549.75, 434248.0 ], [ 427550.25, 434248.0 ], [ 427550.25, 434248.25 ], [ 427553.25, 434248.25 ], [ 427553.25, 434248.5 ], [ 427558.5, 434248.5 ], [ 427558.5, 434248.75 ], [ 427559.25, 434248.75 ], [ 427559.25, 434249.0 ], [ 427560.75, 434249.0 ], [ 427560.75, 434249.25 ], [ 427561.25, 434249.25 ], [ 427561.25, 434249.5 ], [ 427561.5, 434249.5 ], [ 427561.5, 434250.0 ], [ 427561.75, 434250.0 ], [ 427561.75, 434250.5 ], [ 427562.0, 434250.5 ], [ 427562.0, 434250.75 ], [ 427562.25, 434250.75 ], [ 427562.25, 434251.0 ], [ 427562.5, 434251.0 ], [ 427562.5, 434251.5 ], [ 427562.75, 434251.5 ], [ 427562.75, 434251.75 ], [ 427563.0, 434251.75 ], [ 427563.0, 434252.0 ], [ 427563.25, 434252.0 ], [ 427563.25, 434252.25 ], [ 427563.5, 434252.25 ], [ 427563.5, 434252.75 ], [ 427563.75, 434252.75 ], [ 427563.75, 434253.5 ], [ 427564.0, 434253.5 ], [ 427564.0, 434253.75 ], [ 427564.5, 434253.75 ], [ 427564.5, 434254.0 ], [ 427564.75, 434254.0 ], [ 427564.75, 434254.25 ], [ 427565.25, 434254.25 ], [ 427565.25, 434254.5 ], [ 427565.5, 434254.5 ], [ 427565.5, 434254.75 ], [ 427565.75, 434254.75 ], [ 427565.75, 434255.0 ], [ 427566.25, 434255.0 ], [ 427566.25, 434255.25 ], [ 427566.75, 434255.25 ], [ 427566.75, 434255.5 ], [ 427567.0, 434255.5 ], [ 427567.0, 434255.75 ], [ 427567.5, 434255.75 ], [ 427567.5, 434256.0 ], [ 427568.0, 434256.0 ], [ 427568.0, 434256.25 ], [ 427568.5, 434256.25 ], [ 427568.5, 434256.5 ], [ 427569.0, 434256.5 ], [ 427569.0, 434256.75 ], [ 427569.75, 434256.75 ], [ 427569.75, 434257.0 ], [ 427570.25, 434257.0 ], [ 427570.25, 434257.25 ], [ 427570.75, 434257.25 ], [ 427570.75, 434257.5 ], [ 427571.5, 434257.5 ], [ 427571.5, 434257.75 ], [ 427572.5, 434257.75 ], [ 427572.5, 434258.0 ], [ 427573.0, 434258.0 ], [ 427573.0, 434258.25 ], [ 427574.0, 434258.25 ], [ 427574.0, 434258.5 ], [ 427574.75, 434258.5 ], [ 427574.75, 434258.75 ], [ 427575.25, 434258.75 ], [ 427575.25, 434259.0 ], [ 427575.5, 434259.0 ], [ 427575.5, 434259.25 ], [ 427575.75, 434259.25 ], [ 427575.75, 434259.5 ], [ 427576.0, 434259.5 ], [ 427576.0, 434259.75 ], [ 427576.25, 434259.75 ], [ 427576.25, 434260.25 ], [ 427576.5, 434260.25 ], [ 427576.5, 434260.5 ], [ 427576.75, 434260.5 ], [ 427576.75, 434260.75 ], [ 427577.0, 434260.75 ], [ 427577.0, 434261.25 ], [ 427577.25, 434261.25 ], [ 427577.25, 434262.0 ], [ 427577.5, 434262.0 ], [ 427577.5, 434263.0 ], [ 427577.75, 434263.0 ], [ 427577.75, 434264.25 ], [ 427578.0, 434264.25 ], [ 427578.0, 434265.25 ], [ 427578.25, 434265.25 ], [ 427578.25, 434265.75 ], [ 427578.5, 434265.75 ], [ 427578.5, 434266.0 ], [ 427579.0, 434266.0 ], [ 427579.0, 434266.25 ], [ 427579.5, 434266.25 ], [ 427579.5, 434266.5 ], [ 427580.0, 434266.5 ], [ 427580.0, 434266.75 ], [ 427580.25, 434266.75 ], [ 427580.25, 434267.0 ], [ 427580.5, 434267.0 ], [ 427580.5, 434267.25 ], [ 427580.75, 434267.25 ], [ 427580.75, 434267.5 ], [ 427581.0, 434267.5 ], [ 427581.0, 434268.0 ], [ 427581.25, 434268.0 ], [ 427581.25, 434269.0 ], [ 427581.5, 434269.0 ], [ 427581.5, 434270.0 ], [ 427581.75, 434270.0 ], [ 427581.75, 434270.5 ], [ 427582.0, 434270.5 ], [ 427582.0, 434270.75 ], [ 427582.25, 434270.75 ], [ 427582.25, 434271.0 ], [ 427582.5, 434271.0 ], [ 427582.5, 434271.5 ], [ 427582.75, 434271.5 ], [ 427582.75, 434271.75 ], [ 427583.0, 434271.75 ], [ 427583.0, 434272.0 ], [ 427583.25, 434272.0 ], [ 427583.25, 434272.25 ], [ 427583.5, 434272.25 ], [ 427583.5, 434272.5 ], [ 427583.75, 434272.5 ], [ 427583.75, 434273.0 ], [ 427584.0, 434273.0 ], [ 427584.0, 434273.25 ], [ 427584.25, 434273.25 ], [ 427584.25, 434273.75 ], [ 427584.5, 434273.75 ], [ 427584.5, 434274.0 ], [ 427584.75, 434274.0 ], [ 427584.75, 434274.25 ], [ 427585.0, 434274.25 ], [ 427585.0, 434274.75 ], [ 427585.25, 434274.75 ], [ 427585.25, 434275.0 ], [ 427585.5, 434275.0 ], [ 427585.5, 434275.25 ], [ 427585.75, 434275.25 ], [ 427585.75, 434275.5 ], [ 427586.0, 434275.5 ], [ 427586.0, 434275.75 ], [ 427586.25, 434275.75 ], [ 427586.25, 434276.0 ], [ 427586.5, 434276.0 ], [ 427586.5, 434276.25 ], [ 427586.75, 434276.25 ], [ 427586.75, 434276.5 ], [ 427587.0, 434276.5 ], [ 427587.0, 434276.75 ], [ 427587.25, 434276.75 ], [ 427587.25, 434277.25 ], [ 427587.5, 434277.25 ], [ 427587.5, 434277.5 ], [ 427587.75, 434277.5 ], [ 427587.75, 434278.0 ], [ 427588.0, 434278.0 ], [ 427588.0, 434278.5 ], [ 427588.25, 434278.5 ], [ 427588.25, 434279.0 ], [ 427588.5, 434279.0 ], [ 427588.5, 434279.5 ], [ 427588.75, 434279.5 ], [ 427588.75, 434280.25 ], [ 427589.0, 434280.25 ], [ 427589.0, 434281.0 ], [ 427589.25, 434281.0 ], [ 427589.25, 434281.75 ], [ 427589.5, 434281.75 ], [ 427589.5, 434282.5 ], [ 427589.75, 434282.5 ], [ 427589.75, 434283.0 ], [ 427590.0, 434283.0 ], [ 427590.0, 434283.75 ], [ 427590.25, 434283.75 ], [ 427590.25, 434284.5 ], [ 427590.5, 434284.5 ], [ 427590.5, 434285.25 ], [ 427590.75, 434285.25 ], [ 427590.75, 434286.0 ], [ 427591.0, 434286.0 ], [ 427591.0, 434286.75 ], [ 427591.25, 434286.75 ], [ 427591.25, 434287.5 ], [ 427591.5, 434287.5 ], [ 427591.5, 434288.5 ], [ 427591.75, 434288.5 ], [ 427591.75, 434289.5 ], [ 427592.0, 434289.5 ], [ 427592.0, 434290.25 ], [ 427592.25, 434290.25 ], [ 427592.25, 434290.75 ], [ 427592.5, 434290.75 ], [ 427592.5, 434291.5 ], [ 427592.75, 434291.5 ], [ 427592.75, 434292.25 ], [ 427593.0, 434292.25 ], [ 427593.0, 434293.0 ], [ 427593.25, 434293.0 ], [ 427593.25, 434294.0 ], [ 427593.5, 434294.0 ], [ 427593.5, 434295.5 ], [ 427593.75, 434295.5 ], [ 427593.75, 434296.5 ], [ 427594.0, 434296.5 ], [ 427594.0, 434297.5 ], [ 427594.25, 434297.5 ], [ 427594.25, 434298.75 ], [ 427594.5, 434298.75 ], [ 427594.5, 434299.25 ], [ 427594.75, 434299.25 ], [ 427594.75, 434300.0 ], [ 427595.0, 434300.0 ], [ 427595.0, 434300.5 ], [ 427595.25, 434300.5 ], [ 427595.25, 434301.0 ], [ 427595.5, 434301.0 ], [ 427595.5, 434301.5 ], [ 427595.75, 434301.5 ], [ 427595.75, 434302.75 ], [ 427596.0, 434302.75 ], [ 427596.0, 434305.25 ], [ 427596.25, 434305.25 ], [ 427596.25, 434307.0 ], [ 427596.5, 434307.0 ], [ 427596.5, 434308.75 ], [ 427596.75, 434308.75 ], [ 427596.75, 434310.0 ], [ 427597.0, 434310.0 ], [ 427597.0, 434310.75 ], [ 427597.25, 434310.75 ], [ 427597.25, 434311.75 ], [ 427597.5, 434311.75 ], [ 427597.5, 434312.5 ], [ 427597.75, 434312.5 ], [ 427597.75, 434313.25 ], [ 427598.0, 434313.25 ], [ 427598.0, 434313.75 ], [ 427598.25, 434313.75 ], [ 427598.25, 434314.5 ], [ 427598.5, 434314.5 ], [ 427598.5, 434314.75 ], [ 427598.75, 434314.75 ], [ 427598.75, 434315.0 ], [ 427599.0, 434315.0 ], [ 427599.0, 434315.25 ], [ 427599.25, 434315.25 ], [ 427599.25, 434315.75 ], [ 427599.5, 434315.75 ], [ 427599.5, 434316.25 ], [ 427599.75, 434316.25 ], [ 427599.75, 434316.75 ], [ 427600.0, 434316.75 ], [ 427600.0, 434317.25 ], [ 427600.25, 434317.25 ], [ 427600.25, 434318.0 ], [ 427600.5, 434318.0 ], [ 427600.5, 434318.75 ], [ 427600.75, 434318.75 ], [ 427600.75, 434319.25 ], [ 427601.0, 434319.25 ], [ 427601.0, 434320.25 ], [ 427601.25, 434320.25 ], [ 427601.25, 434321.0 ], [ 427601.5, 434321.0 ], [ 427601.5, 434321.75 ], [ 427601.75, 434321.75 ], [ 427601.75, 434322.25 ], [ 427602.0, 434322.25 ], [ 427602.0, 434322.5 ], [ 427602.25, 434322.5 ], [ 427602.25, 434323.0 ], [ 427602.5, 434323.0 ], [ 427602.5, 434323.25 ], [ 427603.0, 434323.25 ], [ 427603.0, 434323.5 ], [ 427603.25, 434323.5 ], [ 427603.25, 434323.75 ], [ 427603.5, 434323.75 ], [ 427603.5, 434324.0 ], [ 427603.75, 434324.0 ], [ 427603.75, 434324.5 ], [ 427604.0, 434324.5 ], [ 427604.0, 434325.0 ], [ 427604.25, 434325.0 ], [ 427604.25, 434325.5 ], [ 427604.5, 434325.5 ], [ 427604.5, 434326.25 ], [ 427604.75, 434326.25 ], [ 427604.75, 434327.5 ], [ 427605.0, 434327.5 ], [ 427605.0, 434328.75 ], [ 427605.25, 434328.75 ], [ 427605.25, 434330.0 ], [ 427605.5, 434330.0 ], [ 427605.5, 434330.75 ], [ 427605.75, 434330.75 ], [ 427605.75, 434331.25 ], [ 427606.0, 434331.25 ], [ 427606.0, 434331.75 ], [ 427606.25, 434331.75 ], [ 427606.25, 434332.25 ], [ 427606.5, 434332.25 ], [ 427606.5, 434332.75 ], [ 427606.75, 434332.75 ], [ 427606.75, 434333.25 ], [ 427607.0, 434333.25 ], [ 427607.0, 434333.75 ], [ 427607.25, 434333.75 ], [ 427607.25, 434334.25 ], [ 427607.5, 434334.25 ], [ 427607.5, 434334.75 ], [ 427607.75, 434334.75 ], [ 427607.75, 434335.25 ], [ 427608.0, 434335.25 ], [ 427608.0, 434335.75 ], [ 427608.25, 434335.75 ], [ 427608.25, 434336.75 ], [ 427608.5, 434336.75 ], [ 427608.5, 434337.75 ], [ 427608.75, 434337.75 ], [ 427608.75, 434338.5 ], [ 427609.0, 434338.5 ], [ 427609.0, 434339.0 ], [ 427609.25, 434339.0 ], [ 427609.25, 434339.5 ], [ 427609.5, 434339.5 ], [ 427609.5, 434340.0 ], [ 427609.75, 434340.0 ], [ 427609.75, 434340.25 ], [ 427610.0, 434340.25 ], [ 427610.0, 434340.5 ], [ 427610.25, 434340.5 ], [ 427610.25, 434340.75 ], [ 427610.5, 434340.75 ], [ 427610.5, 434341.25 ], [ 427610.75, 434341.25 ], [ 427610.75, 434341.5 ], [ 427611.0, 434341.5 ], [ 427611.0, 434341.75 ], [ 427611.25, 434341.75 ], [ 427611.25, 434342.0 ], [ 427611.5, 434342.0 ], [ 427611.5, 434342.25 ], [ 427611.75, 434342.25 ], [ 427611.75, 434342.5 ], [ 427612.0, 434342.5 ], [ 427612.0, 434342.75 ], [ 427612.25, 434342.75 ], [ 427612.25, 434343.25 ], [ 427612.5, 434343.25 ], [ 427612.5, 434343.5 ], [ 427612.75, 434343.5 ], [ 427612.75, 434344.0 ], [ 427613.0, 434344.0 ], [ 427613.0, 434344.5 ], [ 427613.25, 434344.5 ], [ 427613.25, 434345.25 ], [ 427613.5, 434345.25 ], [ 427613.5, 434345.75 ], [ 427613.75, 434345.75 ], [ 427613.75, 434346.25 ], [ 427614.0, 434346.25 ], [ 427614.0, 434346.75 ], [ 427614.25, 434346.75 ], [ 427614.25, 434347.0 ], [ 427614.5, 434347.0 ], [ 427614.5, 434347.25 ], [ 427614.75, 434347.25 ], [ 427614.75, 434347.5 ], [ 427615.0, 434347.5 ], [ 427615.0, 434348.0 ], [ 427615.25, 434348.0 ], [ 427615.25, 434348.25 ], [ 427615.5, 434348.25 ], [ 427615.5, 434348.5 ], [ 427615.75, 434348.5 ], [ 427615.75, 434348.75 ], [ 427616.0, 434348.75 ], [ 427616.0, 434349.25 ], [ 427616.25, 434349.25 ], [ 427616.25, 434349.5 ], [ 427616.5, 434349.5 ], [ 427616.5, 434350.0 ], [ 427616.75, 434350.0 ], [ 427616.75, 434350.75 ], [ 427617.0, 434350.75 ], [ 427617.0, 434351.75 ], [ 427617.25, 434351.75 ], [ 427617.25, 434353.5 ], [ 427617.5, 434353.5 ], [ 427617.5, 434354.75 ], [ 427617.75, 434354.75 ], [ 427617.75, 434356.5 ], [ 427618.0, 434356.5 ], [ 427618.0, 434360.0 ], [ 427644.0, 434360.0 ], [ 427644.0, 434358.25 ], [ 427644.25, 434358.25 ], [ 427644.25, 434357.75 ], [ 427644.5, 434357.75 ], [ 427644.5, 434357.5 ], [ 427644.75, 434357.5 ], [ 427644.75, 434357.25 ], [ 427645.0, 434357.25 ], [ 427645.0, 434357.0 ], [ 427645.25, 434357.0 ], [ 427645.25, 434356.75 ], [ 427645.5, 434356.75 ], [ 427645.5, 434356.5 ], [ 427645.75, 434356.5 ], [ 427645.75, 434356.25 ], [ 427646.25, 434356.25 ], [ 427646.25, 434356.0 ], [ 427646.5, 434356.0 ], [ 427646.5, 434355.75 ], [ 427646.75, 434355.75 ], [ 427646.75, 434355.5 ], [ 427647.0, 434355.5 ], [ 427647.0, 434355.25 ], [ 427647.5, 434355.25 ], [ 427647.5, 434355.0 ], [ 427647.75, 434355.0 ], [ 427647.75, 434354.75 ], [ 427648.25, 434354.75 ], [ 427648.25, 434354.5 ], [ 427648.75, 434354.5 ], [ 427648.75, 434354.25 ], [ 427649.25, 434354.25 ], [ 427649.25, 434354.0 ], [ 427650.0, 434354.0 ], [ 427650.0, 434353.75 ], [ 427650.5, 434353.75 ], [ 427650.5, 434353.5 ], [ 427652.75, 434353.5 ], [ 427652.75, 434353.25 ], [ 427654.0, 434353.25 ], [ 427654.0, 434353.0 ], [ 427656.0, 434353.0 ], [ 427656.0, 434352.75 ], [ 427657.0, 434352.75 ], [ 427657.0, 434352.5 ], [ 427657.75, 434352.5 ], [ 427657.75, 434352.25 ], [ 427659.25, 434352.25 ], [ 427659.25, 434352.0 ], [ 427660.75, 434352.0 ], [ 427660.75, 434352.25 ], [ 427663.75, 434352.25 ], [ 427663.75, 434352.5 ], [ 427664.25, 434352.5 ], [ 427664.25, 434352.75 ], [ 427664.5, 434352.75 ], [ 427664.5, 434353.25 ], [ 427664.75, 434353.25 ], [ 427664.75, 434354.0 ], [ 427665.0, 434354.0 ], [ 427665.0, 434354.75 ], [ 427665.25, 434354.75 ], [ 427665.25, 434355.25 ], [ 427665.5, 434355.25 ], [ 427665.5, 434356.0 ], [ 427665.75, 434356.0 ], [ 427665.75, 434356.75 ], [ 427665.5, 434356.75 ], [ 427665.5, 434357.0 ], [ 427665.25, 434357.0 ], [ 427665.25, 434357.75 ], [ 427665.0, 434357.75 ], [ 427665.0, 434360.0 ], [ 427685.25, 434360.0 ], [ 427685.25, 434362.25 ], [ 427685.5, 434362.25 ], [ 427685.5, 434363.0 ], [ 427685.75, 434363.0 ], [ 427685.75, 434363.5 ], [ 427686.0, 434363.5 ], [ 427686.0, 434364.0 ], [ 427686.25, 434364.0 ], [ 427686.25, 434364.25 ], [ 427686.5, 434364.25 ], [ 427686.5, 434364.5 ], [ 427687.0, 434364.5 ], [ 427687.0, 434364.75 ], [ 427687.75, 434364.75 ], [ 427687.75, 434365.0 ], [ 427688.25, 434365.0 ], [ 427688.25, 434365.25 ], [ 427688.75, 434365.25 ], [ 427688.75, 434365.5 ], [ 427690.0, 434365.5 ], [ 427690.0, 434365.75 ], [ 427690.75, 434365.75 ], [ 427690.75, 434365.5 ], [ 427692.25, 434365.5 ], [ 427692.25, 434365.25 ], [ 427693.25, 434365.25 ], [ 427693.25, 434365.0 ], [ 427695.0, 434365.0 ], [ 427695.0, 434364.75 ], [ 427699.75, 434364.75 ], [ 427699.75, 434364.5 ], [ 427700.5, 434364.5 ], [ 427700.5, 434364.25 ], [ 427701.0, 434364.25 ], [ 427701.0, 434364.0 ], [ 427701.5, 434364.0 ], [ 427701.5, 434363.75 ], [ 427702.0, 434363.75 ], [ 427702.0, 434363.5 ], [ 427702.25, 434363.5 ], [ 427702.25, 434363.25 ], [ 427703.75, 434363.25 ], [ 427703.75, 434363.0 ], [ 427704.5, 434363.0 ], [ 427704.5, 434362.75 ], [ 427705.25, 434362.75 ], [ 427705.25, 434362.0 ], [ 427705.5, 434362.0 ], [ 427705.5, 434361.5 ], [ 427705.75, 434361.5 ], [ 427705.75, 434362.0 ], [ 427706.0, 434362.0 ], [ 427706.0, 434362.25 ], [ 427706.25, 434362.25 ], [ 427706.25, 434362.5 ], [ 427706.5, 434362.5 ], [ 427706.5, 434363.25 ], [ 427706.75, 434363.25 ], [ 427706.75, 434363.75 ], [ 427707.0, 434363.75 ], [ 427707.0, 434364.0 ], [ 427707.25, 434364.0 ], [ 427707.25, 434364.5 ], [ 427707.75, 434364.5 ], [ 427707.75, 434363.5 ], [ 427708.0, 434363.5 ], [ 427708.0, 434363.0 ], [ 427708.25, 434363.0 ], [ 427708.25, 434360.0 ], [ 427762.75, 434360.0 ], [ 427762.75, 434365.5 ], [ 427762.5, 434365.5 ], [ 427762.5, 434371.0 ], [ 427762.25, 434371.0 ], [ 427762.25, 434372.5 ], [ 427762.0, 434372.5 ], [ 427762.0, 434373.5 ], [ 427761.75, 434373.5 ], [ 427761.75, 434374.0 ], [ 427761.5, 434374.0 ], [ 427761.5, 434374.5 ], [ 427761.25, 434374.5 ], [ 427761.25, 434374.75 ], [ 427761.0, 434374.75 ], [ 427761.0, 434375.0 ], [ 427760.75, 434375.0 ], [ 427760.75, 434375.25 ], [ 427760.5, 434375.25 ], [ 427760.5, 434375.5 ], [ 427760.25, 434375.5 ], [ 427760.25, 434375.75 ], [ 427760.0, 434375.75 ], [ 427760.0, 434376.0 ], [ 427759.5, 434376.0 ], [ 427759.5, 434376.25 ], [ 427759.25, 434376.25 ], [ 427759.25, 434376.5 ], [ 427758.75, 434376.5 ], [ 427758.75, 434376.75 ], [ 427758.5, 434376.75 ], [ 427758.5, 434377.0 ], [ 427758.0, 434377.0 ], [ 427758.0, 434377.25 ], [ 427757.5, 434377.25 ], [ 427757.5, 434377.5 ], [ 427757.0, 434377.5 ], [ 427757.0, 434377.75 ], [ 427756.5, 434377.75 ], [ 427756.5, 434378.0 ], [ 427756.0, 434378.0 ], [ 427756.0, 434378.25 ], [ 427755.5, 434378.25 ], [ 427755.5, 434378.5 ], [ 427755.0, 434378.5 ], [ 427755.0, 434378.75 ], [ 427754.0, 434378.75 ], [ 427754.0, 434379.0 ], [ 427753.0, 434379.0 ], [ 427753.0, 434379.25 ], [ 427751.25, 434379.25 ], [ 427751.25, 434379.5 ], [ 427749.25, 434379.5 ], [ 427749.25, 434379.25 ], [ 427749.0, 434379.25 ], [ 427749.0, 434379.0 ], [ 427748.5, 434379.0 ], [ 427748.5, 434378.75 ], [ 427748.25, 434378.75 ], [ 427748.25, 434378.5 ], [ 427748.0, 434378.5 ], [ 427748.0, 434378.25 ], [ 427747.75, 434378.25 ], [ 427747.75, 434377.75 ], [ 427747.5, 434377.75 ], [ 427747.5, 434376.75 ], [ 427747.25, 434376.75 ], [ 427747.25, 434375.25 ], [ 427747.0, 434375.25 ], [ 427747.0, 434374.75 ], [ 427746.75, 434374.75 ], [ 427746.75, 434374.0 ], [ 427746.5, 434374.0 ], [ 427746.5, 434373.25 ], [ 427746.25, 434373.25 ], [ 427746.25, 434372.75 ], [ 427746.0, 434372.75 ], [ 427746.0, 434372.5 ], [ 427745.75, 434372.5 ], [ 427745.75, 434372.25 ], [ 427745.5, 434372.25 ], [ 427745.5, 434372.0 ], [ 427745.25, 434372.0 ], [ 427745.25, 434371.5 ], [ 427745.0, 434371.5 ], [ 427745.0, 434371.25 ], [ 427744.75, 434371.25 ], [ 427744.75, 434371.0 ], [ 427744.5, 434371.0 ], [ 427744.5, 434370.75 ], [ 427743.75, 434370.75 ], [ 427743.75, 434370.5 ], [ 427742.5, 434370.5 ], [ 427742.5, 434370.25 ], [ 427739.25, 434370.25 ], [ 427739.25, 434370.5 ], [ 427737.5, 434370.5 ], [ 427737.5, 434370.75 ], [ 427734.75, 434370.75 ], [ 427734.75, 434371.0 ], [ 427729.25, 434371.0 ], [ 427729.25, 434371.25 ], [ 427726.5, 434371.25 ], [ 427726.5, 434371.5 ], [ 427720.0, 434371.5 ], [ 427720.0, 434371.75 ], [ 427713.75, 434371.75 ], [ 427713.75, 434372.0 ], [ 427713.0, 434372.0 ], [ 427713.0, 434372.25 ], [ 427712.75, 434372.25 ], [ 427712.75, 434372.5 ], [ 427712.5, 434372.5 ], [ 427712.5, 434372.75 ], [ 427712.25, 434372.75 ], [ 427712.25, 434373.0 ], [ 427712.0, 434373.0 ], [ 427712.0, 434373.25 ], [ 427711.75, 434373.25 ], [ 427711.75, 434375.25 ], [ 427712.0, 434375.25 ], [ 427712.0, 434376.25 ], [ 427712.25, 434376.25 ], [ 427712.25, 434377.0 ], [ 427712.5, 434377.0 ], [ 427712.5, 434380.0 ], [ 427712.75, 434380.0 ], [ 427712.75, 434382.0 ], [ 427713.0, 434382.0 ], [ 427713.0, 434384.25 ], [ 427713.25, 434384.25 ], [ 427713.25, 434386.5 ], [ 427713.5, 434386.5 ], [ 427713.5, 434387.5 ], [ 427713.25, 434387.5 ], [ 427713.25, 434388.75 ], [ 427713.0, 434388.75 ], [ 427713.0, 434390.5 ], [ 427712.75, 434390.5 ], [ 427712.75, 434391.25 ], [ 427712.5, 434391.25 ], [ 427712.5, 434392.0 ], [ 427712.25, 434392.0 ], [ 427712.25, 434394.75 ], [ 427712.0, 434394.75 ], [ 427712.0, 434396.0 ], [ 427711.75, 434396.0 ], [ 427711.75, 434396.75 ], [ 427711.5, 434396.75 ], [ 427711.5, 434397.5 ], [ 427711.25, 434397.5 ], [ 427711.25, 434397.75 ], [ 427711.0, 434397.75 ], [ 427711.0, 434398.0 ], [ 427710.75, 434398.0 ], [ 427710.75, 434398.25 ], [ 427710.5, 434398.25 ], [ 427710.5, 434398.5 ], [ 427710.25, 434398.5 ], [ 427710.25, 434399.0 ], [ 427710.0, 434399.0 ], [ 427710.0, 434399.5 ], [ 427709.75, 434399.5 ], [ 427709.75, 434400.0 ], [ 427709.5, 434400.0 ], [ 427709.5, 434400.5 ], [ 427709.25, 434400.5 ], [ 427709.25, 434401.0 ], [ 427709.0, 434401.0 ], [ 427709.0, 434401.5 ], [ 427708.75, 434401.5 ], [ 427708.75, 434401.75 ], [ 427708.25, 434401.75 ], [ 427708.25, 434402.0 ], [ 427707.75, 434402.0 ], [ 427707.75, 434402.25 ], [ 427707.5, 434402.25 ], [ 427707.5, 434402.5 ], [ 427706.75, 434402.5 ], [ 427706.75, 434402.75 ], [ 427706.25, 434402.75 ], [ 427706.25, 434403.0 ], [ 427705.75, 434403.0 ], [ 427705.75, 434403.25 ], [ 427705.5, 434403.25 ], [ 427705.5, 434403.5 ], [ 427705.25, 434403.5 ], [ 427705.25, 434403.75 ], [ 427705.0, 434403.75 ], [ 427705.0, 434404.0 ], [ 427704.75, 434404.0 ], [ 427704.75, 434404.25 ], [ 427704.5, 434404.25 ], [ 427704.5, 434404.5 ], [ 427704.0, 434404.5 ], [ 427704.0, 434404.75 ], [ 427703.5, 434404.75 ], [ 427703.5, 434405.0 ], [ 427703.0, 434405.0 ], [ 427703.0, 434405.25 ], [ 427702.75, 434405.25 ], [ 427702.75, 434405.5 ], [ 427702.25, 434405.5 ], [ 427702.25, 434405.75 ], [ 427701.0, 434405.75 ], [ 427701.0, 434405.5 ], [ 427700.25, 434405.5 ], [ 427700.25, 434405.25 ], [ 427699.5, 434405.25 ], [ 427699.5, 434405.0 ], [ 427699.25, 434405.0 ], [ 427699.25, 434404.75 ], [ 427698.75, 434404.75 ], [ 427698.75, 434404.5 ], [ 427698.5, 434404.5 ], [ 427698.5, 434404.25 ], [ 427698.25, 434404.25 ], [ 427698.25, 434404.0 ], [ 427698.0, 434404.0 ], [ 427698.0, 434403.75 ], [ 427697.75, 434403.75 ], [ 427697.75, 434403.5 ], [ 427697.5, 434403.5 ], [ 427697.5, 434403.25 ], [ 427697.25, 434403.25 ], [ 427697.25, 434402.75 ], [ 427697.0, 434402.75 ], [ 427697.0, 434402.25 ], [ 427696.75, 434402.25 ], [ 427696.75, 434401.75 ], [ 427696.5, 434401.75 ], [ 427696.5, 434401.5 ], [ 427696.25, 434401.5 ], [ 427696.25, 434401.25 ], [ 427696.0, 434401.25 ], [ 427696.0, 434401.0 ], [ 427695.75, 434401.0 ], [ 427695.75, 434400.75 ], [ 427695.5, 434400.75 ], [ 427695.5, 434400.5 ], [ 427695.25, 434400.5 ], [ 427695.25, 434400.25 ], [ 427695.0, 434400.25 ], [ 427695.0, 434399.75 ], [ 427694.75, 434399.75 ], [ 427694.75, 434399.25 ], [ 427694.5, 434399.25 ], [ 427694.5, 434398.75 ], [ 427694.25, 434398.75 ], [ 427694.25, 434398.5 ], [ 427694.0, 434398.5 ], [ 427694.0, 434398.25 ], [ 427693.75, 434398.25 ], [ 427693.75, 434398.0 ], [ 427693.25, 434398.0 ], [ 427693.25, 434398.25 ], [ 427693.0, 434398.25 ], [ 427693.0, 434398.5 ], [ 427692.75, 434398.5 ], [ 427692.75, 434398.75 ], [ 427692.25, 434398.75 ], [ 427692.25, 434399.0 ], [ 427691.75, 434399.0 ], [ 427691.75, 434399.25 ], [ 427691.0, 434399.25 ], [ 427691.0, 434399.5 ], [ 427690.5, 434399.5 ], [ 427690.5, 434399.75 ], [ 427690.0, 434399.75 ], [ 427690.0, 434400.0 ], [ 427689.5, 434400.0 ], [ 427689.5, 434400.25 ], [ 427689.25, 434400.25 ], [ 427689.25, 434400.5 ], [ 427688.5, 434400.5 ], [ 427688.5, 434400.75 ], [ 427687.5, 434400.75 ], [ 427687.5, 434401.0 ], [ 427686.5, 434401.0 ], [ 427686.5, 434401.25 ], [ 427685.75, 434401.25 ], [ 427685.75, 434401.5 ], [ 427685.25, 434401.5 ], [ 427685.25, 434401.75 ], [ 427684.75, 434401.75 ], [ 427684.75, 434402.0 ], [ 427684.25, 434402.0 ], [ 427684.25, 434402.25 ], [ 427683.75, 434402.25 ], [ 427683.75, 434402.5 ], [ 427683.25, 434402.5 ], [ 427683.25, 434402.75 ], [ 427682.5, 434402.75 ], [ 427682.5, 434403.0 ], [ 427681.75, 434403.0 ], [ 427681.75, 434403.25 ], [ 427681.0, 434403.25 ], [ 427681.0, 434403.5 ], [ 427680.25, 434403.5 ], [ 427680.25, 434403.75 ], [ 427679.5, 434403.75 ], [ 427679.5, 434404.0 ], [ 427678.5, 434404.0 ], [ 427678.5, 434404.25 ], [ 427677.75, 434404.25 ], [ 427677.75, 434404.5 ], [ 427677.0, 434404.5 ], [ 427677.0, 434404.75 ], [ 427676.25, 434404.75 ], [ 427676.25, 434405.0 ], [ 427675.75, 434405.0 ], [ 427675.75, 434405.25 ], [ 427675.5, 434405.25 ], [ 427675.5, 434405.5 ], [ 427675.0, 434405.5 ], [ 427675.0, 434405.75 ], [ 427674.5, 434405.75 ], [ 427674.5, 434406.0 ], [ 427674.0, 434406.0 ], [ 427674.0, 434406.25 ], [ 427673.5, 434406.25 ], [ 427673.5, 434406.5 ], [ 427673.0, 434406.5 ], [ 427673.0, 434406.75 ], [ 427672.5, 434406.75 ], [ 427672.5, 434407.0 ], [ 427671.75, 434407.0 ], [ 427671.75, 434407.25 ], [ 427671.25, 434407.25 ], [ 427671.25, 434407.5 ], [ 427670.5, 434407.5 ], [ 427670.5, 434407.75 ], [ 427669.75, 434407.75 ], [ 427669.75, 434408.0 ], [ 427669.25, 434408.0 ], [ 427669.25, 434408.25 ], [ 427669.0, 434408.25 ], [ 427669.0, 434408.5 ], [ 427668.5, 434408.5 ], [ 427668.5, 434408.75 ], [ 427668.25, 434408.75 ], [ 427668.25, 434409.0 ], [ 427667.75, 434409.0 ], [ 427667.75, 434409.25 ], [ 427667.25, 434409.25 ], [ 427667.25, 434409.5 ], [ 427666.75, 434409.5 ], [ 427666.75, 434409.75 ], [ 427666.0, 434409.75 ], [ 427666.0, 434410.0 ], [ 427665.5, 434410.0 ], [ 427665.5, 434410.25 ], [ 427665.0, 434410.25 ], [ 427665.0, 434410.5 ], [ 427664.5, 434410.5 ], [ 427664.5, 434410.75 ], [ 427664.0, 434410.75 ], [ 427664.0, 434411.0 ], [ 427663.5, 434411.0 ], [ 427663.5, 434411.25 ], [ 427663.0, 434411.25 ], [ 427663.0, 434411.5 ], [ 427662.25, 434411.5 ], [ 427662.25, 434411.75 ], [ 427661.75, 434411.75 ], [ 427661.75, 434412.0 ], [ 427661.0, 434412.0 ], [ 427661.0, 434412.25 ], [ 427660.25, 434412.25 ], [ 427660.25, 434412.5 ], [ 427659.5, 434412.5 ], [ 427659.5, 434412.75 ], [ 427658.5, 434412.75 ], [ 427658.5, 434413.0 ], [ 427657.75, 434413.0 ], [ 427657.75, 434413.25 ], [ 427657.0, 434413.25 ], [ 427657.0, 434413.5 ], [ 427656.5, 434413.5 ], [ 427656.5, 434413.75 ], [ 427656.0, 434413.75 ], [ 427656.0, 434414.0 ], [ 427655.75, 434414.0 ], [ 427655.75, 434414.25 ], [ 427655.25, 434414.25 ], [ 427655.25, 434414.5 ], [ 427655.0, 434414.5 ], [ 427655.0, 434414.75 ], [ 427654.5, 434414.75 ], [ 427654.5, 434415.0 ], [ 427653.0, 434415.0 ], [ 427653.0, 434415.25 ], [ 427648.5, 434415.25 ], [ 427648.5, 434415.0 ], [ 427647.0, 434415.0 ], [ 427647.0, 434414.75 ], [ 427645.75, 434414.75 ], [ 427645.75, 434414.5 ], [ 427645.25, 434414.5 ], [ 427645.25, 434414.75 ], [ 427644.5, 434414.75 ], [ 427644.5, 434415.0 ], [ 427643.5, 434415.0 ], [ 427643.5, 434415.25 ], [ 427643.25, 434415.25 ], [ 427643.25, 434415.5 ], [ 427642.75, 434415.5 ], [ 427642.75, 434415.75 ], [ 427641.0, 434415.75 ], [ 427641.0, 434415.5 ], [ 427640.5, 434415.5 ], [ 427640.5, 434415.25 ], [ 427640.0, 434415.25 ], [ 427640.0, 434425.0 ], [ 427637.75, 434425.0 ], [ 427637.75, 434425.25 ], [ 427637.25, 434425.25 ], [ 427637.25, 434425.5 ], [ 427636.75, 434425.5 ], [ 427636.75, 434425.75 ], [ 427636.25, 434425.75 ], [ 427636.25, 434426.0 ], [ 427635.75, 434426.0 ], [ 427635.75, 434426.25 ], [ 427635.0, 434426.25 ], [ 427635.0, 434426.5 ], [ 427634.5, 434426.5 ], [ 427634.5, 434426.75 ], [ 427634.0, 434426.75 ], [ 427634.0, 434427.0 ], [ 427633.25, 434427.0 ], [ 427633.25, 434427.25 ], [ 427632.75, 434427.25 ], [ 427632.75, 434427.5 ], [ 427632.0, 434427.5 ], [ 427632.0, 434427.75 ], [ 427631.0, 434427.75 ], [ 427631.0, 434428.0 ], [ 427630.25, 434428.0 ], [ 427630.25, 434428.25 ], [ 427629.5, 434428.25 ], [ 427629.5, 434428.5 ], [ 427628.75, 434428.5 ], [ 427628.75, 434428.75 ], [ 427628.0, 434428.75 ], [ 427628.0, 434429.0 ], [ 427627.25, 434429.0 ], [ 427627.25, 434429.25 ], [ 427626.75, 434429.25 ], [ 427626.75, 434429.5 ], [ 427626.25, 434429.5 ], [ 427626.25, 434429.75 ], [ 427625.5, 434429.75 ], [ 427625.5, 434430.0 ], [ 427625.25, 434430.0 ], [ 427625.25, 434430.25 ], [ 427624.75, 434430.25 ], [ 427624.75, 434430.5 ], [ 427624.25, 434430.5 ], [ 427624.25, 434430.75 ], [ 427623.75, 434430.75 ], [ 427623.75, 434431.0 ], [ 427623.25, 434431.0 ], [ 427623.25, 434431.25 ], [ 427622.5, 434431.25 ], [ 427622.5, 434431.5 ], [ 427621.75, 434431.5 ], [ 427621.75, 434431.75 ], [ 427621.0, 434431.75 ], [ 427621.0, 434432.0 ], [ 427620.25, 434432.0 ], [ 427620.25, 434432.25 ], [ 427619.25, 434432.25 ], [ 427619.25, 434432.5 ], [ 427618.5, 434432.5 ], [ 427618.5, 434432.75 ], [ 427617.75, 434432.75 ], [ 427617.75, 434433.0 ], [ 427617.0, 434433.0 ], [ 427617.0, 434433.25 ], [ 427616.5, 434433.25 ], [ 427616.5, 434433.5 ], [ 427616.25, 434433.5 ], [ 427616.25, 434433.75 ], [ 427615.75, 434433.75 ], [ 427615.75, 434434.0 ], [ 427615.5, 434434.0 ], [ 427615.5, 434434.25 ], [ 427615.0, 434434.25 ], [ 427615.0, 434434.5 ], [ 427614.75, 434434.5 ], [ 427614.75, 434434.75 ], [ 427614.5, 434434.75 ], [ 427614.5, 434435.0 ], [ 427614.0, 434435.0 ], [ 427614.0, 434435.25 ], [ 427613.75, 434435.25 ], [ 427613.75, 434435.5 ], [ 427613.25, 434435.5 ], [ 427613.25, 434435.75 ], [ 427612.75, 434435.75 ], [ 427612.75, 434436.0 ], [ 427612.25, 434436.0 ], [ 427612.25, 434436.25 ], [ 427611.75, 434436.25 ], [ 427611.75, 434436.5 ], [ 427611.25, 434436.5 ], [ 427611.25, 434436.75 ], [ 427610.75, 434436.75 ], [ 427610.75, 434437.0 ], [ 427609.75, 434437.0 ], [ 427609.75, 434437.25 ], [ 427608.5, 434437.25 ], [ 427608.5, 434437.5 ], [ 427607.5, 434437.5 ], [ 427607.5, 434437.75 ], [ 427606.75, 434437.75 ], [ 427606.75, 434438.0 ], [ 427605.75, 434438.0 ], [ 427605.75, 434438.25 ], [ 427604.5, 434438.25 ], [ 427604.5, 434438.5 ], [ 427601.5, 434438.5 ], [ 427601.5, 434438.75 ], [ 427600.25, 434438.75 ], [ 427600.25, 434438.5 ], [ 427599.25, 434438.5 ], [ 427599.25, 434438.25 ], [ 427597.75, 434438.25 ], [ 427597.75, 434438.5 ], [ 427597.25, 434438.5 ], [ 427597.25, 434438.75 ], [ 427597.0, 434438.75 ], [ 427597.0, 434439.0 ], [ 427596.75, 434439.0 ], [ 427596.75, 434439.25 ], [ 427596.5, 434439.25 ], [ 427596.5, 434439.5 ], [ 427596.25, 434439.5 ], [ 427596.25, 434439.75 ], [ 427596.0, 434439.75 ], [ 427596.0, 434440.25 ], [ 427595.75, 434440.25 ], [ 427595.75, 434440.75 ], [ 427595.5, 434440.75 ], [ 427595.5, 434441.25 ], [ 427595.25, 434441.25 ], [ 427595.25, 434441.75 ], [ 427595.0, 434441.75 ], [ 427595.0, 434442.5 ], [ 427594.75, 434442.5 ], [ 427594.75, 434442.75 ], [ 427594.5, 434442.75 ], [ 427594.5, 434443.25 ], [ 427594.25, 434443.25 ], [ 427594.25, 434443.5 ], [ 427594.0, 434443.5 ], [ 427594.0, 434443.75 ], [ 427593.75, 434443.75 ], [ 427593.75, 434444.0 ], [ 427593.5, 434444.0 ], [ 427593.5, 434444.25 ], [ 427593.25, 434444.25 ], [ 427593.25, 434444.5 ], [ 427593.0, 434444.5 ], [ 427593.0, 434444.75 ], [ 427592.75, 434444.75 ], [ 427592.75, 434445.0 ], [ 427592.25, 434445.0 ], [ 427592.25, 434445.25 ], [ 427592.0, 434445.25 ], [ 427592.0, 434445.5 ], [ 427591.75, 434445.5 ], [ 427591.75, 434445.75 ], [ 427591.25, 434445.75 ], [ 427591.25, 434446.0 ], [ 427590.75, 434446.0 ], [ 427590.75, 434446.25 ], [ 427590.0, 434446.25 ], [ 427590.0, 434446.5 ], [ 427589.25, 434446.5 ], [ 427589.25, 434446.75 ], [ 427588.75, 434446.75 ], [ 427588.75, 434447.0 ], [ 427588.0, 434447.0 ], [ 427588.0, 434447.25 ], [ 427587.0, 434447.25 ], [ 427587.0, 434447.5 ], [ 427586.0, 434447.5 ], [ 427586.0, 434447.75 ], [ 427585.5, 434447.75 ], [ 427585.5, 434448.0 ], [ 427584.75, 434448.0 ], [ 427584.75, 434448.25 ], [ 427584.0, 434448.25 ], [ 427584.0, 434448.5 ], [ 427583.5, 434448.5 ], [ 427583.5, 434448.75 ], [ 427582.5, 434448.75 ], [ 427582.5, 434449.0 ], [ 427582.0, 434449.0 ], [ 427582.0, 434449.25 ], [ 427581.5, 434449.25 ], [ 427581.5, 434449.5 ], [ 427581.0, 434449.5 ], [ 427581.0, 434449.75 ], [ 427580.75, 434449.75 ], [ 427580.75, 434450.0 ], [ 427580.25, 434450.0 ], [ 427580.25, 434450.25 ], [ 427580.0, 434450.25 ], [ 427580.0, 434450.5 ], [ 427579.5, 434450.5 ], [ 427579.5, 434450.75 ], [ 427579.0, 434450.75 ], [ 427579.0, 434451.0 ], [ 427578.5, 434451.0 ], [ 427578.5, 434451.25 ], [ 427578.0, 434451.25 ], [ 427578.0, 434451.5 ], [ 427577.5, 434451.5 ], [ 427577.5, 434451.75 ], [ 427576.75, 434451.75 ], [ 427576.75, 434452.0 ], [ 427576.25, 434452.0 ], [ 427576.25, 434452.25 ], [ 427575.75, 434452.25 ], [ 427575.75, 434452.5 ], [ 427575.0, 434452.5 ], [ 427575.0, 434452.75 ], [ 427574.5, 434452.75 ], [ 427574.5, 434453.0 ], [ 427573.75, 434453.0 ], [ 427573.75, 434453.25 ], [ 427573.25, 434453.25 ], [ 427573.25, 434453.5 ], [ 427572.75, 434453.5 ], [ 427572.75, 434453.75 ], [ 427572.5, 434453.75 ], [ 427572.5, 434454.0 ], [ 427572.25, 434454.0 ], [ 427572.25, 434454.25 ], [ 427571.75, 434454.25 ], [ 427571.75, 434454.5 ], [ 427571.5, 434454.5 ], [ 427571.5, 434454.75 ], [ 427571.0, 434454.75 ], [ 427571.0, 434455.0 ], [ 427570.75, 434455.0 ], [ 427570.75, 434455.25 ], [ 427570.25, 434455.25 ], [ 427570.25, 434455.5 ], [ 427569.75, 434455.5 ], [ 427569.75, 434455.75 ], [ 427569.25, 434455.75 ], [ 427569.25, 434456.0 ], [ 427568.75, 434456.0 ], [ 427568.75, 434456.25 ], [ 427568.25, 434456.25 ], [ 427568.25, 434456.5 ], [ 427567.75, 434456.5 ], [ 427567.75, 434456.75 ], [ 427567.25, 434456.75 ], [ 427567.25, 434457.0 ], [ 427566.5, 434457.0 ], [ 427566.5, 434457.25 ], [ 427566.0, 434457.25 ], [ 427566.0, 434457.5 ], [ 427565.75, 434457.5 ], [ 427565.75, 434457.75 ], [ 427565.25, 434457.75 ], [ 427565.25, 434458.0 ], [ 427564.75, 434458.0 ], [ 427564.75, 434458.25 ], [ 427564.5, 434458.25 ], [ 427564.5, 434458.5 ], [ 427564.0, 434458.5 ], [ 427564.0, 434458.75 ], [ 427563.75, 434458.75 ], [ 427563.75, 434459.0 ], [ 427563.25, 434459.0 ], [ 427563.25, 434459.25 ], [ 427562.75, 434459.25 ], [ 427562.75, 434459.5 ], [ 427562.25, 434459.5 ], [ 427562.25, 434459.75 ], [ 427561.75, 434459.75 ], [ 427561.75, 434460.0 ], [ 427561.25, 434460.0 ], [ 427561.25, 434460.25 ], [ 427561.0, 434460.25 ], [ 427561.0, 434460.5 ], [ 427560.5, 434460.5 ], [ 427560.5, 434460.75 ], [ 427560.0, 434460.75 ], [ 427560.0, 434461.0 ], [ 427559.5, 434461.0 ], [ 427559.5, 434461.25 ], [ 427558.75, 434461.25 ], [ 427558.75, 434461.5 ], [ 427558.25, 434461.5 ], [ 427558.25, 434461.75 ], [ 427558.0, 434461.75 ], [ 427558.0, 434462.0 ], [ 427557.5, 434462.0 ], [ 427557.5, 434462.25 ], [ 427557.25, 434462.25 ], [ 427557.25, 434462.5 ], [ 427556.75, 434462.5 ], [ 427556.75, 434462.75 ], [ 427556.5, 434462.75 ], [ 427556.5, 434463.0 ], [ 427556.25, 434463.0 ], [ 427556.25, 434463.25 ], [ 427556.0, 434463.25 ], [ 427556.0, 434463.5 ], [ 427555.75, 434463.5 ], [ 427555.75, 434463.75 ], [ 427555.5, 434463.75 ], [ 427555.5, 434464.0 ], [ 427555.25, 434464.0 ], [ 427555.25, 434464.25 ], [ 427555.0, 434464.25 ], [ 427555.0, 434464.5 ], [ 427554.75, 434464.5 ], [ 427554.75, 434465.0 ], [ 427554.5, 434465.0 ], [ 427554.5, 434465.25 ], [ 427554.25, 434465.25 ], [ 427554.25, 434465.5 ], [ 427554.0, 434465.5 ], [ 427554.0, 434466.25 ], [ 427553.75, 434466.25 ], [ 427553.75, 434469.5 ], [ 427553.5, 434469.5 ], [ 427553.5, 434470.0 ], [ 427553.25, 434470.0 ], [ 427553.25, 434470.5 ], [ 427553.0, 434470.5 ], [ 427553.0, 434470.75 ], [ 427552.75, 434470.75 ], [ 427552.75, 434471.0 ], [ 427552.5, 434471.0 ], [ 427552.5, 434471.25 ], [ 427552.25, 434471.25 ], [ 427552.25, 434471.5 ], [ 427552.0, 434471.5 ], [ 427552.0, 434472.0 ], [ 427551.75, 434472.0 ], [ 427551.75, 434472.25 ], [ 427551.5, 434472.25 ], [ 427551.5, 434472.5 ], [ 427551.25, 434472.5 ], [ 427551.25, 434473.0 ], [ 427551.0, 434473.0 ], [ 427551.0, 434473.25 ], [ 427550.75, 434473.25 ], [ 427550.75, 434473.5 ], [ 427550.5, 434473.5 ], [ 427550.5, 434473.75 ], [ 427550.25, 434473.75 ], [ 427550.25, 434474.0 ], [ 427550.0, 434474.0 ], [ 427550.0, 434474.25 ], [ 427549.5, 434474.25 ], [ 427549.5, 434474.5 ], [ 427549.0, 434474.5 ], [ 427549.0, 434474.75 ], [ 427548.25, 434474.75 ], [ 427548.25, 434475.0 ], [ 427547.5, 434475.0 ], [ 427547.5, 434475.25 ], [ 427547.0, 434475.25 ], [ 427547.0, 434475.5 ], [ 427546.5, 434475.5 ], [ 427546.5, 434475.75 ], [ 427546.25, 434475.75 ], [ 427546.25, 434476.0 ], [ 427546.0, 434476.0 ], [ 427546.0, 434476.5 ], [ 427545.75, 434476.5 ], [ 427545.75, 434476.75 ], [ 427545.5, 434476.75 ], [ 427545.5, 434477.0 ], [ 427545.25, 434477.0 ], [ 427545.25, 434477.5 ], [ 427545.0, 434477.5 ], [ 427545.0, 434478.0 ], [ 427544.75, 434478.0 ], [ 427544.75, 434478.25 ], [ 427544.5, 434478.25 ], [ 427544.5, 434479.0 ], [ 427544.25, 434479.0 ], [ 427544.25, 434479.5 ], [ 427544.0, 434479.5 ], [ 427544.0, 434479.75 ], [ 427543.75, 434479.75 ], [ 427543.75, 434480.25 ], [ 427543.5, 434480.25 ], [ 427543.5, 434480.75 ], [ 427543.25, 434480.75 ], [ 427543.25, 434481.25 ], [ 427543.0, 434481.25 ], [ 427543.0, 434481.75 ], [ 427542.75, 434481.75 ], [ 427542.75, 434482.25 ], [ 427542.5, 434482.25 ], [ 427542.5, 434482.5 ], [ 427542.25, 434482.5 ], [ 427542.25, 434483.0 ], [ 427542.0, 434483.0 ], [ 427542.0, 434483.25 ], [ 427541.75, 434483.25 ], [ 427541.75, 434483.5 ], [ 427541.5, 434483.5 ], [ 427541.5, 434483.75 ], [ 427541.25, 434483.75 ], [ 427541.25, 434484.0 ], [ 427540.75, 434484.0 ], [ 427540.75, 434484.25 ], [ 427540.25, 434484.25 ], [ 427540.25, 434484.5 ], [ 427540.0, 434484.5 ], [ 427540.0, 434484.75 ], [ 427539.75, 434484.75 ], [ 427539.75, 434485.0 ], [ 427539.25, 434485.0 ], [ 427539.25, 434485.25 ], [ 427538.5, 434485.25 ], [ 427538.5, 434485.5 ], [ 427538.0, 434485.5 ], [ 427538.0, 434485.75 ], [ 427537.75, 434485.75 ], [ 427537.75, 434486.0 ], [ 427537.25, 434486.0 ], [ 427537.25, 434486.25 ], [ 427537.0, 434486.25 ], [ 427537.0, 434487.25 ], [ 427537.25, 434487.25 ], [ 427537.25, 434488.0 ], [ 427526.5, 434488.0 ], [ 427526.5, 434489.25 ], [ 427526.75, 434489.25 ], [ 427526.75, 434489.5 ], [ 427526.5, 434489.5 ], [ 427526.5, 434490.0 ], [ 427526.25, 434490.0 ], [ 427526.25, 434490.25 ], [ 427526.0, 434490.25 ], [ 427526.0, 434490.5 ], [ 427525.75, 434490.5 ], [ 427525.75, 434490.75 ], [ 427525.25, 434490.75 ], [ 427525.25, 434491.25 ], [ 427525.0, 434491.25 ], [ 427525.0, 434491.5 ], [ 427524.5, 434491.5 ], [ 427524.5, 434491.75 ], [ 427524.25, 434491.75 ], [ 427524.25, 434492.0 ], [ 427523.75, 434492.0 ], [ 427523.75, 434492.25 ], [ 427523.5, 434492.25 ], [ 427523.5, 434492.5 ], [ 427523.25, 434492.5 ], [ 427523.25, 434492.75 ], [ 427522.75, 434492.75 ], [ 427522.75, 434493.0 ], [ 427522.25, 434493.0 ], [ 427522.25, 434493.25 ], [ 427522.0, 434493.25 ], [ 427522.0, 434493.5 ], [ 427521.5, 434493.5 ], [ 427521.5, 434493.75 ], [ 427521.0, 434493.75 ], [ 427521.0, 434494.0 ], [ 427520.5, 434494.0 ], [ 427520.5, 434494.25 ], [ 427520.0, 434494.25 ], [ 427520.0, 434494.5 ], [ 427519.75, 434494.5 ], [ 427519.75, 434494.75 ], [ 427519.0, 434494.75 ], [ 427519.0, 434495.0 ], [ 427518.25, 434495.0 ], [ 427518.25, 434495.25 ], [ 427517.25, 434495.25 ], [ 427517.25, 434495.5 ], [ 427516.25, 434495.5 ], [ 427516.25, 434495.75 ], [ 427515.25, 434495.75 ], [ 427515.25, 434496.0 ], [ 427512.0, 434496.0 ], [ 427512.0, 434498.25 ], [ 427508.75, 434498.25 ] ], [ [ 427589.5, 434423.5 ], [ 427590.25, 434423.5 ], [ 427590.25, 434423.25 ], [ 427590.5, 434423.25 ], [ 427590.5, 434423.0 ], [ 427590.75, 434423.0 ], [ 427590.75, 434421.25 ], [ 427590.5, 434421.25 ], [ 427590.5, 434421.0 ], [ 427590.25, 434421.0 ], [ 427590.25, 434420.75 ], [ 427590.0, 434420.75 ], [ 427590.0, 434420.5 ], [ 427589.5, 434420.5 ], [ 427589.5, 434420.25 ], [ 427589.25, 434420.25 ], [ 427589.25, 434420.5 ], [ 427589.0, 434420.5 ], [ 427589.0, 434420.75 ], [ 427588.75, 434420.75 ], [ 427588.75, 434421.25 ], [ 427588.5, 434421.25 ], [ 427588.5, 434421.75 ], [ 427588.75, 434421.75 ], [ 427588.75, 434422.5 ], [ 427589.0, 434422.5 ], [ 427589.0, 434423.0 ], [ 427589.25, 434423.0 ], [ 427589.25, 434423.25 ], [ 427589.5, 434423.25 ], [ 427589.5, 434423.5 ] ], [ [ 427586.25, 434414.75 ], [ 427586.5, 434414.75 ], [ 427586.5, 434414.0 ], [ 427586.25, 434414.0 ], [ 427586.25, 434413.5 ], [ 427585.75, 434413.5 ], [ 427585.75, 434413.25 ], [ 427585.5, 434413.25 ], [ 427585.5, 434414.5 ], [ 427586.25, 434414.5 ], [ 427586.25, 434414.75 ] ], [ [ 427530.0, 434379.5 ], [ 427532.0, 434379.5 ], [ 427532.0, 434379.25 ], [ 427534.75, 434379.25 ], [ 427534.75, 434379.0 ], [ 427535.25, 434379.0 ], [ 427535.25, 434378.75 ], [ 427537.0, 434378.75 ], [ 427537.0, 434378.5 ], [ 427538.25, 434378.5 ], [ 427538.25, 434378.25 ], [ 427538.75, 434378.25 ], [ 427538.75, 434378.0 ], [ 427539.25, 434378.0 ], [ 427539.25, 434377.75 ], [ 427539.75, 434377.75 ], [ 427539.75, 434377.5 ], [ 427540.25, 434377.5 ], [ 427540.25, 434377.25 ], [ 427540.75, 434377.25 ], [ 427540.75, 434377.0 ], [ 427541.25, 434377.0 ], [ 427541.25, 434376.75 ], [ 427541.75, 434376.75 ], [ 427541.75, 434376.5 ], [ 427542.5, 434376.5 ], [ 427542.5, 434376.25 ], [ 427543.0, 434376.25 ], [ 427543.0, 434376.0 ], [ 427543.5, 434376.0 ], [ 427543.5, 434375.75 ], [ 427544.25, 434375.75 ], [ 427544.25, 434375.5 ], [ 427545.0, 434375.5 ], [ 427545.0, 434375.25 ], [ 427545.5, 434375.25 ], [ 427545.5, 434375.0 ], [ 427546.0, 434375.0 ], [ 427546.0, 434374.75 ], [ 427546.5, 434374.75 ], [ 427546.5, 434374.5 ], [ 427547.0, 434374.5 ], [ 427547.0, 434374.25 ], [ 427547.25, 434374.25 ], [ 427547.25, 434374.0 ], [ 427547.5, 434374.0 ], [ 427547.5, 434373.75 ], [ 427548.0, 434373.75 ], [ 427548.0, 434373.5 ], [ 427548.5, 434373.5 ], [ 427548.5, 434373.25 ], [ 427549.0, 434373.25 ], [ 427549.0, 434373.0 ], [ 427549.5, 434373.0 ], [ 427549.5, 434372.75 ], [ 427550.25, 434372.75 ], [ 427550.25, 434372.5 ], [ 427551.0, 434372.5 ], [ 427551.0, 434372.25 ], [ 427551.5, 434372.25 ], [ 427551.5, 434372.0 ], [ 427552.0, 434372.0 ], [ 427552.0, 434371.75 ], [ 427552.5, 434371.75 ], [ 427552.5, 434371.5 ], [ 427553.0, 434371.5 ], [ 427553.0, 434371.25 ], [ 427553.5, 434371.25 ], [ 427553.5, 434371.0 ], [ 427554.0, 434371.0 ], [ 427554.0, 434370.75 ], [ 427554.5, 434370.75 ], [ 427554.5, 434370.5 ], [ 427555.0, 434370.5 ], [ 427555.0, 434370.25 ], [ 427555.25, 434370.25 ], [ 427555.25, 434370.0 ], [ 427555.5, 434370.0 ], [ 427555.5, 434369.75 ], [ 427556.0, 434369.75 ], [ 427556.0, 434369.5 ], [ 427556.25, 434369.5 ], [ 427556.25, 434369.0 ], [ 427556.5, 434369.0 ], [ 427556.5, 434368.75 ], [ 427556.75, 434368.75 ], [ 427556.75, 434368.5 ], [ 427557.0, 434368.5 ], [ 427557.0, 434368.25 ], [ 427557.25, 434368.25 ], [ 427557.25, 434368.0 ], [ 427557.5, 434368.0 ], [ 427557.5, 434367.75 ], [ 427557.75, 434367.75 ], [ 427557.75, 434367.5 ], [ 427558.25, 434367.5 ], [ 427558.25, 434367.25 ], [ 427559.0, 434367.25 ], [ 427559.0, 434367.5 ], [ 427560.75, 434367.5 ], [ 427560.75, 434367.75 ], [ 427562.5, 434367.75 ], [ 427562.5, 434367.5 ], [ 427562.75, 434367.5 ], [ 427562.75, 434367.25 ], [ 427563.0, 434367.25 ], [ 427563.0, 434367.0 ], [ 427563.25, 434367.0 ], [ 427563.25, 434366.75 ], [ 427563.5, 434366.75 ], [ 427563.5, 434366.0 ], [ 427563.75, 434366.0 ], [ 427563.75, 434360.0 ], [ 427552.75, 434360.0 ], [ 427552.75, 434357.5 ], [ 427552.5, 434357.5 ], [ 427552.5, 434357.0 ], [ 427552.25, 434357.0 ], [ 427552.25, 434356.25 ], [ 427552.0, 434356.25 ], [ 427552.0, 434355.75 ], [ 427551.75, 434355.75 ], [ 427551.75, 434355.25 ], [ 427551.5, 434355.25 ], [ 427551.5, 434355.0 ], [ 427551.25, 434355.0 ], [ 427551.25, 434354.5 ], [ 427551.0, 434354.5 ], [ 427551.0, 434354.25 ], [ 427550.75, 434354.25 ], [ 427550.75, 434354.0 ], [ 427550.5, 434354.0 ], [ 427550.5, 434353.75 ], [ 427550.25, 434353.75 ], [ 427550.25, 434353.5 ], [ 427550.0, 434353.5 ], [ 427550.0, 434353.0 ], [ 427549.75, 434353.0 ], [ 427549.75, 434352.5 ], [ 427549.5, 434352.5 ], [ 427549.5, 434352.25 ], [ 427549.25, 434352.25 ], [ 427549.25, 434351.75 ], [ 427549.0, 434351.75 ], [ 427549.0, 434351.5 ], [ 427548.75, 434351.5 ], [ 427548.75, 434351.0 ], [ 427548.5, 434351.0 ], [ 427548.5, 434350.5 ], [ 427548.25, 434350.5 ], [ 427548.25, 434350.25 ], [ 427548.0, 434350.25 ], [ 427548.0, 434350.0 ], [ 427547.75, 434350.0 ], [ 427547.75, 434349.75 ], [ 427547.5, 434349.75 ], [ 427547.5, 434349.5 ], [ 427547.25, 434349.5 ], [ 427547.25, 434349.25 ], [ 427546.75, 434349.25 ], [ 427546.75, 434349.0 ], [ 427545.0, 434349.0 ], [ 427545.0, 434349.25 ], [ 427544.0, 434349.25 ], [ 427544.0, 434349.5 ], [ 427543.5, 434349.5 ], [ 427543.5, 434349.75 ], [ 427542.75, 434349.75 ], [ 427542.75, 434350.0 ], [ 427542.25, 434350.0 ], [ 427542.25, 434350.25 ], [ 427541.75, 434350.25 ], [ 427541.75, 434350.5 ], [ 427541.25, 434350.5 ], [ 427541.25, 434350.75 ], [ 427540.75, 434350.75 ], [ 427540.75, 434351.0 ], [ 427540.25, 434351.0 ], [ 427540.25, 434351.25 ], [ 427539.75, 434351.25 ], [ 427539.75, 434351.5 ], [ 427539.0, 434351.5 ], [ 427539.0, 434351.75 ], [ 427538.25, 434351.75 ], [ 427538.25, 434352.0 ], [ 427537.25, 434352.0 ], [ 427537.25, 434352.25 ], [ 427536.5, 434352.25 ], [ 427536.5, 434352.5 ], [ 427535.75, 434352.5 ], [ 427535.75, 434352.75 ], [ 427535.0, 434352.75 ], [ 427535.0, 434353.0 ], [ 427534.25, 434353.0 ], [ 427534.25, 434353.25 ], [ 427533.5, 434353.25 ], [ 427533.5, 434353.5 ], [ 427533.0, 434353.5 ], [ 427533.0, 434353.75 ], [ 427532.75, 434353.75 ], [ 427532.75, 434354.0 ], [ 427532.25, 434354.0 ], [ 427532.25, 434354.25 ], [ 427531.75, 434354.25 ], [ 427531.75, 434354.5 ], [ 427531.5, 434354.5 ], [ 427531.5, 434354.75 ], [ 427531.0, 434354.75 ], [ 427531.0, 434355.0 ], [ 427530.75, 434355.0 ], [ 427530.75, 434355.25 ], [ 427530.25, 434355.25 ], [ 427530.25, 434355.5 ], [ 427529.5, 434355.5 ], [ 427529.5, 434355.75 ], [ 427529.25, 434355.75 ], [ 427529.25, 434356.0 ], [ 427528.75, 434356.0 ], [ 427528.75, 434356.25 ], [ 427528.25, 434356.25 ], [ 427528.25, 434356.5 ], [ 427528.0, 434356.5 ], [ 427528.0, 434356.75 ], [ 427527.5, 434356.75 ], [ 427527.5, 434357.0 ], [ 427527.25, 434357.0 ], [ 427527.25, 434357.25 ], [ 427527.0, 434357.25 ], [ 427527.0, 434357.5 ], [ 427526.75, 434357.5 ], [ 427526.75, 434357.75 ], [ 427526.5, 434357.75 ], [ 427526.5, 434358.0 ], [ 427526.25, 434358.0 ], [ 427526.25, 434358.5 ], [ 427526.0, 434358.5 ], [ 427526.0, 434359.0 ], [ 427526.25, 434359.0 ], [ 427526.25, 434360.0 ], [ 427526.0, 434360.0 ], [ 427526.0, 434362.5 ], [ 427526.25, 434362.5 ], [ 427526.25, 434363.25 ], [ 427526.5, 434363.25 ], [ 427526.5, 434364.0 ], [ 427526.75, 434364.0 ], [ 427526.75, 434364.5 ], [ 427527.0, 434364.5 ], [ 427527.0, 434365.5 ], [ 427527.25, 434365.5 ], [ 427527.25, 434366.25 ], [ 427527.5, 434366.25 ], [ 427527.5, 434367.25 ], [ 427527.75, 434367.25 ], [ 427527.75, 434368.25 ], [ 427528.0, 434368.25 ], [ 427528.0, 434369.0 ], [ 427528.25, 434369.0 ], [ 427528.25, 434370.0 ], [ 427528.5, 434370.0 ], [ 427528.5, 434373.25 ], [ 427528.75, 434373.25 ], [ 427528.75, 434374.0 ], [ 427528.5, 434374.0 ], [ 427528.5, 434376.0 ], [ 427528.25, 434376.0 ], [ 427528.25, 434377.75 ], [ 427528.5, 434377.75 ], [ 427528.5, 434378.5 ], [ 427528.75, 434378.5 ], [ 427528.75, 434378.75 ], [ 427529.0, 434378.75 ], [ 427529.0, 434379.0 ], [ 427529.25, 434379.0 ], [ 427529.25, 434379.25 ], [ 427530.0, 434379.25 ], [ 427530.0, 434379.5 ] ], [ [ 427521.25, 434320.75 ], [ 427523.25, 434320.75 ], [ 427523.25, 434320.5 ], [ 427523.75, 434320.5 ], [ 427523.75, 434320.25 ], [ 427524.25, 434320.25 ], [ 427524.25, 434320.0 ], [ 427525.0, 434320.0 ], [ 427525.0, 434319.75 ], [ 427526.5, 434319.75 ], [ 427526.5, 434320.0 ], [ 427528.0, 434320.0 ], [ 427528.0, 434320.25 ], [ 427529.0, 434320.25 ], [ 427529.0, 434320.5 ], [ 427531.75, 434320.5 ], [ 427531.75, 434320.25 ], [ 427534.25, 434320.25 ], [ 427534.25, 434320.0 ], [ 427535.25, 434320.0 ], [ 427535.25, 434319.75 ], [ 427536.25, 434319.75 ], [ 427536.25, 434319.5 ], [ 427537.0, 434319.5 ], [ 427537.0, 434319.25 ], [ 427538.0, 434319.25 ], [ 427538.0, 434319.0 ], [ 427539.0, 434319.0 ], [ 427539.0, 434318.75 ], [ 427539.75, 434318.75 ], [ 427539.75, 434318.5 ], [ 427540.25, 434318.5 ], [ 427540.25, 434318.25 ], [ 427541.0, 434318.25 ], [ 427541.0, 434318.0 ], [ 427541.75, 434318.0 ], [ 427541.75, 434317.75 ], [ 427542.5, 434317.75 ], [ 427542.5, 434317.5 ], [ 427543.25, 434317.5 ], [ 427543.25, 434317.25 ], [ 427544.0, 434317.25 ], [ 427544.0, 434317.0 ], [ 427544.75, 434317.0 ], [ 427544.75, 434316.75 ], [ 427545.5, 434316.75 ], [ 427545.5, 434316.5 ], [ 427545.75, 434316.5 ], [ 427545.75, 434316.25 ], [ 427546.0, 434316.25 ], [ 427546.0, 434316.0 ], [ 427546.25, 434316.0 ], [ 427546.25, 434315.75 ], [ 427546.5, 434315.75 ], [ 427546.5, 434315.5 ], [ 427546.75, 434315.5 ], [ 427546.75, 434315.25 ], [ 427547.0, 434315.25 ], [ 427547.0, 434315.0 ], [ 427547.5, 434315.0 ], [ 427547.5, 434314.75 ], [ 427547.75, 434314.75 ], [ 427547.75, 434314.5 ], [ 427548.0, 434314.5 ], [ 427548.0, 434313.5 ], [ 427548.25, 434313.5 ], [ 427548.25, 434312.75 ], [ 427548.0, 434312.75 ], [ 427548.0, 434312.5 ], [ 427548.25, 434312.5 ], [ 427548.25, 434311.0 ], [ 427548.5, 434311.0 ], [ 427548.5, 434309.5 ], [ 427548.25, 434309.5 ], [ 427548.25, 434307.5 ], [ 427548.0, 434307.5 ], [ 427548.0, 434306.25 ], [ 427547.75, 434306.25 ], [ 427547.75, 434305.75 ], [ 427547.5, 434305.75 ], [ 427547.5, 434305.0 ], [ 427547.25, 434305.0 ], [ 427547.25, 434304.5 ], [ 427547.0, 434304.5 ], [ 427547.0, 434304.25 ], [ 427546.75, 434304.25 ], [ 427546.75, 434303.75 ], [ 427546.5, 434303.75 ], [ 427546.5, 434303.5 ], [ 427546.25, 434303.5 ], [ 427546.25, 434303.0 ], [ 427546.0, 434303.0 ], [ 427546.0, 434302.25 ], [ 427545.75, 434302.25 ], [ 427545.75, 434300.0 ], [ 427546.0, 434300.0 ], [ 427546.0, 434299.25 ], [ 427546.25, 434299.25 ], [ 427546.25, 434299.0 ], [ 427546.5, 434299.0 ], [ 427546.5, 434298.75 ], [ 427546.75, 434298.75 ], [ 427546.75, 434298.5 ], [ 427547.0, 434298.5 ], [ 427547.0, 434297.5 ], [ 427546.75, 434297.5 ], [ 427546.75, 434297.25 ], [ 427546.25, 434297.25 ], [ 427546.25, 434297.0 ], [ 427546.0, 434297.0 ], [ 427546.0, 434296.75 ], [ 427545.75, 434296.75 ], [ 427545.75, 434296.5 ], [ 427545.5, 434296.5 ], [ 427545.5, 434296.25 ], [ 427545.0, 434296.25 ], [ 427545.0, 434296.0 ], [ 427544.5, 434296.0 ], [ 427544.5, 434295.75 ], [ 427544.25, 434295.75 ], [ 427544.25, 434295.5 ], [ 427544.0, 434295.5 ], [ 427544.0, 434295.0 ], [ 427543.75, 434295.0 ], [ 427543.75, 434294.75 ], [ 427543.25, 434294.75 ], [ 427543.25, 434294.5 ], [ 427542.5, 434294.5 ], [ 427542.5, 434294.25 ], [ 427539.5, 434294.25 ], [ 427539.5, 434294.0 ], [ 427534.25, 434294.0 ], [ 427534.25, 434294.25 ], [ 427532.75, 434294.25 ], [ 427532.75, 434294.5 ], [ 427532.0, 434294.5 ], [ 427532.0, 434294.75 ], [ 427531.25, 434294.75 ], [ 427531.25, 434295.0 ], [ 427530.5, 434295.0 ], [ 427530.5, 434295.25 ], [ 427529.75, 434295.25 ], [ 427529.75, 434295.5 ], [ 427529.0, 434295.5 ], [ 427529.0, 434295.75 ], [ 427528.5, 434295.75 ], [ 427528.5, 434296.0 ], [ 427528.0, 434296.0 ], [ 427528.0, 434296.25 ], [ 427527.5, 434296.25 ], [ 427527.5, 434296.5 ], [ 427526.75, 434296.5 ], [ 427526.75, 434296.75 ], [ 427526.25, 434296.75 ], [ 427526.25, 434297.0 ], [ 427525.75, 434297.0 ], [ 427525.75, 434297.25 ], [ 427525.5, 434297.25 ], [ 427525.5, 434297.5 ], [ 427525.25, 434297.5 ], [ 427525.25, 434297.75 ], [ 427525.0, 434297.75 ], [ 427525.0, 434298.0 ], [ 427524.75, 434298.0 ], [ 427524.75, 434298.25 ], [ 427524.5, 434298.25 ], [ 427524.5, 434298.75 ], [ 427524.25, 434298.75 ], [ 427524.25, 434299.0 ], [ 427524.0, 434299.0 ], [ 427524.0, 434299.5 ], [ 427523.75, 434299.5 ], [ 427523.75, 434299.75 ], [ 427523.5, 434299.75 ], [ 427523.5, 434300.0 ], [ 427523.0, 434300.0 ], [ 427523.0, 434300.25 ], [ 427522.75, 434300.25 ], [ 427522.75, 434300.5 ], [ 427522.5, 434300.5 ], [ 427522.5, 434300.75 ], [ 427522.25, 434300.75 ], [ 427522.25, 434301.0 ], [ 427522.0, 434301.0 ], [ 427522.0, 434301.25 ], [ 427521.5, 434301.25 ], [ 427521.5, 434301.5 ], [ 427521.25, 434301.5 ], [ 427521.25, 434302.0 ], [ 427521.0, 434302.0 ], [ 427521.0, 434303.0 ], [ 427520.75, 434303.0 ], [ 427520.75, 434304.0 ], [ 427520.5, 434304.0 ], [ 427520.5, 434304.5 ], [ 427520.25, 434304.5 ], [ 427520.25, 434305.0 ], [ 427520.0, 434305.0 ], [ 427520.0, 434305.25 ], [ 427519.75, 434305.25 ], [ 427519.75, 434305.5 ], [ 427519.5, 434305.5 ], [ 427519.5, 434305.75 ], [ 427519.25, 434305.75 ], [ 427519.25, 434306.0 ], [ 427519.0, 434306.0 ], [ 427519.0, 434306.25 ], [ 427518.5, 434306.25 ], [ 427518.5, 434306.5 ], [ 427518.25, 434306.5 ], [ 427518.25, 434307.25 ], [ 427518.0, 434307.25 ], [ 427518.0, 434308.5 ], [ 427517.75, 434308.5 ], [ 427517.75, 434309.0 ], [ 427517.5, 434309.0 ], [ 427517.5, 434310.5 ], [ 427517.75, 434310.5 ], [ 427517.75, 434311.75 ], [ 427517.5, 434311.75 ], [ 427517.5, 434312.75 ], [ 427517.25, 434312.75 ], [ 427517.25, 434314.0 ], [ 427517.0, 434314.0 ], [ 427517.0, 434314.75 ], [ 427516.75, 434314.75 ], [ 427516.75, 434315.25 ], [ 427516.5, 434315.25 ], [ 427516.5, 434315.75 ], [ 427516.75, 434315.75 ], [ 427516.75, 434316.25 ], [ 427517.0, 434316.25 ], [ 427517.0, 434316.5 ], [ 427517.25, 434316.5 ], [ 427517.25, 434317.0 ], [ 427517.5, 434317.0 ], [ 427517.5, 434317.5 ], [ 427517.75, 434317.5 ], [ 427517.75, 434318.0 ], [ 427518.0, 434318.0 ], [ 427518.0, 434318.25 ], [ 427518.25, 434318.25 ], [ 427518.25, 434318.5 ], [ 427518.5, 434318.5 ], [ 427518.5, 434318.75 ], [ 427518.75, 434318.75 ], [ 427518.75, 434319.25 ], [ 427519.0, 434319.25 ], [ 427519.0, 434319.5 ], [ 427519.25, 434319.5 ], [ 427519.25, 434319.75 ], [ 427520.0, 434319.75 ], [ 427520.0, 434320.0 ], [ 427520.75, 434320.0 ], [ 427520.75, 434320.25 ], [ 427521.0, 434320.25 ], [ 427521.0, 434320.5 ], [ 427521.25, 434320.5 ], [ 427521.25, 434320.75 ] ] ] } },
{ "type": "Feature", "properties": { }, "geometry": { "type": "Polygon", "coordinates": [ [ [ 427905.25, 434233.5 ], [ 427905.25, 434233.0 ], [ 427905.5, 434233.0 ], [ 427905.5, 434232.0 ], [ 427907.25, 434232.0 ], [ 427907.25, 434232.5 ], [ 427907.0, 434232.5 ], [ 427907.0, 434232.75 ], [ 427906.75, 434232.75 ], [ 427906.75, 434233.0 ], [ 427906.5, 434233.0 ], [ 427906.5, 434233.25 ], [ 427906.25, 434233.25 ], [ 427906.25, 434233.5 ], [ 427905.25, 434233.5 ] ] ] } },
{ "type": "Feature", "properties": { }, "geometry": { "type": "Polygon", "coordinates": [ [ [ 427871.25, 434209.75 ], [ 427871.25, 434209.5 ], [ 427871.5, 434209.5 ], [ 427871.5, 434209.25 ], [ 427871.75, 434209.25 ], [ 427871.75, 434209.75 ], [ 427871.25, 434209.75 ] ] ] } },
{ "type": "Feature", "properties": { }, "geometry": { "type": "Polygon", "coordinates": [ [ [ 427886.5, 434232.0 ], [ 427886.5, 434229.5 ], [ 427886.25, 434229.5 ], [ 427886.25, 434228.75 ], [ 427886.0, 434228.75 ], [ 427886.0, 434227.0 ], [ 427885.75, 434227.0 ], [ 427885.75, 434225.75 ], [ 427885.5, 434225.75 ], [ 427885.5, 434224.75 ], [ 427885.25, 434224.75 ], [ 427885.25, 434223.75 ], [ 427885.0, 434223.75 ], [ 427885.0, 434223.5 ], [ 427885.25, 434223.5 ], [ 427885.25, 434223.25 ], [ 427885.5, 434223.25 ], [ 427885.5, 434223.0 ], [ 427885.75, 434223.0 ], [ 427885.75, 434222.5 ], [ 427886.0, 434222.5 ], [ 427886.0, 434221.5 ], [ 427886.25, 434221.5 ], [ 427886.25, 434220.0 ], [ 427886.5, 434220.0 ], [ 427886.5, 434219.5 ], [ 427886.75, 434219.5 ], [ 427886.75, 434219.25 ], [ 427887.0, 434219.25 ], [ 427887.0, 434219.0 ], [ 427887.75, 434219.0 ], [ 427887.75, 434218.75 ], [ 427888.25, 434218.75 ], [ 427888.25, 434218.5 ], [ 427888.5, 434218.5 ], [ 427888.5, 434218.25 ], [ 427888.75, 434218.25 ], [ 427888.75, 434218.0 ], [ 427889.5, 434218.0 ], [ 427889.5, 434217.75 ], [ 427889.75, 434217.75 ], [ 427889.75, 434217.0 ], [ 427889.5, 434217.0 ], [ 427889.5, 434216.0 ], [ 427889.75, 434216.0 ], [ 427889.75, 434215.25 ], [ 427890.0, 434215.25 ], [ 427890.0, 434213.0 ], [ 427889.75, 434213.0 ], [ 427889.75, 434212.75 ], [ 427889.5, 434212.75 ], [ 427889.5, 434213.0 ], [ 427889.25, 434213.0 ], [ 427889.25, 434215.25 ], [ 427889.0, 434215.25 ], [ 427889.0, 434215.75 ], [ 427889.25, 434215.75 ], [ 427889.25, 434217.0 ], [ 427888.75, 434217.0 ], [ 427888.75, 434217.25 ], [ 427886.25, 434217.25 ], [ 427886.25, 434217.0 ], [ 427886.0, 434217.0 ], [ 427886.0, 434216.75 ], [ 427885.75, 434216.75 ], [ 427885.75, 434216.5 ], [ 427885.5, 434216.5 ], [ 427885.5, 434216.25 ], [ 427885.25, 434216.25 ], [ 427885.25, 434216.5 ], [ 427884.75, 434216.5 ], [ 427884.75, 434216.75 ], [ 427883.25, 434216.75 ], [ 427883.25, 434216.5 ], [ 427883.0, 434216.5 ], [ 427883.0, 434216.25 ], [ 427882.75, 434216.25 ], [ 427882.75, 434215.75 ], [ 427882.5, 434215.75 ], [ 427882.5, 434215.25 ], [ 427882.0, 434215.25 ], [ 427882.0, 434215.0 ], [ 427881.75, 434215.0 ], [ 427881.75, 434214.75 ], [ 427881.5, 434214.75 ], [ 427881.5, 434213.25 ], [ 427881.25, 434213.25 ], [ 427881.25, 434213.0 ], [ 427881.0, 434213.0 ], [ 427881.0, 434212.75 ], [ 427880.5, 434212.75 ], [ 427880.5, 434211.5 ], [ 427880.25, 434211.5 ], [ 427880.25, 434211.25 ], [ 427880.0, 434211.25 ], [ 427880.0, 434211.0 ], [ 427879.75, 434211.0 ], [ 427879.75, 434210.75 ], [ 427879.5, 434210.75 ], [ 427879.5, 434210.5 ], [ 427878.75, 434210.5 ], [ 427878.75, 434210.25 ], [ 427878.25, 434210.25 ], [ 427878.25, 434210.5 ], [ 427878.0, 434210.5 ], [ 427878.0, 434210.75 ], [ 427875.25, 434210.75 ], [ 427875.25, 434210.5 ], [ 427874.0, 434210.5 ], [ 427874.0, 434210.75 ], [ 427873.25, 434210.75 ], [ 427873.25, 434210.25 ], [ 427873.0, 434210.25 ], [ 427873.0, 434209.75 ], [ 427872.75, 434209.75 ], [ 427872.75, 434209.0 ], [ 427873.0, 434209.0 ], [ 427873.0, 434208.25 ], [ 427872.75, 434208.25 ], [ 427872.75, 434208.0 ], [ 427872.5, 434208.0 ], [ 427872.5, 434207.75 ], [ 427872.0, 434207.75 ], [ 427872.0, 434207.5 ], [ 427871.5, 434207.5 ], [ 427871.5, 434207.25 ], [ 427870.75, 434207.25 ], [ 427870.75, 434207.5 ], [ 427870.5, 434207.5 ], [ 427870.5, 434206.75 ], [ 427870.25, 434206.75 ], [ 427870.25, 434204.75 ], [ 427870.5, 434204.75 ], [ 427870.5, 434204.5 ], [ 427870.25, 434204.5 ], [ 427870.25, 434204.25 ], [ 427870.0, 434204.25 ], [ 427870.0, 434203.75 ], [ 427869.75, 434203.75 ], [ 427869.75, 434202.5 ], [ 427870.0, 434202.5 ], [ 427870.0, 434202.0 ], [ 427870.25, 434202.0 ], [ 427870.25, 434201.75 ], [ 427870.75, 434201.75 ], [ 427870.75, 434201.5 ], [ 427871.5, 434201.5 ], [ 427871.5, 434201.25 ], [ 427872.25, 434201.25 ], [ 427872.25, 434201.0 ], [ 427873.5, 434201.0 ], [ 427873.5, 434200.75 ], [ 427875.0, 434200.75 ], [ 427875.0, 434200.5 ], [ 427876.75, 434200.5 ], [ 427876.75, 434200.75 ], [ 427877.5, 434200.75 ], [ 427877.5, 434201.0 ], [ 427877.75, 434201.0 ], [ 427877.75, 434200.75 ], [ 427878.75, 434200.75 ], [ 427878.75, 434200.5 ], [ 427879.0, 434200.5 ], [ 427879.0, 434200.0 ], [ 427879.25, 434200.0 ], [ 427879.25, 434199.75 ], [ 427879.5, 434199.75 ], [ 427879.5, 434199.5 ], [ 427881.25, 434199.5 ], [ 427881.25, 434199.25 ], [ 427881.75, 434199.25 ], [ 427881.75, 434199.5 ], [ 427882.5, 434199.5 ], [ 427882.5, 434199.75 ], [ 427883.5, 434199.75 ], [ 427883.5, 434200.0 ], [ 427883.75, 434200.0 ], [ 427883.75, 434201.0 ], [ 427884.0, 434201.0 ], [ 427884.0, 434201.75 ], [ 427884.25, 434201.75 ], [ 427884.25, 434202.25 ], [ 427884.5, 434202.25 ], [ 427884.5, 434202.75 ], [ 427884.75, 434202.75 ], [ 427884.75, 434203.0 ], [ 427885.0, 434203.0 ], [ 427885.0, 434203.25 ], [ 427885.25, 434203.25 ], [ 427885.25, 434203.5 ], [ 427885.75, 434203.5 ], [ 427885.75, 434203.75 ], [ 427888.5, 434203.75 ], [ 427888.5, 434204.0 ], [ 427888.75, 434204.0 ], [ 427888.75, 434204.25 ], [ 427889.0, 434204.25 ], [ 427889.0, 434204.5 ], [ 427889.25, 434204.5 ], [ 427889.25, 434204.75 ], [ 427890.0, 434204.75 ], [ 427890.0, 434204.5 ], [ 427890.5, 434204.5 ], [ 427890.5, 434204.25 ], [ 427890.75, 434204.25 ], [ 427890.75, 434204.5 ], [ 427891.0, 434204.5 ], [ 427891.0, 434204.75 ], [ 427891.5, 434204.75 ], [ 427891.5, 434205.0 ], [ 427892.0, 434205.0 ], [ 427892.0, 434205.25 ], [ 427892.25, 434205.25 ], [ 427892.25, 434205.5 ], [ 427892.75, 434205.5 ], [ 427892.75, 434205.25 ], [ 427893.25, 434205.25 ], [ 427893.25, 434205.0 ], [ 427893.5, 434205.0 ], [ 427893.5, 434204.75 ], [ 427893.75, 434204.75 ], [ 427893.75, 434204.5 ], [ 427894.25, 434204.5 ], [ 427894.25, 434204.25 ], [ 427896.0, 434204.25 ], [ 427896.0, 434232.0 ], [ 427886.5, 434232.0 ] ], [ [ 427889.5, 434212.25 ], [ 427889.75, 434212.25 ], [ 427889.75, 434212.0 ], [ 427890.0, 434212.0 ], [ 427890.0, 434211.25 ], [ 427889.75, 434211.25 ], [ 427889.75, 434211.0 ], [ 427889.5, 434211.0 ], [ 427889.5, 434211.25 ], [ 427889.25, 434211.25 ], [ 427889.25, 434211.75 ], [ 427889.5, 434211.75 ], [ 427889.5, 434212.25 ] ], [ [ 427877.25, 434208.75 ], [ 427878.0, 434208.75 ], [ 427878.0, 434208.5 ], [ 427878.5, 434208.5 ], [ 427878.5, 434207.5 ], [ 427878.25, 434207.5 ], [ 427878.25, 434207.25 ], [ 427878.0, 434207.25 ], [ 427878.0, 434206.75 ], [ 427877.75, 434206.75 ], [ 427877.75, 434205.75 ], [ 427877.0, 434205.75 ], [ 427877.0, 434206.0 ], [ 427876.75, 434206.0 ], [ 427876.75, 434206.25 ], [ 427876.5, 434206.25 ], [ 427876.5, 434206.75 ], [ 427876.75, 434206.75 ], [ 427876.75, 434207.25 ], [ 427877.0, 434207.25 ], [ 427877.0, 434208.5 ], [ 427877.25, 434208.5 ], [ 427877.25, 434208.75 ] ], [ [ 427877.25, 434205.0 ], [ 427877.5, 434205.0 ], [ 427877.5, 434204.75 ], [ 427877.75, 434204.75 ], [ 427877.75, 434204.5 ], [ 427877.25, 434204.5 ], [ 427877.25, 434205.0 ] ] ] } },
{ "type": "Feature", "properties": { }, "geometry": { "type": "Polygon", "coordinates": [ [ [ 427000.0, 434220.75 ], [ 427000.0, 434203.75 ], [ 427004.0, 434203.75 ], [ 427004.0, 434203.5 ], [ 427009.75, 434203.5 ], [ 427009.75, 434203.25 ], [ 427012.0, 434203.25 ], [ 427012.0, 434203.0 ], [ 427013.5, 434203.0 ], [ 427013.5, 434202.75 ], [ 427014.25, 434202.75 ], [ 427014.25, 434202.5 ], [ 427015.25, 434202.5 ], [ 427015.25, 434202.25 ], [ 427016.5, 434202.25 ], [ 427016.5, 434202.0 ], [ 427017.25, 434202.0 ], [ 427017.25, 434201.75 ], [ 427018.25, 434201.75 ], [ 427018.25, 434201.5 ], [ 427019.0, 434201.5 ], [ 427019.0, 434201.25 ], [ 427020.0, 434201.25 ], [ 427020.0, 434201.0 ], [ 427020.75, 434201.0 ], [ 427020.75, 434200.75 ], [ 427021.75, 434200.75 ], [ 427021.75, 434200.5 ], [ 427025.0, 434200.5 ], [ 427025.0, 434200.25 ], [ 427031.25, 434200.25 ], [ 427031.25, 434200.0 ], [ 427032.75, 434200.0 ], [ 427032.75, 434199.75 ], [ 427034.0, 434199.75 ], [ 427034.0, 434199.5 ], [ 427035.75, 434199.5 ], [ 427035.75, 434199.25 ], [ 427037.5, 434199.25 ], [ 427037.5, 434199.0 ], [ 427041.0, 434199.0 ], [ 427041.0, 434198.75 ], [ 427045.75, 434198.75 ], [ 427045.75, 434198.5 ], [ 427047.0, 434198.5 ], [ 427047.0, 434198.25 ], [ 427048.25, 434198.25 ], [ 427048.25, 434198.0 ], [ 427049.5, 434198.0 ], [ 427049.5, 434197.75 ], [ 427050.25, 434197.75 ], [ 427050.25, 434197.5 ], [ 427051.25, 434197.5 ], [ 427051.25, 434197.25 ], [ 427053.0, 434197.25 ], [ 427053.0, 434197.0 ], [ 427054.25, 434197.0 ], [ 427054.25, 434196.75 ], [ 427055.5, 434196.75 ], [ 427055.5, 434196.5 ], [ 427056.75, 434196.5 ], [ 427056.75, 434196.25 ], [ 427058.25, 434196.25 ], [ 427058.25, 434196.0 ], [ 427060.25, 434196.0 ], [ 427060.25, 434195.75 ], [ 427061.25, 434195.75 ], [ 427061.25, 434195.5 ], [ 427062.0, 434195.5 ], [ 427062.0, 434195.25 ], [ 427062.75, 434195.25 ], [ 427062.75, 434195.0 ], [ 427063.75, 434195.0 ], [ 427063.75, 434194.75 ], [ 427064.75, 434194.75 ], [ 427064.75, 434194.5 ], [ 427065.5, 434194.5 ], [ 427065.5, 434194.25 ], [ 427066.75, 434194.25 ], [ 427066.75, 434194.0 ], [ 427068.75, 434194.0 ], [ 427068.75, 434193.75 ], [ 427071.5, 434193.75 ], [ 427071.5, 434193.5 ], [ 427072.5, 434193.5 ], [ 427072.5, 434193.25 ], [ 427074.25, 434193.25 ], [ 427074.25, 434193.0 ], [ 427075.25, 434193.0 ], [ 427075.25, 434192.75 ], [ 427076.25, 434192.75 ], [ 427076.25, 434192.5 ], [ 427077.5, 434192.5 ], [ 427077.5, 434192.25 ], [ 427082.0, 434192.25 ], [ 427082.0, 434192.0 ], [ 427084.25, 434192.0 ], [ 427084.25, 434191.75 ], [ 427086.25, 434191.75 ], [ 427086.25, 434191.5 ], [ 427088.5, 434191.5 ], [ 427088.5, 434191.25 ], [ 427088.75, 434191.25 ], [ 427088.75, 434191.5 ], [ 427089.5, 434191.5 ], [ 427089.5, 434191.25 ], [ 427091.75, 434191.25 ], [ 427091.75, 434191.0 ], [ 427098.25, 434191.0 ], [ 427098.25, 434190.75 ], [ 427101.0, 434190.75 ], [ 427101.0, 434190.5 ], [ 427102.0, 434190.5 ], [ 427102.0, 434190.75 ], [ 427108.0, 434190.75 ], [ 427108.0, 434191.0 ], [ 427114.0, 434191.0 ], [ 427114.0, 434191.25 ], [ 427115.25, 434191.25 ], [ 427115.25, 434191.5 ], [ 427115.75, 434191.5 ], [ 427115.75, 434191.75 ], [ 427116.0, 434191.75 ], [ 427116.0, 434192.0 ], [ 427116.5, 434192.0 ], [ 427116.5, 434192.25 ], [ 427116.75, 434192.25 ], [ 427116.75, 434192.5 ], [ 427117.0, 434192.5 ], [ 427117.0, 434192.75 ], [ 427117.25, 434192.75 ], [ 427117.25, 434193.0 ], [ 427117.5, 434193.0 ], [ 427117.5, 434193.5 ], [ 427117.75, 434193.5 ], [ 427117.75, 434193.75 ], [ 427118.0, 434193.75 ], [ 427118.0, 434194.0 ], [ 427118.25, 434194.0 ], [ 427118.25, 434194.25 ], [ 427118.5, 434194.25 ], [ 427118.5, 434194.75 ], [ 427118.75, 434194.75 ], [ 427118.75, 434195.25 ], [ 427119.0, 434195.25 ], [ 427119.0, 434199.0 ], [ 427118.75, 434199.0 ], [ 427118.75, 434201.75 ], [ 427118.5, 434201.75 ], [ 427118.5, 434202.25 ], [ 427118.25, 434202.25 ], [ 427118.25, 434202.5 ], [ 427118.0, 434202.5 ], [ 427118.0, 434202.75 ], [ 427117.75, 434202.75 ], [ 427117.75, 434203.25 ], [ 427117.5, 434203.25 ], [ 427117.5, 434203.5 ], [ 427117.25, 434203.5 ], [ 427117.25, 434203.75 ], [ 427116.75, 434203.75 ], [ 427116.75, 434204.0 ], [ 427116.25, 434204.0 ], [ 427116.25, 434204.25 ], [ 427115.5, 434204.25 ], [ 427115.5, 434204.5 ], [ 427115.0, 434204.5 ], [ 427115.0, 434204.75 ], [ 427114.5, 434204.75 ], [ 427114.5, 434205.0 ], [ 427114.0, 434205.0 ], [ 427114.0, 434205.25 ], [ 427113.5, 434205.25 ], [ 427113.5, 434205.5 ], [ 427113.0, 434205.5 ], [ 427113.0, 434205.75 ], [ 427112.5, 434205.75 ], [ 427112.5, 434206.0 ], [ 427111.75, 434206.0 ], [ 427111.75, 434206.25 ], [ 427111.0, 434206.25 ], [ 427111.0, 434206.5 ], [ 427110.0, 434206.5 ], [ 427110.0, 434206.75 ], [ 427109.0, 434206.75 ], [ 427109.0, 434207.0 ], [ 427108.25, 434207.0 ], [ 427108.25, 434207.25 ], [ 427107.5, 434207.25 ], [ 427107.5, 434207.5 ], [ 427106.0, 434207.5 ], [ 427106.0, 434207.75 ], [ 427104.0, 434207.75 ], [ 427104.0, 434208.0 ], [ 427103.0, 434208.0 ], [ 427103.0, 434208.25 ], [ 427101.75, 434208.25 ], [ 427101.75, 434208.5 ], [ 427100.5, 434208.5 ], [ 427100.5, 434208.75 ], [ 427098.5, 434208.75 ], [ 427098.5, 434209.0 ], [ 427097.25, 434209.0 ], [ 427097.25, 434209.25 ], [ 427095.25, 434209.25 ], [ 427095.25, 434209.5 ], [ 427094.25, 434209.5 ], [ 427094.25, 434209.75 ], [ 427093.25, 434209.75 ], [ 427093.25, 434210.0 ], [ 427091.75, 434210.0 ], [ 427091.75, 434210.25 ], [ 427090.5, 434210.25 ], [ 427090.5, 434210.5 ], [ 427088.75, 434210.5 ], [ 427088.75, 434210.75 ], [ 427085.75, 434210.75 ], [ 427085.75, 434211.0 ], [ 427083.5, 434211.0 ], [ 427083.5, 434211.25 ], [ 427081.75, 434211.25 ], [ 427081.75, 434211.5 ], [ 427080.25, 434211.5 ], [ 427080.25, 434211.75 ], [ 427077.5, 434211.75 ], [ 427077.5, 434212.0 ], [ 427074.75, 434212.0 ], [ 427074.75, 434212.25 ], [ 427072.25, 434212.25 ], [ 427072.25, 434212.5 ], [ 427069.25, 434212.5 ], [ 427069.25, 434212.75 ], [ 427067.75, 434212.75 ], [ 427067.75, 434213.0 ], [ 427066.5, 434213.0 ], [ 427066.5, 434213.25 ], [ 427065.0, 434213.25 ], [ 427065.0, 434213.5 ], [ 427062.75, 434213.5 ], [ 427062.75, 434213.75 ], [ 427060.25, 434213.75 ], [ 427060.25, 434214.0 ], [ 427058.5, 434214.0 ], [ 427058.5, 434214.25 ], [ 427056.25, 434214.25 ], [ 427056.25, 434214.5 ], [ 427054.25, 434214.5 ], [ 427054.25, 434214.75 ], [ 427051.5, 434214.75 ], [ 427051.5, 434215.0 ], [ 427049.75, 434215.0 ], [ 427049.75, 434215.25 ], [ 427048.75, 434215.25 ], [ 427048.75, 434215.5 ], [ 427047.5, 434215.5 ], [ 427047.5, 434215.75 ], [ 427046.0, 434215.75 ], [ 427046.0, 434216.0 ], [ 427044.5, 434216.0 ], [ 427044.5, 434216.25 ], [ 427043.25, 434216.25 ], [ 427043.25, 434216.5 ], [ 427040.5, 434216.5 ], [ 427040.5, 434216.75 ], [ 427038.0, 434216.75 ], [ 427038.0, 434217.0 ], [ 427035.5, 434217.0 ], [ 427035.5, 434217.25 ], [ 427033.25, 434217.25 ], [ 427033.25, 434217.5 ], [ 427029.5, 434217.5 ], [ 427029.5, 434217.75 ], [ 427027.5, 434217.75 ], [ 427027.5, 434218.0 ], [ 427026.0, 434218.0 ], [ 427026.0, 434218.25 ], [ 427025.0, 434218.25 ], [ 427025.0, 434218.5 ], [ 427023.5, 434218.5 ], [ 427023.5, 434218.75 ], [ 427022.25, 434218.75 ], [ 427022.25, 434219.0 ], [ 427020.5, 434219.0 ], [ 427020.5, 434219.25 ], [ 427019.0, 434219.25 ], [ 427019.0, 434219.5 ], [ 427016.75, 434219.5 ], [ 427016.75, 434219.75 ], [ 427013.75, 434219.75 ], [ 427013.75, 434220.0 ], [ 427010.75, 434220.0 ], [ 427010.75, 434220.25 ], [ 427008.75, 434220.25 ], [ 427008.75, 434220.5 ], [ 427005.5, 434220.5 ], [ 427005.5, 434220.75 ], [ 427000.0, 434220.75 ] ] ] } },
{ "type": "Feature", "properties": { }, "geometry": { "type": "Polygon", "coordinates": [ [ [ 427946.5, 434232.0 ], [ 427946.5, 434231.25 ], [ 427946.25, 434231.25 ], [ 427946.25, 434228.5 ], [ 427946.0, 434228.5 ], [ 427946.0, 434227.0 ], [ 427945.75, 434227.0 ], [ 427945.75, 434225.25 ], [ 427945.5, 434225.25 ], [ 427945.5, 434224.25 ], [ 427945.25, 434224.25 ], [ 427945.25, 434222.5 ], [ 427945.0, 434222.5 ], [ 427945.0, 434218.25 ], [ 427944.75, 434218.25 ], [ 427944.75, 434217.25 ], [ 427944.5, 434217.25 ], [ 427944.5, 434216.0 ], [ 427944.25, 434216.0 ], [ 427944.25, 434215.0 ], [ 427944.0, 434215.0 ], [ 427944.0, 434213.75 ], [ 427943.75, 434213.75 ], [ 427943.75, 434211.5 ], [ 427943.5, 434211.5 ], [ 427943.5, 434210.5 ], [ 427943.25, 434210.5 ], [ 427943.25, 434208.5 ], [ 427943.0, 434208.5 ], [ 427943.0, 434206.75 ], [ 427942.75, 434206.75 ], [ 427942.75, 434204.25 ], [ 427942.5, 434204.25 ], [ 427942.5, 434203.25 ], [ 427942.25, 434203.25 ], [ 427942.25, 434201.0 ], [ 427942.0, 434201.0 ], [ 427942.0, 434199.5 ], [ 427941.75, 434199.5 ], [ 427941.75, 434196.75 ], [ 427941.5, 434196.75 ], [ 427941.5, 434194.25 ], [ 427941.25, 434194.25 ], [ 427941.25, 434192.75 ], [ 427941.0, 434192.75 ], [ 427941.0, 434190.5 ], [ 427940.75, 434190.5 ], [ 427940.75, 434189.25 ], [ 427940.5, 434189.25 ], [ 427940.5, 434188.25 ], [ 427940.25, 434188.25 ], [ 427940.25, 434187.0 ], [ 427940.0, 434187.0 ], [ 427940.0, 434184.75 ], [ 427939.75, 434184.75 ], [ 427939.75, 434182.25 ], [ 427939.5, 434182.25 ], [ 427939.5, 434180.25 ], [ 427939.25, 434180.25 ], [ 427939.25, 434178.5 ], [ 427939.0, 434178.5 ], [ 427939.0, 434177.5 ], [ 427938.75, 434177.5 ], [ 427938.75, 434177.0 ], [ 427938.5, 434177.0 ], [ 427938.5, 434176.5 ], [ 427938.25, 434176.5 ], [ 427938.25, 434176.0 ], [ 427938.0, 434176.0 ], [ 427938.0, 434175.75 ], [ 427937.75, 434175.75 ], [ 427937.75, 434175.5 ], [ 427937.5, 434175.5 ], [ 427937.5, 434175.25 ], [ 427937.25, 434175.25 ], [ 427937.25, 434175.0 ], [ 427937.0, 434175.0 ], [ 427937.0, 434174.75 ], [ 427936.5, 434174.75 ], [ 427936.5, 434174.25 ], [ 427936.25, 434174.25 ], [ 427936.25, 434173.75 ], [ 427936.0, 434173.75 ], [ 427936.0, 434172.25 ], [ 427935.75, 434172.25 ], [ 427935.75, 434170.5 ], [ 427936.0, 434170.5 ], [ 427936.0, 434170.25 ], [ 427936.5, 434170.25 ], [ 427936.5, 434170.0 ], [ 427937.0, 434170.0 ], [ 427937.0, 434169.75 ], [ 427937.5, 434169.75 ], [ 427937.5, 434169.5 ], [ 427938.5, 434169.5 ], [ 427938.5, 434169.25 ], [ 427939.5, 434169.25 ], [ 427939.5, 434169.0 ], [ 427940.5, 434169.0 ], [ 427940.5, 434168.75 ], [ 427943.0, 434168.75 ], [ 427943.0, 434168.5 ], [ 427946.0, 434168.5 ], [ 427946.0, 434168.25 ], [ 427949.75, 434168.25 ], [ 427949.75, 434168.0 ], [ 427953.0, 434168.0 ], [ 427953.0, 434167.75 ], [ 427955.25, 434167.75 ], [ 427955.25, 434167.5 ], [ 427957.25, 434167.5 ], [ 427957.25, 434167.25 ], [ 427962.75, 434167.25 ], [ 427962.75, 434167.5 ], [ 427964.5, 434167.5 ], [ 427964.5, 434167.75 ], [ 427965.5, 434167.75 ], [ 427965.5, 434168.0 ], [ 427966.5, 434168.0 ], [ 427966.5, 434168.25 ], [ 427967.0, 434168.25 ], [ 427967.0, 434168.5 ], [ 427967.25, 434168.5 ], [ 427967.25, 434168.75 ], [ 427967.75, 434168.75 ], [ 427967.75, 434169.0 ], [ 427968.0, 434169.0 ], [ 427968.0, 434169.25 ], [ 427968.25, 434169.25 ], [ 427968.25, 434169.5 ], [ 427968.5, 434169.5 ], [ 427968.5, 434170.0 ], [ 427968.75, 434170.0 ], [ 427968.75, 434171.25 ], [ 427969.0, 434171.25 ], [ 427969.0, 434172.75 ], [ 427968.75, 434172.75 ], [ 427968.75, 434174.75 ], [ 427968.5, 434174.75 ], [ 427968.5, 434177.0 ], [ 427968.25, 434177.0 ], [ 427968.25, 434178.0 ], [ 427968.5, 434178.0 ], [ 427968.5, 434181.0 ], [ 427968.75, 434181.0 ], [ 427968.75, 434182.25 ], [ 427969.0, 434182.25 ], [ 427969.0, 434183.0 ], [ 427969.25, 434183.0 ], [ 427969.25, 434183.75 ], [ 427969.5, 434183.75 ], [ 427969.5, 434184.25 ], [ 427969.75, 434184.25 ], [ 427969.75, 434184.75 ], [ 427970.0, 434184.75 ], [ 427970.0, 434185.25 ], [ 427970.25, 434185.25 ], [ 427970.25, 434185.5 ], [ 427970.5, 434185.5 ], [ 427970.5, 434185.75 ], [ 427970.75, 434185.75 ], [ 427970.75, 434186.0 ], [ 427971.0, 434186.0 ], [ 427971.0, 434186.25 ], [ 427971.5, 434186.25 ], [ 427971.5, 434186.75 ], [ 427971.75, 434186.75 ], [ 427971.75, 434187.25 ], [ 427972.0, 434187.25 ], [ 427972.0, 434187.75 ], [ 427972.25, 434187.75 ], [ 427972.25, 434188.25 ], [ 427972.5, 434188.25 ], [ 427972.5, 434189.0 ], [ 427972.75, 434189.0 ], [ 427972.75, 434189.5 ], [ 427973.0, 434189.5 ], [ 427973.0, 434190.5 ], [ 427973.25, 434190.5 ], [ 427973.25, 434190.75 ], [ 427973.5, 434190.75 ], [ 427973.5, 434191.25 ], [ 427973.75, 434191.25 ], [ 427973.75, 434191.5 ], [ 427974.0, 434191.5 ], [ 427974.0, 434191.75 ], [ 427974.5, 434191.75 ], [ 427974.5, 434192.0 ], [ 427974.75, 434192.0 ], [ 427974.75, 434192.25 ], [ 427975.0, 434192.25 ], [ 427975.0, 434192.5 ], [ 427975.25, 434192.5 ], [ 427975.25, 434192.75 ], [ 427975.75, 434192.75 ], [ 427975.75, 434193.0 ], [ 427976.0, 434193.0 ], [ 427976.0, 434193.25 ], [ 427976.25, 434193.25 ], [ 427976.25, 434193.5 ], [ 427976.5, 434193.5 ], [ 427976.5, 434193.75 ], [ 427976.75, 434193.75 ], [ 427976.75, 434194.0 ], [ 427977.0, 434194.0 ], [ 427977.0, 434194.25 ], [ 427977.25, 434194.25 ], [ 427977.25, 434194.5 ], [ 427977.5, 434194.5 ], [ 427977.5, 434194.75 ], [ 427978.0, 434194.75 ], [ 427978.0, 434195.0 ], [ 427978.5, 434195.0 ], [ 427978.5, 434195.25 ], [ 427978.75, 434195.25 ], [ 427978.75, 434195.5 ], [ 427979.0, 434195.5 ], [ 427979.0, 434196.0 ], [ 427979.25, 434196.0 ], [ 427979.25, 434196.25 ], [ 427979.5, 434196.25 ], [ 427979.5, 434196.75 ], [ 427979.75, 434196.75 ], [ 427979.75, 434197.25 ], [ 427980.0, 434197.25 ], [ 427980.0, 434198.0 ], [ 427980.25, 434198.0 ], [ 427980.25, 434199.0 ], [ 427980.5, 434199.0 ], [ 427980.5, 434200.25 ], [ 427980.75, 434200.25 ], [ 427980.75, 434201.5 ], [ 427981.0, 434201.5 ], [ 427981.0, 434203.25 ], [ 427981.25, 434203.25 ], [ 427981.25, 434204.5 ], [ 427981.5, 434204.5 ], [ 427981.5, 434206.25 ], [ 427981.75, 434206.25 ], [ 427981.75, 434208.75 ], [ 427982.0, 434208.75 ], [ 427982.0, 434212.0 ], [ 427982.25, 434212.0 ], [ 427982.25, 434215.0 ], [ 427982.0, 434215.0 ], [ 427982.0, 434218.0 ], [ 427981.75, 434218.0 ], [ 427981.75, 434220.5 ], [ 427981.5, 434220.5 ], [ 427981.5, 434221.5 ], [ 427981.25, 434221.5 ], [ 427981.25, 434223.75 ], [ 427981.0, 434223.75 ], [ 427981.0, 434225.25 ], [ 427980.75, 434225.25 ], [ 427980.75, 434227.5 ], [ 427981.0, 434227.5 ], [ 427981.0, 434228.75 ], [ 427981.25, 434228.75 ], [ 427981.25, 434229.75 ], [ 427981.5, 434229.75 ], [ 427981.5, 434232.0 ], [ 427968.25, 434232.0 ], [ 427968.25, 434231.5 ], [ 427968.0, 434231.5 ], [ 427968.0, 434230.75 ], [ 427967.75, 434230.75 ], [ 427967.75, 434230.5 ], [ 427967.5, 434230.5 ], [ 427967.5, 434230.25 ], [ 427967.25, 434230.25 ], [ 427967.25, 434230.0 ], [ 427967.0, 434230.0 ], [ 427967.0, 434229.75 ], [ 427966.75, 434229.75 ], [ 427966.75, 434229.5 ], [ 427966.0, 434229.5 ], [ 427966.0, 434229.75 ], [ 427965.75, 434229.75 ], [ 427965.75, 434230.0 ], [ 427965.5, 434230.0 ], [ 427965.5, 434230.25 ], [ 427965.25, 434230.25 ], [ 427965.25, 434232.0 ], [ 427946.5, 434232.0 ] ] ] } },
{ "type": "Feature", "properties": { }, "geometry": { "type": "Polygon", "coordinates": [ [ [ 427732.25, 434283.0 ], [ 427732.25, 434282.75 ], [ 427731.5, 434282.75 ], [ 427731.5, 434282.5 ], [ 427730.75, 434282.5 ], [ 427730.75, 434282.25 ], [ 427729.75, 434282.25 ], [ 427729.75, 434282.0 ], [ 427729.25, 434282.0 ], [ 427729.25, 434282.25 ], [ 427727.75, 434282.25 ], [ 427727.75, 434282.0 ], [ 427725.0, 434282.0 ], [ 427725.0, 434282.25 ], [ 427722.75, 434282.25 ], [ 427722.75, 434282.5 ], [ 427719.25, 434282.5 ], [ 427719.25, 434282.25 ], [ 427717.25, 434282.25 ], [ 427717.25, 434282.0 ], [ 427716.5, 434282.0 ], [ 427716.5, 434281.75 ], [ 427716.0, 434281.75 ], [ 427716.0, 434281.5 ], [ 427715.75, 434281.5 ], [ 427715.75, 434281.25 ], [ 427715.25, 434281.25 ], [ 427715.25, 434280.75 ], [ 427715.0, 434280.75 ], [ 427715.0, 434280.5 ], [ 427714.75, 434280.5 ], [ 427714.75, 434280.0 ], [ 427714.5, 434280.0 ], [ 427714.5, 434279.25 ], [ 427714.25, 434279.25 ], [ 427714.25, 434278.25 ], [ 427714.0, 434278.25 ], [ 427714.0, 434277.75 ], [ 427713.75, 434277.75 ], [ 427713.75, 434274.5 ], [ 427713.5, 434274.5 ], [ 427713.5, 434273.75 ], [ 427713.75, 434273.75 ], [ 427713.75, 434273.5 ], [ 427713.5, 434273.5 ], [ 427713.5, 434271.0 ], [ 427713.25, 434271.0 ], [ 427713.25, 434269.75 ], [ 427713.0, 434269.75 ], [ 427713.0, 434267.75 ], [ 427712.75, 434267.75 ], [ 427712.75, 434263.75 ], [ 427712.5, 434263.75 ], [ 427712.5, 434260.25 ], [ 427712.25, 434260.25 ], [ 427712.25, 434259.0 ], [ 427712.0, 434259.0 ], [ 427712.0, 434250.5 ], [ 427711.75, 434250.5 ], [ 427711.75, 434249.25 ], [ 427711.5, 434249.25 ], [ 427711.5, 434248.75 ], [ 427711.25, 434248.75 ], [ 427711.25, 434248.5 ], [ 427711.0, 434248.5 ], [ 427711.0, 434248.0 ], [ 427710.75, 434248.0 ], [ 427710.75, 434247.75 ], [ 427710.5, 434247.75 ], [ 427710.5, 434247.5 ], [ 427710.25, 434247.5 ], [ 427710.25, 434247.0 ], [ 427710.0, 434247.0 ], [ 427710.0, 434246.75 ], [ 427709.75, 434246.75 ], [ 427709.75, 434246.5 ], [ 427709.5, 434246.5 ], [ 427709.5, 434246.25 ], [ 427708.25, 434246.25 ], [ 427708.25, 434246.5 ], [ 427707.75, 434246.5 ], [ 427707.75, 434246.75 ], [ 427707.25, 434246.75 ], [ 427707.25, 434247.0 ], [ 427704.75, 434247.0 ], [ 427704.75, 434247.25 ], [ 427704.25, 434247.25 ], [ 427704.25, 434247.0 ], [ 427702.5, 434247.0 ], [ 427702.5, 434246.75 ], [ 427700.0, 434246.75 ], [ 427700.0, 434247.0 ], [ 427695.0, 434247.0 ], [ 427695.0, 434246.75 ], [ 427693.75, 434246.75 ], [ 427693.75, 434246.5 ], [ 427693.0, 434246.5 ], [ 427693.0, 434246.25 ], [ 427692.5, 434246.25 ], [ 427692.5, 434246.0 ], [ 427692.25, 434246.0 ], [ 427692.25, 434245.75 ], [ 427691.75, 434245.75 ], [ 427691.75, 434245.25 ], [ 427691.5, 434245.25 ], [ 427691.5, 434245.0 ], [ 427691.25, 434245.0 ], [ 427691.25, 434244.5 ], [ 427691.0, 434244.5 ], [ 427691.0, 434244.25 ], [ 427690.75, 434244.25 ], [ 427690.75, 434243.75 ], [ 427690.5, 434243.75 ], [ 427690.5, 434242.75 ], [ 427690.25, 434242.75 ], [ 427690.25, 434240.75 ], [ 427690.0, 434240.75 ], [ 427690.0, 434237.75 ], [ 427689.75, 434237.75 ], [ 427689.75, 434236.75 ], [ 427689.5, 434236.75 ], [ 427689.5, 434236.0 ], [ 427689.25, 434236.0 ], [ 427689.25, 434235.25 ], [ 427689.0, 434235.25 ], [ 427689.0, 434232.0 ], [ 427690.25, 434232.0 ], [ 427690.25, 434231.5 ], [ 427690.0, 434231.5 ], [ 427690.0, 434230.25 ], [ 427690.25, 434230.25 ], [ 427690.25, 434228.75 ], [ 427690.5, 434228.75 ], [ 427690.5, 434228.0 ], [ 427690.75, 434228.0 ], [ 427690.75, 434227.5 ], [ 427691.0, 434227.5 ], [ 427691.0, 434227.0 ], [ 427691.25, 434227.0 ], [ 427691.25, 434225.75 ], [ 427691.5, 434225.75 ], [ 427691.5, 434218.25 ], [ 427691.75, 434218.25 ], [ 427691.75, 434218.0 ], [ 427692.0, 434218.0 ], [ 427692.0, 434217.75 ], [ 427692.25, 434217.75 ], [ 427692.25, 434217.5 ], [ 427692.5, 434217.5 ], [ 427692.5, 434217.25 ], [ 427693.0, 434217.25 ], [ 427693.0, 434217.0 ], [ 427693.25, 434217.0 ], [ 427693.25, 434216.75 ], [ 427694.0, 434216.75 ], [ 427694.0, 434216.5 ], [ 427698.0, 434216.5 ], [ 427698.0, 434216.75 ], [ 427699.25, 434216.75 ], [ 427699.25, 434216.5 ], [ 427700.0, 434216.5 ], [ 427700.0, 434216.75 ], [ 427702.5, 434216.75 ], [ 427702.5, 434216.5 ], [ 427706.75, 434216.5 ], [ 427706.75, 434216.25 ], [ 427713.0, 434216.25 ], [ 427713.0, 434216.0 ], [ 427719.0, 434216.0 ], [ 427719.0, 434215.75 ], [ 427726.0, 434215.75 ], [ 427726.0, 434215.5 ], [ 427728.0, 434215.5 ], [ 427728.0, 434215.25 ], [ 427729.75, 434215.25 ], [ 427729.75, 434214.75 ], [ 427730.0, 434214.75 ], [ 427730.0, 434213.75 ], [ 427730.25, 434213.75 ], [ 427730.25, 434211.0 ], [ 427730.0, 434211.0 ], [ 427730.0, 434208.5 ], [ 427729.75, 434208.5 ], [ 427729.75, 434207.25 ], [ 427729.5, 434207.25 ], [ 427729.5, 434205.75 ], [ 427729.25, 434205.75 ], [ 427729.25, 434202.75 ], [ 427729.0, 434202.75 ], [ 427729.0, 434199.5 ], [ 427729.25, 434199.5 ], [ 427729.25, 434193.5 ], [ 427729.0, 434193.5 ], [ 427729.0, 434190.25 ], [ 427728.75, 434190.25 ], [ 427728.75, 434189.5 ], [ 427728.5, 434189.5 ], [ 427728.5, 434189.0 ], [ 427728.25, 434189.0 ], [ 427728.25, 434188.5 ], [ 427728.0, 434188.5 ], [ 427728.0, 434188.25 ], [ 427727.75, 434188.25 ], [ 427727.75, 434188.0 ], [ 427727.5, 434188.0 ], [ 427727.5, 434187.75 ], [ 427727.25, 434187.75 ], [ 427727.25, 434187.5 ], [ 427726.75, 434187.5 ], [ 427726.75, 434187.25 ], [ 427726.0, 434187.25 ], [ 427726.0, 434187.0 ], [ 427723.0, 434187.0 ], [ 427723.0, 434187.25 ], [ 427720.75, 434187.25 ], [ 427720.75, 434187.5 ], [ 427719.25, 434187.5 ], [ 427719.25, 434187.75 ], [ 427717.0, 434187.75 ], [ 427717.0, 434188.0 ], [ 427713.0, 434188.0 ], [ 427713.0, 434188.25 ], [ 427705.0, 434188.25 ], [ 427705.0, 434188.0 ], [ 427701.75, 434188.0 ], [ 427701.75, 434187.75 ], [ 427700.5, 434187.75 ], [ 427700.5, 434187.5 ], [ 427699.0, 434187.5 ], [ 427699.0, 434187.25 ], [ 427698.25, 434187.25 ], [ 427698.25, 434187.5 ], [ 427696.25, 434187.5 ], [ 427696.25, 434187.25 ], [ 427693.5, 434187.25 ], [ 427693.5, 434187.5 ], [ 427693.0, 434187.5 ], [ 427693.0, 434187.75 ], [ 427692.5, 434187.75 ], [ 427692.5, 434188.0 ], [ 427692.25, 434188.0 ], [ 427692.25, 434188.25 ], [ 427692.0, 434188.25 ], [ 427692.0, 434188.5 ], [ 427691.5, 434188.5 ], [ 427691.5, 434188.75 ], [ 427691.25, 434188.75 ], [ 427691.25, 434189.25 ], [ 427691.0, 434189.25 ], [ 427691.0, 434189.5 ], [ 427690.75, 434189.5 ], [ 427690.75, 434190.25 ], [ 427690.5, 434190.25 ], [ 427690.5, 434190.75 ], [ 427690.25, 434190.75 ], [ 427690.25, 434191.0 ], [ 427690.0, 434191.0 ], [ 427690.0, 434191.5 ], [ 427689.75, 434191.5 ], [ 427689.75, 434191.75 ], [ 427689.5, 434191.75 ], [ 427689.5, 434192.0 ], [ 427689.25, 434192.0 ], [ 427689.25, 434192.25 ], [ 427689.0, 434192.25 ], [ 427689.0, 434192.5 ], [ 427687.25, 434192.5 ], [ 427687.25, 434192.75 ], [ 427681.25, 434192.75 ], [ 427681.25, 434192.5 ], [ 427680.25, 434192.5 ], [ 427680.25, 434192.25 ], [ 427679.75, 434192.25 ], [ 427679.75, 434192.0 ], [ 427679.0, 434192.0 ], [ 427679.0, 434191.75 ], [ 427678.25, 434191.75 ], [ 427678.25, 434191.5 ], [ 427677.5, 434191.5 ], [ 427677.5, 434191.25 ], [ 427676.5, 434191.25 ], [ 427676.5, 434191.0 ], [ 427675.5, 434191.0 ], [ 427675.5, 434190.75 ], [ 427674.5, 434190.75 ], [ 427674.5, 434190.5 ], [ 427674.25, 434190.5 ], [ 427674.25, 434189.75 ], [ 427674.5, 434189.75 ], [ 427674.5, 434188.75 ], [ 427674.75, 434188.75 ], [ 427674.75, 434188.25 ], [ 427675.0, 434188.25 ], [ 427675.0, 434187.5 ], [ 427675.25, 434187.5 ], [ 427675.25, 434187.25 ], [ 427675.5, 434187.25 ], [ 427675.5, 434186.75 ], [ 427675.75, 434186.75 ], [ 427675.75, 434186.5 ], [ 427676.0, 434186.5 ], [ 427676.0, 434186.25 ], [ 427676.25, 434186.25 ], [ 427676.25, 434186.0 ], [ 427676.75, 434186.0 ], [ 427676.75, 434185.75 ], [ 427677.0, 434185.75 ], [ 427677.0, 434185.5 ], [ 427677.25, 434185.5 ], [ 427677.25, 434185.25 ], [ 427677.75, 434185.25 ], [ 427677.75, 434185.0 ], [ 427678.25, 434185.0 ], [ 427678.25, 434184.75 ], [ 427678.75, 434184.75 ], [ 427678.75, 434184.5 ], [ 427679.25, 434184.5 ], [ 427679.25, 434184.25 ], [ 427679.75, 434184.25 ], [ 427679.75, 434184.0 ], [ 427680.0, 434184.0 ], [ 427680.0, 434183.75 ], [ 427680.25, 434183.75 ], [ 427680.25, 434183.5 ], [ 427680.5, 434183.5 ], [ 427680.5, 434183.25 ], [ 427681.0, 434183.25 ], [ 427681.0, 434183.0 ], [ 427681.25, 434183.0 ], [ 427681.25, 434182.5 ], [ 427681.75, 434182.5 ], [ 427681.75, 434182.25 ], [ 427682.0, 434182.25 ], [ 427682.0, 434182.0 ], [ 427682.25, 434182.0 ], [ 427682.25, 434181.75 ], [ 427682.75, 434181.75 ], [ 427682.75, 434181.5 ], [ 427683.25, 434181.5 ], [ 427683.25, 434181.25 ], [ 427683.75, 434181.25 ], [ 427683.75, 434181.0 ], [ 427684.25, 434181.0 ], [ 427684.25, 434180.75 ], [ 427684.75, 434180.75 ], [ 427684.75, 434180.5 ], [ 427685.25, 434180.5 ], [ 427685.25, 434180.25 ], [ 427685.75, 434180.25 ], [ 427685.75, 434180.0 ], [ 427686.25, 434180.0 ], [ 427686.25, 434179.75 ], [ 427686.75, 434179.75 ], [ 427686.75, 434179.5 ], [ 427687.0, 434179.5 ], [ 427687.0, 434179.25 ], [ 427687.25, 434179.25 ], [ 427687.25, 434179.0 ], [ 427687.75, 434179.0 ], [ 427687.75, 434178.75 ], [ 427688.0, 434178.75 ], [ 427688.0, 434178.5 ], [ 427688.25, 434178.5 ], [ 427688.25, 434178.25 ], [ 427688.75, 434178.25 ], [ 427688.75, 434178.0 ], [ 427689.0, 434178.0 ], [ 427689.0, 434177.75 ], [ 427689.5, 434177.75 ], [ 427689.5, 434177.5 ], [ 427689.75, 434177.5 ], [ 427689.75, 434177.25 ], [ 427690.25, 434177.25 ], [ 427690.25, 434177.0 ], [ 427690.75, 434177.0 ], [ 427690.75, 434176.75 ], [ 427691.25, 434176.75 ], [ 427691.25, 434176.5 ], [ 427691.75, 434176.5 ], [ 427691.75, 434176.25 ], [ 427692.25, 434176.25 ], [ 427692.25, 434176.0 ], [ 427692.75, 434176.0 ], [ 427692.75, 434175.75 ], [ 427693.25, 434175.75 ], [ 427693.25, 434175.5 ], [ 427693.75, 434175.5 ], [ 427693.75, 434175.25 ], [ 427694.0, 434175.25 ], [ 427694.0, 434175.0 ], [ 427694.5, 434175.0 ], [ 427694.5, 434174.75 ], [ 427694.75, 434174.75 ], [ 427694.75, 434174.5 ], [ 427695.25, 434174.5 ], [ 427695.25, 434174.25 ], [ 427695.5, 434174.25 ], [ 427695.5, 434174.0 ], [ 427695.75, 434174.0 ], [ 427695.75, 434173.75 ], [ 427696.25, 434173.75 ], [ 427696.25, 434173.5 ], [ 427696.5, 434173.5 ], [ 427696.5, 434173.25 ], [ 427696.75, 434173.25 ], [ 427696.75, 434173.0 ], [ 427697.25, 434173.0 ], [ 427697.25, 434172.75 ], [ 427697.5, 434172.75 ], [ 427697.5, 434172.5 ], [ 427698.0, 434172.5 ], [ 427698.0, 434172.25 ], [ 427698.5, 434172.25 ], [ 427698.5, 434172.0 ], [ 427699.0, 434172.0 ], [ 427699.0, 434171.75 ], [ 427699.5, 434171.75 ], [ 427699.5, 434171.5 ], [ 427699.75, 434171.5 ], [ 427699.75, 434171.25 ], [ 427700.25, 434171.25 ], [ 427700.25, 434171.0 ], [ 427700.5, 434171.0 ], [ 427700.5, 434170.75 ], [ 427701.0, 434170.75 ], [ 427701.0, 434170.5 ], [ 427701.25, 434170.5 ], [ 427701.25, 434170.25 ], [ 427701.75, 434170.25 ], [ 427701.75, 434170.0 ], [ 427702.25, 434170.0 ], [ 427702.25, 434169.75 ], [ 427702.75, 434169.75 ], [ 427702.75, 434169.5 ], [ 427703.25, 434169.5 ], [ 427703.25, 434169.25 ], [ 427704.0, 434169.25 ], [ 427704.0, 434169.0 ], [ 427704.5, 434169.0 ], [ 427704.5, 434168.75 ], [ 427705.0, 434168.75 ], [ 427705.0, 434168.5 ], [ 427705.5, 434168.5 ], [ 427705.5, 434168.25 ], [ 427706.25, 434168.25 ], [ 427706.25, 434168.0 ], [ 427706.75, 434168.0 ], [ 427706.75, 434167.75 ], [ 427707.25, 434167.75 ], [ 427707.25, 434167.5 ], [ 427708.0, 434167.5 ], [ 427708.0, 434167.25 ], [ 427708.5, 434167.25 ], [ 427708.5, 434167.0 ], [ 427709.0, 434167.0 ], [ 427709.0, 434166.75 ], [ 427709.25, 434166.75 ], [ 427709.25, 434166.5 ], [ 427709.75, 434166.5 ], [ 427709.75, 434166.25 ], [ 427710.25, 434166.25 ], [ 427710.25, 434166.0 ], [ 427710.75, 434166.0 ], [ 427710.75, 434165.75 ], [ 427711.25, 434165.75 ], [ 427711.25, 434165.5 ], [ 427711.75, 434165.5 ], [ 427711.75, 434165.25 ], [ 427712.5, 434165.25 ], [ 427712.5, 434165.0 ], [ 427712.75, 434165.0 ], [ 427712.75, 434164.75 ], [ 427713.25, 434164.75 ], [ 427713.25, 434164.5 ], [ 427713.5, 434164.5 ], [ 427713.5, 434164.25 ], [ 427713.75, 434164.25 ], [ 427713.75, 434164.0 ], [ 427714.0, 434164.0 ], [ 427714.0, 434163.75 ], [ 427714.25, 434163.75 ], [ 427714.25, 434163.5 ], [ 427714.5, 434163.5 ], [ 427714.5, 434163.25 ], [ 427714.75, 434163.25 ], [ 427714.75, 434163.0 ], [ 427715.0, 434163.0 ], [ 427715.0, 434162.5 ], [ 427715.25, 434162.5 ], [ 427715.25, 434162.25 ], [ 427715.5, 434162.25 ], [ 427715.5, 434162.0 ], [ 427715.75, 434162.0 ], [ 427715.75, 434161.75 ], [ 427716.0, 434161.75 ], [ 427716.0, 434161.5 ], [ 427716.5, 434161.5 ], [ 427716.5, 434161.25 ], [ 427716.75, 434161.25 ], [ 427716.75, 434161.0 ], [ 427717.25, 434161.0 ], [ 427717.25, 434160.5 ], [ 427717.75, 434160.5 ], [ 427717.75, 434160.25 ], [ 427718.25, 434160.25 ], [ 427718.25, 434160.0 ], [ 427718.5, 434160.0 ], [ 427718.5, 434159.75 ], [ 427718.75, 434159.75 ], [ 427718.75, 434159.5 ], [ 427719.25, 434159.5 ], [ 427719.25, 434159.25 ], [ 427719.5, 434159.25 ], [ 427719.5, 434159.0 ], [ 427719.75, 434159.0 ], [ 427719.75, 434158.75 ], [ 427720.0, 434158.75 ], [ 427720.0, 434158.5 ], [ 427720.25, 434158.5 ], [ 427720.25, 434158.25 ], [ 427720.5, 434158.25 ], [ 427720.5, 434158.0 ], [ 427720.75, 434158.0 ], [ 427720.75, 434157.75 ], [ 427721.0, 434157.75 ], [ 427721.0, 434157.5 ], [ 427721.25, 434157.5 ], [ 427721.25, 434157.25 ], [ 427721.75, 434157.25 ], [ 427721.75, 434157.0 ], [ 427722.25, 434157.0 ], [ 427722.25, 434156.75 ], [ 427722.5, 434156.75 ], [ 427722.5, 434156.5 ], [ 427723.0, 434156.5 ], [ 427723.0, 434156.25 ], [ 427723.25, 434156.25 ], [ 427723.25, 434156.0 ], [ 427723.75, 434156.0 ], [ 427723.75, 434155.75 ], [ 427724.0, 434155.75 ], [ 427724.0, 434155.5 ], [ 427724.5, 434155.5 ], [ 427724.5, 434155.25 ], [ 427725.0, 434155.25 ], [ 427725.0, 434155.0 ], [ 427725.25, 434155.0 ], [ 427725.25, 434154.75 ], [ 427725.5, 434154.75 ], [ 427725.5, 434154.5 ], [ 427725.75, 434154.5 ], [ 427725.75, 434154.25 ], [ 427726.25, 434154.25 ], [ 427726.25, 434154.0 ], [ 427726.5, 434154.0 ], [ 427726.5, 434153.75 ], [ 427727.0, 434153.75 ], [ 427727.0, 434153.5 ], [ 427727.25, 434153.5 ], [ 427727.25, 434153.25 ], [ 427727.75, 434153.25 ], [ 427727.75, 434153.0 ], [ 427728.0, 434153.0 ], [ 427728.0, 434152.75 ], [ 427728.5, 434152.75 ], [ 427728.5, 434152.5 ], [ 427728.75, 434152.5 ], [ 427728.75, 434152.25 ], [ 427729.25, 434152.25 ], [ 427729.25, 434152.0 ], [ 427729.75, 434152.0 ], [ 427729.75, 434151.75 ], [ 427730.25, 434151.75 ], [ 427730.25, 434151.5 ], [ 427730.75, 434151.5 ], [ 427730.75, 434151.25 ], [ 427731.5, 434151.25 ], [ 427731.5, 434151.0 ], [ 427731.75, 434151.0 ], [ 427731.75, 434150.75 ], [ 427732.25, 434150.75 ], [ 427732.25, 434150.5 ], [ 427732.75, 434150.5 ], [ 427732.75, 434150.25 ], [ 427733.25, 434150.25 ], [ 427733.25, 434150.0 ], [ 427733.75, 434150.0 ], [ 427733.75, 434149.75 ], [ 427734.5, 434149.75 ], [ 427734.5, 434149.5 ], [ 427735.25, 434149.5 ], [ 427735.25, 434149.25 ], [ 427737.0, 434149.25 ], [ 427737.0, 434149.0 ], [ 427739.0, 434149.0 ], [ 427739.0, 434149.25 ], [ 427739.75, 434149.25 ], [ 427739.75, 434149.5 ], [ 427740.5, 434149.5 ], [ 427740.5, 434149.75 ], [ 427741.0, 434149.75 ], [ 427741.0, 434150.0 ], [ 427741.5, 434150.0 ], [ 427741.5, 434150.25 ], [ 427743.75, 434150.25 ], [ 427743.75, 434150.0 ], [ 427744.75, 434150.0 ], [ 427744.75, 434149.75 ], [ 427746.0, 434149.75 ], [ 427746.0, 434150.0 ], [ 427746.75, 434150.0 ], [ 427746.75, 434150.25 ], [ 427747.5, 434150.25 ], [ 427747.5, 434150.5 ], [ 427747.75, 434150.5 ], [ 427747.75, 434150.75 ], [ 427748.0, 434150.75 ], [ 427748.0, 434151.25 ], [ 427748.25, 434151.25 ], [ 427748.25, 434151.5 ], [ 427748.5, 434151.5 ], [ 427748.5, 434152.0 ], [ 427748.75, 434152.0 ], [ 427748.75, 434152.5 ], [ 427749.0, 434152.5 ], [ 427749.0, 434153.0 ], [ 427749.25, 434153.0 ], [ 427749.25, 434153.75 ], [ 427749.5, 434153.75 ], [ 427749.5, 434154.0 ], [ 427749.75, 434154.0 ], [ 427749.75, 434154.5 ], [ 427750.0, 434154.5 ], [ 427750.0, 434154.75 ], [ 427750.25, 434154.75 ], [ 427750.25, 434155.0 ], [ 427750.5, 434155.0 ], [ 427750.5, 434155.25 ], [ 427750.75, 434155.25 ], [ 427750.75, 434155.5 ], [ 427751.0, 434155.5 ], [ 427751.0, 434155.75 ], [ 427751.25, 434155.75 ], [ 427751.25, 434156.5 ], [ 427751.5, 434156.5 ], [ 427751.5, 434157.25 ], [ 427751.75, 434157.25 ], [ 427751.75, 434158.5 ], [ 427752.0, 434158.5 ], [ 427752.0, 434160.25 ], [ 427752.25, 434160.25 ], [ 427752.25, 434161.25 ], [ 427752.5, 434161.25 ], [ 427752.5, 434164.5 ], [ 427752.75, 434164.5 ], [ 427752.75, 434167.0 ], [ 427753.0, 434167.0 ], [ 427753.0, 434169.25 ], [ 427753.25, 434169.25 ], [ 427753.25, 434171.5 ], [ 427753.5, 434171.5 ], [ 427753.5, 434172.75 ], [ 427753.75, 434172.75 ], [ 427753.75, 434173.75 ], [ 427754.0, 434173.75 ], [ 427754.0, 434177.75 ], [ 427754.25, 434177.75 ], [ 427754.25, 434182.5 ], [ 427754.5, 434182.5 ], [ 427754.5, 434183.75 ], [ 427754.75, 434183.75 ], [ 427754.75, 434184.5 ], [ 427755.0, 434184.5 ], [ 427755.0, 434186.0 ], [ 427755.25, 434186.0 ], [ 427755.25, 434190.0 ], [ 427755.5, 434190.0 ], [ 427755.5, 434195.25 ], [ 427755.75, 434195.25 ], [ 427755.75, 434197.25 ], [ 427756.0, 434197.25 ], [ 427756.0, 434199.5 ], [ 427756.25, 434199.5 ], [ 427756.25, 434201.25 ], [ 427756.5, 434201.25 ], [ 427756.5, 434209.0 ], [ 427756.25, 434209.0 ], [ 427756.25, 434212.5 ], [ 427756.0, 434212.5 ], [ 427756.0, 434222.0 ], [ 427755.75, 434222.0 ], [ 427755.75, 434223.25 ], [ 427755.5, 434223.25 ], [ 427755.5, 434224.5 ], [ 427755.25, 434224.5 ], [ 427755.25, 434225.0 ], [ 427755.0, 434225.0 ], [ 427755.0, 434225.25 ], [ 427754.75, 434225.25 ], [ 427754.75, 434225.75 ], [ 427754.25, 434225.75 ], [ 427754.25, 434226.0 ], [ 427753.25, 434226.0 ], [ 427753.25, 434225.5 ], [ 427752.75, 434225.5 ], [ 427752.75, 434225.25 ], [ 427752.5, 434225.25 ], [ 427752.5, 434225.0 ], [ 427752.25, 434225.0 ], [ 427752.25, 434224.75 ], [ 427751.75, 434224.75 ], [ 427751.75, 434224.5 ], [ 427750.5, 434224.5 ], [ 427750.5, 434224.25 ], [ 427748.25, 434224.25 ], [ 427748.25, 434224.5 ], [ 427745.0, 434224.5 ], [ 427745.0, 434224.75 ], [ 427742.25, 434224.75 ], [ 427742.25, 434225.0 ], [ 427740.5, 434225.0 ], [ 427740.5, 434224.75 ], [ 427739.0, 434224.75 ], [ 427739.0, 434225.0 ], [ 427738.0, 434225.0 ], [ 427738.0, 434224.75 ], [ 427735.0, 434224.75 ], [ 427735.0, 434224.5 ], [ 427734.25, 434224.5 ], [ 427734.25, 434224.75 ], [ 427733.25, 434224.75 ], [ 427733.25, 434225.0 ], [ 427732.75, 434225.0 ], [ 427732.75, 434225.25 ], [ 427732.5, 434225.25 ], [ 427732.5, 434225.5 ], [ 427732.25, 434225.5 ], [ 427732.25, 434226.0 ], [ 427732.0, 434226.0 ], [ 427732.0, 434227.25 ], [ 427731.75, 434227.25 ], [ 427731.75, 434229.0 ], [ 427731.5, 434229.0 ], [ 427731.5, 434230.5 ], [ 427731.75, 434230.5 ], [ 427731.75, 434232.0 ], [ 427732.25, 434232.0 ], [ 427732.25, 434238.5 ], [ 427732.5, 434238.5 ], [ 427732.5, 434241.75 ], [ 427732.75, 434241.75 ], [ 427732.75, 434245.25 ], [ 427733.0, 434245.25 ], [ 427733.0, 434249.75 ], [ 427733.25, 434249.75 ], [ 427733.25, 434253.5 ], [ 427733.5, 434253.5 ], [ 427733.5, 434257.0 ], [ 427733.75, 434257.0 ], [ 427733.75, 434262.25 ], [ 427734.0, 434262.25 ], [ 427734.0, 434263.0 ], [ 427734.25, 434263.0 ], [ 427734.25, 434263.5 ], [ 427734.5, 434263.5 ], [ 427734.5, 434263.75 ], [ 427734.75, 434263.75 ], [ 427734.75, 434264.0 ], [ 427735.0, 434264.0 ], [ 427735.0, 434264.25 ], [ 427735.25, 434264.25 ], [ 427735.25, 434264.5 ], [ 427736.0, 434264.5 ], [ 427736.0, 434264.75 ], [ 427736.5, 434264.75 ], [ 427736.5, 434265.0 ], [ 427737.5, 434265.0 ], [ 427737.5, 434265.25 ], [ 427742.0, 434265.25 ], [ 427742.0, 434265.0 ], [ 427747.25, 434265.0 ], [ 427747.25, 434264.75 ], [ 427748.75, 434264.75 ], [ 427748.75, 434265.0 ], [ 427751.0, 434265.0 ], [ 427751.0, 434265.25 ], [ 427751.75, 434265.25 ], [ 427751.75, 434265.5 ], [ 427752.5, 434265.5 ], [ 427752.5, 434265.75 ], [ 427753.75, 434265.75 ], [ 427753.75, 434266.0 ], [ 427754.25, 434266.0 ], [ 427754.25, 434266.25 ], [ 427754.75, 434266.25 ], [ 427754.75, 434266.5 ], [ 427755.0, 434266.5 ], [ 427755.0, 434267.0 ], [ 427755.25, 434267.0 ], [ 427755.25, 434267.75 ], [ 427755.5, 434267.75 ], [ 427755.5, 434269.25 ], [ 427755.75, 434269.25 ], [ 427755.75, 434270.75 ], [ 427755.5, 434270.75 ], [ 427755.5, 434271.75 ], [ 427755.25, 434271.75 ], [ 427755.25, 434272.75 ], [ 427755.0, 434272.75 ], [ 427755.0, 434273.75 ], [ 427754.75, 434273.75 ], [ 427754.75, 434275.0 ], [ 427754.5, 434275.0 ], [ 427754.5, 434276.25 ], [ 427754.25, 434276.25 ], [ 427754.25, 434276.75 ], [ 427754.0, 434276.75 ], [ 427754.0, 434277.5 ], [ 427753.75, 434277.5 ], [ 427753.75, 434277.75 ], [ 427753.5, 434277.75 ], [ 427753.5, 434278.25 ], [ 427753.25, 434278.25 ], [ 427753.25, 434278.5 ], [ 427753.0, 434278.5 ], [ 427753.0, 434278.75 ], [ 427752.75, 434278.75 ], [ 427752.75, 434279.0 ], [ 427752.5, 434279.0 ], [ 427752.5, 434279.25 ], [ 427752.25, 434279.25 ], [ 427752.25, 434279.5 ], [ 427752.0, 434279.5 ], [ 427752.0, 434279.75 ], [ 427751.5, 434279.75 ], [ 427751.5, 434280.0 ], [ 427751.25, 434280.0 ], [ 427751.25, 434280.25 ], [ 427751.0, 434280.25 ], [ 427751.0, 434280.5 ], [ 427750.5, 434280.5 ], [ 427750.5, 434280.75 ], [ 427749.75, 434280.75 ], [ 427749.75, 434281.0 ], [ 427749.0, 434281.0 ], [ 427749.0, 434281.25 ], [ 427748.25, 434281.25 ], [ 427748.25, 434281.5 ], [ 427747.75, 434281.5 ], [ 427747.75, 434281.75 ], [ 427747.0, 434281.75 ], [ 427747.0, 434282.0 ], [ 427746.25, 434282.0 ], [ 427746.25, 434282.25 ], [ 427744.75, 434282.25 ], [ 427744.75, 434282.5 ], [ 427742.0, 434282.5 ], [ 427742.0, 434282.75 ], [ 427735.0, 434282.75 ], [ 427735.0, 434283.0 ], [ 427732.25, 434283.0 ] ] ] } },
{ "type": "Feature", "properties": { }, "geometry": { "type": "Polygon", "coordinates": [ [ [ 427836.5, 434252.25 ], [ 427836.5, 434252.0 ], [ 427834.0, 434252.0 ], [ 427834.0, 434251.75 ], [ 427832.0, 434251.75 ], [ 427832.0, 434251.5 ], [ 427830.5, 434251.5 ], [ 427830.5, 434251.25 ], [ 427824.75, 434251.25 ], [ 427824.75, 434251.0 ], [ 427822.5, 434251.0 ], [ 427822.5, 434250.75 ], [ 427821.25, 434250.75 ], [ 427821.25, 434250.5 ], [ 427820.5, 434250.5 ], [ 427820.5, 434250.25 ], [ 427820.25, 434250.25 ], [ 427820.25, 434250.0 ], [ 427820.0, 434250.0 ], [ 427820.0, 434249.75 ], [ 427819.5, 434249.75 ], [ 427819.5, 434249.5 ], [ 427819.25, 434249.5 ], [ 427819.25, 434249.0 ], [ 427819.0, 434249.0 ], [ 427819.0, 434248.5 ], [ 427818.75, 434248.5 ], [ 427818.75, 434248.0 ], [ 427818.5, 434248.0 ], [ 427818.5, 434247.25 ], [ 427818.25, 434247.25 ], [ 427818.25, 434246.5 ], [ 427818.0, 434246.5 ], [ 427818.0, 434245.25 ], [ 427817.75, 434245.25 ], [ 427817.75, 434244.5 ], [ 427817.5, 434244.5 ], [ 427817.5, 434243.75 ], [ 427817.25, 434243.75 ], [ 427817.25, 434238.75 ], [ 427817.0, 434238.75 ], [ 427817.0, 434237.5 ], [ 427817.25, 434237.5 ], [ 427817.25, 434236.25 ], [ 427817.5, 434236.25 ], [ 427817.5, 434234.25 ], [ 427817.75, 434234.25 ], [ 427817.75, 434233.0 ], [ 427817.5, 434233.0 ], [ 427817.5, 434232.0 ], [ 427817.0, 434232.0 ], [ 427817.0, 434229.75 ], [ 427817.25, 434229.75 ], [ 427817.25, 434226.5 ], [ 427817.0, 434226.5 ], [ 427817.0, 434224.75 ], [ 427816.75, 434224.75 ], [ 427816.75, 434222.0 ], [ 427816.5, 434222.0 ], [ 427816.5, 434216.5 ], [ 427816.75, 434216.5 ], [ 427816.75, 434215.25 ], [ 427817.0, 434215.25 ], [ 427817.0, 434214.0 ], [ 427817.25, 434214.0 ], [ 427817.25, 434213.0 ], [ 427817.5, 434213.0 ], [ 427817.5, 434212.75 ], [ 427817.75, 434212.75 ], [ 427817.75, 434212.5 ], [ 427818.0, 434212.5 ], [ 427818.0, 434212.25 ], [ 427818.5, 434212.25 ], [ 427818.5, 434212.0 ], [ 427818.75, 434212.0 ], [ 427818.75, 434211.75 ], [ 427819.5, 434211.75 ], [ 427819.5, 434211.5 ], [ 427821.25, 434211.5 ], [ 427821.25, 434211.75 ], [ 427821.75, 434211.75 ], [ 427821.75, 434211.5 ], [ 427822.5, 434211.5 ], [ 427822.5, 434211.25 ], [ 427822.75, 434211.25 ], [ 427822.75, 434211.0 ], [ 427823.0, 434211.0 ], [ 427823.0, 434210.75 ], [ 427823.25, 434210.75 ], [ 427823.25, 434209.75 ], [ 427823.0, 434209.75 ], [ 427823.0, 434209.5 ], [ 427822.75, 434209.5 ], [ 427822.75, 434209.25 ], [ 427822.25, 434209.25 ], [ 427822.25, 434209.0 ], [ 427820.75, 434209.0 ], [ 427820.75, 434209.25 ], [ 427819.5, 434209.25 ], [ 427819.5, 434209.0 ], [ 427818.25, 434209.0 ], [ 427818.25, 434208.75 ], [ 427817.75, 434208.75 ], [ 427817.75, 434208.5 ], [ 427817.5, 434208.5 ], [ 427817.5, 434208.25 ], [ 427817.0, 434208.25 ], [ 427817.0, 434208.0 ], [ 427816.75, 434208.0 ], [ 427816.75, 434207.75 ], [ 427816.5, 434207.75 ], [ 427816.5, 434207.25 ], [ 427816.25, 434207.25 ], [ 427816.25, 434207.0 ], [ 427816.0, 434207.0 ], [ 427816.0, 434206.5 ], [ 427815.75, 434206.5 ], [ 427815.75, 434206.25 ], [ 427815.5, 434206.25 ], [ 427815.5, 434205.75 ], [ 427815.25, 434205.75 ], [ 427815.25, 434205.25 ], [ 427815.0, 434205.25 ], [ 427815.0, 434204.75 ], [ 427814.75, 434204.75 ], [ 427814.75, 434203.75 ], [ 427814.5, 434203.75 ], [ 427814.5, 434203.0 ], [ 427814.25, 434203.0 ], [ 427814.25, 434202.0 ], [ 427814.0, 434202.0 ], [ 427814.0, 434193.25 ], [ 427813.75, 434193.25 ], [ 427813.75, 434191.75 ], [ 427813.5, 434191.75 ], [ 427813.5, 434190.25 ], [ 427813.25, 434190.25 ], [ 427813.25, 434189.0 ], [ 427813.0, 434189.0 ], [ 427813.0, 434188.5 ], [ 427812.75, 434188.5 ], [ 427812.75, 434187.75 ], [ 427812.5, 434187.75 ], [ 427812.5, 434187.25 ], [ 427812.25, 434187.25 ], [ 427812.25, 434187.0 ], [ 427811.75, 434187.0 ], [ 427811.75, 434186.75 ], [ 427811.5, 434186.75 ], [ 427811.5, 434186.5 ], [ 427811.0, 434186.5 ], [ 427811.0, 434186.25 ], [ 427810.5, 434186.25 ], [ 427810.5, 434186.0 ], [ 427810.25, 434186.0 ], [ 427810.25, 434186.25 ], [ 427809.5, 434186.25 ], [ 427809.5, 434186.5 ], [ 427809.25, 434186.5 ], [ 427809.25, 434186.75 ], [ 427809.0, 434186.75 ], [ 427809.0, 434187.25 ], [ 427808.75, 434187.25 ], [ 427808.75, 434187.5 ], [ 427808.5, 434187.5 ], [ 427808.5, 434189.5 ], [ 427808.25, 434189.5 ], [ 427808.25, 434192.75 ], [ 427808.5, 434192.75 ], [ 427808.5, 434194.25 ], [ 427808.25, 434194.25 ], [ 427808.25, 434196.5 ], [ 427808.5, 434196.5 ], [ 427808.5, 434201.25 ], [ 427808.75, 434201.25 ], [ 427808.75, 434207.75 ], [ 427808.5, 434207.75 ], [ 427808.5, 434216.25 ], [ 427808.75, 434216.25 ], [ 427808.75, 434218.25 ], [ 427809.0, 434218.25 ], [ 427809.0, 434219.25 ], [ 427808.75, 434219.25 ], [ 427808.75, 434220.5 ], [ 427808.5, 434220.5 ], [ 427808.5, 434221.0 ], [ 427808.25, 434221.0 ], [ 427808.25, 434221.5 ], [ 427808.0, 434221.5 ], [ 427808.0, 434222.0 ], [ 427807.75, 434222.0 ], [ 427807.75, 434222.5 ], [ 427807.5, 434222.5 ], [ 427807.5, 434223.0 ], [ 427807.25, 434223.0 ], [ 427807.25, 434223.5 ], [ 427807.0, 434223.5 ], [ 427807.0, 434223.75 ], [ 427806.75, 434223.75 ], [ 427806.75, 434224.0 ], [ 427806.5, 434224.0 ], [ 427806.5, 434224.25 ], [ 427804.25, 434224.25 ], [ 427804.25, 434224.0 ], [ 427799.25, 434224.0 ], [ 427799.25, 434223.75 ], [ 427794.25, 434223.75 ], [ 427794.25, 434224.0 ], [ 427791.75, 434224.0 ], [ 427791.75, 434224.25 ], [ 427788.25, 434224.25 ], [ 427788.25, 434224.0 ], [ 427787.0, 434224.0 ], [ 427787.0, 434223.75 ], [ 427786.5, 434223.75 ], [ 427786.5, 434223.5 ], [ 427786.0, 434223.5 ], [ 427786.0, 434223.25 ], [ 427785.5, 434223.25 ], [ 427785.5, 434223.0 ], [ 427785.25, 434223.0 ], [ 427785.25, 434222.75 ], [ 427785.0, 434222.75 ], [ 427785.0, 434222.5 ], [ 427784.75, 434222.5 ], [ 427784.75, 434220.0 ], [ 427785.0, 434220.0 ], [ 427785.0, 434218.25 ], [ 427785.25, 434218.25 ], [ 427785.25, 434217.25 ], [ 427785.0, 434217.25 ], [ 427785.0, 434215.0 ], [ 427784.75, 434215.0 ], [ 427784.75, 434212.5 ], [ 427784.5, 434212.5 ], [ 427784.5, 434208.75 ], [ 427784.25, 434208.75 ], [ 427784.25, 434204.5 ], [ 427784.0, 434204.5 ], [ 427784.0, 434199.25 ], [ 427783.75, 434199.25 ], [ 427783.75, 434192.75 ], [ 427784.0, 434192.75 ], [ 427784.0, 434191.25 ], [ 427784.25, 434191.25 ], [ 427784.25, 434189.5 ], [ 427784.5, 434189.5 ], [ 427784.5, 434185.75 ], [ 427784.25, 434185.75 ], [ 427784.25, 434184.5 ], [ 427784.0, 434184.5 ], [ 427784.0, 434183.5 ], [ 427783.75, 434183.5 ], [ 427783.75, 434182.75 ], [ 427783.5, 434182.75 ], [ 427783.5, 434180.75 ], [ 427783.25, 434180.75 ], [ 427783.25, 434178.0 ], [ 427783.0, 434178.0 ], [ 427783.0, 434176.0 ], [ 427782.75, 434176.0 ], [ 427782.75, 434174.25 ], [ 427782.5, 434174.25 ], [ 427782.5, 434172.75 ], [ 427782.25, 434172.75 ], [ 427782.25, 434171.5 ], [ 427782.0, 434171.5 ], [ 427782.0, 434170.25 ], [ 427781.75, 434170.25 ], [ 427781.75, 434168.0 ], [ 427781.5, 434168.0 ], [ 427781.5, 434161.25 ], [ 427781.25, 434161.25 ], [ 427781.25, 434157.5 ], [ 427781.0, 434157.5 ], [ 427781.0, 434157.0 ], [ 427780.75, 434157.0 ], [ 427780.75, 434156.25 ], [ 427780.5, 434156.25 ], [ 427780.5, 434155.25 ], [ 427780.25, 434155.25 ], [ 427780.25, 434154.25 ], [ 427780.0, 434154.25 ], [ 427780.0, 434153.0 ], [ 427780.25, 434153.0 ], [ 427780.25, 434152.25 ], [ 427780.5, 434152.25 ], [ 427780.5, 434151.75 ], [ 427780.75, 434151.75 ], [ 427780.75, 434151.25 ], [ 427781.0, 434151.25 ], [ 427781.0, 434150.5 ], [ 427781.5, 434150.5 ], [ 427781.5, 434150.25 ], [ 427782.25, 434150.25 ], [ 427782.25, 434150.0 ], [ 427783.0, 434150.0 ], [ 427783.0, 434149.75 ], [ 427783.5, 434149.75 ], [ 427783.5, 434149.5 ], [ 427784.5, 434149.5 ], [ 427784.5, 434149.25 ], [ 427785.25, 434149.25 ], [ 427785.25, 434149.0 ], [ 427786.25, 434149.0 ], [ 427786.25, 434148.75 ], [ 427787.0, 434148.75 ], [ 427787.0, 434148.5 ], [ 427788.5, 434148.5 ], [ 427788.5, 434148.25 ], [ 427789.5, 434148.25 ], [ 427789.5, 434148.0 ], [ 427790.0, 434148.0 ], [ 427790.0, 434147.75 ], [ 427790.5, 434147.75 ], [ 427790.5, 434147.5 ], [ 427791.0, 434147.5 ], [ 427791.0, 434147.25 ], [ 427791.75, 434147.25 ], [ 427791.75, 434147.0 ], [ 427792.5, 434147.0 ], [ 427792.5, 434146.75 ], [ 427793.25, 434146.75 ], [ 427793.25, 434146.5 ], [ 427794.5, 434146.5 ], [ 427794.5, 434146.25 ], [ 427795.75, 434146.25 ], [ 427795.75, 434146.0 ], [ 427797.0, 434146.0 ], [ 427797.0, 434145.75 ], [ 427798.5, 434145.75 ], [ 427798.5, 434145.5 ], [ 427799.5, 434145.5 ], [ 427799.5, 434145.25 ], [ 427801.0, 434145.25 ], [ 427801.0, 434145.0 ], [ 427802.5, 434145.0 ], [ 427802.5, 434144.75 ], [ 427803.5, 434144.75 ], [ 427803.5, 434144.5 ], [ 427805.0, 434144.5 ], [ 427805.0, 434144.25 ], [ 427806.5, 434144.25 ], [ 427806.5, 434144.0 ], [ 427808.75, 434144.0 ], [ 427808.75, 434143.75 ], [ 427810.25, 434143.75 ], [ 427810.25, 434143.5 ], [ 427812.0, 434143.5 ], [ 427812.0, 434143.25 ], [ 427814.5, 434143.25 ], [ 427814.5, 434143.0 ], [ 427824.0, 434143.0 ], [ 427824.0, 434143.25 ], [ 427826.75, 434143.25 ], [ 427826.75, 434143.0 ], [ 427828.25, 434143.0 ], [ 427828.25, 434142.75 ], [ 427829.0, 434142.75 ], [ 427829.0, 434142.5 ], [ 427829.5, 434142.5 ], [ 427829.5, 434142.25 ], [ 427830.0, 434142.25 ], [ 427830.0, 434142.0 ], [ 427830.5, 434142.0 ], [ 427830.5, 434141.75 ], [ 427830.75, 434141.75 ], [ 427830.75, 434141.5 ], [ 427831.0, 434141.5 ], [ 427831.0, 434141.25 ], [ 427831.25, 434141.25 ], [ 427831.25, 434140.5 ], [ 427831.5, 434140.5 ], [ 427831.5, 434139.75 ], [ 427831.75, 434139.75 ], [ 427831.75, 434138.75 ], [ 427832.0, 434138.75 ], [ 427832.0, 434135.25 ], [ 427832.25, 434135.25 ], [ 427832.25, 434129.25 ], [ 427832.0, 434129.25 ], [ 427832.0, 434112.75 ], [ 427832.25, 434112.75 ], [ 427832.25, 434110.5 ], [ 427832.5, 434110.5 ], [ 427832.5, 434110.0 ], [ 427832.75, 434110.0 ], [ 427832.75, 434109.75 ], [ 427833.0, 434109.75 ], [ 427833.0, 434109.5 ], [ 427833.25, 434109.5 ], [ 427833.25, 434109.25 ], [ 427833.5, 434109.25 ], [ 427833.5, 434109.0 ], [ 427834.0, 434109.0 ], [ 427834.0, 434108.75 ], [ 427834.75, 434108.75 ], [ 427834.75, 434108.5 ], [ 427838.0, 434108.5 ], [ 427838.0, 434108.25 ], [ 427841.0, 434108.25 ], [ 427841.0, 434108.0 ], [ 427844.75, 434108.0 ], [ 427844.75, 434107.75 ], [ 427848.5, 434107.75 ], [ 427848.5, 434108.0 ], [ 427851.25, 434108.0 ], [ 427851.25, 434107.75 ], [ 427851.75, 434107.75 ], [ 427851.75, 434108.0 ], [ 427854.5, 434108.0 ], [ 427854.5, 434108.25 ], [ 427855.75, 434108.25 ], [ 427855.75, 434108.5 ], [ 427856.25, 434108.5 ], [ 427856.25, 434108.75 ], [ 427856.5, 434108.75 ], [ 427856.5, 434109.0 ], [ 427856.75, 434109.0 ], [ 427856.75, 434109.25 ], [ 427857.0, 434109.25 ], [ 427857.0, 434110.5 ], [ 427857.25, 434110.5 ], [ 427857.25, 434111.75 ], [ 427857.0, 434111.75 ], [ 427857.0, 434112.25 ], [ 427856.75, 434112.25 ], [ 427856.75, 434113.0 ], [ 427856.5, 434113.0 ], [ 427856.5, 434118.5 ], [ 427856.75, 434118.5 ], [ 427856.75, 434120.5 ], [ 427857.0, 434120.5 ], [ 427857.0, 434125.75 ], [ 427857.25, 434125.75 ], [ 427857.25, 434129.25 ], [ 427857.0, 434129.25 ], [ 427857.0, 434137.0 ], [ 427856.75, 434137.0 ], [ 427856.75, 434139.75 ], [ 427857.0, 434139.75 ], [ 427857.0, 434142.0 ], [ 427857.25, 434142.0 ], [ 427857.25, 434144.75 ], [ 427857.5, 434144.75 ], [ 427857.5, 434146.75 ], [ 427857.75, 434146.75 ], [ 427857.75, 434147.0 ], [ 427858.0, 434147.0 ], [ 427858.0, 434147.5 ], [ 427858.25, 434147.5 ], [ 427858.25, 434148.0 ], [ 427858.5, 434148.0 ], [ 427858.5, 434148.25 ], [ 427858.75, 434148.25 ], [ 427858.75, 434148.75 ], [ 427859.0, 434148.75 ], [ 427859.0, 434149.0 ], [ 427859.25, 434149.0 ], [ 427859.25, 434149.25 ], [ 427859.5, 434149.25 ], [ 427859.5, 434149.5 ], [ 427859.75, 434149.5 ], [ 427859.75, 434149.75 ], [ 427860.0, 434149.75 ], [ 427860.0, 434150.25 ], [ 427860.25, 434150.25 ], [ 427860.25, 434150.75 ], [ 427860.5, 434150.75 ], [ 427860.5, 434151.25 ], [ 427860.75, 434151.25 ], [ 427860.75, 434152.0 ], [ 427861.0, 434152.0 ], [ 427861.0, 434152.5 ], [ 427861.25, 434152.5 ], [ 427861.25, 434153.0 ], [ 427861.5, 434153.0 ], [ 427861.5, 434153.5 ], [ 427861.75, 434153.5 ], [ 427861.75, 434153.75 ], [ 427862.0, 434153.75 ], [ 427862.0, 434154.0 ], [ 427862.25, 434154.0 ], [ 427862.25, 434154.25 ], [ 427862.5, 434154.25 ], [ 427862.5, 434154.5 ], [ 427864.75, 434154.5 ], [ 427864.75, 434154.75 ], [ 427865.0, 434154.75 ], [ 427865.0, 434155.0 ], [ 427865.25, 434155.0 ], [ 427865.25, 434155.25 ], [ 427865.75, 434155.25 ], [ 427865.75, 434155.0 ], [ 427866.25, 434155.0 ], [ 427866.25, 434154.75 ], [ 427866.5, 434154.75 ], [ 427866.5, 434154.5 ], [ 427866.75, 434154.5 ], [ 427866.75, 434154.25 ], [ 427867.0, 434154.25 ], [ 427867.0, 434154.0 ], [ 427867.25, 434154.0 ], [ 427867.25, 434153.75 ], [ 427867.5, 434153.75 ], [ 427867.5, 434153.5 ], [ 427868.0, 434153.5 ], [ 427868.0, 434153.25 ], [ 427868.25, 434153.25 ], [ 427868.25, 434153.0 ], [ 427868.5, 434153.0 ], [ 427868.5, 434152.75 ], [ 427868.75, 434152.75 ], [ 427868.75, 434152.25 ], [ 427869.0, 434152.25 ], [ 427869.0, 434152.0 ], [ 427869.25, 434152.0 ], [ 427869.25, 434151.5 ], [ 427869.5, 434151.5 ], [ 427869.5, 434151.25 ], [ 427870.25, 434151.25 ], [ 427870.25, 434151.0 ], [ 427876.75, 434151.0 ], [ 427876.75, 434151.25 ], [ 427877.0, 434151.25 ], [ 427877.0, 434151.5 ], [ 427877.25, 434151.5 ], [ 427877.25, 434151.75 ], [ 427877.5, 434151.75 ], [ 427877.5, 434152.25 ], [ 427877.75, 434152.25 ], [ 427877.75, 434152.75 ], [ 427878.0, 434152.75 ], [ 427878.0, 434153.5 ], [ 427878.25, 434153.5 ], [ 427878.25, 434154.0 ], [ 427878.5, 434154.0 ], [ 427878.5, 434154.5 ], [ 427878.75, 434154.5 ], [ 427878.75, 434155.5 ], [ 427879.0, 434155.5 ], [ 427879.0, 434156.75 ], [ 427879.25, 434156.75 ], [ 427879.25, 434158.5 ], [ 427879.5, 434158.5 ], [ 427879.5, 434159.75 ], [ 427879.75, 434159.75 ], [ 427879.75, 434161.0 ], [ 427880.0, 434161.0 ], [ 427880.0, 434163.0 ], [ 427880.25, 434163.0 ], [ 427880.25, 434165.75 ], [ 427880.5, 434165.75 ], [ 427880.5, 434168.25 ], [ 427880.75, 434168.25 ], [ 427880.75, 434169.25 ], [ 427881.0, 434169.25 ], [ 427881.0, 434170.25 ], [ 427881.25, 434170.25 ], [ 427881.25, 434170.75 ], [ 427881.0, 434170.75 ], [ 427881.0, 434172.25 ], [ 427881.25, 434172.25 ], [ 427881.25, 434174.5 ], [ 427881.5, 434174.5 ], [ 427881.5, 434175.25 ], [ 427881.75, 434175.25 ], [ 427881.75, 434176.25 ], [ 427882.0, 434176.25 ], [ 427882.0, 434177.0 ], [ 427881.75, 434177.0 ], [ 427881.75, 434178.75 ], [ 427882.0, 434178.75 ], [ 427882.0, 434180.75 ], [ 427881.75, 434180.75 ], [ 427881.75, 434181.75 ], [ 427882.0, 434181.75 ], [ 427882.0, 434183.5 ], [ 427881.75, 434183.5 ], [ 427881.75, 434184.0 ], [ 427882.0, 434184.0 ], [ 427882.0, 434188.0 ], [ 427881.75, 434188.0 ], [ 427881.75, 434191.25 ], [ 427882.0, 434191.25 ], [ 427882.0, 434191.75 ], [ 427881.75, 434191.75 ], [ 427881.75, 434193.5 ], [ 427881.5, 434193.5 ], [ 427881.5, 434195.0 ], [ 427881.25, 434195.0 ], [ 427881.25, 434195.5 ], [ 427881.0, 434195.5 ], [ 427881.0, 434195.75 ], [ 427880.75, 434195.75 ], [ 427880.75, 434196.0 ], [ 427880.5, 434196.0 ], [ 427880.5, 434196.25 ], [ 427879.25, 434196.25 ], [ 427879.25, 434196.5 ], [ 427878.75, 434196.5 ], [ 427878.75, 434196.75 ], [ 427878.25, 434196.75 ], [ 427878.25, 434196.5 ], [ 427877.25, 434196.5 ], [ 427877.25, 434196.75 ], [ 427876.5, 434196.75 ], [ 427876.5, 434197.0 ], [ 427876.0, 434197.0 ], [ 427876.0, 434196.75 ], [ 427870.25, 434196.75 ], [ 427870.25, 434197.0 ], [ 427869.0, 434197.0 ], [ 427869.0, 434197.25 ], [ 427868.0, 434197.25 ], [ 427868.0, 434197.0 ], [ 427867.25, 434197.0 ], [ 427867.25, 434196.75 ], [ 427866.25, 434196.75 ], [ 427866.25, 434196.5 ], [ 427866.0, 434196.5 ], [ 427866.0, 434196.25 ], [ 427865.75, 434196.25 ], [ 427865.75, 434196.0 ], [ 427865.25, 434196.0 ], [ 427865.25, 434195.75 ], [ 427864.75, 434195.75 ], [ 427864.75, 434195.5 ], [ 427864.0, 434195.5 ], [ 427864.0, 434195.25 ], [ 427863.5, 434195.25 ], [ 427863.5, 434195.0 ], [ 427863.25, 434195.0 ], [ 427863.25, 434194.75 ], [ 427863.0, 434194.75 ], [ 427863.0, 434194.25 ], [ 427862.75, 434194.25 ], [ 427862.75, 434193.75 ], [ 427862.5, 434193.75 ], [ 427862.5, 434193.0 ], [ 427862.25, 434193.0 ], [ 427862.25, 434192.25 ], [ 427862.0, 434192.25 ], [ 427862.0, 434192.0 ], [ 427861.75, 434192.0 ], [ 427861.75, 434191.75 ], [ 427861.5, 434191.75 ], [ 427861.5, 434191.5 ], [ 427861.25, 434191.5 ], [ 427861.25, 434191.0 ], [ 427861.0, 434191.0 ], [ 427861.0, 434190.5 ], [ 427860.75, 434190.5 ], [ 427860.75, 434189.5 ], [ 427860.5, 434189.5 ], [ 427860.5, 434189.25 ], [ 427859.5, 434189.25 ], [ 427859.5, 434189.0 ], [ 427859.25, 434189.0 ], [ 427859.25, 434188.5 ], [ 427859.0, 434188.5 ], [ 427859.0, 434188.25 ], [ 427858.75, 434188.25 ], [ 427858.75, 434187.75 ], [ 427858.5, 434187.75 ], [ 427858.5, 434187.25 ], [ 427858.25, 434187.25 ], [ 427858.25, 434187.0 ], [ 427858.0, 434187.0 ], [ 427858.0, 434186.75 ], [ 427857.75, 434186.75 ], [ 427857.75, 434186.5 ], [ 427857.25, 434186.5 ], [ 427857.25, 434186.0 ], [ 427857.0, 434186.0 ], [ 427857.0, 434185.5 ], [ 427856.75, 434185.5 ], [ 427856.75, 434184.75 ], [ 427856.5, 434184.75 ], [ 427856.5, 434183.25 ], [ 427856.25, 434183.25 ], [ 427856.25, 434182.25 ], [ 427856.0, 434182.25 ], [ 427856.0, 434181.25 ], [ 427855.75, 434181.25 ], [ 427855.75, 434180.25 ], [ 427855.5, 434180.25 ], [ 427855.5, 434179.0 ], [ 427855.25, 434179.0 ], [ 427855.25, 434177.5 ], [ 427855.0, 434177.5 ], [ 427855.0, 434175.75 ], [ 427854.75, 434175.75 ], [ 427854.75, 434173.5 ], [ 427854.5, 434173.5 ], [ 427854.5, 434171.5 ], [ 427854.25, 434171.5 ], [ 427854.25, 434170.0 ], [ 427854.0, 434170.0 ], [ 427854.0, 434168.75 ], [ 427853.75, 434168.75 ], [ 427853.75, 434168.0 ], [ 427853.5, 434168.0 ], [ 427853.5, 434167.5 ], [ 427853.25, 434167.5 ], [ 427853.25, 434167.0 ], [ 427853.0, 434167.0 ], [ 427853.0, 434166.5 ], [ 427852.75, 434166.5 ], [ 427852.75, 434166.25 ], [ 427852.5, 434166.25 ], [ 427852.5, 434166.0 ], [ 427852.0, 434166.0 ], [ 427852.0, 434165.75 ], [ 427851.5, 434165.75 ], [ 427851.5, 434165.5 ], [ 427850.75, 434165.5 ], [ 427850.75, 434165.25 ], [ 427849.75, 434165.25 ], [ 427849.75, 434165.5 ], [ 427849.0, 434165.5 ], [ 427849.0, 434165.75 ], [ 427848.0, 434165.75 ], [ 427848.0, 434166.0 ], [ 427847.25, 434166.0 ], [ 427847.25, 434166.25 ], [ 427846.5, 434166.25 ], [ 427846.5, 434166.5 ], [ 427845.25, 434166.5 ], [ 427845.25, 434166.75 ], [ 427843.5, 434166.75 ], [ 427843.5, 434167.0 ], [ 427842.0, 434167.0 ], [ 427842.0, 434167.25 ], [ 427840.0, 434167.25 ], [ 427840.0, 434167.5 ], [ 427838.25, 434167.5 ], [ 427838.25, 434167.75 ], [ 427837.25, 434167.75 ], [ 427837.25, 434168.0 ], [ 427837.0, 434168.0 ], [ 427837.0, 434168.25 ], [ 427836.5, 434168.25 ], [ 427836.5, 434168.5 ], [ 427836.25, 434168.5 ], [ 427836.25, 434168.75 ], [ 427836.0, 434168.75 ], [ 427836.0, 434169.0 ], [ 427835.75, 434169.0 ], [ 427835.75, 434169.5 ], [ 427835.5, 434169.5 ], [ 427835.5, 434170.0 ], [ 427835.25, 434170.0 ], [ 427835.25, 434171.5 ], [ 427835.5, 434171.5 ], [ 427835.5, 434173.5 ], [ 427835.75, 434173.5 ], [ 427835.75, 434175.75 ], [ 427836.0, 434175.75 ], [ 427836.0, 434179.25 ], [ 427836.25, 434179.25 ], [ 427836.25, 434183.25 ], [ 427836.5, 434183.25 ], [ 427836.5, 434186.5 ], [ 427836.75, 434186.5 ], [ 427836.75, 434189.75 ], [ 427837.0, 434189.75 ], [ 427837.0, 434196.25 ], [ 427837.25, 434196.25 ], [ 427837.25, 434207.5 ], [ 427837.5, 434207.5 ], [ 427837.5, 434209.0 ], [ 427837.75, 434209.0 ], [ 427837.75, 434212.75 ], [ 427838.0, 434212.75 ], [ 427838.0, 434216.0 ], [ 427838.25, 434216.0 ], [ 427838.25, 434228.0 ], [ 427838.0, 434228.0 ], [ 427838.0, 434230.0 ], [ 427838.25, 434230.0 ], [ 427838.25, 434232.0 ], [ 427838.75, 434232.0 ], [ 427838.75, 434234.25 ], [ 427839.0, 434234.25 ], [ 427839.0, 434239.0 ], [ 427839.25, 434239.0 ], [ 427839.25, 434240.0 ], [ 427839.5, 434240.0 ], [ 427839.5, 434241.5 ], [ 427839.75, 434241.5 ], [ 427839.75, 434242.5 ], [ 427840.0, 434242.5 ], [ 427840.0, 434243.25 ], [ 427840.25, 434243.25 ], [ 427840.25, 434245.25 ], [ 427840.5, 434245.25 ], [ 427840.5, 434246.75 ], [ 427840.25, 434246.75 ], [ 427840.25, 434247.5 ], [ 427840.0, 434247.5 ], [ 427840.0, 434248.5 ], [ 427839.75, 434248.5 ], [ 427839.75, 434249.5 ], [ 427839.5, 434249.5 ], [ 427839.5, 434250.5 ], [ 427839.25, 434250.5 ], [ 427839.25, 434251.0 ], [ 427839.0, 434251.0 ], [ 427839.0, 434251.5 ], [ 427838.75, 434251.5 ], [ 427838.75, 434251.75 ], [ 427838.5, 434251.75 ], [ 427838.5, 434252.0 ], [ 427838.0, 434252.0 ], [ 427838.0, 434252.25 ], [ 427836.5, 434252.25 ] ] ] } },
{ "type": "Feature", "properties": { }, "geometry": { "type": "Polygon", "coordinates": [ [ [ 427995.25, 434157.75 ], [ 427995.25, 434157.5 ], [ 427994.25, 434157.5 ], [ 427994.25, 434157.25 ], [ 427993.5, 434157.25 ], [ 427993.5, 434157.0 ], [ 427992.75, 434157.0 ], [ 427992.75, 434156.75 ], [ 427990.75, 434156.75 ], [ 427990.75, 434156.5 ], [ 427989.5, 434156.5 ], [ 427989.5, 434156.25 ], [ 427988.75, 434156.25 ], [ 427988.75, 434156.0 ], [ 427987.5, 434156.0 ], [ 427987.5, 434155.75 ], [ 427985.5, 434155.75 ], [ 427985.5, 434155.5 ], [ 427985.25, 434155.5 ], [ 427985.25, 434155.75 ], [ 427984.0, 434155.75 ], [ 427984.0, 434155.5 ], [ 427981.25, 434155.5 ], [ 427981.25, 434155.25 ], [ 427979.75, 434155.25 ], [ 427979.75, 434155.0 ], [ 427978.0, 434155.0 ], [ 427978.0, 434154.75 ], [ 427977.25, 434154.75 ], [ 427977.25, 434154.5 ], [ 427977.0, 434154.5 ], [ 427977.0, 434154.25 ], [ 427976.5, 434154.25 ], [ 427976.5, 434154.0 ], [ 427976.25, 434154.0 ], [ 427976.25, 434153.75 ], [ 427976.0, 434153.75 ], [ 427976.0, 434153.5 ], [ 427975.5, 434153.5 ], [ 427975.5, 434153.25 ], [ 427975.25, 434153.25 ], [ 427975.25, 434153.0 ], [ 427975.0, 434153.0 ], [ 427975.0, 434152.75 ], [ 427974.5, 434152.75 ], [ 427974.5, 434152.5 ], [ 427974.25, 434152.5 ], [ 427974.25, 434152.25 ], [ 427974.0, 434152.25 ], [ 427974.0, 434152.0 ], [ 427973.75, 434152.0 ], [ 427973.75, 434151.75 ], [ 427973.5, 434151.75 ], [ 427973.5, 434151.5 ], [ 427973.25, 434151.5 ], [ 427973.25, 434150.75 ], [ 427973.0, 434150.75 ], [ 427973.0, 434150.0 ], [ 427972.75, 434150.0 ], [ 427972.75, 434149.25 ], [ 427972.5, 434149.25 ], [ 427972.5, 434147.5 ], [ 427972.25, 434147.5 ], [ 427972.25, 434146.5 ], [ 427972.5, 434146.5 ], [ 427972.5, 434145.5 ], [ 427972.75, 434145.5 ], [ 427972.75, 434145.25 ], [ 427973.0, 434145.25 ], [ 427973.0, 434144.75 ], [ 427973.25, 434144.75 ], [ 427973.25, 434144.5 ], [ 427973.5, 434144.5 ], [ 427973.5, 434144.25 ], [ 427974.0, 434144.25 ], [ 427974.0, 434144.0 ], [ 427974.25, 434144.0 ], [ 427974.25, 434143.75 ], [ 427974.75, 434143.75 ], [ 427974.75, 434143.5 ], [ 427975.25, 434143.5 ], [ 427975.25, 434143.25 ], [ 427975.5, 434143.25 ], [ 427975.5, 434143.0 ], [ 427976.0, 434143.0 ], [ 427976.0, 434142.75 ], [ 427976.25, 434142.75 ], [ 427976.25, 434142.5 ], [ 427976.5, 434142.5 ], [ 427976.5, 434142.25 ], [ 427977.0, 434142.25 ], [ 427977.0, 434142.0 ], [ 427977.5, 434142.0 ], [ 427977.5, 434141.75 ], [ 427977.75, 434141.75 ], [ 427977.75, 434141.5 ], [ 427978.0, 434141.5 ], [ 427978.0, 434141.25 ], [ 427978.25, 434141.25 ], [ 427978.25, 434140.75 ], [ 427978.5, 434140.75 ], [ 427978.5, 434140.5 ], [ 427978.75, 434140.5 ], [ 427978.75, 434140.0 ], [ 427979.0, 434140.0 ], [ 427979.0, 434139.75 ], [ 427979.25, 434139.75 ], [ 427979.25, 434139.25 ], [ 427979.5, 434139.25 ], [ 427979.5, 434139.0 ], [ 427979.75, 434139.0 ], [ 427979.75, 434138.5 ], [ 427980.0, 434138.5 ], [ 427980.0, 434138.0 ], [ 427980.25, 434138.0 ], [ 427980.25, 434137.5 ], [ 427980.5, 434137.5 ], [ 427980.5, 434137.0 ], [ 427980.75, 434137.0 ], [ 427980.75, 434136.5 ], [ 427981.0, 434136.5 ], [ 427981.0, 434136.0 ], [ 427981.25, 434136.0 ], [ 427981.25, 434135.75 ], [ 427981.5, 434135.75 ], [ 427981.5, 434135.5 ], [ 427981.75, 434135.5 ], [ 427981.75, 434135.25 ], [ 427982.0, 434135.25 ], [ 427982.0, 434134.75 ], [ 427982.25, 434134.75 ], [ 427982.25, 434134.5 ], [ 427982.5, 434134.5 ], [ 427982.5, 434134.0 ], [ 427982.75, 434134.0 ], [ 427982.75, 434133.0 ], [ 427983.0, 434133.0 ], [ 427983.0, 434122.0 ], [ 427983.25, 434122.0 ], [ 427983.25, 434118.0 ], [ 427983.5, 434118.0 ], [ 427983.5, 434116.5 ], [ 427983.75, 434116.5 ], [ 427983.75, 434115.0 ], [ 427984.0, 434115.0 ], [ 427984.0, 434113.25 ], [ 427983.75, 434113.25 ], [ 427983.75, 434113.0 ], [ 427983.5, 434113.0 ], [ 427983.5, 434112.25 ], [ 427983.25, 434112.25 ], [ 427983.25, 434111.0 ], [ 427983.0, 434111.0 ], [ 427983.0, 434110.25 ], [ 427982.75, 434110.25 ], [ 427982.75, 434109.5 ], [ 427982.5, 434109.5 ], [ 427982.5, 434108.75 ], [ 427982.25, 434108.75 ], [ 427982.25, 434108.0 ], [ 427982.0, 434108.0 ], [ 427982.0, 434107.5 ], [ 427981.75, 434107.5 ], [ 427981.75, 434107.0 ], [ 427981.5, 434107.0 ], [ 427981.5, 434104.5 ], [ 427981.25, 434104.5 ], [ 427981.25, 434104.0 ], [ 427999.5, 434104.0 ], [ 427999.5, 434104.75 ], [ 427999.25, 434104.75 ], [ 427999.25, 434107.5 ], [ 427999.0, 434107.5 ], [ 427999.0, 434108.25 ], [ 427998.75, 434108.25 ], [ 427998.75, 434110.75 ], [ 427999.0, 434110.75 ], [ 427999.0, 434111.5 ], [ 427999.25, 434111.5 ], [ 427999.25, 434113.0 ], [ 427999.5, 434113.0 ], [ 427999.5, 434113.75 ], [ 427999.75, 434113.75 ], [ 427999.75, 434114.0 ], [ 428000.0, 434114.0 ], [ 428000.0, 434154.75 ], [ 427999.25, 434154.75 ], [ 427999.25, 434155.0 ], [ 427999.0, 434155.0 ], [ 427999.0, 434155.25 ], [ 427998.75, 434155.25 ], [ 427998.75, 434155.5 ], [ 427998.5, 434155.5 ], [ 427998.5, 434155.75 ], [ 427998.25, 434155.75 ], [ 427998.25, 434156.0 ], [ 427997.75, 434156.0 ], [ 427997.75, 434156.25 ], [ 427997.5, 434156.25 ], [ 427997.5, 434156.5 ], [ 427997.0, 434156.5 ], [ 427997.0, 434156.75 ], [ 427996.75, 434156.75 ], [ 427996.75, 434157.0 ], [ 427996.5, 434157.0 ], [ 427996.5, 434157.25 ], [ 427996.0, 434157.25 ], [ 427996.0, 434157.5 ], [ 427995.75, 434157.5 ], [ 427995.75, 434157.75 ], [ 427995.25, 434157.75 ] ] ] } },
{ "type": "Feature", "properties": { }, "geometry": { "type": "Polygon", "coordinates": [ [ [ 427633.0, 434104.0 ], [ 427633.0, 434102.25 ], [ 427632.75, 434102.25 ], [ 427632.75, 434101.75 ], [ 427632.5, 434101.75 ], [ 427632.5, 434101.0 ], [ 427632.25, 434101.0 ], [ 427632.25, 434100.0 ], [ 427632.0, 434100.0 ], [ 427632.0, 434098.5 ], [ 427632.25, 434098.5 ], [ 427632.25, 434098.25 ], [ 427632.5, 434098.25 ], [ 427632.5, 434098.0 ], [ 427633.0, 434098.0 ], [ 427633.0, 434097.75 ], [ 427633.25, 434097.75 ], [ 427633.25, 434097.5 ], [ 427633.75, 434097.5 ], [ 427633.75, 434097.25 ], [ 427634.5, 434097.25 ], [ 427634.5, 434097.0 ], [ 427635.5, 434097.0 ], [ 427635.5, 434096.75 ], [ 427636.5, 434096.75 ], [ 427636.5, 434096.5 ], [ 427638.0, 434096.5 ], [ 427638.0, 434096.25 ], [ 427640.0, 434096.25 ], [ 427640.0, 434104.0 ], [ 427633.0, 434104.0 ] ] ] } },
{ "type": "Feature", "properties": { }, "geometry": { "type": "Polygon", "coordinates": [ [ [ 427689.25, 434057.0 ], [ 427689.25, 434056.75 ], [ 427688.0, 434056.75 ], [ 427688.0, 434056.5 ], [ 427687.0, 434056.5 ], [ 427687.0, 434056.25 ], [ 427686.25, 434056.25 ], [ 427686.25, 434056.0 ], [ 427686.0, 434056.0 ], [ 427686.0, 434055.75 ], [ 427685.5, 434055.75 ], [ 427685.5, 434055.5 ], [ 427685.25, 434055.5 ], [ 427685.25, 434055.25 ], [ 427684.75, 434055.25 ], [ 427684.75, 434055.0 ], [ 427684.5, 434055.0 ], [ 427684.5, 434054.75 ], [ 427684.25, 434054.75 ], [ 427684.25, 434054.5 ], [ 427684.0, 434054.5 ], [ 427684.0, 434054.25 ], [ 427683.75, 434054.25 ], [ 427683.75, 434054.0 ], [ 427683.25, 434054.0 ], [ 427683.25, 434053.75 ], [ 427683.0, 434053.75 ], [ 427683.0, 434053.5 ], [ 427682.5, 434053.5 ], [ 427682.5, 434053.25 ], [ 427681.75, 434053.25 ], [ 427681.75, 434053.0 ], [ 427680.75, 434053.0 ], [ 427680.75, 434052.75 ], [ 427679.75, 434052.75 ], [ 427679.75, 434052.5 ], [ 427678.5, 434052.5 ], [ 427678.5, 434052.25 ], [ 427677.25, 434052.25 ], [ 427677.25, 434052.0 ], [ 427676.25, 434052.0 ], [ 427676.25, 434051.75 ], [ 427675.0, 434051.75 ], [ 427675.0, 434051.5 ], [ 427674.25, 434051.5 ], [ 427674.25, 434051.25 ], [ 427673.5, 434051.25 ], [ 427673.5, 434051.0 ], [ 427672.75, 434051.0 ], [ 427672.75, 434050.75 ], [ 427671.75, 434050.75 ], [ 427671.75, 434050.5 ], [ 427670.75, 434050.5 ], [ 427670.75, 434050.25 ], [ 427670.0, 434050.25 ], [ 427670.0, 434050.0 ], [ 427669.5, 434050.0 ], [ 427669.5, 434049.75 ], [ 427668.75, 434049.75 ], [ 427668.75, 434049.5 ], [ 427668.25, 434049.5 ], [ 427668.25, 434049.25 ], [ 427667.75, 434049.25 ], [ 427667.75, 434049.0 ], [ 427667.0, 434049.0 ], [ 427667.0, 434048.75 ], [ 427666.25, 434048.75 ], [ 427666.25, 434048.5 ], [ 427665.75, 434048.5 ], [ 427665.75, 434048.25 ], [ 427665.25, 434048.25 ], [ 427665.25, 434048.0 ], [ 427665.0, 434048.0 ], [ 427665.0, 434047.75 ], [ 427664.75, 434047.75 ], [ 427664.75, 434047.5 ], [ 427664.5, 434047.5 ], [ 427664.5, 434047.25 ], [ 427664.25, 434047.25 ], [ 427664.25, 434047.0 ], [ 427663.75, 434047.0 ], [ 427663.75, 434046.75 ], [ 427663.5, 434046.75 ], [ 427663.5, 434046.5 ], [ 427663.25, 434046.5 ], [ 427663.25, 434046.0 ], [ 427663.0, 434046.0 ], [ 427663.0, 434045.75 ], [ 427662.75, 434045.75 ], [ 427662.75, 434045.25 ], [ 427662.5, 434045.25 ], [ 427662.5, 434045.0 ], [ 427662.25, 434045.0 ], [ 427662.25, 434044.75 ], [ 427662.0, 434044.75 ], [ 427662.0, 434044.25 ], [ 427661.75, 434044.25 ], [ 427661.75, 434044.0 ], [ 427661.5, 434044.0 ], [ 427661.5, 434043.75 ], [ 427661.25, 434043.75 ], [ 427661.25, 434043.25 ], [ 427661.0, 434043.25 ], [ 427661.0, 434042.5 ], [ 427660.75, 434042.5 ], [ 427660.75, 434041.75 ], [ 427660.5, 434041.75 ], [ 427660.5, 434041.0 ], [ 427660.25, 434041.0 ], [ 427660.25, 434040.0 ], [ 427660.0, 434040.0 ], [ 427660.0, 434038.5 ], [ 427659.75, 434038.5 ], [ 427659.75, 434037.5 ], [ 427659.5, 434037.5 ], [ 427659.5, 434036.25 ], [ 427659.25, 434036.25 ], [ 427659.25, 434035.25 ], [ 427659.0, 434035.25 ], [ 427659.0, 434034.0 ], [ 427658.75, 434034.0 ], [ 427658.75, 434033.0 ], [ 427658.5, 434033.0 ], [ 427658.5, 434032.25 ], [ 427658.25, 434032.25 ], [ 427658.25, 434031.5 ], [ 427658.0, 434031.5 ], [ 427658.0, 434030.75 ], [ 427657.75, 434030.75 ], [ 427657.75, 434029.75 ], [ 427657.5, 434029.75 ], [ 427657.5, 434024.5 ], [ 427657.75, 434024.5 ], [ 427657.75, 434023.5 ], [ 427658.0, 434023.5 ], [ 427658.0, 434023.0 ], [ 427658.25, 434023.0 ], [ 427658.25, 434022.25 ], [ 427658.5, 434022.25 ], [ 427658.5, 434021.75 ], [ 427658.75, 434021.75 ], [ 427658.75, 434021.5 ], [ 427659.0, 434021.5 ], [ 427659.0, 434021.25 ], [ 427659.25, 434021.25 ], [ 427659.25, 434021.0 ], [ 427659.5, 434021.0 ], [ 427659.5, 434020.5 ], [ 427660.0, 434020.5 ], [ 427660.0, 434020.25 ], [ 427660.5, 434020.25 ], [ 427660.5, 434020.0 ], [ 427661.0, 434020.0 ], [ 427661.0, 434019.75 ], [ 427661.75, 434019.75 ], [ 427661.75, 434019.5 ], [ 427662.75, 434019.5 ], [ 427662.75, 434019.25 ], [ 427663.25, 434019.25 ], [ 427663.25, 434019.0 ], [ 427664.25, 434019.0 ], [ 427664.25, 434018.75 ], [ 427666.0, 434018.75 ], [ 427666.0, 434019.0 ], [ 427667.5, 434019.0 ], [ 427667.5, 434019.25 ], [ 427668.75, 434019.25 ], [ 427668.75, 434019.5 ], [ 427671.25, 434019.5 ], [ 427671.25, 434019.25 ], [ 427673.0, 434019.25 ], [ 427673.0, 434019.0 ], [ 427676.5, 434019.0 ], [ 427676.5, 434019.25 ], [ 427677.5, 434019.25 ], [ 427677.5, 434019.5 ], [ 427678.0, 434019.5 ], [ 427678.0, 434019.75 ], [ 427678.5, 434019.75 ], [ 427678.5, 434020.0 ], [ 427678.75, 434020.0 ], [ 427678.75, 434020.25 ], [ 427679.0, 434020.25 ], [ 427679.0, 434020.5 ], [ 427679.25, 434020.5 ], [ 427679.25, 434020.75 ], [ 427679.5, 434020.75 ], [ 427679.5, 434021.0 ], [ 427679.75, 434021.0 ], [ 427679.75, 434021.5 ], [ 427680.0, 434021.5 ], [ 427680.0, 434021.75 ], [ 427680.25, 434021.75 ], [ 427680.25, 434022.25 ], [ 427680.5, 434022.25 ], [ 427680.5, 434022.5 ], [ 427680.75, 434022.5 ], [ 427680.75, 434023.0 ], [ 427681.0, 434023.0 ], [ 427681.0, 434023.25 ], [ 427681.25, 434023.25 ], [ 427681.25, 434023.5 ], [ 427681.5, 434023.5 ], [ 427681.5, 434024.0 ], [ 427681.75, 434024.0 ], [ 427681.75, 434024.25 ], [ 427682.0, 434024.25 ], [ 427682.0, 434024.5 ], [ 427682.25, 434024.5 ], [ 427682.25, 434024.75 ], [ 427682.5, 434024.75 ], [ 427682.5, 434025.0 ], [ 427682.75, 434025.0 ], [ 427682.75, 434025.25 ], [ 427683.0, 434025.25 ], [ 427683.0, 434025.5 ], [ 427683.25, 434025.5 ], [ 427683.25, 434026.0 ], [ 427683.5, 434026.0 ], [ 427683.5, 434026.25 ], [ 427683.75, 434026.25 ], [ 427683.75, 434026.75 ], [ 427684.0, 434026.75 ], [ 427684.0, 434027.0 ], [ 427684.25, 434027.0 ], [ 427684.25, 434027.5 ], [ 427684.5, 434027.5 ], [ 427684.5, 434028.0 ], [ 427684.75, 434028.0 ], [ 427684.75, 434028.5 ], [ 427685.0, 434028.5 ], [ 427685.0, 434029.0 ], [ 427685.25, 434029.0 ], [ 427685.25, 434029.5 ], [ 427685.5, 434029.5 ], [ 427685.5, 434030.0 ], [ 427685.75, 434030.0 ], [ 427685.75, 434030.25 ], [ 427686.0, 434030.25 ], [ 427686.0, 434030.75 ], [ 427686.25, 434030.75 ], [ 427686.25, 434031.0 ], [ 427686.75, 434031.0 ], [ 427686.75, 434031.25 ], [ 427687.0, 434031.25 ], [ 427687.0, 434031.75 ], [ 427687.25, 434031.75 ], [ 427687.25, 434032.0 ], [ 427687.5, 434032.0 ], [ 427687.5, 434032.25 ], [ 427687.75, 434032.25 ], [ 427687.75, 434032.5 ], [ 427688.0, 434032.5 ], [ 427688.0, 434032.75 ], [ 427688.25, 434032.75 ], [ 427688.25, 434033.25 ], [ 427688.5, 434033.25 ], [ 427688.5, 434033.5 ], [ 427688.75, 434033.5 ], [ 427688.75, 434034.0 ], [ 427689.0, 434034.0 ], [ 427689.0, 434034.25 ], [ 427689.25, 434034.25 ], [ 427689.25, 434034.5 ], [ 427689.5, 434034.5 ], [ 427689.5, 434034.75 ], [ 427689.75, 434034.75 ], [ 427689.75, 434035.0 ], [ 427690.0, 434035.0 ], [ 427690.0, 434035.25 ], [ 427690.5, 434035.25 ], [ 427690.5, 434035.5 ], [ 427690.75, 434035.5 ], [ 427690.75, 434035.75 ], [ 427691.0, 434035.75 ], [ 427691.0, 434036.0 ], [ 427691.25, 434036.0 ], [ 427691.25, 434036.5 ], [ 427691.5, 434036.5 ], [ 427691.5, 434036.75 ], [ 427691.75, 434036.75 ], [ 427691.75, 434037.0 ], [ 427692.0, 434037.0 ], [ 427692.0, 434037.5 ], [ 427692.25, 434037.5 ], [ 427692.25, 434037.75 ], [ 427692.5, 434037.75 ], [ 427692.5, 434038.25 ], [ 427692.75, 434038.25 ], [ 427692.75, 434038.5 ], [ 427693.0, 434038.5 ], [ 427693.0, 434038.75 ], [ 427693.25, 434038.75 ], [ 427693.25, 434039.0 ], [ 427693.5, 434039.0 ], [ 427693.5, 434039.25 ], [ 427693.75, 434039.25 ], [ 427693.75, 434039.5 ], [ 427694.25, 434039.5 ], [ 427694.25, 434039.75 ], [ 427694.75, 434039.75 ], [ 427694.75, 434040.0 ], [ 427695.0, 434040.0 ], [ 427695.0, 434040.25 ], [ 427695.25, 434040.25 ], [ 427695.25, 434040.5 ], [ 427695.5, 434040.5 ], [ 427695.5, 434040.75 ], [ 427695.75, 434040.75 ], [ 427695.75, 434041.0 ], [ 427696.0, 434041.0 ], [ 427696.0, 434041.5 ], [ 427696.25, 434041.5 ], [ 427696.25, 434042.0 ], [ 427696.5, 434042.0 ], [ 427696.5, 434042.5 ], [ 427696.75, 434042.5 ], [ 427696.75, 434043.25 ], [ 427697.0, 434043.25 ], [ 427697.0, 434044.0 ], [ 427697.25, 434044.0 ], [ 427697.25, 434044.5 ], [ 427697.5, 434044.5 ], [ 427697.5, 434045.25 ], [ 427697.75, 434045.25 ], [ 427697.75, 434050.0 ], [ 427697.5, 434050.0 ], [ 427697.5, 434050.75 ], [ 427697.75, 434050.75 ], [ 427697.75, 434051.5 ], [ 427698.0, 434051.5 ], [ 427698.0, 434052.75 ], [ 427697.75, 434052.75 ], [ 427697.75, 434053.25 ], [ 427697.5, 434053.25 ], [ 427697.5, 434053.75 ], [ 427697.25, 434053.75 ], [ 427697.25, 434054.0 ], [ 427697.0, 434054.0 ], [ 427697.0, 434054.25 ], [ 427696.75, 434054.25 ], [ 427696.75, 434054.75 ], [ 427696.5, 434054.75 ], [ 427696.5, 434055.0 ], [ 427696.25, 434055.0 ], [ 427696.25, 434055.25 ], [ 427696.0, 434055.25 ], [ 427696.0, 434055.5 ], [ 427695.75, 434055.5 ], [ 427695.75, 434055.75 ], [ 427695.25, 434055.75 ], [ 427695.25, 434056.0 ], [ 427694.75, 434056.0 ], [ 427694.75, 434056.25 ], [ 427694.5, 434056.25 ], [ 427694.5, 434056.5 ], [ 427693.75, 434056.5 ], [ 427693.75, 434056.75 ], [ 427692.5, 434056.75 ], [ 427692.5, 434057.0 ], [ 427689.25, 434057.0 ] ] ] } },
{ "type": "Feature", "properties": { }, "geometry": { "type": "Polygon", "coordinates": [ [ [ 427245.25, 434017.0 ], [ 427245.25, 434016.75 ], [ 427245.0, 434016.75 ], [ 427245.0, 434016.25 ], [ 427246.5, 434016.25 ], [ 427246.5, 434017.0 ], [ 427245.25, 434017.0 ] ] ] } },
{ "type": "Feature", "properties": { }, "geometry": { "type": "Polygon", "coordinates": [ [ [ 427226.25, 434014.5 ], [ 427226.25, 434014.0 ], [ 427226.0, 434014.0 ], [ 427226.0, 434013.75 ], [ 427225.75, 434013.75 ], [ 427225.75, 434013.0 ], [ 427226.0, 434013.0 ], [ 427226.0, 434012.25 ], [ 427226.25, 434012.25 ], [ 427226.25, 434012.0 ], [ 427228.0, 434012.0 ], [ 427228.0, 434012.25 ], [ 427229.0, 434012.25 ], [ 427229.0, 434012.5 ], [ 427229.25, 434012.5 ], [ 427229.25, 434012.75 ], [ 427230.0, 434012.75 ], [ 427230.0, 434012.5 ], [ 427230.75, 434012.5 ], [ 427230.75, 434013.0 ], [ 427230.5, 434013.0 ], [ 427230.5, 434013.5 ], [ 427230.25, 434013.5 ], [ 427230.25, 434013.75 ], [ 427230.0, 434013.75 ], [ 427230.0, 434014.0 ], [ 427227.75, 434014.0 ], [ 427227.75, 434014.25 ], [ 427227.0, 434014.25 ], [ 427227.0, 434014.5 ], [ 427226.25, 434014.5 ] ] ] } },
{ "type": "Feature", "properties": { }, "geometry": { "type": "Polygon", "coordinates": [ [ [ 427245.25, 434012.5 ], [ 427245.25, 434012.25 ], [ 427245.0, 434012.25 ], [ 427245.0, 434011.75 ], [ 427244.75, 434011.75 ], [ 427244.75, 434011.25 ], [ 427245.0, 434011.25 ], [ 427245.0, 434011.0 ], [ 427245.25, 434011.0 ], [ 427245.25, 434010.75 ], [ 427245.5, 434010.75 ], [ 427245.5, 434010.5 ], [ 427246.5, 434010.5 ], [ 427246.5, 434011.0 ], [ 427246.75, 434011.0 ], [ 427246.75, 434011.75 ], [ 427246.5, 434011.75 ], [ 427246.5, 434012.5 ], [ 427245.25, 434012.5 ] ] ] } },
{ "type": "Feature", "properties": { }, "geometry": { "type": "Polygon", "coordinates": [ [ [ 427646.0, 434006.75 ], [ 427646.0, 434005.75 ], [ 427646.25, 434005.75 ], [ 427646.25, 434005.5 ], [ 427646.5, 434005.5 ], [ 427646.5, 434005.75 ], [ 427646.75, 434005.75 ], [ 427646.75, 434006.0 ], [ 427647.0, 434006.0 ], [ 427647.0, 434006.25 ], [ 427647.25, 434006.25 ], [ 427647.25, 434006.75 ], [ 427646.0, 434006.75 ] ] ] } },
{ "type": "Feature", "properties": { }, "geometry": { "type": "Polygon", "coordinates": [ [ [ 427372.25, 434031.0 ], [ 427372.25, 434030.75 ], [ 427371.5, 434030.75 ], [ 427371.5, 434030.5 ], [ 427371.25, 434030.5 ], [ 427371.25, 434030.25 ], [ 427371.0, 434030.25 ], [ 427371.0, 434030.0 ], [ 427370.75, 434030.0 ], [ 427370.75, 434029.75 ], [ 427370.25, 434029.75 ], [ 427370.25, 434029.5 ], [ 427369.5, 434029.5 ], [ 427369.5, 434029.25 ], [ 427369.0, 434029.25 ], [ 427369.0, 434029.0 ], [ 427368.0, 434029.0 ], [ 427368.0, 434028.75 ], [ 427367.25, 434028.75 ], [ 427367.25, 434028.5 ], [ 427366.5, 434028.5 ], [ 427366.5, 434028.25 ], [ 427366.25, 434028.25 ], [ 427366.25, 434028.0 ], [ 427366.0, 434028.0 ], [ 427366.0, 434027.75 ], [ 427365.5, 434027.75 ], [ 427365.5, 434027.5 ], [ 427365.0, 434027.5 ], [ 427365.0, 434027.25 ], [ 427364.75, 434027.25 ], [ 427364.75, 434027.0 ], [ 427364.25, 434027.0 ], [ 427364.25, 434026.75 ], [ 427363.25, 434026.75 ], [ 427363.25, 434026.5 ], [ 427362.5, 434026.5 ], [ 427362.5, 434026.25 ], [ 427362.25, 434026.25 ], [ 427362.25, 434026.0 ], [ 427362.0, 434026.0 ], [ 427362.0, 434025.75 ], [ 427361.75, 434025.75 ], [ 427361.75, 434025.5 ], [ 427361.5, 434025.5 ], [ 427361.5, 434025.25 ], [ 427361.25, 434025.25 ], [ 427361.25, 434025.0 ], [ 427361.0, 434025.0 ], [ 427361.0, 434024.5 ], [ 427360.75, 434024.5 ], [ 427360.75, 434024.25 ], [ 427360.5, 434024.25 ], [ 427360.5, 434024.0 ], [ 427360.25, 434024.0 ], [ 427360.25, 434023.75 ], [ 427360.0, 434023.75 ], [ 427360.0, 434023.5 ], [ 427359.75, 434023.5 ], [ 427359.75, 434023.25 ], [ 427359.5, 434023.25 ], [ 427359.5, 434023.0 ], [ 427359.25, 434023.0 ], [ 427359.25, 434022.5 ], [ 427359.0, 434022.5 ], [ 427359.0, 434022.25 ], [ 427358.75, 434022.25 ], [ 427358.75, 434022.0 ], [ 427358.5, 434022.0 ], [ 427358.5, 434021.5 ], [ 427358.25, 434021.5 ], [ 427358.25, 434021.25 ], [ 427357.75, 434021.25 ], [ 427357.75, 434021.0 ], [ 427357.5, 434021.0 ], [ 427357.5, 434020.75 ], [ 427357.25, 434020.75 ], [ 427357.25, 434020.5 ], [ 427357.0, 434020.5 ], [ 427357.0, 434020.25 ], [ 427356.75, 434020.25 ], [ 427356.75, 434019.75 ], [ 427356.5, 434019.75 ], [ 427356.5, 434019.25 ], [ 427356.25, 434019.25 ], [ 427356.25, 434018.5 ], [ 427356.0, 434018.5 ], [ 427356.0, 434018.0 ], [ 427355.75, 434018.0 ], [ 427355.75, 434017.25 ], [ 427355.5, 434017.25 ], [ 427355.5, 434016.75 ], [ 427355.25, 434016.75 ], [ 427355.25, 434016.25 ], [ 427355.0, 434016.25 ], [ 427355.0, 434016.0 ], [ 427354.75, 434016.0 ], [ 427354.75, 434015.5 ], [ 427354.5, 434015.5 ], [ 427354.5, 434015.25 ], [ 427354.25, 434015.25 ], [ 427354.25, 434015.0 ], [ 427354.0, 434015.0 ], [ 427354.0, 434014.5 ], [ 427353.75, 434014.5 ], [ 427353.75, 434014.25 ], [ 427353.5, 434014.25 ], [ 427353.5, 434013.5 ], [ 427353.25, 434013.5 ], [ 427353.25, 434012.75 ], [ 427353.0, 434012.75 ], [ 427353.0, 434011.75 ], [ 427352.75, 434011.75 ], [ 427352.75, 434010.75 ], [ 427352.5, 434010.75 ], [ 427352.5, 434009.75 ], [ 427352.25, 434009.75 ], [ 427352.25, 434008.75 ], [ 427352.0, 434008.75 ], [ 427352.0, 434008.0 ], [ 427351.75, 434008.0 ], [ 427351.75, 434007.25 ], [ 427351.5, 434007.25 ], [ 427351.5, 434006.5 ], [ 427351.25, 434006.5 ], [ 427351.25, 434006.0 ], [ 427351.0, 434006.0 ], [ 427351.0, 434005.5 ], [ 427350.75, 434005.5 ], [ 427350.75, 434005.25 ], [ 427351.0, 434005.25 ], [ 427351.0, 434004.5 ], [ 427351.25, 434004.5 ], [ 427351.25, 434004.0 ], [ 427351.5, 434004.0 ], [ 427351.5, 434003.75 ], [ 427351.75, 434003.75 ], [ 427351.75, 434003.25 ], [ 427352.0, 434003.25 ], [ 427352.0, 434003.0 ], [ 427352.25, 434003.0 ], [ 427352.25, 434002.75 ], [ 427353.0, 434002.75 ], [ 427353.0, 434002.5 ], [ 427357.0, 434002.5 ], [ 427357.0, 434002.25 ], [ 427357.5, 434002.25 ], [ 427357.5, 434002.0 ], [ 427358.0, 434002.0 ], [ 427358.0, 434001.75 ], [ 427358.5, 434001.75 ], [ 427358.5, 434001.5 ], [ 427358.75, 434001.5 ], [ 427358.75, 434001.25 ], [ 427359.25, 434001.25 ], [ 427359.25, 434001.0 ], [ 427359.5, 434001.0 ], [ 427359.5, 434000.75 ], [ 427360.5, 434000.75 ], [ 427360.5, 434000.5 ], [ 427362.25, 434000.5 ], [ 427362.25, 434000.75 ], [ 427363.0, 434000.75 ], [ 427363.0, 434001.0 ], [ 427364.0, 434001.0 ], [ 427364.0, 434001.25 ], [ 427364.75, 434001.25 ], [ 427364.75, 434001.0 ], [ 427365.25, 434001.0 ], [ 427365.25, 434000.75 ], [ 427365.75, 434000.75 ], [ 427365.75, 434000.5 ], [ 427366.75, 434000.5 ], [ 427366.75, 434000.75 ], [ 427367.25, 434000.75 ], [ 427367.25, 434001.0 ], [ 427367.5, 434001.0 ], [ 427367.5, 434001.25 ], [ 427367.75, 434001.25 ], [ 427367.75, 434001.5 ], [ 427368.0, 434001.5 ], [ 427368.0, 434001.75 ], [ 427368.25, 434001.75 ], [ 427368.25, 434002.0 ], [ 427368.5, 434002.0 ], [ 427368.5, 434002.5 ], [ 427368.75, 434002.5 ], [ 427368.75, 434003.0 ], [ 427369.0, 434003.0 ], [ 427369.0, 434003.25 ], [ 427369.25, 434003.25 ], [ 427369.25, 434003.5 ], [ 427369.5, 434003.5 ], [ 427369.5, 434003.75 ], [ 427369.75, 434003.75 ], [ 427369.75, 434004.25 ], [ 427370.25, 434004.25 ], [ 427370.25, 434004.5 ], [ 427370.75, 434004.5 ], [ 427370.75, 434005.0 ], [ 427371.0, 434005.0 ], [ 427371.0, 434005.5 ], [ 427371.25, 434005.5 ], [ 427371.25, 434005.75 ], [ 427371.5, 434005.75 ], [ 427371.5, 434006.25 ], [ 427371.75, 434006.25 ], [ 427371.75, 434007.25 ], [ 427372.0, 434007.25 ], [ 427372.0, 434008.25 ], [ 427372.25, 434008.25 ], [ 427372.25, 434009.75 ], [ 427372.5, 434009.75 ], [ 427372.5, 434010.5 ], [ 427372.75, 434010.5 ], [ 427372.75, 434011.75 ], [ 427373.25, 434011.75 ], [ 427373.25, 434012.0 ], [ 427373.5, 434012.0 ], [ 427373.5, 434012.25 ], [ 427374.0, 434012.25 ], [ 427374.0, 434012.75 ], [ 427374.25, 434012.75 ], [ 427374.25, 434013.0 ], [ 427374.5, 434013.0 ], [ 427374.5, 434013.25 ], [ 427376.75, 434013.25 ], [ 427376.75, 434013.5 ], [ 427377.25, 434013.5 ], [ 427377.25, 434013.75 ], [ 427377.75, 434013.75 ], [ 427377.75, 434014.0 ], [ 427378.0, 434014.0 ], [ 427378.0, 434014.25 ], [ 427378.5, 434014.25 ], [ 427378.5, 434014.5 ], [ 427378.75, 434014.5 ], [ 427378.75, 434014.75 ], [ 427379.0, 434014.75 ], [ 427379.0, 434015.0 ], [ 427379.25, 434015.0 ], [ 427379.25, 434015.25 ], [ 427379.5, 434015.25 ], [ 427379.5, 434015.5 ], [ 427379.75, 434015.5 ], [ 427379.75, 434015.75 ], [ 427380.0, 434015.75 ], [ 427380.0, 434016.0 ], [ 427380.25, 434016.0 ], [ 427380.25, 434016.25 ], [ 427380.5, 434016.25 ], [ 427380.5, 434016.5 ], [ 427380.75, 434016.5 ], [ 427380.75, 434016.75 ], [ 427381.0, 434016.75 ], [ 427381.0, 434017.0 ], [ 427381.25, 434017.0 ], [ 427381.25, 434017.25 ], [ 427381.5, 434017.25 ], [ 427381.5, 434017.5 ], [ 427382.0, 434017.5 ], [ 427382.0, 434017.75 ], [ 427382.25, 434017.75 ], [ 427382.25, 434018.0 ], [ 427384.0, 434018.0 ], [ 427384.0, 434030.25 ], [ 427383.0, 434030.25 ], [ 427383.0, 434030.5 ], [ 427382.25, 434030.5 ], [ 427382.25, 434030.25 ], [ 427378.75, 434030.25 ], [ 427378.75, 434030.5 ], [ 427377.75, 434030.5 ], [ 427377.75, 434030.75 ], [ 427375.5, 434030.75 ], [ 427375.5, 434031.0 ], [ 427372.25, 434031.0 ] ] ] } }
]
}
