{
"type": "FeatureCollection",
"name": "se3137_rgb_250_03_original",
"crs": { "type": "name", "properties": { "name": "urn:ogc:def:crs:EPSG::27700" } },
"features": [
{ "type": "Feature", "properties": { }, "geometry": { "type": "Polygon", "coordinates": [ [ [ 431231.25, 438000.0 ], [ 431231.25, 437998.75 ], [ 431231.5, 437998.75 ], [ 431231.5, 437998.0 ], [ 431231.75, 437998.0 ], [ 431231.75, 437997.25 ], [ 431232.0, 437997.25 ], [ 431232.0, 437996.75 ], [ 431232.25, 437996.75 ], [ 431232.25, 437996.5 ], [ 431232.75, 437996.5 ], [ 431232.75, 437996.0 ], [ 431233.0, 437996.0 ], [ 431233.0, 437995.75 ], [ 431233.25, 437995.75 ], [ 431233.25, 437995.5 ], [ 431233.75, 437995.5 ], [ 431233.75, 437995.25 ], [ 431234.25, 437995.25 ], [ 431234.25, 437995.0 ], [ 431234.5, 437995.0 ], [ 431234.5, 437994.5 ], [ 431234.75, 437994.5 ], [ 431234.75, 437994.0 ], [ 431235.0, 437994.0 ], [ 431235.0, 437993.75 ], [ 431235.25, 437993.75 ], [ 431235.25, 437993.5 ], [ 431237.5, 437993.5 ], [ 431237.5, 437993.75 ], [ 431238.0, 437993.75 ], [ 431238.0, 437994.0 ], [ 431238.5, 437994.0 ], [ 431238.5, 437994.5 ], [ 431238.75, 437994.5 ], [ 431238.75, 437994.75 ], [ 431239.0, 437994.75 ], [ 431239.0, 437995.25 ], [ 431239.25, 437995.25 ], [ 431239.25, 437995.75 ], [ 431239.5, 437995.75 ], [ 431239.5, 437996.25 ], [ 431239.75, 437996.25 ], [ 431239.75, 437997.25 ], [ 431240.0, 437997.25 ], [ 431240.0, 438000.0 ], [ 431231.25, 438000.0 ] ] ] } },
{ "type": "Feature", "properties": { }, "geometry": { "type": "Polygon", "coordinates": [ [ [ 431487.25, 438000.0 ], [ 431487.25, 437998.25 ], [ 431487.5, 437998.25 ], [ 431487.5, 437995.75 ], [ 431487.75, 437995.75 ], [ 431487.75, 437994.5 ], [ 431488.0, 437994.5 ], [ 431488.0, 437994.0 ], [ 431488.25, 437994.0 ], [ 431488.25, 437993.25 ], [ 431488.5, 437993.25 ], [ 431488.5, 437992.75 ], [ 431488.75, 437992.75 ], [ 431488.75, 437992.5 ], [ 431489.0, 437992.5 ], [ 431489.0, 437992.25 ], [ 431489.25, 437992.25 ], [ 431489.25, 437992.0 ], [ 431489.5, 437992.0 ], [ 431489.5, 437991.75 ], [ 431490.0, 437991.75 ], [ 431490.0, 437991.5 ], [ 431491.25, 437991.5 ], [ 431491.25, 437991.75 ], [ 431492.0, 437991.75 ], [ 431492.0, 437992.0 ], [ 431492.75, 437992.0 ], [ 431492.75, 437992.25 ], [ 431493.5, 437992.25 ], [ 431493.5, 437992.5 ], [ 431494.0, 437992.5 ], [ 431494.0, 437992.75 ], [ 431494.75, 437992.75 ], [ 431494.75, 437993.0 ], [ 431495.25, 437993.0 ], [ 431495.25, 437993.25 ], [ 431495.75, 437993.25 ], [ 431495.75, 437993.5 ], [ 431496.5, 437993.5 ], [ 431496.5, 437993.75 ], [ 431496.75, 437993.75 ], [ 431496.75, 437994.0 ], [ 431497.25, 437994.0 ], [ 431497.25, 437994.25 ], [ 431498.0, 437994.25 ], [ 431498.0, 437994.5 ], [ 431498.75, 437994.5 ], [ 431498.75, 437994.75 ], [ 431499.25, 437994.75 ], [ 431499.25, 437995.0 ], [ 431499.75, 437995.0 ], [ 431499.75, 437995.25 ], [ 431500.5, 437995.25 ], [ 431500.5, 437995.5 ], [ 431501.0, 437995.5 ], [ 431501.0, 437995.75 ], [ 431501.25, 437995.75 ], [ 431501.25, 437996.0 ], [ 431501.75, 437996.0 ], [ 431501.75, 437996.25 ], [ 431502.5, 437996.25 ], [ 431502.5, 437996.5 ], [ 431503.0, 437996.5 ], [ 431503.0, 437996.75 ], [ 431503.25, 437996.75 ], [ 431503.25, 437997.0 ], [ 431503.75, 437997.0 ], [ 431503.75, 437997.25 ], [ 431504.25, 437997.25 ], [ 431504.25, 437997.5 ], [ 431504.5, 437997.5 ], [ 431504.5, 437997.75 ], [ 431504.75, 437997.75 ], [ 431504.75, 437998.0 ], [ 431505.0, 437998.0 ], [ 431505.0, 437998.25 ], [ 431505.25, 437998.25 ], [ 431505.25, 438000.0 ], [ 431487.25, 438000.0 ] ] ] } },
{ "type": "Feature", "properties": { }, "geometry": { "type": "Polygon", "coordinates": [ [ [ 431818.0, 438000.0 ], [ 431818.0, 437999.0 ], [ 431818.25, 437999.0 ], [ 431818.25, 437996.0 ], [ 431818.5, 437996.0 ], [ 431818.5, 437994.0 ], [ 431818.75, 437994.0 ], [ 431818.75, 437993.25 ], [ 431819.0, 437993.25 ], [ 431819.0, 437992.5 ], [ 431819.25, 437992.5 ], [ 431819.25, 437992.0 ], [ 431819.5, 437992.0 ], [ 431819.5, 437991.25 ], [ 431819.75, 437991.25 ], [ 431819.75, 437990.75 ], [ 431820.0, 437990.75 ], [ 431820.0, 437990.0 ], [ 431820.25, 437990.0 ], [ 431820.25, 437989.0 ], [ 431820.5, 437989.0 ], [ 431820.5, 437986.25 ], [ 431820.25, 437986.25 ], [ 431820.25, 437985.75 ], [ 431820.0, 437985.75 ], [ 431820.0, 437985.25 ], [ 431819.75, 437985.25 ], [ 431819.75, 437985.0 ], [ 431819.5, 437985.0 ], [ 431819.5, 437984.75 ], [ 431819.25, 437984.75 ], [ 431819.25, 437984.5 ], [ 431818.75, 437984.5 ], [ 431818.75, 437984.25 ], [ 431818.5, 437984.25 ], [ 431818.5, 437984.0 ], [ 431818.25, 437984.0 ], [ 431818.25, 437983.75 ], [ 431817.75, 437983.75 ], [ 431817.75, 437983.5 ], [ 431817.5, 437983.5 ], [ 431817.5, 437983.25 ], [ 431817.25, 437983.25 ], [ 431817.25, 437983.0 ], [ 431817.0, 437983.0 ], [ 431817.0, 437982.75 ], [ 431816.75, 437982.75 ], [ 431816.75, 437982.25 ], [ 431816.25, 437982.25 ], [ 431816.25, 437982.0 ], [ 431816.0, 437982.0 ], [ 431816.0, 437981.75 ], [ 431815.75, 437981.75 ], [ 431815.75, 437981.5 ], [ 431815.5, 437981.5 ], [ 431815.5, 437981.25 ], [ 431815.25, 437981.25 ], [ 431815.25, 437981.0 ], [ 431814.75, 437981.0 ], [ 431814.75, 437980.75 ], [ 431814.25, 437980.75 ], [ 431814.25, 437980.5 ], [ 431813.5, 437980.5 ], [ 431813.5, 437980.25 ], [ 431812.5, 437980.25 ], [ 431812.5, 437980.0 ], [ 431812.0, 437980.0 ], [ 431812.0, 437979.75 ], [ 431811.75, 437979.75 ], [ 431811.75, 437979.5 ], [ 431811.5, 437979.5 ], [ 431811.5, 437979.25 ], [ 431811.25, 437979.25 ], [ 431811.25, 437979.0 ], [ 431811.0, 437979.0 ], [ 431811.0, 437978.75 ], [ 431810.75, 437978.75 ], [ 431810.75, 437978.5 ], [ 431810.5, 437978.5 ], [ 431810.5, 437978.25 ], [ 431810.0, 437978.25 ], [ 431810.0, 437978.0 ], [ 431809.75, 437978.0 ], [ 431809.75, 437977.75 ], [ 431809.25, 437977.75 ], [ 431809.25, 437977.5 ], [ 431808.75, 437977.5 ], [ 431808.75, 437977.25 ], [ 431808.25, 437977.25 ], [ 431808.25, 437977.0 ], [ 431808.0, 437977.0 ], [ 431808.0, 437976.75 ], [ 431807.75, 437976.75 ], [ 431807.75, 437976.5 ], [ 431807.5, 437976.5 ], [ 431807.5, 437976.0 ], [ 431807.25, 437976.0 ], [ 431807.25, 437975.75 ], [ 431807.0, 437975.75 ], [ 431807.0, 437975.5 ], [ 431806.75, 437975.5 ], [ 431806.75, 437975.0 ], [ 431806.5, 437975.0 ], [ 431806.5, 437974.75 ], [ 431806.25, 437974.75 ], [ 431806.25, 437974.0 ], [ 431806.0, 437974.0 ], [ 431806.0, 437972.75 ], [ 431806.25, 437972.75 ], [ 431806.25, 437972.0 ], [ 431806.5, 437972.0 ], [ 431806.5, 437971.25 ], [ 431806.75, 437971.25 ], [ 431806.75, 437970.5 ], [ 431807.0, 437970.5 ], [ 431807.0, 437965.25 ], [ 431807.25, 437965.25 ], [ 431807.25, 437963.75 ], [ 431807.5, 437963.75 ], [ 431807.5, 437962.75 ], [ 431807.75, 437962.75 ], [ 431807.75, 437962.0 ], [ 431808.0, 437962.0 ], [ 431808.0, 437961.0 ], [ 431808.25, 437961.0 ], [ 431808.25, 437959.25 ], [ 431808.5, 437959.25 ], [ 431808.5, 437958.25 ], [ 431808.75, 437958.25 ], [ 431808.75, 437957.75 ], [ 431809.0, 437957.75 ], [ 431809.0, 437957.25 ], [ 431809.25, 437957.25 ], [ 431809.25, 437956.75 ], [ 431809.5, 437956.75 ], [ 431809.5, 437956.5 ], [ 431810.0, 437956.5 ], [ 431810.0, 437956.25 ], [ 431810.5, 437956.25 ], [ 431810.5, 437956.0 ], [ 431813.25, 437956.0 ], [ 431813.25, 437955.75 ], [ 431813.5, 437955.75 ], [ 431813.5, 437956.0 ], [ 431814.75, 437956.0 ], [ 431814.75, 437956.25 ], [ 431816.0, 437956.25 ], [ 431816.0, 437956.5 ], [ 431817.25, 437956.5 ], [ 431817.25, 437956.75 ], [ 431818.25, 437956.75 ], [ 431818.25, 437957.0 ], [ 431818.75, 437957.0 ], [ 431818.75, 437957.25 ], [ 431819.5, 437957.25 ], [ 431819.5, 437957.5 ], [ 431820.0, 437957.5 ], [ 431820.0, 437957.75 ], [ 431820.25, 437957.75 ], [ 431820.25, 437958.0 ], [ 431820.75, 437958.0 ], [ 431820.75, 437958.25 ], [ 431821.25, 437958.25 ], [ 431821.25, 437958.5 ], [ 431821.75, 437958.5 ], [ 431821.75, 437958.75 ], [ 431822.25, 437958.75 ], [ 431822.25, 437959.0 ], [ 431822.5, 437959.0 ], [ 431822.5, 437959.25 ], [ 431823.0, 437959.25 ], [ 431823.0, 437959.5 ], [ 431823.25, 437959.5 ], [ 431823.25, 437959.75 ], [ 431823.5, 437959.75 ], [ 431823.5, 437960.0 ], [ 431823.75, 437960.0 ], [ 431823.75, 437960.25 ], [ 431824.0, 437960.25 ], [ 431824.0, 437960.75 ], [ 431824.25, 437960.75 ], [ 431824.25, 437961.25 ], [ 431824.5, 437961.25 ], [ 431824.5, 437961.75 ], [ 431824.75, 437961.75 ], [ 431824.75, 437962.75 ], [ 431825.0, 437962.75 ], [ 431825.0, 437964.0 ], [ 431825.25, 437964.0 ], [ 431825.25, 437965.0 ], [ 431825.5, 437965.0 ], [ 431825.5, 437965.5 ], [ 431825.75, 437965.5 ], [ 431825.75, 437965.75 ], [ 431826.0, 437965.75 ], [ 431826.0, 437966.25 ], [ 431826.25, 437966.25 ], [ 431826.25, 437966.5 ], [ 431826.5, 437966.5 ], [ 431826.5, 437966.75 ], [ 431826.75, 437966.75 ], [ 431826.75, 437967.0 ], [ 431827.25, 437967.0 ], [ 431827.25, 437967.25 ], [ 431827.5, 437967.25 ], [ 431827.5, 437967.5 ], [ 431828.0, 437967.5 ], [ 431828.0, 437967.75 ], [ 431828.25, 437967.75 ], [ 431828.25, 437968.0 ], [ 431828.5, 437968.0 ], [ 431828.5, 437968.25 ], [ 431828.75, 437968.25 ], [ 431828.75, 437968.5 ], [ 431829.25, 437968.5 ], [ 431829.25, 437968.75 ], [ 431829.5, 437968.75 ], [ 431829.5, 437969.0 ], [ 431830.0, 437969.0 ], [ 431830.0, 437969.25 ], [ 431830.5, 437969.25 ], [ 431830.5, 437969.5 ], [ 431831.0, 437969.5 ], [ 431831.0, 437969.75 ], [ 431831.5, 437969.75 ], [ 431831.5, 437970.0 ], [ 431832.25, 437970.0 ], [ 431832.25, 437970.25 ], [ 431833.25, 437970.25 ], [ 431833.25, 437970.5 ], [ 431834.0, 437970.5 ], [ 431834.0, 437970.75 ], [ 431834.75, 437970.75 ], [ 431834.75, 437971.0 ], [ 431835.75, 437971.0 ], [ 431835.75, 437971.25 ], [ 431837.75, 437971.25 ], [ 431837.75, 437971.5 ], [ 431838.75, 437971.5 ], [ 431838.75, 437971.75 ], [ 431839.75, 437971.75 ], [ 431839.75, 437972.0 ], [ 431840.5, 437972.0 ], [ 431840.5, 437972.25 ], [ 431841.25, 437972.25 ], [ 431841.25, 437972.5 ], [ 431842.0, 437972.5 ], [ 431842.0, 437972.75 ], [ 431842.5, 437972.75 ], [ 431842.5, 437973.0 ], [ 431843.5, 437973.0 ], [ 431843.5, 437973.25 ], [ 431844.0, 437973.25 ], [ 431844.0, 437973.5 ], [ 431844.75, 437973.5 ], [ 431844.75, 437973.75 ], [ 431845.0, 437973.75 ], [ 431845.0, 437974.0 ], [ 431845.5, 437974.0 ], [ 431845.5, 437974.25 ], [ 431846.0, 437974.25 ], [ 431846.0, 437974.5 ], [ 431846.5, 437974.5 ], [ 431846.5, 437974.75 ], [ 431847.0, 437974.75 ], [ 431847.0, 437975.0 ], [ 431847.5, 437975.0 ], [ 431847.5, 437975.25 ], [ 431847.75, 437975.25 ], [ 431847.75, 437975.5 ], [ 431848.25, 437975.5 ], [ 431848.25, 437975.75 ], [ 431848.75, 437975.75 ], [ 431848.75, 437976.0 ], [ 431849.25, 437976.0 ], [ 431849.25, 437976.25 ], [ 431849.5, 437976.25 ], [ 431849.5, 437976.5 ], [ 431850.25, 437976.5 ], [ 431850.25, 437976.75 ], [ 431850.5, 437976.75 ], [ 431850.5, 437977.0 ], [ 431851.0, 437977.0 ], [ 431851.0, 437977.25 ], [ 431851.25, 437977.25 ], [ 431851.25, 437977.5 ], [ 431851.75, 437977.5 ], [ 431851.75, 437977.75 ], [ 431852.0, 437977.75 ], [ 431852.0, 437978.0 ], [ 431852.5, 437978.0 ], [ 431852.5, 437978.25 ], [ 431852.75, 437978.25 ], [ 431852.75, 437978.5 ], [ 431853.0, 437978.5 ], [ 431853.0, 437978.75 ], [ 431853.5, 437978.75 ], [ 431853.5, 437979.0 ], [ 431854.0, 437979.0 ], [ 431854.0, 437979.25 ], [ 431854.75, 437979.25 ], [ 431854.75, 437979.5 ], [ 431855.0, 437979.5 ], [ 431855.0, 437979.75 ], [ 431855.5, 437979.75 ], [ 431855.5, 437980.0 ], [ 431856.0, 437980.0 ], [ 431856.0, 437980.25 ], [ 431856.5, 437980.25 ], [ 431856.5, 437980.5 ], [ 431856.75, 437980.5 ], [ 431856.75, 437981.0 ], [ 431857.0, 437981.0 ], [ 431857.0, 437981.25 ], [ 431857.25, 437981.25 ], [ 431857.25, 437981.5 ], [ 431857.5, 437981.5 ], [ 431857.5, 437982.0 ], [ 431857.75, 437982.0 ], [ 431857.75, 437982.25 ], [ 431858.0, 437982.25 ], [ 431858.0, 437983.25 ], [ 431858.25, 437983.25 ], [ 431858.25, 437985.5 ], [ 431858.0, 437985.5 ], [ 431858.0, 437986.0 ], [ 431857.75, 437986.0 ], [ 431857.75, 437986.5 ], [ 431857.5, 437986.5 ], [ 431857.5, 437986.75 ], [ 431857.25, 437986.75 ], [ 431857.25, 437987.25 ], [ 431857.0, 437987.25 ], [ 431857.0, 437987.75 ], [ 431856.75, 437987.75 ], [ 431856.75, 437988.0 ], [ 431856.5, 437988.0 ], [ 431856.5, 437988.5 ], [ 431856.25, 437988.5 ], [ 431856.25, 437988.75 ], [ 431856.0, 437988.75 ], [ 431856.0, 437989.25 ], [ 431855.75, 437989.25 ], [ 431855.75, 437989.75 ], [ 431855.5, 437989.75 ], [ 431855.5, 437990.0 ], [ 431855.25, 437990.0 ], [ 431855.25, 437990.5 ], [ 431855.0, 437990.5 ], [ 431855.0, 437990.75 ], [ 431854.75, 437990.75 ], [ 431854.75, 437991.25 ], [ 431854.5, 437991.25 ], [ 431854.5, 437991.5 ], [ 431854.25, 437991.5 ], [ 431854.25, 437991.75 ], [ 431854.0, 437991.75 ], [ 431854.0, 437992.0 ], [ 431853.75, 437992.0 ], [ 431853.75, 437992.5 ], [ 431853.5, 437992.5 ], [ 431853.5, 437992.75 ], [ 431853.25, 437992.75 ], [ 431853.25, 437993.25 ], [ 431853.0, 437993.25 ], [ 431853.0, 437993.75 ], [ 431852.75, 437993.75 ], [ 431852.75, 437994.25 ], [ 431852.5, 437994.25 ], [ 431852.5, 437995.0 ], [ 431852.25, 437995.0 ], [ 431852.25, 437995.75 ], [ 431852.0, 437995.75 ], [ 431852.0, 437996.75 ], [ 431851.75, 437996.75 ], [ 431851.75, 437997.25 ], [ 431851.5, 437997.25 ], [ 431851.5, 438000.0 ], [ 431818.0, 438000.0 ] ] ] } },
{ "type": "Feature", "properties": { }, "geometry": { "type": "Polygon", "coordinates": [ [ [ 431193.25, 437959.0 ], [ 431193.25, 437958.75 ], [ 431192.5, 437958.75 ], [ 431192.5, 437958.5 ], [ 431192.25, 437958.5 ], [ 431192.25, 437958.75 ], [ 431190.25, 437958.75 ], [ 431190.25, 437958.5 ], [ 431189.25, 437958.5 ], [ 431189.25, 437958.25 ], [ 431189.0, 437958.25 ], [ 431189.0, 437958.0 ], [ 431188.75, 437958.0 ], [ 431188.75, 437957.75 ], [ 431188.5, 437957.75 ], [ 431188.5, 437957.5 ], [ 431188.25, 437957.5 ], [ 431188.25, 437957.25 ], [ 431188.0, 437957.25 ], [ 431188.0, 437956.75 ], [ 431187.75, 437956.75 ], [ 431187.75, 437956.0 ], [ 431187.5, 437956.0 ], [ 431187.5, 437955.0 ], [ 431187.75, 437955.0 ], [ 431187.75, 437954.25 ], [ 431187.5, 437954.25 ], [ 431187.5, 437954.0 ], [ 431187.25, 437954.0 ], [ 431187.25, 437953.75 ], [ 431187.0, 437953.75 ], [ 431187.0, 437953.25 ], [ 431186.5, 437953.25 ], [ 431186.5, 437953.0 ], [ 431186.0, 437953.0 ], [ 431186.0, 437952.75 ], [ 431185.75, 437952.75 ], [ 431185.75, 437952.5 ], [ 431185.5, 437952.5 ], [ 431185.5, 437952.25 ], [ 431185.25, 437952.25 ], [ 431185.25, 437952.5 ], [ 431185.0, 437952.5 ], [ 431185.0, 437953.0 ], [ 431184.75, 437953.0 ], [ 431184.75, 437953.5 ], [ 431184.25, 437953.5 ], [ 431184.25, 437953.0 ], [ 431184.0, 437953.0 ], [ 431184.0, 437952.75 ], [ 431183.5, 437952.75 ], [ 431183.5, 437952.5 ], [ 431183.25, 437952.5 ], [ 431183.25, 437952.25 ], [ 431183.5, 437952.25 ], [ 431183.5, 437951.25 ], [ 431183.25, 437951.25 ], [ 431183.25, 437951.0 ], [ 431183.0, 437951.0 ], [ 431183.0, 437950.5 ], [ 431182.75, 437950.5 ], [ 431182.75, 437950.25 ], [ 431182.5, 437950.25 ], [ 431182.5, 437950.0 ], [ 431182.25, 437950.0 ], [ 431182.25, 437949.25 ], [ 431182.0, 437949.25 ], [ 431182.0, 437946.0 ], [ 431182.25, 437946.0 ], [ 431182.25, 437945.25 ], [ 431182.5, 437945.25 ], [ 431182.5, 437945.0 ], [ 431182.75, 437945.0 ], [ 431182.75, 437944.75 ], [ 431183.0, 437944.75 ], [ 431183.0, 437944.5 ], [ 431183.25, 437944.5 ], [ 431183.25, 437944.25 ], [ 431183.5, 437944.25 ], [ 431183.5, 437944.0 ], [ 431183.75, 437944.0 ], [ 431183.75, 437943.75 ], [ 431184.0, 437943.75 ], [ 431184.0, 437943.5 ], [ 431184.25, 437943.5 ], [ 431184.25, 437943.25 ], [ 431184.5, 437943.25 ], [ 431184.5, 437942.75 ], [ 431184.75, 437942.75 ], [ 431184.75, 437942.5 ], [ 431185.25, 437942.5 ], [ 431185.25, 437942.25 ], [ 431186.25, 437942.25 ], [ 431186.25, 437942.5 ], [ 431186.5, 437942.5 ], [ 431186.5, 437942.75 ], [ 431186.75, 437942.75 ], [ 431186.75, 437943.25 ], [ 431187.0, 437943.25 ], [ 431187.0, 437943.5 ], [ 431187.25, 437943.5 ], [ 431187.25, 437943.75 ], [ 431187.5, 437943.75 ], [ 431187.5, 437944.0 ], [ 431188.0, 437944.0 ], [ 431188.0, 437944.25 ], [ 431188.25, 437944.25 ], [ 431188.25, 437944.5 ], [ 431188.75, 437944.5 ], [ 431188.75, 437944.75 ], [ 431189.0, 437944.75 ], [ 431189.0, 437945.0 ], [ 431189.5, 437945.0 ], [ 431189.5, 437945.25 ], [ 431189.75, 437945.25 ], [ 431189.75, 437945.5 ], [ 431190.25, 437945.5 ], [ 431190.25, 437945.75 ], [ 431190.5, 437945.75 ], [ 431190.5, 437946.25 ], [ 431190.75, 437946.25 ], [ 431190.75, 437946.75 ], [ 431191.0, 437946.75 ], [ 431191.0, 437947.5 ], [ 431191.25, 437947.5 ], [ 431191.25, 437947.75 ], [ 431191.5, 437947.75 ], [ 431191.5, 437948.0 ], [ 431191.75, 437948.0 ], [ 431191.75, 437948.5 ], [ 431192.0, 437948.5 ], [ 431192.0, 437948.75 ], [ 431192.5, 437948.75 ], [ 431192.5, 437949.0 ], [ 431192.75, 437949.0 ], [ 431192.75, 437949.25 ], [ 431193.0, 437949.25 ], [ 431193.0, 437949.5 ], [ 431193.5, 437949.5 ], [ 431193.5, 437950.0 ], [ 431193.75, 437950.0 ], [ 431193.75, 437950.25 ], [ 431194.0, 437950.25 ], [ 431194.0, 437951.25 ], [ 431194.25, 437951.25 ], [ 431194.25, 437952.25 ], [ 431194.5, 437952.25 ], [ 431194.5, 437953.5 ], [ 431194.75, 437953.5 ], [ 431194.75, 437954.0 ], [ 431195.0, 437954.0 ], [ 431195.0, 437954.25 ], [ 431195.25, 437954.25 ], [ 431195.25, 437954.5 ], [ 431195.5, 437954.5 ], [ 431195.5, 437954.75 ], [ 431195.75, 437954.75 ], [ 431195.75, 437955.75 ], [ 431196.0, 437955.75 ], [ 431196.0, 437956.5 ], [ 431195.75, 437956.5 ], [ 431195.75, 437957.0 ], [ 431195.5, 437957.0 ], [ 431195.5, 437957.5 ], [ 431195.25, 437957.5 ], [ 431195.25, 437958.0 ], [ 431195.0, 437958.0 ], [ 431195.0, 437958.25 ], [ 431194.75, 437958.25 ], [ 431194.75, 437958.5 ], [ 431194.5, 437958.5 ], [ 431194.5, 437958.75 ], [ 431193.5, 437958.75 ], [ 431193.5, 437959.0 ], [ 431193.25, 437959.0 ] ] ] } },
{ "type": "Feature", "properties": { }, "geometry": { "type": "Polygon", "coordinates": [ [ [ 431369.75, 437888.75 ], [ 431369.75, 437888.5 ], [ 431369.25, 437888.5 ], [ 431369.25, 437888.25 ], [ 431368.75, 437888.25 ], [ 431368.75, 437888.0 ], [ 431368.0, 437888.0 ], [ 431368.0, 437887.75 ], [ 431367.25, 437887.75 ], [ 431367.25, 437887.5 ], [ 431366.25, 437887.5 ], [ 431366.25, 437887.25 ], [ 431365.5, 437887.25 ], [ 431365.5, 437887.0 ], [ 431365.0, 437887.0 ], [ 431365.0, 437886.75 ], [ 431364.5, 437886.75 ], [ 431364.5, 437886.5 ], [ 431364.25, 437886.5 ], [ 431364.25, 437886.25 ], [ 431364.0, 437886.25 ], [ 431364.0, 437886.0 ], [ 431363.5, 437886.0 ], [ 431363.5, 437885.75 ], [ 431363.25, 437885.75 ], [ 431363.25, 437885.5 ], [ 431363.0, 437885.5 ], [ 431363.0, 437885.0 ], [ 431362.75, 437885.0 ], [ 431362.75, 437884.5 ], [ 431362.5, 437884.5 ], [ 431362.5, 437884.0 ], [ 431362.25, 437884.0 ], [ 431362.25, 437880.75 ], [ 431362.5, 437880.75 ], [ 431362.5, 437880.25 ], [ 431362.75, 437880.25 ], [ 431362.75, 437879.75 ], [ 431363.0, 437879.75 ], [ 431363.0, 437879.25 ], [ 431363.25, 437879.25 ], [ 431363.25, 437879.0 ], [ 431363.5, 437879.0 ], [ 431363.5, 437878.75 ], [ 431363.75, 437878.75 ], [ 431363.75, 437878.5 ], [ 431364.0, 437878.5 ], [ 431364.0, 437878.25 ], [ 431364.25, 437878.25 ], [ 431364.25, 437878.0 ], [ 431364.5, 437878.0 ], [ 431364.5, 437877.75 ], [ 431364.75, 437877.75 ], [ 431364.75, 437877.5 ], [ 431364.5, 437877.5 ], [ 431364.5, 437877.25 ], [ 431364.0, 437877.25 ], [ 431364.0, 437877.0 ], [ 431363.75, 437877.0 ], [ 431363.75, 437876.75 ], [ 431363.5, 437876.75 ], [ 431363.5, 437876.5 ], [ 431362.75, 437876.5 ], [ 431362.75, 437876.75 ], [ 431362.5, 437876.75 ], [ 431362.5, 437876.5 ], [ 431362.25, 437876.5 ], [ 431362.25, 437875.75 ], [ 431362.0, 437875.75 ], [ 431362.0, 437874.5 ], [ 431362.25, 437874.5 ], [ 431362.25, 437873.25 ], [ 431362.5, 437873.25 ], [ 431362.5, 437873.0 ], [ 431362.75, 437873.0 ], [ 431362.75, 437872.0 ], [ 431374.75, 437872.0 ], [ 431374.75, 437872.75 ], [ 431375.0, 437872.75 ], [ 431375.0, 437873.25 ], [ 431375.25, 437873.25 ], [ 431375.25, 437873.75 ], [ 431375.5, 437873.75 ], [ 431375.5, 437874.25 ], [ 431375.75, 437874.25 ], [ 431375.75, 437874.75 ], [ 431376.0, 437874.75 ], [ 431376.0, 437875.0 ], [ 431376.25, 437875.0 ], [ 431376.25, 437875.25 ], [ 431376.5, 437875.25 ], [ 431376.5, 437875.5 ], [ 431376.75, 437875.5 ], [ 431376.75, 437875.75 ], [ 431377.0, 437875.75 ], [ 431377.0, 437876.0 ], [ 431377.25, 437876.0 ], [ 431377.25, 437876.25 ], [ 431377.5, 437876.25 ], [ 431377.5, 437876.5 ], [ 431377.75, 437876.5 ], [ 431377.75, 437877.0 ], [ 431378.0, 437877.0 ], [ 431378.0, 437877.25 ], [ 431378.25, 437877.25 ], [ 431378.25, 437878.0 ], [ 431378.5, 437878.0 ], [ 431378.5, 437879.5 ], [ 431378.25, 437879.5 ], [ 431378.25, 437880.75 ], [ 431378.0, 437880.75 ], [ 431378.0, 437881.5 ], [ 431377.75, 437881.5 ], [ 431377.75, 437882.25 ], [ 431377.5, 437882.25 ], [ 431377.5, 437883.25 ], [ 431377.25, 437883.25 ], [ 431377.25, 437884.0 ], [ 431377.0, 437884.0 ], [ 431377.0, 437884.5 ], [ 431376.75, 437884.5 ], [ 431376.75, 437885.25 ], [ 431376.5, 437885.25 ], [ 431376.5, 437886.0 ], [ 431376.25, 437886.0 ], [ 431376.25, 437886.5 ], [ 431376.0, 437886.5 ], [ 431376.0, 437887.0 ], [ 431375.75, 437887.0 ], [ 431375.75, 437887.25 ], [ 431375.5, 437887.25 ], [ 431375.5, 437887.5 ], [ 431375.25, 437887.5 ], [ 431375.25, 437887.75 ], [ 431375.0, 437887.75 ], [ 431375.0, 437888.0 ], [ 431374.75, 437888.0 ], [ 431374.75, 437888.25 ], [ 431374.5, 437888.25 ], [ 431374.5, 437888.5 ], [ 431374.0, 437888.5 ], [ 431374.0, 437888.75 ], [ 431369.75, 437888.75 ] ] ] } },
{ "type": "Feature", "properties": { }, "geometry": { "type": "Polygon", "coordinates": [ [ [ 431673.0, 437873.75 ], [ 431673.0, 437873.5 ], [ 431672.75, 437873.5 ], [ 431672.75, 437873.25 ], [ 431673.0, 437873.25 ], [ 431673.0, 437873.0 ], [ 431673.25, 437873.0 ], [ 431673.25, 437872.0 ], [ 431674.5, 437872.0 ], [ 431674.5, 437872.5 ], [ 431674.25, 437872.5 ], [ 431674.25, 437873.0 ], [ 431674.0, 437873.0 ], [ 431674.0, 437873.5 ], [ 431673.75, 437873.5 ], [ 431673.75, 437873.75 ], [ 431673.0, 437873.75 ] ] ] } },
{ "type": "Feature", "properties": { }, "geometry": { "type": "Polygon", "coordinates": [ [ [ 431643.0, 437889.75 ], [ 431643.0, 437889.5 ], [ 431640.0, 437889.5 ], [ 431640.0, 437871.25 ], [ 431641.0, 437871.25 ], [ 431641.0, 437871.5 ], [ 431641.25, 437871.5 ], [ 431641.25, 437872.0 ], [ 431641.5, 437872.0 ], [ 431641.5, 437870.0 ], [ 431641.75, 437870.0 ], [ 431641.75, 437869.25 ], [ 431642.0, 437869.25 ], [ 431642.0, 437868.75 ], [ 431642.25, 437868.75 ], [ 431642.25, 437868.25 ], [ 431642.5, 437868.25 ], [ 431642.5, 437867.75 ], [ 431642.75, 437867.75 ], [ 431642.75, 437867.0 ], [ 431643.0, 437867.0 ], [ 431643.0, 437866.0 ], [ 431643.25, 437866.0 ], [ 431643.25, 437864.75 ], [ 431643.5, 437864.75 ], [ 431643.5, 437863.75 ], [ 431643.75, 437863.75 ], [ 431643.75, 437862.5 ], [ 431644.0, 437862.5 ], [ 431644.0, 437861.0 ], [ 431644.25, 437861.0 ], [ 431644.25, 437859.75 ], [ 431644.5, 437859.75 ], [ 431644.5, 437858.75 ], [ 431644.75, 437858.75 ], [ 431644.75, 437857.75 ], [ 431645.0, 437857.75 ], [ 431645.0, 437856.75 ], [ 431645.25, 437856.75 ], [ 431645.25, 437856.25 ], [ 431645.5, 437856.25 ], [ 431645.5, 437855.75 ], [ 431645.75, 437855.75 ], [ 431645.75, 437855.25 ], [ 431646.0, 437855.25 ], [ 431646.0, 437854.75 ], [ 431646.25, 437854.75 ], [ 431646.25, 437853.75 ], [ 431646.5, 437853.75 ], [ 431646.5, 437852.5 ], [ 431646.75, 437852.5 ], [ 431646.75, 437852.0 ], [ 431647.0, 437852.0 ], [ 431647.0, 437851.5 ], [ 431647.25, 437851.5 ], [ 431647.25, 437851.0 ], [ 431647.5, 437851.0 ], [ 431647.5, 437850.75 ], [ 431647.75, 437850.75 ], [ 431647.75, 437850.5 ], [ 431648.0, 437850.5 ], [ 431648.0, 437850.25 ], [ 431648.5, 437850.25 ], [ 431648.5, 437850.0 ], [ 431649.25, 437850.0 ], [ 431649.25, 437849.75 ], [ 431650.5, 437849.75 ], [ 431650.5, 437849.5 ], [ 431651.25, 437849.5 ], [ 431651.25, 437849.25 ], [ 431652.25, 437849.25 ], [ 431652.25, 437849.0 ], [ 431654.75, 437849.0 ], [ 431654.75, 437849.25 ], [ 431656.25, 437849.25 ], [ 431656.25, 437849.5 ], [ 431657.5, 437849.5 ], [ 431657.5, 437849.75 ], [ 431658.0, 437849.75 ], [ 431658.0, 437850.0 ], [ 431659.0, 437850.0 ], [ 431659.0, 437850.25 ], [ 431660.0, 437850.25 ], [ 431660.0, 437850.5 ], [ 431660.5, 437850.5 ], [ 431660.5, 437850.75 ], [ 431661.0, 437850.75 ], [ 431661.0, 437851.0 ], [ 431661.25, 437851.0 ], [ 431661.25, 437851.25 ], [ 431661.5, 437851.25 ], [ 431661.5, 437851.5 ], [ 431661.75, 437851.5 ], [ 431661.75, 437852.25 ], [ 431662.0, 437852.25 ], [ 431662.0, 437853.75 ], [ 431661.75, 437853.75 ], [ 431661.75, 437856.25 ], [ 431661.5, 437856.25 ], [ 431661.5, 437857.75 ], [ 431661.25, 437857.75 ], [ 431661.25, 437859.25 ], [ 431661.5, 437859.25 ], [ 431661.5, 437860.25 ], [ 431661.25, 437860.25 ], [ 431661.25, 437860.75 ], [ 431661.5, 437860.75 ], [ 431661.5, 437861.75 ], [ 431661.25, 437861.75 ], [ 431661.25, 437863.25 ], [ 431661.0, 437863.25 ], [ 431661.0, 437865.75 ], [ 431660.75, 437865.75 ], [ 431660.75, 437866.5 ], [ 431660.5, 437866.5 ], [ 431660.5, 437867.0 ], [ 431660.25, 437867.0 ], [ 431660.25, 437867.75 ], [ 431660.0, 437867.75 ], [ 431660.0, 437868.5 ], [ 431659.75, 437868.5 ], [ 431659.75, 437869.0 ], [ 431659.5, 437869.0 ], [ 431659.5, 437869.5 ], [ 431659.25, 437869.5 ], [ 431659.25, 437870.25 ], [ 431659.0, 437870.25 ], [ 431659.0, 437872.0 ], [ 431655.0, 437872.0 ], [ 431655.0, 437873.5 ], [ 431654.75, 437873.5 ], [ 431654.75, 437875.0 ], [ 431654.5, 437875.0 ], [ 431654.5, 437875.5 ], [ 431654.25, 437875.5 ], [ 431654.25, 437876.0 ], [ 431654.0, 437876.0 ], [ 431654.0, 437876.25 ], [ 431653.75, 437876.25 ], [ 431653.75, 437877.0 ], [ 431653.5, 437877.0 ], [ 431653.5, 437877.5 ], [ 431653.25, 437877.5 ], [ 431653.25, 437878.25 ], [ 431653.0, 437878.25 ], [ 431653.0, 437879.0 ], [ 431652.75, 437879.0 ], [ 431652.75, 437879.5 ], [ 431652.5, 437879.5 ], [ 431652.5, 437880.25 ], [ 431652.25, 437880.25 ], [ 431652.25, 437880.75 ], [ 431652.0, 437880.75 ], [ 431652.0, 437881.5 ], [ 431651.75, 437881.5 ], [ 431651.75, 437882.25 ], [ 431651.5, 437882.25 ], [ 431651.5, 437882.75 ], [ 431651.25, 437882.75 ], [ 431651.25, 437883.25 ], [ 431651.0, 437883.25 ], [ 431651.0, 437884.0 ], [ 431650.75, 437884.0 ], [ 431650.75, 437884.5 ], [ 431650.5, 437884.5 ], [ 431650.5, 437884.75 ], [ 431650.25, 437884.75 ], [ 431650.25, 437885.25 ], [ 431650.0, 437885.25 ], [ 431650.0, 437885.5 ], [ 431649.75, 437885.5 ], [ 431649.75, 437886.0 ], [ 431649.5, 437886.0 ], [ 431649.5, 437886.25 ], [ 431649.25, 437886.25 ], [ 431649.25, 437886.75 ], [ 431649.0, 437886.75 ], [ 431649.0, 437887.0 ], [ 431648.75, 437887.0 ], [ 431648.75, 437887.25 ], [ 431648.5, 437887.25 ], [ 431648.5, 437887.5 ], [ 431648.25, 437887.5 ], [ 431648.25, 437887.75 ], [ 431648.0, 437887.75 ], [ 431648.0, 437888.0 ], [ 431647.75, 437888.0 ], [ 431647.75, 437888.25 ], [ 431647.5, 437888.25 ], [ 431647.5, 437888.5 ], [ 431647.0, 437888.5 ], [ 431647.0, 437888.75 ], [ 431646.75, 437888.75 ], [ 431646.75, 437889.0 ], [ 431646.25, 437889.0 ], [ 431646.25, 437889.25 ], [ 431646.0, 437889.25 ], [ 431646.0, 437889.5 ], [ 431644.75, 437889.5 ], [ 431644.75, 437889.75 ], [ 431643.0, 437889.75 ] ] ] } },
{ "type": "Feature", "properties": { }, "geometry": { "type": "Polygon", "coordinates": [ [ [ 431552.25, 437744.0 ], [ 431552.25, 437743.0 ], [ 431552.0, 437743.0 ], [ 431552.0, 437742.25 ], [ 431551.75, 437742.25 ], [ 431551.75, 437741.75 ], [ 431551.5, 437741.75 ], [ 431551.5, 437740.25 ], [ 431551.25, 437740.25 ], [ 431551.25, 437740.0 ], [ 431551.0, 437740.0 ], [ 431551.0, 437739.75 ], [ 431550.75, 437739.75 ], [ 431550.75, 437739.25 ], [ 431550.5, 437739.25 ], [ 431550.5, 437739.0 ], [ 431550.0, 437739.0 ], [ 431550.0, 437738.75 ], [ 431549.75, 437738.75 ], [ 431549.75, 437738.25 ], [ 431550.0, 437738.25 ], [ 431550.0, 437736.75 ], [ 431550.25, 437736.75 ], [ 431550.25, 437736.25 ], [ 431549.75, 437736.25 ], [ 431549.75, 437736.0 ], [ 431549.5, 437736.0 ], [ 431549.5, 437735.75 ], [ 431549.25, 437735.75 ], [ 431549.25, 437735.25 ], [ 431549.5, 437735.25 ], [ 431549.5, 437735.0 ], [ 431549.75, 437735.0 ], [ 431549.75, 437734.75 ], [ 431550.0, 437734.75 ], [ 431550.0, 437734.5 ], [ 431550.25, 437734.5 ], [ 431550.25, 437734.25 ], [ 431551.25, 437734.25 ], [ 431551.25, 437734.0 ], [ 431553.75, 437734.0 ], [ 431553.75, 437734.25 ], [ 431555.25, 437734.25 ], [ 431555.25, 437734.5 ], [ 431555.75, 437734.5 ], [ 431555.75, 437734.75 ], [ 431556.0, 437734.75 ], [ 431556.0, 437735.0 ], [ 431556.5, 437735.0 ], [ 431556.5, 437735.25 ], [ 431557.0, 437735.25 ], [ 431557.0, 437735.5 ], [ 431557.5, 437735.5 ], [ 431557.5, 437735.75 ], [ 431557.75, 437735.75 ], [ 431557.75, 437736.0 ], [ 431558.25, 437736.0 ], [ 431558.25, 437736.25 ], [ 431558.75, 437736.25 ], [ 431558.75, 437736.5 ], [ 431559.0, 437736.5 ], [ 431559.0, 437736.75 ], [ 431559.25, 437736.75 ], [ 431559.25, 437737.0 ], [ 431559.5, 437737.0 ], [ 431559.5, 437737.25 ], [ 431559.75, 437737.25 ], [ 431559.75, 437737.5 ], [ 431560.0, 437737.5 ], [ 431560.0, 437737.75 ], [ 431560.25, 437737.75 ], [ 431560.25, 437738.0 ], [ 431560.5, 437738.0 ], [ 431560.5, 437738.25 ], [ 431560.75, 437738.25 ], [ 431560.75, 437739.0 ], [ 431561.0, 437739.0 ], [ 431561.0, 437739.5 ], [ 431561.25, 437739.5 ], [ 431561.25, 437740.0 ], [ 431561.5, 437740.0 ], [ 431561.5, 437740.5 ], [ 431561.75, 437740.5 ], [ 431561.75, 437741.0 ], [ 431562.0, 437741.0 ], [ 431562.0, 437742.5 ], [ 431562.25, 437742.5 ], [ 431562.25, 437743.25 ], [ 431562.5, 437743.25 ], [ 431562.5, 437744.0 ], [ 431552.25, 437744.0 ] ] ] } },
{ "type": "Feature", "properties": { }, "geometry": { "type": "Polygon", "coordinates": [ [ [ 431446.5, 437706.75 ], [ 431446.5, 437706.5 ], [ 431445.75, 437706.5 ], [ 431445.75, 437706.25 ], [ 431445.5, 437706.25 ], [ 431445.5, 437706.0 ], [ 431445.25, 437706.0 ], [ 431445.25, 437705.5 ], [ 431445.0, 437705.5 ], [ 431445.0, 437705.0 ], [ 431444.75, 437705.0 ], [ 431444.75, 437704.5 ], [ 431444.5, 437704.5 ], [ 431444.5, 437704.0 ], [ 431444.25, 437704.0 ], [ 431444.25, 437703.75 ], [ 431444.0, 437703.75 ], [ 431444.0, 437703.5 ], [ 431443.75, 437703.5 ], [ 431443.75, 437703.25 ], [ 431443.25, 437703.25 ], [ 431443.25, 437703.0 ], [ 431442.75, 437703.0 ], [ 431442.75, 437702.75 ], [ 431442.25, 437702.75 ], [ 431442.25, 437702.5 ], [ 431442.0, 437702.5 ], [ 431442.0, 437702.25 ], [ 431441.75, 437702.25 ], [ 431441.75, 437701.75 ], [ 431441.5, 437701.75 ], [ 431441.5, 437700.25 ], [ 431441.75, 437700.25 ], [ 431441.75, 437699.75 ], [ 431442.0, 437699.75 ], [ 431442.0, 437699.5 ], [ 431442.25, 437699.5 ], [ 431442.25, 437698.75 ], [ 431442.5, 437698.75 ], [ 431442.5, 437698.0 ], [ 431442.75, 437698.0 ], [ 431442.75, 437697.75 ], [ 431443.0, 437697.75 ], [ 431443.0, 437697.5 ], [ 431443.25, 437697.5 ], [ 431443.25, 437697.25 ], [ 431443.5, 437697.25 ], [ 431443.5, 437697.0 ], [ 431443.75, 437697.0 ], [ 431443.75, 437696.75 ], [ 431444.0, 437696.75 ], [ 431444.0, 437696.25 ], [ 431444.5, 437696.25 ], [ 431444.5, 437696.0 ], [ 431444.75, 437696.0 ], [ 431444.75, 437695.75 ], [ 431445.5, 437695.75 ], [ 431445.5, 437695.5 ], [ 431445.75, 437695.5 ], [ 431445.75, 437695.75 ], [ 431447.0, 437695.75 ], [ 431447.0, 437696.0 ], [ 431447.5, 437696.0 ], [ 431447.5, 437696.25 ], [ 431448.0, 437696.25 ], [ 431448.0, 437696.5 ], [ 431448.5, 437696.5 ], [ 431448.5, 437696.75 ], [ 431449.25, 437696.75 ], [ 431449.25, 437697.0 ], [ 431450.0, 437697.0 ], [ 431450.0, 437697.25 ], [ 431452.0, 437697.25 ], [ 431452.0, 437697.5 ], [ 431452.75, 437697.5 ], [ 431452.75, 437697.75 ], [ 431453.25, 437697.75 ], [ 431453.25, 437698.0 ], [ 431453.75, 437698.0 ], [ 431453.75, 437698.25 ], [ 431454.0, 437698.25 ], [ 431454.0, 437699.5 ], [ 431453.75, 437699.5 ], [ 431453.75, 437700.5 ], [ 431453.5, 437700.5 ], [ 431453.5, 437701.0 ], [ 431453.25, 437701.0 ], [ 431453.25, 437701.5 ], [ 431453.0, 437701.5 ], [ 431453.0, 437702.25 ], [ 431452.75, 437702.25 ], [ 431452.75, 437702.75 ], [ 431452.5, 437702.75 ], [ 431452.5, 437703.25 ], [ 431452.25, 437703.25 ], [ 431452.25, 437703.5 ], [ 431452.0, 437703.5 ], [ 431452.0, 437704.0 ], [ 431451.75, 437704.0 ], [ 431451.75, 437704.5 ], [ 431451.5, 437704.5 ], [ 431451.5, 437704.75 ], [ 431451.25, 437704.75 ], [ 431451.25, 437705.25 ], [ 431451.0, 437705.25 ], [ 431451.0, 437705.75 ], [ 431450.75, 437705.75 ], [ 431450.75, 437706.0 ], [ 431450.5, 437706.0 ], [ 431450.5, 437706.25 ], [ 431450.25, 437706.25 ], [ 431450.25, 437706.5 ], [ 431449.75, 437706.5 ], [ 431449.75, 437706.75 ], [ 431446.5, 437706.75 ] ] ] } },
{ "type": "Feature", "properties": { }, "geometry": { "type": "Polygon", "coordinates": [ [ [ 431654.5, 437728.5 ], [ 431654.5, 437728.25 ], [ 431653.75, 437728.25 ], [ 431653.75, 437728.0 ], [ 431653.25, 437728.0 ], [ 431653.25, 437727.75 ], [ 431653.0, 437727.75 ], [ 431653.0, 437727.5 ], [ 431652.75, 437727.5 ], [ 431652.75, 437727.25 ], [ 431652.5, 437727.25 ], [ 431652.5, 437727.0 ], [ 431652.25, 437727.0 ], [ 431652.25, 437726.5 ], [ 431652.0, 437726.5 ], [ 431652.0, 437726.0 ], [ 431651.75, 437726.0 ], [ 431651.75, 437725.25 ], [ 431651.5, 437725.25 ], [ 431651.5, 437720.5 ], [ 431651.75, 437720.5 ], [ 431651.75, 437720.25 ], [ 431651.5, 437720.25 ], [ 431651.5, 437719.25 ], [ 431651.75, 437719.25 ], [ 431651.75, 437717.5 ], [ 431651.5, 437717.5 ], [ 431651.5, 437714.5 ], [ 431651.25, 437714.5 ], [ 431651.25, 437713.25 ], [ 431651.0, 437713.25 ], [ 431651.0, 437712.5 ], [ 431650.75, 437712.5 ], [ 431650.75, 437711.75 ], [ 431650.5, 437711.75 ], [ 431650.5, 437711.25 ], [ 431650.25, 437711.25 ], [ 431650.25, 437710.75 ], [ 431650.0, 437710.75 ], [ 431650.0, 437710.25 ], [ 431649.75, 437710.25 ], [ 431649.75, 437709.75 ], [ 431649.5, 437709.75 ], [ 431649.5, 437709.5 ], [ 431649.25, 437709.5 ], [ 431649.25, 437709.25 ], [ 431649.0, 437709.25 ], [ 431649.0, 437708.75 ], [ 431648.75, 437708.75 ], [ 431648.75, 437708.0 ], [ 431648.5, 437708.0 ], [ 431648.5, 437707.25 ], [ 431648.25, 437707.25 ], [ 431648.25, 437706.25 ], [ 431648.0, 437706.25 ], [ 431648.0, 437705.5 ], [ 431647.75, 437705.5 ], [ 431647.75, 437705.0 ], [ 431647.5, 437705.0 ], [ 431647.5, 437704.75 ], [ 431647.25, 437704.75 ], [ 431647.25, 437704.25 ], [ 431647.0, 437704.25 ], [ 431647.0, 437704.0 ], [ 431646.75, 437704.0 ], [ 431646.75, 437703.5 ], [ 431646.5, 437703.5 ], [ 431646.5, 437703.25 ], [ 431646.25, 437703.25 ], [ 431646.25, 437703.0 ], [ 431646.0, 437703.0 ], [ 431646.0, 437702.75 ], [ 431645.75, 437702.75 ], [ 431645.75, 437702.5 ], [ 431645.5, 437702.5 ], [ 431645.5, 437702.25 ], [ 431645.25, 437702.25 ], [ 431645.25, 437702.0 ], [ 431645.0, 437702.0 ], [ 431645.0, 437701.75 ], [ 431644.5, 437701.75 ], [ 431644.5, 437701.5 ], [ 431644.25, 437701.5 ], [ 431644.25, 437701.25 ], [ 431644.0, 437701.25 ], [ 431644.0, 437701.0 ], [ 431643.75, 437701.0 ], [ 431643.75, 437700.75 ], [ 431643.25, 437700.75 ], [ 431643.25, 437700.5 ], [ 431643.0, 437700.5 ], [ 431643.0, 437700.25 ], [ 431642.5, 437700.25 ], [ 431642.5, 437700.0 ], [ 431642.25, 437700.0 ], [ 431642.25, 437699.75 ], [ 431640.0, 437699.75 ], [ 431640.0, 437696.25 ], [ 431638.0, 437696.25 ], [ 431638.0, 437696.0 ], [ 431636.75, 437696.0 ], [ 431636.75, 437695.75 ], [ 431635.5, 437695.75 ], [ 431635.5, 437695.5 ], [ 431634.0, 437695.5 ], [ 431634.0, 437695.25 ], [ 431632.75, 437695.25 ], [ 431632.75, 437695.0 ], [ 431631.25, 437695.0 ], [ 431631.25, 437694.75 ], [ 431629.75, 437694.75 ], [ 431629.75, 437694.5 ], [ 431628.5, 437694.5 ], [ 431628.5, 437694.25 ], [ 431628.25, 437694.25 ], [ 431628.25, 437694.0 ], [ 431628.0, 437694.0 ], [ 431628.0, 437693.75 ], [ 431627.5, 437693.75 ], [ 431627.5, 437693.5 ], [ 431627.25, 437693.5 ], [ 431627.25, 437693.25 ], [ 431627.0, 437693.25 ], [ 431627.0, 437693.0 ], [ 431626.75, 437693.0 ], [ 431626.75, 437692.75 ], [ 431626.25, 437692.75 ], [ 431626.25, 437692.5 ], [ 431626.0, 437692.5 ], [ 431626.0, 437692.25 ], [ 431625.75, 437692.25 ], [ 431625.75, 437691.75 ], [ 431625.5, 437691.75 ], [ 431625.5, 437691.5 ], [ 431625.25, 437691.5 ], [ 431625.25, 437691.25 ], [ 431625.0, 437691.25 ], [ 431625.0, 437691.0 ], [ 431624.75, 437691.0 ], [ 431624.75, 437690.75 ], [ 431624.5, 437690.75 ], [ 431624.5, 437690.5 ], [ 431624.25, 437690.5 ], [ 431624.25, 437690.25 ], [ 431624.0, 437690.25 ], [ 431624.0, 437688.75 ], [ 431624.25, 437688.75 ], [ 431624.25, 437688.25 ], [ 431624.5, 437688.25 ], [ 431624.5, 437688.0 ], [ 431624.75, 437688.0 ], [ 431624.75, 437687.75 ], [ 431625.25, 437687.75 ], [ 431625.25, 437687.5 ], [ 431625.5, 437687.5 ], [ 431625.5, 437687.25 ], [ 431625.75, 437687.25 ], [ 431625.75, 437686.75 ], [ 431626.0, 437686.75 ], [ 431626.0, 437686.25 ], [ 431626.25, 437686.25 ], [ 431626.25, 437685.75 ], [ 431626.5, 437685.75 ], [ 431626.5, 437685.0 ], [ 431626.75, 437685.0 ], [ 431626.75, 437684.75 ], [ 431627.0, 437684.75 ], [ 431627.0, 437684.5 ], [ 431627.25, 437684.5 ], [ 431627.25, 437684.25 ], [ 431627.5, 437684.25 ], [ 431627.5, 437684.0 ], [ 431628.75, 437684.0 ], [ 431628.75, 437683.75 ], [ 431629.0, 437683.75 ], [ 431629.0, 437683.5 ], [ 431629.5, 437683.5 ], [ 431629.5, 437683.25 ], [ 431629.75, 437683.25 ], [ 431629.75, 437683.0 ], [ 431630.0, 437683.0 ], [ 431630.0, 437682.75 ], [ 431630.25, 437682.75 ], [ 431630.25, 437682.25 ], [ 431630.5, 437682.25 ], [ 431630.5, 437681.75 ], [ 431630.75, 437681.75 ], [ 431630.75, 437681.25 ], [ 431631.0, 437681.25 ], [ 431631.0, 437681.0 ], [ 431631.25, 437681.0 ], [ 431631.25, 437680.75 ], [ 431631.5, 437680.75 ], [ 431631.5, 437680.5 ], [ 431632.0, 437680.5 ], [ 431632.0, 437680.25 ], [ 431633.0, 437680.25 ], [ 431633.0, 437680.0 ], [ 431634.25, 437680.0 ], [ 431634.25, 437679.75 ], [ 431634.75, 437679.75 ], [ 431634.75, 437680.0 ], [ 431636.0, 437680.0 ], [ 431636.0, 437680.25 ], [ 431637.25, 437680.25 ], [ 431637.25, 437680.5 ], [ 431640.0, 437680.5 ], [ 431640.0, 437693.0 ], [ 431640.5, 437693.0 ], [ 431640.5, 437693.25 ], [ 431642.0, 437693.25 ], [ 431642.0, 437693.0 ], [ 431642.75, 437693.0 ], [ 431642.75, 437692.75 ], [ 431643.0, 437692.75 ], [ 431643.0, 437692.5 ], [ 431643.5, 437692.5 ], [ 431643.5, 437692.25 ], [ 431644.0, 437692.25 ], [ 431644.0, 437692.0 ], [ 431644.5, 437692.0 ], [ 431644.5, 437691.75 ], [ 431647.0, 437691.75 ], [ 431647.0, 437692.0 ], [ 431648.0, 437692.0 ], [ 431648.0, 437692.25 ], [ 431649.5, 437692.25 ], [ 431649.5, 437692.5 ], [ 431650.75, 437692.5 ], [ 431650.75, 437692.75 ], [ 431651.75, 437692.75 ], [ 431651.75, 437693.0 ], [ 431652.25, 437693.0 ], [ 431652.25, 437693.25 ], [ 431653.0, 437693.25 ], [ 431653.0, 437693.5 ], [ 431654.0, 437693.5 ], [ 431654.0, 437693.75 ], [ 431655.0, 437693.75 ], [ 431655.0, 437694.0 ], [ 431655.75, 437694.0 ], [ 431655.75, 437694.25 ], [ 431656.25, 437694.25 ], [ 431656.25, 437694.5 ], [ 431657.0, 437694.5 ], [ 431657.0, 437694.75 ], [ 431658.5, 437694.75 ], [ 431658.5, 437695.0 ], [ 431659.75, 437695.0 ], [ 431659.75, 437695.25 ], [ 431661.25, 437695.25 ], [ 431661.25, 437695.5 ], [ 431662.5, 437695.5 ], [ 431662.5, 437695.75 ], [ 431663.25, 437695.75 ], [ 431663.25, 437696.0 ], [ 431664.0, 437696.0 ], [ 431664.0, 437696.25 ], [ 431665.0, 437696.25 ], [ 431665.0, 437696.5 ], [ 431665.5, 437696.5 ], [ 431665.5, 437696.75 ], [ 431666.0, 437696.75 ], [ 431666.0, 437697.0 ], [ 431666.5, 437697.0 ], [ 431666.5, 437697.25 ], [ 431666.75, 437697.25 ], [ 431666.75, 437697.5 ], [ 431667.25, 437697.5 ], [ 431667.25, 437697.75 ], [ 431667.5, 437697.75 ], [ 431667.5, 437698.0 ], [ 431667.75, 437698.0 ], [ 431667.75, 437698.25 ], [ 431668.0, 437698.25 ], [ 431668.0, 437698.75 ], [ 431668.25, 437698.75 ], [ 431668.25, 437699.0 ], [ 431668.5, 437699.0 ], [ 431668.5, 437699.5 ], [ 431668.75, 437699.5 ], [ 431668.75, 437700.0 ], [ 431669.0, 437700.0 ], [ 431669.0, 437700.75 ], [ 431669.25, 437700.75 ], [ 431669.25, 437701.5 ], [ 431669.5, 437701.5 ], [ 431669.5, 437703.75 ], [ 431669.25, 437703.75 ], [ 431669.25, 437705.25 ], [ 431669.0, 437705.25 ], [ 431669.0, 437706.25 ], [ 431668.75, 437706.25 ], [ 431668.75, 437707.0 ], [ 431668.5, 437707.0 ], [ 431668.5, 437707.5 ], [ 431668.25, 437707.5 ], [ 431668.25, 437708.0 ], [ 431668.0, 437708.0 ], [ 431668.0, 437708.5 ], [ 431667.75, 437708.5 ], [ 431667.75, 437709.0 ], [ 431667.5, 437709.0 ], [ 431667.5, 437709.5 ], [ 431667.25, 437709.5 ], [ 431667.25, 437710.0 ], [ 431667.0, 437710.0 ], [ 431667.0, 437710.75 ], [ 431666.75, 437710.75 ], [ 431666.75, 437711.25 ], [ 431666.5, 437711.25 ], [ 431666.5, 437711.75 ], [ 431666.25, 437711.75 ], [ 431666.25, 437712.0 ], [ 431666.0, 437712.0 ], [ 431666.0, 437712.25 ], [ 431665.75, 437712.25 ], [ 431665.75, 437712.75 ], [ 431665.5, 437712.75 ], [ 431665.5, 437713.0 ], [ 431665.25, 437713.0 ], [ 431665.25, 437713.25 ], [ 431665.0, 437713.25 ], [ 431665.0, 437713.75 ], [ 431664.75, 437713.75 ], [ 431664.75, 437714.5 ], [ 431664.5, 437714.5 ], [ 431664.5, 437715.25 ], [ 431664.25, 437715.25 ], [ 431664.25, 437716.0 ], [ 431664.0, 437716.0 ], [ 431664.0, 437716.75 ], [ 431663.75, 437716.75 ], [ 431663.75, 437717.75 ], [ 431663.5, 437717.75 ], [ 431663.5, 437718.5 ], [ 431663.25, 437718.5 ], [ 431663.25, 437719.25 ], [ 431663.0, 437719.25 ], [ 431663.0, 437719.75 ], [ 431662.75, 437719.75 ], [ 431662.75, 437720.5 ], [ 431662.5, 437720.5 ], [ 431662.5, 437720.75 ], [ 431662.25, 437720.75 ], [ 431662.25, 437721.25 ], [ 431662.0, 437721.25 ], [ 431662.0, 437721.5 ], [ 431661.75, 437721.5 ], [ 431661.75, 437722.0 ], [ 431661.5, 437722.0 ], [ 431661.5, 437722.5 ], [ 431661.25, 437722.5 ], [ 431661.25, 437723.0 ], [ 431661.0, 437723.0 ], [ 431661.0, 437723.5 ], [ 431660.75, 437723.5 ], [ 431660.75, 437724.0 ], [ 431660.5, 437724.0 ], [ 431660.5, 437724.75 ], [ 431660.25, 437724.75 ], [ 431660.25, 437725.0 ], [ 431660.0, 437725.0 ], [ 431660.0, 437725.75 ], [ 431659.75, 437725.75 ], [ 431659.75, 437726.25 ], [ 431659.5, 437726.25 ], [ 431659.5, 437726.75 ], [ 431659.25, 437726.75 ], [ 431659.25, 437727.0 ], [ 431659.0, 437727.0 ], [ 431659.0, 437727.5 ], [ 431658.75, 437727.5 ], [ 431658.75, 437727.75 ], [ 431658.5, 437727.75 ], [ 431658.5, 437728.0 ], [ 431658.0, 437728.0 ], [ 431658.0, 437728.25 ], [ 431655.0, 437728.25 ], [ 431655.0, 437728.5 ], [ 431654.5, 437728.5 ] ] ] } },
{ "type": "Feature", "properties": { }, "geometry": { "type": "Polygon", "coordinates": [ [ [ 431420.25, 437688.0 ], [ 431420.25, 437687.75 ], [ 431419.75, 437687.75 ], [ 431419.75, 437687.5 ], [ 431419.25, 437687.5 ], [ 431419.25, 437687.25 ], [ 431418.5, 437687.25 ], [ 431418.5, 437687.0 ], [ 431418.25, 437687.0 ], [ 431418.25, 437686.25 ], [ 431418.0, 437686.25 ], [ 431418.0, 437685.75 ], [ 431417.75, 437685.75 ], [ 431417.75, 437685.25 ], [ 431418.0, 437685.25 ], [ 431418.0, 437684.25 ], [ 431418.25, 437684.25 ], [ 431418.25, 437683.5 ], [ 431418.5, 437683.5 ], [ 431418.5, 437683.0 ], [ 431418.75, 437683.0 ], [ 431418.75, 437682.5 ], [ 431419.0, 437682.5 ], [ 431419.0, 437681.25 ], [ 431419.25, 437681.25 ], [ 431419.25, 437680.75 ], [ 431419.5, 437680.75 ], [ 431419.5, 437680.25 ], [ 431419.75, 437680.25 ], [ 431419.75, 437679.25 ], [ 431420.0, 437679.25 ], [ 431420.0, 437678.25 ], [ 431420.25, 437678.25 ], [ 431420.25, 437677.5 ], [ 431420.5, 437677.5 ], [ 431420.5, 437676.75 ], [ 431420.75, 437676.75 ], [ 431420.75, 437676.0 ], [ 431421.0, 437676.0 ], [ 431421.0, 437675.25 ], [ 431421.25, 437675.25 ], [ 431421.25, 437674.25 ], [ 431421.5, 437674.25 ], [ 431421.5, 437673.0 ], [ 431421.75, 437673.0 ], [ 431421.75, 437671.5 ], [ 431422.0, 437671.5 ], [ 431422.0, 437670.25 ], [ 431422.25, 437670.25 ], [ 431422.25, 437669.5 ], [ 431422.5, 437669.5 ], [ 431422.5, 437669.0 ], [ 431422.75, 437669.0 ], [ 431422.75, 437668.25 ], [ 431423.0, 437668.25 ], [ 431423.0, 437667.5 ], [ 431423.25, 437667.5 ], [ 431423.25, 437667.0 ], [ 431423.5, 437667.0 ], [ 431423.5, 437666.75 ], [ 431423.75, 437666.75 ], [ 431423.75, 437666.5 ], [ 431424.0, 437666.5 ], [ 431424.0, 437666.25 ], [ 431424.25, 437666.25 ], [ 431424.25, 437666.0 ], [ 431424.5, 437666.0 ], [ 431424.5, 437665.75 ], [ 431424.75, 437665.75 ], [ 431424.75, 437665.5 ], [ 431425.25, 437665.5 ], [ 431425.25, 437665.25 ], [ 431427.25, 437665.25 ], [ 431427.25, 437665.5 ], [ 431428.25, 437665.5 ], [ 431428.25, 437665.75 ], [ 431428.75, 437665.75 ], [ 431428.75, 437666.0 ], [ 431429.25, 437666.0 ], [ 431429.25, 437666.25 ], [ 431430.0, 437666.25 ], [ 431430.0, 437666.5 ], [ 431430.5, 437666.5 ], [ 431430.5, 437666.75 ], [ 431430.75, 437666.75 ], [ 431430.75, 437667.0 ], [ 431431.25, 437667.0 ], [ 431431.25, 437667.25 ], [ 431431.75, 437667.25 ], [ 431431.75, 437667.5 ], [ 431432.25, 437667.5 ], [ 431432.25, 437667.75 ], [ 431432.5, 437667.75 ], [ 431432.5, 437668.0 ], [ 431432.75, 437668.0 ], [ 431432.75, 437668.25 ], [ 431433.0, 437668.25 ], [ 431433.0, 437668.5 ], [ 431433.25, 437668.5 ], [ 431433.25, 437668.75 ], [ 431433.5, 437668.75 ], [ 431433.5, 437669.0 ], [ 431433.75, 437669.0 ], [ 431433.75, 437669.5 ], [ 431434.0, 437669.5 ], [ 431434.0, 437670.75 ], [ 431433.75, 437670.75 ], [ 431433.75, 437671.5 ], [ 431433.5, 437671.5 ], [ 431433.5, 437672.25 ], [ 431433.25, 437672.25 ], [ 431433.25, 437673.25 ], [ 431433.0, 437673.25 ], [ 431433.0, 437673.75 ], [ 431432.75, 437673.75 ], [ 431432.75, 437674.5 ], [ 431432.5, 437674.5 ], [ 431432.5, 437675.0 ], [ 431432.25, 437675.0 ], [ 431432.25, 437675.75 ], [ 431432.0, 437675.75 ], [ 431432.0, 437676.5 ], [ 431431.75, 437676.5 ], [ 431431.75, 437677.25 ], [ 431431.5, 437677.25 ], [ 431431.5, 437677.75 ], [ 431431.25, 437677.75 ], [ 431431.25, 437678.5 ], [ 431431.0, 437678.5 ], [ 431431.0, 437679.5 ], [ 431430.75, 437679.5 ], [ 431430.75, 437680.25 ], [ 431430.5, 437680.25 ], [ 431430.5, 437681.0 ], [ 431430.25, 437681.0 ], [ 431430.25, 437681.5 ], [ 431430.0, 437681.5 ], [ 431430.0, 437682.25 ], [ 431429.75, 437682.25 ], [ 431429.75, 437683.0 ], [ 431429.5, 437683.0 ], [ 431429.5, 437683.5 ], [ 431429.25, 437683.5 ], [ 431429.25, 437684.0 ], [ 431429.0, 437684.0 ], [ 431429.0, 437684.5 ], [ 431428.75, 437684.5 ], [ 431428.75, 437685.0 ], [ 431428.5, 437685.0 ], [ 431428.5, 437685.5 ], [ 431428.25, 437685.5 ], [ 431428.25, 437685.75 ], [ 431428.0, 437685.75 ], [ 431428.0, 437686.25 ], [ 431427.75, 437686.25 ], [ 431427.75, 437686.5 ], [ 431427.5, 437686.5 ], [ 431427.5, 437686.75 ], [ 431427.25, 437686.75 ], [ 431427.25, 437687.0 ], [ 431427.0, 437687.0 ], [ 431427.0, 437687.25 ], [ 431426.5, 437687.25 ], [ 431426.5, 437687.5 ], [ 431424.5, 437687.5 ], [ 431424.5, 437687.75 ], [ 431420.5, 437687.75 ], [ 431420.5, 437688.0 ], [ 431420.25, 437688.0 ] ] ] } },
{ "type": "Feature", "properties": { }, "geometry": { "type": "Polygon", "coordinates": [ [ [ 431273.0, 437707.75 ], [ 431273.0, 437707.5 ], [ 431272.25, 437707.5 ], [ 431272.25, 437707.25 ], [ 431271.5, 437707.25 ], [ 431271.5, 437707.0 ], [ 431266.25, 437707.0 ], [ 431266.25, 437706.75 ], [ 431265.5, 437706.75 ], [ 431265.5, 437706.5 ], [ 431265.0, 437706.5 ], [ 431265.0, 437706.25 ], [ 431264.5, 437706.25 ], [ 431264.5, 437706.0 ], [ 431264.0, 437706.0 ], [ 431264.0, 437705.75 ], [ 431263.5, 437705.75 ], [ 431263.5, 437705.5 ], [ 431263.25, 437705.5 ], [ 431263.25, 437704.75 ], [ 431263.0, 437704.75 ], [ 431263.0, 437703.5 ], [ 431262.75, 437703.5 ], [ 431262.75, 437701.0 ], [ 431263.0, 437701.0 ], [ 431263.0, 437700.0 ], [ 431263.25, 437700.0 ], [ 431263.25, 437698.75 ], [ 431263.5, 437698.75 ], [ 431263.5, 437697.5 ], [ 431263.75, 437697.5 ], [ 431263.75, 437696.25 ], [ 431264.0, 437696.25 ], [ 431264.0, 437695.5 ], [ 431264.25, 437695.5 ], [ 431264.25, 437694.5 ], [ 431264.5, 437694.5 ], [ 431264.5, 437693.75 ], [ 431264.75, 437693.75 ], [ 431264.75, 437692.75 ], [ 431265.0, 437692.75 ], [ 431265.0, 437691.75 ], [ 431265.25, 437691.75 ], [ 431265.25, 437691.0 ], [ 431265.5, 437691.0 ], [ 431265.5, 437690.5 ], [ 431265.75, 437690.5 ], [ 431265.75, 437690.0 ], [ 431266.0, 437690.0 ], [ 431266.0, 437689.5 ], [ 431266.25, 437689.5 ], [ 431266.25, 437689.25 ], [ 431266.5, 437689.25 ], [ 431266.5, 437688.75 ], [ 431266.75, 437688.75 ], [ 431266.75, 437688.0 ], [ 431267.0, 437688.0 ], [ 431267.0, 437687.25 ], [ 431267.25, 437687.25 ], [ 431267.25, 437686.75 ], [ 431267.5, 437686.75 ], [ 431267.5, 437685.5 ], [ 431267.75, 437685.5 ], [ 431267.75, 437684.0 ], [ 431268.0, 437684.0 ], [ 431268.0, 437682.75 ], [ 431268.25, 437682.75 ], [ 431268.25, 437680.0 ], [ 431268.5, 437680.0 ], [ 431268.5, 437679.5 ], [ 431268.75, 437679.5 ], [ 431268.75, 437679.25 ], [ 431269.0, 437679.25 ], [ 431269.0, 437678.75 ], [ 431269.25, 437678.75 ], [ 431269.25, 437678.5 ], [ 431269.5, 437678.5 ], [ 431269.5, 437678.25 ], [ 431269.75, 437678.25 ], [ 431269.75, 437678.0 ], [ 431270.0, 437678.0 ], [ 431270.0, 437677.75 ], [ 431270.25, 437677.75 ], [ 431270.25, 437677.5 ], [ 431270.5, 437677.5 ], [ 431270.5, 437677.25 ], [ 431271.0, 437677.25 ], [ 431271.0, 437677.0 ], [ 431271.5, 437677.0 ], [ 431271.5, 437676.75 ], [ 431271.75, 437676.75 ], [ 431271.75, 437676.5 ], [ 431272.0, 437676.5 ], [ 431272.0, 437676.25 ], [ 431272.25, 437676.25 ], [ 431272.25, 437676.0 ], [ 431272.5, 437676.0 ], [ 431272.5, 437675.75 ], [ 431272.75, 437675.75 ], [ 431272.75, 437675.5 ], [ 431273.0, 437675.5 ], [ 431273.0, 437675.25 ], [ 431273.25, 437675.25 ], [ 431273.25, 437675.0 ], [ 431273.5, 437675.0 ], [ 431273.5, 437674.75 ], [ 431274.0, 437674.75 ], [ 431274.0, 437674.5 ], [ 431274.25, 437674.5 ], [ 431274.25, 437674.25 ], [ 431274.75, 437674.25 ], [ 431274.75, 437674.0 ], [ 431276.0, 437674.0 ], [ 431276.0, 437674.25 ], [ 431276.5, 437674.25 ], [ 431276.5, 437674.5 ], [ 431277.75, 437674.5 ], [ 431277.75, 437674.0 ], [ 431278.0, 437674.0 ], [ 431278.0, 437673.75 ], [ 431278.25, 437673.75 ], [ 431278.25, 437673.25 ], [ 431278.5, 437673.25 ], [ 431278.5, 437672.5 ], [ 431278.75, 437672.5 ], [ 431278.75, 437671.75 ], [ 431279.0, 437671.75 ], [ 431279.0, 437671.25 ], [ 431279.25, 437671.25 ], [ 431279.25, 437670.5 ], [ 431279.5, 437670.5 ], [ 431279.5, 437668.25 ], [ 431279.75, 437668.25 ], [ 431279.75, 437667.75 ], [ 431280.0, 437667.75 ], [ 431280.0, 437667.5 ], [ 431280.25, 437667.5 ], [ 431280.25, 437667.25 ], [ 431280.5, 437667.25 ], [ 431280.5, 437666.75 ], [ 431280.75, 437666.75 ], [ 431280.75, 437666.5 ], [ 431281.0, 437666.5 ], [ 431281.0, 437666.0 ], [ 431281.25, 437666.0 ], [ 431281.25, 437665.75 ], [ 431281.5, 437665.75 ], [ 431281.5, 437665.25 ], [ 431281.75, 437665.25 ], [ 431281.75, 437664.75 ], [ 431282.0, 437664.75 ], [ 431282.0, 437664.25 ], [ 431282.25, 437664.25 ], [ 431282.25, 437663.75 ], [ 431282.5, 437663.75 ], [ 431282.5, 437663.0 ], [ 431282.75, 437663.0 ], [ 431282.75, 437661.75 ], [ 431283.0, 437661.75 ], [ 431283.0, 437661.25 ], [ 431282.75, 437661.25 ], [ 431282.75, 437659.5 ], [ 431282.5, 437659.5 ], [ 431282.5, 437658.25 ], [ 431282.25, 437658.25 ], [ 431282.25, 437657.75 ], [ 431282.0, 437657.75 ], [ 431282.0, 437657.25 ], [ 431281.75, 437657.25 ], [ 431281.75, 437656.75 ], [ 431281.5, 437656.75 ], [ 431281.5, 437656.5 ], [ 431281.0, 437656.5 ], [ 431281.0, 437656.25 ], [ 431280.5, 437656.25 ], [ 431280.5, 437656.5 ], [ 431280.25, 437656.5 ], [ 431280.25, 437657.0 ], [ 431280.0, 437657.0 ], [ 431280.0, 437657.25 ], [ 431279.75, 437657.25 ], [ 431279.75, 437657.5 ], [ 431279.5, 437657.5 ], [ 431279.5, 437657.75 ], [ 431279.0, 437657.75 ], [ 431279.0, 437658.0 ], [ 431278.75, 437658.0 ], [ 431278.75, 437658.5 ], [ 431278.5, 437658.5 ], [ 431278.5, 437659.0 ], [ 431278.25, 437659.0 ], [ 431278.25, 437659.75 ], [ 431278.0, 437659.75 ], [ 431278.0, 437660.5 ], [ 431277.75, 437660.5 ], [ 431277.75, 437661.0 ], [ 431277.5, 437661.0 ], [ 431277.5, 437661.5 ], [ 431277.25, 437661.5 ], [ 431277.25, 437662.25 ], [ 431277.0, 437662.25 ], [ 431277.0, 437662.75 ], [ 431276.75, 437662.75 ], [ 431276.75, 437663.25 ], [ 431276.5, 437663.25 ], [ 431276.5, 437663.5 ], [ 431276.25, 437663.5 ], [ 431276.25, 437664.0 ], [ 431276.0, 437664.0 ], [ 431276.0, 437664.5 ], [ 431275.75, 437664.5 ], [ 431275.75, 437664.75 ], [ 431275.5, 437664.75 ], [ 431275.5, 437665.25 ], [ 431275.0, 437665.25 ], [ 431275.0, 437665.5 ], [ 431274.75, 437665.5 ], [ 431274.75, 437666.0 ], [ 431274.5, 437666.0 ], [ 431274.5, 437666.5 ], [ 431274.25, 437666.5 ], [ 431274.25, 437667.5 ], [ 431274.0, 437667.5 ], [ 431274.0, 437667.75 ], [ 431273.75, 437667.75 ], [ 431273.75, 437668.25 ], [ 431273.5, 437668.25 ], [ 431273.5, 437668.5 ], [ 431273.25, 437668.5 ], [ 431273.25, 437670.0 ], [ 431273.0, 437670.0 ], [ 431273.0, 437670.75 ], [ 431272.75, 437670.75 ], [ 431272.75, 437671.0 ], [ 431272.5, 437671.0 ], [ 431272.5, 437671.25 ], [ 431272.25, 437671.25 ], [ 431272.25, 437671.5 ], [ 431271.5, 437671.5 ], [ 431271.5, 437671.75 ], [ 431270.5, 437671.75 ], [ 431270.5, 437672.0 ], [ 431268.5, 437672.0 ], [ 431268.5, 437672.25 ], [ 431267.5, 437672.25 ], [ 431267.5, 437672.5 ], [ 431266.25, 437672.5 ], [ 431266.25, 437672.25 ], [ 431265.5, 437672.25 ], [ 431265.5, 437672.0 ], [ 431264.5, 437672.0 ], [ 431264.5, 437671.75 ], [ 431263.75, 437671.75 ], [ 431263.75, 437671.5 ], [ 431263.25, 437671.5 ], [ 431263.25, 437671.25 ], [ 431262.5, 437671.25 ], [ 431262.5, 437671.0 ], [ 431262.0, 437671.0 ], [ 431262.0, 437670.75 ], [ 431261.5, 437670.75 ], [ 431261.5, 437670.5 ], [ 431261.25, 437670.5 ], [ 431261.25, 437670.25 ], [ 431261.0, 437670.25 ], [ 431261.0, 437669.75 ], [ 431260.75, 437669.75 ], [ 431260.75, 437668.25 ], [ 431261.0, 437668.25 ], [ 431261.0, 437665.5 ], [ 431261.25, 437665.5 ], [ 431261.25, 437663.75 ], [ 431261.5, 437663.75 ], [ 431261.5, 437663.0 ], [ 431261.75, 437663.0 ], [ 431261.75, 437662.5 ], [ 431262.0, 437662.5 ], [ 431262.0, 437661.5 ], [ 431261.75, 437661.5 ], [ 431261.75, 437660.25 ], [ 431261.5, 437660.25 ], [ 431261.5, 437659.25 ], [ 431261.75, 437659.25 ], [ 431261.75, 437659.0 ], [ 431262.0, 437659.0 ], [ 431262.0, 437658.75 ], [ 431262.5, 437658.75 ], [ 431262.5, 437658.5 ], [ 431263.0, 437658.5 ], [ 431263.0, 437658.25 ], [ 431263.25, 437658.25 ], [ 431263.25, 437658.0 ], [ 431263.5, 437658.0 ], [ 431263.5, 437657.5 ], [ 431263.75, 437657.5 ], [ 431263.75, 437657.25 ], [ 431264.0, 437657.25 ], [ 431264.0, 437657.0 ], [ 431264.25, 437657.0 ], [ 431264.25, 437656.75 ], [ 431264.5, 437656.75 ], [ 431264.5, 437656.5 ], [ 431264.75, 437656.5 ], [ 431264.75, 437656.25 ], [ 431265.0, 437656.25 ], [ 431265.0, 437656.0 ], [ 431265.25, 437656.0 ], [ 431265.25, 437655.5 ], [ 431265.5, 437655.5 ], [ 431265.5, 437655.25 ], [ 431265.75, 437655.25 ], [ 431265.75, 437654.75 ], [ 431266.0, 437654.75 ], [ 431266.0, 437654.25 ], [ 431266.25, 437654.25 ], [ 431266.25, 437654.0 ], [ 431266.75, 437654.0 ], [ 431266.75, 437653.75 ], [ 431267.0, 437653.75 ], [ 431267.0, 437653.5 ], [ 431267.5, 437653.5 ], [ 431267.5, 437653.25 ], [ 431268.75, 437653.25 ], [ 431268.75, 437653.0 ], [ 431270.0, 437653.0 ], [ 431270.0, 437652.75 ], [ 431272.25, 437652.75 ], [ 431272.25, 437652.5 ], [ 431275.0, 437652.5 ], [ 431275.0, 437652.75 ], [ 431275.75, 437652.75 ], [ 431275.75, 437653.0 ], [ 431276.25, 437653.0 ], [ 431276.25, 437653.25 ], [ 431276.75, 437653.25 ], [ 431276.75, 437653.5 ], [ 431277.0, 437653.5 ], [ 431277.0, 437653.75 ], [ 431277.25, 437653.75 ], [ 431277.25, 437654.0 ], [ 431277.5, 437654.0 ], [ 431277.5, 437654.25 ], [ 431278.0, 437654.25 ], [ 431278.0, 437654.5 ], [ 431278.25, 437654.5 ], [ 431278.25, 437655.25 ], [ 431278.5, 437655.25 ], [ 431278.5, 437655.5 ], [ 431278.75, 437655.5 ], [ 431278.75, 437655.0 ], [ 431279.0, 437655.0 ], [ 431279.0, 437654.5 ], [ 431279.25, 437654.5 ], [ 431279.25, 437654.25 ], [ 431279.5, 437654.25 ], [ 431279.5, 437654.0 ], [ 431279.75, 437654.0 ], [ 431279.75, 437653.5 ], [ 431280.0, 437653.5 ], [ 431280.0, 437653.25 ], [ 431280.25, 437653.25 ], [ 431280.25, 437652.75 ], [ 431280.5, 437652.75 ], [ 431280.5, 437652.25 ], [ 431280.75, 437652.25 ], [ 431280.75, 437652.0 ], [ 431281.0, 437652.0 ], [ 431281.0, 437651.75 ], [ 431281.25, 437651.75 ], [ 431281.25, 437651.5 ], [ 431281.5, 437651.5 ], [ 431281.5, 437651.0 ], [ 431281.75, 437651.0 ], [ 431281.75, 437650.75 ], [ 431282.0, 437650.75 ], [ 431282.0, 437650.5 ], [ 431282.25, 437650.5 ], [ 431282.25, 437650.25 ], [ 431282.5, 437650.25 ], [ 431282.5, 437650.0 ], [ 431282.75, 437650.0 ], [ 431282.75, 437649.5 ], [ 431283.0, 437649.5 ], [ 431283.0, 437648.5 ], [ 431283.25, 437648.5 ], [ 431283.25, 437647.75 ], [ 431283.5, 437647.75 ], [ 431283.5, 437646.5 ], [ 431283.75, 437646.5 ], [ 431283.75, 437645.75 ], [ 431284.0, 437645.75 ], [ 431284.0, 437644.75 ], [ 431284.25, 437644.75 ], [ 431284.25, 437643.75 ], [ 431284.5, 437643.75 ], [ 431284.5, 437643.25 ], [ 431284.75, 437643.25 ], [ 431284.75, 437642.75 ], [ 431285.0, 437642.75 ], [ 431285.0, 437642.25 ], [ 431285.25, 437642.25 ], [ 431285.25, 437641.75 ], [ 431285.5, 437641.75 ], [ 431285.5, 437641.25 ], [ 431285.75, 437641.25 ], [ 431285.75, 437640.75 ], [ 431286.0, 437640.75 ], [ 431286.0, 437640.25 ], [ 431286.25, 437640.25 ], [ 431286.25, 437639.75 ], [ 431286.5, 437639.75 ], [ 431286.5, 437639.5 ], [ 431286.75, 437639.5 ], [ 431286.75, 437638.75 ], [ 431287.0, 437638.75 ], [ 431287.0, 437638.25 ], [ 431287.25, 437638.25 ], [ 431287.25, 437637.25 ], [ 431287.5, 437637.25 ], [ 431287.5, 437636.5 ], [ 431287.75, 437636.5 ], [ 431287.75, 437636.0 ], [ 431288.0, 437636.0 ], [ 431288.0, 437635.0 ], [ 431288.25, 437635.0 ], [ 431288.25, 437634.0 ], [ 431288.5, 437634.0 ], [ 431288.5, 437633.25 ], [ 431288.75, 437633.25 ], [ 431288.75, 437633.0 ], [ 431289.0, 437633.0 ], [ 431289.0, 437632.75 ], [ 431289.25, 437632.75 ], [ 431289.25, 437632.5 ], [ 431289.5, 437632.5 ], [ 431289.5, 437632.25 ], [ 431289.75, 437632.25 ], [ 431289.75, 437632.0 ], [ 431290.25, 437632.0 ], [ 431290.25, 437631.75 ], [ 431290.75, 437631.75 ], [ 431290.75, 437631.5 ], [ 431291.25, 437631.5 ], [ 431291.25, 437631.25 ], [ 431291.75, 437631.25 ], [ 431291.75, 437631.0 ], [ 431292.0, 437631.0 ], [ 431292.0, 437630.75 ], [ 431292.5, 437630.75 ], [ 431292.5, 437630.5 ], [ 431293.0, 437630.5 ], [ 431293.0, 437630.25 ], [ 431295.25, 437630.25 ], [ 431295.25, 437630.5 ], [ 431296.75, 437630.5 ], [ 431296.75, 437630.75 ], [ 431298.0, 437630.75 ], [ 431298.0, 437631.0 ], [ 431298.75, 437631.0 ], [ 431298.75, 437631.25 ], [ 431299.75, 437631.25 ], [ 431299.75, 437631.5 ], [ 431300.25, 437631.5 ], [ 431300.25, 437631.75 ], [ 431300.75, 437631.75 ], [ 431300.75, 437632.0 ], [ 431301.25, 437632.0 ], [ 431301.25, 437632.25 ], [ 431301.75, 437632.25 ], [ 431301.75, 437632.5 ], [ 431302.0, 437632.5 ], [ 431302.0, 437632.75 ], [ 431302.25, 437632.75 ], [ 431302.25, 437633.0 ], [ 431302.5, 437633.0 ], [ 431302.5, 437633.25 ], [ 431302.75, 437633.25 ], [ 431302.75, 437633.5 ], [ 431303.0, 437633.5 ], [ 431303.0, 437634.0 ], [ 431303.25, 437634.0 ], [ 431303.25, 437634.75 ], [ 431303.5, 437634.75 ], [ 431303.5, 437636.75 ], [ 431303.25, 437636.75 ], [ 431303.25, 437642.0 ], [ 431303.0, 437642.0 ], [ 431303.0, 437643.5 ], [ 431302.75, 437643.5 ], [ 431302.75, 437644.75 ], [ 431302.5, 437644.75 ], [ 431302.5, 437645.25 ], [ 431302.25, 437645.25 ], [ 431302.25, 437645.75 ], [ 431302.0, 437645.75 ], [ 431302.0, 437646.0 ], [ 431301.75, 437646.0 ], [ 431301.75, 437646.5 ], [ 431301.5, 437646.5 ], [ 431301.5, 437647.0 ], [ 431301.25, 437647.0 ], [ 431301.25, 437647.5 ], [ 431301.0, 437647.5 ], [ 431301.0, 437648.25 ], [ 431300.75, 437648.25 ], [ 431300.75, 437649.0 ], [ 431300.5, 437649.0 ], [ 431300.5, 437649.75 ], [ 431300.25, 437649.75 ], [ 431300.25, 437650.5 ], [ 431300.0, 437650.5 ], [ 431300.0, 437651.0 ], [ 431299.75, 437651.0 ], [ 431299.75, 437651.75 ], [ 431299.5, 437651.75 ], [ 431299.5, 437652.25 ], [ 431299.25, 437652.25 ], [ 431299.25, 437652.75 ], [ 431299.0, 437652.75 ], [ 431299.0, 437653.25 ], [ 431298.75, 437653.25 ], [ 431298.75, 437653.75 ], [ 431298.5, 437653.75 ], [ 431298.5, 437654.25 ], [ 431298.25, 437654.25 ], [ 431298.25, 437654.5 ], [ 431298.0, 437654.5 ], [ 431298.0, 437655.25 ], [ 431297.75, 437655.25 ], [ 431297.75, 437655.75 ], [ 431297.5, 437655.75 ], [ 431297.5, 437656.25 ], [ 431297.25, 437656.25 ], [ 431297.25, 437656.5 ], [ 431297.0, 437656.5 ], [ 431297.0, 437657.25 ], [ 431296.75, 437657.25 ], [ 431296.75, 437658.0 ], [ 431296.5, 437658.0 ], [ 431296.5, 437658.75 ], [ 431296.25, 437658.75 ], [ 431296.25, 437659.5 ], [ 431296.0, 437659.5 ], [ 431296.0, 437660.0 ], [ 431295.75, 437660.0 ], [ 431295.75, 437661.0 ], [ 431295.5, 437661.0 ], [ 431295.5, 437661.75 ], [ 431295.25, 437661.75 ], [ 431295.25, 437662.5 ], [ 431295.0, 437662.5 ], [ 431295.0, 437663.5 ], [ 431294.75, 437663.5 ], [ 431294.75, 437664.5 ], [ 431294.5, 437664.5 ], [ 431294.5, 437665.0 ], [ 431294.25, 437665.0 ], [ 431294.25, 437665.5 ], [ 431294.0, 437665.5 ], [ 431294.0, 437666.0 ], [ 431293.75, 437666.0 ], [ 431293.75, 437666.25 ], [ 431293.5, 437666.25 ], [ 431293.5, 437666.75 ], [ 431293.25, 437666.75 ], [ 431293.25, 437667.25 ], [ 431293.0, 437667.25 ], [ 431293.0, 437668.0 ], [ 431292.75, 437668.0 ], [ 431292.75, 437668.5 ], [ 431292.5, 437668.5 ], [ 431292.5, 437669.0 ], [ 431292.25, 437669.0 ], [ 431292.25, 437669.5 ], [ 431292.0, 437669.5 ], [ 431292.0, 437670.25 ], [ 431291.75, 437670.25 ], [ 431291.75, 437671.0 ], [ 431291.5, 437671.0 ], [ 431291.5, 437671.75 ], [ 431291.25, 437671.75 ], [ 431291.25, 437672.5 ], [ 431291.0, 437672.5 ], [ 431291.0, 437673.25 ], [ 431290.75, 437673.25 ], [ 431290.75, 437674.0 ], [ 431290.5, 437674.0 ], [ 431290.5, 437674.75 ], [ 431290.25, 437674.75 ], [ 431290.25, 437675.0 ], [ 431290.0, 437675.0 ], [ 431290.0, 437675.5 ], [ 431289.75, 437675.5 ], [ 431289.75, 437676.25 ], [ 431289.5, 437676.25 ], [ 431289.5, 437677.0 ], [ 431289.25, 437677.0 ], [ 431289.25, 437677.75 ], [ 431289.0, 437677.75 ], [ 431289.0, 437678.5 ], [ 431288.75, 437678.5 ], [ 431288.75, 437679.25 ], [ 431288.5, 437679.25 ], [ 431288.5, 437679.75 ], [ 431288.25, 437679.75 ], [ 431288.25, 437680.25 ], [ 431288.0, 437680.25 ], [ 431288.0, 437680.75 ], [ 431287.75, 437680.75 ], [ 431287.75, 437681.5 ], [ 431287.5, 437681.5 ], [ 431287.5, 437682.0 ], [ 431287.25, 437682.0 ], [ 431287.25, 437682.75 ], [ 431287.0, 437682.75 ], [ 431287.0, 437683.5 ], [ 431286.75, 437683.5 ], [ 431286.75, 437684.25 ], [ 431286.5, 437684.25 ], [ 431286.5, 437685.0 ], [ 431286.25, 437685.0 ], [ 431286.25, 437685.75 ], [ 431286.0, 437685.75 ], [ 431286.0, 437686.25 ], [ 431285.75, 437686.25 ], [ 431285.75, 437686.75 ], [ 431285.5, 437686.75 ], [ 431285.5, 437687.25 ], [ 431285.25, 437687.25 ], [ 431285.25, 437687.75 ], [ 431285.0, 437687.75 ], [ 431285.0, 437688.5 ], [ 431284.75, 437688.5 ], [ 431284.75, 437689.5 ], [ 431284.5, 437689.5 ], [ 431284.5, 437690.0 ], [ 431284.25, 437690.0 ], [ 431284.25, 437690.75 ], [ 431284.0, 437690.75 ], [ 431284.0, 437691.25 ], [ 431283.75, 437691.25 ], [ 431283.75, 437691.75 ], [ 431283.5, 437691.75 ], [ 431283.5, 437692.25 ], [ 431283.25, 437692.25 ], [ 431283.25, 437693.0 ], [ 431283.0, 437693.0 ], [ 431283.0, 437693.5 ], [ 431282.75, 437693.5 ], [ 431282.75, 437694.25 ], [ 431282.5, 437694.25 ], [ 431282.5, 437694.75 ], [ 431282.25, 437694.75 ], [ 431282.25, 437695.25 ], [ 431282.0, 437695.25 ], [ 431282.0, 437695.75 ], [ 431281.75, 437695.75 ], [ 431281.75, 437696.5 ], [ 431281.5, 437696.5 ], [ 431281.5, 437697.0 ], [ 431281.25, 437697.0 ], [ 431281.25, 437697.75 ], [ 431281.0, 437697.75 ], [ 431281.0, 437698.5 ], [ 431280.75, 437698.5 ], [ 431280.75, 437699.25 ], [ 431280.5, 437699.25 ], [ 431280.5, 437700.0 ], [ 431280.25, 437700.0 ], [ 431280.25, 437700.75 ], [ 431280.0, 437700.75 ], [ 431280.0, 437701.25 ], [ 431279.75, 437701.25 ], [ 431279.75, 437702.0 ], [ 431279.5, 437702.0 ], [ 431279.5, 437702.75 ], [ 431279.25, 437702.75 ], [ 431279.25, 437703.5 ], [ 431279.0, 437703.5 ], [ 431279.0, 437704.0 ], [ 431278.75, 437704.0 ], [ 431278.75, 437704.5 ], [ 431278.5, 437704.5 ], [ 431278.5, 437704.75 ], [ 431278.25, 437704.75 ], [ 431278.25, 437705.0 ], [ 431278.0, 437705.0 ], [ 431278.0, 437705.25 ], [ 431277.75, 437705.25 ], [ 431277.75, 437705.5 ], [ 431277.5, 437705.5 ], [ 431277.5, 437705.75 ], [ 431277.0, 437705.75 ], [ 431277.0, 437706.0 ], [ 431276.75, 437706.0 ], [ 431276.75, 437706.25 ], [ 431276.5, 437706.25 ], [ 431276.5, 437706.5 ], [ 431276.0, 437706.5 ], [ 431276.0, 437706.75 ], [ 431275.75, 437706.75 ], [ 431275.75, 437707.0 ], [ 431275.25, 437707.0 ], [ 431275.25, 437707.25 ], [ 431275.0, 437707.25 ], [ 431275.0, 437707.5 ], [ 431274.5, 437707.5 ], [ 431274.5, 437707.75 ], [ 431273.0, 437707.75 ] ] ] } },
{ "type": "Feature", "properties": { }, "geometry": { "type": "Polygon", "coordinates": [ [ [ 431610.0, 437623.5 ], [ 431610.0, 437623.25 ], [ 431609.5, 437623.25 ], [ 431609.5, 437623.0 ], [ 431609.25, 437623.0 ], [ 431609.25, 437622.5 ], [ 431609.0, 437622.5 ], [ 431609.0, 437622.0 ], [ 431608.75, 437622.0 ], [ 431608.75, 437621.5 ], [ 431608.5, 437621.5 ], [ 431608.5, 437620.75 ], [ 431608.25, 437620.75 ], [ 431608.25, 437620.0 ], [ 431608.0, 437620.0 ], [ 431608.0, 437619.25 ], [ 431607.75, 437619.25 ], [ 431607.75, 437618.75 ], [ 431607.5, 437618.75 ], [ 431607.5, 437618.25 ], [ 431607.25, 437618.25 ], [ 431607.25, 437616.0 ], [ 431604.5, 437616.0 ], [ 431604.5, 437614.75 ], [ 431604.25, 437614.75 ], [ 431604.25, 437613.5 ], [ 431604.0, 437613.5 ], [ 431604.0, 437612.75 ], [ 431603.75, 437612.75 ], [ 431603.75, 437612.25 ], [ 431603.5, 437612.25 ], [ 431603.5, 437611.75 ], [ 431603.25, 437611.75 ], [ 431603.25, 437611.0 ], [ 431603.0, 437611.0 ], [ 431603.0, 437610.5 ], [ 431602.75, 437610.5 ], [ 431602.75, 437610.0 ], [ 431602.5, 437610.0 ], [ 431602.5, 437609.5 ], [ 431602.25, 437609.5 ], [ 431602.25, 437608.75 ], [ 431602.0, 437608.75 ], [ 431602.0, 437608.25 ], [ 431601.75, 437608.25 ], [ 431601.75, 437607.75 ], [ 431601.5, 437607.75 ], [ 431601.5, 437607.25 ], [ 431601.25, 437607.25 ], [ 431601.25, 437606.5 ], [ 431601.0, 437606.5 ], [ 431601.0, 437606.0 ], [ 431600.75, 437606.0 ], [ 431600.75, 437605.5 ], [ 431600.5, 437605.5 ], [ 431600.5, 437604.75 ], [ 431600.25, 437604.75 ], [ 431600.25, 437604.0 ], [ 431600.0, 437604.0 ], [ 431600.0, 437603.25 ], [ 431599.75, 437603.25 ], [ 431599.75, 437602.75 ], [ 431599.5, 437602.75 ], [ 431599.5, 437601.75 ], [ 431599.25, 437601.75 ], [ 431599.25, 437600.0 ], [ 431599.0, 437600.0 ], [ 431599.0, 437598.0 ], [ 431599.25, 437598.0 ], [ 431599.25, 437597.5 ], [ 431599.5, 437597.5 ], [ 431599.5, 437597.25 ], [ 431600.0, 437597.25 ], [ 431600.0, 437597.0 ], [ 431600.25, 437597.0 ], [ 431600.25, 437596.75 ], [ 431600.75, 437596.75 ], [ 431600.75, 437596.5 ], [ 431601.25, 437596.5 ], [ 431601.25, 437596.25 ], [ 431601.75, 437596.25 ], [ 431601.75, 437596.0 ], [ 431602.5, 437596.0 ], [ 431602.5, 437595.75 ], [ 431603.5, 437595.75 ], [ 431603.5, 437595.5 ], [ 431604.25, 437595.5 ], [ 431604.25, 437595.25 ], [ 431605.0, 437595.25 ], [ 431605.0, 437595.0 ], [ 431605.5, 437595.0 ], [ 431605.5, 437594.75 ], [ 431606.0, 437594.75 ], [ 431606.0, 437594.5 ], [ 431606.5, 437594.5 ], [ 431606.5, 437594.25 ], [ 431607.5, 437594.25 ], [ 431607.5, 437594.0 ], [ 431608.0, 437594.0 ], [ 431608.0, 437593.75 ], [ 431608.5, 437593.75 ], [ 431608.5, 437593.5 ], [ 431609.25, 437593.5 ], [ 431609.25, 437593.25 ], [ 431611.0, 437593.25 ], [ 431611.0, 437593.5 ], [ 431611.75, 437593.5 ], [ 431611.75, 437593.75 ], [ 431612.25, 437593.75 ], [ 431612.25, 437594.0 ], [ 431614.0, 437594.0 ], [ 431614.0, 437594.25 ], [ 431614.5, 437594.25 ], [ 431614.5, 437594.5 ], [ 431615.0, 437594.5 ], [ 431615.0, 437594.75 ], [ 431615.5, 437594.75 ], [ 431615.5, 437595.0 ], [ 431616.0, 437595.0 ], [ 431616.0, 437595.25 ], [ 431616.75, 437595.25 ], [ 431616.75, 437595.5 ], [ 431617.5, 437595.5 ], [ 431617.5, 437595.75 ], [ 431618.25, 437595.75 ], [ 431618.25, 437596.0 ], [ 431620.0, 437596.0 ], [ 431620.0, 437596.25 ], [ 431621.0, 437596.25 ], [ 431621.0, 437596.5 ], [ 431621.75, 437596.5 ], [ 431621.75, 437596.75 ], [ 431622.5, 437596.75 ], [ 431622.5, 437597.0 ], [ 431623.5, 437597.0 ], [ 431623.5, 437597.25 ], [ 431624.5, 437597.25 ], [ 431624.5, 437597.5 ], [ 431626.75, 437597.5 ], [ 431626.75, 437597.25 ], [ 431627.5, 437597.25 ], [ 431627.5, 437597.0 ], [ 431628.5, 437597.0 ], [ 431628.5, 437596.75 ], [ 431629.5, 437596.75 ], [ 431629.5, 437596.5 ], [ 431630.0, 437596.5 ], [ 431630.0, 437596.25 ], [ 431630.5, 437596.25 ], [ 431630.5, 437596.0 ], [ 431631.0, 437596.0 ], [ 431631.0, 437595.75 ], [ 431631.25, 437595.75 ], [ 431631.25, 437595.5 ], [ 431631.75, 437595.5 ], [ 431631.75, 437595.25 ], [ 431632.0, 437595.25 ], [ 431632.0, 437595.0 ], [ 431632.5, 437595.0 ], [ 431632.5, 437594.75 ], [ 431632.75, 437594.75 ], [ 431632.75, 437594.5 ], [ 431633.25, 437594.5 ], [ 431633.25, 437594.25 ], [ 431633.75, 437594.25 ], [ 431633.75, 437594.0 ], [ 431634.25, 437594.0 ], [ 431634.25, 437593.75 ], [ 431634.75, 437593.75 ], [ 431634.75, 437593.5 ], [ 431635.0, 437593.5 ], [ 431635.0, 437593.25 ], [ 431635.5, 437593.25 ], [ 431635.5, 437593.0 ], [ 431636.0, 437593.0 ], [ 431636.0, 437592.75 ], [ 431636.75, 437592.75 ], [ 431636.75, 437592.5 ], [ 431637.25, 437592.5 ], [ 431637.25, 437592.25 ], [ 431638.5, 437592.25 ], [ 431638.5, 437592.0 ], [ 431640.0, 437592.0 ], [ 431640.0, 437585.0 ], [ 431642.25, 437585.0 ], [ 431642.25, 437584.75 ], [ 431643.25, 437584.75 ], [ 431643.25, 437584.5 ], [ 431645.0, 437584.5 ], [ 431645.0, 437584.25 ], [ 431646.5, 437584.25 ], [ 431646.5, 437584.0 ], [ 431649.25, 437584.0 ], [ 431649.25, 437583.75 ], [ 431650.5, 437583.75 ], [ 431650.5, 437583.5 ], [ 431651.0, 437583.5 ], [ 431651.0, 437583.25 ], [ 431651.75, 437583.25 ], [ 431651.75, 437583.0 ], [ 431652.75, 437583.0 ], [ 431652.75, 437582.75 ], [ 431654.0, 437582.75 ], [ 431654.0, 437582.5 ], [ 431654.5, 437582.5 ], [ 431654.5, 437582.75 ], [ 431655.25, 437582.75 ], [ 431655.25, 437583.0 ], [ 431655.75, 437583.0 ], [ 431655.75, 437583.25 ], [ 431656.0, 437583.25 ], [ 431656.0, 437583.5 ], [ 431656.5, 437583.5 ], [ 431656.5, 437583.75 ], [ 431657.0, 437583.75 ], [ 431657.0, 437584.0 ], [ 431657.25, 437584.0 ], [ 431657.25, 437584.25 ], [ 431657.5, 437584.25 ], [ 431657.5, 437584.5 ], [ 431657.75, 437584.5 ], [ 431657.75, 437584.75 ], [ 431658.0, 437584.75 ], [ 431658.0, 437585.0 ], [ 431658.25, 437585.0 ], [ 431658.25, 437585.25 ], [ 431658.5, 437585.25 ], [ 431658.5, 437585.5 ], [ 431658.75, 437585.5 ], [ 431658.75, 437586.0 ], [ 431659.0, 437586.0 ], [ 431659.0, 437586.5 ], [ 431659.25, 437586.5 ], [ 431659.25, 437586.75 ], [ 431659.5, 437586.75 ], [ 431659.5, 437587.25 ], [ 431659.75, 437587.25 ], [ 431659.75, 437587.5 ], [ 431660.0, 437587.5 ], [ 431660.0, 437588.0 ], [ 431660.25, 437588.0 ], [ 431660.25, 437588.5 ], [ 431660.5, 437588.5 ], [ 431660.5, 437589.0 ], [ 431660.75, 437589.0 ], [ 431660.75, 437589.5 ], [ 431661.0, 437589.5 ], [ 431661.0, 437590.5 ], [ 431661.25, 437590.5 ], [ 431661.25, 437591.75 ], [ 431661.5, 437591.75 ], [ 431661.5, 437592.75 ], [ 431661.75, 437592.75 ], [ 431661.75, 437594.0 ], [ 431662.0, 437594.0 ], [ 431662.0, 437595.25 ], [ 431662.25, 437595.25 ], [ 431662.25, 437597.0 ], [ 431662.5, 437597.0 ], [ 431662.5, 437599.25 ], [ 431662.75, 437599.25 ], [ 431662.75, 437602.0 ], [ 431663.0, 437602.0 ], [ 431663.0, 437606.75 ], [ 431662.75, 437606.75 ], [ 431662.75, 437608.25 ], [ 431662.5, 437608.25 ], [ 431662.5, 437610.0 ], [ 431662.25, 437610.0 ], [ 431662.25, 437611.0 ], [ 431662.0, 437611.0 ], [ 431662.0, 437611.75 ], [ 431661.75, 437611.75 ], [ 431661.75, 437612.5 ], [ 431661.5, 437612.5 ], [ 431661.5, 437613.0 ], [ 431661.25, 437613.0 ], [ 431661.25, 437613.25 ], [ 431661.0, 437613.25 ], [ 431661.0, 437613.5 ], [ 431660.75, 437613.5 ], [ 431660.75, 437614.0 ], [ 431660.5, 437614.0 ], [ 431660.5, 437614.25 ], [ 431660.25, 437614.25 ], [ 431660.25, 437614.5 ], [ 431660.0, 437614.5 ], [ 431660.0, 437616.0 ], [ 431621.25, 437616.0 ], [ 431621.25, 437617.0 ], [ 431621.5, 437617.0 ], [ 431621.5, 437617.5 ], [ 431621.25, 437617.5 ], [ 431621.25, 437617.75 ], [ 431621.0, 437617.75 ], [ 431621.0, 437618.0 ], [ 431620.75, 437618.0 ], [ 431620.75, 437618.5 ], [ 431620.5, 437618.5 ], [ 431620.5, 437618.75 ], [ 431620.25, 437618.75 ], [ 431620.25, 437619.0 ], [ 431620.0, 437619.0 ], [ 431620.0, 437619.25 ], [ 431619.75, 437619.25 ], [ 431619.75, 437619.5 ], [ 431619.5, 437619.5 ], [ 431619.5, 437619.75 ], [ 431619.25, 437619.75 ], [ 431619.25, 437620.25 ], [ 431619.0, 437620.25 ], [ 431619.0, 437620.75 ], [ 431618.75, 437620.75 ], [ 431618.75, 437621.25 ], [ 431618.5, 437621.25 ], [ 431618.5, 437621.5 ], [ 431618.25, 437621.5 ], [ 431618.25, 437621.75 ], [ 431618.0, 437621.75 ], [ 431618.0, 437622.0 ], [ 431617.5, 437622.0 ], [ 431617.5, 437622.25 ], [ 431617.25, 437622.25 ], [ 431617.25, 437622.5 ], [ 431615.25, 437622.5 ], [ 431615.25, 437622.75 ], [ 431614.5, 437622.75 ], [ 431614.5, 437623.0 ], [ 431613.75, 437623.0 ], [ 431613.75, 437623.25 ], [ 431611.25, 437623.25 ], [ 431611.25, 437623.5 ], [ 431610.0, 437623.5 ] ] ] } },
{ "type": "Feature", "properties": { }, "geometry": { "type": "Polygon", "coordinates": [ [ [ 431605.25, 437586.0 ], [ 431605.25, 437585.75 ], [ 431605.0, 437585.75 ], [ 431605.0, 437585.5 ], [ 431604.75, 437585.5 ], [ 431604.75, 437585.25 ], [ 431604.25, 437585.25 ], [ 431604.25, 437585.0 ], [ 431604.0, 437585.0 ], [ 431604.0, 437584.75 ], [ 431603.75, 437584.75 ], [ 431603.75, 437584.5 ], [ 431603.5, 437584.5 ], [ 431603.5, 437584.25 ], [ 431603.25, 437584.25 ], [ 431603.25, 437584.0 ], [ 431603.0, 437584.0 ], [ 431603.0, 437583.75 ], [ 431602.75, 437583.75 ], [ 431602.75, 437583.5 ], [ 431602.5, 437583.5 ], [ 431602.5, 437583.0 ], [ 431602.25, 437583.0 ], [ 431602.25, 437582.75 ], [ 431602.0, 437582.75 ], [ 431602.0, 437582.25 ], [ 431601.75, 437582.25 ], [ 431601.75, 437582.0 ], [ 431601.5, 437582.0 ], [ 431601.5, 437581.5 ], [ 431601.25, 437581.5 ], [ 431601.25, 437581.0 ], [ 431601.0, 437581.0 ], [ 431601.0, 437580.25 ], [ 431600.75, 437580.25 ], [ 431600.75, 437579.25 ], [ 431600.5, 437579.25 ], [ 431600.5, 437578.25 ], [ 431600.25, 437578.25 ], [ 431600.25, 437577.0 ], [ 431600.0, 437577.0 ], [ 431600.0, 437576.25 ], [ 431599.75, 437576.25 ], [ 431599.75, 437575.75 ], [ 431599.5, 437575.75 ], [ 431599.5, 437575.0 ], [ 431599.25, 437575.0 ], [ 431599.25, 437574.5 ], [ 431599.0, 437574.5 ], [ 431599.0, 437574.0 ], [ 431598.75, 437574.0 ], [ 431598.75, 437573.5 ], [ 431598.5, 437573.5 ], [ 431598.5, 437573.0 ], [ 431598.25, 437573.0 ], [ 431598.25, 437572.25 ], [ 431598.0, 437572.25 ], [ 431598.0, 437571.75 ], [ 431597.75, 437571.75 ], [ 431597.75, 437571.0 ], [ 431597.5, 437571.0 ], [ 431597.5, 437570.25 ], [ 431597.25, 437570.25 ], [ 431597.25, 437569.5 ], [ 431597.0, 437569.5 ], [ 431597.0, 437568.75 ], [ 431596.75, 437568.75 ], [ 431596.75, 437568.0 ], [ 431596.5, 437568.0 ], [ 431596.5, 437567.5 ], [ 431596.25, 437567.5 ], [ 431596.25, 437566.5 ], [ 431596.0, 437566.5 ], [ 431596.0, 437566.0 ], [ 431595.75, 437566.0 ], [ 431595.75, 437565.5 ], [ 431595.5, 437565.5 ], [ 431595.5, 437565.0 ], [ 431595.25, 437565.0 ], [ 431595.25, 437564.25 ], [ 431595.0, 437564.25 ], [ 431595.0, 437563.75 ], [ 431594.75, 437563.75 ], [ 431594.75, 437563.5 ], [ 431594.5, 437563.5 ], [ 431594.5, 437563.0 ], [ 431594.25, 437563.0 ], [ 431594.25, 437562.5 ], [ 431594.0, 437562.5 ], [ 431594.0, 437561.75 ], [ 431593.75, 437561.75 ], [ 431593.75, 437561.25 ], [ 431593.5, 437561.25 ], [ 431593.5, 437560.75 ], [ 431593.25, 437560.75 ], [ 431593.25, 437560.0 ], [ 431593.0, 437560.0 ], [ 431593.0, 437559.5 ], [ 431592.75, 437559.5 ], [ 431592.75, 437558.5 ], [ 431592.5, 437558.5 ], [ 431592.5, 437557.5 ], [ 431592.25, 437557.5 ], [ 431592.25, 437556.5 ], [ 431592.0, 437556.5 ], [ 431592.0, 437555.5 ], [ 431591.75, 437555.5 ], [ 431591.75, 437554.75 ], [ 431591.5, 437554.75 ], [ 431591.5, 437553.5 ], [ 431591.25, 437553.5 ], [ 431591.25, 437552.25 ], [ 431591.0, 437552.25 ], [ 431591.0, 437551.25 ], [ 431590.75, 437551.25 ], [ 431590.75, 437550.5 ], [ 431590.5, 437550.5 ], [ 431590.5, 437549.0 ], [ 431590.25, 437549.0 ], [ 431590.25, 437546.75 ], [ 431590.5, 437546.75 ], [ 431590.5, 437546.25 ], [ 431590.75, 437546.25 ], [ 431590.75, 437546.0 ], [ 431591.0, 437546.0 ], [ 431591.0, 437545.75 ], [ 431591.25, 437545.75 ], [ 431591.25, 437545.5 ], [ 431591.5, 437545.5 ], [ 431591.5, 437545.25 ], [ 431591.75, 437545.25 ], [ 431591.75, 437545.0 ], [ 431592.25, 437545.0 ], [ 431592.25, 437544.75 ], [ 431592.75, 437544.75 ], [ 431592.75, 437544.5 ], [ 431593.25, 437544.5 ], [ 431593.25, 437544.25 ], [ 431593.5, 437544.25 ], [ 431593.5, 437544.0 ], [ 431594.0, 437544.0 ], [ 431594.0, 437543.75 ], [ 431594.75, 437543.75 ], [ 431594.75, 437543.5 ], [ 431595.25, 437543.5 ], [ 431595.25, 437543.25 ], [ 431596.5, 437543.25 ], [ 431596.5, 437543.0 ], [ 431598.5, 437543.0 ], [ 431598.5, 437542.75 ], [ 431599.0, 437542.75 ], [ 431599.0, 437542.5 ], [ 431599.25, 437542.5 ], [ 431599.25, 437542.25 ], [ 431599.75, 437542.25 ], [ 431599.75, 437542.0 ], [ 431600.25, 437542.0 ], [ 431600.25, 437541.75 ], [ 431600.75, 437541.75 ], [ 431600.75, 437541.5 ], [ 431601.5, 437541.5 ], [ 431601.5, 437541.25 ], [ 431602.25, 437541.25 ], [ 431602.25, 437541.0 ], [ 431602.75, 437541.0 ], [ 431602.75, 437540.75 ], [ 431603.0, 437540.75 ], [ 431603.0, 437540.5 ], [ 431603.5, 437540.5 ], [ 431603.5, 437540.25 ], [ 431603.75, 437540.25 ], [ 431603.75, 437540.0 ], [ 431604.25, 437540.0 ], [ 431604.25, 437539.75 ], [ 431604.5, 437539.75 ], [ 431604.5, 437539.5 ], [ 431605.0, 437539.5 ], [ 431605.0, 437539.25 ], [ 431605.75, 437539.25 ], [ 431605.75, 437539.0 ], [ 431606.5, 437539.0 ], [ 431606.5, 437538.75 ], [ 431607.25, 437538.75 ], [ 431607.25, 437538.5 ], [ 431608.0, 437538.5 ], [ 431608.0, 437538.25 ], [ 431608.75, 437538.25 ], [ 431608.75, 437538.0 ], [ 431609.25, 437538.0 ], [ 431609.25, 437537.75 ], [ 431610.0, 437537.75 ], [ 431610.0, 437537.5 ], [ 431612.25, 437537.5 ], [ 431612.25, 437537.75 ], [ 431614.0, 437537.75 ], [ 431614.0, 437538.0 ], [ 431619.0, 437538.0 ], [ 431619.0, 437538.25 ], [ 431620.25, 437538.25 ], [ 431620.25, 437538.5 ], [ 431621.25, 437538.5 ], [ 431621.25, 437538.75 ], [ 431621.75, 437538.75 ], [ 431621.75, 437539.0 ], [ 431622.25, 437539.0 ], [ 431622.25, 437539.25 ], [ 431622.75, 437539.25 ], [ 431622.75, 437539.5 ], [ 431623.0, 437539.5 ], [ 431623.0, 437539.75 ], [ 431623.25, 437539.75 ], [ 431623.25, 437540.0 ], [ 431623.75, 437540.0 ], [ 431623.75, 437540.25 ], [ 431624.5, 437540.25 ], [ 431624.5, 437540.5 ], [ 431625.25, 437540.5 ], [ 431625.25, 437540.75 ], [ 431626.25, 437540.75 ], [ 431626.25, 437541.0 ], [ 431628.5, 437541.0 ], [ 431628.5, 437541.25 ], [ 431629.0, 437541.25 ], [ 431629.0, 437541.5 ], [ 431629.25, 437541.5 ], [ 431629.25, 437541.75 ], [ 431629.5, 437541.75 ], [ 431629.5, 437542.0 ], [ 431629.75, 437542.0 ], [ 431629.75, 437542.5 ], [ 431630.0, 437542.5 ], [ 431630.0, 437543.25 ], [ 431630.25, 437543.25 ], [ 431630.25, 437544.0 ], [ 431630.5, 437544.0 ], [ 431630.5, 437544.75 ], [ 431630.75, 437544.75 ], [ 431630.75, 437546.5 ], [ 431631.0, 437546.5 ], [ 431631.0, 437547.25 ], [ 431631.25, 437547.25 ], [ 431631.25, 437548.0 ], [ 431631.5, 437548.0 ], [ 431631.5, 437548.75 ], [ 431631.75, 437548.75 ], [ 431631.75, 437549.75 ], [ 431632.0, 437549.75 ], [ 431632.0, 437550.5 ], [ 431632.25, 437550.5 ], [ 431632.25, 437551.0 ], [ 431632.5, 437551.0 ], [ 431632.5, 437551.5 ], [ 431632.75, 437551.5 ], [ 431632.75, 437552.0 ], [ 431633.0, 437552.0 ], [ 431633.0, 437552.25 ], [ 431633.25, 437552.25 ], [ 431633.25, 437552.5 ], [ 431633.5, 437552.5 ], [ 431633.5, 437553.0 ], [ 431633.75, 437553.0 ], [ 431633.75, 437553.5 ], [ 431634.0, 437553.5 ], [ 431634.0, 437554.25 ], [ 431634.25, 437554.25 ], [ 431634.25, 437554.75 ], [ 431634.5, 437554.75 ], [ 431634.5, 437555.5 ], [ 431634.75, 437555.5 ], [ 431634.75, 437556.0 ], [ 431635.0, 437556.0 ], [ 431635.0, 437556.5 ], [ 431635.25, 437556.5 ], [ 431635.25, 437557.0 ], [ 431635.5, 437557.0 ], [ 431635.5, 437557.75 ], [ 431635.75, 437557.75 ], [ 431635.75, 437558.5 ], [ 431636.0, 437558.5 ], [ 431636.0, 437559.25 ], [ 431636.25, 437559.25 ], [ 431636.25, 437560.0 ], [ 431636.5, 437560.0 ], [ 431636.5, 437560.75 ], [ 431636.75, 437560.75 ], [ 431636.75, 437561.25 ], [ 431637.0, 437561.25 ], [ 431637.0, 437561.5 ], [ 431637.25, 437561.5 ], [ 431637.25, 437561.75 ], [ 431637.5, 437561.75 ], [ 431637.5, 437562.0 ], [ 431637.75, 437562.0 ], [ 431637.75, 437562.5 ], [ 431638.0, 437562.5 ], [ 431638.0, 437563.0 ], [ 431638.25, 437563.0 ], [ 431638.25, 437563.25 ], [ 431638.5, 437563.25 ], [ 431638.5, 437563.0 ], [ 431638.75, 437563.0 ], [ 431638.75, 437562.75 ], [ 431639.25, 437562.75 ], [ 431639.25, 437562.5 ], [ 431640.0, 437562.5 ], [ 431640.0, 437565.25 ], [ 431639.5, 437565.25 ], [ 431639.5, 437565.5 ], [ 431639.25, 437565.5 ], [ 431639.25, 437566.0 ], [ 431638.75, 437566.0 ], [ 431638.75, 437566.25 ], [ 431638.25, 437566.25 ], [ 431638.25, 437566.75 ], [ 431640.0, 437566.75 ], [ 431640.0, 437570.5 ], [ 431639.5, 437570.5 ], [ 431639.5, 437570.75 ], [ 431638.75, 437570.75 ], [ 431638.75, 437571.0 ], [ 431638.25, 437571.0 ], [ 431638.25, 437571.25 ], [ 431638.0, 437571.25 ], [ 431638.0, 437571.75 ], [ 431638.25, 437571.75 ], [ 431638.25, 437572.25 ], [ 431639.25, 437572.25 ], [ 431639.25, 437572.0 ], [ 431640.0, 437572.0 ], [ 431640.0, 437573.0 ], [ 431639.25, 437573.0 ], [ 431639.25, 437572.75 ], [ 431638.75, 437572.75 ], [ 431638.75, 437572.5 ], [ 431638.5, 437572.5 ], [ 431638.5, 437572.75 ], [ 431638.0, 437572.75 ], [ 431638.0, 437573.0 ], [ 431636.25, 437573.0 ], [ 431636.25, 437573.5 ], [ 431636.0, 437573.5 ], [ 431636.0, 437573.75 ], [ 431635.5, 437573.75 ], [ 431635.5, 437574.0 ], [ 431635.0, 437574.0 ], [ 431635.0, 437574.25 ], [ 431634.75, 437574.25 ], [ 431634.75, 437574.5 ], [ 431634.25, 437574.5 ], [ 431634.25, 437574.75 ], [ 431633.75, 437574.75 ], [ 431633.75, 437575.0 ], [ 431633.0, 437575.0 ], [ 431633.0, 437575.25 ], [ 431632.5, 437575.25 ], [ 431632.5, 437575.5 ], [ 431632.0, 437575.5 ], [ 431632.0, 437575.75 ], [ 431631.25, 437575.75 ], [ 431631.25, 437576.0 ], [ 431630.0, 437576.0 ], [ 431630.0, 437576.25 ], [ 431629.5, 437576.25 ], [ 431629.5, 437576.5 ], [ 431628.75, 437576.5 ], [ 431628.75, 437576.75 ], [ 431628.25, 437576.75 ], [ 431628.25, 437577.0 ], [ 431628.0, 437577.0 ], [ 431628.0, 437577.25 ], [ 431627.5, 437577.25 ], [ 431627.5, 437577.5 ], [ 431627.0, 437577.5 ], [ 431627.0, 437577.75 ], [ 431626.5, 437577.75 ], [ 431626.5, 437578.0 ], [ 431626.25, 437578.0 ], [ 431626.25, 437578.25 ], [ 431626.0, 437578.25 ], [ 431626.0, 437578.5 ], [ 431625.5, 437578.5 ], [ 431625.5, 437578.75 ], [ 431625.0, 437578.75 ], [ 431625.0, 437579.0 ], [ 431624.75, 437579.0 ], [ 431624.75, 437579.25 ], [ 431624.25, 437579.25 ], [ 431624.25, 437579.5 ], [ 431623.75, 437579.5 ], [ 431623.75, 437579.75 ], [ 431623.25, 437579.75 ], [ 431623.25, 437580.0 ], [ 431622.5, 437580.0 ], [ 431622.5, 437580.25 ], [ 431622.0, 437580.25 ], [ 431622.0, 437580.5 ], [ 431621.5, 437580.5 ], [ 431621.5, 437580.75 ], [ 431620.75, 437580.75 ], [ 431620.75, 437581.0 ], [ 431620.0, 437581.0 ], [ 431620.0, 437581.25 ], [ 431619.5, 437581.25 ], [ 431619.5, 437581.5 ], [ 431619.0, 437581.5 ], [ 431619.0, 437581.75 ], [ 431618.0, 437581.75 ], [ 431618.0, 437582.0 ], [ 431617.5, 437582.0 ], [ 431617.5, 437582.25 ], [ 431617.0, 437582.25 ], [ 431617.0, 437582.5 ], [ 431616.5, 437582.5 ], [ 431616.5, 437582.75 ], [ 431615.5, 437582.75 ], [ 431615.5, 437583.0 ], [ 431614.75, 437583.0 ], [ 431614.75, 437583.25 ], [ 431614.0, 437583.25 ], [ 431614.0, 437583.5 ], [ 431612.75, 437583.5 ], [ 431612.75, 437583.75 ], [ 431611.75, 437583.75 ], [ 431611.75, 437584.0 ], [ 431611.0, 437584.0 ], [ 431611.0, 437584.25 ], [ 431610.5, 437584.25 ], [ 431610.5, 437584.5 ], [ 431609.5, 437584.5 ], [ 431609.5, 437584.75 ], [ 431609.25, 437584.75 ], [ 431609.25, 437585.0 ], [ 431609.0, 437585.0 ], [ 431609.0, 437585.25 ], [ 431608.5, 437585.25 ], [ 431608.5, 437585.5 ], [ 431608.0, 437585.5 ], [ 431608.0, 437585.75 ], [ 431607.25, 437585.75 ], [ 431607.25, 437586.0 ], [ 431605.25, 437586.0 ] ] ] } },
{ "type": "Feature", "properties": { }, "geometry": { "type": "Polygon", "coordinates": [ [ [ 431396.5, 437516.0 ], [ 431396.5, 437515.75 ], [ 431395.75, 437515.75 ], [ 431395.75, 437515.5 ], [ 431395.0, 437515.5 ], [ 431395.0, 437515.25 ], [ 431394.25, 437515.25 ], [ 431394.25, 437515.0 ], [ 431393.25, 437515.0 ], [ 431393.25, 437514.75 ], [ 431392.25, 437514.75 ], [ 431392.25, 437514.5 ], [ 431391.5, 437514.5 ], [ 431391.5, 437514.25 ], [ 431389.25, 437514.25 ], [ 431389.25, 437514.5 ], [ 431389.0, 437514.5 ], [ 431389.0, 437514.75 ], [ 431388.5, 437514.75 ], [ 431388.5, 437515.0 ], [ 431386.0, 437515.0 ], [ 431386.0, 437514.75 ], [ 431385.0, 437514.75 ], [ 431385.0, 437514.5 ], [ 431384.0, 437514.5 ], [ 431384.0, 437500.5 ], [ 431383.0, 437500.5 ], [ 431383.0, 437500.25 ], [ 431382.25, 437500.25 ], [ 431382.25, 437500.0 ], [ 431381.5, 437500.0 ], [ 431381.5, 437499.75 ], [ 431380.75, 437499.75 ], [ 431380.75, 437499.5 ], [ 431380.25, 437499.5 ], [ 431380.25, 437499.25 ], [ 431379.75, 437499.25 ], [ 431379.75, 437499.0 ], [ 431379.5, 437499.0 ], [ 431379.5, 437498.75 ], [ 431379.25, 437498.75 ], [ 431379.25, 437498.5 ], [ 431379.0, 437498.5 ], [ 431379.0, 437498.0 ], [ 431378.75, 437498.0 ], [ 431378.75, 437497.25 ], [ 431378.5, 437497.25 ], [ 431378.5, 437497.0 ], [ 431378.25, 437497.0 ], [ 431378.25, 437496.5 ], [ 431378.0, 437496.5 ], [ 431378.0, 437496.0 ], [ 431377.75, 437496.0 ], [ 431377.75, 437495.75 ], [ 431377.5, 437495.75 ], [ 431377.5, 437495.25 ], [ 431377.25, 437495.25 ], [ 431377.25, 437495.0 ], [ 431377.0, 437495.0 ], [ 431377.0, 437494.75 ], [ 431376.75, 437494.75 ], [ 431376.75, 437494.5 ], [ 431376.25, 437494.5 ], [ 431376.25, 437494.25 ], [ 431376.0, 437494.25 ], [ 431376.0, 437494.0 ], [ 431375.75, 437494.0 ], [ 431375.75, 437493.75 ], [ 431375.5, 437493.75 ], [ 431375.5, 437493.5 ], [ 431375.25, 437493.5 ], [ 431375.25, 437493.25 ], [ 431375.0, 437493.25 ], [ 431375.0, 437493.0 ], [ 431374.75, 437493.0 ], [ 431374.75, 437492.75 ], [ 431373.5, 437492.75 ], [ 431373.5, 437493.0 ], [ 431373.25, 437493.0 ], [ 431373.25, 437493.25 ], [ 431373.0, 437493.25 ], [ 431373.0, 437493.5 ], [ 431372.75, 437493.5 ], [ 431372.75, 437494.0 ], [ 431372.5, 437494.0 ], [ 431372.5, 437494.5 ], [ 431372.25, 437494.5 ], [ 431372.25, 437494.75 ], [ 431372.0, 437494.75 ], [ 431372.0, 437495.25 ], [ 431371.75, 437495.25 ], [ 431371.75, 437495.75 ], [ 431371.5, 437495.75 ], [ 431371.5, 437496.0 ], [ 431371.0, 437496.0 ], [ 431371.0, 437496.25 ], [ 431370.75, 437496.25 ], [ 431370.75, 437496.5 ], [ 431370.25, 437496.5 ], [ 431370.25, 437496.75 ], [ 431368.25, 437496.75 ], [ 431368.25, 437496.5 ], [ 431366.0, 437496.5 ], [ 431366.0, 437496.25 ], [ 431365.0, 437496.25 ], [ 431365.0, 437496.0 ], [ 431364.25, 437496.0 ], [ 431364.25, 437495.75 ], [ 431363.75, 437495.75 ], [ 431363.75, 437495.5 ], [ 431363.25, 437495.5 ], [ 431363.25, 437495.25 ], [ 431362.75, 437495.25 ], [ 431362.75, 437495.0 ], [ 431362.5, 437495.0 ], [ 431362.5, 437494.75 ], [ 431362.0, 437494.75 ], [ 431362.0, 437494.5 ], [ 431361.75, 437494.5 ], [ 431361.75, 437494.25 ], [ 431361.5, 437494.25 ], [ 431361.5, 437494.0 ], [ 431361.25, 437494.0 ], [ 431361.25, 437493.75 ], [ 431361.0, 437493.75 ], [ 431361.0, 437493.5 ], [ 431360.75, 437493.5 ], [ 431360.75, 437493.25 ], [ 431360.5, 437493.25 ], [ 431360.5, 437493.0 ], [ 431360.25, 437493.0 ], [ 431360.25, 437492.5 ], [ 431360.0, 437492.5 ], [ 431360.0, 437492.25 ], [ 431359.75, 437492.25 ], [ 431359.75, 437491.75 ], [ 431359.5, 437491.75 ], [ 431359.5, 437491.25 ], [ 431359.25, 437491.25 ], [ 431359.25, 437490.75 ], [ 431359.0, 437490.75 ], [ 431359.0, 437488.0 ], [ 431361.0, 437488.0 ], [ 431361.0, 437486.5 ], [ 431361.25, 437486.5 ], [ 431361.25, 437485.75 ], [ 431361.5, 437485.75 ], [ 431361.5, 437485.25 ], [ 431362.0, 437485.25 ], [ 431362.0, 437485.0 ], [ 431362.25, 437485.0 ], [ 431362.25, 437484.75 ], [ 431362.5, 437484.75 ], [ 431362.5, 437484.5 ], [ 431363.25, 437484.5 ], [ 431363.25, 437484.25 ], [ 431364.0, 437484.25 ], [ 431364.0, 437484.0 ], [ 431364.25, 437484.0 ], [ 431364.25, 437483.75 ], [ 431364.5, 437483.75 ], [ 431364.5, 437483.5 ], [ 431365.0, 437483.5 ], [ 431365.0, 437483.25 ], [ 431365.25, 437483.25 ], [ 431365.25, 437483.0 ], [ 431365.5, 437483.0 ], [ 431365.5, 437482.75 ], [ 431366.0, 437482.75 ], [ 431366.0, 437482.5 ], [ 431366.5, 437482.5 ], [ 431366.5, 437482.25 ], [ 431367.5, 437482.25 ], [ 431367.5, 437482.0 ], [ 431369.25, 437482.0 ], [ 431369.25, 437481.75 ], [ 431369.75, 437481.75 ], [ 431369.75, 437481.5 ], [ 431370.25, 437481.5 ], [ 431370.25, 437481.25 ], [ 431370.75, 437481.25 ], [ 431370.75, 437481.0 ], [ 431371.25, 437481.0 ], [ 431371.25, 437480.75 ], [ 431371.5, 437480.75 ], [ 431371.5, 437480.5 ], [ 431372.5, 437480.5 ], [ 431372.5, 437480.25 ], [ 431374.0, 437480.25 ], [ 431374.0, 437480.5 ], [ 431374.75, 437480.5 ], [ 431374.75, 437480.25 ], [ 431375.5, 437480.25 ], [ 431375.5, 437480.0 ], [ 431375.75, 437480.0 ], [ 431375.75, 437480.25 ], [ 431378.25, 437480.25 ], [ 431378.25, 437480.5 ], [ 431379.0, 437480.5 ], [ 431379.0, 437480.75 ], [ 431379.5, 437480.75 ], [ 431379.5, 437481.0 ], [ 431380.5, 437481.0 ], [ 431380.5, 437481.25 ], [ 431381.0, 437481.25 ], [ 431381.0, 437481.5 ], [ 431381.5, 437481.5 ], [ 431381.5, 437481.75 ], [ 431382.5, 437481.75 ], [ 431382.5, 437482.0 ], [ 431384.0, 437482.0 ], [ 431384.0, 437496.25 ], [ 431385.5, 437496.25 ], [ 431385.5, 437496.5 ], [ 431387.25, 437496.5 ], [ 431387.25, 437496.75 ], [ 431388.25, 437496.75 ], [ 431388.25, 437497.0 ], [ 431388.75, 437497.0 ], [ 431388.75, 437497.25 ], [ 431389.25, 437497.25 ], [ 431389.25, 437497.5 ], [ 431389.5, 437497.5 ], [ 431389.5, 437498.0 ], [ 431389.75, 437498.0 ], [ 431389.75, 437498.25 ], [ 431390.0, 437498.25 ], [ 431390.0, 437498.75 ], [ 431390.25, 437498.75 ], [ 431390.25, 437499.0 ], [ 431390.5, 437499.0 ], [ 431390.5, 437499.5 ], [ 431390.75, 437499.5 ], [ 431390.75, 437499.75 ], [ 431391.0, 437499.75 ], [ 431391.0, 437500.0 ], [ 431391.5, 437500.0 ], [ 431391.5, 437500.25 ], [ 431392.5, 437500.25 ], [ 431392.5, 437500.5 ], [ 431392.75, 437500.5 ], [ 431392.75, 437500.75 ], [ 431393.0, 437500.75 ], [ 431393.0, 437501.0 ], [ 431393.25, 437501.0 ], [ 431393.25, 437501.25 ], [ 431393.75, 437501.25 ], [ 431393.75, 437501.5 ], [ 431394.25, 437501.5 ], [ 431394.25, 437501.75 ], [ 431394.75, 437501.75 ], [ 431394.75, 437502.0 ], [ 431395.0, 437502.0 ], [ 431395.0, 437502.5 ], [ 431395.25, 437502.5 ], [ 431395.25, 437502.75 ], [ 431395.5, 437502.75 ], [ 431395.5, 437503.0 ], [ 431396.0, 437503.0 ], [ 431396.0, 437503.25 ], [ 431396.5, 437503.25 ], [ 431396.5, 437503.5 ], [ 431396.75, 437503.5 ], [ 431396.75, 437503.75 ], [ 431397.0, 437503.75 ], [ 431397.0, 437504.0 ], [ 431397.25, 437504.0 ], [ 431397.25, 437504.25 ], [ 431397.75, 437504.25 ], [ 431397.75, 437504.5 ], [ 431398.25, 437504.5 ], [ 431398.25, 437504.75 ], [ 431398.75, 437504.75 ], [ 431398.75, 437505.0 ], [ 431399.0, 437505.0 ], [ 431399.0, 437505.25 ], [ 431399.25, 437505.25 ], [ 431399.25, 437505.5 ], [ 431399.5, 437505.5 ], [ 431399.5, 437506.0 ], [ 431400.0, 437506.0 ], [ 431400.0, 437506.5 ], [ 431400.25, 437506.5 ], [ 431400.25, 437508.25 ], [ 431400.0, 437508.25 ], [ 431400.0, 437510.5 ], [ 431400.25, 437510.5 ], [ 431400.25, 437511.75 ], [ 431400.5, 437511.75 ], [ 431400.5, 437513.25 ], [ 431400.25, 437513.25 ], [ 431400.25, 437513.75 ], [ 431400.0, 437513.75 ], [ 431400.0, 437514.0 ], [ 431399.75, 437514.0 ], [ 431399.75, 437514.25 ], [ 431399.5, 437514.25 ], [ 431399.5, 437514.5 ], [ 431399.25, 437514.5 ], [ 431399.25, 437515.0 ], [ 431399.0, 437515.0 ], [ 431399.0, 437515.25 ], [ 431398.75, 437515.25 ], [ 431398.75, 437515.5 ], [ 431398.5, 437515.5 ], [ 431398.5, 437515.75 ], [ 431398.0, 437515.75 ], [ 431398.0, 437516.0 ], [ 431396.5, 437516.0 ] ] ] } },
{ "type": "Feature", "properties": { }, "geometry": { "type": "Polygon", "coordinates": [ [ [ 431533.25, 437488.0 ], [ 431533.25, 437487.0 ], [ 431533.5, 437487.0 ], [ 431533.5, 437486.25 ], [ 431533.0, 437486.25 ], [ 431533.0, 437486.0 ], [ 431532.75, 437486.0 ], [ 431532.75, 437485.5 ], [ 431532.25, 437485.5 ], [ 431532.25, 437485.25 ], [ 431532.0, 437485.25 ], [ 431532.0, 437485.0 ], [ 431531.75, 437485.0 ], [ 431531.75, 437484.75 ], [ 431531.5, 437484.75 ], [ 431531.5, 437484.5 ], [ 431531.25, 437484.5 ], [ 431531.25, 437484.0 ], [ 431531.0, 437484.0 ], [ 431531.0, 437483.75 ], [ 431530.75, 437483.75 ], [ 431530.75, 437483.25 ], [ 431530.5, 437483.25 ], [ 431530.5, 437482.75 ], [ 431530.25, 437482.75 ], [ 431530.25, 437481.75 ], [ 431530.0, 437481.75 ], [ 431530.0, 437481.0 ], [ 431529.75, 437481.0 ], [ 431529.75, 437480.0 ], [ 431529.5, 437480.0 ], [ 431529.5, 437478.5 ], [ 431529.25, 437478.5 ], [ 431529.25, 437476.75 ], [ 431529.0, 437476.75 ], [ 431529.0, 437475.0 ], [ 431528.75, 437475.0 ], [ 431528.75, 437473.0 ], [ 431528.5, 437473.0 ], [ 431528.5, 437470.5 ], [ 431528.25, 437470.5 ], [ 431528.25, 437469.0 ], [ 431528.0, 437469.0 ], [ 431528.0, 437468.0 ], [ 431527.75, 437468.0 ], [ 431527.75, 437467.25 ], [ 431527.5, 437467.25 ], [ 431527.5, 437466.25 ], [ 431527.25, 437466.25 ], [ 431527.25, 437464.75 ], [ 431527.0, 437464.75 ], [ 431527.0, 437463.5 ], [ 431526.75, 437463.5 ], [ 431526.75, 437462.5 ], [ 431526.5, 437462.5 ], [ 431526.5, 437461.5 ], [ 431526.25, 437461.5 ], [ 431526.25, 437460.25 ], [ 431526.0, 437460.25 ], [ 431526.0, 437459.75 ], [ 431525.75, 437459.75 ], [ 431525.75, 437458.75 ], [ 431525.5, 437458.75 ], [ 431525.5, 437457.75 ], [ 431525.75, 437457.75 ], [ 431525.75, 437457.0 ], [ 431526.0, 437457.0 ], [ 431526.0, 437456.5 ], [ 431526.25, 437456.5 ], [ 431526.25, 437456.0 ], [ 431526.5, 437456.0 ], [ 431526.5, 437455.75 ], [ 431527.0, 437455.75 ], [ 431527.0, 437455.5 ], [ 431527.5, 437455.5 ], [ 431527.5, 437455.25 ], [ 431528.0, 437455.25 ], [ 431528.0, 437455.0 ], [ 431528.25, 437455.0 ], [ 431528.25, 437454.75 ], [ 431528.75, 437454.75 ], [ 431528.75, 437454.5 ], [ 431529.25, 437454.5 ], [ 431529.25, 437454.25 ], [ 431529.75, 437454.25 ], [ 431529.75, 437454.0 ], [ 431530.25, 437454.0 ], [ 431530.25, 437453.75 ], [ 431530.75, 437453.75 ], [ 431530.75, 437453.5 ], [ 431532.0, 437453.5 ], [ 431532.0, 437453.25 ], [ 431533.5, 437453.25 ], [ 431533.5, 437453.0 ], [ 431534.5, 437453.0 ], [ 431534.5, 437452.75 ], [ 431536.25, 437452.75 ], [ 431536.25, 437452.5 ], [ 431543.75, 437452.5 ], [ 431543.75, 437452.25 ], [ 431550.25, 437452.25 ], [ 431550.25, 437452.0 ], [ 431552.25, 437452.0 ], [ 431552.25, 437451.75 ], [ 431553.5, 437451.75 ], [ 431553.5, 437451.5 ], [ 431554.25, 437451.5 ], [ 431554.25, 437451.25 ], [ 431555.5, 437451.25 ], [ 431555.5, 437451.0 ], [ 431557.5, 437451.0 ], [ 431557.5, 437450.75 ], [ 431559.25, 437450.75 ], [ 431559.25, 437451.0 ], [ 431559.75, 437451.0 ], [ 431559.75, 437451.25 ], [ 431560.0, 437451.25 ], [ 431560.0, 437451.5 ], [ 431560.25, 437451.5 ], [ 431560.25, 437451.75 ], [ 431560.5, 437451.75 ], [ 431560.5, 437452.0 ], [ 431560.75, 437452.0 ], [ 431560.75, 437452.25 ], [ 431561.0, 437452.25 ], [ 431561.0, 437452.75 ], [ 431561.25, 437452.75 ], [ 431561.25, 437453.0 ], [ 431561.5, 437453.0 ], [ 431561.5, 437453.25 ], [ 431562.0, 437453.25 ], [ 431562.0, 437453.5 ], [ 431562.25, 437453.5 ], [ 431562.25, 437453.75 ], [ 431562.75, 437453.75 ], [ 431562.75, 437454.0 ], [ 431563.25, 437454.0 ], [ 431563.25, 437454.25 ], [ 431563.75, 437454.25 ], [ 431563.75, 437454.5 ], [ 431564.0, 437454.5 ], [ 431564.0, 437456.0 ], [ 431564.25, 437456.0 ], [ 431564.25, 437456.25 ], [ 431564.5, 437456.25 ], [ 431564.5, 437456.5 ], [ 431564.75, 437456.5 ], [ 431564.75, 437458.5 ], [ 431565.0, 437458.5 ], [ 431565.0, 437459.0 ], [ 431565.25, 437459.0 ], [ 431565.25, 437459.25 ], [ 431565.75, 437459.25 ], [ 431565.75, 437459.0 ], [ 431566.25, 437459.0 ], [ 431566.25, 437458.75 ], [ 431566.5, 437458.75 ], [ 431566.5, 437459.0 ], [ 431566.75, 437459.0 ], [ 431566.75, 437459.25 ], [ 431567.0, 437459.25 ], [ 431567.0, 437459.75 ], [ 431567.25, 437459.75 ], [ 431567.25, 437460.0 ], [ 431567.5, 437460.0 ], [ 431567.5, 437460.5 ], [ 431567.75, 437460.5 ], [ 431567.75, 437461.0 ], [ 431568.0, 437461.0 ], [ 431568.0, 437461.5 ], [ 431568.25, 437461.5 ], [ 431568.25, 437462.25 ], [ 431568.5, 437462.25 ], [ 431568.5, 437463.75 ], [ 431568.75, 437463.75 ], [ 431568.75, 437464.0 ], [ 431569.0, 437464.0 ], [ 431569.0, 437464.5 ], [ 431569.25, 437464.5 ], [ 431569.25, 437466.75 ], [ 431569.5, 437466.75 ], [ 431569.5, 437468.25 ], [ 431569.75, 437468.25 ], [ 431569.75, 437470.0 ], [ 431570.0, 437470.0 ], [ 431570.0, 437472.75 ], [ 431570.25, 437472.75 ], [ 431570.25, 437474.25 ], [ 431570.5, 437474.25 ], [ 431570.5, 437476.25 ], [ 431570.75, 437476.25 ], [ 431570.75, 437477.25 ], [ 431570.5, 437477.25 ], [ 431570.5, 437478.5 ], [ 431570.25, 437478.5 ], [ 431570.25, 437479.25 ], [ 431570.0, 437479.25 ], [ 431570.0, 437479.75 ], [ 431569.75, 437479.75 ], [ 431569.75, 437480.5 ], [ 431569.5, 437480.5 ], [ 431569.5, 437480.75 ], [ 431569.25, 437480.75 ], [ 431569.25, 437481.0 ], [ 431569.0, 437481.0 ], [ 431569.0, 437481.25 ], [ 431568.5, 437481.25 ], [ 431568.5, 437481.5 ], [ 431568.25, 437481.5 ], [ 431568.25, 437481.75 ], [ 431568.0, 437481.75 ], [ 431568.0, 437482.0 ], [ 431567.5, 437482.0 ], [ 431567.5, 437482.25 ], [ 431567.0, 437482.25 ], [ 431567.0, 437482.5 ], [ 431566.75, 437482.5 ], [ 431566.75, 437482.75 ], [ 431566.0, 437482.75 ], [ 431566.0, 437483.0 ], [ 431565.0, 437483.0 ], [ 431565.0, 437483.25 ], [ 431563.75, 437483.25 ], [ 431563.75, 437483.5 ], [ 431562.0, 437483.5 ], [ 431562.0, 437483.75 ], [ 431560.25, 437483.75 ], [ 431560.25, 437484.0 ], [ 431559.5, 437484.0 ], [ 431559.5, 437484.25 ], [ 431558.25, 437484.25 ], [ 431558.25, 437484.5 ], [ 431555.0, 437484.5 ], [ 431555.0, 437484.75 ], [ 431552.0, 437484.75 ], [ 431552.0, 437485.0 ], [ 431549.75, 437485.0 ], [ 431549.75, 437485.25 ], [ 431546.5, 437485.25 ], [ 431546.5, 437485.5 ], [ 431545.0, 437485.5 ], [ 431545.0, 437485.75 ], [ 431543.75, 437485.75 ], [ 431543.75, 437486.0 ], [ 431543.0, 437486.0 ], [ 431543.0, 437486.25 ], [ 431541.75, 437486.25 ], [ 431541.75, 437486.5 ], [ 431540.25, 437486.5 ], [ 431540.25, 437486.75 ], [ 431540.0, 437486.75 ], [ 431540.0, 437487.25 ], [ 431539.5, 437487.25 ], [ 431539.5, 437487.5 ], [ 431538.5, 437487.5 ], [ 431538.5, 437488.0 ], [ 431533.25, 437488.0 ] ] ] } },
{ "type": "Feature", "properties": { }, "geometry": { "type": "Polygon", "coordinates": [ [ [ 431637.25, 437474.25 ], [ 431637.25, 437474.0 ], [ 431636.75, 437474.0 ], [ 431636.75, 437473.75 ], [ 431636.25, 437473.75 ], [ 431636.25, 437473.5 ], [ 431636.0, 437473.5 ], [ 431636.0, 437473.25 ], [ 431635.75, 437473.25 ], [ 431635.75, 437472.75 ], [ 431635.5, 437472.75 ], [ 431635.5, 437472.5 ], [ 431635.25, 437472.5 ], [ 431635.25, 437472.0 ], [ 431635.0, 437472.0 ], [ 431635.0, 437471.5 ], [ 431634.75, 437471.5 ], [ 431634.75, 437471.0 ], [ 431634.5, 437471.0 ], [ 431634.5, 437469.75 ], [ 431634.25, 437469.75 ], [ 431634.25, 437467.0 ], [ 431634.0, 437467.0 ], [ 431634.0, 437466.5 ], [ 431633.75, 437466.5 ], [ 431633.75, 437465.75 ], [ 431633.5, 437465.75 ], [ 431633.5, 437465.0 ], [ 431633.25, 437465.0 ], [ 431633.25, 437464.25 ], [ 431633.0, 437464.25 ], [ 431633.0, 437463.5 ], [ 431632.75, 437463.5 ], [ 431632.75, 437462.75 ], [ 431632.5, 437462.75 ], [ 431632.5, 437461.75 ], [ 431632.25, 437461.75 ], [ 431632.25, 437460.25 ], [ 431632.0, 437460.25 ], [ 431632.0, 437459.25 ], [ 431631.75, 437459.25 ], [ 431631.75, 437458.5 ], [ 431631.5, 437458.5 ], [ 431631.5, 437457.5 ], [ 431631.25, 437457.5 ], [ 431631.25, 437455.5 ], [ 431631.0, 437455.5 ], [ 431631.0, 437454.0 ], [ 431630.75, 437454.0 ], [ 431630.75, 437453.0 ], [ 431631.0, 437453.0 ], [ 431631.0, 437451.5 ], [ 431631.25, 437451.5 ], [ 431631.25, 437450.75 ], [ 431631.5, 437450.75 ], [ 431631.5, 437450.5 ], [ 431631.75, 437450.5 ], [ 431631.75, 437450.25 ], [ 431632.0, 437450.25 ], [ 431632.0, 437450.0 ], [ 431632.5, 437450.0 ], [ 431632.5, 437449.75 ], [ 431632.75, 437449.75 ], [ 431632.75, 437449.5 ], [ 431633.25, 437449.5 ], [ 431633.25, 437449.25 ], [ 431633.75, 437449.25 ], [ 431633.75, 437449.0 ], [ 431634.5, 437449.0 ], [ 431634.5, 437448.75 ], [ 431635.5, 437448.75 ], [ 431635.5, 437448.5 ], [ 431637.0, 437448.5 ], [ 431637.0, 437448.25 ], [ 431638.0, 437448.25 ], [ 431638.0, 437448.0 ], [ 431640.0, 437448.0 ], [ 431640.0, 437474.25 ], [ 431637.25, 437474.25 ] ] ] } },
{ "type": "Feature", "properties": { }, "geometry": { "type": "Polygon", "coordinates": [ [ [ 431265.5, 437459.25 ], [ 431265.5, 437459.0 ], [ 431264.75, 437459.0 ], [ 431264.75, 437458.75 ], [ 431264.25, 437458.75 ], [ 431264.25, 437458.5 ], [ 431263.75, 437458.5 ], [ 431263.75, 437458.25 ], [ 431263.5, 437458.25 ], [ 431263.5, 437457.75 ], [ 431263.25, 437457.75 ], [ 431263.25, 437453.25 ], [ 431263.5, 437453.25 ], [ 431263.5, 437452.25 ], [ 431263.75, 437452.25 ], [ 431263.75, 437451.5 ], [ 431264.0, 437451.5 ], [ 431264.0, 437450.75 ], [ 431264.25, 437450.75 ], [ 431264.25, 437450.0 ], [ 431264.5, 437450.0 ], [ 431264.5, 437449.0 ], [ 431264.75, 437449.0 ], [ 431264.75, 437448.0 ], [ 431265.0, 437448.0 ], [ 431265.0, 437447.25 ], [ 431265.25, 437447.25 ], [ 431265.25, 437446.5 ], [ 431265.5, 437446.5 ], [ 431265.5, 437445.75 ], [ 431265.75, 437445.75 ], [ 431265.75, 437445.0 ], [ 431266.0, 437445.0 ], [ 431266.0, 437444.25 ], [ 431266.25, 437444.25 ], [ 431266.25, 437443.5 ], [ 431266.5, 437443.5 ], [ 431266.5, 437442.75 ], [ 431266.75, 437442.75 ], [ 431266.75, 437442.25 ], [ 431267.0, 437442.25 ], [ 431267.0, 437441.25 ], [ 431267.25, 437441.25 ], [ 431267.25, 437440.5 ], [ 431267.5, 437440.5 ], [ 431267.5, 437439.75 ], [ 431267.75, 437439.75 ], [ 431267.75, 437439.0 ], [ 431268.0, 437439.0 ], [ 431268.0, 437438.25 ], [ 431268.25, 437438.25 ], [ 431268.25, 437437.75 ], [ 431268.5, 437437.75 ], [ 431268.5, 437437.25 ], [ 431268.75, 437437.25 ], [ 431268.75, 437437.0 ], [ 431269.0, 437437.0 ], [ 431269.0, 437436.75 ], [ 431269.25, 437436.75 ], [ 431269.25, 437436.5 ], [ 431269.5, 437436.5 ], [ 431269.5, 437436.25 ], [ 431271.25, 437436.25 ], [ 431271.25, 437436.5 ], [ 431271.75, 437436.5 ], [ 431271.75, 437436.75 ], [ 431272.5, 437436.75 ], [ 431272.5, 437437.0 ], [ 431273.25, 437437.0 ], [ 431273.25, 437437.25 ], [ 431274.0, 437437.25 ], [ 431274.0, 437437.5 ], [ 431274.75, 437437.5 ], [ 431274.75, 437437.75 ], [ 431275.25, 437437.75 ], [ 431275.25, 437438.0 ], [ 431275.75, 437438.0 ], [ 431275.75, 437438.25 ], [ 431276.25, 437438.25 ], [ 431276.25, 437438.5 ], [ 431276.75, 437438.5 ], [ 431276.75, 437438.75 ], [ 431277.5, 437438.75 ], [ 431277.5, 437439.0 ], [ 431278.0, 437439.0 ], [ 431278.0, 437439.25 ], [ 431278.25, 437439.25 ], [ 431278.25, 437439.5 ], [ 431278.75, 437439.5 ], [ 431278.75, 437439.75 ], [ 431279.25, 437439.75 ], [ 431279.25, 437440.0 ], [ 431279.75, 437440.0 ], [ 431279.75, 437440.25 ], [ 431280.25, 437440.25 ], [ 431280.25, 437440.5 ], [ 431280.5, 437440.5 ], [ 431280.5, 437440.75 ], [ 431280.75, 437440.75 ], [ 431280.75, 437441.0 ], [ 431281.0, 437441.0 ], [ 431281.0, 437441.25 ], [ 431281.5, 437441.25 ], [ 431281.5, 437441.5 ], [ 431281.75, 437441.5 ], [ 431281.75, 437441.75 ], [ 431282.0, 437441.75 ], [ 431282.0, 437442.0 ], [ 431282.25, 437442.0 ], [ 431282.25, 437442.25 ], [ 431282.5, 437442.25 ], [ 431282.5, 437442.75 ], [ 431282.75, 437442.75 ], [ 431282.75, 437443.0 ], [ 431283.0, 437443.0 ], [ 431283.0, 437443.5 ], [ 431283.25, 437443.5 ], [ 431283.25, 437443.75 ], [ 431283.5, 437443.75 ], [ 431283.5, 437444.25 ], [ 431283.75, 437444.25 ], [ 431283.75, 437445.25 ], [ 431284.0, 437445.25 ], [ 431284.0, 437446.75 ], [ 431284.25, 437446.75 ], [ 431284.25, 437448.0 ], [ 431284.0, 437448.0 ], [ 431284.0, 437450.0 ], [ 431283.75, 437450.0 ], [ 431283.75, 437450.75 ], [ 431283.5, 437450.75 ], [ 431283.5, 437451.25 ], [ 431283.25, 437451.25 ], [ 431283.25, 437451.75 ], [ 431283.0, 437451.75 ], [ 431283.0, 437452.25 ], [ 431282.75, 437452.25 ], [ 431282.75, 437452.75 ], [ 431282.5, 437452.75 ], [ 431282.5, 437453.25 ], [ 431282.25, 437453.25 ], [ 431282.25, 437453.5 ], [ 431282.0, 437453.5 ], [ 431282.0, 437453.75 ], [ 431281.75, 437453.75 ], [ 431281.75, 437454.25 ], [ 431281.5, 437454.25 ], [ 431281.5, 437454.5 ], [ 431281.25, 437454.5 ], [ 431281.25, 437454.75 ], [ 431281.0, 437454.75 ], [ 431281.0, 437455.0 ], [ 431280.75, 437455.0 ], [ 431280.75, 437455.5 ], [ 431280.5, 437455.5 ], [ 431280.5, 437455.75 ], [ 431280.0, 437455.75 ], [ 431280.0, 437456.25 ], [ 431279.75, 437456.25 ], [ 431279.75, 437456.5 ], [ 431279.5, 437456.5 ], [ 431279.5, 437456.75 ], [ 431279.25, 437456.75 ], [ 431279.25, 437457.25 ], [ 431279.0, 437457.25 ], [ 431279.0, 437457.5 ], [ 431278.75, 437457.5 ], [ 431278.75, 437457.75 ], [ 431278.5, 437457.75 ], [ 431278.5, 437458.0 ], [ 431278.25, 437458.0 ], [ 431278.25, 437458.25 ], [ 431278.0, 437458.25 ], [ 431278.0, 437458.5 ], [ 431277.5, 437458.5 ], [ 431277.5, 437458.75 ], [ 431276.0, 437458.75 ], [ 431276.0, 437458.5 ], [ 431271.25, 437458.5 ], [ 431271.25, 437458.75 ], [ 431269.75, 437458.75 ], [ 431269.75, 437459.0 ], [ 431267.5, 437459.0 ], [ 431267.5, 437459.25 ], [ 431265.5, 437459.25 ] ] ] } },
{ "type": "Feature", "properties": { }, "geometry": { "type": "Polygon", "coordinates": [ [ [ 431992.75, 437488.0 ], [ 431992.75, 437487.25 ], [ 431993.0, 437487.25 ], [ 431993.0, 437486.25 ], [ 431992.25, 437486.25 ], [ 431992.25, 437486.0 ], [ 431991.5, 437486.0 ], [ 431991.5, 437485.75 ], [ 431990.75, 437485.75 ], [ 431990.75, 437485.5 ], [ 431990.25, 437485.5 ], [ 431990.25, 437485.25 ], [ 431989.75, 437485.25 ], [ 431989.75, 437485.0 ], [ 431989.25, 437485.0 ], [ 431989.25, 437484.75 ], [ 431988.75, 437484.75 ], [ 431988.75, 437484.5 ], [ 431988.25, 437484.5 ], [ 431988.25, 437484.25 ], [ 431988.0, 437484.25 ], [ 431988.0, 437484.0 ], [ 431987.5, 437484.0 ], [ 431987.5, 437483.75 ], [ 431987.25, 437483.75 ], [ 431987.25, 437483.5 ], [ 431986.75, 437483.5 ], [ 431986.75, 437483.25 ], [ 431986.25, 437483.25 ], [ 431986.25, 437483.0 ], [ 431985.75, 437483.0 ], [ 431985.75, 437482.75 ], [ 431985.25, 437482.75 ], [ 431985.25, 437482.5 ], [ 431984.75, 437482.5 ], [ 431984.75, 437482.25 ], [ 431984.0, 437482.25 ], [ 431984.0, 437482.0 ], [ 431983.25, 437482.0 ], [ 431983.25, 437481.75 ], [ 431982.75, 437481.75 ], [ 431982.75, 437481.5 ], [ 431982.0, 437481.5 ], [ 431982.0, 437481.25 ], [ 431981.0, 437481.25 ], [ 431981.0, 437481.0 ], [ 431980.25, 437481.0 ], [ 431980.25, 437480.75 ], [ 431979.5, 437480.75 ], [ 431979.5, 437480.5 ], [ 431978.5, 437480.5 ], [ 431978.5, 437480.25 ], [ 431977.5, 437480.25 ], [ 431977.5, 437480.0 ], [ 431976.75, 437480.0 ], [ 431976.75, 437479.75 ], [ 431976.25, 437479.75 ], [ 431976.25, 437479.5 ], [ 431975.75, 437479.5 ], [ 431975.75, 437479.25 ], [ 431975.25, 437479.25 ], [ 431975.25, 437479.0 ], [ 431974.75, 437479.0 ], [ 431974.75, 437478.75 ], [ 431974.25, 437478.75 ], [ 431974.25, 437478.5 ], [ 431973.75, 437478.5 ], [ 431973.75, 437478.25 ], [ 431973.0, 437478.25 ], [ 431973.0, 437478.0 ], [ 431972.5, 437478.0 ], [ 431972.5, 437477.75 ], [ 431971.75, 437477.75 ], [ 431971.75, 437477.5 ], [ 431971.0, 437477.5 ], [ 431971.0, 437477.25 ], [ 431970.5, 437477.25 ], [ 431970.5, 437477.0 ], [ 431969.75, 437477.0 ], [ 431969.75, 437476.75 ], [ 431969.0, 437476.75 ], [ 431969.0, 437476.5 ], [ 431968.0, 437476.5 ], [ 431968.0, 437476.25 ], [ 431967.5, 437476.25 ], [ 431967.5, 437476.0 ], [ 431966.5, 437476.0 ], [ 431966.5, 437475.75 ], [ 431965.5, 437475.75 ], [ 431965.5, 437475.5 ], [ 431964.75, 437475.5 ], [ 431964.75, 437475.25 ], [ 431963.75, 437475.25 ], [ 431963.75, 437475.0 ], [ 431963.0, 437475.0 ], [ 431963.0, 437474.75 ], [ 431962.25, 437474.75 ], [ 431962.25, 437474.5 ], [ 431961.25, 437474.5 ], [ 431961.25, 437474.25 ], [ 431960.25, 437474.25 ], [ 431960.25, 437474.0 ], [ 431959.5, 437474.0 ], [ 431959.5, 437473.75 ], [ 431958.5, 437473.75 ], [ 431958.5, 437473.5 ], [ 431957.25, 437473.5 ], [ 431957.25, 437473.25 ], [ 431955.25, 437473.25 ], [ 431955.25, 437473.0 ], [ 431954.0, 437473.0 ], [ 431954.0, 437472.75 ], [ 431953.25, 437472.75 ], [ 431953.25, 437472.5 ], [ 431952.5, 437472.5 ], [ 431952.5, 437472.25 ], [ 431952.25, 437472.25 ], [ 431952.25, 437472.0 ], [ 431951.75, 437472.0 ], [ 431951.75, 437471.75 ], [ 431951.25, 437471.75 ], [ 431951.25, 437471.5 ], [ 431951.0, 437471.5 ], [ 431951.0, 437471.0 ], [ 431950.75, 437471.0 ], [ 431950.75, 437470.75 ], [ 431950.5, 437470.75 ], [ 431950.5, 437470.5 ], [ 431950.25, 437470.5 ], [ 431950.25, 437470.25 ], [ 431950.0, 437470.25 ], [ 431950.0, 437470.0 ], [ 431949.75, 437470.0 ], [ 431949.75, 437469.75 ], [ 431949.0, 437469.75 ], [ 431949.0, 437469.5 ], [ 431947.75, 437469.5 ], [ 431947.75, 437469.25 ], [ 431946.75, 437469.25 ], [ 431946.75, 437469.0 ], [ 431946.0, 437469.0 ], [ 431946.0, 437468.75 ], [ 431945.5, 437468.75 ], [ 431945.5, 437468.5 ], [ 431944.75, 437468.5 ], [ 431944.75, 437468.25 ], [ 431944.0, 437468.25 ], [ 431944.0, 437468.0 ], [ 431943.25, 437468.0 ], [ 431943.25, 437467.75 ], [ 431942.75, 437467.75 ], [ 431942.75, 437467.5 ], [ 431942.25, 437467.5 ], [ 431942.25, 437467.25 ], [ 431941.75, 437467.25 ], [ 431941.75, 437467.0 ], [ 431941.25, 437467.0 ], [ 431941.25, 437466.75 ], [ 431941.0, 437466.75 ], [ 431941.0, 437466.5 ], [ 431940.75, 437466.5 ], [ 431940.75, 437466.25 ], [ 431940.5, 437466.25 ], [ 431940.5, 437466.0 ], [ 431940.25, 437466.0 ], [ 431940.25, 437465.75 ], [ 431940.0, 437465.75 ], [ 431940.0, 437465.5 ], [ 431939.75, 437465.5 ], [ 431939.75, 437465.0 ], [ 431939.5, 437465.0 ], [ 431939.5, 437464.5 ], [ 431939.25, 437464.5 ], [ 431939.25, 437464.0 ], [ 431939.0, 437464.0 ], [ 431939.0, 437463.25 ], [ 431938.75, 437463.25 ], [ 431938.75, 437460.75 ], [ 431939.0, 437460.75 ], [ 431939.0, 437459.75 ], [ 431939.25, 437459.75 ], [ 431939.25, 437459.0 ], [ 431939.5, 437459.0 ], [ 431939.5, 437458.5 ], [ 431939.75, 437458.5 ], [ 431939.75, 437457.75 ], [ 431940.0, 437457.75 ], [ 431940.0, 437457.0 ], [ 431940.25, 437457.0 ], [ 431940.25, 437456.0 ], [ 431940.5, 437456.0 ], [ 431940.5, 437455.0 ], [ 431940.75, 437455.0 ], [ 431940.75, 437454.0 ], [ 431941.0, 437454.0 ], [ 431941.0, 437453.0 ], [ 431941.25, 437453.0 ], [ 431941.25, 437452.25 ], [ 431941.5, 437452.25 ], [ 431941.5, 437451.5 ], [ 431941.75, 437451.5 ], [ 431941.75, 437450.75 ], [ 431942.0, 437450.75 ], [ 431942.0, 437450.0 ], [ 431942.25, 437450.0 ], [ 431942.25, 437449.5 ], [ 431942.5, 437449.5 ], [ 431942.5, 437448.5 ], [ 431942.75, 437448.5 ], [ 431942.75, 437447.5 ], [ 431943.0, 437447.5 ], [ 431943.0, 437445.75 ], [ 431943.25, 437445.75 ], [ 431943.25, 437443.75 ], [ 431943.5, 437443.75 ], [ 431943.5, 437442.75 ], [ 431943.75, 437442.75 ], [ 431943.75, 437441.5 ], [ 431944.0, 437441.5 ], [ 431944.0, 437440.25 ], [ 431944.25, 437440.25 ], [ 431944.25, 437439.5 ], [ 431944.5, 437439.5 ], [ 431944.5, 437439.0 ], [ 431944.75, 437439.0 ], [ 431944.75, 437438.75 ], [ 431945.0, 437438.75 ], [ 431945.0, 437438.25 ], [ 431945.25, 437438.25 ], [ 431945.25, 437438.0 ], [ 431945.5, 437438.0 ], [ 431945.5, 437437.5 ], [ 431945.75, 437437.5 ], [ 431945.75, 437437.25 ], [ 431946.0, 437437.25 ], [ 431946.0, 437437.0 ], [ 431946.25, 437437.0 ], [ 431946.25, 437436.75 ], [ 431946.5, 437436.75 ], [ 431946.5, 437436.5 ], [ 431947.0, 437436.5 ], [ 431947.0, 437436.25 ], [ 431947.5, 437436.25 ], [ 431947.5, 437436.0 ], [ 431948.25, 437436.0 ], [ 431948.25, 437435.75 ], [ 431948.75, 437435.75 ], [ 431948.75, 437435.5 ], [ 431949.75, 437435.5 ], [ 431949.75, 437435.25 ], [ 431950.75, 437435.25 ], [ 431950.75, 437435.0 ], [ 431951.75, 437435.0 ], [ 431951.75, 437434.75 ], [ 431953.0, 437434.75 ], [ 431953.0, 437434.5 ], [ 431955.0, 437434.5 ], [ 431955.0, 437434.25 ], [ 431958.75, 437434.25 ], [ 431958.75, 437434.5 ], [ 431960.25, 437434.5 ], [ 431960.25, 437434.75 ], [ 431962.25, 437434.75 ], [ 431962.25, 437435.0 ], [ 431965.0, 437435.0 ], [ 431965.0, 437435.25 ], [ 431966.25, 437435.25 ], [ 431966.25, 437435.5 ], [ 431967.0, 437435.5 ], [ 431967.0, 437435.75 ], [ 431968.0, 437435.75 ], [ 431968.0, 437436.0 ], [ 431968.75, 437436.0 ], [ 431968.75, 437436.25 ], [ 431969.75, 437436.25 ], [ 431969.75, 437436.5 ], [ 431970.25, 437436.5 ], [ 431970.25, 437436.75 ], [ 431971.5, 437436.75 ], [ 431971.5, 437437.0 ], [ 431972.5, 437437.0 ], [ 431972.5, 437437.25 ], [ 431973.0, 437437.25 ], [ 431973.0, 437437.5 ], [ 431973.5, 437437.5 ], [ 431973.5, 437437.75 ], [ 431973.75, 437437.75 ], [ 431973.75, 437438.0 ], [ 431974.25, 437438.0 ], [ 431974.25, 437438.25 ], [ 431974.5, 437438.25 ], [ 431974.5, 437438.5 ], [ 431974.75, 437438.5 ], [ 431974.75, 437438.75 ], [ 431975.25, 437438.75 ], [ 431975.25, 437439.0 ], [ 431975.5, 437439.0 ], [ 431975.5, 437439.25 ], [ 431975.75, 437439.25 ], [ 431975.75, 437439.5 ], [ 431976.0, 437439.5 ], [ 431976.0, 437440.0 ], [ 431976.25, 437440.0 ], [ 431976.25, 437440.25 ], [ 431976.5, 437440.25 ], [ 431976.5, 437440.5 ], [ 431976.75, 437440.5 ], [ 431976.75, 437440.75 ], [ 431977.0, 437440.75 ], [ 431977.0, 437441.0 ], [ 431977.25, 437441.0 ], [ 431977.25, 437441.25 ], [ 431978.0, 437441.25 ], [ 431978.0, 437441.0 ], [ 431978.25, 437441.0 ], [ 431978.25, 437440.75 ], [ 431978.5, 437440.75 ], [ 431978.5, 437440.25 ], [ 431978.75, 437440.25 ], [ 431978.75, 437440.0 ], [ 431979.0, 437440.0 ], [ 431979.0, 437439.25 ], [ 431979.25, 437439.25 ], [ 431979.25, 437439.0 ], [ 431979.5, 437439.0 ], [ 431979.5, 437438.75 ], [ 431979.75, 437438.75 ], [ 431979.75, 437438.25 ], [ 431980.0, 437438.25 ], [ 431980.0, 437437.75 ], [ 431980.25, 437437.75 ], [ 431980.25, 437437.25 ], [ 431980.5, 437437.25 ], [ 431980.5, 437437.0 ], [ 431980.75, 437437.0 ], [ 431980.75, 437436.5 ], [ 431981.0, 437436.5 ], [ 431981.0, 437436.25 ], [ 431981.25, 437436.25 ], [ 431981.25, 437436.0 ], [ 431981.5, 437436.0 ], [ 431981.5, 437435.5 ], [ 431981.75, 437435.5 ], [ 431981.75, 437435.25 ], [ 431982.0, 437435.25 ], [ 431982.0, 437435.0 ], [ 431982.25, 437435.0 ], [ 431982.25, 437434.5 ], [ 431982.5, 437434.5 ], [ 431982.5, 437434.0 ], [ 431982.75, 437434.0 ], [ 431982.75, 437433.5 ], [ 431983.0, 437433.5 ], [ 431983.0, 437433.0 ], [ 431983.25, 437433.0 ], [ 431983.25, 437432.5 ], [ 431983.5, 437432.5 ], [ 431983.5, 437432.0 ], [ 431983.75, 437432.0 ], [ 431983.75, 437431.5 ], [ 431984.0, 437431.5 ], [ 431984.0, 437431.0 ], [ 431984.25, 437431.0 ], [ 431984.25, 437430.5 ], [ 431984.5, 437430.5 ], [ 431984.5, 437430.0 ], [ 431984.75, 437430.0 ], [ 431984.75, 437429.75 ], [ 431985.0, 437429.75 ], [ 431985.0, 437429.5 ], [ 431985.25, 437429.5 ], [ 431985.25, 437429.25 ], [ 431985.5, 437429.25 ], [ 431985.5, 437429.0 ], [ 431985.75, 437429.0 ], [ 431985.75, 437428.75 ], [ 431986.0, 437428.75 ], [ 431986.0, 437428.5 ], [ 431986.5, 437428.5 ], [ 431986.5, 437428.25 ], [ 431986.75, 437428.25 ], [ 431986.75, 437428.0 ], [ 431987.25, 437428.0 ], [ 431987.25, 437427.75 ], [ 431987.75, 437427.75 ], [ 431987.75, 437427.5 ], [ 431988.5, 437427.5 ], [ 431988.5, 437427.25 ], [ 431992.25, 437427.25 ], [ 431992.25, 437427.5 ], [ 431995.5, 437427.5 ], [ 431995.5, 437427.75 ], [ 431998.0, 437427.75 ], [ 431998.0, 437428.0 ], [ 431999.0, 437428.0 ], [ 431999.0, 437428.25 ], [ 431999.75, 437428.25 ], [ 431999.75, 437428.5 ], [ 432000.0, 437428.5 ], [ 432000.0, 437485.75 ], [ 431999.5, 437485.75 ], [ 431999.5, 437486.0 ], [ 431999.0, 437486.0 ], [ 431999.0, 437486.25 ], [ 431998.0, 437486.25 ], [ 431998.0, 437486.5 ], [ 431997.25, 437486.5 ], [ 431997.25, 437488.0 ], [ 431992.75, 437488.0 ] ] ] } },
{ "type": "Feature", "properties": { }, "geometry": { "type": "Polygon", "coordinates": [ [ [ 431449.75, 437449.5 ], [ 431449.75, 437449.25 ], [ 431449.0, 437449.25 ], [ 431449.0, 437449.0 ], [ 431448.25, 437449.0 ], [ 431448.25, 437448.75 ], [ 431447.25, 437448.75 ], [ 431447.25, 437448.5 ], [ 431446.5, 437448.5 ], [ 431446.5, 437448.25 ], [ 431446.0, 437448.25 ], [ 431446.0, 437448.0 ], [ 431445.5, 437448.0 ], [ 431445.5, 437447.75 ], [ 431445.25, 437447.75 ], [ 431445.25, 437447.5 ], [ 431444.75, 437447.5 ], [ 431444.75, 437447.25 ], [ 431444.5, 437447.25 ], [ 431444.5, 437447.0 ], [ 431444.25, 437447.0 ], [ 431444.25, 437446.75 ], [ 431444.0, 437446.75 ], [ 431444.0, 437446.5 ], [ 431443.75, 437446.5 ], [ 431443.75, 437446.25 ], [ 431443.5, 437446.25 ], [ 431443.5, 437445.75 ], [ 431443.25, 437445.75 ], [ 431443.25, 437445.5 ], [ 431443.0, 437445.5 ], [ 431443.0, 437445.0 ], [ 431442.75, 437445.0 ], [ 431442.75, 437444.75 ], [ 431442.5, 437444.75 ], [ 431442.5, 437444.5 ], [ 431442.25, 437444.5 ], [ 431442.25, 437444.25 ], [ 431442.0, 437444.25 ], [ 431442.0, 437444.0 ], [ 431441.75, 437444.0 ], [ 431441.75, 437443.75 ], [ 431441.5, 437443.75 ], [ 431441.5, 437443.5 ], [ 431441.25, 437443.5 ], [ 431441.25, 437443.0 ], [ 431441.0, 437443.0 ], [ 431441.0, 437442.75 ], [ 431440.75, 437442.75 ], [ 431440.75, 437442.25 ], [ 431440.5, 437442.25 ], [ 431440.5, 437442.0 ], [ 431440.25, 437442.0 ], [ 431440.25, 437441.5 ], [ 431440.0, 437441.5 ], [ 431440.0, 437441.0 ], [ 431439.75, 437441.0 ], [ 431439.75, 437440.75 ], [ 431439.5, 437440.75 ], [ 431439.5, 437440.25 ], [ 431439.25, 437440.25 ], [ 431439.25, 437440.0 ], [ 431439.0, 437440.0 ], [ 431439.0, 437439.75 ], [ 431438.75, 437439.75 ], [ 431438.75, 437439.5 ], [ 431438.5, 437439.5 ], [ 431438.5, 437439.25 ], [ 431438.0, 437439.25 ], [ 431438.0, 437439.0 ], [ 431437.75, 437439.0 ], [ 431437.75, 437438.75 ], [ 431437.5, 437438.75 ], [ 431437.5, 437438.5 ], [ 431437.25, 437438.5 ], [ 431437.25, 437438.25 ], [ 431437.0, 437438.25 ], [ 431437.0, 437438.0 ], [ 431436.75, 437438.0 ], [ 431436.75, 437437.75 ], [ 431436.25, 437437.75 ], [ 431436.25, 437437.5 ], [ 431436.0, 437437.5 ], [ 431436.0, 437437.25 ], [ 431435.75, 437437.25 ], [ 431435.75, 437437.0 ], [ 431435.25, 437437.0 ], [ 431435.25, 437436.75 ], [ 431435.0, 437436.75 ], [ 431435.0, 437436.5 ], [ 431434.5, 437436.5 ], [ 431434.5, 437436.25 ], [ 431434.0, 437436.25 ], [ 431434.0, 437436.0 ], [ 431433.5, 437436.0 ], [ 431433.5, 437435.75 ], [ 431433.25, 437435.75 ], [ 431433.25, 437435.5 ], [ 431433.0, 437435.5 ], [ 431433.0, 437435.25 ], [ 431432.75, 437435.25 ], [ 431432.75, 437435.0 ], [ 431432.5, 437435.0 ], [ 431432.5, 437434.75 ], [ 431432.25, 437434.75 ], [ 431432.25, 437434.5 ], [ 431432.0, 437434.5 ], [ 431432.0, 437434.25 ], [ 431431.75, 437434.25 ], [ 431431.75, 437433.75 ], [ 431431.5, 437433.75 ], [ 431431.5, 437433.25 ], [ 431431.25, 437433.25 ], [ 431431.25, 437432.75 ], [ 431431.0, 437432.75 ], [ 431431.0, 437432.5 ], [ 431430.75, 437432.5 ], [ 431430.75, 437432.0 ], [ 431430.5, 437432.0 ], [ 431430.5, 437431.5 ], [ 431430.25, 437431.5 ], [ 431430.25, 437431.25 ], [ 431430.0, 437431.25 ], [ 431430.0, 437431.0 ], [ 431429.75, 437431.0 ], [ 431429.75, 437430.75 ], [ 431429.5, 437430.75 ], [ 431429.5, 437430.0 ], [ 431429.25, 437430.0 ], [ 431429.25, 437429.25 ], [ 431429.5, 437429.25 ], [ 431429.5, 437428.5 ], [ 431429.75, 437428.5 ], [ 431429.75, 437428.0 ], [ 431430.0, 437428.0 ], [ 431430.0, 437427.5 ], [ 431430.25, 437427.5 ], [ 431430.25, 437427.0 ], [ 431430.5, 437427.0 ], [ 431430.5, 437426.5 ], [ 431430.75, 437426.5 ], [ 431430.75, 437426.0 ], [ 431431.0, 437426.0 ], [ 431431.0, 437425.5 ], [ 431431.25, 437425.5 ], [ 431431.25, 437425.0 ], [ 431431.5, 437425.0 ], [ 431431.5, 437424.75 ], [ 431431.75, 437424.75 ], [ 431431.75, 437424.5 ], [ 431432.0, 437424.5 ], [ 431432.0, 437424.25 ], [ 431432.25, 437424.25 ], [ 431432.25, 437423.75 ], [ 431432.5, 437423.75 ], [ 431432.5, 437423.5 ], [ 431432.75, 437423.5 ], [ 431432.75, 437423.25 ], [ 431433.0, 437423.25 ], [ 431433.0, 437422.75 ], [ 431433.25, 437422.75 ], [ 431433.25, 437422.5 ], [ 431433.5, 437422.5 ], [ 431433.5, 437422.25 ], [ 431433.75, 437422.25 ], [ 431433.75, 437422.0 ], [ 431434.0, 437422.0 ], [ 431434.0, 437421.75 ], [ 431434.25, 437421.75 ], [ 431434.25, 437421.5 ], [ 431434.5, 437421.5 ], [ 431434.5, 437421.25 ], [ 431434.75, 437421.25 ], [ 431434.75, 437421.0 ], [ 431435.0, 437421.0 ], [ 431435.0, 437420.75 ], [ 431435.25, 437420.75 ], [ 431435.25, 437420.5 ], [ 431435.5, 437420.5 ], [ 431435.5, 437420.25 ], [ 431435.75, 437420.25 ], [ 431435.75, 437420.0 ], [ 431436.0, 437420.0 ], [ 431436.0, 437419.75 ], [ 431436.25, 437419.75 ], [ 431436.25, 437419.5 ], [ 431436.5, 437419.5 ], [ 431436.5, 437419.25 ], [ 431436.75, 437419.25 ], [ 431436.75, 437419.0 ], [ 431437.0, 437419.0 ], [ 431437.0, 437418.75 ], [ 431437.25, 437418.75 ], [ 431437.25, 437418.5 ], [ 431437.5, 437418.5 ], [ 431437.5, 437418.25 ], [ 431437.75, 437418.25 ], [ 431437.75, 437418.0 ], [ 431438.25, 437418.0 ], [ 431438.25, 437417.75 ], [ 431441.5, 437417.75 ], [ 431441.5, 437418.0 ], [ 431442.25, 437418.0 ], [ 431442.25, 437418.25 ], [ 431442.75, 437418.25 ], [ 431442.75, 437418.5 ], [ 431443.25, 437418.5 ], [ 431443.25, 437418.75 ], [ 431443.75, 437418.75 ], [ 431443.75, 437419.0 ], [ 431444.0, 437419.0 ], [ 431444.0, 437419.25 ], [ 431444.5, 437419.25 ], [ 431444.5, 437419.5 ], [ 431445.0, 437419.5 ], [ 431445.0, 437419.75 ], [ 431445.25, 437419.75 ], [ 431445.25, 437420.0 ], [ 431445.75, 437420.0 ], [ 431445.75, 437420.25 ], [ 431446.25, 437420.25 ], [ 431446.25, 437420.5 ], [ 431447.0, 437420.5 ], [ 431447.0, 437420.75 ], [ 431447.75, 437420.75 ], [ 431447.75, 437421.0 ], [ 431448.25, 437421.0 ], [ 431448.25, 437421.25 ], [ 431448.75, 437421.25 ], [ 431448.75, 437421.5 ], [ 431449.25, 437421.5 ], [ 431449.25, 437421.75 ], [ 431449.75, 437421.75 ], [ 431449.75, 437422.0 ], [ 431450.25, 437422.0 ], [ 431450.25, 437422.25 ], [ 431450.5, 437422.25 ], [ 431450.5, 437422.5 ], [ 431451.0, 437422.5 ], [ 431451.0, 437422.75 ], [ 431451.5, 437422.75 ], [ 431451.5, 437423.0 ], [ 431451.75, 437423.0 ], [ 431451.75, 437423.25 ], [ 431452.25, 437423.25 ], [ 431452.25, 437423.5 ], [ 431452.75, 437423.5 ], [ 431452.75, 437423.75 ], [ 431453.0, 437423.75 ], [ 431453.0, 437424.0 ], [ 431453.25, 437424.0 ], [ 431453.25, 437424.25 ], [ 431453.5, 437424.25 ], [ 431453.5, 437424.5 ], [ 431453.75, 437424.5 ], [ 431453.75, 437424.75 ], [ 431454.0, 437424.75 ], [ 431454.0, 437425.0 ], [ 431454.25, 437425.0 ], [ 431454.25, 437425.25 ], [ 431454.5, 437425.25 ], [ 431454.5, 437425.5 ], [ 431454.75, 437425.5 ], [ 431454.75, 437425.75 ], [ 431455.0, 437425.75 ], [ 431455.0, 437426.25 ], [ 431455.25, 437426.25 ], [ 431455.25, 437426.75 ], [ 431455.5, 437426.75 ], [ 431455.5, 437427.25 ], [ 431455.75, 437427.25 ], [ 431455.75, 437427.5 ], [ 431456.0, 437427.5 ], [ 431456.0, 437428.25 ], [ 431456.25, 437428.25 ], [ 431456.25, 437429.0 ], [ 431456.5, 437429.0 ], [ 431456.5, 437429.75 ], [ 431456.75, 437429.75 ], [ 431456.75, 437430.5 ], [ 431457.0, 437430.5 ], [ 431457.0, 437431.0 ], [ 431457.25, 437431.0 ], [ 431457.25, 437431.25 ], [ 431457.5, 437431.25 ], [ 431457.5, 437431.75 ], [ 431457.75, 437431.75 ], [ 431457.75, 437432.0 ], [ 431458.0, 437432.0 ], [ 431458.0, 437432.5 ], [ 431458.25, 437432.5 ], [ 431458.25, 437432.75 ], [ 431458.5, 437432.75 ], [ 431458.5, 437433.25 ], [ 431458.75, 437433.25 ], [ 431458.75, 437433.75 ], [ 431459.0, 437433.75 ], [ 431459.0, 437436.5 ], [ 431458.75, 437436.5 ], [ 431458.75, 437438.25 ], [ 431458.5, 437438.25 ], [ 431458.5, 437438.75 ], [ 431458.75, 437438.75 ], [ 431458.75, 437440.5 ], [ 431459.0, 437440.5 ], [ 431459.0, 437442.25 ], [ 431459.25, 437442.25 ], [ 431459.25, 437443.0 ], [ 431459.0, 437443.0 ], [ 431459.0, 437444.5 ], [ 431458.75, 437444.5 ], [ 431458.75, 437445.25 ], [ 431458.5, 437445.25 ], [ 431458.5, 437445.75 ], [ 431458.25, 437445.75 ], [ 431458.25, 437446.0 ], [ 431457.75, 437446.0 ], [ 431457.75, 437446.25 ], [ 431457.5, 437446.25 ], [ 431457.5, 437446.5 ], [ 431457.25, 437446.5 ], [ 431457.25, 437446.75 ], [ 431457.0, 437446.75 ], [ 431457.0, 437447.0 ], [ 431456.5, 437447.0 ], [ 431456.5, 437447.25 ], [ 431456.25, 437447.25 ], [ 431456.25, 437447.5 ], [ 431455.75, 437447.5 ], [ 431455.75, 437447.75 ], [ 431455.25, 437447.75 ], [ 431455.25, 437448.0 ], [ 431454.75, 437448.0 ], [ 431454.75, 437448.25 ], [ 431454.25, 437448.25 ], [ 431454.25, 437448.5 ], [ 431453.5, 437448.5 ], [ 431453.5, 437448.75 ], [ 431452.75, 437448.75 ], [ 431452.75, 437449.0 ], [ 431451.75, 437449.0 ], [ 431451.75, 437449.25 ], [ 431450.75, 437449.25 ], [ 431450.75, 437449.5 ], [ 431449.75, 437449.5 ] ] ] } },
{ "type": "Feature", "properties": { }, "geometry": { "type": "Polygon", "coordinates": [ [ [ 431502.25, 437351.5 ], [ 431502.25, 437351.25 ], [ 431502.5, 437351.25 ], [ 431502.5, 437351.5 ], [ 431502.25, 437351.5 ] ] ] } },
{ "type": "Feature", "properties": { }, "geometry": { "type": "Polygon", "coordinates": [ [ [ 431501.5, 437350.25 ], [ 431501.5, 437349.25 ], [ 431502.5, 437349.25 ], [ 431502.5, 437349.5 ], [ 431502.75, 437349.5 ], [ 431502.75, 437349.75 ], [ 431502.5, 437349.75 ], [ 431502.5, 437350.25 ], [ 431501.5, 437350.25 ] ] ] } },
{ "type": "Feature", "properties": { }, "geometry": { "type": "Polygon", "coordinates": [ [ [ 431002.0, 437250.25 ], [ 431002.0, 437250.0 ], [ 431001.5, 437250.0 ], [ 431001.5, 437249.75 ], [ 431001.0, 437249.75 ], [ 431001.0, 437249.5 ], [ 431001.25, 437249.5 ], [ 431001.25, 437249.25 ], [ 431001.5, 437249.25 ], [ 431001.5, 437249.0 ], [ 431002.0, 437249.0 ], [ 431002.0, 437248.75 ], [ 431003.0, 437248.75 ], [ 431003.0, 437249.0 ], [ 431003.25, 437249.0 ], [ 431003.25, 437249.25 ], [ 431003.5, 437249.25 ], [ 431003.5, 437249.75 ], [ 431003.25, 437249.75 ], [ 431003.25, 437250.0 ], [ 431002.75, 437250.0 ], [ 431002.75, 437250.25 ], [ 431002.0, 437250.25 ] ] ] } },
{ "type": "Feature", "properties": { }, "geometry": { "type": "Polygon", "coordinates": [ [ [ 431640.0, 437277.5 ], [ 431640.0, 437232.0 ], [ 431647.5, 437232.0 ], [ 431647.5, 437235.25 ], [ 431647.75, 437235.25 ], [ 431647.75, 437238.75 ], [ 431648.0, 437238.75 ], [ 431648.0, 437240.25 ], [ 431648.25, 437240.25 ], [ 431648.25, 437242.5 ], [ 431648.5, 437242.5 ], [ 431648.5, 437243.25 ], [ 431648.75, 437243.25 ], [ 431648.75, 437244.0 ], [ 431649.0, 437244.0 ], [ 431649.0, 437245.0 ], [ 431649.25, 437245.0 ], [ 431649.25, 437246.0 ], [ 431649.5, 437246.0 ], [ 431649.5, 437247.25 ], [ 431649.75, 437247.25 ], [ 431649.75, 437248.25 ], [ 431650.0, 437248.25 ], [ 431650.0, 437250.25 ], [ 431649.75, 437250.25 ], [ 431649.75, 437251.0 ], [ 431649.5, 437251.0 ], [ 431649.5, 437252.0 ], [ 431649.25, 437252.0 ], [ 431649.25, 437252.75 ], [ 431649.0, 437252.75 ], [ 431649.0, 437253.0 ], [ 431648.75, 437253.0 ], [ 431648.75, 437254.0 ], [ 431648.5, 437254.0 ], [ 431648.5, 437255.0 ], [ 431648.25, 437255.0 ], [ 431648.25, 437257.5 ], [ 431648.5, 437257.5 ], [ 431648.5, 437257.75 ], [ 431648.25, 437257.75 ], [ 431648.25, 437258.5 ], [ 431648.5, 437258.5 ], [ 431648.5, 437259.75 ], [ 431648.75, 437259.75 ], [ 431648.75, 437261.75 ], [ 431648.5, 437261.75 ], [ 431648.5, 437263.0 ], [ 431648.25, 437263.0 ], [ 431648.25, 437266.0 ], [ 431648.0, 437266.0 ], [ 431648.0, 437267.75 ], [ 431647.75, 437267.75 ], [ 431647.75, 437269.25 ], [ 431647.5, 437269.25 ], [ 431647.5, 437270.5 ], [ 431647.25, 437270.5 ], [ 431647.25, 437271.5 ], [ 431647.0, 437271.5 ], [ 431647.0, 437272.0 ], [ 431646.75, 437272.0 ], [ 431646.75, 437272.75 ], [ 431646.5, 437272.75 ], [ 431646.5, 437273.25 ], [ 431646.25, 437273.25 ], [ 431646.25, 437273.75 ], [ 431646.0, 437273.75 ], [ 431646.0, 437274.25 ], [ 431645.75, 437274.25 ], [ 431645.75, 437274.5 ], [ 431645.5, 437274.5 ], [ 431645.5, 437274.75 ], [ 431645.25, 437274.75 ], [ 431645.25, 437275.0 ], [ 431644.75, 437275.0 ], [ 431644.75, 437275.25 ], [ 431644.5, 437275.25 ], [ 431644.5, 437275.75 ], [ 431644.25, 437275.75 ], [ 431644.25, 437276.0 ], [ 431644.0, 437276.0 ], [ 431644.0, 437276.25 ], [ 431643.75, 437276.25 ], [ 431643.75, 437276.5 ], [ 431643.5, 437276.5 ], [ 431643.5, 437276.75 ], [ 431643.0, 437276.75 ], [ 431643.0, 437277.0 ], [ 431642.75, 437277.0 ], [ 431642.75, 437277.25 ], [ 431642.25, 437277.25 ], [ 431642.25, 437277.5 ], [ 431640.0, 437277.5 ] ] ] } },
{ "type": "Feature", "properties": { }, "geometry": { "type": "Polygon", "coordinates": [ [ [ 431002.25, 437243.75 ], [ 431002.25, 437243.5 ], [ 431001.25, 437243.5 ], [ 431001.25, 437243.25 ], [ 431000.0, 437243.25 ], [ 431000.0, 437232.0 ], [ 431014.75, 437232.0 ], [ 431014.75, 437234.25 ], [ 431014.5, 437234.25 ], [ 431014.5, 437234.75 ], [ 431014.0, 437234.75 ], [ 431014.0, 437235.0 ], [ 431013.75, 437235.0 ], [ 431013.75, 437235.25 ], [ 431013.5, 437235.25 ], [ 431013.5, 437235.5 ], [ 431013.25, 437235.5 ], [ 431013.25, 437235.75 ], [ 431013.0, 437235.75 ], [ 431013.0, 437236.0 ], [ 431012.75, 437236.0 ], [ 431012.75, 437236.5 ], [ 431012.5, 437236.5 ], [ 431012.5, 437236.75 ], [ 431012.0, 437236.75 ], [ 431012.0, 437237.25 ], [ 431011.75, 437237.25 ], [ 431011.75, 437237.75 ], [ 431011.5, 437237.75 ], [ 431011.5, 437238.25 ], [ 431011.25, 437238.25 ], [ 431011.25, 437238.75 ], [ 431011.0, 437238.75 ], [ 431011.0, 437239.25 ], [ 431010.75, 437239.25 ], [ 431010.75, 437240.0 ], [ 431010.5, 437240.0 ], [ 431010.5, 437240.75 ], [ 431010.25, 437240.75 ], [ 431010.25, 437241.0 ], [ 431010.0, 437241.0 ], [ 431010.0, 437241.5 ], [ 431009.75, 437241.5 ], [ 431009.75, 437241.75 ], [ 431009.0, 437241.75 ], [ 431009.0, 437241.5 ], [ 431008.75, 437241.5 ], [ 431008.75, 437241.25 ], [ 431006.75, 437241.25 ], [ 431006.75, 437241.0 ], [ 431006.5, 437241.0 ], [ 431006.5, 437241.25 ], [ 431006.0, 437241.25 ], [ 431006.0, 437241.5 ], [ 431005.75, 437241.5 ], [ 431005.75, 437241.75 ], [ 431005.25, 437241.75 ], [ 431005.25, 437242.0 ], [ 431004.75, 437242.0 ], [ 431004.75, 437242.25 ], [ 431004.25, 437242.25 ], [ 431004.25, 437242.5 ], [ 431004.0, 437242.5 ], [ 431004.0, 437242.75 ], [ 431003.75, 437242.75 ], [ 431003.75, 437243.0 ], [ 431003.25, 437243.0 ], [ 431003.25, 437243.25 ], [ 431003.0, 437243.25 ], [ 431003.0, 437243.5 ], [ 431002.75, 437243.5 ], [ 431002.75, 437243.75 ], [ 431002.25, 437243.75 ] ] ] } },
{ "type": "Feature", "properties": { }, "geometry": { "type": "Polygon", "coordinates": [ [ [ 431021.5, 437216.0 ], [ 431021.5, 437215.25 ], [ 431022.0, 437215.25 ], [ 431022.0, 437215.75 ], [ 431021.75, 437215.75 ], [ 431021.75, 437216.0 ], [ 431021.5, 437216.0 ] ] ] } },
{ "type": "Feature", "properties": { }, "geometry": { "type": "Polygon", "coordinates": [ [ [ 431021.5, 437232.0 ], [ 431021.5, 437229.0 ], [ 431021.25, 437229.0 ], [ 431021.25, 437226.25 ], [ 431021.0, 437226.25 ], [ 431021.0, 437225.5 ], [ 431020.75, 437225.5 ], [ 431020.75, 437223.25 ], [ 431020.5, 437223.25 ], [ 431020.5, 437222.5 ], [ 431020.25, 437222.5 ], [ 431020.25, 437222.25 ], [ 431020.5, 437222.25 ], [ 431020.5, 437220.25 ], [ 431020.75, 437220.25 ], [ 431020.75, 437220.0 ], [ 431021.0, 437220.0 ], [ 431021.0, 437219.75 ], [ 431021.25, 437219.75 ], [ 431021.25, 437219.25 ], [ 431021.5, 437219.25 ], [ 431021.5, 437218.75 ], [ 431021.75, 437218.75 ], [ 431021.75, 437218.25 ], [ 431022.25, 437218.25 ], [ 431022.25, 437218.0 ], [ 431023.0, 437218.0 ], [ 431023.0, 437218.25 ], [ 431023.5, 437218.25 ], [ 431023.5, 437218.0 ], [ 431023.75, 437218.0 ], [ 431023.75, 437217.5 ], [ 431024.0, 437217.5 ], [ 431024.0, 437217.25 ], [ 431023.75, 437217.25 ], [ 431023.75, 437216.75 ], [ 431023.5, 437216.75 ], [ 431023.5, 437215.25 ], [ 431023.0, 437215.25 ], [ 431023.0, 437215.0 ], [ 431022.75, 437215.0 ], [ 431022.75, 437214.75 ], [ 431022.5, 437214.75 ], [ 431022.5, 437214.5 ], [ 431023.0, 437214.5 ], [ 431023.0, 437214.25 ], [ 431024.25, 437214.25 ], [ 431024.25, 437214.5 ], [ 431024.75, 437214.5 ], [ 431024.75, 437214.25 ], [ 431025.0, 437214.25 ], [ 431025.0, 437214.0 ], [ 431025.25, 437214.0 ], [ 431025.25, 437213.5 ], [ 431025.75, 437213.5 ], [ 431025.75, 437214.0 ], [ 431026.0, 437214.0 ], [ 431026.0, 437214.75 ], [ 431026.25, 437214.75 ], [ 431026.25, 437216.5 ], [ 431026.5, 437216.5 ], [ 431026.5, 437217.25 ], [ 431026.75, 437217.25 ], [ 431026.75, 437217.75 ], [ 431027.0, 437217.75 ], [ 431027.0, 437218.0 ], [ 431027.25, 437218.0 ], [ 431027.25, 437219.75 ], [ 431027.0, 437219.75 ], [ 431027.0, 437221.5 ], [ 431026.75, 437221.5 ], [ 431026.75, 437221.75 ], [ 431026.5, 437221.75 ], [ 431026.5, 437222.0 ], [ 431026.25, 437222.0 ], [ 431026.25, 437222.25 ], [ 431026.0, 437222.25 ], [ 431026.0, 437223.5 ], [ 431025.75, 437223.5 ], [ 431025.75, 437223.75 ], [ 431025.5, 437223.75 ], [ 431025.5, 437224.0 ], [ 431025.25, 437224.0 ], [ 431025.25, 437224.5 ], [ 431025.0, 437224.5 ], [ 431025.0, 437225.0 ], [ 431024.75, 437225.0 ], [ 431024.75, 437226.0 ], [ 431024.5, 437226.0 ], [ 431024.5, 437227.25 ], [ 431024.25, 437227.25 ], [ 431024.25, 437228.0 ], [ 431024.5, 437228.0 ], [ 431024.5, 437228.25 ], [ 431025.75, 437228.25 ], [ 431025.75, 437228.5 ], [ 431026.5, 437228.5 ], [ 431026.5, 437228.75 ], [ 431026.75, 437228.75 ], [ 431026.75, 437229.0 ], [ 431027.0, 437229.0 ], [ 431027.0, 437229.25 ], [ 431027.25, 437229.25 ], [ 431027.25, 437229.5 ], [ 431027.5, 437229.5 ], [ 431027.5, 437229.75 ], [ 431027.75, 437229.75 ], [ 431027.75, 437230.0 ], [ 431028.0, 437230.0 ], [ 431028.0, 437230.25 ], [ 431028.25, 437230.25 ], [ 431028.25, 437230.5 ], [ 431028.5, 437230.5 ], [ 431028.5, 437231.0 ], [ 431028.75, 437231.0 ], [ 431028.75, 437232.0 ], [ 431021.5, 437232.0 ] ] ] } },
{ "type": "Feature", "properties": { }, "geometry": { "type": "Polygon", "coordinates": [ [ [ 431021.5, 437208.5 ], [ 431021.5, 437208.25 ], [ 431021.75, 437208.25 ], [ 431021.75, 437208.5 ], [ 431021.5, 437208.5 ] ] ] } },
{ "type": "Feature", "properties": { }, "geometry": { "type": "Polygon", "coordinates": [ [ [ 431016.5, 437205.75 ], [ 431016.5, 437205.5 ], [ 431016.75, 437205.5 ], [ 431016.75, 437205.75 ], [ 431016.5, 437205.75 ] ] ] } },
{ "type": "Feature", "properties": { }, "geometry": { "type": "Polygon", "coordinates": [ [ [ 431018.0, 437207.75 ], [ 431018.0, 437207.5 ], [ 431017.0, 437207.5 ], [ 431017.0, 437206.25 ], [ 431017.5, 437206.25 ], [ 431017.5, 437206.0 ], [ 431018.0, 437206.0 ], [ 431018.0, 437205.75 ], [ 431018.25, 437205.75 ], [ 431018.25, 437205.25 ], [ 431018.0, 437205.25 ], [ 431018.0, 437204.25 ], [ 431018.25, 437204.25 ], [ 431018.25, 437204.0 ], [ 431018.75, 437204.0 ], [ 431018.75, 437203.75 ], [ 431019.0, 437203.75 ], [ 431019.0, 437202.0 ], [ 431018.75, 437202.0 ], [ 431018.75, 437201.5 ], [ 431019.25, 437201.5 ], [ 431019.25, 437201.25 ], [ 431021.75, 437201.25 ], [ 431021.75, 437201.5 ], [ 431022.25, 437201.5 ], [ 431022.25, 437202.0 ], [ 431022.5, 437202.0 ], [ 431022.5, 437202.5 ], [ 431022.75, 437202.5 ], [ 431022.75, 437204.25 ], [ 431023.0, 437204.25 ], [ 431023.0, 437207.0 ], [ 431022.75, 437207.0 ], [ 431022.75, 437207.25 ], [ 431021.75, 437207.25 ], [ 431021.75, 437207.0 ], [ 431020.25, 437207.0 ], [ 431020.25, 437207.25 ], [ 431019.75, 437207.25 ], [ 431019.75, 437207.5 ], [ 431019.5, 437207.5 ], [ 431019.5, 437207.75 ], [ 431018.0, 437207.75 ] ] ] } },
{ "type": "Feature", "properties": { }, "geometry": { "type": "Polygon", "coordinates": [ [ [ 431049.5, 437185.5 ], [ 431049.5, 437185.25 ], [ 431049.25, 437185.25 ], [ 431049.25, 437184.5 ], [ 431049.0, 437184.5 ], [ 431049.0, 437184.25 ], [ 431048.75, 437184.25 ], [ 431048.75, 437183.5 ], [ 431048.5, 437183.5 ], [ 431048.5, 437183.25 ], [ 431048.25, 437183.25 ], [ 431048.25, 437183.0 ], [ 431048.0, 437183.0 ], [ 431048.0, 437182.75 ], [ 431047.75, 437182.75 ], [ 431047.75, 437182.25 ], [ 431047.5, 437182.25 ], [ 431047.5, 437181.5 ], [ 431047.25, 437181.5 ], [ 431047.25, 437181.25 ], [ 431047.0, 437181.25 ], [ 431047.0, 437181.0 ], [ 431046.75, 437181.0 ], [ 431046.75, 437180.75 ], [ 431046.25, 437180.75 ], [ 431046.25, 437181.0 ], [ 431046.0, 437181.0 ], [ 431046.0, 437181.25 ], [ 431045.75, 437181.25 ], [ 431045.75, 437181.5 ], [ 431043.0, 437181.5 ], [ 431043.0, 437181.25 ], [ 431042.5, 437181.25 ], [ 431042.5, 437181.0 ], [ 431042.25, 437181.0 ], [ 431042.25, 437180.75 ], [ 431042.0, 437180.75 ], [ 431042.0, 437180.5 ], [ 431041.75, 437180.5 ], [ 431041.75, 437180.25 ], [ 431041.5, 437180.25 ], [ 431041.5, 437179.75 ], [ 431041.25, 437179.75 ], [ 431041.25, 437179.0 ], [ 431041.0, 437179.0 ], [ 431041.0, 437177.0 ], [ 431041.25, 437177.0 ], [ 431041.25, 437176.75 ], [ 431041.5, 437176.75 ], [ 431041.5, 437176.5 ], [ 431041.75, 437176.5 ], [ 431041.75, 437176.25 ], [ 431042.0, 437176.25 ], [ 431042.0, 437176.0 ], [ 431042.25, 437176.0 ], [ 431042.25, 437175.75 ], [ 431042.75, 437175.75 ], [ 431042.75, 437176.0 ], [ 431043.25, 437176.0 ], [ 431043.25, 437176.25 ], [ 431043.5, 437176.25 ], [ 431043.5, 437176.5 ], [ 431043.75, 437176.5 ], [ 431043.75, 437176.75 ], [ 431044.0, 437176.75 ], [ 431044.0, 437177.0 ], [ 431044.25, 437177.0 ], [ 431044.25, 437177.25 ], [ 431044.5, 437177.25 ], [ 431044.5, 437177.75 ], [ 431044.75, 437177.75 ], [ 431044.75, 437178.0 ], [ 431045.0, 437178.0 ], [ 431045.0, 437178.25 ], [ 431045.25, 437178.25 ], [ 431045.25, 437178.5 ], [ 431047.75, 437178.5 ], [ 431047.75, 437178.25 ], [ 431050.5, 437178.25 ], [ 431050.5, 437178.0 ], [ 431051.75, 437178.0 ], [ 431051.75, 437177.75 ], [ 431052.0, 437177.75 ], [ 431052.0, 437177.25 ], [ 431051.75, 437177.25 ], [ 431051.75, 437176.25 ], [ 431052.0, 437176.25 ], [ 431052.0, 437176.0 ], [ 431052.25, 437176.0 ], [ 431052.25, 437175.75 ], [ 431053.0, 437175.75 ], [ 431053.0, 437175.5 ], [ 431053.5, 437175.5 ], [ 431053.5, 437175.25 ], [ 431054.75, 437175.25 ], [ 431054.75, 437175.5 ], [ 431055.0, 437175.5 ], [ 431055.0, 437175.75 ], [ 431055.5, 437175.75 ], [ 431055.5, 437176.0 ], [ 431056.5, 437176.0 ], [ 431056.5, 437176.25 ], [ 431057.0, 437176.25 ], [ 431057.0, 437176.5 ], [ 431058.75, 437176.5 ], [ 431058.75, 437176.75 ], [ 431059.5, 437176.75 ], [ 431059.5, 437177.0 ], [ 431060.25, 437177.0 ], [ 431060.25, 437177.25 ], [ 431060.75, 437177.25 ], [ 431060.75, 437177.5 ], [ 431061.25, 437177.5 ], [ 431061.25, 437177.75 ], [ 431061.5, 437177.75 ], [ 431061.5, 437178.0 ], [ 431062.0, 437178.0 ], [ 431062.0, 437178.25 ], [ 431062.25, 437178.25 ], [ 431062.25, 437178.5 ], [ 431062.5, 437178.5 ], [ 431062.5, 437179.75 ], [ 431062.25, 437179.75 ], [ 431062.25, 437180.25 ], [ 431062.0, 437180.25 ], [ 431062.0, 437180.5 ], [ 431061.75, 437180.5 ], [ 431061.75, 437181.0 ], [ 431061.5, 437181.0 ], [ 431061.5, 437181.25 ], [ 431061.25, 437181.25 ], [ 431061.25, 437181.5 ], [ 431060.75, 437181.5 ], [ 431060.75, 437181.75 ], [ 431059.75, 437181.75 ], [ 431059.75, 437182.0 ], [ 431059.25, 437182.0 ], [ 431059.25, 437181.75 ], [ 431058.25, 437181.75 ], [ 431058.25, 437182.0 ], [ 431057.75, 437182.0 ], [ 431057.75, 437182.25 ], [ 431057.0, 437182.25 ], [ 431057.0, 437182.5 ], [ 431056.5, 437182.5 ], [ 431056.5, 437182.75 ], [ 431055.25, 437182.75 ], [ 431055.25, 437182.5 ], [ 431055.0, 437182.5 ], [ 431055.0, 437182.25 ], [ 431054.75, 437182.25 ], [ 431054.75, 437182.0 ], [ 431054.25, 437182.0 ], [ 431054.25, 437181.75 ], [ 431053.75, 437181.75 ], [ 431053.75, 437181.5 ], [ 431052.75, 437181.5 ], [ 431052.75, 437181.75 ], [ 431052.25, 437181.75 ], [ 431052.25, 437182.0 ], [ 431052.0, 437182.0 ], [ 431052.0, 437182.25 ], [ 431051.75, 437182.25 ], [ 431051.75, 437182.5 ], [ 431051.5, 437182.5 ], [ 431051.5, 437182.75 ], [ 431051.25, 437182.75 ], [ 431051.25, 437183.25 ], [ 431051.0, 437183.25 ], [ 431051.0, 437184.25 ], [ 431051.25, 437184.25 ], [ 431051.25, 437184.5 ], [ 431051.0, 437184.5 ], [ 431051.0, 437184.75 ], [ 431050.5, 437184.75 ], [ 431050.5, 437185.0 ], [ 431050.0, 437185.0 ], [ 431050.0, 437185.25 ], [ 431049.75, 437185.25 ], [ 431049.75, 437185.5 ], [ 431049.5, 437185.5 ] ], [ [ 431049.25, 437180.25 ], [ 431049.75, 437180.25 ], [ 431049.75, 437180.0 ], [ 431050.25, 437180.0 ], [ 431050.25, 437179.25 ], [ 431050.0, 437179.25 ], [ 431050.0, 437179.0 ], [ 431049.75, 437179.0 ], [ 431049.75, 437178.75 ], [ 431049.25, 437178.75 ], [ 431049.25, 437179.0 ], [ 431048.75, 437179.0 ], [ 431048.75, 437179.25 ], [ 431048.5, 437179.25 ], [ 431048.5, 437179.75 ], [ 431049.0, 437179.75 ], [ 431049.0, 437180.0 ], [ 431049.25, 437180.0 ], [ 431049.25, 437180.25 ] ], [ [ 431051.25, 437179.75 ], [ 431051.5, 437179.75 ], [ 431051.5, 437179.25 ], [ 431051.25, 437179.25 ], [ 431051.25, 437179.75 ] ] ] } },
{ "type": "Feature", "properties": { }, "geometry": { "type": "Polygon", "coordinates": [ [ [ 431106.0, 437173.5 ], [ 431106.0, 437173.25 ], [ 431105.75, 437173.25 ], [ 431105.75, 437173.0 ], [ 431105.25, 437173.0 ], [ 431105.25, 437172.75 ], [ 431104.75, 437172.75 ], [ 431104.75, 437172.5 ], [ 431104.25, 437172.5 ], [ 431104.25, 437172.25 ], [ 431103.75, 437172.25 ], [ 431103.75, 437172.0 ], [ 431103.0, 437172.0 ], [ 431103.0, 437171.75 ], [ 431102.25, 437171.75 ], [ 431102.25, 437171.5 ], [ 431101.75, 437171.5 ], [ 431101.75, 437171.25 ], [ 431101.5, 437171.25 ], [ 431101.5, 437171.0 ], [ 431101.25, 437171.0 ], [ 431101.25, 437170.75 ], [ 431101.0, 437170.75 ], [ 431101.0, 437170.5 ], [ 431100.75, 437170.5 ], [ 431100.75, 437168.5 ], [ 431101.0, 437168.5 ], [ 431101.0, 437168.0 ], [ 431101.25, 437168.0 ], [ 431101.25, 437167.5 ], [ 431101.5, 437167.5 ], [ 431101.5, 437167.0 ], [ 431101.75, 437167.0 ], [ 431101.75, 437166.5 ], [ 431102.0, 437166.5 ], [ 431102.0, 437166.25 ], [ 431102.25, 437166.25 ], [ 431102.25, 437165.75 ], [ 431103.0, 437165.75 ], [ 431103.0, 437166.0 ], [ 431103.5, 437166.0 ], [ 431103.5, 437166.25 ], [ 431103.75, 437166.25 ], [ 431103.75, 437166.5 ], [ 431104.0, 437166.5 ], [ 431104.0, 437166.75 ], [ 431104.25, 437166.75 ], [ 431104.25, 437167.0 ], [ 431104.5, 437167.0 ], [ 431104.5, 437167.25 ], [ 431105.0, 437167.25 ], [ 431105.0, 437167.5 ], [ 431105.75, 437167.5 ], [ 431105.75, 437167.75 ], [ 431106.25, 437167.75 ], [ 431106.25, 437168.0 ], [ 431107.75, 437168.0 ], [ 431107.75, 437167.75 ], [ 431108.25, 437167.75 ], [ 431108.25, 437167.5 ], [ 431108.75, 437167.5 ], [ 431108.75, 437167.25 ], [ 431109.0, 437167.25 ], [ 431109.0, 437167.0 ], [ 431110.0, 437167.0 ], [ 431110.0, 437167.5 ], [ 431110.25, 437167.5 ], [ 431110.25, 437168.25 ], [ 431110.5, 437168.25 ], [ 431110.5, 437168.5 ], [ 431110.25, 437168.5 ], [ 431110.25, 437169.0 ], [ 431110.0, 437169.0 ], [ 431110.0, 437169.75 ], [ 431109.75, 437169.75 ], [ 431109.75, 437170.75 ], [ 431109.5, 437170.75 ], [ 431109.5, 437171.25 ], [ 431109.25, 437171.25 ], [ 431109.25, 437171.5 ], [ 431109.0, 437171.5 ], [ 431109.0, 437171.75 ], [ 431108.75, 437171.75 ], [ 431108.75, 437172.0 ], [ 431108.25, 437172.0 ], [ 431108.25, 437172.25 ], [ 431108.0, 437172.25 ], [ 431108.0, 437172.5 ], [ 431107.5, 437172.5 ], [ 431107.5, 437172.75 ], [ 431107.25, 437172.75 ], [ 431107.25, 437173.0 ], [ 431107.0, 437173.0 ], [ 431107.0, 437173.25 ], [ 431106.75, 437173.25 ], [ 431106.75, 437173.5 ], [ 431106.0, 437173.5 ] ] ] } },
{ "type": "Feature", "properties": { }, "geometry": { "type": "Polygon", "coordinates": [ [ [ 431601.5, 437138.75 ], [ 431601.5, 437138.5 ], [ 431600.0, 437138.5 ], [ 431600.0, 437138.25 ], [ 431595.5, 437138.25 ], [ 431595.5, 437138.0 ], [ 431591.75, 437138.0 ], [ 431591.75, 437137.75 ], [ 431590.5, 437137.75 ], [ 431590.5, 437137.5 ], [ 431589.75, 437137.5 ], [ 431589.75, 437137.25 ], [ 431589.5, 437137.25 ], [ 431589.5, 437137.0 ], [ 431589.25, 437137.0 ], [ 431589.25, 437136.75 ], [ 431589.0, 437136.75 ], [ 431589.0, 437136.25 ], [ 431588.75, 437136.25 ], [ 431588.75, 437135.5 ], [ 431588.5, 437135.5 ], [ 431588.5, 437133.5 ], [ 431588.75, 437133.5 ], [ 431588.75, 437133.25 ], [ 431589.0, 437133.25 ], [ 431589.0, 437133.0 ], [ 431589.25, 437133.0 ], [ 431589.25, 437132.5 ], [ 431589.5, 437132.5 ], [ 431589.5, 437132.25 ], [ 431590.25, 437132.25 ], [ 431590.25, 437132.0 ], [ 431594.5, 437132.0 ], [ 431594.5, 437131.75 ], [ 431596.0, 437131.75 ], [ 431596.0, 437131.5 ], [ 431598.0, 437131.5 ], [ 431598.0, 437131.75 ], [ 431598.5, 437131.75 ], [ 431598.5, 437132.0 ], [ 431599.25, 437132.0 ], [ 431599.25, 437132.25 ], [ 431600.0, 437132.25 ], [ 431600.0, 437132.5 ], [ 431600.5, 437132.5 ], [ 431600.5, 437132.75 ], [ 431601.25, 437132.75 ], [ 431601.25, 437133.0 ], [ 431602.25, 437133.0 ], [ 431602.25, 437133.25 ], [ 431603.25, 437133.25 ], [ 431603.25, 437133.5 ], [ 431603.75, 437133.5 ], [ 431603.75, 437133.25 ], [ 431605.5, 437133.25 ], [ 431605.5, 437133.5 ], [ 431606.0, 437133.5 ], [ 431606.0, 437133.75 ], [ 431606.5, 437133.75 ], [ 431606.5, 437134.0 ], [ 431607.75, 437134.0 ], [ 431607.75, 437134.25 ], [ 431610.0, 437134.25 ], [ 431610.0, 437134.5 ], [ 431610.75, 437134.5 ], [ 431610.75, 437135.0 ], [ 431611.0, 437135.0 ], [ 431611.0, 437135.5 ], [ 431611.25, 437135.5 ], [ 431611.25, 437136.0 ], [ 431611.5, 437136.0 ], [ 431611.5, 437137.5 ], [ 431611.25, 437137.5 ], [ 431611.25, 437137.75 ], [ 431610.5, 437137.75 ], [ 431610.5, 437138.0 ], [ 431610.0, 437138.0 ], [ 431610.0, 437138.25 ], [ 431609.25, 437138.25 ], [ 431609.25, 437138.5 ], [ 431607.75, 437138.5 ], [ 431607.75, 437138.75 ], [ 431601.5, 437138.75 ] ] ] } },
{ "type": "Feature", "properties": { }, "geometry": { "type": "Polygon", "coordinates": [ [ [ 431263.0, 437138.5 ], [ 431263.0, 437138.25 ], [ 431262.5, 437138.25 ], [ 431262.5, 437138.0 ], [ 431262.0, 437138.0 ], [ 431262.0, 437137.75 ], [ 431261.25, 437137.75 ], [ 431261.25, 437137.5 ], [ 431260.75, 437137.5 ], [ 431260.75, 437137.25 ], [ 431259.25, 437137.25 ], [ 431259.25, 437137.0 ], [ 431258.5, 437137.0 ], [ 431258.5, 437136.75 ], [ 431258.25, 437136.75 ], [ 431258.25, 437137.0 ], [ 431256.0, 437137.0 ], [ 431256.0, 437120.5 ], [ 431260.75, 437120.5 ], [ 431260.75, 437120.75 ], [ 431261.25, 437120.75 ], [ 431261.25, 437121.0 ], [ 431261.75, 437121.0 ], [ 431261.75, 437121.25 ], [ 431262.0, 437121.25 ], [ 431262.0, 437121.5 ], [ 431262.25, 437121.5 ], [ 431262.25, 437121.75 ], [ 431263.0, 437121.75 ], [ 431263.0, 437122.0 ], [ 431263.5, 437122.0 ], [ 431263.5, 437122.25 ], [ 431263.75, 437122.25 ], [ 431263.75, 437122.5 ], [ 431264.0, 437122.5 ], [ 431264.0, 437122.75 ], [ 431264.25, 437122.75 ], [ 431264.25, 437123.0 ], [ 431264.5, 437123.0 ], [ 431264.5, 437123.25 ], [ 431264.75, 437123.25 ], [ 431264.75, 437123.75 ], [ 431265.0, 437123.75 ], [ 431265.0, 437125.0 ], [ 431265.25, 437125.0 ], [ 431265.25, 437126.25 ], [ 431265.5, 437126.25 ], [ 431265.5, 437126.5 ], [ 431265.25, 437126.5 ], [ 431265.25, 437128.5 ], [ 431265.0, 437128.5 ], [ 431265.0, 437129.75 ], [ 431264.75, 437129.75 ], [ 431264.75, 437130.0 ], [ 431264.5, 437130.0 ], [ 431264.5, 437130.25 ], [ 431264.25, 437130.25 ], [ 431264.25, 437130.75 ], [ 431264.0, 437130.75 ], [ 431264.0, 437131.25 ], [ 431263.75, 437131.25 ], [ 431263.75, 437131.75 ], [ 431264.0, 437131.75 ], [ 431264.0, 437132.5 ], [ 431264.25, 437132.5 ], [ 431264.25, 437132.75 ], [ 431264.5, 437132.75 ], [ 431264.5, 437133.0 ], [ 431264.75, 437133.0 ], [ 431264.75, 437133.5 ], [ 431265.0, 437133.5 ], [ 431265.0, 437134.0 ], [ 431265.25, 437134.0 ], [ 431265.25, 437134.25 ], [ 431265.5, 437134.25 ], [ 431265.5, 437134.5 ], [ 431265.75, 437134.5 ], [ 431265.75, 437135.0 ], [ 431266.0, 437135.0 ], [ 431266.0, 437135.5 ], [ 431266.25, 437135.5 ], [ 431266.25, 437137.25 ], [ 431266.0, 437137.25 ], [ 431266.0, 437137.75 ], [ 431265.75, 437137.75 ], [ 431265.75, 437138.0 ], [ 431264.25, 437138.0 ], [ 431264.25, 437138.25 ], [ 431264.0, 437138.25 ], [ 431264.0, 437138.5 ], [ 431263.0, 437138.5 ] ] ] } },
{ "type": "Feature", "properties": { }, "geometry": { "type": "Polygon", "coordinates": [ [ [ 431519.25, 437115.75 ], [ 431519.25, 437115.5 ], [ 431517.0, 437115.5 ], [ 431517.0, 437115.25 ], [ 431516.25, 437115.25 ], [ 431516.25, 437115.0 ], [ 431516.0, 437115.0 ], [ 431516.0, 437114.75 ], [ 431515.5, 437114.75 ], [ 431515.5, 437114.5 ], [ 431515.25, 437114.5 ], [ 431515.25, 437114.25 ], [ 431515.0, 437114.25 ], [ 431515.0, 437114.0 ], [ 431514.75, 437114.0 ], [ 431514.75, 437113.75 ], [ 431514.25, 437113.75 ], [ 431514.25, 437113.5 ], [ 431514.0, 437113.5 ], [ 431514.0, 437113.25 ], [ 431513.75, 437113.25 ], [ 431513.75, 437113.0 ], [ 431512.0, 437113.0 ], [ 431512.0, 437104.0 ], [ 431518.0, 437104.0 ], [ 431518.0, 437103.0 ], [ 431517.75, 437103.0 ], [ 431517.75, 437102.0 ], [ 431518.0, 437102.0 ], [ 431518.0, 437101.5 ], [ 431518.25, 437101.5 ], [ 431518.25, 437101.0 ], [ 431518.5, 437101.0 ], [ 431518.5, 437100.5 ], [ 431518.75, 437100.5 ], [ 431518.75, 437100.25 ], [ 431519.0, 437100.25 ], [ 431519.0, 437100.0 ], [ 431519.25, 437100.0 ], [ 431519.25, 437099.75 ], [ 431519.5, 437099.75 ], [ 431519.5, 437099.5 ], [ 431519.75, 437099.5 ], [ 431519.75, 437099.25 ], [ 431520.25, 437099.25 ], [ 431520.25, 437099.0 ], [ 431520.5, 437099.0 ], [ 431520.5, 437098.75 ], [ 431520.75, 437098.75 ], [ 431520.75, 437098.5 ], [ 431521.25, 437098.5 ], [ 431521.25, 437098.25 ], [ 431521.5, 437098.25 ], [ 431521.5, 437098.0 ], [ 431521.75, 437098.0 ], [ 431521.75, 437097.75 ], [ 431522.0, 437097.75 ], [ 431522.0, 437097.5 ], [ 431522.25, 437097.5 ], [ 431522.25, 437097.25 ], [ 431522.5, 437097.25 ], [ 431522.5, 437097.0 ], [ 431522.75, 437097.0 ], [ 431522.75, 437096.75 ], [ 431523.0, 437096.75 ], [ 431523.0, 437096.25 ], [ 431523.25, 437096.25 ], [ 431523.25, 437095.5 ], [ 431523.5, 437095.5 ], [ 431523.5, 437094.5 ], [ 431523.75, 437094.5 ], [ 431523.75, 437093.75 ], [ 431524.0, 437093.75 ], [ 431524.0, 437093.0 ], [ 431524.25, 437093.0 ], [ 431524.25, 437092.25 ], [ 431524.5, 437092.25 ], [ 431524.5, 437091.5 ], [ 431524.75, 437091.5 ], [ 431524.75, 437091.0 ], [ 431525.0, 437091.0 ], [ 431525.0, 437090.5 ], [ 431525.25, 437090.5 ], [ 431525.25, 437090.25 ], [ 431525.5, 437090.25 ], [ 431525.5, 437090.0 ], [ 431525.75, 437090.0 ], [ 431525.75, 437089.75 ], [ 431526.0, 437089.75 ], [ 431526.0, 437089.5 ], [ 431526.25, 437089.5 ], [ 431526.25, 437089.25 ], [ 431526.5, 437089.25 ], [ 431526.5, 437089.0 ], [ 431527.0, 437089.0 ], [ 431527.0, 437088.75 ], [ 431527.25, 437088.75 ], [ 431527.25, 437088.5 ], [ 431527.5, 437088.5 ], [ 431527.5, 437088.25 ], [ 431528.0, 437088.25 ], [ 431528.0, 437088.0 ], [ 431528.25, 437088.0 ], [ 431528.25, 437087.5 ], [ 431528.5, 437087.5 ], [ 431528.5, 437087.25 ], [ 431528.75, 437087.25 ], [ 431528.75, 437087.0 ], [ 431529.0, 437087.0 ], [ 431529.0, 437086.5 ], [ 431529.25, 437086.5 ], [ 431529.25, 437086.25 ], [ 431529.5, 437086.25 ], [ 431529.5, 437086.0 ], [ 431529.75, 437086.0 ], [ 431529.75, 437085.75 ], [ 431530.0, 437085.75 ], [ 431530.0, 437085.5 ], [ 431530.5, 437085.5 ], [ 431530.5, 437085.25 ], [ 431531.25, 437085.25 ], [ 431531.25, 437085.0 ], [ 431534.5, 437085.0 ], [ 431534.5, 437084.75 ], [ 431537.5, 437084.75 ], [ 431537.5, 437085.0 ], [ 431537.75, 437085.0 ], [ 431537.75, 437085.25 ], [ 431538.25, 437085.25 ], [ 431538.25, 437085.5 ], [ 431538.5, 437085.5 ], [ 431538.5, 437086.25 ], [ 431538.75, 437086.25 ], [ 431538.75, 437087.25 ], [ 431539.0, 437087.25 ], [ 431539.0, 437088.0 ], [ 431539.25, 437088.0 ], [ 431539.25, 437089.25 ], [ 431539.5, 437089.25 ], [ 431539.5, 437091.75 ], [ 431539.25, 437091.75 ], [ 431539.25, 437093.5 ], [ 431539.0, 437093.5 ], [ 431539.0, 437095.5 ], [ 431538.75, 437095.5 ], [ 431538.75, 437098.0 ], [ 431538.5, 437098.0 ], [ 431538.5, 437101.25 ], [ 431538.25, 437101.25 ], [ 431538.25, 437102.0 ], [ 431538.0, 437102.0 ], [ 431538.0, 437104.0 ], [ 431531.5, 437104.0 ], [ 431531.5, 437106.25 ], [ 431531.25, 437106.25 ], [ 431531.25, 437107.25 ], [ 431531.0, 437107.25 ], [ 431531.0, 437108.25 ], [ 431530.75, 437108.25 ], [ 431530.75, 437109.25 ], [ 431530.5, 437109.25 ], [ 431530.5, 437110.25 ], [ 431530.25, 437110.25 ], [ 431530.25, 437110.75 ], [ 431530.0, 437110.75 ], [ 431530.0, 437111.5 ], [ 431529.75, 437111.5 ], [ 431529.75, 437112.0 ], [ 431529.5, 437112.0 ], [ 431529.5, 437112.5 ], [ 431529.25, 437112.5 ], [ 431529.25, 437113.0 ], [ 431529.0, 437113.0 ], [ 431529.0, 437113.5 ], [ 431528.75, 437113.5 ], [ 431528.75, 437113.75 ], [ 431528.5, 437113.75 ], [ 431528.5, 437114.0 ], [ 431528.25, 437114.0 ], [ 431528.25, 437114.25 ], [ 431528.0, 437114.25 ], [ 431528.0, 437114.5 ], [ 431527.75, 437114.5 ], [ 431527.75, 437114.75 ], [ 431527.5, 437114.75 ], [ 431527.5, 437115.0 ], [ 431527.25, 437115.0 ], [ 431527.25, 437115.25 ], [ 431526.75, 437115.25 ], [ 431526.75, 437115.5 ], [ 431525.75, 437115.5 ], [ 431525.75, 437115.75 ], [ 431522.5, 437115.75 ], [ 431522.5, 437115.5 ], [ 431519.75, 437115.5 ], [ 431519.75, 437115.75 ], [ 431519.25, 437115.75 ] ] ] } },
{ "type": "Feature", "properties": { }, "geometry": { "type": "Polygon", "coordinates": [ [ [ 431997.0, 437119.0 ], [ 431997.0, 437118.75 ], [ 431994.25, 437118.75 ], [ 431994.25, 437118.5 ], [ 431993.25, 437118.5 ], [ 431993.25, 437118.25 ], [ 431992.0, 437118.25 ], [ 431992.0, 437118.0 ], [ 431990.25, 437118.0 ], [ 431990.25, 437117.75 ], [ 431989.0, 437117.75 ], [ 431989.0, 437117.5 ], [ 431988.5, 437117.5 ], [ 431988.5, 437117.25 ], [ 431987.75, 437117.25 ], [ 431987.75, 437117.0 ], [ 431987.25, 437117.0 ], [ 431987.25, 437116.75 ], [ 431986.25, 437116.75 ], [ 431986.25, 437116.5 ], [ 431985.5, 437116.5 ], [ 431985.5, 437116.25 ], [ 431984.75, 437116.25 ], [ 431984.75, 437116.0 ], [ 431983.75, 437116.0 ], [ 431983.75, 437115.75 ], [ 431982.5, 437115.75 ], [ 431982.5, 437115.5 ], [ 431981.5, 437115.5 ], [ 431981.5, 437115.25 ], [ 431981.0, 437115.25 ], [ 431981.0, 437115.0 ], [ 431980.25, 437115.0 ], [ 431980.25, 437114.75 ], [ 431979.25, 437114.75 ], [ 431979.25, 437114.5 ], [ 431978.5, 437114.5 ], [ 431978.5, 437114.25 ], [ 431978.25, 437114.25 ], [ 431978.25, 437114.0 ], [ 431978.0, 437114.0 ], [ 431978.0, 437113.75 ], [ 431977.75, 437113.75 ], [ 431977.75, 437113.5 ], [ 431977.5, 437113.5 ], [ 431977.5, 437113.0 ], [ 431977.25, 437113.0 ], [ 431977.25, 437112.5 ], [ 431977.0, 437112.5 ], [ 431977.0, 437112.0 ], [ 431976.75, 437112.0 ], [ 431976.75, 437111.5 ], [ 431976.5, 437111.5 ], [ 431976.5, 437110.0 ], [ 431976.25, 437110.0 ], [ 431976.25, 437109.25 ], [ 431976.5, 437109.25 ], [ 431976.5, 437107.25 ], [ 431976.75, 437107.25 ], [ 431976.75, 437105.75 ], [ 431977.0, 437105.75 ], [ 431977.0, 437104.0 ], [ 431977.75, 437104.0 ], [ 431977.75, 437101.75 ], [ 431978.0, 437101.75 ], [ 431978.0, 437100.75 ], [ 431978.25, 437100.75 ], [ 431978.25, 437099.75 ], [ 431978.5, 437099.75 ], [ 431978.5, 437099.0 ], [ 431978.75, 437099.0 ], [ 431978.75, 437098.0 ], [ 431979.0, 437098.0 ], [ 431979.0, 437097.25 ], [ 431979.25, 437097.25 ], [ 431979.25, 437096.5 ], [ 431979.5, 437096.5 ], [ 431979.5, 437095.75 ], [ 431979.75, 437095.75 ], [ 431979.75, 437095.25 ], [ 431980.0, 437095.25 ], [ 431980.0, 437094.75 ], [ 431980.25, 437094.75 ], [ 431980.25, 437094.0 ], [ 431980.5, 437094.0 ], [ 431980.5, 437093.25 ], [ 431980.75, 437093.25 ], [ 431980.75, 437092.75 ], [ 431981.0, 437092.75 ], [ 431981.0, 437092.25 ], [ 431981.25, 437092.25 ], [ 431981.25, 437092.0 ], [ 431981.5, 437092.0 ], [ 431981.5, 437091.75 ], [ 431981.75, 437091.75 ], [ 431981.75, 437091.5 ], [ 431982.0, 437091.5 ], [ 431982.0, 437091.0 ], [ 431982.25, 437091.0 ], [ 431982.25, 437090.75 ], [ 431982.5, 437090.75 ], [ 431982.5, 437090.5 ], [ 431982.75, 437090.5 ], [ 431982.75, 437090.25 ], [ 431983.0, 437090.25 ], [ 431983.0, 437090.0 ], [ 431983.25, 437090.0 ], [ 431983.25, 437089.75 ], [ 431983.5, 437089.75 ], [ 431983.5, 437089.5 ], [ 431983.75, 437089.5 ], [ 431983.75, 437089.0 ], [ 431984.0, 437089.0 ], [ 431984.0, 437088.5 ], [ 431984.25, 437088.5 ], [ 431984.25, 437088.0 ], [ 431984.5, 437088.0 ], [ 431984.5, 437087.75 ], [ 431984.75, 437087.75 ], [ 431984.75, 437087.5 ], [ 431985.0, 437087.5 ], [ 431985.0, 437087.0 ], [ 431985.25, 437087.0 ], [ 431985.25, 437086.75 ], [ 431985.5, 437086.75 ], [ 431985.5, 437086.25 ], [ 431985.75, 437086.25 ], [ 431985.75, 437086.0 ], [ 431986.0, 437086.0 ], [ 431986.0, 437085.75 ], [ 431986.25, 437085.75 ], [ 431986.25, 437085.5 ], [ 431986.5, 437085.5 ], [ 431986.5, 437085.25 ], [ 431986.75, 437085.25 ], [ 431986.75, 437085.0 ], [ 431987.0, 437085.0 ], [ 431987.0, 437084.5 ], [ 431987.25, 437084.5 ], [ 431987.25, 437084.25 ], [ 431987.75, 437084.25 ], [ 431987.75, 437084.0 ], [ 431988.0, 437084.0 ], [ 431988.0, 437083.75 ], [ 431988.5, 437083.75 ], [ 431988.5, 437083.5 ], [ 431989.0, 437083.5 ], [ 431989.0, 437083.25 ], [ 431990.0, 437083.25 ], [ 431990.0, 437083.0 ], [ 431992.25, 437083.0 ], [ 431992.25, 437082.75 ], [ 431993.25, 437082.75 ], [ 431993.25, 437082.5 ], [ 431994.75, 437082.5 ], [ 431994.75, 437082.25 ], [ 431996.5, 437082.25 ], [ 431996.5, 437082.5 ], [ 431998.0, 437082.5 ], [ 431998.0, 437082.75 ], [ 431998.75, 437082.75 ], [ 431998.75, 437083.0 ], [ 431999.0, 437083.0 ], [ 431999.0, 437083.25 ], [ 431999.25, 437083.25 ], [ 431999.25, 437083.5 ], [ 431999.5, 437083.5 ], [ 431999.5, 437083.75 ], [ 431999.75, 437083.75 ], [ 431999.75, 437084.0 ], [ 432000.0, 437084.0 ], [ 432000.0, 437118.25 ], [ 431999.75, 437118.25 ], [ 431999.75, 437118.5 ], [ 431999.25, 437118.5 ], [ 431999.25, 437118.75 ], [ 431998.5, 437118.75 ], [ 431998.5, 437119.0 ], [ 431997.0, 437119.0 ] ] ] } },
{ "type": "Feature", "properties": { }, "geometry": { "type": "Polygon", "coordinates": [ [ [ 431733.25, 437100.75 ], [ 431733.25, 437100.5 ], [ 431732.5, 437100.5 ], [ 431732.5, 437100.25 ], [ 431731.75, 437100.25 ], [ 431731.75, 437100.0 ], [ 431731.5, 437100.0 ], [ 431731.5, 437099.75 ], [ 431731.25, 437099.75 ], [ 431731.25, 437099.5 ], [ 431731.0, 437099.5 ], [ 431731.0, 437098.75 ], [ 431730.75, 437098.75 ], [ 431730.75, 437097.0 ], [ 431730.5, 437097.0 ], [ 431730.5, 437095.0 ], [ 431730.25, 437095.0 ], [ 431730.25, 437090.5 ], [ 431730.5, 437090.5 ], [ 431730.5, 437089.5 ], [ 431730.25, 437089.5 ], [ 431730.25, 437082.5 ], [ 431730.5, 437082.5 ], [ 431730.5, 437077.75 ], [ 431730.75, 437077.75 ], [ 431730.75, 437077.25 ], [ 431730.5, 437077.25 ], [ 431730.5, 437074.0 ], [ 431730.75, 437074.0 ], [ 431730.75, 437073.25 ], [ 431730.5, 437073.25 ], [ 431730.5, 437072.25 ], [ 431730.75, 437072.25 ], [ 431730.75, 437069.25 ], [ 431731.0, 437069.25 ], [ 431731.0, 437066.75 ], [ 431731.25, 437066.75 ], [ 431731.25, 437065.0 ], [ 431731.5, 437065.0 ], [ 431731.5, 437064.0 ], [ 431731.75, 437064.0 ], [ 431731.75, 437063.5 ], [ 431732.0, 437063.5 ], [ 431732.0, 437062.75 ], [ 431732.25, 437062.75 ], [ 431732.25, 437062.25 ], [ 431732.5, 437062.25 ], [ 431732.5, 437061.75 ], [ 431732.75, 437061.75 ], [ 431732.75, 437061.25 ], [ 431733.0, 437061.25 ], [ 431733.0, 437060.75 ], [ 431733.25, 437060.75 ], [ 431733.25, 437060.25 ], [ 431733.75, 437060.25 ], [ 431733.75, 437060.0 ], [ 431734.25, 437060.0 ], [ 431734.25, 437059.75 ], [ 431734.75, 437059.75 ], [ 431734.75, 437059.5 ], [ 431735.25, 437059.5 ], [ 431735.25, 437059.25 ], [ 431735.5, 437059.25 ], [ 431735.5, 437058.75 ], [ 431735.75, 437058.75 ], [ 431735.75, 437058.5 ], [ 431736.0, 437058.5 ], [ 431736.0, 437058.25 ], [ 431736.75, 437058.25 ], [ 431736.75, 437058.0 ], [ 431737.25, 437058.0 ], [ 431737.25, 437057.75 ], [ 431738.75, 437057.75 ], [ 431738.75, 437058.0 ], [ 431739.5, 437058.0 ], [ 431739.5, 437058.25 ], [ 431739.75, 437058.25 ], [ 431739.75, 437058.5 ], [ 431740.0, 437058.5 ], [ 431740.0, 437058.75 ], [ 431740.25, 437058.75 ], [ 431740.25, 437059.25 ], [ 431740.5, 437059.25 ], [ 431740.5, 437059.75 ], [ 431740.75, 437059.75 ], [ 431740.75, 437060.5 ], [ 431741.0, 437060.5 ], [ 431741.0, 437061.0 ], [ 431741.25, 437061.0 ], [ 431741.25, 437061.25 ], [ 431741.5, 437061.25 ], [ 431741.5, 437062.75 ], [ 431741.75, 437062.75 ], [ 431741.75, 437064.0 ], [ 431742.0, 437064.0 ], [ 431742.0, 437065.0 ], [ 431742.25, 437065.0 ], [ 431742.25, 437066.75 ], [ 431742.5, 437066.75 ], [ 431742.5, 437067.25 ], [ 431742.75, 437067.25 ], [ 431742.75, 437068.0 ], [ 431743.0, 437068.0 ], [ 431743.0, 437069.0 ], [ 431743.25, 437069.0 ], [ 431743.25, 437072.0 ], [ 431743.0, 437072.0 ], [ 431743.0, 437075.0 ], [ 431743.25, 437075.0 ], [ 431743.25, 437077.75 ], [ 431743.5, 437077.75 ], [ 431743.5, 437092.5 ], [ 431743.25, 437092.5 ], [ 431743.25, 437095.5 ], [ 431743.0, 437095.5 ], [ 431743.0, 437097.0 ], [ 431742.75, 437097.0 ], [ 431742.75, 437098.25 ], [ 431742.5, 437098.25 ], [ 431742.5, 437099.0 ], [ 431742.25, 437099.0 ], [ 431742.25, 437099.25 ], [ 431742.0, 437099.25 ], [ 431742.0, 437099.5 ], [ 431741.75, 437099.5 ], [ 431741.75, 437099.75 ], [ 431741.5, 437099.75 ], [ 431741.5, 437100.0 ], [ 431740.75, 437100.0 ], [ 431740.75, 437100.25 ], [ 431737.0, 437100.25 ], [ 431737.0, 437100.5 ], [ 431734.5, 437100.5 ], [ 431734.5, 437100.75 ], [ 431733.25, 437100.75 ] ] ] } }
]
}
