{
"type": "FeatureCollection",
"name": "se3237_rgb_250_03_original",
"crs": { "type": "name", "properties": { "name": "urn:ogc:def:crs:EPSG::27700" } },
"features": [
{ "type": "Feature", "properties": { }, "geometry": { "type": "Polygon", "coordinates": [ [ [ 432669.25, 438000.0 ], [ 432669.25, 437998.0 ], [ 432669.5, 437998.0 ], [ 432669.5, 437996.75 ], [ 432669.75, 437996.75 ], [ 432669.75, 437996.0 ], [ 432669.5, 437996.0 ], [ 432669.5, 437995.25 ], [ 432669.75, 437995.25 ], [ 432669.75, 437994.0 ], [ 432670.0, 437994.0 ], [ 432670.0, 437992.75 ], [ 432670.25, 437992.75 ], [ 432670.25, 437992.0 ], [ 432670.5, 437992.0 ], [ 432670.5, 437990.75 ], [ 432670.75, 437990.75 ], [ 432670.75, 437989.25 ], [ 432671.0, 437989.25 ], [ 432671.0, 437988.25 ], [ 432671.25, 437988.25 ], [ 432671.25, 437987.0 ], [ 432671.5, 437987.0 ], [ 432671.5, 437985.0 ], [ 432671.75, 437985.0 ], [ 432671.75, 437983.0 ], [ 432672.0, 437983.0 ], [ 432672.0, 437981.5 ], [ 432672.25, 437981.5 ], [ 432672.25, 437981.0 ], [ 432672.5, 437981.0 ], [ 432672.5, 437980.5 ], [ 432672.75, 437980.5 ], [ 432672.75, 437980.0 ], [ 432673.0, 437980.0 ], [ 432673.0, 437979.5 ], [ 432673.25, 437979.5 ], [ 432673.25, 437978.75 ], [ 432673.5, 437978.75 ], [ 432673.5, 437978.5 ], [ 432673.75, 437978.5 ], [ 432673.75, 437978.25 ], [ 432674.0, 437978.25 ], [ 432674.0, 437977.75 ], [ 432674.25, 437977.75 ], [ 432674.25, 437977.5 ], [ 432674.5, 437977.5 ], [ 432674.5, 437977.0 ], [ 432674.75, 437977.0 ], [ 432674.75, 437976.5 ], [ 432675.0, 437976.5 ], [ 432675.0, 437976.0 ], [ 432675.25, 437976.0 ], [ 432675.25, 437975.25 ], [ 432675.5, 437975.25 ], [ 432675.5, 437974.75 ], [ 432675.75, 437974.75 ], [ 432675.75, 437974.25 ], [ 432676.0, 437974.25 ], [ 432676.0, 437973.5 ], [ 432676.25, 437973.5 ], [ 432676.25, 437972.75 ], [ 432676.5, 437972.75 ], [ 432676.5, 437972.0 ], [ 432676.75, 437972.0 ], [ 432676.75, 437971.5 ], [ 432677.0, 437971.5 ], [ 432677.0, 437971.0 ], [ 432677.25, 437971.0 ], [ 432677.25, 437970.5 ], [ 432677.5, 437970.5 ], [ 432677.5, 437970.0 ], [ 432677.75, 437970.0 ], [ 432677.75, 437969.5 ], [ 432678.0, 437969.5 ], [ 432678.0, 437969.0 ], [ 432678.25, 437969.0 ], [ 432678.25, 437968.25 ], [ 432678.5, 437968.25 ], [ 432678.5, 437967.5 ], [ 432678.75, 437967.5 ], [ 432678.75, 437966.75 ], [ 432679.0, 437966.75 ], [ 432679.0, 437966.0 ], [ 432679.25, 437966.0 ], [ 432679.25, 437965.5 ], [ 432679.5, 437965.5 ], [ 432679.5, 437965.0 ], [ 432679.75, 437965.0 ], [ 432679.75, 437964.5 ], [ 432680.0, 437964.5 ], [ 432680.0, 437964.25 ], [ 432680.25, 437964.25 ], [ 432680.25, 437963.75 ], [ 432680.5, 437963.75 ], [ 432680.5, 437963.5 ], [ 432680.75, 437963.5 ], [ 432680.75, 437963.25 ], [ 432681.0, 437963.25 ], [ 432681.0, 437963.0 ], [ 432681.25, 437963.0 ], [ 432681.25, 437962.75 ], [ 432681.75, 437962.75 ], [ 432681.75, 437962.5 ], [ 432682.0, 437962.5 ], [ 432682.0, 437962.25 ], [ 432682.25, 437962.25 ], [ 432682.25, 437962.0 ], [ 432682.75, 437962.0 ], [ 432682.75, 437961.75 ], [ 432683.0, 437961.75 ], [ 432683.0, 437961.5 ], [ 432683.75, 437961.5 ], [ 432683.75, 437961.25 ], [ 432684.75, 437961.25 ], [ 432684.75, 437961.0 ], [ 432685.0, 437961.0 ], [ 432685.0, 437960.75 ], [ 432685.5, 437960.75 ], [ 432685.5, 437960.5 ], [ 432685.75, 437960.5 ], [ 432685.75, 437960.25 ], [ 432686.25, 437960.25 ], [ 432686.25, 437960.0 ], [ 432686.5, 437960.0 ], [ 432686.5, 437959.75 ], [ 432686.75, 437959.75 ], [ 432686.75, 437959.5 ], [ 432687.0, 437959.5 ], [ 432687.0, 437959.25 ], [ 432687.25, 437959.25 ], [ 432687.25, 437958.75 ], [ 432687.5, 437958.75 ], [ 432687.5, 437958.5 ], [ 432687.75, 437958.5 ], [ 432687.75, 437958.25 ], [ 432688.0, 437958.25 ], [ 432688.0, 437958.0 ], [ 432688.25, 437958.0 ], [ 432688.25, 437957.75 ], [ 432688.5, 437957.75 ], [ 432688.5, 437957.5 ], [ 432688.75, 437957.5 ], [ 432688.75, 437957.0 ], [ 432689.0, 437957.0 ], [ 432689.0, 437956.75 ], [ 432689.5, 437956.75 ], [ 432689.5, 437956.5 ], [ 432689.75, 437956.5 ], [ 432689.75, 437956.25 ], [ 432690.0, 437956.25 ], [ 432690.0, 437956.0 ], [ 432690.5, 437956.0 ], [ 432690.5, 437955.75 ], [ 432691.25, 437955.75 ], [ 432691.25, 437955.5 ], [ 432692.5, 437955.5 ], [ 432692.5, 437955.25 ], [ 432697.25, 437955.25 ], [ 432697.25, 437955.0 ], [ 432718.0, 437955.0 ], [ 432718.0, 437954.75 ], [ 432738.0, 437954.75 ], [ 432738.0, 437954.5 ], [ 432746.25, 437954.5 ], [ 432746.25, 437954.25 ], [ 432750.75, 437954.25 ], [ 432750.75, 437954.5 ], [ 432752.0, 437954.5 ], [ 432752.0, 437954.75 ], [ 432753.0, 437954.75 ], [ 432753.0, 437955.0 ], [ 432753.5, 437955.0 ], [ 432753.5, 437955.25 ], [ 432754.0, 437955.25 ], [ 432754.0, 437955.5 ], [ 432754.5, 437955.5 ], [ 432754.5, 437955.75 ], [ 432755.0, 437955.75 ], [ 432755.0, 437956.0 ], [ 432755.25, 437956.0 ], [ 432755.25, 437956.25 ], [ 432755.75, 437956.25 ], [ 432755.75, 437956.75 ], [ 432756.0, 437956.75 ], [ 432756.0, 437957.0 ], [ 432756.25, 437957.0 ], [ 432756.25, 437957.25 ], [ 432756.5, 437957.25 ], [ 432756.5, 437957.5 ], [ 432756.75, 437957.5 ], [ 432756.75, 437958.0 ], [ 432757.0, 437958.0 ], [ 432757.0, 437958.5 ], [ 432757.25, 437958.5 ], [ 432757.25, 437959.25 ], [ 432757.5, 437959.25 ], [ 432757.5, 437960.0 ], [ 432757.75, 437960.0 ], [ 432757.75, 437961.0 ], [ 432758.0, 437961.0 ], [ 432758.0, 437962.0 ], [ 432758.25, 437962.0 ], [ 432758.25, 437964.25 ], [ 432758.5, 437964.25 ], [ 432758.5, 437985.5 ], [ 432758.75, 437985.5 ], [ 432758.75, 437990.5 ], [ 432758.5, 437990.5 ], [ 432758.5, 437991.0 ], [ 432758.25, 437991.0 ], [ 432758.25, 437991.75 ], [ 432758.0, 437991.75 ], [ 432758.0, 437992.5 ], [ 432757.75, 437992.5 ], [ 432757.75, 437993.0 ], [ 432757.5, 437993.0 ], [ 432757.5, 437993.5 ], [ 432757.25, 437993.5 ], [ 432757.25, 437994.5 ], [ 432757.0, 437994.5 ], [ 432757.0, 437995.0 ], [ 432756.75, 437995.0 ], [ 432756.75, 437995.5 ], [ 432756.5, 437995.5 ], [ 432756.5, 437996.25 ], [ 432756.25, 437996.25 ], [ 432756.25, 437997.0 ], [ 432756.0, 437997.0 ], [ 432756.0, 437997.5 ], [ 432755.75, 437997.5 ], [ 432755.75, 437998.0 ], [ 432755.5, 437998.0 ], [ 432755.5, 437998.25 ], [ 432755.25, 437998.25 ], [ 432755.25, 438000.0 ], [ 432669.25, 438000.0 ] ] ] } },
{ "type": "Feature", "properties": { }, "geometry": { "type": "Polygon", "coordinates": [ [ [ 432030.25, 437948.5 ], [ 432030.25, 437948.25 ], [ 432029.5, 437948.25 ], [ 432029.5, 437948.0 ], [ 432029.25, 437948.0 ], [ 432029.25, 437947.25 ], [ 432029.0, 437947.25 ], [ 432029.0, 437946.75 ], [ 432028.5, 437946.75 ], [ 432028.5, 437946.5 ], [ 432030.5, 437946.5 ], [ 432030.5, 437948.5 ], [ 432030.25, 437948.5 ] ] ] } },
{ "type": "Feature", "properties": { }, "geometry": { "type": "Polygon", "coordinates": [ [ [ 432785.25, 437968.75 ], [ 432785.25, 437968.5 ], [ 432784.75, 437968.5 ], [ 432784.75, 437968.25 ], [ 432784.5, 437968.25 ], [ 432784.5, 437968.0 ], [ 432784.25, 437968.0 ], [ 432784.25, 437967.75 ], [ 432784.0, 437967.75 ], [ 432784.0, 437967.5 ], [ 432783.75, 437967.5 ], [ 432783.75, 437967.25 ], [ 432783.5, 437967.25 ], [ 432783.5, 437966.75 ], [ 432783.25, 437966.75 ], [ 432783.25, 437964.75 ], [ 432783.0, 437964.75 ], [ 432783.0, 437962.75 ], [ 432782.75, 437962.75 ], [ 432782.75, 437961.25 ], [ 432782.5, 437961.25 ], [ 432782.5, 437960.25 ], [ 432782.25, 437960.25 ], [ 432782.25, 437959.5 ], [ 432782.0, 437959.5 ], [ 432782.0, 437958.75 ], [ 432781.75, 437958.75 ], [ 432781.75, 437957.75 ], [ 432781.5, 437957.75 ], [ 432781.5, 437957.0 ], [ 432781.25, 437957.0 ], [ 432781.25, 437955.75 ], [ 432781.0, 437955.75 ], [ 432781.0, 437954.5 ], [ 432780.75, 437954.5 ], [ 432780.75, 437953.0 ], [ 432780.5, 437953.0 ], [ 432780.5, 437952.0 ], [ 432780.25, 437952.0 ], [ 432780.25, 437950.75 ], [ 432780.0, 437950.75 ], [ 432780.0, 437949.0 ], [ 432779.75, 437949.0 ], [ 432779.75, 437947.5 ], [ 432779.5, 437947.5 ], [ 432779.5, 437946.25 ], [ 432779.25, 437946.25 ], [ 432779.25, 437944.5 ], [ 432779.0, 437944.5 ], [ 432779.0, 437943.0 ], [ 432778.75, 437943.0 ], [ 432778.75, 437941.25 ], [ 432778.5, 437941.25 ], [ 432778.5, 437939.25 ], [ 432778.25, 437939.25 ], [ 432778.25, 437936.25 ], [ 432778.5, 437936.25 ], [ 432778.5, 437934.25 ], [ 432778.75, 437934.25 ], [ 432778.75, 437934.0 ], [ 432779.0, 437934.0 ], [ 432779.0, 437933.5 ], [ 432779.25, 437933.5 ], [ 432779.25, 437933.25 ], [ 432779.5, 437933.25 ], [ 432779.5, 437933.0 ], [ 432780.0, 437933.0 ], [ 432780.0, 437932.75 ], [ 432780.5, 437932.75 ], [ 432780.5, 437932.5 ], [ 432781.0, 437932.5 ], [ 432781.0, 437932.25 ], [ 432782.25, 437932.25 ], [ 432782.25, 437932.0 ], [ 432786.25, 437932.0 ], [ 432786.25, 437931.75 ], [ 432787.75, 437931.75 ], [ 432787.75, 437931.5 ], [ 432790.25, 437931.5 ], [ 432790.25, 437931.25 ], [ 432792.5, 437931.25 ], [ 432792.5, 437931.0 ], [ 432794.5, 437931.0 ], [ 432794.5, 437930.75 ], [ 432796.5, 437930.75 ], [ 432796.5, 437930.5 ], [ 432799.0, 437930.5 ], [ 432799.0, 437930.25 ], [ 432802.0, 437930.25 ], [ 432802.0, 437930.0 ], [ 432805.75, 437930.0 ], [ 432805.75, 437929.75 ], [ 432807.75, 437929.75 ], [ 432807.75, 437929.5 ], [ 432811.0, 437929.5 ], [ 432811.0, 437929.75 ], [ 432811.5, 437929.75 ], [ 432811.5, 437930.0 ], [ 432812.0, 437930.0 ], [ 432812.0, 437930.25 ], [ 432812.25, 437930.25 ], [ 432812.25, 437930.5 ], [ 432812.5, 437930.5 ], [ 432812.5, 437930.75 ], [ 432812.75, 437930.75 ], [ 432812.75, 437931.25 ], [ 432813.0, 437931.25 ], [ 432813.0, 437931.75 ], [ 432813.25, 437931.75 ], [ 432813.25, 437932.25 ], [ 432813.5, 437932.25 ], [ 432813.5, 437933.0 ], [ 432813.75, 437933.0 ], [ 432813.75, 437933.75 ], [ 432814.0, 437933.75 ], [ 432814.0, 437935.25 ], [ 432814.25, 437935.25 ], [ 432814.25, 437937.25 ], [ 432814.5, 437937.25 ], [ 432814.5, 437939.0 ], [ 432814.75, 437939.0 ], [ 432814.75, 437940.5 ], [ 432815.0, 437940.5 ], [ 432815.0, 437943.0 ], [ 432815.25, 437943.0 ], [ 432815.25, 437945.5 ], [ 432815.5, 437945.5 ], [ 432815.5, 437947.75 ], [ 432815.75, 437947.75 ], [ 432815.75, 437950.5 ], [ 432816.0, 437950.5 ], [ 432816.0, 437952.5 ], [ 432816.25, 437952.5 ], [ 432816.25, 437954.25 ], [ 432816.5, 437954.25 ], [ 432816.5, 437955.75 ], [ 432816.75, 437955.75 ], [ 432816.75, 437958.25 ], [ 432817.0, 437958.25 ], [ 432817.0, 437962.75 ], [ 432816.75, 437962.75 ], [ 432816.75, 437963.5 ], [ 432816.5, 437963.5 ], [ 432816.5, 437964.0 ], [ 432816.25, 437964.0 ], [ 432816.25, 437964.25 ], [ 432816.0, 437964.25 ], [ 432816.0, 437964.5 ], [ 432815.75, 437964.5 ], [ 432815.75, 437964.75 ], [ 432815.25, 437964.75 ], [ 432815.25, 437965.0 ], [ 432815.0, 437965.0 ], [ 432815.0, 437965.25 ], [ 432814.5, 437965.25 ], [ 432814.5, 437965.5 ], [ 432814.0, 437965.5 ], [ 432814.0, 437965.75 ], [ 432813.5, 437965.75 ], [ 432813.5, 437966.0 ], [ 432812.0, 437966.0 ], [ 432812.0, 437966.25 ], [ 432810.5, 437966.25 ], [ 432810.5, 437966.5 ], [ 432808.25, 437966.5 ], [ 432808.25, 437966.75 ], [ 432805.75, 437966.75 ], [ 432805.75, 437967.0 ], [ 432803.0, 437967.0 ], [ 432803.0, 437967.25 ], [ 432801.0, 437967.25 ], [ 432801.0, 437967.5 ], [ 432800.0, 437967.5 ], [ 432800.0, 437967.75 ], [ 432797.25, 437967.75 ], [ 432797.25, 437968.0 ], [ 432795.75, 437968.0 ], [ 432795.75, 437968.25 ], [ 432794.25, 437968.25 ], [ 432794.25, 437968.5 ], [ 432791.75, 437968.5 ], [ 432791.75, 437968.75 ], [ 432785.25, 437968.75 ] ] ] } },
{ "type": "Feature", "properties": { }, "geometry": { "type": "Polygon", "coordinates": [ [ [ 432502.5, 437949.25 ], [ 432502.5, 437949.0 ], [ 432502.25, 437949.0 ], [ 432502.25, 437948.75 ], [ 432501.75, 437948.75 ], [ 432501.75, 437948.5 ], [ 432501.5, 437948.5 ], [ 432501.5, 437947.75 ], [ 432501.25, 437947.75 ], [ 432501.25, 437947.25 ], [ 432501.0, 437947.25 ], [ 432501.0, 437946.75 ], [ 432500.75, 437946.75 ], [ 432500.75, 437946.25 ], [ 432500.5, 437946.25 ], [ 432500.5, 437945.75 ], [ 432500.25, 437945.75 ], [ 432500.25, 437945.5 ], [ 432500.0, 437945.5 ], [ 432500.0, 437945.0 ], [ 432499.75, 437945.0 ], [ 432499.75, 437944.75 ], [ 432499.5, 437944.75 ], [ 432499.5, 437944.5 ], [ 432499.25, 437944.5 ], [ 432499.25, 437944.25 ], [ 432499.0, 437944.25 ], [ 432499.0, 437944.0 ], [ 432498.75, 437944.0 ], [ 432498.75, 437943.75 ], [ 432498.5, 437943.75 ], [ 432498.5, 437943.5 ], [ 432498.25, 437943.5 ], [ 432498.25, 437942.75 ], [ 432498.0, 437942.75 ], [ 432498.0, 437942.25 ], [ 432497.75, 437942.25 ], [ 432497.75, 437941.25 ], [ 432497.5, 437941.25 ], [ 432497.5, 437940.5 ], [ 432497.25, 437940.5 ], [ 432497.25, 437938.25 ], [ 432497.0, 437938.25 ], [ 432497.0, 437938.0 ], [ 432496.75, 437938.0 ], [ 432496.75, 437937.75 ], [ 432496.5, 437937.75 ], [ 432496.5, 437937.5 ], [ 432496.25, 437937.5 ], [ 432496.25, 437937.25 ], [ 432496.0, 437937.25 ], [ 432496.0, 437936.75 ], [ 432495.75, 437936.75 ], [ 432495.75, 437936.5 ], [ 432495.5, 437936.5 ], [ 432495.5, 437936.25 ], [ 432494.75, 437936.25 ], [ 432494.75, 437936.0 ], [ 432494.5, 437936.0 ], [ 432494.5, 437935.75 ], [ 432494.25, 437935.75 ], [ 432494.25, 437935.5 ], [ 432494.0, 437935.5 ], [ 432494.0, 437935.0 ], [ 432493.75, 437935.0 ], [ 432493.75, 437934.5 ], [ 432493.5, 437934.5 ], [ 432493.5, 437934.0 ], [ 432493.25, 437934.0 ], [ 432493.25, 437932.25 ], [ 432493.0, 437932.25 ], [ 432493.0, 437931.5 ], [ 432492.75, 437931.5 ], [ 432492.75, 437931.0 ], [ 432492.5, 437931.0 ], [ 432492.5, 437930.5 ], [ 432492.25, 437930.5 ], [ 432492.25, 437929.25 ], [ 432492.0, 437929.25 ], [ 432492.0, 437928.25 ], [ 432491.75, 437928.25 ], [ 432491.75, 437927.25 ], [ 432491.5, 437927.25 ], [ 432491.5, 437926.25 ], [ 432491.25, 437926.25 ], [ 432491.25, 437925.5 ], [ 432491.0, 437925.5 ], [ 432491.0, 437925.0 ], [ 432490.75, 437925.0 ], [ 432490.75, 437924.5 ], [ 432490.5, 437924.5 ], [ 432490.5, 437924.25 ], [ 432490.25, 437924.25 ], [ 432490.25, 437924.0 ], [ 432490.0, 437924.0 ], [ 432490.0, 437923.75 ], [ 432489.75, 437923.75 ], [ 432489.75, 437923.5 ], [ 432489.5, 437923.5 ], [ 432489.5, 437922.5 ], [ 432489.25, 437922.5 ], [ 432489.25, 437922.0 ], [ 432489.0, 437922.0 ], [ 432489.0, 437921.25 ], [ 432488.75, 437921.25 ], [ 432488.75, 437920.75 ], [ 432488.5, 437920.75 ], [ 432488.5, 437920.0 ], [ 432488.25, 437920.0 ], [ 432488.25, 437919.25 ], [ 432488.0, 437919.25 ], [ 432488.0, 437918.5 ], [ 432487.75, 437918.5 ], [ 432487.75, 437917.5 ], [ 432487.5, 437917.5 ], [ 432487.5, 437917.25 ], [ 432487.75, 437917.25 ], [ 432487.75, 437914.0 ], [ 432487.5, 437914.0 ], [ 432487.5, 437912.5 ], [ 432487.25, 437912.5 ], [ 432487.25, 437910.25 ], [ 432487.0, 437910.25 ], [ 432487.0, 437909.25 ], [ 432486.75, 437909.25 ], [ 432486.75, 437908.75 ], [ 432486.5, 437908.75 ], [ 432486.5, 437907.5 ], [ 432486.75, 437907.5 ], [ 432486.75, 437907.0 ], [ 432487.0, 437907.0 ], [ 432487.0, 437905.75 ], [ 432486.75, 437905.75 ], [ 432486.75, 437905.5 ], [ 432487.0, 437905.5 ], [ 432487.0, 437905.25 ], [ 432487.25, 437905.25 ], [ 432487.25, 437905.0 ], [ 432487.5, 437905.0 ], [ 432487.5, 437904.75 ], [ 432487.75, 437904.75 ], [ 432487.75, 437903.5 ], [ 432488.0, 437903.5 ], [ 432488.0, 437903.25 ], [ 432488.25, 437903.25 ], [ 432488.25, 437903.0 ], [ 432488.5, 437903.0 ], [ 432488.5, 437902.75 ], [ 432488.75, 437902.75 ], [ 432488.75, 437902.5 ], [ 432489.0, 437902.5 ], [ 432489.0, 437902.25 ], [ 432489.25, 437902.25 ], [ 432489.25, 437902.0 ], [ 432489.5, 437902.0 ], [ 432489.5, 437901.75 ], [ 432490.0, 437901.75 ], [ 432490.0, 437901.5 ], [ 432490.5, 437901.5 ], [ 432490.5, 437901.25 ], [ 432491.0, 437901.25 ], [ 432491.0, 437901.0 ], [ 432492.75, 437901.0 ], [ 432492.75, 437900.75 ], [ 432493.0, 437900.75 ], [ 432493.0, 437900.5 ], [ 432493.5, 437900.5 ], [ 432493.5, 437900.25 ], [ 432494.25, 437900.25 ], [ 432494.25, 437900.0 ], [ 432494.5, 437900.0 ], [ 432494.5, 437899.75 ], [ 432494.75, 437899.75 ], [ 432494.75, 437899.25 ], [ 432495.0, 437899.25 ], [ 432495.0, 437898.5 ], [ 432495.25, 437898.5 ], [ 432495.25, 437898.25 ], [ 432495.5, 437898.25 ], [ 432495.5, 437898.0 ], [ 432496.0, 437898.0 ], [ 432496.0, 437897.75 ], [ 432496.25, 437897.75 ], [ 432496.25, 437897.5 ], [ 432496.5, 437897.5 ], [ 432496.5, 437897.25 ], [ 432497.25, 437897.25 ], [ 432497.25, 437897.0 ], [ 432497.75, 437897.0 ], [ 432497.75, 437896.75 ], [ 432498.0, 437896.75 ], [ 432498.0, 437896.5 ], [ 432498.25, 437896.5 ], [ 432498.25, 437896.25 ], [ 432498.75, 437896.25 ], [ 432498.75, 437896.0 ], [ 432499.0, 437896.0 ], [ 432499.0, 437895.75 ], [ 432499.5, 437895.75 ], [ 432499.5, 437895.5 ], [ 432499.75, 437895.5 ], [ 432499.75, 437895.25 ], [ 432500.25, 437895.25 ], [ 432500.25, 437895.0 ], [ 432501.0, 437895.0 ], [ 432501.0, 437894.75 ], [ 432501.75, 437894.75 ], [ 432501.75, 437894.5 ], [ 432502.25, 437894.5 ], [ 432502.25, 437894.25 ], [ 432503.0, 437894.25 ], [ 432503.0, 437894.0 ], [ 432503.75, 437894.0 ], [ 432503.75, 437893.75 ], [ 432504.25, 437893.75 ], [ 432504.25, 437893.5 ], [ 432505.0, 437893.5 ], [ 432505.0, 437893.25 ], [ 432505.5, 437893.25 ], [ 432505.5, 437893.0 ], [ 432506.75, 437893.0 ], [ 432506.75, 437892.75 ], [ 432507.75, 437892.75 ], [ 432507.75, 437892.5 ], [ 432508.0, 437892.5 ], [ 432508.0, 437892.25 ], [ 432509.0, 437892.25 ], [ 432509.0, 437892.0 ], [ 432510.75, 437892.0 ], [ 432510.75, 437891.75 ], [ 432512.0, 437891.75 ], [ 432512.0, 437948.0 ], [ 432510.25, 437948.0 ], [ 432510.25, 437948.25 ], [ 432509.25, 437948.25 ], [ 432509.25, 437948.5 ], [ 432508.25, 437948.5 ], [ 432508.25, 437948.75 ], [ 432507.25, 437948.75 ], [ 432507.25, 437949.0 ], [ 432504.25, 437949.0 ], [ 432504.25, 437948.75 ], [ 432504.0, 437948.75 ], [ 432504.0, 437948.5 ], [ 432503.25, 437948.5 ], [ 432503.25, 437948.75 ], [ 432503.0, 437948.75 ], [ 432503.0, 437949.0 ], [ 432502.75, 437949.0 ], [ 432502.75, 437949.25 ], [ 432502.5, 437949.25 ] ] ] } },
{ "type": "Feature", "properties": { }, "geometry": { "type": "Polygon", "coordinates": [ [ [ 432496.25, 437892.75 ], [ 432496.25, 437892.5 ], [ 432495.75, 437892.5 ], [ 432495.75, 437891.5 ], [ 432495.5, 437891.5 ], [ 432495.5, 437891.25 ], [ 432494.25, 437891.25 ], [ 432494.25, 437891.0 ], [ 432494.0, 437891.0 ], [ 432494.0, 437889.75 ], [ 432494.25, 437889.75 ], [ 432494.25, 437889.25 ], [ 432494.75, 437889.25 ], [ 432494.75, 437889.0 ], [ 432495.5, 437889.0 ], [ 432495.5, 437888.75 ], [ 432496.25, 437888.75 ], [ 432496.25, 437888.5 ], [ 432497.75, 437888.5 ], [ 432497.75, 437888.75 ], [ 432498.25, 437888.75 ], [ 432498.25, 437889.0 ], [ 432498.5, 437889.0 ], [ 432498.5, 437889.25 ], [ 432498.75, 437889.25 ], [ 432498.75, 437889.5 ], [ 432499.0, 437889.5 ], [ 432499.0, 437889.75 ], [ 432499.25, 437889.75 ], [ 432499.25, 437890.0 ], [ 432499.5, 437890.0 ], [ 432499.5, 437890.25 ], [ 432499.75, 437890.25 ], [ 432499.75, 437891.0 ], [ 432499.5, 437891.0 ], [ 432499.5, 437891.75 ], [ 432499.0, 437891.75 ], [ 432499.0, 437892.0 ], [ 432498.75, 437892.0 ], [ 432498.75, 437892.25 ], [ 432498.0, 437892.25 ], [ 432498.0, 437892.5 ], [ 432496.75, 437892.5 ], [ 432496.75, 437892.75 ], [ 432496.25, 437892.75 ] ] ] } },
{ "type": "Feature", "properties": { }, "geometry": { "type": "Polygon", "coordinates": [ [ [ 432381.5, 437878.25 ], [ 432381.5, 437878.0 ], [ 432381.25, 437878.0 ], [ 432381.25, 437877.75 ], [ 432381.0, 437877.75 ], [ 432381.0, 437877.5 ], [ 432380.5, 437877.5 ], [ 432380.5, 437876.75 ], [ 432380.25, 437876.75 ], [ 432380.25, 437876.0 ], [ 432380.0, 437876.0 ], [ 432380.0, 437875.0 ], [ 432380.25, 437875.0 ], [ 432380.25, 437874.5 ], [ 432380.5, 437874.5 ], [ 432380.5, 437874.0 ], [ 432380.75, 437874.0 ], [ 432380.75, 437873.0 ], [ 432380.5, 437873.0 ], [ 432380.5, 437872.5 ], [ 432380.25, 437872.5 ], [ 432380.25, 437872.0 ], [ 432384.0, 437872.0 ], [ 432384.0, 437878.0 ], [ 432383.25, 437878.0 ], [ 432383.25, 437878.25 ], [ 432381.5, 437878.25 ] ] ] } },
{ "type": "Feature", "properties": { }, "geometry": { "type": "Polygon", "coordinates": [ [ [ 432195.0, 437772.75 ], [ 432195.0, 437772.5 ], [ 432191.75, 437772.5 ], [ 432191.75, 437772.25 ], [ 432189.5, 437772.25 ], [ 432189.5, 437772.5 ], [ 432186.5, 437772.5 ], [ 432186.5, 437772.25 ], [ 432186.25, 437772.25 ], [ 432186.25, 437772.0 ], [ 432186.0, 437772.0 ], [ 432186.0, 437771.75 ], [ 432185.5, 437771.75 ], [ 432185.5, 437771.5 ], [ 432185.25, 437771.5 ], [ 432185.25, 437771.75 ], [ 432182.0, 437771.75 ], [ 432182.0, 437771.5 ], [ 432179.75, 437771.5 ], [ 432179.75, 437771.25 ], [ 432178.75, 437771.25 ], [ 432178.75, 437771.0 ], [ 432177.75, 437771.0 ], [ 432177.75, 437770.75 ], [ 432177.25, 437770.75 ], [ 432177.25, 437770.5 ], [ 432177.0, 437770.5 ], [ 432177.0, 437767.5 ], [ 432177.25, 437767.5 ], [ 432177.25, 437766.5 ], [ 432177.5, 437766.5 ], [ 432177.5, 437766.0 ], [ 432177.75, 437766.0 ], [ 432177.75, 437765.5 ], [ 432178.0, 437765.5 ], [ 432178.0, 437765.25 ], [ 432178.5, 437765.25 ], [ 432178.5, 437765.0 ], [ 432179.5, 437765.0 ], [ 432179.5, 437765.25 ], [ 432180.0, 437765.25 ], [ 432180.0, 437765.5 ], [ 432180.75, 437765.5 ], [ 432180.75, 437765.75 ], [ 432181.25, 437765.75 ], [ 432181.25, 437766.0 ], [ 432181.75, 437766.0 ], [ 432181.75, 437765.75 ], [ 432182.25, 437765.75 ], [ 432182.25, 437765.5 ], [ 432182.5, 437765.5 ], [ 432182.5, 437765.25 ], [ 432182.75, 437765.25 ], [ 432182.75, 437765.0 ], [ 432183.0, 437765.0 ], [ 432183.0, 437764.75 ], [ 432183.25, 437764.75 ], [ 432183.25, 437764.5 ], [ 432183.5, 437764.5 ], [ 432183.5, 437764.25 ], [ 432183.75, 437764.25 ], [ 432183.75, 437764.0 ], [ 432184.0, 437764.0 ], [ 432184.0, 437763.75 ], [ 432184.25, 437763.75 ], [ 432184.25, 437763.5 ], [ 432185.0, 437763.5 ], [ 432185.0, 437763.25 ], [ 432186.0, 437763.25 ], [ 432186.0, 437763.0 ], [ 432187.0, 437763.0 ], [ 432187.0, 437763.25 ], [ 432190.0, 437763.25 ], [ 432190.0, 437763.0 ], [ 432191.0, 437763.0 ], [ 432191.0, 437762.75 ], [ 432193.0, 437762.75 ], [ 432193.0, 437762.5 ], [ 432198.0, 437762.5 ], [ 432198.0, 437762.25 ], [ 432199.25, 437762.25 ], [ 432199.25, 437762.0 ], [ 432200.0, 437762.0 ], [ 432200.0, 437761.75 ], [ 432200.5, 437761.75 ], [ 432200.5, 437761.5 ], [ 432202.75, 437761.5 ], [ 432202.75, 437761.75 ], [ 432203.0, 437761.75 ], [ 432203.0, 437762.0 ], [ 432203.25, 437762.0 ], [ 432203.25, 437762.25 ], [ 432203.75, 437762.25 ], [ 432203.75, 437762.5 ], [ 432204.5, 437762.5 ], [ 432204.5, 437763.0 ], [ 432204.75, 437763.0 ], [ 432204.75, 437763.5 ], [ 432205.0, 437763.5 ], [ 432205.0, 437763.75 ], [ 432205.5, 437763.75 ], [ 432205.5, 437764.0 ], [ 432205.75, 437764.0 ], [ 432205.75, 437764.25 ], [ 432206.25, 437764.25 ], [ 432206.25, 437764.5 ], [ 432207.75, 437764.5 ], [ 432207.75, 437764.75 ], [ 432208.0, 437764.75 ], [ 432208.0, 437765.0 ], [ 432208.25, 437765.0 ], [ 432208.25, 437765.25 ], [ 432208.5, 437765.25 ], [ 432208.5, 437766.25 ], [ 432208.75, 437766.25 ], [ 432208.75, 437766.5 ], [ 432208.5, 437766.5 ], [ 432208.5, 437766.75 ], [ 432208.25, 437766.75 ], [ 432208.25, 437767.25 ], [ 432208.0, 437767.25 ], [ 432208.0, 437768.0 ], [ 432208.25, 437768.0 ], [ 432208.25, 437768.75 ], [ 432208.0, 437768.75 ], [ 432208.0, 437769.25 ], [ 432207.75, 437769.25 ], [ 432207.75, 437769.75 ], [ 432207.25, 437769.75 ], [ 432207.25, 437770.0 ], [ 432207.0, 437770.0 ], [ 432207.0, 437770.25 ], [ 432206.5, 437770.25 ], [ 432206.5, 437770.75 ], [ 432206.25, 437770.75 ], [ 432206.25, 437771.0 ], [ 432206.0, 437771.0 ], [ 432206.0, 437771.25 ], [ 432204.25, 437771.25 ], [ 432204.25, 437771.0 ], [ 432203.0, 437771.0 ], [ 432203.0, 437770.75 ], [ 432202.5, 437770.75 ], [ 432202.5, 437771.0 ], [ 432202.25, 437771.0 ], [ 432202.25, 437771.25 ], [ 432202.0, 437771.25 ], [ 432202.0, 437771.5 ], [ 432201.5, 437771.5 ], [ 432201.5, 437771.75 ], [ 432200.75, 437771.75 ], [ 432200.75, 437772.0 ], [ 432200.0, 437772.0 ], [ 432200.0, 437772.25 ], [ 432199.0, 437772.25 ], [ 432199.0, 437772.5 ], [ 432198.0, 437772.5 ], [ 432198.0, 437772.75 ], [ 432195.0, 437772.75 ] ] ] } },
{ "type": "Feature", "properties": { }, "geometry": { "type": "Polygon", "coordinates": [ [ [ 432388.25, 437751.25 ], [ 432388.25, 437751.0 ], [ 432387.5, 437751.0 ], [ 432387.5, 437750.75 ], [ 432387.25, 437750.75 ], [ 432387.25, 437750.5 ], [ 432387.0, 437750.5 ], [ 432387.0, 437749.75 ], [ 432386.75, 437749.75 ], [ 432386.75, 437749.25 ], [ 432386.5, 437749.25 ], [ 432386.5, 437748.75 ], [ 432386.25, 437748.75 ], [ 432386.25, 437748.5 ], [ 432384.5, 437748.5 ], [ 432384.5, 437748.75 ], [ 432384.0, 437748.75 ], [ 432384.0, 437744.0 ], [ 432389.75, 437744.0 ], [ 432389.75, 437745.5 ], [ 432390.0, 437745.5 ], [ 432390.0, 437746.5 ], [ 432390.25, 437746.5 ], [ 432390.25, 437747.25 ], [ 432390.5, 437747.25 ], [ 432390.5, 437748.0 ], [ 432390.25, 437748.0 ], [ 432390.25, 437749.75 ], [ 432390.0, 437749.75 ], [ 432390.0, 437750.5 ], [ 432389.75, 437750.5 ], [ 432389.75, 437751.25 ], [ 432388.25, 437751.25 ] ] ] } },
{ "type": "Feature", "properties": { }, "geometry": { "type": "Polygon", "coordinates": [ [ [ 432278.5, 437555.0 ], [ 432278.5, 437554.75 ], [ 432277.25, 437554.75 ], [ 432277.25, 437554.5 ], [ 432276.75, 437554.5 ], [ 432276.75, 437554.25 ], [ 432276.5, 437554.25 ], [ 432276.5, 437553.75 ], [ 432276.0, 437553.75 ], [ 432276.0, 437553.25 ], [ 432276.25, 437553.25 ], [ 432276.25, 437552.75 ], [ 432276.5, 437552.75 ], [ 432276.5, 437551.75 ], [ 432276.75, 437551.75 ], [ 432276.75, 437550.25 ], [ 432276.25, 437550.25 ], [ 432276.25, 437550.0 ], [ 432276.0, 437550.0 ], [ 432276.0, 437549.5 ], [ 432275.75, 437549.5 ], [ 432275.75, 437549.25 ], [ 432275.5, 437549.25 ], [ 432275.5, 437549.0 ], [ 432274.25, 437549.0 ], [ 432274.25, 437549.25 ], [ 432273.75, 437549.25 ], [ 432273.75, 437549.5 ], [ 432273.25, 437549.5 ], [ 432273.25, 437549.75 ], [ 432272.75, 437549.75 ], [ 432272.75, 437550.0 ], [ 432272.25, 437550.0 ], [ 432272.25, 437549.75 ], [ 432272.0, 437549.75 ], [ 432272.0, 437549.5 ], [ 432271.75, 437549.5 ], [ 432271.75, 437549.25 ], [ 432271.0, 437549.25 ], [ 432271.0, 437549.5 ], [ 432270.0, 437549.5 ], [ 432270.0, 437549.25 ], [ 432269.5, 437549.25 ], [ 432269.5, 437549.0 ], [ 432269.25, 437549.0 ], [ 432269.25, 437548.5 ], [ 432269.0, 437548.5 ], [ 432269.0, 437548.0 ], [ 432268.75, 437548.0 ], [ 432268.75, 437547.75 ], [ 432268.0, 437547.75 ], [ 432268.0, 437547.5 ], [ 432267.5, 437547.5 ], [ 432267.5, 437546.25 ], [ 432267.25, 437546.25 ], [ 432267.25, 437545.75 ], [ 432267.0, 437545.75 ], [ 432267.0, 437545.5 ], [ 432267.25, 437545.5 ], [ 432267.25, 437545.25 ], [ 432267.5, 437545.25 ], [ 432267.5, 437545.0 ], [ 432268.25, 437545.0 ], [ 432268.25, 437544.75 ], [ 432269.25, 437544.75 ], [ 432269.25, 437545.0 ], [ 432269.5, 437545.0 ], [ 432269.5, 437544.75 ], [ 432269.75, 437544.75 ], [ 432269.75, 437544.5 ], [ 432270.0, 437544.5 ], [ 432270.0, 437544.25 ], [ 432270.75, 437544.25 ], [ 432270.75, 437544.0 ], [ 432271.25, 437544.0 ], [ 432271.25, 437543.75 ], [ 432271.75, 437543.75 ], [ 432271.75, 437543.5 ], [ 432272.25, 437543.5 ], [ 432272.25, 437543.25 ], [ 432273.0, 437543.25 ], [ 432273.0, 437543.0 ], [ 432273.75, 437543.0 ], [ 432273.75, 437543.25 ], [ 432274.5, 437543.25 ], [ 432274.5, 437543.5 ], [ 432275.0, 437543.5 ], [ 432275.0, 437543.75 ], [ 432275.5, 437543.75 ], [ 432275.5, 437544.0 ], [ 432276.0, 437544.0 ], [ 432276.0, 437544.25 ], [ 432279.75, 437544.25 ], [ 432279.75, 437544.0 ], [ 432282.25, 437544.0 ], [ 432282.25, 437544.25 ], [ 432283.0, 437544.25 ], [ 432283.0, 437544.5 ], [ 432283.25, 437544.5 ], [ 432283.25, 437544.75 ], [ 432283.5, 437544.75 ], [ 432283.5, 437545.25 ], [ 432283.75, 437545.25 ], [ 432283.75, 437545.5 ], [ 432284.0, 437545.5 ], [ 432284.0, 437545.75 ], [ 432284.25, 437545.75 ], [ 432284.25, 437546.0 ], [ 432284.5, 437546.0 ], [ 432284.5, 437546.25 ], [ 432284.75, 437546.25 ], [ 432284.75, 437547.0 ], [ 432285.0, 437547.0 ], [ 432285.0, 437547.75 ], [ 432285.25, 437547.75 ], [ 432285.25, 437548.5 ], [ 432285.5, 437548.5 ], [ 432285.5, 437550.75 ], [ 432285.75, 437550.75 ], [ 432285.75, 437552.25 ], [ 432286.0, 437552.25 ], [ 432286.0, 437552.5 ], [ 432285.75, 437552.5 ], [ 432285.75, 437553.5 ], [ 432285.5, 437553.5 ], [ 432285.5, 437553.75 ], [ 432285.25, 437553.75 ], [ 432285.25, 437554.0 ], [ 432285.0, 437554.0 ], [ 432285.0, 437554.25 ], [ 432284.5, 437554.25 ], [ 432284.5, 437554.5 ], [ 432283.25, 437554.5 ], [ 432283.25, 437554.75 ], [ 432281.75, 437554.75 ], [ 432281.75, 437555.0 ], [ 432278.5, 437555.0 ] ] ] } },
{ "type": "Feature", "properties": { }, "geometry": { "type": "Polygon", "coordinates": [ [ [ 432330.25, 437498.5 ], [ 432330.25, 437498.25 ], [ 432330.0, 437498.25 ], [ 432330.0, 437498.0 ], [ 432329.75, 437498.0 ], [ 432329.75, 437497.75 ], [ 432329.5, 437497.75 ], [ 432329.5, 437497.25 ], [ 432329.25, 437497.25 ], [ 432329.25, 437496.5 ], [ 432329.0, 437496.5 ], [ 432329.0, 437495.5 ], [ 432328.75, 437495.5 ], [ 432328.75, 437494.5 ], [ 432328.5, 437494.5 ], [ 432328.5, 437493.25 ], [ 432328.25, 437493.25 ], [ 432328.25, 437491.75 ], [ 432328.0, 437491.75 ], [ 432328.0, 437490.5 ], [ 432327.75, 437490.5 ], [ 432327.75, 437488.0 ], [ 432337.75, 437488.0 ], [ 432337.75, 437488.75 ], [ 432338.25, 437488.75 ], [ 432338.25, 437489.0 ], [ 432338.5, 437489.0 ], [ 432338.5, 437488.75 ], [ 432339.0, 437488.75 ], [ 432339.0, 437488.5 ], [ 432339.25, 437488.5 ], [ 432339.25, 437488.0 ], [ 432341.75, 437488.0 ], [ 432341.75, 437489.25 ], [ 432341.5, 437489.25 ], [ 432341.5, 437489.75 ], [ 432341.25, 437489.75 ], [ 432341.25, 437490.0 ], [ 432341.0, 437490.0 ], [ 432341.0, 437490.25 ], [ 432340.75, 437490.25 ], [ 432340.75, 437490.5 ], [ 432340.25, 437490.5 ], [ 432340.25, 437490.75 ], [ 432340.0, 437490.75 ], [ 432340.0, 437491.0 ], [ 432339.5, 437491.0 ], [ 432339.5, 437491.25 ], [ 432339.25, 437491.25 ], [ 432339.25, 437491.5 ], [ 432338.75, 437491.5 ], [ 432338.75, 437491.75 ], [ 432338.25, 437491.75 ], [ 432338.25, 437492.0 ], [ 432337.75, 437492.0 ], [ 432337.75, 437492.25 ], [ 432337.25, 437492.25 ], [ 432337.25, 437492.0 ], [ 432337.0, 437492.0 ], [ 432337.0, 437491.5 ], [ 432336.75, 437491.5 ], [ 432336.75, 437491.0 ], [ 432336.5, 437491.0 ], [ 432336.5, 437491.25 ], [ 432336.25, 437491.25 ], [ 432336.25, 437491.75 ], [ 432336.0, 437491.75 ], [ 432336.0, 437492.0 ], [ 432335.75, 437492.0 ], [ 432335.75, 437492.25 ], [ 432335.5, 437492.25 ], [ 432335.5, 437492.5 ], [ 432335.25, 437492.5 ], [ 432335.25, 437492.75 ], [ 432335.0, 437492.75 ], [ 432335.0, 437493.25 ], [ 432334.75, 437493.25 ], [ 432334.75, 437493.5 ], [ 432334.5, 437493.5 ], [ 432334.5, 437494.0 ], [ 432334.25, 437494.0 ], [ 432334.25, 437494.25 ], [ 432334.0, 437494.25 ], [ 432334.0, 437494.75 ], [ 432333.75, 437494.75 ], [ 432333.75, 437495.25 ], [ 432333.5, 437495.25 ], [ 432333.5, 437495.5 ], [ 432333.25, 437495.5 ], [ 432333.25, 437496.0 ], [ 432333.0, 437496.0 ], [ 432333.0, 437496.5 ], [ 432332.75, 437496.5 ], [ 432332.75, 437497.0 ], [ 432332.5, 437497.0 ], [ 432332.5, 437497.5 ], [ 432332.25, 437497.5 ], [ 432332.25, 437497.75 ], [ 432332.0, 437497.75 ], [ 432332.0, 437498.0 ], [ 432331.5, 437498.0 ], [ 432331.5, 437498.25 ], [ 432331.0, 437498.25 ], [ 432331.0, 437498.5 ], [ 432330.25, 437498.5 ] ] ] } },
{ "type": "Feature", "properties": { }, "geometry": { "type": "Polygon", "coordinates": [ [ [ 432714.25, 437492.75 ], [ 432714.25, 437488.75 ], [ 432714.0, 437488.75 ], [ 432714.0, 437488.0 ], [ 432715.0, 437488.0 ], [ 432715.0, 437488.75 ], [ 432714.75, 437488.75 ], [ 432714.75, 437491.0 ], [ 432715.0, 437491.0 ], [ 432715.0, 437492.5 ], [ 432714.75, 437492.5 ], [ 432714.75, 437492.75 ], [ 432714.25, 437492.75 ] ] ] } },
{ "type": "Feature", "properties": { }, "geometry": { "type": "Polygon", "coordinates": [ [ [ 432385.0, 437479.75 ], [ 432385.0, 437479.5 ], [ 432384.0, 437479.5 ], [ 432384.0, 437444.25 ], [ 432387.25, 437444.25 ], [ 432387.25, 437444.5 ], [ 432389.25, 437444.5 ], [ 432389.25, 437444.75 ], [ 432390.75, 437444.75 ], [ 432390.75, 437445.0 ], [ 432391.25, 437445.0 ], [ 432391.25, 437445.25 ], [ 432392.0, 437445.25 ], [ 432392.0, 437445.5 ], [ 432392.5, 437445.5 ], [ 432392.5, 437445.75 ], [ 432393.0, 437445.75 ], [ 432393.0, 437446.0 ], [ 432393.75, 437446.0 ], [ 432393.75, 437446.25 ], [ 432394.25, 437446.25 ], [ 432394.25, 437446.5 ], [ 432395.0, 437446.5 ], [ 432395.0, 437446.75 ], [ 432395.75, 437446.75 ], [ 432395.75, 437447.0 ], [ 432396.5, 437447.0 ], [ 432396.5, 437447.25 ], [ 432397.25, 437447.25 ], [ 432397.25, 437447.5 ], [ 432397.75, 437447.5 ], [ 432397.75, 437447.75 ], [ 432398.75, 437447.75 ], [ 432398.75, 437448.0 ], [ 432399.5, 437448.0 ], [ 432399.5, 437448.25 ], [ 432400.25, 437448.25 ], [ 432400.25, 437448.5 ], [ 432400.75, 437448.5 ], [ 432400.75, 437448.75 ], [ 432401.5, 437448.75 ], [ 432401.5, 437449.0 ], [ 432402.0, 437449.0 ], [ 432402.0, 437449.25 ], [ 432402.25, 437449.25 ], [ 432402.25, 437449.5 ], [ 432402.75, 437449.5 ], [ 432402.75, 437449.75 ], [ 432403.0, 437449.75 ], [ 432403.0, 437450.0 ], [ 432403.25, 437450.0 ], [ 432403.25, 437450.25 ], [ 432403.75, 437450.25 ], [ 432403.75, 437450.5 ], [ 432404.25, 437450.5 ], [ 432404.25, 437450.75 ], [ 432404.75, 437450.75 ], [ 432404.75, 437451.0 ], [ 432405.0, 437451.0 ], [ 432405.0, 437451.25 ], [ 432405.5, 437451.25 ], [ 432405.5, 437451.5 ], [ 432406.25, 437451.5 ], [ 432406.25, 437451.75 ], [ 432406.75, 437451.75 ], [ 432406.75, 437452.0 ], [ 432407.75, 437452.0 ], [ 432407.75, 437452.25 ], [ 432409.0, 437452.25 ], [ 432409.0, 437452.5 ], [ 432410.0, 437452.5 ], [ 432410.0, 437452.75 ], [ 432410.5, 437452.75 ], [ 432410.5, 437453.0 ], [ 432411.0, 437453.0 ], [ 432411.0, 437453.25 ], [ 432411.5, 437453.25 ], [ 432411.5, 437453.5 ], [ 432412.25, 437453.5 ], [ 432412.25, 437453.75 ], [ 432412.5, 437453.75 ], [ 432412.5, 437454.0 ], [ 432413.0, 437454.0 ], [ 432413.0, 437454.25 ], [ 432413.25, 437454.25 ], [ 432413.25, 437454.5 ], [ 432413.75, 437454.5 ], [ 432413.75, 437454.75 ], [ 432414.25, 437454.75 ], [ 432414.25, 437455.0 ], [ 432414.75, 437455.0 ], [ 432414.75, 437455.25 ], [ 432415.5, 437455.25 ], [ 432415.5, 437455.5 ], [ 432416.25, 437455.5 ], [ 432416.25, 437455.75 ], [ 432417.0, 437455.75 ], [ 432417.0, 437456.0 ], [ 432418.0, 437456.0 ], [ 432418.0, 437456.25 ], [ 432418.75, 437456.25 ], [ 432418.75, 437456.5 ], [ 432419.75, 437456.5 ], [ 432419.75, 437456.75 ], [ 432420.5, 437456.75 ], [ 432420.5, 437457.0 ], [ 432421.25, 437457.0 ], [ 432421.25, 437457.25 ], [ 432422.0, 437457.25 ], [ 432422.0, 437457.5 ], [ 432422.5, 437457.5 ], [ 432422.5, 437457.75 ], [ 432422.75, 437457.75 ], [ 432422.75, 437458.0 ], [ 432423.0, 437458.0 ], [ 432423.0, 437458.25 ], [ 432423.5, 437458.25 ], [ 432423.5, 437458.5 ], [ 432423.75, 437458.5 ], [ 432423.75, 437459.0 ], [ 432424.0, 437459.0 ], [ 432424.0, 437459.5 ], [ 432424.25, 437459.5 ], [ 432424.25, 437460.0 ], [ 432424.5, 437460.0 ], [ 432424.5, 437460.75 ], [ 432424.75, 437460.75 ], [ 432424.75, 437462.75 ], [ 432424.5, 437462.75 ], [ 432424.5, 437463.25 ], [ 432424.25, 437463.25 ], [ 432424.25, 437464.25 ], [ 432424.0, 437464.25 ], [ 432424.0, 437465.0 ], [ 432423.75, 437465.0 ], [ 432423.75, 437465.5 ], [ 432423.5, 437465.5 ], [ 432423.5, 437466.0 ], [ 432423.25, 437466.0 ], [ 432423.25, 437466.5 ], [ 432423.0, 437466.5 ], [ 432423.0, 437467.0 ], [ 432422.75, 437467.0 ], [ 432422.75, 437467.25 ], [ 432422.5, 437467.25 ], [ 432422.5, 437467.5 ], [ 432422.25, 437467.5 ], [ 432422.25, 437467.75 ], [ 432421.75, 437467.75 ], [ 432421.75, 437468.0 ], [ 432421.5, 437468.0 ], [ 432421.5, 437468.25 ], [ 432421.0, 437468.25 ], [ 432421.0, 437468.5 ], [ 432420.5, 437468.5 ], [ 432420.5, 437468.75 ], [ 432420.25, 437468.75 ], [ 432420.25, 437469.0 ], [ 432420.0, 437469.0 ], [ 432420.0, 437469.25 ], [ 432419.5, 437469.25 ], [ 432419.5, 437469.5 ], [ 432419.25, 437469.5 ], [ 432419.25, 437469.75 ], [ 432419.0, 437469.75 ], [ 432419.0, 437470.0 ], [ 432418.75, 437470.0 ], [ 432418.75, 437470.25 ], [ 432418.5, 437470.25 ], [ 432418.5, 437470.5 ], [ 432418.25, 437470.5 ], [ 432418.25, 437470.75 ], [ 432418.0, 437470.75 ], [ 432418.0, 437471.0 ], [ 432417.75, 437471.0 ], [ 432417.75, 437471.25 ], [ 432417.5, 437471.25 ], [ 432417.5, 437471.5 ], [ 432417.25, 437471.5 ], [ 432417.25, 437471.75 ], [ 432417.0, 437471.75 ], [ 432417.0, 437472.0 ], [ 432416.75, 437472.0 ], [ 432416.75, 437472.25 ], [ 432416.5, 437472.25 ], [ 432416.5, 437472.5 ], [ 432416.25, 437472.5 ], [ 432416.25, 437472.75 ], [ 432416.0, 437472.75 ], [ 432416.0, 437473.25 ], [ 432415.75, 437473.25 ], [ 432415.75, 437473.5 ], [ 432415.5, 437473.5 ], [ 432415.5, 437473.75 ], [ 432415.25, 437473.75 ], [ 432415.25, 437474.0 ], [ 432415.0, 437474.0 ], [ 432415.0, 437474.5 ], [ 432414.75, 437474.5 ], [ 432414.75, 437474.75 ], [ 432414.0, 437474.75 ], [ 432414.0, 437475.0 ], [ 432413.25, 437475.0 ], [ 432413.25, 437474.75 ], [ 432412.25, 437474.75 ], [ 432412.25, 437474.5 ], [ 432412.0, 437474.5 ], [ 432412.0, 437474.25 ], [ 432411.5, 437474.25 ], [ 432411.5, 437474.0 ], [ 432411.0, 437474.0 ], [ 432411.0, 437473.75 ], [ 432410.75, 437473.75 ], [ 432410.75, 437473.5 ], [ 432410.25, 437473.5 ], [ 432410.25, 437473.25 ], [ 432409.75, 437473.25 ], [ 432409.75, 437473.0 ], [ 432409.5, 437473.0 ], [ 432409.5, 437472.75 ], [ 432409.0, 437472.75 ], [ 432409.0, 437472.5 ], [ 432408.75, 437472.5 ], [ 432408.75, 437472.25 ], [ 432408.5, 437472.25 ], [ 432408.5, 437472.0 ], [ 432408.25, 437472.0 ], [ 432408.25, 437471.75 ], [ 432407.75, 437471.75 ], [ 432407.75, 437471.5 ], [ 432407.5, 437471.5 ], [ 432407.5, 437471.25 ], [ 432407.25, 437471.25 ], [ 432407.25, 437471.0 ], [ 432407.0, 437471.0 ], [ 432407.0, 437470.75 ], [ 432406.75, 437470.75 ], [ 432406.75, 437470.5 ], [ 432406.5, 437470.5 ], [ 432406.5, 437470.25 ], [ 432406.25, 437470.25 ], [ 432406.25, 437470.0 ], [ 432405.75, 437470.0 ], [ 432405.75, 437469.75 ], [ 432405.25, 437469.75 ], [ 432405.25, 437470.0 ], [ 432404.25, 437470.0 ], [ 432404.25, 437470.25 ], [ 432403.5, 437470.25 ], [ 432403.5, 437470.5 ], [ 432402.75, 437470.5 ], [ 432402.75, 437470.75 ], [ 432402.25, 437470.75 ], [ 432402.25, 437471.0 ], [ 432401.75, 437471.0 ], [ 432401.75, 437471.25 ], [ 432401.0, 437471.25 ], [ 432401.0, 437471.5 ], [ 432400.5, 437471.5 ], [ 432400.5, 437471.75 ], [ 432400.0, 437471.75 ], [ 432400.0, 437472.0 ], [ 432399.25, 437472.0 ], [ 432399.25, 437472.25 ], [ 432398.75, 437472.25 ], [ 432398.75, 437472.5 ], [ 432398.25, 437472.5 ], [ 432398.25, 437472.75 ], [ 432397.5, 437472.75 ], [ 432397.5, 437473.0 ], [ 432397.0, 437473.0 ], [ 432397.0, 437473.25 ], [ 432396.5, 437473.25 ], [ 432396.5, 437473.5 ], [ 432396.0, 437473.5 ], [ 432396.0, 437473.75 ], [ 432395.75, 437473.75 ], [ 432395.75, 437474.0 ], [ 432395.25, 437474.0 ], [ 432395.25, 437474.25 ], [ 432395.0, 437474.25 ], [ 432395.0, 437474.5 ], [ 432394.75, 437474.5 ], [ 432394.75, 437474.75 ], [ 432394.25, 437474.75 ], [ 432394.25, 437475.0 ], [ 432393.75, 437475.0 ], [ 432393.75, 437475.25 ], [ 432393.25, 437475.25 ], [ 432393.25, 437475.5 ], [ 432392.75, 437475.5 ], [ 432392.75, 437475.75 ], [ 432392.25, 437475.75 ], [ 432392.25, 437476.0 ], [ 432392.0, 437476.0 ], [ 432392.0, 437476.25 ], [ 432391.5, 437476.25 ], [ 432391.5, 437476.5 ], [ 432391.0, 437476.5 ], [ 432391.0, 437476.75 ], [ 432390.5, 437476.75 ], [ 432390.5, 437477.0 ], [ 432390.0, 437477.0 ], [ 432390.0, 437477.25 ], [ 432389.5, 437477.25 ], [ 432389.5, 437477.5 ], [ 432389.0, 437477.5 ], [ 432389.0, 437477.75 ], [ 432388.75, 437477.75 ], [ 432388.75, 437478.0 ], [ 432388.25, 437478.0 ], [ 432388.25, 437478.25 ], [ 432388.0, 437478.25 ], [ 432388.0, 437478.5 ], [ 432387.75, 437478.5 ], [ 432387.75, 437478.75 ], [ 432387.5, 437478.75 ], [ 432387.5, 437479.0 ], [ 432387.25, 437479.0 ], [ 432387.25, 437479.25 ], [ 432386.75, 437479.25 ], [ 432386.75, 437479.5 ], [ 432385.75, 437479.5 ], [ 432385.75, 437479.75 ], [ 432385.0, 437479.75 ] ] ] } },
{ "type": "Feature", "properties": { }, "geometry": { "type": "Polygon", "coordinates": [ [ [ 432000.0, 437488.0 ], [ 432000.0, 437422.25 ], [ 432000.75, 437422.25 ], [ 432000.75, 437422.5 ], [ 432001.0, 437422.5 ], [ 432001.0, 437422.75 ], [ 432001.25, 437422.75 ], [ 432001.25, 437423.0 ], [ 432001.75, 437423.0 ], [ 432001.75, 437422.5 ], [ 432002.0, 437422.5 ], [ 432002.0, 437422.0 ], [ 432002.25, 437422.0 ], [ 432002.25, 437421.5 ], [ 432002.5, 437421.5 ], [ 432002.5, 437421.0 ], [ 432002.75, 437421.0 ], [ 432002.75, 437420.25 ], [ 432003.0, 437420.25 ], [ 432003.0, 437419.25 ], [ 432003.25, 437419.25 ], [ 432003.25, 437417.5 ], [ 432003.5, 437417.5 ], [ 432003.5, 437415.25 ], [ 432003.75, 437415.25 ], [ 432003.75, 437414.0 ], [ 432004.0, 437414.0 ], [ 432004.0, 437413.25 ], [ 432004.25, 437413.25 ], [ 432004.25, 437412.75 ], [ 432004.5, 437412.75 ], [ 432004.5, 437412.25 ], [ 432004.75, 437412.25 ], [ 432004.75, 437411.5 ], [ 432005.0, 437411.5 ], [ 432005.0, 437411.0 ], [ 432005.25, 437411.0 ], [ 432005.25, 437410.25 ], [ 432005.5, 437410.25 ], [ 432005.5, 437409.75 ], [ 432005.75, 437409.75 ], [ 432005.75, 437409.25 ], [ 432006.0, 437409.25 ], [ 432006.0, 437408.5 ], [ 432006.25, 437408.5 ], [ 432006.25, 437408.0 ], [ 432006.5, 437408.0 ], [ 432006.5, 437407.5 ], [ 432006.75, 437407.5 ], [ 432006.75, 437406.75 ], [ 432007.0, 437406.75 ], [ 432007.0, 437405.75 ], [ 432007.25, 437405.75 ], [ 432007.25, 437404.75 ], [ 432007.5, 437404.75 ], [ 432007.5, 437404.0 ], [ 432007.75, 437404.0 ], [ 432007.75, 437403.25 ], [ 432008.0, 437403.25 ], [ 432008.0, 437402.25 ], [ 432008.25, 437402.25 ], [ 432008.25, 437401.0 ], [ 432008.5, 437401.0 ], [ 432008.5, 437400.25 ], [ 432008.75, 437400.25 ], [ 432008.75, 437399.25 ], [ 432009.0, 437399.25 ], [ 432009.0, 437398.5 ], [ 432009.25, 437398.5 ], [ 432009.25, 437397.75 ], [ 432009.5, 437397.75 ], [ 432009.5, 437397.0 ], [ 432009.75, 437397.0 ], [ 432009.75, 437396.25 ], [ 432010.0, 437396.25 ], [ 432010.0, 437395.25 ], [ 432010.25, 437395.25 ], [ 432010.25, 437394.5 ], [ 432010.5, 437394.5 ], [ 432010.5, 437393.5 ], [ 432010.75, 437393.5 ], [ 432010.75, 437392.75 ], [ 432011.0, 437392.75 ], [ 432011.0, 437392.0 ], [ 432011.25, 437392.0 ], [ 432011.25, 437391.25 ], [ 432011.5, 437391.25 ], [ 432011.5, 437390.75 ], [ 432011.75, 437390.75 ], [ 432011.75, 437390.0 ], [ 432012.0, 437390.0 ], [ 432012.0, 437389.25 ], [ 432012.25, 437389.25 ], [ 432012.25, 437388.0 ], [ 432012.5, 437388.0 ], [ 432012.5, 437387.0 ], [ 432012.75, 437387.0 ], [ 432012.75, 437386.0 ], [ 432013.0, 437386.0 ], [ 432013.0, 437385.25 ], [ 432012.75, 437385.25 ], [ 432012.75, 437383.25 ], [ 432012.5, 437383.25 ], [ 432012.5, 437380.25 ], [ 432012.25, 437380.25 ], [ 432012.25, 437379.25 ], [ 432012.5, 437379.25 ], [ 432012.5, 437377.5 ], [ 432012.75, 437377.5 ], [ 432012.75, 437376.25 ], [ 432013.0, 437376.25 ], [ 432013.0, 437375.0 ], [ 432013.25, 437375.0 ], [ 432013.25, 437374.0 ], [ 432013.5, 437374.0 ], [ 432013.5, 437373.0 ], [ 432013.75, 437373.0 ], [ 432013.75, 437372.5 ], [ 432014.0, 437372.5 ], [ 432014.0, 437371.75 ], [ 432014.25, 437371.75 ], [ 432014.25, 437371.25 ], [ 432014.5, 437371.25 ], [ 432014.5, 437371.0 ], [ 432014.75, 437371.0 ], [ 432014.75, 437370.75 ], [ 432015.0, 437370.75 ], [ 432015.0, 437370.5 ], [ 432015.25, 437370.5 ], [ 432015.25, 437370.0 ], [ 432015.75, 437370.0 ], [ 432015.75, 437369.75 ], [ 432016.0, 437369.75 ], [ 432016.0, 437369.5 ], [ 432016.25, 437369.5 ], [ 432016.25, 437369.25 ], [ 432016.75, 437369.25 ], [ 432016.75, 437369.0 ], [ 432017.25, 437369.0 ], [ 432017.25, 437368.75 ], [ 432018.0, 437368.75 ], [ 432018.0, 437368.5 ], [ 432020.0, 437368.5 ], [ 432020.0, 437368.75 ], [ 432021.75, 437368.75 ], [ 432021.75, 437369.0 ], [ 432022.5, 437369.0 ], [ 432022.5, 437369.25 ], [ 432023.0, 437369.25 ], [ 432023.0, 437369.5 ], [ 432023.25, 437369.5 ], [ 432023.25, 437369.75 ], [ 432023.75, 437369.75 ], [ 432023.75, 437370.0 ], [ 432024.0, 437370.0 ], [ 432024.0, 437370.25 ], [ 432024.5, 437370.25 ], [ 432024.5, 437370.5 ], [ 432024.75, 437370.5 ], [ 432024.75, 437370.75 ], [ 432025.25, 437370.75 ], [ 432025.25, 437371.0 ], [ 432025.75, 437371.0 ], [ 432025.75, 437371.25 ], [ 432026.25, 437371.25 ], [ 432026.25, 437371.5 ], [ 432030.75, 437371.5 ], [ 432030.75, 437371.75 ], [ 432032.0, 437371.75 ], [ 432032.0, 437372.0 ], [ 432033.25, 437372.0 ], [ 432033.25, 437372.25 ], [ 432034.25, 437372.25 ], [ 432034.25, 437372.5 ], [ 432035.0, 437372.5 ], [ 432035.0, 437372.75 ], [ 432035.5, 437372.75 ], [ 432035.5, 437373.0 ], [ 432036.0, 437373.0 ], [ 432036.0, 437373.25 ], [ 432036.25, 437373.25 ], [ 432036.25, 437373.5 ], [ 432036.5, 437373.5 ], [ 432036.5, 437373.75 ], [ 432036.75, 437373.75 ], [ 432036.75, 437374.0 ], [ 432037.0, 437374.0 ], [ 432037.0, 437374.5 ], [ 432037.25, 437374.5 ], [ 432037.25, 437376.25 ], [ 432037.5, 437376.25 ], [ 432037.5, 437382.0 ], [ 432037.25, 437382.0 ], [ 432037.25, 437382.75 ], [ 432037.0, 437382.75 ], [ 432037.0, 437383.5 ], [ 432036.75, 437383.5 ], [ 432036.75, 437384.0 ], [ 432036.5, 437384.0 ], [ 432036.5, 437384.75 ], [ 432036.25, 437384.75 ], [ 432036.25, 437385.5 ], [ 432036.0, 437385.5 ], [ 432036.0, 437386.5 ], [ 432035.75, 437386.5 ], [ 432035.75, 437387.0 ], [ 432035.5, 437387.0 ], [ 432035.5, 437387.5 ], [ 432035.25, 437387.5 ], [ 432035.25, 437388.0 ], [ 432035.0, 437388.0 ], [ 432035.0, 437388.5 ], [ 432034.75, 437388.5 ], [ 432034.75, 437388.75 ], [ 432034.5, 437388.75 ], [ 432034.5, 437389.0 ], [ 432034.25, 437389.0 ], [ 432034.25, 437389.25 ], [ 432033.75, 437389.25 ], [ 432033.75, 437389.5 ], [ 432032.25, 437389.5 ], [ 432032.25, 437389.75 ], [ 432032.5, 437389.75 ], [ 432032.5, 437390.0 ], [ 432033.5, 437390.0 ], [ 432033.5, 437390.25 ], [ 432033.75, 437390.25 ], [ 432033.75, 437390.5 ], [ 432034.75, 437390.5 ], [ 432034.75, 437390.75 ], [ 432035.75, 437390.75 ], [ 432035.75, 437391.0 ], [ 432036.75, 437391.0 ], [ 432036.75, 437391.25 ], [ 432037.5, 437391.25 ], [ 432037.5, 437391.5 ], [ 432038.5, 437391.5 ], [ 432038.5, 437391.75 ], [ 432039.75, 437391.75 ], [ 432039.75, 437392.0 ], [ 432040.75, 437392.0 ], [ 432040.75, 437392.25 ], [ 432041.5, 437392.25 ], [ 432041.5, 437392.5 ], [ 432042.5, 437392.5 ], [ 432042.5, 437392.75 ], [ 432043.0, 437392.75 ], [ 432043.0, 437393.0 ], [ 432043.75, 437393.0 ], [ 432043.75, 437393.25 ], [ 432044.0, 437393.25 ], [ 432044.0, 437393.5 ], [ 432044.5, 437393.5 ], [ 432044.5, 437393.75 ], [ 432044.75, 437393.75 ], [ 432044.75, 437394.0 ], [ 432045.0, 437394.0 ], [ 432045.0, 437394.25 ], [ 432045.25, 437394.25 ], [ 432045.25, 437394.5 ], [ 432045.5, 437394.5 ], [ 432045.5, 437395.0 ], [ 432045.75, 437395.0 ], [ 432045.75, 437395.25 ], [ 432046.0, 437395.25 ], [ 432046.0, 437395.5 ], [ 432046.25, 437395.5 ], [ 432046.25, 437396.0 ], [ 432046.5, 437396.0 ], [ 432046.5, 437396.25 ], [ 432046.75, 437396.25 ], [ 432046.75, 437396.75 ], [ 432047.0, 437396.75 ], [ 432047.0, 437397.25 ], [ 432047.25, 437397.25 ], [ 432047.25, 437398.0 ], [ 432047.5, 437398.0 ], [ 432047.5, 437398.5 ], [ 432047.75, 437398.5 ], [ 432047.75, 437399.0 ], [ 432048.0, 437399.0 ], [ 432048.0, 437399.5 ], [ 432048.25, 437399.5 ], [ 432048.25, 437399.75 ], [ 432048.5, 437399.75 ], [ 432048.5, 437400.0 ], [ 432049.0, 437400.0 ], [ 432049.0, 437400.25 ], [ 432049.25, 437400.25 ], [ 432049.25, 437400.5 ], [ 432050.0, 437400.5 ], [ 432050.0, 437400.75 ], [ 432051.0, 437400.75 ], [ 432051.0, 437401.0 ], [ 432051.75, 437401.0 ], [ 432051.75, 437401.25 ], [ 432052.5, 437401.25 ], [ 432052.5, 437401.5 ], [ 432053.0, 437401.5 ], [ 432053.0, 437401.75 ], [ 432053.5, 437401.75 ], [ 432053.5, 437402.0 ], [ 432054.0, 437402.0 ], [ 432054.0, 437402.25 ], [ 432054.25, 437402.25 ], [ 432054.25, 437402.5 ], [ 432054.5, 437402.5 ], [ 432054.5, 437402.75 ], [ 432054.75, 437402.75 ], [ 432054.75, 437403.25 ], [ 432055.0, 437403.25 ], [ 432055.0, 437403.5 ], [ 432055.25, 437403.5 ], [ 432055.25, 437403.75 ], [ 432055.5, 437403.75 ], [ 432055.5, 437404.25 ], [ 432055.75, 437404.25 ], [ 432055.75, 437404.5 ], [ 432056.0, 437404.5 ], [ 432056.0, 437405.0 ], [ 432056.25, 437405.0 ], [ 432056.25, 437405.5 ], [ 432056.5, 437405.5 ], [ 432056.5, 437405.75 ], [ 432056.75, 437405.75 ], [ 432056.75, 437406.25 ], [ 432057.0, 437406.25 ], [ 432057.0, 437406.5 ], [ 432057.25, 437406.5 ], [ 432057.25, 437407.0 ], [ 432057.5, 437407.0 ], [ 432057.5, 437407.25 ], [ 432057.75, 437407.25 ], [ 432057.75, 437407.5 ], [ 432058.0, 437407.5 ], [ 432058.0, 437407.75 ], [ 432058.25, 437407.75 ], [ 432058.25, 437408.0 ], [ 432058.5, 437408.0 ], [ 432058.5, 437408.25 ], [ 432058.75, 437408.25 ], [ 432058.75, 437408.75 ], [ 432059.0, 437408.75 ], [ 432059.0, 437409.25 ], [ 432059.25, 437409.25 ], [ 432059.25, 437409.75 ], [ 432059.5, 437409.75 ], [ 432059.5, 437410.0 ], [ 432059.75, 437410.0 ], [ 432059.75, 437410.5 ], [ 432060.0, 437410.5 ], [ 432060.0, 437411.0 ], [ 432060.25, 437411.0 ], [ 432060.25, 437411.5 ], [ 432060.5, 437411.5 ], [ 432060.5, 437412.25 ], [ 432060.75, 437412.25 ], [ 432060.75, 437413.0 ], [ 432061.0, 437413.0 ], [ 432061.0, 437420.25 ], [ 432060.75, 437420.25 ], [ 432060.75, 437421.75 ], [ 432060.5, 437421.75 ], [ 432060.5, 437422.25 ], [ 432060.25, 437422.25 ], [ 432060.25, 437422.75 ], [ 432060.0, 437422.75 ], [ 432060.0, 437423.25 ], [ 432059.75, 437423.25 ], [ 432059.75, 437424.0 ], [ 432059.5, 437424.0 ], [ 432059.5, 437424.75 ], [ 432059.25, 437424.75 ], [ 432059.25, 437425.25 ], [ 432059.0, 437425.25 ], [ 432059.0, 437426.0 ], [ 432058.75, 437426.0 ], [ 432058.75, 437426.75 ], [ 432058.5, 437426.75 ], [ 432058.5, 437427.25 ], [ 432058.25, 437427.25 ], [ 432058.25, 437427.75 ], [ 432058.0, 437427.75 ], [ 432058.0, 437428.0 ], [ 432057.75, 437428.0 ], [ 432057.75, 437428.5 ], [ 432057.5, 437428.5 ], [ 432057.5, 437428.75 ], [ 432057.0, 437428.75 ], [ 432057.0, 437429.0 ], [ 432056.5, 437429.0 ], [ 432056.5, 437429.25 ], [ 432056.0, 437429.25 ], [ 432056.0, 437429.5 ], [ 432055.25, 437429.5 ], [ 432055.25, 437429.75 ], [ 432054.5, 437429.75 ], [ 432054.5, 437430.0 ], [ 432054.0, 437430.0 ], [ 432054.0, 437430.25 ], [ 432053.25, 437430.25 ], [ 432053.25, 437430.5 ], [ 432052.5, 437430.5 ], [ 432052.5, 437430.75 ], [ 432052.0, 437430.75 ], [ 432052.0, 437431.0 ], [ 432051.25, 437431.0 ], [ 432051.25, 437431.25 ], [ 432050.25, 437431.25 ], [ 432050.25, 437431.5 ], [ 432048.5, 437431.5 ], [ 432048.5, 437431.75 ], [ 432045.0, 437431.75 ], [ 432045.0, 437432.0 ], [ 432044.0, 437432.0 ], [ 432044.0, 437432.25 ], [ 432043.25, 437432.25 ], [ 432043.25, 437432.5 ], [ 432042.5, 437432.5 ], [ 432042.5, 437432.75 ], [ 432042.0, 437432.75 ], [ 432042.0, 437433.0 ], [ 432041.5, 437433.0 ], [ 432041.5, 437433.25 ], [ 432041.0, 437433.25 ], [ 432041.0, 437433.5 ], [ 432040.75, 437433.5 ], [ 432040.75, 437433.75 ], [ 432040.5, 437433.75 ], [ 432040.5, 437434.0 ], [ 432040.25, 437434.0 ], [ 432040.25, 437434.75 ], [ 432040.0, 437434.75 ], [ 432040.0, 437435.5 ], [ 432039.75, 437435.5 ], [ 432039.75, 437436.75 ], [ 432039.5, 437436.75 ], [ 432039.5, 437438.5 ], [ 432039.75, 437438.5 ], [ 432039.75, 437439.0 ], [ 432040.0, 437439.0 ], [ 432040.0, 437439.75 ], [ 432040.25, 437439.75 ], [ 432040.25, 437441.75 ], [ 432040.5, 437441.75 ], [ 432040.5, 437443.5 ], [ 432040.75, 437443.5 ], [ 432040.75, 437445.75 ], [ 432040.5, 437445.75 ], [ 432040.5, 437447.75 ], [ 432040.25, 437447.75 ], [ 432040.25, 437449.5 ], [ 432040.0, 437449.5 ], [ 432040.0, 437451.0 ], [ 432040.25, 437451.0 ], [ 432040.25, 437452.0 ], [ 432040.5, 437452.0 ], [ 432040.5, 437452.25 ], [ 432040.75, 437452.25 ], [ 432040.75, 437453.25 ], [ 432041.0, 437453.25 ], [ 432041.0, 437454.75 ], [ 432040.75, 437454.75 ], [ 432040.75, 437456.5 ], [ 432040.5, 437456.5 ], [ 432040.5, 437460.25 ], [ 432040.25, 437460.25 ], [ 432040.25, 437460.75 ], [ 432040.0, 437460.75 ], [ 432040.0, 437462.0 ], [ 432039.75, 437462.0 ], [ 432039.75, 437463.75 ], [ 432039.5, 437463.75 ], [ 432039.5, 437464.25 ], [ 432039.25, 437464.25 ], [ 432039.25, 437464.75 ], [ 432039.0, 437464.75 ], [ 432039.0, 437465.5 ], [ 432038.75, 437465.5 ], [ 432038.75, 437466.0 ], [ 432038.5, 437466.0 ], [ 432038.5, 437466.25 ], [ 432038.25, 437466.25 ], [ 432038.25, 437466.5 ], [ 432038.0, 437466.5 ], [ 432038.0, 437466.75 ], [ 432037.75, 437466.75 ], [ 432037.75, 437467.0 ], [ 432037.5, 437467.0 ], [ 432037.5, 437467.25 ], [ 432037.25, 437467.25 ], [ 432037.25, 437467.5 ], [ 432037.0, 437467.5 ], [ 432037.0, 437468.0 ], [ 432036.75, 437468.0 ], [ 432036.75, 437468.25 ], [ 432036.5, 437468.25 ], [ 432036.5, 437468.75 ], [ 432036.25, 437468.75 ], [ 432036.25, 437469.25 ], [ 432036.0, 437469.25 ], [ 432036.0, 437469.75 ], [ 432035.75, 437469.75 ], [ 432035.75, 437470.25 ], [ 432035.5, 437470.25 ], [ 432035.5, 437470.75 ], [ 432035.25, 437470.75 ], [ 432035.25, 437471.25 ], [ 432035.0, 437471.25 ], [ 432035.0, 437471.75 ], [ 432034.75, 437471.75 ], [ 432034.75, 437472.25 ], [ 432034.5, 437472.25 ], [ 432034.5, 437472.75 ], [ 432034.25, 437472.75 ], [ 432034.25, 437473.25 ], [ 432034.0, 437473.25 ], [ 432034.0, 437473.75 ], [ 432033.75, 437473.75 ], [ 432033.75, 437474.25 ], [ 432033.5, 437474.25 ], [ 432033.5, 437475.25 ], [ 432033.25, 437475.25 ], [ 432033.25, 437478.25 ], [ 432033.0, 437478.25 ], [ 432033.0, 437483.0 ], [ 432033.25, 437483.0 ], [ 432033.25, 437484.0 ], [ 432033.5, 437484.0 ], [ 432033.5, 437484.5 ], [ 432033.75, 437484.5 ], [ 432033.75, 437485.0 ], [ 432034.0, 437485.0 ], [ 432034.0, 437485.25 ], [ 432034.25, 437485.25 ], [ 432034.25, 437485.75 ], [ 432034.5, 437485.75 ], [ 432034.5, 437486.25 ], [ 432034.75, 437486.25 ], [ 432034.75, 437488.0 ], [ 432000.0, 437488.0 ] ], [ [ 432026.25, 437390.5 ], [ 432027.75, 437390.5 ], [ 432027.75, 437390.0 ], [ 432027.5, 437390.0 ], [ 432027.5, 437389.75 ], [ 432027.25, 437389.75 ], [ 432027.25, 437389.5 ], [ 432026.0, 437389.5 ], [ 432026.0, 437389.25 ], [ 432025.25, 437389.25 ], [ 432025.25, 437389.75 ], [ 432025.5, 437389.75 ], [ 432025.5, 437390.0 ], [ 432025.75, 437390.0 ], [ 432025.75, 437390.25 ], [ 432026.25, 437390.25 ], [ 432026.25, 437390.5 ] ] ] } },
{ "type": "Feature", "properties": { }, "geometry": { "type": "Polygon", "coordinates": [ [ [ 432353.5, 437399.25 ], [ 432353.5, 437399.0 ], [ 432353.0, 437399.0 ], [ 432353.0, 437398.75 ], [ 432352.5, 437398.75 ], [ 432352.5, 437398.5 ], [ 432352.0, 437398.5 ], [ 432352.0, 437398.25 ], [ 432351.75, 437398.25 ], [ 432351.75, 437398.0 ], [ 432351.5, 437398.0 ], [ 432351.5, 437397.75 ], [ 432351.0, 437397.75 ], [ 432351.0, 437397.5 ], [ 432350.5, 437397.5 ], [ 432350.5, 437397.25 ], [ 432350.25, 437397.25 ], [ 432350.25, 437397.0 ], [ 432350.0, 437397.0 ], [ 432350.0, 437396.75 ], [ 432349.75, 437396.75 ], [ 432349.75, 437396.5 ], [ 432349.5, 437396.5 ], [ 432349.5, 437396.25 ], [ 432349.25, 437396.25 ], [ 432349.25, 437396.0 ], [ 432349.0, 437396.0 ], [ 432349.0, 437395.75 ], [ 432348.5, 437395.75 ], [ 432348.5, 437395.5 ], [ 432348.25, 437395.5 ], [ 432348.25, 437395.25 ], [ 432348.0, 437395.25 ], [ 432348.0, 437395.0 ], [ 432347.75, 437395.0 ], [ 432347.75, 437394.75 ], [ 432347.25, 437394.75 ], [ 432347.25, 437394.5 ], [ 432347.0, 437394.5 ], [ 432347.0, 437394.25 ], [ 432346.75, 437394.25 ], [ 432346.75, 437394.0 ], [ 432346.5, 437394.0 ], [ 432346.5, 437393.75 ], [ 432346.0, 437393.75 ], [ 432346.0, 437393.5 ], [ 432345.75, 437393.5 ], [ 432345.75, 437393.25 ], [ 432345.25, 437393.25 ], [ 432345.25, 437393.0 ], [ 432345.0, 437393.0 ], [ 432345.0, 437392.75 ], [ 432344.5, 437392.75 ], [ 432344.5, 437392.5 ], [ 432344.25, 437392.5 ], [ 432344.25, 437392.25 ], [ 432344.0, 437392.25 ], [ 432344.0, 437392.0 ], [ 432343.75, 437392.0 ], [ 432343.75, 437391.75 ], [ 432343.25, 437391.75 ], [ 432343.25, 437391.5 ], [ 432343.0, 437391.5 ], [ 432343.0, 437391.25 ], [ 432342.75, 437391.25 ], [ 432342.75, 437391.0 ], [ 432342.25, 437391.0 ], [ 432342.25, 437390.75 ], [ 432342.0, 437390.75 ], [ 432342.0, 437390.5 ], [ 432341.75, 437390.5 ], [ 432341.75, 437390.25 ], [ 432341.5, 437390.25 ], [ 432341.5, 437390.0 ], [ 432341.25, 437390.0 ], [ 432341.25, 437389.75 ], [ 432341.0, 437389.75 ], [ 432341.0, 437389.5 ], [ 432340.75, 437389.5 ], [ 432340.75, 437389.25 ], [ 432340.25, 437389.25 ], [ 432340.25, 437389.0 ], [ 432340.0, 437389.0 ], [ 432340.0, 437388.75 ], [ 432339.75, 437388.75 ], [ 432339.75, 437388.5 ], [ 432339.5, 437388.5 ], [ 432339.5, 437388.0 ], [ 432339.25, 437388.0 ], [ 432339.25, 437387.75 ], [ 432339.0, 437387.75 ], [ 432339.0, 437387.25 ], [ 432338.75, 437387.25 ], [ 432338.75, 437387.0 ], [ 432338.5, 437387.0 ], [ 432338.5, 437386.75 ], [ 432338.25, 437386.75 ], [ 432338.25, 437386.25 ], [ 432338.0, 437386.25 ], [ 432338.0, 437386.0 ], [ 432337.75, 437386.0 ], [ 432337.75, 437385.5 ], [ 432337.5, 437385.5 ], [ 432337.5, 437385.25 ], [ 432337.25, 437385.25 ], [ 432337.25, 437385.0 ], [ 432337.0, 437385.0 ], [ 432337.0, 437384.5 ], [ 432336.75, 437384.5 ], [ 432336.75, 437384.0 ], [ 432336.5, 437384.0 ], [ 432336.5, 437383.75 ], [ 432336.25, 437383.75 ], [ 432336.25, 437383.25 ], [ 432336.0, 437383.25 ], [ 432336.0, 437382.75 ], [ 432335.75, 437382.75 ], [ 432335.75, 437382.0 ], [ 432335.5, 437382.0 ], [ 432335.5, 437381.5 ], [ 432335.25, 437381.5 ], [ 432335.25, 437381.0 ], [ 432335.0, 437381.0 ], [ 432335.0, 437380.5 ], [ 432334.75, 437380.5 ], [ 432334.75, 437380.25 ], [ 432334.5, 437380.25 ], [ 432334.5, 437379.75 ], [ 432334.25, 437379.75 ], [ 432334.25, 437379.5 ], [ 432334.0, 437379.5 ], [ 432334.0, 437379.0 ], [ 432333.75, 437379.0 ], [ 432333.75, 437378.75 ], [ 432333.5, 437378.75 ], [ 432333.5, 437378.5 ], [ 432333.25, 437378.5 ], [ 432333.25, 437378.0 ], [ 432333.0, 437378.0 ], [ 432333.0, 437377.75 ], [ 432332.75, 437377.75 ], [ 432332.75, 437377.25 ], [ 432332.5, 437377.25 ], [ 432332.5, 437376.75 ], [ 432332.25, 437376.75 ], [ 432332.25, 437376.25 ], [ 432332.0, 437376.25 ], [ 432332.0, 437375.75 ], [ 432331.75, 437375.75 ], [ 432331.75, 437375.25 ], [ 432331.5, 437375.25 ], [ 432331.5, 437374.5 ], [ 432331.25, 437374.5 ], [ 432331.25, 437374.0 ], [ 432331.0, 437374.0 ], [ 432331.0, 437373.25 ], [ 432330.75, 437373.25 ], [ 432330.75, 437372.75 ], [ 432330.5, 437372.75 ], [ 432330.5, 437372.25 ], [ 432330.25, 437372.25 ], [ 432330.25, 437371.75 ], [ 432330.0, 437371.75 ], [ 432330.0, 437371.0 ], [ 432329.75, 437371.0 ], [ 432329.75, 437370.5 ], [ 432329.5, 437370.5 ], [ 432329.5, 437370.0 ], [ 432329.25, 437370.0 ], [ 432329.25, 437369.5 ], [ 432329.0, 437369.5 ], [ 432329.0, 437368.75 ], [ 432328.75, 437368.75 ], [ 432328.75, 437368.25 ], [ 432328.5, 437368.25 ], [ 432328.5, 437367.75 ], [ 432328.25, 437367.75 ], [ 432328.25, 437367.0 ], [ 432328.0, 437367.0 ], [ 432328.0, 437366.25 ], [ 432327.75, 437366.25 ], [ 432327.75, 437365.75 ], [ 432327.5, 437365.75 ], [ 432327.5, 437365.0 ], [ 432327.25, 437365.0 ], [ 432327.25, 437364.5 ], [ 432327.0, 437364.5 ], [ 432327.0, 437364.0 ], [ 432326.75, 437364.0 ], [ 432326.75, 437363.5 ], [ 432326.5, 437363.5 ], [ 432326.5, 437363.25 ], [ 432326.25, 437363.25 ], [ 432326.25, 437362.75 ], [ 432326.0, 437362.75 ], [ 432326.0, 437362.25 ], [ 432325.75, 437362.25 ], [ 432325.75, 437360.75 ], [ 432325.5, 437360.75 ], [ 432325.5, 437360.0 ], [ 432324.5, 437360.0 ], [ 432324.5, 437358.25 ], [ 432324.25, 437358.25 ], [ 432324.25, 437357.25 ], [ 432324.0, 437357.25 ], [ 432324.0, 437356.5 ], [ 432323.75, 437356.5 ], [ 432323.75, 437356.0 ], [ 432323.5, 437356.0 ], [ 432323.5, 437355.5 ], [ 432323.25, 437355.5 ], [ 432323.25, 437355.25 ], [ 432323.0, 437355.25 ], [ 432323.0, 437354.75 ], [ 432322.75, 437354.75 ], [ 432322.75, 437354.5 ], [ 432322.5, 437354.5 ], [ 432322.5, 437354.0 ], [ 432322.25, 437354.0 ], [ 432322.25, 437353.75 ], [ 432322.0, 437353.75 ], [ 432322.0, 437353.25 ], [ 432321.75, 437353.25 ], [ 432321.75, 437353.0 ], [ 432321.5, 437353.0 ], [ 432321.5, 437352.75 ], [ 432321.25, 437352.75 ], [ 432321.25, 437352.25 ], [ 432321.0, 437352.25 ], [ 432321.0, 437352.0 ], [ 432320.75, 437352.0 ], [ 432320.75, 437351.75 ], [ 432320.5, 437351.75 ], [ 432320.5, 437351.5 ], [ 432320.25, 437351.5 ], [ 432320.25, 437351.25 ], [ 432320.0, 437351.25 ], [ 432320.0, 437350.75 ], [ 432319.75, 437350.75 ], [ 432319.75, 437350.5 ], [ 432319.5, 437350.5 ], [ 432319.5, 437350.25 ], [ 432319.25, 437350.25 ], [ 432319.25, 437349.75 ], [ 432319.0, 437349.75 ], [ 432319.0, 437349.5 ], [ 432318.75, 437349.5 ], [ 432318.75, 437349.25 ], [ 432318.5, 437349.25 ], [ 432318.5, 437349.0 ], [ 432318.25, 437349.0 ], [ 432318.25, 437348.75 ], [ 432317.75, 437348.75 ], [ 432317.75, 437348.5 ], [ 432317.5, 437348.5 ], [ 432317.5, 437348.25 ], [ 432317.25, 437348.25 ], [ 432317.25, 437348.0 ], [ 432317.0, 437348.0 ], [ 432317.0, 437347.75 ], [ 432316.75, 437347.75 ], [ 432316.75, 437347.5 ], [ 432316.5, 437347.5 ], [ 432316.5, 437347.25 ], [ 432316.25, 437347.25 ], [ 432316.25, 437347.0 ], [ 432316.0, 437347.0 ], [ 432316.0, 437346.5 ], [ 432315.75, 437346.5 ], [ 432315.75, 437346.25 ], [ 432315.5, 437346.25 ], [ 432315.5, 437345.75 ], [ 432315.25, 437345.75 ], [ 432315.25, 437345.0 ], [ 432315.0, 437345.0 ], [ 432315.0, 437344.5 ], [ 432314.75, 437344.5 ], [ 432314.75, 437343.5 ], [ 432314.5, 437343.5 ], [ 432314.5, 437342.75 ], [ 432314.25, 437342.75 ], [ 432314.25, 437341.75 ], [ 432314.5, 437341.75 ], [ 432314.5, 437341.25 ], [ 432314.75, 437341.25 ], [ 432314.75, 437340.75 ], [ 432315.0, 437340.75 ], [ 432315.0, 437340.5 ], [ 432315.25, 437340.5 ], [ 432315.25, 437340.0 ], [ 432315.5, 437340.0 ], [ 432315.5, 437339.5 ], [ 432315.75, 437339.5 ], [ 432315.75, 437339.25 ], [ 432316.0, 437339.25 ], [ 432316.0, 437338.75 ], [ 432316.5, 437338.75 ], [ 432316.5, 437338.5 ], [ 432316.75, 437338.5 ], [ 432316.75, 437338.25 ], [ 432317.5, 437338.25 ], [ 432317.5, 437338.0 ], [ 432318.25, 437338.0 ], [ 432318.25, 437337.75 ], [ 432319.0, 437337.75 ], [ 432319.0, 437337.5 ], [ 432319.5, 437337.5 ], [ 432319.5, 437337.25 ], [ 432319.75, 437337.25 ], [ 432319.75, 437337.0 ], [ 432320.25, 437337.0 ], [ 432320.25, 437336.75 ], [ 432320.75, 437336.75 ], [ 432320.75, 437336.5 ], [ 432322.5, 437336.5 ], [ 432322.5, 437336.75 ], [ 432323.0, 437336.75 ], [ 432323.0, 437337.0 ], [ 432323.5, 437337.0 ], [ 432323.5, 437337.25 ], [ 432324.0, 437337.25 ], [ 432324.0, 437337.5 ], [ 432324.25, 437337.5 ], [ 432324.25, 437337.75 ], [ 432324.75, 437337.75 ], [ 432324.75, 437338.0 ], [ 432325.25, 437338.0 ], [ 432325.25, 437338.25 ], [ 432325.5, 437338.25 ], [ 432325.5, 437338.5 ], [ 432326.0, 437338.5 ], [ 432326.0, 437338.75 ], [ 432326.25, 437338.75 ], [ 432326.25, 437339.0 ], [ 432326.5, 437339.0 ], [ 432326.5, 437339.25 ], [ 432327.0, 437339.25 ], [ 432327.0, 437339.5 ], [ 432327.25, 437339.5 ], [ 432327.25, 437339.75 ], [ 432327.5, 437339.75 ], [ 432327.5, 437340.0 ], [ 432327.75, 437340.0 ], [ 432327.75, 437340.25 ], [ 432328.0, 437340.25 ], [ 432328.0, 437340.5 ], [ 432328.5, 437340.5 ], [ 432328.5, 437340.75 ], [ 432328.75, 437340.75 ], [ 432328.75, 437341.0 ], [ 432329.0, 437341.0 ], [ 432329.0, 437341.25 ], [ 432329.25, 437341.25 ], [ 432329.25, 437341.5 ], [ 432329.5, 437341.5 ], [ 432329.5, 437341.75 ], [ 432329.75, 437341.75 ], [ 432329.75, 437342.0 ], [ 432330.0, 437342.0 ], [ 432330.0, 437342.25 ], [ 432330.25, 437342.25 ], [ 432330.25, 437342.5 ], [ 432330.5, 437342.5 ], [ 432330.5, 437342.75 ], [ 432330.75, 437342.75 ], [ 432330.75, 437343.25 ], [ 432331.0, 437343.25 ], [ 432331.0, 437343.5 ], [ 432331.5, 437343.5 ], [ 432331.5, 437344.0 ], [ 432331.75, 437344.0 ], [ 432331.75, 437344.25 ], [ 432332.0, 437344.25 ], [ 432332.0, 437344.5 ], [ 432332.25, 437344.5 ], [ 432332.25, 437344.75 ], [ 432332.5, 437344.75 ], [ 432332.5, 437345.0 ], [ 432332.75, 437345.0 ], [ 432332.75, 437345.25 ], [ 432333.25, 437345.25 ], [ 432333.25, 437345.5 ], [ 432333.5, 437345.5 ], [ 432333.5, 437346.0 ], [ 432333.75, 437346.0 ], [ 432333.75, 437346.25 ], [ 432334.25, 437346.25 ], [ 432334.25, 437346.5 ], [ 432334.5, 437346.5 ], [ 432334.5, 437346.75 ], [ 432334.75, 437346.75 ], [ 432334.75, 437347.0 ], [ 432335.0, 437347.0 ], [ 432335.0, 437347.25 ], [ 432335.25, 437347.25 ], [ 432335.25, 437347.5 ], [ 432335.5, 437347.5 ], [ 432335.5, 437348.0 ], [ 432335.75, 437348.0 ], [ 432335.75, 437348.25 ], [ 432336.0, 437348.25 ], [ 432336.0, 437348.75 ], [ 432336.25, 437348.75 ], [ 432336.25, 437349.0 ], [ 432336.5, 437349.0 ], [ 432336.5, 437349.5 ], [ 432336.75, 437349.5 ], [ 432336.75, 437350.0 ], [ 432337.0, 437350.0 ], [ 432337.0, 437350.5 ], [ 432337.25, 437350.5 ], [ 432337.25, 437350.75 ], [ 432337.5, 437350.75 ], [ 432337.5, 437351.0 ], [ 432338.0, 437351.0 ], [ 432338.0, 437351.25 ], [ 432338.25, 437351.25 ], [ 432338.25, 437351.5 ], [ 432338.75, 437351.5 ], [ 432338.75, 437351.75 ], [ 432339.25, 437351.75 ], [ 432339.25, 437352.0 ], [ 432339.5, 437352.0 ], [ 432339.5, 437352.25 ], [ 432340.0, 437352.25 ], [ 432340.0, 437352.5 ], [ 432340.5, 437352.5 ], [ 432340.5, 437352.75 ], [ 432340.75, 437352.75 ], [ 432340.75, 437353.0 ], [ 432341.0, 437353.0 ], [ 432341.0, 437353.25 ], [ 432341.5, 437353.25 ], [ 432341.5, 437353.5 ], [ 432341.75, 437353.5 ], [ 432341.75, 437353.75 ], [ 432342.0, 437353.75 ], [ 432342.0, 437354.0 ], [ 432342.25, 437354.0 ], [ 432342.25, 437354.25 ], [ 432342.5, 437354.25 ], [ 432342.5, 437354.5 ], [ 432342.75, 437354.5 ], [ 432342.75, 437354.75 ], [ 432343.0, 437354.75 ], [ 432343.0, 437355.0 ], [ 432343.25, 437355.0 ], [ 432343.25, 437355.25 ], [ 432343.5, 437355.25 ], [ 432343.5, 437355.75 ], [ 432343.75, 437355.75 ], [ 432343.75, 437356.25 ], [ 432344.0, 437356.25 ], [ 432344.0, 437356.75 ], [ 432344.25, 437356.75 ], [ 432344.25, 437357.25 ], [ 432344.5, 437357.25 ], [ 432344.5, 437358.0 ], [ 432344.75, 437358.0 ], [ 432344.75, 437360.0 ], [ 432347.25, 437360.0 ], [ 432347.25, 437362.0 ], [ 432347.5, 437362.0 ], [ 432347.5, 437362.75 ], [ 432347.75, 437362.75 ], [ 432347.75, 437363.5 ], [ 432348.0, 437363.5 ], [ 432348.0, 437364.0 ], [ 432348.25, 437364.0 ], [ 432348.25, 437364.75 ], [ 432348.5, 437364.75 ], [ 432348.5, 437365.5 ], [ 432348.75, 437365.5 ], [ 432348.75, 437366.5 ], [ 432349.0, 437366.5 ], [ 432349.0, 437367.5 ], [ 432349.25, 437367.5 ], [ 432349.25, 437368.25 ], [ 432349.5, 437368.25 ], [ 432349.5, 437369.0 ], [ 432349.75, 437369.0 ], [ 432349.75, 437369.5 ], [ 432350.0, 437369.5 ], [ 432350.0, 437370.0 ], [ 432350.25, 437370.0 ], [ 432350.25, 437370.5 ], [ 432350.5, 437370.5 ], [ 432350.5, 437370.75 ], [ 432350.75, 437370.75 ], [ 432350.75, 437371.0 ], [ 432351.0, 437371.0 ], [ 432351.0, 437371.25 ], [ 432351.25, 437371.25 ], [ 432351.25, 437371.5 ], [ 432351.5, 437371.5 ], [ 432351.5, 437372.0 ], [ 432351.75, 437372.0 ], [ 432351.75, 437372.25 ], [ 432352.0, 437372.25 ], [ 432352.0, 437372.75 ], [ 432352.25, 437372.75 ], [ 432352.25, 437373.25 ], [ 432352.5, 437373.25 ], [ 432352.5, 437373.75 ], [ 432352.75, 437373.75 ], [ 432352.75, 437374.0 ], [ 432353.0, 437374.0 ], [ 432353.0, 437374.25 ], [ 432353.25, 437374.25 ], [ 432353.25, 437374.75 ], [ 432353.5, 437374.75 ], [ 432353.5, 437375.0 ], [ 432354.0, 437375.0 ], [ 432354.0, 437375.25 ], [ 432354.25, 437375.25 ], [ 432354.25, 437375.5 ], [ 432354.5, 437375.5 ], [ 432354.5, 437375.75 ], [ 432355.0, 437375.75 ], [ 432355.0, 437376.0 ], [ 432355.25, 437376.0 ], [ 432355.25, 437376.25 ], [ 432355.5, 437376.25 ], [ 432355.5, 437376.5 ], [ 432355.75, 437376.5 ], [ 432355.75, 437376.75 ], [ 432356.0, 437376.75 ], [ 432356.0, 437377.0 ], [ 432356.25, 437377.0 ], [ 432356.25, 437377.5 ], [ 432356.5, 437377.5 ], [ 432356.5, 437377.75 ], [ 432356.75, 437377.75 ], [ 432356.75, 437378.25 ], [ 432357.0, 437378.25 ], [ 432357.0, 437378.75 ], [ 432357.25, 437378.75 ], [ 432357.25, 437379.0 ], [ 432357.5, 437379.0 ], [ 432357.5, 437379.25 ], [ 432357.75, 437379.25 ], [ 432357.75, 437379.5 ], [ 432358.0, 437379.5 ], [ 432358.0, 437379.75 ], [ 432358.25, 437379.75 ], [ 432358.25, 437380.25 ], [ 432358.5, 437380.25 ], [ 432358.5, 437380.5 ], [ 432358.75, 437380.5 ], [ 432358.75, 437380.75 ], [ 432359.0, 437380.75 ], [ 432359.0, 437381.0 ], [ 432359.25, 437381.0 ], [ 432359.25, 437381.25 ], [ 432359.5, 437381.25 ], [ 432359.5, 437381.75 ], [ 432359.75, 437381.75 ], [ 432359.75, 437382.25 ], [ 432360.0, 437382.25 ], [ 432360.0, 437382.75 ], [ 432360.25, 437382.75 ], [ 432360.25, 437383.0 ], [ 432360.5, 437383.0 ], [ 432360.5, 437383.5 ], [ 432360.75, 437383.5 ], [ 432360.75, 437383.75 ], [ 432361.0, 437383.75 ], [ 432361.0, 437384.25 ], [ 432361.5, 437384.25 ], [ 432361.5, 437384.5 ], [ 432361.75, 437384.5 ], [ 432361.75, 437384.75 ], [ 432362.25, 437384.75 ], [ 432362.25, 437385.0 ], [ 432362.5, 437385.0 ], [ 432362.5, 437385.25 ], [ 432363.0, 437385.25 ], [ 432363.0, 437385.5 ], [ 432363.25, 437385.5 ], [ 432363.25, 437385.75 ], [ 432363.5, 437385.75 ], [ 432363.5, 437386.0 ], [ 432363.75, 437386.0 ], [ 432363.75, 437386.5 ], [ 432364.0, 437386.5 ], [ 432364.0, 437387.0 ], [ 432364.25, 437387.0 ], [ 432364.25, 437387.5 ], [ 432364.5, 437387.5 ], [ 432364.5, 437390.25 ], [ 432364.25, 437390.25 ], [ 432364.25, 437390.75 ], [ 432364.0, 437390.75 ], [ 432364.0, 437391.0 ], [ 432363.75, 437391.0 ], [ 432363.75, 437391.5 ], [ 432363.5, 437391.5 ], [ 432363.5, 437392.0 ], [ 432363.25, 437392.0 ], [ 432363.25, 437392.25 ], [ 432363.0, 437392.25 ], [ 432363.0, 437392.5 ], [ 432362.75, 437392.5 ], [ 432362.75, 437392.75 ], [ 432362.5, 437392.75 ], [ 432362.5, 437393.0 ], [ 432362.25, 437393.0 ], [ 432362.25, 437393.25 ], [ 432362.0, 437393.25 ], [ 432362.0, 437393.5 ], [ 432361.75, 437393.5 ], [ 432361.75, 437393.75 ], [ 432361.5, 437393.75 ], [ 432361.5, 437394.25 ], [ 432361.25, 437394.25 ], [ 432361.25, 437395.5 ], [ 432361.0, 437395.5 ], [ 432361.0, 437397.0 ], [ 432360.75, 437397.0 ], [ 432360.75, 437397.5 ], [ 432360.5, 437397.5 ], [ 432360.5, 437397.75 ], [ 432360.0, 437397.75 ], [ 432360.0, 437398.0 ], [ 432359.5, 437398.0 ], [ 432359.5, 437398.25 ], [ 432359.0, 437398.25 ], [ 432359.0, 437398.5 ], [ 432358.0, 437398.5 ], [ 432358.0, 437398.75 ], [ 432356.75, 437398.75 ], [ 432356.75, 437399.0 ], [ 432355.75, 437399.0 ], [ 432355.75, 437399.25 ], [ 432353.5, 437399.25 ] ] ] } },
{ "type": "Feature", "properties": { }, "geometry": { "type": "Polygon", "coordinates": [ [ [ 432964.25, 437316.0 ], [ 432964.25, 437315.75 ], [ 432963.5, 437315.75 ], [ 432963.5, 437315.5 ], [ 432963.0, 437315.5 ], [ 432963.0, 437315.25 ], [ 432962.5, 437315.25 ], [ 432962.5, 437315.0 ], [ 432962.0, 437315.0 ], [ 432962.0, 437314.75 ], [ 432961.5, 437314.75 ], [ 432961.5, 437314.5 ], [ 432960.75, 437314.5 ], [ 432960.75, 437314.25 ], [ 432959.25, 437314.25 ], [ 432959.25, 437314.0 ], [ 432957.75, 437314.0 ], [ 432957.75, 437313.75 ], [ 432957.25, 437313.75 ], [ 432957.25, 437313.5 ], [ 432957.0, 437313.5 ], [ 432957.0, 437313.25 ], [ 432956.75, 437313.25 ], [ 432956.75, 437313.0 ], [ 432956.25, 437313.0 ], [ 432956.25, 437312.75 ], [ 432955.75, 437312.75 ], [ 432955.75, 437312.5 ], [ 432955.5, 437312.5 ], [ 432955.5, 437312.25 ], [ 432955.25, 437312.25 ], [ 432955.25, 437312.0 ], [ 432955.0, 437312.0 ], [ 432955.0, 437311.5 ], [ 432954.75, 437311.5 ], [ 432954.75, 437311.25 ], [ 432954.5, 437311.25 ], [ 432954.5, 437311.0 ], [ 432954.25, 437311.0 ], [ 432954.25, 437310.75 ], [ 432954.0, 437310.75 ], [ 432954.0, 437310.25 ], [ 432953.75, 437310.25 ], [ 432953.75, 437309.5 ], [ 432953.5, 437309.5 ], [ 432953.5, 437308.75 ], [ 432953.25, 437308.75 ], [ 432953.25, 437308.25 ], [ 432953.0, 437308.25 ], [ 432953.0, 437307.5 ], [ 432952.75, 437307.5 ], [ 432952.75, 437305.5 ], [ 432953.0, 437305.5 ], [ 432953.0, 437304.5 ], [ 432953.25, 437304.5 ], [ 432953.25, 437303.75 ], [ 432953.5, 437303.75 ], [ 432953.5, 437303.25 ], [ 432953.75, 437303.25 ], [ 432953.75, 437303.0 ], [ 432954.0, 437303.0 ], [ 432954.0, 437302.75 ], [ 432954.25, 437302.75 ], [ 432954.25, 437302.5 ], [ 432954.5, 437302.5 ], [ 432954.5, 437302.25 ], [ 432954.75, 437302.25 ], [ 432954.75, 437302.0 ], [ 432955.0, 437302.0 ], [ 432955.0, 437301.75 ], [ 432955.5, 437301.75 ], [ 432955.5, 437301.5 ], [ 432956.75, 437301.5 ], [ 432956.75, 437301.75 ], [ 432957.0, 437301.75 ], [ 432957.0, 437302.0 ], [ 432957.25, 437302.0 ], [ 432957.25, 437302.25 ], [ 432958.25, 437302.25 ], [ 432958.25, 437302.0 ], [ 432959.0, 437302.0 ], [ 432959.0, 437301.75 ], [ 432959.75, 437301.75 ], [ 432959.75, 437302.0 ], [ 432961.5, 437302.0 ], [ 432961.5, 437301.75 ], [ 432962.0, 437301.75 ], [ 432962.0, 437301.5 ], [ 432963.25, 437301.5 ], [ 432963.25, 437301.25 ], [ 432964.75, 437301.25 ], [ 432964.75, 437301.0 ], [ 432965.75, 437301.0 ], [ 432965.75, 437301.25 ], [ 432968.5, 437301.25 ], [ 432968.5, 437301.5 ], [ 432969.5, 437301.5 ], [ 432969.5, 437301.75 ], [ 432970.5, 437301.75 ], [ 432970.5, 437302.0 ], [ 432971.0, 437302.0 ], [ 432971.0, 437302.25 ], [ 432971.75, 437302.25 ], [ 432971.75, 437302.5 ], [ 432972.75, 437302.5 ], [ 432972.75, 437302.75 ], [ 432972.25, 437302.75 ], [ 432972.25, 437303.0 ], [ 432971.75, 437303.0 ], [ 432971.75, 437303.25 ], [ 432971.5, 437303.25 ], [ 432971.5, 437303.75 ], [ 432972.0, 437303.75 ], [ 432972.0, 437304.25 ], [ 432972.25, 437304.25 ], [ 432972.25, 437305.0 ], [ 432972.0, 437305.0 ], [ 432972.0, 437306.5 ], [ 432971.75, 437306.5 ], [ 432971.75, 437306.75 ], [ 432971.5, 437306.75 ], [ 432971.5, 437307.0 ], [ 432971.25, 437307.0 ], [ 432971.25, 437307.5 ], [ 432971.0, 437307.5 ], [ 432971.0, 437309.25 ], [ 432971.25, 437309.25 ], [ 432971.25, 437310.0 ], [ 432971.5, 437310.0 ], [ 432971.5, 437310.25 ], [ 432971.75, 437310.25 ], [ 432971.75, 437310.5 ], [ 432972.25, 437310.5 ], [ 432972.25, 437310.75 ], [ 432972.75, 437310.75 ], [ 432972.75, 437311.0 ], [ 432973.0, 437311.0 ], [ 432973.0, 437311.25 ], [ 432974.25, 437311.25 ], [ 432974.25, 437311.0 ], [ 432975.75, 437311.0 ], [ 432975.75, 437310.75 ], [ 432976.25, 437310.75 ], [ 432976.25, 437310.5 ], [ 432976.75, 437310.5 ], [ 432976.75, 437310.25 ], [ 432978.0, 437310.25 ], [ 432978.0, 437310.5 ], [ 432978.75, 437310.5 ], [ 432978.75, 437310.75 ], [ 432978.5, 437310.75 ], [ 432978.5, 437311.0 ], [ 432978.25, 437311.0 ], [ 432978.25, 437311.25 ], [ 432978.0, 437311.25 ], [ 432978.0, 437311.75 ], [ 432978.25, 437311.75 ], [ 432978.25, 437313.0 ], [ 432978.0, 437313.0 ], [ 432978.0, 437313.75 ], [ 432977.75, 437313.75 ], [ 432977.75, 437314.25 ], [ 432977.5, 437314.25 ], [ 432977.5, 437314.5 ], [ 432977.25, 437314.5 ], [ 432977.25, 437315.0 ], [ 432977.0, 437315.0 ], [ 432977.0, 437315.25 ], [ 432976.75, 437315.25 ], [ 432976.75, 437315.5 ], [ 432976.5, 437315.5 ], [ 432976.5, 437315.75 ], [ 432976.25, 437315.75 ], [ 432976.25, 437315.5 ], [ 432975.25, 437315.5 ], [ 432975.25, 437315.25 ], [ 432974.5, 437315.25 ], [ 432974.5, 437315.0 ], [ 432973.25, 437315.0 ], [ 432973.25, 437315.25 ], [ 432972.75, 437315.25 ], [ 432972.75, 437315.5 ], [ 432970.75, 437315.5 ], [ 432970.75, 437315.25 ], [ 432970.5, 437315.25 ], [ 432970.5, 437315.5 ], [ 432970.0, 437315.5 ], [ 432970.0, 437315.75 ], [ 432967.5, 437315.75 ], [ 432967.5, 437316.0 ], [ 432964.25, 437316.0 ] ] ] } },
{ "type": "Feature", "properties": { }, "geometry": { "type": "Polygon", "coordinates": [ [ [ 432442.25, 437287.5 ], [ 432442.25, 437287.25 ], [ 432441.75, 437287.25 ], [ 432441.75, 437287.0 ], [ 432441.25, 437287.0 ], [ 432441.25, 437286.75 ], [ 432441.0, 437286.75 ], [ 432441.0, 437286.25 ], [ 432440.75, 437286.25 ], [ 432440.75, 437286.0 ], [ 432440.5, 437286.0 ], [ 432440.5, 437285.75 ], [ 432440.25, 437285.75 ], [ 432440.25, 437285.5 ], [ 432440.0, 437285.5 ], [ 432440.0, 437285.25 ], [ 432439.75, 437285.25 ], [ 432439.75, 437285.0 ], [ 432439.5, 437285.0 ], [ 432439.5, 437284.75 ], [ 432439.25, 437284.75 ], [ 432439.25, 437284.5 ], [ 432439.0, 437284.5 ], [ 432439.0, 437284.25 ], [ 432438.75, 437284.25 ], [ 432438.75, 437284.0 ], [ 432438.25, 437284.0 ], [ 432438.25, 437283.75 ], [ 432437.75, 437283.75 ], [ 432437.75, 437283.5 ], [ 432437.25, 437283.5 ], [ 432437.25, 437283.25 ], [ 432436.75, 437283.25 ], [ 432436.75, 437283.0 ], [ 432436.25, 437283.0 ], [ 432436.25, 437282.75 ], [ 432435.75, 437282.75 ], [ 432435.75, 437282.5 ], [ 432435.25, 437282.5 ], [ 432435.25, 437282.25 ], [ 432434.75, 437282.25 ], [ 432434.75, 437282.0 ], [ 432434.5, 437282.0 ], [ 432434.5, 437281.75 ], [ 432434.0, 437281.75 ], [ 432434.0, 437281.5 ], [ 432433.75, 437281.5 ], [ 432433.75, 437281.25 ], [ 432433.25, 437281.25 ], [ 432433.25, 437281.0 ], [ 432432.75, 437281.0 ], [ 432432.75, 437280.75 ], [ 432432.5, 437280.75 ], [ 432432.5, 437280.5 ], [ 432432.0, 437280.5 ], [ 432432.0, 437280.25 ], [ 432431.5, 437280.25 ], [ 432431.5, 437280.0 ], [ 432431.0, 437280.0 ], [ 432431.0, 437279.75 ], [ 432430.5, 437279.75 ], [ 432430.5, 437279.5 ], [ 432429.75, 437279.5 ], [ 432429.75, 437279.25 ], [ 432429.25, 437279.25 ], [ 432429.25, 437279.0 ], [ 432429.0, 437279.0 ], [ 432429.0, 437278.75 ], [ 432428.5, 437278.75 ], [ 432428.5, 437278.5 ], [ 432428.25, 437278.5 ], [ 432428.25, 437278.25 ], [ 432428.0, 437278.25 ], [ 432428.0, 437278.0 ], [ 432427.5, 437278.0 ], [ 432427.5, 437277.75 ], [ 432427.25, 437277.75 ], [ 432427.25, 437277.5 ], [ 432427.0, 437277.5 ], [ 432427.0, 437277.25 ], [ 432426.5, 437277.25 ], [ 432426.5, 437277.0 ], [ 432426.25, 437277.0 ], [ 432426.25, 437276.75 ], [ 432425.75, 437276.75 ], [ 432425.75, 437276.5 ], [ 432425.25, 437276.5 ], [ 432425.25, 437276.25 ], [ 432425.0, 437276.25 ], [ 432425.0, 437276.0 ], [ 432424.5, 437276.0 ], [ 432424.5, 437275.75 ], [ 432424.25, 437275.75 ], [ 432424.25, 437275.5 ], [ 432423.75, 437275.5 ], [ 432423.75, 437275.25 ], [ 432423.5, 437275.25 ], [ 432423.5, 437275.0 ], [ 432423.0, 437275.0 ], [ 432423.0, 437274.75 ], [ 432422.75, 437274.75 ], [ 432422.75, 437274.5 ], [ 432422.5, 437274.5 ], [ 432422.5, 437274.25 ], [ 432422.0, 437274.25 ], [ 432422.0, 437274.0 ], [ 432421.75, 437274.0 ], [ 432421.75, 437273.75 ], [ 432421.5, 437273.75 ], [ 432421.5, 437273.5 ], [ 432421.25, 437273.5 ], [ 432421.25, 437273.25 ], [ 432420.75, 437273.25 ], [ 432420.75, 437273.0 ], [ 432420.5, 437273.0 ], [ 432420.5, 437272.75 ], [ 432420.0, 437272.75 ], [ 432420.0, 437272.5 ], [ 432419.5, 437272.5 ], [ 432419.5, 437272.25 ], [ 432419.25, 437272.25 ], [ 432419.25, 437272.0 ], [ 432418.75, 437272.0 ], [ 432418.75, 437271.75 ], [ 432418.25, 437271.75 ], [ 432418.25, 437271.5 ], [ 432417.75, 437271.5 ], [ 432417.75, 437271.25 ], [ 432417.25, 437271.25 ], [ 432417.25, 437271.0 ], [ 432416.75, 437271.0 ], [ 432416.75, 437270.75 ], [ 432416.5, 437270.75 ], [ 432416.5, 437270.5 ], [ 432416.0, 437270.5 ], [ 432416.0, 437270.25 ], [ 432415.75, 437270.25 ], [ 432415.75, 437270.0 ], [ 432415.25, 437270.0 ], [ 432415.25, 437269.75 ], [ 432415.0, 437269.75 ], [ 432415.0, 437269.5 ], [ 432414.5, 437269.5 ], [ 432414.5, 437269.25 ], [ 432414.0, 437269.25 ], [ 432414.0, 437269.0 ], [ 432413.5, 437269.0 ], [ 432413.5, 437268.75 ], [ 432413.0, 437268.75 ], [ 432413.0, 437268.5 ], [ 432412.5, 437268.5 ], [ 432412.5, 437268.25 ], [ 432412.0, 437268.25 ], [ 432412.0, 437268.0 ], [ 432411.75, 437268.0 ], [ 432411.75, 437267.75 ], [ 432411.25, 437267.75 ], [ 432411.25, 437267.5 ], [ 432411.0, 437267.5 ], [ 432411.0, 437267.25 ], [ 432410.75, 437267.25 ], [ 432410.75, 437267.0 ], [ 432410.25, 437267.0 ], [ 432410.25, 437266.75 ], [ 432410.0, 437266.75 ], [ 432410.0, 437266.5 ], [ 432409.75, 437266.5 ], [ 432409.75, 437266.25 ], [ 432409.25, 437266.25 ], [ 432409.25, 437266.0 ], [ 432409.0, 437266.0 ], [ 432409.0, 437265.75 ], [ 432408.75, 437265.75 ], [ 432408.75, 437265.5 ], [ 432408.5, 437265.5 ], [ 432408.5, 437265.25 ], [ 432408.25, 437265.25 ], [ 432408.25, 437265.0 ], [ 432407.75, 437265.0 ], [ 432407.75, 437264.75 ], [ 432407.5, 437264.75 ], [ 432407.5, 437264.5 ], [ 432407.0, 437264.5 ], [ 432407.0, 437264.25 ], [ 432406.5, 437264.25 ], [ 432406.5, 437264.0 ], [ 432406.0, 437264.0 ], [ 432406.0, 437263.75 ], [ 432405.75, 437263.75 ], [ 432405.75, 437263.5 ], [ 432405.25, 437263.5 ], [ 432405.25, 437263.25 ], [ 432405.0, 437263.25 ], [ 432405.0, 437263.0 ], [ 432404.5, 437263.0 ], [ 432404.5, 437262.75 ], [ 432404.25, 437262.75 ], [ 432404.25, 437262.5 ], [ 432404.0, 437262.5 ], [ 432404.0, 437262.25 ], [ 432403.75, 437262.25 ], [ 432403.75, 437262.0 ], [ 432403.5, 437262.0 ], [ 432403.5, 437261.75 ], [ 432403.25, 437261.75 ], [ 432403.25, 437261.5 ], [ 432403.0, 437261.5 ], [ 432403.0, 437261.25 ], [ 432402.75, 437261.25 ], [ 432402.75, 437261.0 ], [ 432402.25, 437261.0 ], [ 432402.25, 437260.75 ], [ 432401.75, 437260.75 ], [ 432401.75, 437260.5 ], [ 432401.5, 437260.5 ], [ 432401.5, 437260.25 ], [ 432401.0, 437260.25 ], [ 432401.0, 437260.0 ], [ 432400.5, 437260.0 ], [ 432400.5, 437259.75 ], [ 432400.25, 437259.75 ], [ 432400.25, 437259.5 ], [ 432399.75, 437259.5 ], [ 432399.75, 437259.25 ], [ 432399.5, 437259.25 ], [ 432399.5, 437259.0 ], [ 432399.25, 437259.0 ], [ 432399.25, 437258.75 ], [ 432399.0, 437258.75 ], [ 432399.0, 437258.5 ], [ 432398.5, 437258.5 ], [ 432398.5, 437258.25 ], [ 432398.25, 437258.25 ], [ 432398.25, 437258.0 ], [ 432398.0, 437258.0 ], [ 432398.0, 437257.75 ], [ 432397.75, 437257.75 ], [ 432397.75, 437257.5 ], [ 432397.25, 437257.5 ], [ 432397.25, 437257.25 ], [ 432397.0, 437257.25 ], [ 432397.0, 437257.0 ], [ 432396.75, 437257.0 ], [ 432396.75, 437256.75 ], [ 432396.25, 437256.75 ], [ 432396.25, 437256.5 ], [ 432395.75, 437256.5 ], [ 432395.75, 437256.25 ], [ 432395.5, 437256.25 ], [ 432395.5, 437256.0 ], [ 432395.0, 437256.0 ], [ 432395.0, 437255.75 ], [ 432394.5, 437255.75 ], [ 432394.5, 437255.5 ], [ 432394.25, 437255.5 ], [ 432394.25, 437255.25 ], [ 432393.75, 437255.25 ], [ 432393.75, 437255.0 ], [ 432393.5, 437255.0 ], [ 432393.5, 437254.75 ], [ 432393.25, 437254.75 ], [ 432393.25, 437254.5 ], [ 432393.0, 437254.5 ], [ 432393.0, 437254.25 ], [ 432392.75, 437254.25 ], [ 432392.75, 437254.0 ], [ 432392.5, 437254.0 ], [ 432392.5, 437253.75 ], [ 432392.25, 437253.75 ], [ 432392.25, 437253.5 ], [ 432392.0, 437253.5 ], [ 432392.0, 437253.25 ], [ 432391.75, 437253.25 ], [ 432391.75, 437253.0 ], [ 432391.5, 437253.0 ], [ 432391.5, 437252.75 ], [ 432391.25, 437252.75 ], [ 432391.25, 437252.5 ], [ 432391.0, 437252.5 ], [ 432391.0, 437252.25 ], [ 432390.5, 437252.25 ], [ 432390.5, 437252.0 ], [ 432390.25, 437252.0 ], [ 432390.25, 437251.75 ], [ 432389.75, 437251.75 ], [ 432389.75, 437251.5 ], [ 432389.5, 437251.5 ], [ 432389.5, 437251.25 ], [ 432389.0, 437251.25 ], [ 432389.0, 437251.0 ], [ 432388.75, 437251.0 ], [ 432388.75, 437250.75 ], [ 432388.25, 437250.75 ], [ 432388.25, 437250.5 ], [ 432388.0, 437250.5 ], [ 432388.0, 437250.25 ], [ 432387.75, 437250.25 ], [ 432387.75, 437250.0 ], [ 432387.5, 437250.0 ], [ 432387.5, 437249.75 ], [ 432387.0, 437249.75 ], [ 432387.0, 437249.5 ], [ 432386.75, 437249.5 ], [ 432386.75, 437249.25 ], [ 432386.25, 437249.25 ], [ 432386.25, 437249.0 ], [ 432385.75, 437249.0 ], [ 432385.75, 437248.75 ], [ 432384.0, 437248.75 ], [ 432384.0, 437236.75 ], [ 432386.25, 437236.75 ], [ 432386.25, 437237.0 ], [ 432388.75, 437237.0 ], [ 432388.75, 437237.25 ], [ 432390.0, 437237.25 ], [ 432390.0, 437237.5 ], [ 432390.75, 437237.5 ], [ 432390.75, 437237.75 ], [ 432391.25, 437237.75 ], [ 432391.25, 437238.0 ], [ 432391.5, 437238.0 ], [ 432391.5, 437238.25 ], [ 432392.0, 437238.25 ], [ 432392.0, 437238.5 ], [ 432392.5, 437238.5 ], [ 432392.5, 437238.75 ], [ 432393.0, 437238.75 ], [ 432393.0, 437239.0 ], [ 432393.75, 437239.0 ], [ 432393.75, 437239.25 ], [ 432394.25, 437239.25 ], [ 432394.25, 437239.5 ], [ 432394.75, 437239.5 ], [ 432394.75, 437239.75 ], [ 432395.5, 437239.75 ], [ 432395.5, 437240.0 ], [ 432396.0, 437240.0 ], [ 432396.0, 437240.25 ], [ 432396.5, 437240.25 ], [ 432396.5, 437240.5 ], [ 432397.0, 437240.5 ], [ 432397.0, 437240.75 ], [ 432397.5, 437240.75 ], [ 432397.5, 437241.0 ], [ 432397.75, 437241.0 ], [ 432397.75, 437241.25 ], [ 432398.0, 437241.25 ], [ 432398.0, 437241.5 ], [ 432398.5, 437241.5 ], [ 432398.5, 437241.75 ], [ 432398.75, 437241.75 ], [ 432398.75, 437242.0 ], [ 432399.0, 437242.0 ], [ 432399.0, 437242.25 ], [ 432399.25, 437242.25 ], [ 432399.25, 437242.5 ], [ 432399.5, 437242.5 ], [ 432399.5, 437242.75 ], [ 432399.75, 437242.75 ], [ 432399.75, 437243.0 ], [ 432400.25, 437243.0 ], [ 432400.25, 437243.25 ], [ 432400.5, 437243.25 ], [ 432400.5, 437243.5 ], [ 432401.0, 437243.5 ], [ 432401.0, 437243.75 ], [ 432401.75, 437243.75 ], [ 432401.75, 437244.0 ], [ 432402.25, 437244.0 ], [ 432402.25, 437244.25 ], [ 432402.5, 437244.25 ], [ 432402.5, 437244.5 ], [ 432403.0, 437244.5 ], [ 432403.0, 437244.75 ], [ 432403.25, 437244.75 ], [ 432403.25, 437245.0 ], [ 432403.5, 437245.0 ], [ 432403.5, 437245.25 ], [ 432403.75, 437245.25 ], [ 432403.75, 437245.5 ], [ 432404.0, 437245.5 ], [ 432404.0, 437245.75 ], [ 432404.25, 437245.75 ], [ 432404.25, 437246.0 ], [ 432404.5, 437246.0 ], [ 432404.5, 437246.25 ], [ 432404.75, 437246.25 ], [ 432404.75, 437246.5 ], [ 432405.0, 437246.5 ], [ 432405.0, 437246.75 ], [ 432405.25, 437246.75 ], [ 432405.25, 437247.0 ], [ 432405.75, 437247.0 ], [ 432405.75, 437247.25 ], [ 432406.0, 437247.25 ], [ 432406.0, 437247.5 ], [ 432406.5, 437247.5 ], [ 432406.5, 437247.75 ], [ 432407.0, 437247.75 ], [ 432407.0, 437248.0 ], [ 432407.5, 437248.0 ], [ 432407.5, 437248.25 ], [ 432408.0, 437248.25 ], [ 432408.0, 437248.5 ], [ 432408.5, 437248.5 ], [ 432408.5, 437248.75 ], [ 432409.0, 437248.75 ], [ 432409.0, 437249.0 ], [ 432409.25, 437249.0 ], [ 432409.25, 437249.25 ], [ 432409.75, 437249.25 ], [ 432409.75, 437249.5 ], [ 432410.0, 437249.5 ], [ 432410.0, 437249.75 ], [ 432410.5, 437249.75 ], [ 432410.5, 437250.0 ], [ 432410.75, 437250.0 ], [ 432410.75, 437250.25 ], [ 432411.0, 437250.25 ], [ 432411.0, 437250.5 ], [ 432411.25, 437250.5 ], [ 432411.25, 437250.75 ], [ 432411.5, 437250.75 ], [ 432411.5, 437251.0 ], [ 432412.0, 437251.0 ], [ 432412.0, 437251.25 ], [ 432412.25, 437251.25 ], [ 432412.25, 437251.5 ], [ 432412.5, 437251.5 ], [ 432412.5, 437251.75 ], [ 432413.0, 437251.75 ], [ 432413.0, 437252.0 ], [ 432413.25, 437252.0 ], [ 432413.25, 437252.25 ], [ 432413.75, 437252.25 ], [ 432413.75, 437252.5 ], [ 432414.25, 437252.5 ], [ 432414.25, 437252.75 ], [ 432414.5, 437252.75 ], [ 432414.5, 437253.0 ], [ 432415.0, 437253.0 ], [ 432415.0, 437253.25 ], [ 432415.25, 437253.25 ], [ 432415.25, 437253.5 ], [ 432415.5, 437253.5 ], [ 432415.5, 437253.75 ], [ 432415.75, 437253.75 ], [ 432415.75, 437254.0 ], [ 432416.0, 437254.0 ], [ 432416.0, 437254.25 ], [ 432416.5, 437254.25 ], [ 432416.5, 437254.5 ], [ 432416.75, 437254.5 ], [ 432416.75, 437254.75 ], [ 432417.0, 437254.75 ], [ 432417.0, 437255.0 ], [ 432417.5, 437255.0 ], [ 432417.5, 437255.25 ], [ 432418.0, 437255.25 ], [ 432418.0, 437255.5 ], [ 432418.5, 437255.5 ], [ 432418.5, 437255.75 ], [ 432419.0, 437255.75 ], [ 432419.0, 437256.0 ], [ 432419.5, 437256.0 ], [ 432419.5, 437256.25 ], [ 432420.0, 437256.25 ], [ 432420.0, 437256.5 ], [ 432420.25, 437256.5 ], [ 432420.25, 437256.75 ], [ 432420.75, 437256.75 ], [ 432420.75, 437257.0 ], [ 432421.0, 437257.0 ], [ 432421.0, 437257.25 ], [ 432421.25, 437257.25 ], [ 432421.25, 437257.5 ], [ 432421.5, 437257.5 ], [ 432421.5, 437257.75 ], [ 432421.75, 437257.75 ], [ 432421.75, 437258.0 ], [ 432422.25, 437258.0 ], [ 432422.25, 437258.25 ], [ 432422.5, 437258.25 ], [ 432422.5, 437258.5 ], [ 432422.75, 437258.5 ], [ 432422.75, 437258.75 ], [ 432423.25, 437258.75 ], [ 432423.25, 437259.0 ], [ 432423.5, 437259.0 ], [ 432423.5, 437259.25 ], [ 432424.0, 437259.25 ], [ 432424.0, 437259.5 ], [ 432424.5, 437259.5 ], [ 432424.5, 437259.75 ], [ 432425.0, 437259.75 ], [ 432425.0, 437260.0 ], [ 432425.25, 437260.0 ], [ 432425.25, 437260.25 ], [ 432425.75, 437260.25 ], [ 432425.75, 437260.5 ], [ 432426.25, 437260.5 ], [ 432426.25, 437260.75 ], [ 432426.5, 437260.75 ], [ 432426.5, 437261.0 ], [ 432427.0, 437261.0 ], [ 432427.0, 437261.25 ], [ 432427.25, 437261.25 ], [ 432427.25, 437261.5 ], [ 432427.5, 437261.5 ], [ 432427.5, 437261.75 ], [ 432427.75, 437261.75 ], [ 432427.75, 437262.0 ], [ 432428.0, 437262.0 ], [ 432428.0, 437262.25 ], [ 432428.25, 437262.25 ], [ 432428.25, 437262.5 ], [ 432428.5, 437262.5 ], [ 432428.5, 437262.75 ], [ 432429.0, 437262.75 ], [ 432429.0, 437263.0 ], [ 432429.25, 437263.0 ], [ 432429.25, 437263.25 ], [ 432429.75, 437263.25 ], [ 432429.75, 437263.5 ], [ 432430.0, 437263.5 ], [ 432430.0, 437263.75 ], [ 432430.5, 437263.75 ], [ 432430.5, 437264.0 ], [ 432431.0, 437264.0 ], [ 432431.0, 437264.25 ], [ 432431.5, 437264.25 ], [ 432431.5, 437264.5 ], [ 432431.75, 437264.5 ], [ 432431.75, 437264.75 ], [ 432432.25, 437264.75 ], [ 432432.25, 437265.0 ], [ 432432.5, 437265.0 ], [ 432432.5, 437265.25 ], [ 432432.75, 437265.25 ], [ 432432.75, 437265.5 ], [ 432433.0, 437265.5 ], [ 432433.0, 437265.75 ], [ 432433.5, 437265.75 ], [ 432433.5, 437266.0 ], [ 432433.75, 437266.0 ], [ 432433.75, 437266.25 ], [ 432434.0, 437266.25 ], [ 432434.0, 437266.5 ], [ 432434.25, 437266.5 ], [ 432434.25, 437266.75 ], [ 432434.75, 437266.75 ], [ 432434.75, 437267.0 ], [ 432435.25, 437267.0 ], [ 432435.25, 437267.25 ], [ 432435.75, 437267.25 ], [ 432435.75, 437267.5 ], [ 432436.0, 437267.5 ], [ 432436.0, 437267.75 ], [ 432436.5, 437267.75 ], [ 432436.5, 437268.0 ], [ 432437.0, 437268.0 ], [ 432437.0, 437268.25 ], [ 432437.5, 437268.25 ], [ 432437.5, 437268.5 ], [ 432437.75, 437268.5 ], [ 432437.75, 437268.75 ], [ 432438.25, 437268.75 ], [ 432438.25, 437269.0 ], [ 432438.75, 437269.0 ], [ 432438.75, 437269.25 ], [ 432439.0, 437269.25 ], [ 432439.0, 437269.5 ], [ 432439.25, 437269.5 ], [ 432439.25, 437269.75 ], [ 432439.5, 437269.75 ], [ 432439.5, 437270.0 ], [ 432439.75, 437270.0 ], [ 432439.75, 437270.25 ], [ 432440.0, 437270.25 ], [ 432440.0, 437270.5 ], [ 432440.5, 437270.5 ], [ 432440.5, 437270.75 ], [ 432440.75, 437270.75 ], [ 432440.75, 437271.0 ], [ 432441.25, 437271.0 ], [ 432441.25, 437271.25 ], [ 432441.75, 437271.25 ], [ 432441.75, 437271.5 ], [ 432442.5, 437271.5 ], [ 432442.5, 437271.75 ], [ 432443.0, 437271.75 ], [ 432443.0, 437272.0 ], [ 432443.25, 437272.0 ], [ 432443.25, 437272.25 ], [ 432443.75, 437272.25 ], [ 432443.75, 437272.5 ], [ 432444.0, 437272.5 ], [ 432444.0, 437272.75 ], [ 432444.5, 437272.75 ], [ 432444.5, 437273.0 ], [ 432444.75, 437273.0 ], [ 432444.75, 437273.25 ], [ 432445.0, 437273.25 ], [ 432445.0, 437273.5 ], [ 432445.25, 437273.5 ], [ 432445.25, 437274.0 ], [ 432445.5, 437274.0 ], [ 432445.5, 437274.25 ], [ 432445.75, 437274.25 ], [ 432445.75, 437274.5 ], [ 432446.0, 437274.5 ], [ 432446.0, 437275.0 ], [ 432446.25, 437275.0 ], [ 432446.25, 437275.5 ], [ 432446.5, 437275.5 ], [ 432446.5, 437276.25 ], [ 432446.75, 437276.25 ], [ 432446.75, 437277.25 ], [ 432447.0, 437277.25 ], [ 432447.0, 437277.75 ], [ 432446.75, 437277.75 ], [ 432446.75, 437278.25 ], [ 432446.5, 437278.25 ], [ 432446.5, 437279.0 ], [ 432446.25, 437279.0 ], [ 432446.25, 437281.75 ], [ 432446.5, 437281.75 ], [ 432446.5, 437282.25 ], [ 432446.75, 437282.25 ], [ 432446.75, 437282.5 ], [ 432447.0, 437282.5 ], [ 432447.0, 437283.0 ], [ 432447.25, 437283.0 ], [ 432447.25, 437283.75 ], [ 432447.5, 437283.75 ], [ 432447.5, 437284.25 ], [ 432447.75, 437284.25 ], [ 432447.75, 437285.75 ], [ 432447.5, 437285.75 ], [ 432447.5, 437286.75 ], [ 432447.25, 437286.75 ], [ 432447.25, 437287.0 ], [ 432447.0, 437287.0 ], [ 432447.0, 437287.25 ], [ 432446.25, 437287.25 ], [ 432446.25, 437287.5 ], [ 432442.25, 437287.5 ] ] ] } },
{ "type": "Feature", "properties": { }, "geometry": { "type": "Polygon", "coordinates": [ [ [ 432293.0, 437330.5 ], [ 432293.0, 437330.25 ], [ 432292.0, 437330.25 ], [ 432292.0, 437330.0 ], [ 432291.25, 437330.0 ], [ 432291.25, 437329.75 ], [ 432290.5, 437329.75 ], [ 432290.5, 437329.5 ], [ 432290.0, 437329.5 ], [ 432290.0, 437329.25 ], [ 432289.5, 437329.25 ], [ 432289.5, 437329.0 ], [ 432289.25, 437329.0 ], [ 432289.25, 437328.75 ], [ 432288.75, 437328.75 ], [ 432288.75, 437328.5 ], [ 432288.25, 437328.5 ], [ 432288.25, 437328.25 ], [ 432288.0, 437328.25 ], [ 432288.0, 437328.0 ], [ 432287.5, 437328.0 ], [ 432287.5, 437327.75 ], [ 432287.0, 437327.75 ], [ 432287.0, 437327.5 ], [ 432286.5, 437327.5 ], [ 432286.5, 437327.25 ], [ 432286.0, 437327.25 ], [ 432286.0, 437327.0 ], [ 432285.5, 437327.0 ], [ 432285.5, 437326.75 ], [ 432285.25, 437326.75 ], [ 432285.25, 437326.5 ], [ 432285.0, 437326.5 ], [ 432285.0, 437326.25 ], [ 432284.75, 437326.25 ], [ 432284.75, 437326.0 ], [ 432284.5, 437326.0 ], [ 432284.5, 437325.75 ], [ 432284.25, 437325.75 ], [ 432284.25, 437325.5 ], [ 432283.75, 437325.5 ], [ 432283.75, 437325.25 ], [ 432283.5, 437325.25 ], [ 432283.5, 437325.0 ], [ 432283.25, 437325.0 ], [ 432283.25, 437324.75 ], [ 432283.0, 437324.75 ], [ 432283.0, 437324.5 ], [ 432282.5, 437324.5 ], [ 432282.5, 437324.25 ], [ 432282.0, 437324.25 ], [ 432282.0, 437324.0 ], [ 432281.75, 437324.0 ], [ 432281.75, 437323.75 ], [ 432281.25, 437323.75 ], [ 432281.25, 437323.5 ], [ 432280.75, 437323.5 ], [ 432280.75, 437323.25 ], [ 432280.5, 437323.25 ], [ 432280.5, 437323.0 ], [ 432280.0, 437323.0 ], [ 432280.0, 437322.75 ], [ 432279.75, 437322.75 ], [ 432279.75, 437322.5 ], [ 432279.5, 437322.5 ], [ 432279.5, 437322.25 ], [ 432279.25, 437322.25 ], [ 432279.25, 437322.0 ], [ 432279.0, 437322.0 ], [ 432279.0, 437321.75 ], [ 432278.75, 437321.75 ], [ 432278.75, 437321.5 ], [ 432278.5, 437321.5 ], [ 432278.5, 437321.25 ], [ 432278.25, 437321.25 ], [ 432278.25, 437321.0 ], [ 432277.75, 437321.0 ], [ 432277.75, 437320.75 ], [ 432277.25, 437320.75 ], [ 432277.25, 437320.5 ], [ 432276.75, 437320.5 ], [ 432276.75, 437320.25 ], [ 432276.25, 437320.25 ], [ 432276.25, 437320.0 ], [ 432276.0, 437320.0 ], [ 432276.0, 437319.75 ], [ 432275.5, 437319.75 ], [ 432275.5, 437319.5 ], [ 432275.25, 437319.5 ], [ 432275.25, 437319.25 ], [ 432274.75, 437319.25 ], [ 432274.75, 437319.0 ], [ 432274.25, 437319.0 ], [ 432274.25, 437318.75 ], [ 432273.75, 437318.75 ], [ 432273.75, 437318.5 ], [ 432273.5, 437318.5 ], [ 432273.5, 437318.25 ], [ 432273.0, 437318.25 ], [ 432273.0, 437317.75 ], [ 432272.75, 437317.75 ], [ 432272.75, 437317.5 ], [ 432272.5, 437317.5 ], [ 432272.5, 437317.25 ], [ 432272.0, 437317.25 ], [ 432272.0, 437317.0 ], [ 432271.75, 437317.0 ], [ 432271.75, 437316.75 ], [ 432271.5, 437316.75 ], [ 432271.5, 437316.5 ], [ 432271.0, 437316.5 ], [ 432271.0, 437316.25 ], [ 432270.75, 437316.25 ], [ 432270.75, 437316.0 ], [ 432270.25, 437316.0 ], [ 432270.25, 437315.75 ], [ 432270.0, 437315.75 ], [ 432270.0, 437315.5 ], [ 432269.5, 437315.5 ], [ 432269.5, 437315.25 ], [ 432269.25, 437315.25 ], [ 432269.25, 437315.0 ], [ 432269.0, 437315.0 ], [ 432269.0, 437314.75 ], [ 432268.75, 437314.75 ], [ 432268.75, 437314.5 ], [ 432268.5, 437314.5 ], [ 432268.5, 437314.25 ], [ 432268.25, 437314.25 ], [ 432268.25, 437313.75 ], [ 432268.0, 437313.75 ], [ 432268.0, 437313.5 ], [ 432267.75, 437313.5 ], [ 432267.75, 437313.0 ], [ 432267.5, 437313.0 ], [ 432267.5, 437312.75 ], [ 432267.25, 437312.75 ], [ 432267.25, 437312.5 ], [ 432267.0, 437312.5 ], [ 432267.0, 437312.25 ], [ 432266.75, 437312.25 ], [ 432266.75, 437312.0 ], [ 432266.5, 437312.0 ], [ 432266.5, 437311.75 ], [ 432266.25, 437311.75 ], [ 432266.25, 437311.5 ], [ 432266.0, 437311.5 ], [ 432266.0, 437311.25 ], [ 432265.75, 437311.25 ], [ 432265.75, 437311.0 ], [ 432265.5, 437311.0 ], [ 432265.5, 437310.75 ], [ 432265.25, 437310.75 ], [ 432265.25, 437310.5 ], [ 432265.0, 437310.5 ], [ 432265.0, 437310.25 ], [ 432264.75, 437310.25 ], [ 432264.75, 437310.0 ], [ 432264.5, 437310.0 ], [ 432264.5, 437309.75 ], [ 432264.25, 437309.75 ], [ 432264.25, 437309.25 ], [ 432264.0, 437309.25 ], [ 432264.0, 437309.0 ], [ 432263.75, 437309.0 ], [ 432263.75, 437308.75 ], [ 432263.5, 437308.75 ], [ 432263.5, 437308.5 ], [ 432263.25, 437308.5 ], [ 432263.25, 437308.25 ], [ 432263.0, 437308.25 ], [ 432263.0, 437308.0 ], [ 432262.5, 437308.0 ], [ 432262.5, 437307.75 ], [ 432262.25, 437307.75 ], [ 432262.25, 437307.5 ], [ 432262.0, 437307.5 ], [ 432262.0, 437307.25 ], [ 432261.5, 437307.25 ], [ 432261.5, 437307.0 ], [ 432261.25, 437307.0 ], [ 432261.25, 437306.75 ], [ 432261.0, 437306.75 ], [ 432261.0, 437306.5 ], [ 432260.5, 437306.5 ], [ 432260.5, 437306.0 ], [ 432260.25, 437306.0 ], [ 432260.25, 437305.75 ], [ 432260.0, 437305.75 ], [ 432260.0, 437305.5 ], [ 432259.75, 437305.5 ], [ 432259.75, 437305.25 ], [ 432259.5, 437305.25 ], [ 432259.5, 437305.0 ], [ 432259.25, 437305.0 ], [ 432259.25, 437304.75 ], [ 432259.0, 437304.75 ], [ 432259.0, 437304.5 ], [ 432258.5, 437304.5 ], [ 432258.5, 437304.25 ], [ 432257.75, 437304.25 ], [ 432257.75, 437304.0 ], [ 432256.0, 437304.0 ], [ 432256.0, 437300.25 ], [ 432254.0, 437300.25 ], [ 432254.0, 437300.0 ], [ 432253.25, 437300.0 ], [ 432253.25, 437299.75 ], [ 432252.75, 437299.75 ], [ 432252.75, 437299.5 ], [ 432252.25, 437299.5 ], [ 432252.25, 437299.25 ], [ 432252.0, 437299.25 ], [ 432252.0, 437299.0 ], [ 432251.5, 437299.0 ], [ 432251.5, 437298.75 ], [ 432251.25, 437298.75 ], [ 432251.25, 437298.5 ], [ 432250.75, 437298.5 ], [ 432250.75, 437298.25 ], [ 432250.5, 437298.25 ], [ 432250.5, 437298.0 ], [ 432250.25, 437298.0 ], [ 432250.25, 437297.75 ], [ 432249.75, 437297.75 ], [ 432249.75, 437297.5 ], [ 432249.5, 437297.5 ], [ 432249.5, 437297.25 ], [ 432249.25, 437297.25 ], [ 432249.25, 437297.0 ], [ 432249.0, 437297.0 ], [ 432249.0, 437296.75 ], [ 432248.75, 437296.75 ], [ 432248.75, 437296.5 ], [ 432248.5, 437296.5 ], [ 432248.5, 437296.25 ], [ 432248.25, 437296.25 ], [ 432248.25, 437296.0 ], [ 432248.0, 437296.0 ], [ 432248.0, 437295.75 ], [ 432247.75, 437295.75 ], [ 432247.75, 437295.5 ], [ 432247.5, 437295.5 ], [ 432247.5, 437295.25 ], [ 432247.25, 437295.25 ], [ 432247.25, 437295.0 ], [ 432247.0, 437295.0 ], [ 432247.0, 437294.75 ], [ 432246.75, 437294.75 ], [ 432246.75, 437294.5 ], [ 432246.5, 437294.5 ], [ 432246.5, 437294.25 ], [ 432246.25, 437294.25 ], [ 432246.25, 437294.0 ], [ 432246.0, 437294.0 ], [ 432246.0, 437293.75 ], [ 432245.75, 437293.75 ], [ 432245.75, 437293.5 ], [ 432245.5, 437293.5 ], [ 432245.5, 437293.25 ], [ 432245.25, 437293.25 ], [ 432245.25, 437293.0 ], [ 432245.0, 437293.0 ], [ 432245.0, 437292.75 ], [ 432244.75, 437292.75 ], [ 432244.75, 437292.5 ], [ 432244.5, 437292.5 ], [ 432244.5, 437292.25 ], [ 432244.0, 437292.25 ], [ 432244.0, 437292.0 ], [ 432243.75, 437292.0 ], [ 432243.75, 437291.75 ], [ 432243.5, 437291.75 ], [ 432243.5, 437291.5 ], [ 432243.0, 437291.5 ], [ 432243.0, 437291.25 ], [ 432242.5, 437291.25 ], [ 432242.5, 437291.0 ], [ 432242.0, 437291.0 ], [ 432242.0, 437290.75 ], [ 432241.75, 437290.75 ], [ 432241.75, 437290.5 ], [ 432241.25, 437290.5 ], [ 432241.25, 437290.25 ], [ 432241.0, 437290.25 ], [ 432241.0, 437290.0 ], [ 432240.75, 437290.0 ], [ 432240.75, 437289.75 ], [ 432240.5, 437289.75 ], [ 432240.5, 437289.5 ], [ 432240.25, 437289.5 ], [ 432240.25, 437289.25 ], [ 432239.75, 437289.25 ], [ 432239.75, 437289.0 ], [ 432239.5, 437289.0 ], [ 432239.5, 437288.75 ], [ 432239.0, 437288.75 ], [ 432239.0, 437288.5 ], [ 432238.5, 437288.5 ], [ 432238.5, 437288.25 ], [ 432238.0, 437288.25 ], [ 432238.0, 437288.0 ], [ 432237.25, 437288.0 ], [ 432237.25, 437287.75 ], [ 432236.75, 437287.75 ], [ 432236.75, 437287.5 ], [ 432236.25, 437287.5 ], [ 432236.25, 437287.25 ], [ 432235.75, 437287.25 ], [ 432235.75, 437287.0 ], [ 432235.25, 437287.0 ], [ 432235.25, 437286.75 ], [ 432234.75, 437286.75 ], [ 432234.75, 437286.5 ], [ 432234.25, 437286.5 ], [ 432234.25, 437286.25 ], [ 432234.0, 437286.25 ], [ 432234.0, 437286.0 ], [ 432233.5, 437286.0 ], [ 432233.5, 437285.75 ], [ 432233.0, 437285.75 ], [ 432233.0, 437285.5 ], [ 432232.5, 437285.5 ], [ 432232.5, 437285.25 ], [ 432232.25, 437285.25 ], [ 432232.25, 437285.0 ], [ 432231.75, 437285.0 ], [ 432231.75, 437284.75 ], [ 432231.25, 437284.75 ], [ 432231.25, 437284.5 ], [ 432230.75, 437284.5 ], [ 432230.75, 437284.25 ], [ 432230.25, 437284.25 ], [ 432230.25, 437284.0 ], [ 432229.75, 437284.0 ], [ 432229.75, 437283.75 ], [ 432229.25, 437283.75 ], [ 432229.25, 437283.5 ], [ 432228.5, 437283.5 ], [ 432228.5, 437283.25 ], [ 432228.0, 437283.25 ], [ 432228.0, 437283.0 ], [ 432227.5, 437283.0 ], [ 432227.5, 437282.75 ], [ 432227.0, 437282.75 ], [ 432227.0, 437282.5 ], [ 432226.5, 437282.5 ], [ 432226.5, 437282.25 ], [ 432226.25, 437282.25 ], [ 432226.25, 437282.0 ], [ 432226.0, 437282.0 ], [ 432226.0, 437281.75 ], [ 432225.5, 437281.75 ], [ 432225.5, 437281.5 ], [ 432225.0, 437281.5 ], [ 432225.0, 437281.25 ], [ 432224.75, 437281.25 ], [ 432224.75, 437281.0 ], [ 432224.25, 437281.0 ], [ 432224.25, 437280.75 ], [ 432224.0, 437280.75 ], [ 432224.0, 437280.5 ], [ 432223.5, 437280.5 ], [ 432223.5, 437280.25 ], [ 432223.25, 437280.25 ], [ 432223.25, 437280.0 ], [ 432222.75, 437280.0 ], [ 432222.75, 437279.75 ], [ 432222.25, 437279.75 ], [ 432222.25, 437279.5 ], [ 432222.0, 437279.5 ], [ 432222.0, 437279.25 ], [ 432221.75, 437279.25 ], [ 432221.75, 437279.0 ], [ 432221.5, 437279.0 ], [ 432221.5, 437278.75 ], [ 432221.0, 437278.75 ], [ 432221.0, 437278.5 ], [ 432220.75, 437278.5 ], [ 432220.75, 437278.0 ], [ 432220.5, 437278.0 ], [ 432220.5, 437277.75 ], [ 432220.25, 437277.75 ], [ 432220.25, 437277.5 ], [ 432220.0, 437277.5 ], [ 432220.0, 437277.0 ], [ 432219.75, 437277.0 ], [ 432219.75, 437276.75 ], [ 432219.5, 437276.75 ], [ 432219.5, 437276.25 ], [ 432219.25, 437276.25 ], [ 432219.25, 437276.0 ], [ 432219.0, 437276.0 ], [ 432219.0, 437275.75 ], [ 432218.75, 437275.75 ], [ 432218.75, 437275.5 ], [ 432218.5, 437275.5 ], [ 432218.5, 437275.25 ], [ 432218.0, 437275.25 ], [ 432218.0, 437275.0 ], [ 432217.75, 437275.0 ], [ 432217.75, 437274.75 ], [ 432217.5, 437274.75 ], [ 432217.5, 437274.5 ], [ 432217.25, 437274.5 ], [ 432217.25, 437274.25 ], [ 432217.0, 437274.25 ], [ 432217.0, 437274.0 ], [ 432216.75, 437274.0 ], [ 432216.75, 437273.75 ], [ 432216.25, 437273.75 ], [ 432216.25, 437273.5 ], [ 432216.0, 437273.5 ], [ 432216.0, 437273.25 ], [ 432215.5, 437273.25 ], [ 432215.5, 437273.0 ], [ 432215.25, 437273.0 ], [ 432215.25, 437272.75 ], [ 432214.75, 437272.75 ], [ 432214.75, 437272.5 ], [ 432214.25, 437272.5 ], [ 432214.25, 437272.25 ], [ 432213.5, 437272.25 ], [ 432213.5, 437272.0 ], [ 432213.0, 437272.0 ], [ 432213.0, 437271.75 ], [ 432212.5, 437271.75 ], [ 432212.5, 437271.5 ], [ 432212.0, 437271.5 ], [ 432212.0, 437271.25 ], [ 432211.5, 437271.25 ], [ 432211.5, 437271.0 ], [ 432211.0, 437271.0 ], [ 432211.0, 437270.75 ], [ 432210.5, 437270.75 ], [ 432210.5, 437270.5 ], [ 432210.0, 437270.5 ], [ 432210.0, 437270.25 ], [ 432209.75, 437270.25 ], [ 432209.75, 437270.0 ], [ 432209.5, 437270.0 ], [ 432209.5, 437269.75 ], [ 432209.0, 437269.75 ], [ 432209.0, 437269.5 ], [ 432208.75, 437269.5 ], [ 432208.75, 437269.25 ], [ 432208.5, 437269.25 ], [ 432208.5, 437269.0 ], [ 432208.0, 437269.0 ], [ 432208.0, 437268.75 ], [ 432207.75, 437268.75 ], [ 432207.75, 437268.5 ], [ 432207.25, 437268.5 ], [ 432207.25, 437268.25 ], [ 432206.75, 437268.25 ], [ 432206.75, 437268.0 ], [ 432206.25, 437268.0 ], [ 432206.25, 437267.75 ], [ 432205.75, 437267.75 ], [ 432205.75, 437267.5 ], [ 432205.25, 437267.5 ], [ 432205.25, 437267.25 ], [ 432204.5, 437267.25 ], [ 432204.5, 437267.0 ], [ 432204.0, 437267.0 ], [ 432204.0, 437266.75 ], [ 432203.5, 437266.75 ], [ 432203.5, 437266.5 ], [ 432203.0, 437266.5 ], [ 432203.0, 437266.25 ], [ 432202.75, 437266.25 ], [ 432202.75, 437266.0 ], [ 432202.5, 437266.0 ], [ 432202.5, 437265.75 ], [ 432202.0, 437265.75 ], [ 432202.0, 437265.5 ], [ 432201.5, 437265.5 ], [ 432201.5, 437265.25 ], [ 432201.25, 437265.25 ], [ 432201.25, 437265.0 ], [ 432200.5, 437265.0 ], [ 432200.5, 437264.75 ], [ 432200.25, 437264.75 ], [ 432200.25, 437264.5 ], [ 432199.75, 437264.5 ], [ 432199.75, 437264.25 ], [ 432199.5, 437264.25 ], [ 432199.5, 437264.0 ], [ 432199.0, 437264.0 ], [ 432199.0, 437263.75 ], [ 432198.5, 437263.75 ], [ 432198.5, 437263.5 ], [ 432198.0, 437263.5 ], [ 432198.0, 437263.25 ], [ 432197.25, 437263.25 ], [ 432197.25, 437263.0 ], [ 432197.0, 437263.0 ], [ 432197.0, 437262.75 ], [ 432196.5, 437262.75 ], [ 432196.5, 437262.5 ], [ 432196.0, 437262.5 ], [ 432196.0, 437262.25 ], [ 432195.75, 437262.25 ], [ 432195.75, 437262.0 ], [ 432195.5, 437262.0 ], [ 432195.5, 437261.75 ], [ 432195.25, 437261.75 ], [ 432195.25, 437261.5 ], [ 432194.75, 437261.5 ], [ 432194.75, 437261.25 ], [ 432194.25, 437261.25 ], [ 432194.25, 437261.0 ], [ 432193.75, 437261.0 ], [ 432193.75, 437260.75 ], [ 432193.25, 437260.75 ], [ 432193.25, 437260.5 ], [ 432192.75, 437260.5 ], [ 432192.75, 437260.25 ], [ 432192.0, 437260.25 ], [ 432192.0, 437260.0 ], [ 432191.5, 437260.0 ], [ 432191.5, 437259.75 ], [ 432191.0, 437259.75 ], [ 432191.0, 437259.5 ], [ 432190.25, 437259.5 ], [ 432190.25, 437259.25 ], [ 432190.0, 437259.25 ], [ 432190.0, 437259.0 ], [ 432189.5, 437259.0 ], [ 432189.5, 437258.75 ], [ 432189.25, 437258.75 ], [ 432189.25, 437258.5 ], [ 432189.0, 437258.5 ], [ 432189.0, 437258.25 ], [ 432188.75, 437258.25 ], [ 432188.75, 437258.0 ], [ 432188.5, 437258.0 ], [ 432188.5, 437257.75 ], [ 432188.0, 437257.75 ], [ 432188.0, 437257.5 ], [ 432187.75, 437257.5 ], [ 432187.75, 437257.25 ], [ 432187.5, 437257.25 ], [ 432187.5, 437257.0 ], [ 432187.0, 437257.0 ], [ 432187.0, 437256.75 ], [ 432186.5, 437256.75 ], [ 432186.5, 437256.5 ], [ 432186.0, 437256.5 ], [ 432186.0, 437256.25 ], [ 432185.5, 437256.25 ], [ 432185.5, 437256.0 ], [ 432185.25, 437256.0 ], [ 432185.25, 437255.75 ], [ 432185.0, 437255.75 ], [ 432185.0, 437255.5 ], [ 432184.5, 437255.5 ], [ 432184.5, 437255.25 ], [ 432184.25, 437255.25 ], [ 432184.25, 437255.0 ], [ 432183.75, 437255.0 ], [ 432183.75, 437254.75 ], [ 432183.5, 437254.75 ], [ 432183.5, 437254.5 ], [ 432183.25, 437254.5 ], [ 432183.25, 437254.25 ], [ 432183.0, 437254.25 ], [ 432183.0, 437254.0 ], [ 432182.75, 437254.0 ], [ 432182.75, 437253.75 ], [ 432182.5, 437253.75 ], [ 432182.5, 437253.5 ], [ 432182.25, 437253.5 ], [ 432182.25, 437253.25 ], [ 432182.0, 437253.25 ], [ 432182.0, 437253.0 ], [ 432181.5, 437253.0 ], [ 432181.5, 437252.75 ], [ 432181.0, 437252.75 ], [ 432181.0, 437252.5 ], [ 432180.5, 437252.5 ], [ 432180.5, 437252.25 ], [ 432180.0, 437252.25 ], [ 432180.0, 437252.0 ], [ 432179.5, 437252.0 ], [ 432179.5, 437251.75 ], [ 432179.25, 437251.75 ], [ 432179.25, 437251.5 ], [ 432178.75, 437251.5 ], [ 432178.75, 437251.25 ], [ 432178.5, 437251.25 ], [ 432178.5, 437251.0 ], [ 432178.0, 437251.0 ], [ 432178.0, 437250.75 ], [ 432177.5, 437250.75 ], [ 432177.5, 437250.5 ], [ 432177.25, 437250.5 ], [ 432177.25, 437250.25 ], [ 432177.0, 437250.25 ], [ 432177.0, 437250.0 ], [ 432176.75, 437250.0 ], [ 432176.75, 437249.75 ], [ 432176.25, 437249.75 ], [ 432176.25, 437249.5 ], [ 432176.0, 437249.5 ], [ 432176.0, 437249.25 ], [ 432175.75, 437249.25 ], [ 432175.75, 437249.0 ], [ 432175.25, 437249.0 ], [ 432175.25, 437248.75 ], [ 432174.75, 437248.75 ], [ 432174.75, 437248.5 ], [ 432174.25, 437248.5 ], [ 432174.25, 437248.25 ], [ 432173.5, 437248.25 ], [ 432173.5, 437248.0 ], [ 432173.0, 437248.0 ], [ 432173.0, 437247.75 ], [ 432172.5, 437247.75 ], [ 432172.5, 437247.5 ], [ 432171.75, 437247.5 ], [ 432171.75, 437247.25 ], [ 432171.25, 437247.25 ], [ 432171.25, 437247.0 ], [ 432170.75, 437247.0 ], [ 432170.75, 437246.75 ], [ 432170.25, 437246.75 ], [ 432170.25, 437246.5 ], [ 432169.75, 437246.5 ], [ 432169.75, 437246.25 ], [ 432169.5, 437246.25 ], [ 432169.5, 437246.0 ], [ 432169.0, 437246.0 ], [ 432169.0, 437245.75 ], [ 432168.75, 437245.75 ], [ 432168.75, 437245.5 ], [ 432168.5, 437245.5 ], [ 432168.5, 437245.25 ], [ 432168.0, 437245.25 ], [ 432168.0, 437245.0 ], [ 432167.5, 437245.0 ], [ 432167.5, 437244.75 ], [ 432167.25, 437244.75 ], [ 432167.25, 437244.5 ], [ 432166.75, 437244.5 ], [ 432166.75, 437244.25 ], [ 432166.25, 437244.25 ], [ 432166.25, 437244.0 ], [ 432165.75, 437244.0 ], [ 432165.75, 437243.75 ], [ 432165.25, 437243.75 ], [ 432165.25, 437243.5 ], [ 432164.75, 437243.5 ], [ 432164.75, 437243.25 ], [ 432164.0, 437243.25 ], [ 432164.0, 437243.0 ], [ 432163.5, 437243.0 ], [ 432163.5, 437242.75 ], [ 432163.0, 437242.75 ], [ 432163.0, 437242.5 ], [ 432162.5, 437242.5 ], [ 432162.5, 437242.25 ], [ 432162.0, 437242.25 ], [ 432162.0, 437242.0 ], [ 432161.75, 437242.0 ], [ 432161.75, 437241.75 ], [ 432161.25, 437241.75 ], [ 432161.25, 437241.5 ], [ 432160.75, 437241.5 ], [ 432160.75, 437241.25 ], [ 432160.5, 437241.25 ], [ 432160.5, 437241.0 ], [ 432160.0, 437241.0 ], [ 432160.0, 437240.75 ], [ 432159.25, 437240.75 ], [ 432159.25, 437240.5 ], [ 432158.75, 437240.5 ], [ 432158.75, 437240.25 ], [ 432158.25, 437240.25 ], [ 432158.25, 437240.0 ], [ 432157.75, 437240.0 ], [ 432157.75, 437239.75 ], [ 432157.25, 437239.75 ], [ 432157.25, 437239.5 ], [ 432157.0, 437239.5 ], [ 432157.0, 437239.25 ], [ 432156.75, 437239.25 ], [ 432156.75, 437239.0 ], [ 432156.5, 437239.0 ], [ 432156.5, 437238.75 ], [ 432156.25, 437238.75 ], [ 432156.25, 437238.5 ], [ 432156.0, 437238.5 ], [ 432156.0, 437238.25 ], [ 432155.75, 437238.25 ], [ 432155.75, 437237.75 ], [ 432155.5, 437237.75 ], [ 432155.5, 437237.25 ], [ 432155.25, 437237.25 ], [ 432155.25, 437235.75 ], [ 432155.0, 437235.75 ], [ 432155.0, 437234.25 ], [ 432155.25, 437234.25 ], [ 432155.25, 437232.0 ], [ 432208.5, 437232.0 ], [ 432208.5, 437233.75 ], [ 432208.75, 437233.75 ], [ 432208.75, 437234.75 ], [ 432209.0, 437234.75 ], [ 432209.0, 437235.25 ], [ 432209.25, 437235.25 ], [ 432209.25, 437235.75 ], [ 432209.5, 437235.75 ], [ 432209.5, 437236.0 ], [ 432210.0, 437236.0 ], [ 432210.0, 437236.25 ], [ 432210.5, 437236.25 ], [ 432210.5, 437236.5 ], [ 432211.0, 437236.5 ], [ 432211.0, 437236.75 ], [ 432211.5, 437236.75 ], [ 432211.5, 437237.0 ], [ 432211.75, 437237.0 ], [ 432211.75, 437237.25 ], [ 432212.0, 437237.25 ], [ 432212.0, 437237.5 ], [ 432212.5, 437237.5 ], [ 432212.5, 437237.75 ], [ 432212.75, 437237.75 ], [ 432212.75, 437238.0 ], [ 432213.0, 437238.0 ], [ 432213.0, 437238.25 ], [ 432213.25, 437238.25 ], [ 432213.25, 437238.5 ], [ 432213.5, 437238.5 ], [ 432213.5, 437238.75 ], [ 432213.75, 437238.75 ], [ 432213.75, 437239.0 ], [ 432214.0, 437239.0 ], [ 432214.0, 437239.5 ], [ 432214.25, 437239.5 ], [ 432214.25, 437240.25 ], [ 432214.5, 437240.25 ], [ 432214.5, 437240.75 ], [ 432214.75, 437240.75 ], [ 432214.75, 437244.0 ], [ 432214.5, 437244.0 ], [ 432214.5, 437244.5 ], [ 432214.25, 437244.5 ], [ 432214.25, 437245.25 ], [ 432214.5, 437245.25 ], [ 432214.5, 437245.5 ], [ 432214.25, 437245.5 ], [ 432214.25, 437245.75 ], [ 432214.0, 437245.75 ], [ 432214.0, 437246.5 ], [ 432213.75, 437246.5 ], [ 432213.75, 437247.5 ], [ 432213.5, 437247.5 ], [ 432213.5, 437248.0 ], [ 432213.25, 437248.0 ], [ 432213.25, 437248.75 ], [ 432213.0, 437248.75 ], [ 432213.0, 437250.75 ], [ 432213.25, 437250.75 ], [ 432213.25, 437251.25 ], [ 432213.5, 437251.25 ], [ 432213.5, 437251.75 ], [ 432213.75, 437251.75 ], [ 432213.75, 437252.0 ], [ 432214.0, 437252.0 ], [ 432214.0, 437252.5 ], [ 432214.25, 437252.5 ], [ 432214.25, 437253.0 ], [ 432214.5, 437253.0 ], [ 432214.5, 437253.25 ], [ 432214.75, 437253.25 ], [ 432214.75, 437253.5 ], [ 432215.0, 437253.5 ], [ 432215.0, 437254.0 ], [ 432215.25, 437254.0 ], [ 432215.25, 437254.5 ], [ 432215.5, 437254.5 ], [ 432215.5, 437254.75 ], [ 432215.75, 437254.75 ], [ 432215.75, 437255.0 ], [ 432216.25, 437255.0 ], [ 432216.25, 437255.25 ], [ 432216.5, 437255.25 ], [ 432216.5, 437255.5 ], [ 432217.0, 437255.5 ], [ 432217.0, 437255.75 ], [ 432217.25, 437255.75 ], [ 432217.25, 437256.0 ], [ 432217.5, 437256.0 ], [ 432217.5, 437256.25 ], [ 432217.75, 437256.25 ], [ 432217.75, 437256.5 ], [ 432218.25, 437256.5 ], [ 432218.25, 437256.75 ], [ 432218.5, 437256.75 ], [ 432218.5, 437257.0 ], [ 432218.75, 437257.0 ], [ 432218.75, 437257.25 ], [ 432219.0, 437257.25 ], [ 432219.0, 437257.5 ], [ 432219.25, 437257.5 ], [ 432219.25, 437257.75 ], [ 432219.75, 437257.75 ], [ 432219.75, 437258.0 ], [ 432220.25, 437258.0 ], [ 432220.25, 437258.25 ], [ 432220.5, 437258.25 ], [ 432220.5, 437258.5 ], [ 432221.0, 437258.5 ], [ 432221.0, 437258.75 ], [ 432221.75, 437258.75 ], [ 432221.75, 437259.0 ], [ 432225.0, 437259.0 ], [ 432225.0, 437259.25 ], [ 432226.0, 437259.25 ], [ 432226.0, 437259.5 ], [ 432226.5, 437259.5 ], [ 432226.5, 437260.0 ], [ 432226.75, 437260.0 ], [ 432226.75, 437260.5 ], [ 432227.0, 437260.5 ], [ 432227.0, 437261.0 ], [ 432227.25, 437261.0 ], [ 432227.25, 437261.5 ], [ 432227.5, 437261.5 ], [ 432227.5, 437261.75 ], [ 432227.75, 437261.75 ], [ 432227.75, 437262.0 ], [ 432228.0, 437262.0 ], [ 432228.0, 437262.25 ], [ 432228.25, 437262.25 ], [ 432228.25, 437262.5 ], [ 432228.5, 437262.5 ], [ 432228.5, 437262.75 ], [ 432229.0, 437262.75 ], [ 432229.0, 437263.0 ], [ 432229.25, 437263.0 ], [ 432229.25, 437263.25 ], [ 432229.75, 437263.25 ], [ 432229.75, 437263.5 ], [ 432230.25, 437263.5 ], [ 432230.25, 437263.75 ], [ 432230.75, 437263.75 ], [ 432230.75, 437264.0 ], [ 432231.5, 437264.0 ], [ 432231.5, 437264.25 ], [ 432232.0, 437264.25 ], [ 432232.0, 437264.5 ], [ 432232.75, 437264.5 ], [ 432232.75, 437264.75 ], [ 432233.5, 437264.75 ], [ 432233.5, 437265.0 ], [ 432234.25, 437265.0 ], [ 432234.25, 437265.25 ], [ 432234.75, 437265.25 ], [ 432234.75, 437265.5 ], [ 432235.0, 437265.5 ], [ 432235.0, 437265.75 ], [ 432235.5, 437265.75 ], [ 432235.5, 437266.0 ], [ 432235.75, 437266.0 ], [ 432235.75, 437266.25 ], [ 432236.25, 437266.25 ], [ 432236.25, 437266.5 ], [ 432236.5, 437266.5 ], [ 432236.5, 437266.75 ], [ 432237.0, 437266.75 ], [ 432237.0, 437267.0 ], [ 432237.5, 437267.0 ], [ 432237.5, 437267.25 ], [ 432238.25, 437267.25 ], [ 432238.25, 437267.5 ], [ 432239.0, 437267.5 ], [ 432239.0, 437267.75 ], [ 432239.75, 437267.75 ], [ 432239.75, 437268.0 ], [ 432240.5, 437268.0 ], [ 432240.5, 437268.25 ], [ 432241.25, 437268.25 ], [ 432241.25, 437268.5 ], [ 432241.75, 437268.5 ], [ 432241.75, 437268.75 ], [ 432242.5, 437268.75 ], [ 432242.5, 437269.0 ], [ 432243.75, 437269.0 ], [ 432243.75, 437269.25 ], [ 432245.5, 437269.25 ], [ 432245.5, 437269.5 ], [ 432247.75, 437269.5 ], [ 432247.75, 437269.75 ], [ 432248.75, 437269.75 ], [ 432248.75, 437270.0 ], [ 432249.5, 437270.0 ], [ 432249.5, 437270.25 ], [ 432250.5, 437270.25 ], [ 432250.5, 437270.5 ], [ 432251.0, 437270.5 ], [ 432251.0, 437270.75 ], [ 432251.25, 437270.75 ], [ 432251.25, 437271.0 ], [ 432251.5, 437271.0 ], [ 432251.5, 437271.25 ], [ 432252.0, 437271.25 ], [ 432252.0, 437271.5 ], [ 432252.5, 437271.5 ], [ 432252.5, 437271.75 ], [ 432253.25, 437271.75 ], [ 432253.25, 437272.0 ], [ 432254.25, 437272.0 ], [ 432254.25, 437272.25 ], [ 432256.0, 437272.25 ], [ 432256.0, 437284.25 ], [ 432258.75, 437284.25 ], [ 432258.75, 437284.5 ], [ 432259.5, 437284.5 ], [ 432259.5, 437284.75 ], [ 432260.0, 437284.75 ], [ 432260.0, 437285.0 ], [ 432260.5, 437285.0 ], [ 432260.5, 437285.25 ], [ 432261.0, 437285.25 ], [ 432261.0, 437285.5 ], [ 432261.5, 437285.5 ], [ 432261.5, 437285.75 ], [ 432261.75, 437285.75 ], [ 432261.75, 437286.0 ], [ 432262.25, 437286.0 ], [ 432262.25, 437286.25 ], [ 432262.75, 437286.25 ], [ 432262.75, 437286.5 ], [ 432263.0, 437286.5 ], [ 432263.0, 437286.75 ], [ 432263.5, 437286.75 ], [ 432263.5, 437287.0 ], [ 432264.0, 437287.0 ], [ 432264.0, 437287.25 ], [ 432264.5, 437287.25 ], [ 432264.5, 437287.5 ], [ 432265.0, 437287.5 ], [ 432265.0, 437287.75 ], [ 432265.75, 437287.75 ], [ 432265.75, 437288.0 ], [ 432266.5, 437288.0 ], [ 432266.5, 437288.25 ], [ 432267.5, 437288.25 ], [ 432267.5, 437288.5 ], [ 432268.25, 437288.5 ], [ 432268.25, 437288.75 ], [ 432268.75, 437288.75 ], [ 432268.75, 437289.0 ], [ 432269.25, 437289.0 ], [ 432269.25, 437289.25 ], [ 432269.75, 437289.25 ], [ 432269.75, 437289.5 ], [ 432270.25, 437289.5 ], [ 432270.25, 437289.75 ], [ 432271.25, 437289.75 ], [ 432271.25, 437290.0 ], [ 432272.25, 437290.0 ], [ 432272.25, 437290.25 ], [ 432273.25, 437290.25 ], [ 432273.25, 437290.5 ], [ 432274.5, 437290.5 ], [ 432274.5, 437290.75 ], [ 432275.75, 437290.75 ], [ 432275.75, 437291.0 ], [ 432276.25, 437291.0 ], [ 432276.25, 437291.25 ], [ 432276.75, 437291.25 ], [ 432276.75, 437291.5 ], [ 432277.0, 437291.5 ], [ 432277.0, 437291.75 ], [ 432277.25, 437291.75 ], [ 432277.25, 437292.25 ], [ 432277.5, 437292.25 ], [ 432277.5, 437292.5 ], [ 432277.75, 437292.5 ], [ 432277.75, 437293.0 ], [ 432278.0, 437293.0 ], [ 432278.0, 437293.5 ], [ 432278.25, 437293.5 ], [ 432278.25, 437293.75 ], [ 432278.5, 437293.75 ], [ 432278.5, 437294.0 ], [ 432279.25, 437294.0 ], [ 432279.25, 437294.25 ], [ 432280.0, 437294.25 ], [ 432280.0, 437294.5 ], [ 432280.75, 437294.5 ], [ 432280.75, 437294.75 ], [ 432281.25, 437294.75 ], [ 432281.25, 437295.0 ], [ 432281.75, 437295.0 ], [ 432281.75, 437295.25 ], [ 432282.25, 437295.25 ], [ 432282.25, 437295.5 ], [ 432282.75, 437295.5 ], [ 432282.75, 437295.75 ], [ 432283.5, 437295.75 ], [ 432283.5, 437296.0 ], [ 432284.25, 437296.0 ], [ 432284.25, 437296.25 ], [ 432284.75, 437296.25 ], [ 432284.75, 437296.5 ], [ 432285.25, 437296.5 ], [ 432285.25, 437296.75 ], [ 432286.0, 437296.75 ], [ 432286.0, 437297.0 ], [ 432287.5, 437297.0 ], [ 432287.5, 437297.25 ], [ 432289.0, 437297.25 ], [ 432289.0, 437297.5 ], [ 432290.0, 437297.5 ], [ 432290.0, 437297.75 ], [ 432290.5, 437297.75 ], [ 432290.5, 437298.0 ], [ 432291.0, 437298.0 ], [ 432291.0, 437298.25 ], [ 432291.25, 437298.25 ], [ 432291.25, 437298.5 ], [ 432291.75, 437298.5 ], [ 432291.75, 437298.75 ], [ 432292.0, 437298.75 ], [ 432292.0, 437299.0 ], [ 432292.25, 437299.0 ], [ 432292.25, 437299.25 ], [ 432292.5, 437299.25 ], [ 432292.5, 437299.5 ], [ 432292.75, 437299.5 ], [ 432292.75, 437299.75 ], [ 432293.25, 437299.75 ], [ 432293.25, 437300.0 ], [ 432293.5, 437300.0 ], [ 432293.5, 437300.25 ], [ 432293.75, 437300.25 ], [ 432293.75, 437300.5 ], [ 432294.0, 437300.5 ], [ 432294.0, 437301.0 ], [ 432294.25, 437301.0 ], [ 432294.25, 437301.25 ], [ 432294.5, 437301.25 ], [ 432294.5, 437301.5 ], [ 432294.75, 437301.5 ], [ 432294.75, 437301.75 ], [ 432295.0, 437301.75 ], [ 432295.0, 437302.25 ], [ 432295.25, 437302.25 ], [ 432295.25, 437302.5 ], [ 432295.5, 437302.5 ], [ 432295.5, 437304.25 ], [ 432295.75, 437304.25 ], [ 432295.75, 437304.75 ], [ 432295.5, 437304.75 ], [ 432295.5, 437306.75 ], [ 432295.75, 437306.75 ], [ 432295.75, 437309.75 ], [ 432296.0, 437309.75 ], [ 432296.0, 437311.5 ], [ 432296.25, 437311.5 ], [ 432296.25, 437312.75 ], [ 432296.0, 437312.75 ], [ 432296.0, 437313.5 ], [ 432296.25, 437313.5 ], [ 432296.25, 437314.0 ], [ 432296.5, 437314.0 ], [ 432296.5, 437314.25 ], [ 432296.75, 437314.25 ], [ 432296.75, 437314.75 ], [ 432297.0, 437314.75 ], [ 432297.0, 437315.0 ], [ 432297.25, 437315.0 ], [ 432297.25, 437315.25 ], [ 432297.5, 437315.25 ], [ 432297.5, 437315.5 ], [ 432297.75, 437315.5 ], [ 432297.75, 437315.75 ], [ 432298.0, 437315.75 ], [ 432298.0, 437316.0 ], [ 432298.25, 437316.0 ], [ 432298.25, 437316.25 ], [ 432298.75, 437316.25 ], [ 432298.75, 437316.5 ], [ 432299.0, 437316.5 ], [ 432299.0, 437316.75 ], [ 432299.25, 437316.75 ], [ 432299.25, 437317.0 ], [ 432299.5, 437317.0 ], [ 432299.5, 437317.25 ], [ 432299.75, 437317.25 ], [ 432299.75, 437317.75 ], [ 432300.0, 437317.75 ], [ 432300.0, 437318.5 ], [ 432300.25, 437318.5 ], [ 432300.25, 437322.25 ], [ 432300.0, 437322.25 ], [ 432300.0, 437323.0 ], [ 432299.75, 437323.0 ], [ 432299.75, 437323.75 ], [ 432299.5, 437323.75 ], [ 432299.5, 437324.25 ], [ 432299.25, 437324.25 ], [ 432299.25, 437324.75 ], [ 432299.0, 437324.75 ], [ 432299.0, 437325.0 ], [ 432298.75, 437325.0 ], [ 432298.75, 437325.5 ], [ 432298.5, 437325.5 ], [ 432298.5, 437325.75 ], [ 432298.25, 437325.75 ], [ 432298.25, 437326.0 ], [ 432298.0, 437326.0 ], [ 432298.0, 437326.5 ], [ 432297.75, 437326.5 ], [ 432297.75, 437326.75 ], [ 432297.5, 437326.75 ], [ 432297.5, 437327.25 ], [ 432297.25, 437327.25 ], [ 432297.25, 437327.75 ], [ 432297.0, 437327.75 ], [ 432297.0, 437328.0 ], [ 432296.75, 437328.0 ], [ 432296.75, 437328.5 ], [ 432296.5, 437328.5 ], [ 432296.5, 437328.75 ], [ 432296.25, 437328.75 ], [ 432296.25, 437329.0 ], [ 432296.0, 437329.0 ], [ 432296.0, 437329.25 ], [ 432295.75, 437329.25 ], [ 432295.75, 437329.5 ], [ 432295.5, 437329.5 ], [ 432295.5, 437329.75 ], [ 432295.25, 437329.75 ], [ 432295.25, 437330.0 ], [ 432295.0, 437330.0 ], [ 432295.0, 437330.25 ], [ 432294.5, 437330.25 ], [ 432294.5, 437330.5 ], [ 432293.0, 437330.5 ] ] ] } },
{ "type": "Feature", "properties": { }, "geometry": { "type": "Polygon", "coordinates": [ [ [ 432274.25, 437217.5 ], [ 432274.25, 437217.25 ], [ 432275.25, 437217.25 ], [ 432275.25, 437217.5 ], [ 432274.25, 437217.5 ] ] ] } },
{ "type": "Feature", "properties": { }, "geometry": { "type": "Polygon", "coordinates": [ [ [ 432232.0, 437232.0 ], [ 432232.0, 437229.75 ], [ 432232.25, 437229.75 ], [ 432232.25, 437228.5 ], [ 432232.5, 437228.5 ], [ 432232.5, 437228.0 ], [ 432232.75, 437228.0 ], [ 432232.75, 437227.5 ], [ 432233.0, 437227.5 ], [ 432233.0, 437226.75 ], [ 432233.25, 437226.75 ], [ 432233.25, 437226.0 ], [ 432233.5, 437226.0 ], [ 432233.5, 437225.5 ], [ 432233.75, 437225.5 ], [ 432233.75, 437225.0 ], [ 432234.0, 437225.0 ], [ 432234.0, 437224.5 ], [ 432234.25, 437224.5 ], [ 432234.25, 437224.0 ], [ 432234.5, 437224.0 ], [ 432234.5, 437223.25 ], [ 432234.75, 437223.25 ], [ 432234.75, 437223.0 ], [ 432235.0, 437223.0 ], [ 432235.0, 437222.25 ], [ 432235.25, 437222.25 ], [ 432235.25, 437222.0 ], [ 432235.5, 437222.0 ], [ 432235.5, 437221.75 ], [ 432235.75, 437221.75 ], [ 432235.75, 437219.25 ], [ 432236.0, 437219.25 ], [ 432236.0, 437214.25 ], [ 432236.25, 437214.25 ], [ 432236.25, 437213.75 ], [ 432236.5, 437213.75 ], [ 432236.5, 437213.0 ], [ 432236.75, 437213.0 ], [ 432236.75, 437212.5 ], [ 432237.0, 437212.5 ], [ 432237.0, 437212.0 ], [ 432237.25, 437212.0 ], [ 432237.25, 437211.5 ], [ 432237.5, 437211.5 ], [ 432237.5, 437211.25 ], [ 432237.75, 437211.25 ], [ 432237.75, 437211.0 ], [ 432238.0, 437211.0 ], [ 432238.0, 437210.75 ], [ 432238.25, 437210.75 ], [ 432238.25, 437210.25 ], [ 432238.5, 437210.25 ], [ 432238.5, 437210.0 ], [ 432238.75, 437210.0 ], [ 432238.75, 437209.5 ], [ 432239.0, 437209.5 ], [ 432239.0, 437209.0 ], [ 432239.25, 437209.0 ], [ 432239.25, 437208.5 ], [ 432239.5, 437208.5 ], [ 432239.5, 437208.25 ], [ 432239.75, 437208.25 ], [ 432239.75, 437208.0 ], [ 432240.0, 437208.0 ], [ 432240.0, 437207.5 ], [ 432240.25, 437207.5 ], [ 432240.25, 437207.25 ], [ 432240.5, 437207.25 ], [ 432240.5, 437207.0 ], [ 432240.75, 437207.0 ], [ 432240.75, 437206.75 ], [ 432241.0, 437206.75 ], [ 432241.0, 437206.5 ], [ 432241.25, 437206.5 ], [ 432241.25, 437206.25 ], [ 432241.5, 437206.25 ], [ 432241.5, 437206.0 ], [ 432241.75, 437206.0 ], [ 432241.75, 437205.75 ], [ 432242.25, 437205.75 ], [ 432242.25, 437205.5 ], [ 432243.0, 437205.5 ], [ 432243.0, 437205.25 ], [ 432244.5, 437205.25 ], [ 432244.5, 437205.0 ], [ 432245.0, 437205.0 ], [ 432245.0, 437204.75 ], [ 432245.25, 437204.75 ], [ 432245.25, 437204.5 ], [ 432246.0, 437204.5 ], [ 432246.0, 437204.25 ], [ 432246.75, 437204.25 ], [ 432246.75, 437204.0 ], [ 432247.0, 437204.0 ], [ 432247.0, 437203.75 ], [ 432247.25, 437203.75 ], [ 432247.25, 437203.5 ], [ 432247.5, 437203.5 ], [ 432247.5, 437203.0 ], [ 432247.75, 437203.0 ], [ 432247.75, 437202.75 ], [ 432248.0, 437202.75 ], [ 432248.0, 437202.5 ], [ 432248.25, 437202.5 ], [ 432248.25, 437202.0 ], [ 432248.5, 437202.0 ], [ 432248.5, 437201.5 ], [ 432248.75, 437201.5 ], [ 432248.75, 437201.25 ], [ 432249.0, 437201.25 ], [ 432249.0, 437201.0 ], [ 432249.25, 437201.0 ], [ 432249.25, 437200.5 ], [ 432249.5, 437200.5 ], [ 432249.5, 437200.25 ], [ 432249.75, 437200.25 ], [ 432249.75, 437199.75 ], [ 432250.0, 437199.75 ], [ 432250.0, 437199.5 ], [ 432250.25, 437199.5 ], [ 432250.25, 437198.75 ], [ 432250.5, 437198.75 ], [ 432250.5, 437198.25 ], [ 432250.75, 437198.25 ], [ 432250.75, 437198.0 ], [ 432251.0, 437198.0 ], [ 432251.0, 437197.5 ], [ 432251.25, 437197.5 ], [ 432251.25, 437196.75 ], [ 432251.5, 437196.75 ], [ 432251.5, 437196.25 ], [ 432251.75, 437196.25 ], [ 432251.75, 437195.75 ], [ 432252.0, 437195.75 ], [ 432252.0, 437195.0 ], [ 432252.25, 437195.0 ], [ 432252.25, 437194.0 ], [ 432252.5, 437194.0 ], [ 432252.5, 437193.25 ], [ 432252.75, 437193.25 ], [ 432252.75, 437192.5 ], [ 432253.0, 437192.5 ], [ 432253.0, 437192.0 ], [ 432253.25, 437192.0 ], [ 432253.25, 437191.25 ], [ 432253.5, 437191.25 ], [ 432253.5, 437190.75 ], [ 432253.75, 437190.75 ], [ 432253.75, 437190.5 ], [ 432254.0, 437190.5 ], [ 432254.0, 437190.25 ], [ 432254.5, 437190.25 ], [ 432254.5, 437190.0 ], [ 432255.25, 437190.0 ], [ 432255.25, 437190.25 ], [ 432256.0, 437190.25 ], [ 432256.0, 437198.5 ], [ 432256.75, 437198.5 ], [ 432256.75, 437198.75 ], [ 432257.0, 437198.75 ], [ 432257.0, 437199.0 ], [ 432257.25, 437199.0 ], [ 432257.25, 437199.25 ], [ 432257.5, 437199.25 ], [ 432257.5, 437199.5 ], [ 432259.0, 437199.5 ], [ 432259.0, 437199.75 ], [ 432259.5, 437199.75 ], [ 432259.5, 437200.5 ], [ 432259.75, 437200.5 ], [ 432259.75, 437201.0 ], [ 432260.0, 437201.0 ], [ 432260.0, 437201.25 ], [ 432260.25, 437201.25 ], [ 432260.25, 437201.75 ], [ 432260.5, 437201.75 ], [ 432260.5, 437202.0 ], [ 432260.75, 437202.0 ], [ 432260.75, 437202.25 ], [ 432261.0, 437202.25 ], [ 432261.0, 437202.5 ], [ 432261.5, 437202.5 ], [ 432261.5, 437202.75 ], [ 432261.75, 437202.75 ], [ 432261.75, 437203.25 ], [ 432262.0, 437203.25 ], [ 432262.0, 437203.5 ], [ 432262.25, 437203.5 ], [ 432262.25, 437203.75 ], [ 432263.5, 437203.75 ], [ 432263.5, 437204.0 ], [ 432264.0, 437204.0 ], [ 432264.0, 437204.25 ], [ 432264.25, 437204.25 ], [ 432264.25, 437204.5 ], [ 432264.5, 437204.5 ], [ 432264.5, 437204.75 ], [ 432264.75, 437204.75 ], [ 432264.75, 437205.25 ], [ 432265.0, 437205.25 ], [ 432265.0, 437205.75 ], [ 432265.25, 437205.75 ], [ 432265.25, 437206.0 ], [ 432265.5, 437206.0 ], [ 432265.5, 437206.25 ], [ 432266.0, 437206.25 ], [ 432266.0, 437206.5 ], [ 432266.5, 437206.5 ], [ 432266.5, 437206.75 ], [ 432268.0, 437206.75 ], [ 432268.0, 437207.0 ], [ 432268.75, 437207.0 ], [ 432268.75, 437207.25 ], [ 432269.0, 437207.25 ], [ 432269.0, 437208.75 ], [ 432269.25, 437208.75 ], [ 432269.25, 437209.5 ], [ 432269.5, 437209.5 ], [ 432269.5, 437210.0 ], [ 432269.75, 437210.0 ], [ 432269.75, 437210.25 ], [ 432270.0, 437210.25 ], [ 432270.0, 437210.5 ], [ 432270.5, 437210.5 ], [ 432270.5, 437210.75 ], [ 432271.0, 437210.75 ], [ 432271.0, 437211.0 ], [ 432271.25, 437211.0 ], [ 432271.25, 437211.25 ], [ 432271.75, 437211.25 ], [ 432271.75, 437211.5 ], [ 432272.0, 437211.5 ], [ 432272.0, 437212.0 ], [ 432272.25, 437212.0 ], [ 432272.25, 437214.75 ], [ 432272.0, 437214.75 ], [ 432272.0, 437215.0 ], [ 432271.5, 437215.0 ], [ 432271.5, 437215.25 ], [ 432271.0, 437215.25 ], [ 432271.0, 437215.5 ], [ 432269.25, 437215.5 ], [ 432269.25, 437215.25 ], [ 432268.5, 437215.25 ], [ 432268.5, 437215.0 ], [ 432267.75, 437215.0 ], [ 432267.75, 437214.75 ], [ 432267.25, 437214.75 ], [ 432267.25, 437214.5 ], [ 432267.0, 437214.5 ], [ 432267.0, 437214.25 ], [ 432266.5, 437214.25 ], [ 432266.5, 437214.0 ], [ 432266.25, 437214.0 ], [ 432266.25, 437213.75 ], [ 432265.5, 437213.75 ], [ 432265.5, 437213.5 ], [ 432265.0, 437213.5 ], [ 432265.0, 437213.25 ], [ 432264.75, 437213.25 ], [ 432264.75, 437213.0 ], [ 432264.5, 437213.0 ], [ 432264.5, 437212.75 ], [ 432264.25, 437212.75 ], [ 432264.25, 437212.5 ], [ 432263.75, 437212.5 ], [ 432263.75, 437212.25 ], [ 432263.5, 437212.25 ], [ 432263.5, 437212.0 ], [ 432263.25, 437212.0 ], [ 432263.25, 437211.75 ], [ 432263.0, 437211.75 ], [ 432263.0, 437211.5 ], [ 432262.75, 437211.5 ], [ 432262.75, 437211.25 ], [ 432262.5, 437211.25 ], [ 432262.5, 437211.0 ], [ 432262.0, 437211.0 ], [ 432262.0, 437210.75 ], [ 432261.75, 437210.75 ], [ 432261.75, 437210.5 ], [ 432261.5, 437210.5 ], [ 432261.5, 437210.25 ], [ 432261.25, 437210.25 ], [ 432261.25, 437210.0 ], [ 432261.0, 437210.0 ], [ 432261.0, 437209.75 ], [ 432260.75, 437209.75 ], [ 432260.75, 437209.25 ], [ 432260.5, 437209.25 ], [ 432260.5, 437209.0 ], [ 432260.0, 437209.0 ], [ 432260.0, 437208.75 ], [ 432259.75, 437208.75 ], [ 432259.75, 437208.5 ], [ 432259.25, 437208.5 ], [ 432259.25, 437208.25 ], [ 432256.0, 437208.25 ], [ 432256.0, 437232.0 ], [ 432232.0, 437232.0 ] ] ] } },
{ "type": "Feature", "properties": { }, "geometry": { "type": "Polygon", "coordinates": [ [ [ 432260.25, 437189.75 ], [ 432260.25, 437189.25 ], [ 432260.5, 437189.25 ], [ 432260.5, 437188.25 ], [ 432260.25, 437188.25 ], [ 432260.25, 437188.0 ], [ 432260.0, 437188.0 ], [ 432260.0, 437187.75 ], [ 432259.75, 437187.75 ], [ 432259.75, 437187.5 ], [ 432259.5, 437187.5 ], [ 432259.5, 437187.25 ], [ 432259.75, 437187.25 ], [ 432259.75, 437186.25 ], [ 432260.0, 437186.25 ], [ 432260.0, 437186.0 ], [ 432260.25, 437186.0 ], [ 432260.25, 437185.75 ], [ 432261.75, 437185.75 ], [ 432261.75, 437186.0 ], [ 432262.0, 437186.0 ], [ 432262.0, 437186.25 ], [ 432262.5, 437186.25 ], [ 432262.5, 437186.75 ], [ 432262.25, 437186.75 ], [ 432262.25, 437187.25 ], [ 432262.0, 437187.25 ], [ 432262.0, 437187.5 ], [ 432262.25, 437187.5 ], [ 432262.25, 437187.75 ], [ 432262.5, 437187.75 ], [ 432262.5, 437188.0 ], [ 432262.75, 437188.0 ], [ 432262.75, 437187.75 ], [ 432264.0, 437187.75 ], [ 432264.0, 437188.0 ], [ 432264.5, 437188.0 ], [ 432264.5, 437188.5 ], [ 432264.75, 437188.5 ], [ 432264.75, 437188.75 ], [ 432264.5, 437188.75 ], [ 432264.5, 437189.75 ], [ 432261.75, 437189.75 ], [ 432261.75, 437189.5 ], [ 432261.25, 437189.5 ], [ 432261.25, 437189.75 ], [ 432260.25, 437189.75 ] ] ] } },
{ "type": "Feature", "properties": { }, "geometry": { "type": "Polygon", "coordinates": [ [ [ 432524.5, 437189.25 ], [ 432524.5, 437189.0 ], [ 432523.0, 437189.0 ], [ 432523.0, 437188.75 ], [ 432522.25, 437188.75 ], [ 432522.25, 437188.5 ], [ 432521.75, 437188.5 ], [ 432521.75, 437188.25 ], [ 432521.0, 437188.25 ], [ 432521.0, 437188.0 ], [ 432520.25, 437188.0 ], [ 432520.25, 437187.75 ], [ 432520.0, 437187.75 ], [ 432520.0, 437187.5 ], [ 432519.75, 437187.5 ], [ 432519.75, 437187.0 ], [ 432519.5, 437187.0 ], [ 432519.5, 437186.5 ], [ 432519.0, 437186.5 ], [ 432519.0, 437186.25 ], [ 432518.5, 437186.25 ], [ 432518.5, 437186.0 ], [ 432517.5, 437186.0 ], [ 432517.5, 437185.75 ], [ 432517.0, 437185.75 ], [ 432517.0, 437185.5 ], [ 432516.75, 437185.5 ], [ 432516.75, 437185.25 ], [ 432516.5, 437185.25 ], [ 432516.5, 437185.0 ], [ 432516.25, 437185.0 ], [ 432516.25, 437184.75 ], [ 432516.0, 437184.75 ], [ 432516.0, 437184.25 ], [ 432515.75, 437184.25 ], [ 432515.75, 437183.75 ], [ 432515.5, 437183.75 ], [ 432515.5, 437183.25 ], [ 432515.25, 437183.25 ], [ 432515.25, 437182.75 ], [ 432515.0, 437182.75 ], [ 432515.0, 437181.75 ], [ 432515.25, 437181.75 ], [ 432515.25, 437181.25 ], [ 432515.75, 437181.25 ], [ 432515.75, 437181.0 ], [ 432516.0, 437181.0 ], [ 432516.0, 437180.75 ], [ 432516.25, 437180.75 ], [ 432516.25, 437180.5 ], [ 432516.5, 437180.5 ], [ 432516.5, 437180.25 ], [ 432516.75, 437180.25 ], [ 432516.75, 437180.0 ], [ 432517.0, 437180.0 ], [ 432517.0, 437179.75 ], [ 432517.25, 437179.75 ], [ 432517.25, 437179.5 ], [ 432517.5, 437179.5 ], [ 432517.5, 437179.25 ], [ 432517.75, 437179.25 ], [ 432517.75, 437179.0 ], [ 432518.0, 437179.0 ], [ 432518.0, 437178.75 ], [ 432518.25, 437178.75 ], [ 432518.25, 437178.5 ], [ 432518.75, 437178.5 ], [ 432518.75, 437178.0 ], [ 432519.0, 437178.0 ], [ 432519.0, 437177.75 ], [ 432519.25, 437177.75 ], [ 432519.25, 437177.5 ], [ 432519.5, 437177.5 ], [ 432519.5, 437177.25 ], [ 432520.0, 437177.25 ], [ 432520.0, 437177.0 ], [ 432520.25, 437177.0 ], [ 432520.25, 437176.75 ], [ 432520.5, 437176.75 ], [ 432520.5, 437176.5 ], [ 432521.0, 437176.5 ], [ 432521.0, 437176.25 ], [ 432521.5, 437176.25 ], [ 432521.5, 437176.0 ], [ 432522.75, 437176.0 ], [ 432522.75, 437176.25 ], [ 432523.25, 437176.25 ], [ 432523.25, 437176.5 ], [ 432523.5, 437176.5 ], [ 432523.5, 437176.75 ], [ 432524.25, 437176.75 ], [ 432524.25, 437177.0 ], [ 432524.5, 437177.0 ], [ 432524.5, 437177.25 ], [ 432525.0, 437177.25 ], [ 432525.0, 437177.5 ], [ 432525.25, 437177.5 ], [ 432525.25, 437177.75 ], [ 432528.5, 437177.75 ], [ 432528.5, 437177.5 ], [ 432530.75, 437177.5 ], [ 432530.75, 437177.75 ], [ 432531.0, 437177.75 ], [ 432531.0, 437178.0 ], [ 432531.5, 437178.0 ], [ 432531.5, 437178.25 ], [ 432531.75, 437178.25 ], [ 432531.75, 437178.75 ], [ 432532.0, 437178.75 ], [ 432532.0, 437180.25 ], [ 432532.25, 437180.25 ], [ 432532.25, 437180.5 ], [ 432532.0, 437180.5 ], [ 432532.0, 437181.5 ], [ 432531.75, 437181.5 ], [ 432531.75, 437182.75 ], [ 432531.5, 437182.75 ], [ 432531.5, 437183.5 ], [ 432531.25, 437183.5 ], [ 432531.25, 437184.0 ], [ 432531.0, 437184.0 ], [ 432531.0, 437184.5 ], [ 432530.75, 437184.5 ], [ 432530.75, 437185.0 ], [ 432530.5, 437185.0 ], [ 432530.5, 437185.5 ], [ 432530.25, 437185.5 ], [ 432530.25, 437185.75 ], [ 432530.0, 437185.75 ], [ 432530.0, 437186.0 ], [ 432529.75, 437186.0 ], [ 432529.75, 437186.25 ], [ 432529.5, 437186.25 ], [ 432529.5, 437186.5 ], [ 432529.25, 437186.5 ], [ 432529.25, 437186.75 ], [ 432528.75, 437186.75 ], [ 432528.75, 437187.0 ], [ 432528.5, 437187.0 ], [ 432528.5, 437187.25 ], [ 432528.25, 437187.25 ], [ 432528.25, 437187.5 ], [ 432528.0, 437187.5 ], [ 432528.0, 437187.75 ], [ 432527.75, 437187.75 ], [ 432527.75, 437188.0 ], [ 432527.5, 437188.0 ], [ 432527.5, 437188.25 ], [ 432527.25, 437188.25 ], [ 432527.25, 437188.5 ], [ 432526.75, 437188.5 ], [ 432526.75, 437188.75 ], [ 432526.5, 437188.75 ], [ 432526.5, 437189.0 ], [ 432526.0, 437189.0 ], [ 432526.0, 437189.25 ], [ 432524.5, 437189.25 ] ] ] } },
{ "type": "Feature", "properties": { }, "geometry": { "type": "Polygon", "coordinates": [ [ [ 432917.25, 437128.5 ], [ 432917.25, 437128.0 ], [ 432916.75, 437128.0 ], [ 432916.75, 437127.75 ], [ 432916.0, 437127.75 ], [ 432916.0, 437128.0 ], [ 432914.75, 437128.0 ], [ 432914.75, 437128.25 ], [ 432914.5, 437128.25 ], [ 432914.5, 437128.0 ], [ 432913.75, 437128.0 ], [ 432913.75, 437127.75 ], [ 432913.5, 437127.75 ], [ 432913.5, 437127.5 ], [ 432913.25, 437127.5 ], [ 432913.25, 437127.0 ], [ 432913.0, 437127.0 ], [ 432913.0, 437126.5 ], [ 432912.75, 437126.5 ], [ 432912.75, 437125.5 ], [ 432912.5, 437125.5 ], [ 432912.5, 437124.5 ], [ 432912.75, 437124.5 ], [ 432912.75, 437124.25 ], [ 432913.0, 437124.25 ], [ 432913.0, 437123.75 ], [ 432913.25, 437123.75 ], [ 432913.25, 437123.25 ], [ 432913.5, 437123.25 ], [ 432913.5, 437123.0 ], [ 432914.0, 437123.0 ], [ 432914.0, 437122.5 ], [ 432914.25, 437122.5 ], [ 432914.25, 437121.5 ], [ 432914.5, 437121.5 ], [ 432914.5, 437121.25 ], [ 432914.75, 437121.25 ], [ 432914.75, 437121.5 ], [ 432915.0, 437121.5 ], [ 432915.0, 437121.75 ], [ 432915.25, 437121.75 ], [ 432915.25, 437122.0 ], [ 432915.75, 437122.0 ], [ 432915.75, 437120.0 ], [ 432916.0, 437120.0 ], [ 432916.0, 437119.0 ], [ 432915.75, 437119.0 ], [ 432915.75, 437118.75 ], [ 432915.5, 437118.75 ], [ 432915.5, 437116.5 ], [ 432915.75, 437116.5 ], [ 432915.75, 437116.0 ], [ 432916.0, 437116.0 ], [ 432916.0, 437115.25 ], [ 432916.25, 437115.25 ], [ 432916.25, 437114.5 ], [ 432916.5, 437114.5 ], [ 432916.5, 437113.5 ], [ 432916.75, 437113.5 ], [ 432916.75, 437113.0 ], [ 432917.0, 437113.0 ], [ 432917.0, 437112.25 ], [ 432917.25, 437112.25 ], [ 432917.25, 437112.0 ], [ 432917.5, 437112.0 ], [ 432917.5, 437111.5 ], [ 432917.75, 437111.5 ], [ 432917.75, 437111.25 ], [ 432918.0, 437111.25 ], [ 432918.0, 437111.0 ], [ 432918.25, 437111.0 ], [ 432918.25, 437110.75 ], [ 432919.25, 437110.75 ], [ 432919.25, 437111.0 ], [ 432919.75, 437111.0 ], [ 432919.75, 437111.25 ], [ 432920.0, 437111.25 ], [ 432920.0, 437111.5 ], [ 432920.25, 437111.5 ], [ 432920.25, 437112.0 ], [ 432920.5, 437112.0 ], [ 432920.5, 437112.25 ], [ 432921.75, 437112.25 ], [ 432921.75, 437112.5 ], [ 432922.0, 437112.5 ], [ 432922.0, 437113.0 ], [ 432922.25, 437113.0 ], [ 432922.25, 437113.5 ], [ 432922.5, 437113.5 ], [ 432922.5, 437113.75 ], [ 432922.75, 437113.75 ], [ 432922.75, 437114.25 ], [ 432923.0, 437114.25 ], [ 432923.0, 437114.5 ], [ 432923.25, 437114.5 ], [ 432923.25, 437115.75 ], [ 432923.5, 437115.75 ], [ 432923.5, 437117.5 ], [ 432923.75, 437117.5 ], [ 432923.75, 437117.75 ], [ 432924.0, 437117.75 ], [ 432924.0, 437118.25 ], [ 432924.25, 437118.25 ], [ 432924.25, 437118.5 ], [ 432924.5, 437118.5 ], [ 432924.5, 437119.0 ], [ 432924.75, 437119.0 ], [ 432924.75, 437119.25 ], [ 432925.0, 437119.25 ], [ 432925.0, 437121.5 ], [ 432923.75, 437121.5 ], [ 432923.75, 437121.75 ], [ 432923.5, 437121.75 ], [ 432923.5, 437121.5 ], [ 432922.75, 437121.5 ], [ 432922.75, 437121.25 ], [ 432921.5, 437121.25 ], [ 432921.5, 437121.0 ], [ 432920.0, 437121.0 ], [ 432920.0, 437121.25 ], [ 432919.5, 437121.25 ], [ 432919.5, 437121.75 ], [ 432919.75, 437121.75 ], [ 432919.75, 437122.0 ], [ 432920.75, 437122.0 ], [ 432920.75, 437122.25 ], [ 432921.0, 437122.25 ], [ 432921.0, 437122.75 ], [ 432920.75, 437122.75 ], [ 432920.75, 437123.25 ], [ 432920.5, 437123.25 ], [ 432920.5, 437123.5 ], [ 432920.25, 437123.5 ], [ 432920.25, 437123.75 ], [ 432920.0, 437123.75 ], [ 432920.0, 437124.25 ], [ 432919.75, 437124.25 ], [ 432919.75, 437125.25 ], [ 432919.5, 437125.25 ], [ 432919.5, 437126.0 ], [ 432919.25, 437126.0 ], [ 432919.25, 437126.5 ], [ 432919.0, 437126.5 ], [ 432919.0, 437126.75 ], [ 432918.75, 437126.75 ], [ 432918.75, 437127.0 ], [ 432918.5, 437127.0 ], [ 432918.5, 437127.25 ], [ 432918.0, 437127.25 ], [ 432918.0, 437127.5 ], [ 432917.75, 437127.5 ], [ 432917.75, 437128.0 ], [ 432917.5, 437128.0 ], [ 432917.5, 437128.5 ], [ 432917.25, 437128.5 ] ] ] } },
{ "type": "Feature", "properties": { }, "geometry": { "type": "Polygon", "coordinates": [ [ [ 432761.25, 437106.25 ], [ 432761.25, 437106.0 ], [ 432761.0, 437106.0 ], [ 432761.0, 437105.75 ], [ 432760.5, 437105.75 ], [ 432760.5, 437105.25 ], [ 432760.75, 437105.25 ], [ 432760.75, 437104.0 ], [ 432762.0, 437104.0 ], [ 432762.0, 437105.0 ], [ 432762.25, 437105.0 ], [ 432762.25, 437105.25 ], [ 432762.5, 437105.25 ], [ 432762.5, 437105.5 ], [ 432762.75, 437105.5 ], [ 432762.75, 437105.75 ], [ 432762.5, 437105.75 ], [ 432762.5, 437106.25 ], [ 432761.25, 437106.25 ] ] ] } },
{ "type": "Feature", "properties": { }, "geometry": { "type": "Polygon", "coordinates": [ [ [ 432963.5, 437118.75 ], [ 432963.5, 437118.5 ], [ 432963.25, 437118.5 ], [ 432963.25, 437117.25 ], [ 432963.5, 437117.25 ], [ 432963.5, 437116.75 ], [ 432963.75, 437116.75 ], [ 432963.75, 437116.25 ], [ 432964.0, 437116.25 ], [ 432964.0, 437115.5 ], [ 432964.5, 437115.5 ], [ 432964.5, 437115.25 ], [ 432965.0, 437115.25 ], [ 432965.0, 437115.0 ], [ 432965.5, 437115.0 ], [ 432965.5, 437114.75 ], [ 432965.75, 437114.75 ], [ 432965.75, 437114.5 ], [ 432966.0, 437114.5 ], [ 432966.0, 437114.25 ], [ 432966.5, 437114.25 ], [ 432966.5, 437114.0 ], [ 432966.75, 437114.0 ], [ 432966.75, 437113.75 ], [ 432967.0, 437113.75 ], [ 432967.0, 437112.25 ], [ 432967.25, 437112.25 ], [ 432967.25, 437111.75 ], [ 432967.5, 437111.75 ], [ 432967.5, 437109.5 ], [ 432967.25, 437109.5 ], [ 432967.25, 437109.25 ], [ 432967.0, 437109.25 ], [ 432967.0, 437108.75 ], [ 432966.75, 437108.75 ], [ 432966.75, 437108.25 ], [ 432966.5, 437108.25 ], [ 432966.5, 437108.0 ], [ 432966.25, 437108.0 ], [ 432966.25, 437107.5 ], [ 432966.0, 437107.5 ], [ 432966.0, 437107.0 ], [ 432965.75, 437107.0 ], [ 432965.75, 437106.5 ], [ 432965.5, 437106.5 ], [ 432965.5, 437105.75 ], [ 432965.25, 437105.75 ], [ 432965.25, 437104.75 ], [ 432965.5, 437104.75 ], [ 432965.5, 437104.0 ], [ 432976.25, 437104.0 ], [ 432976.25, 437104.5 ], [ 432976.0, 437104.5 ], [ 432976.0, 437105.75 ], [ 432976.25, 437105.75 ], [ 432976.25, 437106.75 ], [ 432976.5, 437106.75 ], [ 432976.5, 437107.5 ], [ 432976.75, 437107.5 ], [ 432976.75, 437108.5 ], [ 432977.0, 437108.5 ], [ 432977.0, 437109.0 ], [ 432977.25, 437109.0 ], [ 432977.25, 437109.5 ], [ 432977.5, 437109.5 ], [ 432977.5, 437110.0 ], [ 432977.75, 437110.0 ], [ 432977.75, 437110.75 ], [ 432978.0, 437110.75 ], [ 432978.0, 437111.5 ], [ 432978.25, 437111.5 ], [ 432978.25, 437111.75 ], [ 432978.5, 437111.75 ], [ 432978.5, 437112.25 ], [ 432978.75, 437112.25 ], [ 432978.75, 437113.0 ], [ 432979.0, 437113.0 ], [ 432979.0, 437114.25 ], [ 432979.25, 437114.25 ], [ 432979.25, 437116.25 ], [ 432979.0, 437116.25 ], [ 432979.0, 437117.25 ], [ 432978.75, 437117.25 ], [ 432978.75, 437117.75 ], [ 432978.5, 437117.75 ], [ 432978.5, 437118.0 ], [ 432978.25, 437118.0 ], [ 432978.25, 437118.25 ], [ 432978.0, 437118.25 ], [ 432978.0, 437118.5 ], [ 432977.75, 437118.5 ], [ 432977.75, 437118.75 ], [ 432974.75, 437118.75 ], [ 432974.75, 437118.5 ], [ 432973.0, 437118.5 ], [ 432973.0, 437118.25 ], [ 432971.5, 437118.25 ], [ 432971.5, 437118.0 ], [ 432971.0, 437118.0 ], [ 432971.0, 437117.75 ], [ 432970.5, 437117.75 ], [ 432970.5, 437117.5 ], [ 432970.0, 437117.5 ], [ 432970.0, 437117.25 ], [ 432969.75, 437117.25 ], [ 432969.75, 437117.0 ], [ 432968.25, 437117.0 ], [ 432968.25, 437117.25 ], [ 432968.0, 437117.25 ], [ 432968.0, 437117.5 ], [ 432967.75, 437117.5 ], [ 432967.75, 437117.75 ], [ 432967.25, 437117.75 ], [ 432967.25, 437118.0 ], [ 432966.25, 437118.0 ], [ 432966.25, 437118.25 ], [ 432965.75, 437118.25 ], [ 432965.75, 437118.5 ], [ 432965.0, 437118.5 ], [ 432965.0, 437118.75 ], [ 432963.5, 437118.75 ] ] ] } },
{ "type": "Feature", "properties": { }, "geometry": { "type": "Polygon", "coordinates": [ [ [ 432765.5, 437148.5 ], [ 432765.5, 437148.25 ], [ 432765.0, 437148.25 ], [ 432765.0, 437148.0 ], [ 432764.5, 437148.0 ], [ 432764.5, 437147.75 ], [ 432764.25, 437147.75 ], [ 432764.25, 437147.5 ], [ 432763.75, 437147.5 ], [ 432763.75, 437147.25 ], [ 432763.25, 437147.25 ], [ 432763.25, 437147.0 ], [ 432763.0, 437147.0 ], [ 432763.0, 437146.75 ], [ 432762.5, 437146.75 ], [ 432762.5, 437146.25 ], [ 432762.25, 437146.25 ], [ 432762.25, 437145.75 ], [ 432762.0, 437145.75 ], [ 432762.0, 437145.25 ], [ 432761.75, 437145.25 ], [ 432761.75, 437145.0 ], [ 432761.5, 437145.0 ], [ 432761.5, 437144.5 ], [ 432761.25, 437144.5 ], [ 432761.25, 437144.0 ], [ 432761.0, 437144.0 ], [ 432761.0, 437143.25 ], [ 432760.75, 437143.25 ], [ 432760.75, 437142.75 ], [ 432760.5, 437142.75 ], [ 432760.5, 437142.25 ], [ 432760.25, 437142.25 ], [ 432760.25, 437141.75 ], [ 432760.0, 437141.75 ], [ 432760.0, 437141.25 ], [ 432759.75, 437141.25 ], [ 432759.75, 437141.0 ], [ 432759.5, 437141.0 ], [ 432759.5, 437140.75 ], [ 432759.25, 437140.75 ], [ 432759.25, 437140.5 ], [ 432759.0, 437140.5 ], [ 432759.0, 437140.0 ], [ 432758.75, 437140.0 ], [ 432758.75, 437139.75 ], [ 432758.5, 437139.75 ], [ 432758.5, 437139.5 ], [ 432758.25, 437139.5 ], [ 432758.25, 437139.25 ], [ 432758.0, 437139.25 ], [ 432758.0, 437139.0 ], [ 432757.5, 437139.0 ], [ 432757.5, 437138.75 ], [ 432757.25, 437138.75 ], [ 432757.25, 437138.25 ], [ 432757.0, 437138.25 ], [ 432757.0, 437138.0 ], [ 432756.75, 437138.0 ], [ 432756.75, 437137.75 ], [ 432756.5, 437137.75 ], [ 432756.5, 437137.25 ], [ 432756.25, 437137.25 ], [ 432756.25, 437137.0 ], [ 432756.0, 437137.0 ], [ 432756.0, 437136.75 ], [ 432755.75, 437136.75 ], [ 432755.75, 437136.5 ], [ 432755.5, 437136.5 ], [ 432755.5, 437136.25 ], [ 432755.25, 437136.25 ], [ 432755.25, 437136.0 ], [ 432755.0, 437136.0 ], [ 432755.0, 437135.75 ], [ 432754.75, 437135.75 ], [ 432754.75, 437135.5 ], [ 432754.5, 437135.5 ], [ 432754.5, 437135.25 ], [ 432754.25, 437135.25 ], [ 432754.25, 437135.0 ], [ 432754.0, 437135.0 ], [ 432754.0, 437134.75 ], [ 432753.75, 437134.75 ], [ 432753.75, 437134.25 ], [ 432753.5, 437134.25 ], [ 432753.5, 437134.0 ], [ 432753.25, 437134.0 ], [ 432753.25, 437133.5 ], [ 432753.0, 437133.5 ], [ 432753.0, 437133.0 ], [ 432752.75, 437133.0 ], [ 432752.75, 437132.75 ], [ 432752.5, 437132.75 ], [ 432752.5, 437132.25 ], [ 432752.25, 437132.25 ], [ 432752.25, 437131.75 ], [ 432752.0, 437131.75 ], [ 432752.0, 437131.25 ], [ 432751.75, 437131.25 ], [ 432751.75, 437130.75 ], [ 432751.5, 437130.75 ], [ 432751.5, 437130.25 ], [ 432751.25, 437130.25 ], [ 432751.25, 437129.75 ], [ 432751.0, 437129.75 ], [ 432751.0, 437129.5 ], [ 432750.75, 437129.5 ], [ 432750.75, 437129.0 ], [ 432750.5, 437129.0 ], [ 432750.5, 437128.75 ], [ 432750.25, 437128.75 ], [ 432750.25, 437128.5 ], [ 432750.0, 437128.5 ], [ 432750.0, 437128.0 ], [ 432749.75, 437128.0 ], [ 432749.75, 437127.75 ], [ 432749.5, 437127.75 ], [ 432749.5, 437127.5 ], [ 432749.25, 437127.5 ], [ 432749.25, 437127.0 ], [ 432749.0, 437127.0 ], [ 432749.0, 437126.5 ], [ 432748.75, 437126.5 ], [ 432748.75, 437126.25 ], [ 432748.5, 437126.25 ], [ 432748.5, 437125.75 ], [ 432748.25, 437125.75 ], [ 432748.25, 437125.25 ], [ 432748.0, 437125.25 ], [ 432748.0, 437124.75 ], [ 432747.75, 437124.75 ], [ 432747.75, 437124.5 ], [ 432747.5, 437124.5 ], [ 432747.5, 437124.0 ], [ 432747.25, 437124.0 ], [ 432747.25, 437123.75 ], [ 432747.0, 437123.75 ], [ 432747.0, 437123.5 ], [ 432746.75, 437123.5 ], [ 432746.75, 437123.0 ], [ 432746.5, 437123.0 ], [ 432746.5, 437122.75 ], [ 432746.25, 437122.75 ], [ 432746.25, 437122.5 ], [ 432746.0, 437122.5 ], [ 432746.0, 437122.25 ], [ 432745.75, 437122.25 ], [ 432745.75, 437121.75 ], [ 432745.5, 437121.75 ], [ 432745.5, 437121.5 ], [ 432745.25, 437121.5 ], [ 432745.25, 437121.0 ], [ 432745.0, 437121.0 ], [ 432745.0, 437120.5 ], [ 432744.75, 437120.5 ], [ 432744.75, 437120.0 ], [ 432744.5, 437120.0 ], [ 432744.5, 437119.5 ], [ 432744.25, 437119.5 ], [ 432744.25, 437119.0 ], [ 432744.0, 437119.0 ], [ 432744.0, 437118.5 ], [ 432743.75, 437118.5 ], [ 432743.75, 437118.25 ], [ 432743.5, 437118.25 ], [ 432743.5, 437118.0 ], [ 432743.25, 437118.0 ], [ 432743.25, 437117.5 ], [ 432743.0, 437117.5 ], [ 432743.0, 437117.0 ], [ 432742.75, 437117.0 ], [ 432742.75, 437116.75 ], [ 432742.5, 437116.75 ], [ 432742.5, 437116.25 ], [ 432742.25, 437116.25 ], [ 432742.25, 437115.75 ], [ 432742.0, 437115.75 ], [ 432742.0, 437115.25 ], [ 432741.75, 437115.25 ], [ 432741.75, 437114.75 ], [ 432741.5, 437114.75 ], [ 432741.5, 437114.5 ], [ 432741.25, 437114.5 ], [ 432741.25, 437113.75 ], [ 432741.0, 437113.75 ], [ 432741.0, 437113.25 ], [ 432740.75, 437113.25 ], [ 432740.75, 437112.75 ], [ 432740.5, 437112.75 ], [ 432740.5, 437112.5 ], [ 432740.25, 437112.5 ], [ 432740.25, 437112.0 ], [ 432740.0, 437112.0 ], [ 432740.0, 437111.5 ], [ 432739.75, 437111.5 ], [ 432739.75, 437111.25 ], [ 432739.5, 437111.25 ], [ 432739.5, 437110.75 ], [ 432739.25, 437110.75 ], [ 432739.25, 437110.5 ], [ 432739.0, 437110.5 ], [ 432739.0, 437110.25 ], [ 432738.75, 437110.25 ], [ 432738.75, 437110.0 ], [ 432738.5, 437110.0 ], [ 432738.5, 437109.75 ], [ 432738.25, 437109.75 ], [ 432738.25, 437109.5 ], [ 432738.0, 437109.5 ], [ 432738.0, 437109.25 ], [ 432737.75, 437109.25 ], [ 432737.75, 437109.0 ], [ 432737.5, 437109.0 ], [ 432737.5, 437108.75 ], [ 432737.25, 437108.75 ], [ 432737.25, 437108.25 ], [ 432737.0, 437108.25 ], [ 432737.0, 437107.75 ], [ 432736.75, 437107.75 ], [ 432736.75, 437107.5 ], [ 432736.5, 437107.5 ], [ 432736.5, 437106.75 ], [ 432736.25, 437106.75 ], [ 432736.25, 437104.5 ], [ 432736.0, 437104.5 ], [ 432736.0, 437104.0 ], [ 432756.5, 437104.0 ], [ 432756.5, 437105.75 ], [ 432756.75, 437105.75 ], [ 432756.75, 437106.0 ], [ 432757.0, 437106.0 ], [ 432757.0, 437106.5 ], [ 432757.25, 437106.5 ], [ 432757.25, 437106.75 ], [ 432757.5, 437106.75 ], [ 432757.5, 437107.25 ], [ 432758.25, 437107.25 ], [ 432758.25, 437107.5 ], [ 432758.75, 437107.5 ], [ 432758.75, 437107.75 ], [ 432759.5, 437107.75 ], [ 432759.5, 437108.0 ], [ 432759.75, 437108.0 ], [ 432759.75, 437108.25 ], [ 432760.0, 437108.25 ], [ 432760.0, 437108.5 ], [ 432760.25, 437108.5 ], [ 432760.25, 437109.0 ], [ 432760.5, 437109.0 ], [ 432760.5, 437110.25 ], [ 432760.75, 437110.25 ], [ 432760.75, 437112.25 ], [ 432760.5, 437112.25 ], [ 432760.5, 437112.75 ], [ 432760.75, 437112.75 ], [ 432760.75, 437114.75 ], [ 432761.0, 437114.75 ], [ 432761.0, 437115.25 ], [ 432761.25, 437115.25 ], [ 432761.25, 437115.5 ], [ 432761.5, 437115.5 ], [ 432761.5, 437115.75 ], [ 432761.75, 437115.75 ], [ 432761.75, 437116.25 ], [ 432762.0, 437116.25 ], [ 432762.0, 437116.5 ], [ 432762.25, 437116.5 ], [ 432762.25, 437117.0 ], [ 432762.75, 437117.0 ], [ 432762.75, 437117.25 ], [ 432763.0, 437117.25 ], [ 432763.0, 437117.5 ], [ 432763.25, 437117.5 ], [ 432763.25, 437117.75 ], [ 432763.5, 437117.75 ], [ 432763.5, 437118.0 ], [ 432763.75, 437118.0 ], [ 432763.75, 437118.25 ], [ 432764.0, 437118.25 ], [ 432764.0, 437118.5 ], [ 432764.25, 437118.5 ], [ 432764.25, 437118.75 ], [ 432764.75, 437118.75 ], [ 432764.75, 437119.0 ], [ 432765.0, 437119.0 ], [ 432765.0, 437119.25 ], [ 432765.5, 437119.25 ], [ 432765.5, 437119.5 ], [ 432768.0, 437119.5 ], [ 432768.0, 437148.5 ], [ 432765.5, 437148.5 ] ] ] } },
{ "type": "Feature", "properties": { }, "geometry": { "type": "Polygon", "coordinates": [ [ [ 432026.5, 437125.25 ], [ 432026.5, 437125.0 ], [ 432025.0, 437125.0 ], [ 432025.0, 437124.75 ], [ 432023.75, 437124.75 ], [ 432023.75, 437124.5 ], [ 432023.0, 437124.5 ], [ 432023.0, 437124.25 ], [ 432022.5, 437124.25 ], [ 432022.5, 437124.0 ], [ 432021.75, 437124.0 ], [ 432021.75, 437123.75 ], [ 432020.5, 437123.75 ], [ 432020.5, 437123.5 ], [ 432018.75, 437123.5 ], [ 432018.75, 437123.25 ], [ 432018.25, 437123.25 ], [ 432018.25, 437123.0 ], [ 432017.25, 437123.0 ], [ 432017.25, 437122.75 ], [ 432015.25, 437122.75 ], [ 432015.25, 437122.5 ], [ 432014.75, 437122.5 ], [ 432014.75, 437122.25 ], [ 432013.75, 437122.25 ], [ 432013.75, 437122.0 ], [ 432012.0, 437122.0 ], [ 432012.0, 437121.75 ], [ 432010.5, 437121.75 ], [ 432010.5, 437121.5 ], [ 432009.75, 437121.5 ], [ 432009.75, 437121.25 ], [ 432009.25, 437121.25 ], [ 432009.25, 437121.0 ], [ 432008.75, 437121.0 ], [ 432008.75, 437120.75 ], [ 432007.75, 437120.75 ], [ 432007.75, 437120.5 ], [ 432006.5, 437120.5 ], [ 432006.5, 437120.25 ], [ 432006.0, 437120.25 ], [ 432006.0, 437120.0 ], [ 432005.75, 437120.0 ], [ 432005.75, 437119.75 ], [ 432004.25, 437119.75 ], [ 432004.25, 437119.5 ], [ 432003.0, 437119.5 ], [ 432003.0, 437119.25 ], [ 432002.25, 437119.25 ], [ 432002.25, 437119.0 ], [ 432000.0, 437119.0 ], [ 432000.0, 437082.75 ], [ 432001.75, 437082.75 ], [ 432001.75, 437083.0 ], [ 432002.25, 437083.0 ], [ 432002.25, 437083.25 ], [ 432004.0, 437083.25 ], [ 432004.0, 437083.0 ], [ 432005.5, 437083.0 ], [ 432005.5, 437083.25 ], [ 432006.5, 437083.25 ], [ 432006.5, 437083.5 ], [ 432007.75, 437083.5 ], [ 432007.75, 437083.75 ], [ 432010.75, 437083.75 ], [ 432010.75, 437084.0 ], [ 432011.5, 437084.0 ], [ 432011.5, 437084.25 ], [ 432012.5, 437084.25 ], [ 432012.5, 437084.5 ], [ 432013.0, 437084.5 ], [ 432013.0, 437084.75 ], [ 432014.0, 437084.75 ], [ 432014.0, 437085.0 ], [ 432014.75, 437085.0 ], [ 432014.75, 437085.25 ], [ 432015.5, 437085.25 ], [ 432015.5, 437085.5 ], [ 432016.25, 437085.5 ], [ 432016.25, 437085.75 ], [ 432017.0, 437085.75 ], [ 432017.0, 437086.0 ], [ 432017.75, 437086.0 ], [ 432017.75, 437086.25 ], [ 432018.5, 437086.25 ], [ 432018.5, 437086.5 ], [ 432019.25, 437086.5 ], [ 432019.25, 437086.75 ], [ 432020.0, 437086.75 ], [ 432020.0, 437087.0 ], [ 432021.0, 437087.0 ], [ 432021.0, 437087.25 ], [ 432022.5, 437087.25 ], [ 432022.5, 437087.5 ], [ 432023.5, 437087.5 ], [ 432023.5, 437087.75 ], [ 432024.25, 437087.75 ], [ 432024.25, 437088.0 ], [ 432025.5, 437088.0 ], [ 432025.5, 437088.25 ], [ 432026.75, 437088.25 ], [ 432026.75, 437088.5 ], [ 432028.25, 437088.5 ], [ 432028.25, 437088.75 ], [ 432030.0, 437088.75 ], [ 432030.0, 437089.0 ], [ 432031.5, 437089.0 ], [ 432031.5, 437089.25 ], [ 432032.5, 437089.25 ], [ 432032.5, 437089.5 ], [ 432033.5, 437089.5 ], [ 432033.5, 437089.75 ], [ 432034.5, 437089.75 ], [ 432034.5, 437090.0 ], [ 432035.0, 437090.0 ], [ 432035.0, 437090.25 ], [ 432035.75, 437090.25 ], [ 432035.75, 437090.5 ], [ 432036.5, 437090.5 ], [ 432036.5, 437090.75 ], [ 432037.0, 437090.75 ], [ 432037.0, 437091.0 ], [ 432037.75, 437091.0 ], [ 432037.75, 437091.25 ], [ 432038.25, 437091.25 ], [ 432038.25, 437091.5 ], [ 432039.0, 437091.5 ], [ 432039.0, 437091.75 ], [ 432039.75, 437091.75 ], [ 432039.75, 437092.0 ], [ 432040.0, 437092.0 ], [ 432040.0, 437092.25 ], [ 432040.5, 437092.25 ], [ 432040.5, 437092.5 ], [ 432041.0, 437092.5 ], [ 432041.0, 437092.75 ], [ 432041.5, 437092.75 ], [ 432041.5, 437093.0 ], [ 432042.5, 437093.0 ], [ 432042.5, 437093.25 ], [ 432043.75, 437093.25 ], [ 432043.75, 437093.5 ], [ 432044.5, 437093.5 ], [ 432044.5, 437093.75 ], [ 432045.5, 437093.75 ], [ 432045.5, 437094.0 ], [ 432048.25, 437094.0 ], [ 432048.25, 437094.25 ], [ 432049.5, 437094.25 ], [ 432049.5, 437094.5 ], [ 432050.25, 437094.5 ], [ 432050.25, 437094.75 ], [ 432050.75, 437094.75 ], [ 432050.75, 437095.0 ], [ 432051.0, 437095.0 ], [ 432051.0, 437095.25 ], [ 432051.5, 437095.25 ], [ 432051.5, 437095.5 ], [ 432052.0, 437095.5 ], [ 432052.0, 437095.75 ], [ 432052.5, 437095.75 ], [ 432052.5, 437096.0 ], [ 432052.75, 437096.0 ], [ 432052.75, 437096.25 ], [ 432053.25, 437096.25 ], [ 432053.25, 437096.5 ], [ 432053.5, 437096.5 ], [ 432053.5, 437097.0 ], [ 432053.75, 437097.0 ], [ 432053.75, 437097.25 ], [ 432054.25, 437097.25 ], [ 432054.25, 437097.5 ], [ 432054.5, 437097.5 ], [ 432054.5, 437097.75 ], [ 432054.75, 437097.75 ], [ 432054.75, 437098.25 ], [ 432055.0, 437098.25 ], [ 432055.0, 437098.75 ], [ 432055.25, 437098.75 ], [ 432055.25, 437099.0 ], [ 432055.5, 437099.0 ], [ 432055.5, 437099.5 ], [ 432055.75, 437099.5 ], [ 432055.75, 437100.0 ], [ 432056.0, 437100.0 ], [ 432056.0, 437100.75 ], [ 432056.25, 437100.75 ], [ 432056.25, 437101.5 ], [ 432056.5, 437101.5 ], [ 432056.5, 437102.0 ], [ 432056.75, 437102.0 ], [ 432056.75, 437102.5 ], [ 432057.0, 437102.5 ], [ 432057.0, 437104.0 ], [ 432036.25, 437104.0 ], [ 432036.25, 437104.75 ], [ 432036.0, 437104.75 ], [ 432036.0, 437107.0 ], [ 432036.25, 437107.0 ], [ 432036.25, 437108.0 ], [ 432036.5, 437108.0 ], [ 432036.5, 437108.25 ], [ 432036.75, 437108.25 ], [ 432036.75, 437109.25 ], [ 432037.0, 437109.25 ], [ 432037.0, 437109.5 ], [ 432036.75, 437109.5 ], [ 432036.75, 437110.0 ], [ 432036.5, 437110.0 ], [ 432036.5, 437110.25 ], [ 432036.25, 437110.25 ], [ 432036.25, 437110.75 ], [ 432036.5, 437110.75 ], [ 432036.5, 437111.0 ], [ 432036.75, 437111.0 ], [ 432036.75, 437111.25 ], [ 432037.25, 437111.25 ], [ 432037.25, 437111.5 ], [ 432037.75, 437111.5 ], [ 432037.75, 437111.75 ], [ 432038.0, 437111.75 ], [ 432038.0, 437112.5 ], [ 432038.25, 437112.5 ], [ 432038.25, 437113.0 ], [ 432038.5, 437113.0 ], [ 432038.5, 437113.75 ], [ 432038.75, 437113.75 ], [ 432038.75, 437115.5 ], [ 432038.5, 437115.5 ], [ 432038.5, 437116.0 ], [ 432038.25, 437116.0 ], [ 432038.25, 437116.25 ], [ 432038.0, 437116.25 ], [ 432038.0, 437116.5 ], [ 432037.75, 437116.5 ], [ 432037.75, 437116.75 ], [ 432037.5, 437116.75 ], [ 432037.5, 437117.0 ], [ 432037.0, 437117.0 ], [ 432037.0, 437117.25 ], [ 432036.0, 437117.25 ], [ 432036.0, 437117.0 ], [ 432035.25, 437117.0 ], [ 432035.25, 437116.75 ], [ 432034.5, 437116.75 ], [ 432034.5, 437118.25 ], [ 432034.75, 437118.25 ], [ 432034.75, 437120.75 ], [ 432034.5, 437120.75 ], [ 432034.5, 437121.5 ], [ 432034.25, 437121.5 ], [ 432034.25, 437123.0 ], [ 432034.5, 437123.0 ], [ 432034.5, 437124.0 ], [ 432034.25, 437124.0 ], [ 432034.25, 437124.5 ], [ 432034.0, 437124.5 ], [ 432034.0, 437124.75 ], [ 432033.5, 437124.75 ], [ 432033.5, 437125.0 ], [ 432031.0, 437125.0 ], [ 432031.0, 437125.25 ], [ 432030.5, 437125.25 ], [ 432030.5, 437125.0 ], [ 432028.0, 437125.0 ], [ 432028.0, 437125.25 ], [ 432026.5, 437125.25 ] ] ] } },
{ "type": "Feature", "properties": { }, "geometry": { "type": "Polygon", "coordinates": [ [ [ 432511.25, 437080.5 ], [ 432511.25, 437080.25 ], [ 432509.5, 437080.25 ], [ 432509.5, 437080.0 ], [ 432508.75, 437080.0 ], [ 432508.75, 437079.75 ], [ 432507.75, 437079.75 ], [ 432507.75, 437079.5 ], [ 432507.25, 437079.5 ], [ 432507.25, 437079.25 ], [ 432506.75, 437079.25 ], [ 432506.75, 437079.0 ], [ 432506.5, 437079.0 ], [ 432506.5, 437078.75 ], [ 432506.0, 437078.75 ], [ 432506.0, 437078.5 ], [ 432505.75, 437078.5 ], [ 432505.75, 437078.25 ], [ 432505.5, 437078.25 ], [ 432505.5, 437078.0 ], [ 432505.25, 437078.0 ], [ 432505.25, 437077.75 ], [ 432505.0, 437077.75 ], [ 432505.0, 437077.5 ], [ 432504.75, 437077.5 ], [ 432504.75, 437077.0 ], [ 432504.5, 437077.0 ], [ 432504.5, 437076.75 ], [ 432504.25, 437076.75 ], [ 432504.25, 437076.25 ], [ 432504.0, 437076.25 ], [ 432504.0, 437076.0 ], [ 432503.75, 437076.0 ], [ 432503.75, 437075.75 ], [ 432503.5, 437075.75 ], [ 432503.5, 437075.25 ], [ 432503.25, 437075.25 ], [ 432503.25, 437074.75 ], [ 432503.0, 437074.75 ], [ 432503.0, 437073.75 ], [ 432502.75, 437073.75 ], [ 432502.75, 437070.75 ], [ 432503.0, 437070.75 ], [ 432503.0, 437067.75 ], [ 432503.25, 437067.75 ], [ 432503.25, 437064.5 ], [ 432503.0, 437064.5 ], [ 432503.0, 437063.25 ], [ 432502.75, 437063.25 ], [ 432502.75, 437061.75 ], [ 432502.5, 437061.75 ], [ 432502.5, 437059.25 ], [ 432502.25, 437059.25 ], [ 432502.25, 437057.25 ], [ 432502.5, 437057.25 ], [ 432502.5, 437056.25 ], [ 432502.75, 437056.25 ], [ 432502.75, 437055.75 ], [ 432503.0, 437055.75 ], [ 432503.0, 437055.25 ], [ 432503.25, 437055.25 ], [ 432503.25, 437054.75 ], [ 432503.5, 437054.75 ], [ 432503.5, 437054.5 ], [ 432503.75, 437054.5 ], [ 432503.75, 437054.0 ], [ 432504.0, 437054.0 ], [ 432504.0, 437053.75 ], [ 432504.25, 437053.75 ], [ 432504.25, 437053.5 ], [ 432504.75, 437053.5 ], [ 432504.75, 437053.25 ], [ 432505.0, 437053.25 ], [ 432505.0, 437053.0 ], [ 432505.25, 437053.0 ], [ 432505.25, 437052.75 ], [ 432505.5, 437052.75 ], [ 432505.5, 437052.5 ], [ 432505.75, 437052.5 ], [ 432505.75, 437052.25 ], [ 432506.0, 437052.25 ], [ 432506.0, 437052.0 ], [ 432506.25, 437052.0 ], [ 432506.25, 437051.75 ], [ 432506.5, 437051.75 ], [ 432506.5, 437051.5 ], [ 432506.75, 437051.5 ], [ 432506.75, 437051.25 ], [ 432507.0, 437051.25 ], [ 432507.0, 437051.0 ], [ 432507.25, 437051.0 ], [ 432507.25, 437050.75 ], [ 432507.5, 437050.75 ], [ 432507.5, 437050.5 ], [ 432507.75, 437050.5 ], [ 432507.75, 437050.25 ], [ 432508.0, 437050.25 ], [ 432508.0, 437049.75 ], [ 432508.25, 437049.75 ], [ 432508.25, 437049.5 ], [ 432508.5, 437049.5 ], [ 432508.5, 437049.25 ], [ 432508.75, 437049.25 ], [ 432508.75, 437049.0 ], [ 432509.0, 437049.0 ], [ 432509.0, 437048.75 ], [ 432509.25, 437048.75 ], [ 432509.25, 437048.5 ], [ 432510.75, 437048.5 ], [ 432510.75, 437048.75 ], [ 432512.0, 437048.75 ], [ 432512.0, 437080.5 ], [ 432511.25, 437080.5 ] ] ] } },
{ "type": "Feature", "properties": { }, "geometry": { "type": "Polygon", "coordinates": [ [ [ 432125.75, 437051.75 ], [ 432125.75, 437051.5 ], [ 432124.75, 437051.5 ], [ 432124.75, 437051.25 ], [ 432123.75, 437051.25 ], [ 432123.75, 437051.0 ], [ 432122.75, 437051.0 ], [ 432122.75, 437050.75 ], [ 432121.75, 437050.75 ], [ 432121.75, 437050.5 ], [ 432121.0, 437050.5 ], [ 432121.0, 437050.25 ], [ 432120.5, 437050.25 ], [ 432120.5, 437050.0 ], [ 432120.25, 437050.0 ], [ 432120.25, 437049.75 ], [ 432119.5, 437049.75 ], [ 432119.5, 437049.5 ], [ 432119.25, 437049.5 ], [ 432119.25, 437049.25 ], [ 432118.75, 437049.25 ], [ 432118.75, 437049.0 ], [ 432118.5, 437049.0 ], [ 432118.5, 437048.75 ], [ 432117.75, 437048.75 ], [ 432117.75, 437048.5 ], [ 432117.25, 437048.5 ], [ 432117.25, 437048.25 ], [ 432116.75, 437048.25 ], [ 432116.75, 437048.0 ], [ 432116.5, 437048.0 ], [ 432116.5, 437047.75 ], [ 432116.25, 437047.75 ], [ 432116.25, 437047.5 ], [ 432115.75, 437047.5 ], [ 432115.75, 437047.25 ], [ 432115.5, 437047.25 ], [ 432115.5, 437046.75 ], [ 432115.25, 437046.75 ], [ 432115.25, 437046.5 ], [ 432115.0, 437046.5 ], [ 432115.0, 437046.0 ], [ 432114.75, 437046.0 ], [ 432114.75, 437045.75 ], [ 432114.5, 437045.75 ], [ 432114.5, 437045.25 ], [ 432114.25, 437045.25 ], [ 432114.25, 437044.75 ], [ 432114.0, 437044.75 ], [ 432114.0, 437044.5 ], [ 432113.75, 437044.5 ], [ 432113.75, 437044.0 ], [ 432113.5, 437044.0 ], [ 432113.5, 437043.25 ], [ 432113.25, 437043.25 ], [ 432113.25, 437040.0 ], [ 432113.5, 437040.0 ], [ 432113.5, 437038.75 ], [ 432113.75, 437038.75 ], [ 432113.75, 437038.25 ], [ 432114.0, 437038.25 ], [ 432114.0, 437037.75 ], [ 432114.25, 437037.75 ], [ 432114.25, 437037.5 ], [ 432114.5, 437037.5 ], [ 432114.5, 437037.0 ], [ 432114.75, 437037.0 ], [ 432114.75, 437036.75 ], [ 432115.0, 437036.75 ], [ 432115.0, 437036.5 ], [ 432115.25, 437036.5 ], [ 432115.25, 437036.25 ], [ 432115.5, 437036.25 ], [ 432115.5, 437036.0 ], [ 432116.0, 437036.0 ], [ 432116.0, 437035.75 ], [ 432116.5, 437035.75 ], [ 432116.5, 437035.5 ], [ 432116.75, 437035.5 ], [ 432116.75, 437035.25 ], [ 432117.25, 437035.25 ], [ 432117.25, 437035.0 ], [ 432117.75, 437035.0 ], [ 432117.75, 437034.75 ], [ 432118.0, 437034.75 ], [ 432118.0, 437034.25 ], [ 432118.25, 437034.25 ], [ 432118.25, 437033.75 ], [ 432118.5, 437033.75 ], [ 432118.5, 437033.5 ], [ 432118.75, 437033.5 ], [ 432118.75, 437033.0 ], [ 432119.0, 437033.0 ], [ 432119.0, 437032.5 ], [ 432119.25, 437032.5 ], [ 432119.25, 437032.25 ], [ 432119.5, 437032.25 ], [ 432119.5, 437032.0 ], [ 432120.0, 437032.0 ], [ 432120.0, 437031.75 ], [ 432120.25, 437031.75 ], [ 432120.25, 437031.25 ], [ 432120.75, 437031.25 ], [ 432120.75, 437031.5 ], [ 432121.0, 437031.5 ], [ 432121.0, 437031.75 ], [ 432121.25, 437031.75 ], [ 432121.25, 437032.0 ], [ 432121.75, 437032.0 ], [ 432121.75, 437032.25 ], [ 432122.0, 437032.25 ], [ 432122.0, 437032.5 ], [ 432122.5, 437032.5 ], [ 432122.5, 437032.75 ], [ 432122.75, 437032.75 ], [ 432122.75, 437033.0 ], [ 432123.0, 437033.0 ], [ 432123.0, 437033.5 ], [ 432123.25, 437033.5 ], [ 432123.25, 437033.75 ], [ 432123.5, 437033.75 ], [ 432123.5, 437034.0 ], [ 432123.75, 437034.0 ], [ 432123.75, 437033.75 ], [ 432124.25, 437033.75 ], [ 432124.25, 437033.5 ], [ 432124.5, 437033.5 ], [ 432124.5, 437033.25 ], [ 432124.75, 437033.25 ], [ 432124.75, 437033.0 ], [ 432125.25, 437033.0 ], [ 432125.25, 437032.75 ], [ 432126.75, 437032.75 ], [ 432126.75, 437033.0 ], [ 432127.0, 437033.0 ], [ 432127.0, 437033.25 ], [ 432127.25, 437033.25 ], [ 432127.25, 437033.5 ], [ 432128.0, 437033.5 ], [ 432128.0, 437051.75 ], [ 432125.75, 437051.75 ] ] ] } },
{ "type": "Feature", "properties": { }, "geometry": { "type": "Polygon", "coordinates": [ [ [ 432814.5, 437043.0 ], [ 432814.5, 437042.75 ], [ 432814.0, 437042.75 ], [ 432814.0, 437042.5 ], [ 432813.5, 437042.5 ], [ 432813.5, 437042.0 ], [ 432813.25, 437042.0 ], [ 432813.25, 437041.25 ], [ 432813.5, 437041.25 ], [ 432813.5, 437040.75 ], [ 432813.75, 437040.75 ], [ 432813.75, 437040.25 ], [ 432814.0, 437040.25 ], [ 432814.0, 437039.25 ], [ 432814.25, 437039.25 ], [ 432814.25, 437038.75 ], [ 432814.5, 437038.75 ], [ 432814.5, 437038.25 ], [ 432814.25, 437038.25 ], [ 432814.25, 437037.5 ], [ 432814.0, 437037.5 ], [ 432814.0, 437037.25 ], [ 432813.75, 437037.25 ], [ 432813.75, 437037.0 ], [ 432813.5, 437037.0 ], [ 432813.5, 437035.75 ], [ 432813.75, 437035.75 ], [ 432813.75, 437034.75 ], [ 432814.0, 437034.75 ], [ 432814.0, 437032.75 ], [ 432814.25, 437032.75 ], [ 432814.25, 437032.25 ], [ 432814.5, 437032.25 ], [ 432814.5, 437031.75 ], [ 432814.75, 437031.75 ], [ 432814.75, 437031.25 ], [ 432815.0, 437031.25 ], [ 432815.0, 437030.75 ], [ 432815.25, 437030.75 ], [ 432815.25, 437030.25 ], [ 432815.5, 437030.25 ], [ 432815.5, 437029.75 ], [ 432815.75, 437029.75 ], [ 432815.75, 437029.5 ], [ 432816.0, 437029.5 ], [ 432816.0, 437029.0 ], [ 432816.25, 437029.0 ], [ 432816.25, 437028.5 ], [ 432816.5, 437028.5 ], [ 432816.5, 437028.25 ], [ 432816.75, 437028.25 ], [ 432816.75, 437027.75 ], [ 432817.0, 437027.75 ], [ 432817.0, 437027.25 ], [ 432817.25, 437027.25 ], [ 432817.25, 437026.5 ], [ 432817.5, 437026.5 ], [ 432817.5, 437026.0 ], [ 432817.75, 437026.0 ], [ 432817.75, 437025.75 ], [ 432818.0, 437025.75 ], [ 432818.0, 437025.5 ], [ 432818.5, 437025.5 ], [ 432818.5, 437025.25 ], [ 432818.75, 437025.25 ], [ 432818.75, 437025.0 ], [ 432819.0, 437025.0 ], [ 432819.0, 437024.75 ], [ 432819.25, 437024.75 ], [ 432819.25, 437024.5 ], [ 432820.25, 437024.5 ], [ 432820.25, 437024.75 ], [ 432821.0, 437024.75 ], [ 432821.0, 437025.0 ], [ 432821.5, 437025.0 ], [ 432821.5, 437025.25 ], [ 432821.75, 437025.25 ], [ 432821.75, 437025.5 ], [ 432822.0, 437025.5 ], [ 432822.0, 437026.75 ], [ 432822.5, 437026.75 ], [ 432822.5, 437027.25 ], [ 432822.75, 437027.25 ], [ 432822.75, 437027.75 ], [ 432823.0, 437027.75 ], [ 432823.0, 437030.75 ], [ 432822.75, 437030.75 ], [ 432822.75, 437034.25 ], [ 432822.5, 437034.25 ], [ 432822.5, 437034.5 ], [ 432822.75, 437034.5 ], [ 432822.75, 437035.0 ], [ 432823.0, 437035.0 ], [ 432823.0, 437035.25 ], [ 432823.25, 437035.25 ], [ 432823.25, 437035.75 ], [ 432823.5, 437035.75 ], [ 432823.5, 437038.5 ], [ 432823.25, 437038.5 ], [ 432823.25, 437038.75 ], [ 432823.0, 437038.75 ], [ 432823.0, 437039.0 ], [ 432822.75, 437039.0 ], [ 432822.75, 437039.25 ], [ 432822.5, 437039.25 ], [ 432822.5, 437039.5 ], [ 432822.25, 437039.5 ], [ 432822.25, 437039.75 ], [ 432822.0, 437039.75 ], [ 432822.0, 437040.0 ], [ 432821.75, 437040.0 ], [ 432821.75, 437040.25 ], [ 432821.5, 437040.25 ], [ 432821.5, 437040.5 ], [ 432821.0, 437040.5 ], [ 432821.0, 437040.75 ], [ 432820.75, 437040.75 ], [ 432820.75, 437041.0 ], [ 432820.25, 437041.0 ], [ 432820.25, 437041.25 ], [ 432820.0, 437041.25 ], [ 432820.0, 437041.5 ], [ 432819.75, 437041.5 ], [ 432819.75, 437041.75 ], [ 432819.5, 437041.75 ], [ 432819.5, 437042.0 ], [ 432819.0, 437042.0 ], [ 432819.0, 437042.25 ], [ 432818.75, 437042.25 ], [ 432818.75, 437042.5 ], [ 432818.25, 437042.5 ], [ 432818.25, 437042.75 ], [ 432815.5, 437042.75 ], [ 432815.5, 437043.0 ], [ 432814.5, 437043.0 ] ] ] } },
{ "type": "Feature", "properties": { }, "geometry": { "type": "Polygon", "coordinates": [ [ [ 432840.75, 437025.75 ], [ 432840.75, 437025.5 ], [ 432839.75, 437025.5 ], [ 432839.75, 437025.25 ], [ 432839.5, 437025.25 ], [ 432839.5, 437025.0 ], [ 432838.5, 437025.0 ], [ 432838.5, 437024.75 ], [ 432838.0, 437024.75 ], [ 432838.0, 437024.5 ], [ 432837.5, 437024.5 ], [ 432837.5, 437024.25 ], [ 432837.0, 437024.25 ], [ 432837.0, 437024.0 ], [ 432836.75, 437024.0 ], [ 432836.75, 437023.75 ], [ 432836.5, 437023.75 ], [ 432836.5, 437023.5 ], [ 432836.25, 437023.5 ], [ 432836.25, 437023.25 ], [ 432836.0, 437023.25 ], [ 432836.0, 437023.0 ], [ 432835.5, 437023.0 ], [ 432835.5, 437022.75 ], [ 432835.0, 437022.75 ], [ 432835.0, 437022.5 ], [ 432834.75, 437022.5 ], [ 432834.75, 437022.25 ], [ 432834.25, 437022.25 ], [ 432834.25, 437022.0 ], [ 432834.0, 437022.0 ], [ 432834.0, 437021.75 ], [ 432833.75, 437021.75 ], [ 432833.75, 437021.25 ], [ 432833.5, 437021.25 ], [ 432833.5, 437021.0 ], [ 432833.25, 437021.0 ], [ 432833.25, 437020.75 ], [ 432833.0, 437020.75 ], [ 432833.0, 437020.5 ], [ 432832.75, 437020.5 ], [ 432832.75, 437020.25 ], [ 432832.5, 437020.25 ], [ 432832.5, 437020.0 ], [ 432832.25, 437020.0 ], [ 432832.25, 437019.5 ], [ 432832.0, 437019.5 ], [ 432832.0, 437019.0 ], [ 432831.75, 437019.0 ], [ 432831.75, 437018.75 ], [ 432831.5, 437018.75 ], [ 432831.5, 437018.25 ], [ 432831.25, 437018.25 ], [ 432831.25, 437017.75 ], [ 432831.0, 437017.75 ], [ 432831.0, 437016.75 ], [ 432830.75, 437016.75 ], [ 432830.75, 437016.0 ], [ 432831.0, 437016.0 ], [ 432831.0, 437015.0 ], [ 432830.75, 437015.0 ], [ 432830.75, 437014.75 ], [ 432830.5, 437014.75 ], [ 432830.5, 437014.5 ], [ 432829.75, 437014.5 ], [ 432829.75, 437014.25 ], [ 432829.5, 437014.25 ], [ 432829.5, 437014.5 ], [ 432829.25, 437014.5 ], [ 432829.25, 437014.75 ], [ 432829.0, 437014.75 ], [ 432829.0, 437015.25 ], [ 432828.75, 437015.25 ], [ 432828.75, 437015.75 ], [ 432828.0, 437015.75 ], [ 432828.0, 437015.5 ], [ 432826.5, 437015.5 ], [ 432826.5, 437015.75 ], [ 432826.0, 437015.75 ], [ 432826.0, 437016.0 ], [ 432825.5, 437016.0 ], [ 432825.5, 437016.25 ], [ 432824.75, 437016.25 ], [ 432824.75, 437016.5 ], [ 432824.25, 437016.5 ], [ 432824.25, 437016.75 ], [ 432823.75, 437016.75 ], [ 432823.75, 437017.0 ], [ 432823.25, 437017.0 ], [ 432823.25, 437017.25 ], [ 432822.75, 437017.25 ], [ 432822.75, 437017.5 ], [ 432822.0, 437017.5 ], [ 432822.0, 437017.75 ], [ 432821.25, 437017.75 ], [ 432821.25, 437018.25 ], [ 432821.0, 437018.25 ], [ 432821.0, 437018.5 ], [ 432820.5, 437018.5 ], [ 432820.5, 437018.75 ], [ 432820.25, 437018.75 ], [ 432820.25, 437019.0 ], [ 432819.75, 437019.0 ], [ 432819.75, 437019.25 ], [ 432817.25, 437019.25 ], [ 432817.25, 437019.0 ], [ 432816.75, 437019.0 ], [ 432816.75, 437018.75 ], [ 432815.75, 437018.75 ], [ 432815.75, 437018.5 ], [ 432815.0, 437018.5 ], [ 432815.0, 437018.25 ], [ 432814.5, 437018.25 ], [ 432814.5, 437018.0 ], [ 432814.0, 437018.0 ], [ 432814.0, 437017.75 ], [ 432813.75, 437017.75 ], [ 432813.75, 437017.5 ], [ 432813.25, 437017.5 ], [ 432813.25, 437017.25 ], [ 432812.75, 437017.25 ], [ 432812.75, 437017.0 ], [ 432812.0, 437017.0 ], [ 432812.0, 437016.75 ], [ 432811.25, 437016.75 ], [ 432811.25, 437016.5 ], [ 432810.75, 437016.5 ], [ 432810.75, 437016.25 ], [ 432810.25, 437016.25 ], [ 432810.25, 437016.0 ], [ 432809.75, 437016.0 ], [ 432809.75, 437015.75 ], [ 432809.25, 437015.75 ], [ 432809.25, 437015.5 ], [ 432809.0, 437015.5 ], [ 432809.0, 437015.25 ], [ 432808.75, 437015.25 ], [ 432808.75, 437015.0 ], [ 432808.5, 437015.0 ], [ 432808.5, 437014.75 ], [ 432808.0, 437014.75 ], [ 432808.0, 437014.5 ], [ 432807.75, 437014.5 ], [ 432807.75, 437014.25 ], [ 432807.5, 437014.25 ], [ 432807.5, 437014.0 ], [ 432807.25, 437014.0 ], [ 432807.25, 437013.75 ], [ 432807.0, 437013.75 ], [ 432807.0, 437013.5 ], [ 432806.75, 437013.5 ], [ 432806.75, 437013.25 ], [ 432806.5, 437013.25 ], [ 432806.5, 437013.0 ], [ 432806.25, 437013.0 ], [ 432806.25, 437012.75 ], [ 432806.0, 437012.75 ], [ 432806.0, 437012.5 ], [ 432805.75, 437012.5 ], [ 432805.75, 437012.25 ], [ 432805.5, 437012.25 ], [ 432805.5, 437012.0 ], [ 432805.0, 437012.0 ], [ 432805.0, 437011.75 ], [ 432804.75, 437011.75 ], [ 432804.75, 437011.5 ], [ 432804.5, 437011.5 ], [ 432804.5, 437011.25 ], [ 432804.0, 437011.25 ], [ 432804.0, 437011.0 ], [ 432803.5, 437011.0 ], [ 432803.5, 437010.75 ], [ 432803.25, 437010.75 ], [ 432803.25, 437010.5 ], [ 432802.75, 437010.5 ], [ 432802.75, 437010.25 ], [ 432802.25, 437010.25 ], [ 432802.25, 437010.0 ], [ 432802.0, 437010.0 ], [ 432802.0, 437009.75 ], [ 432801.75, 437009.75 ], [ 432801.75, 437009.5 ], [ 432801.25, 437009.5 ], [ 432801.25, 437009.0 ], [ 432801.0, 437009.0 ], [ 432801.0, 437008.75 ], [ 432800.5, 437008.75 ], [ 432800.5, 437008.5 ], [ 432800.25, 437008.5 ], [ 432800.25, 437008.25 ], [ 432800.0, 437008.25 ], [ 432800.0, 437008.0 ], [ 432799.75, 437008.0 ], [ 432799.75, 437007.75 ], [ 432799.25, 437007.75 ], [ 432799.25, 437007.5 ], [ 432799.0, 437007.5 ], [ 432799.0, 437007.25 ], [ 432798.5, 437007.25 ], [ 432798.5, 437007.0 ], [ 432798.0, 437007.0 ], [ 432798.0, 437006.75 ], [ 432797.5, 437006.75 ], [ 432797.5, 437006.5 ], [ 432797.25, 437006.5 ], [ 432797.25, 437005.75 ], [ 432797.0, 437005.75 ], [ 432797.0, 437004.75 ], [ 432797.25, 437004.75 ], [ 432797.25, 437002.25 ], [ 432797.5, 437002.25 ], [ 432797.5, 437001.75 ], [ 432797.75, 437001.75 ], [ 432797.75, 437001.5 ], [ 432798.0, 437001.5 ], [ 432798.0, 437001.25 ], [ 432798.25, 437001.25 ], [ 432798.25, 437001.0 ], [ 432798.5, 437001.0 ], [ 432798.5, 437000.75 ], [ 432798.75, 437000.75 ], [ 432798.75, 437000.5 ], [ 432799.25, 437000.5 ], [ 432799.25, 437000.25 ], [ 432799.75, 437000.25 ], [ 432799.75, 437000.0 ], [ 432809.75, 437000.0 ], [ 432809.75, 437000.25 ], [ 432810.5, 437000.25 ], [ 432810.5, 437000.5 ], [ 432811.0, 437000.5 ], [ 432811.0, 437000.75 ], [ 432811.5, 437000.75 ], [ 432811.5, 437001.0 ], [ 432812.0, 437001.0 ], [ 432812.0, 437001.25 ], [ 432812.25, 437001.25 ], [ 432812.25, 437001.5 ], [ 432812.75, 437001.5 ], [ 432812.75, 437001.75 ], [ 432813.0, 437001.75 ], [ 432813.0, 437002.0 ], [ 432813.5, 437002.0 ], [ 432813.5, 437002.25 ], [ 432814.0, 437002.25 ], [ 432814.0, 437002.5 ], [ 432814.5, 437002.5 ], [ 432814.5, 437002.75 ], [ 432816.5, 437002.75 ], [ 432816.5, 437003.0 ], [ 432818.5, 437003.0 ], [ 432818.5, 437002.75 ], [ 432819.75, 437002.75 ], [ 432819.75, 437002.5 ], [ 432820.25, 437002.5 ], [ 432820.25, 437002.25 ], [ 432821.75, 437002.25 ], [ 432821.75, 437002.0 ], [ 432823.0, 437002.0 ], [ 432823.0, 437001.75 ], [ 432824.0, 437001.75 ], [ 432824.0, 437001.5 ], [ 432825.0, 437001.5 ], [ 432825.0, 437001.25 ], [ 432826.5, 437001.25 ], [ 432826.5, 437001.0 ], [ 432828.5, 437001.0 ], [ 432828.5, 437000.75 ], [ 432829.5, 437000.75 ], [ 432829.5, 437000.5 ], [ 432830.25, 437000.5 ], [ 432830.25, 437000.25 ], [ 432832.25, 437000.25 ], [ 432832.25, 437000.0 ], [ 432834.25, 437000.0 ], [ 432834.25, 437000.25 ], [ 432834.75, 437000.25 ], [ 432834.75, 437000.5 ], [ 432835.0, 437000.5 ], [ 432835.0, 437000.75 ], [ 432835.25, 437000.75 ], [ 432835.25, 437001.0 ], [ 432835.5, 437001.0 ], [ 432835.5, 437001.5 ], [ 432835.75, 437001.5 ], [ 432835.75, 437001.75 ], [ 432836.0, 437001.75 ], [ 432836.0, 437002.0 ], [ 432836.25, 437002.0 ], [ 432836.25, 437002.25 ], [ 432836.5, 437002.25 ], [ 432836.5, 437004.0 ], [ 432836.75, 437004.0 ], [ 432836.75, 437005.5 ], [ 432836.5, 437005.5 ], [ 432836.5, 437006.0 ], [ 432835.75, 437006.0 ], [ 432835.75, 437006.25 ], [ 432835.25, 437006.25 ], [ 432835.25, 437006.5 ], [ 432835.0, 437006.5 ], [ 432835.0, 437007.0 ], [ 432835.25, 437007.0 ], [ 432835.25, 437008.25 ], [ 432835.5, 437008.25 ], [ 432835.5, 437008.75 ], [ 432835.25, 437008.75 ], [ 432835.25, 437009.5 ], [ 432835.0, 437009.5 ], [ 432835.0, 437010.0 ], [ 432835.25, 437010.0 ], [ 432835.25, 437010.5 ], [ 432835.0, 437010.5 ], [ 432835.0, 437011.0 ], [ 432834.75, 437011.0 ], [ 432834.75, 437011.25 ], [ 432834.5, 437011.25 ], [ 432834.5, 437011.75 ], [ 432834.75, 437011.75 ], [ 432834.75, 437012.0 ], [ 432835.0, 437012.0 ], [ 432835.0, 437012.25 ], [ 432835.25, 437012.25 ], [ 432835.25, 437012.5 ], [ 432835.0, 437012.5 ], [ 432835.0, 437012.75 ], [ 432833.25, 437012.75 ], [ 432833.25, 437013.0 ], [ 432833.0, 437013.0 ], [ 432833.0, 437013.5 ], [ 432832.75, 437013.5 ], [ 432832.75, 437014.25 ], [ 432832.25, 437014.25 ], [ 432832.25, 437014.75 ], [ 432832.75, 437014.75 ], [ 432832.75, 437014.5 ], [ 432835.5, 437014.5 ], [ 432835.5, 437014.75 ], [ 432836.0, 437014.75 ], [ 432836.0, 437015.0 ], [ 432836.5, 437015.0 ], [ 432836.5, 437015.25 ], [ 432838.0, 437015.25 ], [ 432838.0, 437015.5 ], [ 432838.25, 437015.5 ], [ 432838.25, 437015.75 ], [ 432838.5, 437015.75 ], [ 432838.5, 437016.0 ], [ 432838.75, 437016.0 ], [ 432838.75, 437016.25 ], [ 432839.0, 437016.25 ], [ 432839.0, 437016.5 ], [ 432839.25, 437016.5 ], [ 432839.25, 437017.0 ], [ 432839.5, 437017.0 ], [ 432839.5, 437017.25 ], [ 432840.0, 437017.25 ], [ 432840.0, 437017.75 ], [ 432840.25, 437017.75 ], [ 432840.25, 437018.75 ], [ 432840.5, 437018.75 ], [ 432840.5, 437020.25 ], [ 432840.75, 437020.25 ], [ 432840.75, 437021.5 ], [ 432841.0, 437021.5 ], [ 432841.0, 437022.5 ], [ 432841.25, 437022.5 ], [ 432841.25, 437022.75 ], [ 432841.5, 437022.75 ], [ 432841.5, 437023.0 ], [ 432841.75, 437023.0 ], [ 432841.75, 437023.25 ], [ 432842.0, 437023.25 ], [ 432842.0, 437024.0 ], [ 432841.75, 437024.0 ], [ 432841.75, 437025.0 ], [ 432842.0, 437025.0 ], [ 432842.0, 437025.25 ], [ 432842.5, 437025.25 ], [ 432842.5, 437025.75 ], [ 432840.75, 437025.75 ] ] ] } }
]
}
