{
"type": "FeatureCollection",
"name": "se3336_rgb_250_03_original",
"crs": { "type": "name", "properties": { "name": "urn:ogc:def:crs:EPSG::27700" } },
"features": [
{ "type": "Feature", "properties": { }, "geometry": { "type": "Polygon", "coordinates": [ [ [ 433255.0, 436950.5 ], [ 433255.0, 436950.25 ], [ 433254.75, 436950.25 ], [ 433254.75, 436950.0 ], [ 433253.25, 436950.0 ], [ 433253.25, 436949.75 ], [ 433252.5, 436949.75 ], [ 433252.5, 436949.5 ], [ 433252.25, 436949.5 ], [ 433252.25, 436948.25 ], [ 433252.5, 436948.25 ], [ 433252.5, 436948.0 ], [ 433252.75, 436948.0 ], [ 433252.75, 436947.75 ], [ 433253.0, 436947.75 ], [ 433253.0, 436947.5 ], [ 433253.75, 436947.5 ], [ 433253.75, 436948.0 ], [ 433254.5, 436948.0 ], [ 433254.5, 436948.25 ], [ 433256.0, 436948.25 ], [ 433256.0, 436950.5 ], [ 433255.0, 436950.5 ] ] ] } },
{ "type": "Feature", "properties": { }, "geometry": { "type": "Polygon", "coordinates": [ [ [ 433126.25, 436961.25 ], [ 433126.25, 436961.0 ], [ 433125.5, 436961.0 ], [ 433125.5, 436960.75 ], [ 433125.25, 436960.75 ], [ 433125.25, 436960.5 ], [ 433125.0, 436960.5 ], [ 433125.0, 436960.25 ], [ 433124.75, 436960.25 ], [ 433124.75, 436960.0 ], [ 433124.5, 436960.0 ], [ 433124.5, 436959.75 ], [ 433124.25, 436959.75 ], [ 433124.25, 436959.25 ], [ 433124.0, 436959.25 ], [ 433124.0, 436959.0 ], [ 433123.75, 436959.0 ], [ 433123.75, 436958.75 ], [ 433123.5, 436958.75 ], [ 433123.5, 436958.5 ], [ 433123.25, 436958.5 ], [ 433123.25, 436958.0 ], [ 433123.0, 436958.0 ], [ 433123.0, 436957.5 ], [ 433122.75, 436957.5 ], [ 433122.75, 436957.25 ], [ 433122.5, 436957.25 ], [ 433122.5, 436956.75 ], [ 433122.25, 436956.75 ], [ 433122.25, 436956.5 ], [ 433121.75, 436956.5 ], [ 433121.75, 436956.25 ], [ 433121.5, 436956.25 ], [ 433121.5, 436956.0 ], [ 433121.25, 436956.0 ], [ 433121.25, 436955.5 ], [ 433121.0, 436955.5 ], [ 433121.0, 436955.25 ], [ 433120.75, 436955.25 ], [ 433120.75, 436954.75 ], [ 433120.5, 436954.75 ], [ 433120.5, 436954.0 ], [ 433120.25, 436954.0 ], [ 433120.25, 436953.25 ], [ 433120.0, 436953.25 ], [ 433120.0, 436952.25 ], [ 433119.75, 436952.25 ], [ 433119.75, 436951.25 ], [ 433119.5, 436951.25 ], [ 433119.5, 436950.5 ], [ 433119.25, 436950.5 ], [ 433119.25, 436949.5 ], [ 433119.0, 436949.5 ], [ 433119.0, 436948.75 ], [ 433118.75, 436948.75 ], [ 433118.75, 436948.25 ], [ 433118.5, 436948.25 ], [ 433118.5, 436947.75 ], [ 433118.25, 436947.75 ], [ 433118.25, 436947.25 ], [ 433118.0, 436947.25 ], [ 433118.0, 436946.75 ], [ 433117.75, 436946.75 ], [ 433117.75, 436946.5 ], [ 433117.5, 436946.5 ], [ 433117.5, 436945.75 ], [ 433117.25, 436945.75 ], [ 433117.25, 436945.25 ], [ 433117.0, 436945.25 ], [ 433117.0, 436944.75 ], [ 433116.75, 436944.75 ], [ 433116.75, 436944.5 ], [ 433116.5, 436944.5 ], [ 433116.5, 436944.0 ], [ 433116.25, 436944.0 ], [ 433116.25, 436943.5 ], [ 433116.0, 436943.5 ], [ 433116.0, 436943.25 ], [ 433115.75, 436943.25 ], [ 433115.75, 436942.75 ], [ 433115.5, 436942.75 ], [ 433115.5, 436942.5 ], [ 433115.25, 436942.5 ], [ 433115.25, 436942.25 ], [ 433115.0, 436942.25 ], [ 433115.0, 436941.75 ], [ 433114.75, 436941.75 ], [ 433114.75, 436941.5 ], [ 433114.5, 436941.5 ], [ 433114.5, 436941.25 ], [ 433114.25, 436941.25 ], [ 433114.25, 436940.75 ], [ 433114.0, 436940.75 ], [ 433114.0, 436940.25 ], [ 433113.75, 436940.25 ], [ 433113.75, 436939.75 ], [ 433113.5, 436939.75 ], [ 433113.5, 436938.75 ], [ 433113.25, 436938.75 ], [ 433113.25, 436936.0 ], [ 433113.0, 436936.0 ], [ 433113.0, 436934.25 ], [ 433113.25, 436934.25 ], [ 433113.25, 436933.5 ], [ 433113.5, 436933.5 ], [ 433113.5, 436933.25 ], [ 433113.75, 436933.25 ], [ 433113.75, 436933.0 ], [ 433114.0, 436933.0 ], [ 433114.0, 436932.75 ], [ 433114.25, 436932.75 ], [ 433114.25, 436932.5 ], [ 433114.5, 436932.5 ], [ 433114.5, 436932.25 ], [ 433114.75, 436932.25 ], [ 433114.75, 436932.0 ], [ 433115.0, 436932.0 ], [ 433115.0, 436931.75 ], [ 433115.25, 436931.75 ], [ 433115.25, 436931.5 ], [ 433115.75, 436931.5 ], [ 433115.75, 436931.25 ], [ 433116.0, 436931.25 ], [ 433116.0, 436931.0 ], [ 433116.25, 436931.0 ], [ 433116.25, 436930.75 ], [ 433116.5, 436930.75 ], [ 433116.5, 436930.5 ], [ 433116.75, 436930.5 ], [ 433116.75, 436930.25 ], [ 433117.25, 436930.25 ], [ 433117.25, 436930.0 ], [ 433117.75, 436930.0 ], [ 433117.75, 436929.75 ], [ 433118.25, 436929.75 ], [ 433118.25, 436929.5 ], [ 433119.5, 436929.5 ], [ 433119.5, 436929.75 ], [ 433121.75, 436929.75 ], [ 433121.75, 436930.0 ], [ 433122.0, 436930.0 ], [ 433122.0, 436930.25 ], [ 433122.25, 436930.25 ], [ 433122.25, 436930.5 ], [ 433122.75, 436930.5 ], [ 433122.75, 436930.75 ], [ 433123.0, 436930.75 ], [ 433123.0, 436931.0 ], [ 433123.25, 436931.0 ], [ 433123.25, 436931.25 ], [ 433123.5, 436931.25 ], [ 433123.5, 436932.0 ], [ 433123.75, 436932.0 ], [ 433123.75, 436932.5 ], [ 433124.0, 436932.5 ], [ 433124.0, 436933.25 ], [ 433124.25, 436933.25 ], [ 433124.25, 436933.75 ], [ 433124.5, 436933.75 ], [ 433124.5, 436934.25 ], [ 433124.75, 436934.25 ], [ 433124.75, 436935.0 ], [ 433125.0, 436935.0 ], [ 433125.0, 436935.5 ], [ 433125.25, 436935.5 ], [ 433125.25, 436936.0 ], [ 433125.5, 436936.0 ], [ 433125.5, 436936.5 ], [ 433125.75, 436936.5 ], [ 433125.75, 436936.75 ], [ 433126.25, 436936.75 ], [ 433126.25, 436937.0 ], [ 433128.0, 436937.0 ], [ 433128.0, 436961.0 ], [ 433127.0, 436961.0 ], [ 433127.0, 436961.25 ], [ 433126.25, 436961.25 ] ] ] } },
{ "type": "Feature", "properties": { }, "geometry": { "type": "Polygon", "coordinates": [ [ [ 433285.0, 436944.75 ], [ 433285.0, 436944.5 ], [ 433284.0, 436944.5 ], [ 433284.0, 436944.25 ], [ 433283.0, 436944.25 ], [ 433283.0, 436944.0 ], [ 433281.0, 436944.0 ], [ 433281.0, 436943.75 ], [ 433280.5, 436943.75 ], [ 433280.5, 436943.5 ], [ 433280.0, 436943.5 ], [ 433280.0, 436943.25 ], [ 433279.75, 436943.25 ], [ 433279.75, 436943.0 ], [ 433279.5, 436943.0 ], [ 433279.5, 436942.75 ], [ 433279.25, 436942.75 ], [ 433279.25, 436942.5 ], [ 433279.0, 436942.5 ], [ 433279.0, 436942.25 ], [ 433278.75, 436942.25 ], [ 433278.75, 436942.0 ], [ 433278.25, 436942.0 ], [ 433278.25, 436941.5 ], [ 433278.0, 436941.5 ], [ 433278.0, 436941.25 ], [ 433277.75, 436941.25 ], [ 433277.75, 436941.0 ], [ 433277.5, 436941.0 ], [ 433277.5, 436940.75 ], [ 433277.25, 436940.75 ], [ 433277.25, 436940.25 ], [ 433277.0, 436940.25 ], [ 433277.0, 436940.0 ], [ 433276.75, 436940.0 ], [ 433276.75, 436939.75 ], [ 433276.5, 436939.75 ], [ 433276.5, 436939.5 ], [ 433276.25, 436939.5 ], [ 433276.25, 436939.25 ], [ 433276.0, 436939.25 ], [ 433276.0, 436939.0 ], [ 433275.75, 436939.0 ], [ 433275.75, 436938.75 ], [ 433275.0, 436938.75 ], [ 433275.0, 436938.5 ], [ 433274.25, 436938.5 ], [ 433274.25, 436938.25 ], [ 433273.0, 436938.25 ], [ 433273.0, 436938.5 ], [ 433271.75, 436938.5 ], [ 433271.75, 436938.75 ], [ 433270.75, 436938.75 ], [ 433270.75, 436939.0 ], [ 433267.5, 436939.0 ], [ 433267.5, 436938.75 ], [ 433266.0, 436938.75 ], [ 433266.0, 436938.5 ], [ 433265.25, 436938.5 ], [ 433265.25, 436938.25 ], [ 433265.0, 436938.25 ], [ 433265.0, 436938.0 ], [ 433264.5, 436938.0 ], [ 433264.5, 436937.75 ], [ 433264.25, 436937.75 ], [ 433264.25, 436937.5 ], [ 433263.75, 436937.5 ], [ 433263.75, 436937.25 ], [ 433263.25, 436937.25 ], [ 433263.25, 436937.0 ], [ 433262.75, 436937.0 ], [ 433262.75, 436936.75 ], [ 433262.25, 436936.75 ], [ 433262.25, 436936.5 ], [ 433261.75, 436936.5 ], [ 433261.75, 436936.25 ], [ 433261.25, 436936.25 ], [ 433261.25, 436936.0 ], [ 433260.75, 436936.0 ], [ 433260.75, 436935.75 ], [ 433260.25, 436935.75 ], [ 433260.25, 436935.5 ], [ 433259.5, 436935.5 ], [ 433259.5, 436935.25 ], [ 433259.0, 436935.25 ], [ 433259.0, 436935.0 ], [ 433258.5, 436935.0 ], [ 433258.5, 436934.75 ], [ 433257.75, 436934.75 ], [ 433257.75, 436934.5 ], [ 433256.0, 436934.5 ], [ 433256.0, 436922.75 ], [ 433257.0, 436922.75 ], [ 433257.0, 436923.0 ], [ 433257.5, 436923.0 ], [ 433257.5, 436922.75 ], [ 433258.5, 436922.75 ], [ 433258.5, 436922.5 ], [ 433259.0, 436922.5 ], [ 433259.0, 436922.25 ], [ 433259.5, 436922.25 ], [ 433259.5, 436922.0 ], [ 433259.75, 436922.0 ], [ 433259.75, 436921.75 ], [ 433260.25, 436921.75 ], [ 433260.25, 436921.5 ], [ 433260.75, 436921.5 ], [ 433260.75, 436921.25 ], [ 433261.0, 436921.25 ], [ 433261.0, 436921.0 ], [ 433261.25, 436921.0 ], [ 433261.25, 436920.75 ], [ 433261.75, 436920.75 ], [ 433261.75, 436920.5 ], [ 433262.5, 436920.5 ], [ 433262.5, 436920.25 ], [ 433265.0, 436920.25 ], [ 433265.0, 436920.0 ], [ 433266.0, 436920.0 ], [ 433266.0, 436919.75 ], [ 433267.75, 436919.75 ], [ 433267.75, 436920.0 ], [ 433270.0, 436920.0 ], [ 433270.0, 436920.25 ], [ 433270.75, 436920.25 ], [ 433270.75, 436920.5 ], [ 433271.0, 436920.5 ], [ 433271.0, 436921.0 ], [ 433271.25, 436921.0 ], [ 433271.25, 436921.5 ], [ 433271.5, 436921.5 ], [ 433271.5, 436921.75 ], [ 433271.75, 436921.75 ], [ 433271.75, 436922.0 ], [ 433272.0, 436922.0 ], [ 433272.0, 436922.25 ], [ 433272.25, 436922.25 ], [ 433272.25, 436922.5 ], [ 433272.5, 436922.5 ], [ 433272.5, 436922.75 ], [ 433272.75, 436922.75 ], [ 433272.75, 436923.0 ], [ 433273.25, 436923.0 ], [ 433273.25, 436923.25 ], [ 433273.75, 436923.25 ], [ 433273.75, 436923.5 ], [ 433274.0, 436923.5 ], [ 433274.0, 436923.75 ], [ 433274.5, 436923.75 ], [ 433274.5, 436924.0 ], [ 433274.75, 436924.0 ], [ 433274.75, 436924.25 ], [ 433275.25, 436924.25 ], [ 433275.25, 436924.5 ], [ 433275.5, 436924.5 ], [ 433275.5, 436924.75 ], [ 433275.75, 436924.75 ], [ 433275.75, 436925.25 ], [ 433276.0, 436925.25 ], [ 433276.0, 436925.5 ], [ 433276.25, 436925.5 ], [ 433276.25, 436925.75 ], [ 433276.5, 436925.75 ], [ 433276.5, 436926.25 ], [ 433276.75, 436926.25 ], [ 433276.75, 436926.5 ], [ 433277.0, 436926.5 ], [ 433277.0, 436926.75 ], [ 433277.25, 436926.75 ], [ 433277.25, 436927.0 ], [ 433277.5, 436927.0 ], [ 433277.5, 436927.25 ], [ 433277.75, 436927.25 ], [ 433277.75, 436927.5 ], [ 433278.0, 436927.5 ], [ 433278.0, 436927.75 ], [ 433278.25, 436927.75 ], [ 433278.25, 436928.0 ], [ 433278.75, 436928.0 ], [ 433278.75, 436928.25 ], [ 433279.0, 436928.25 ], [ 433279.0, 436928.5 ], [ 433279.25, 436928.5 ], [ 433279.25, 436928.75 ], [ 433279.5, 436928.75 ], [ 433279.5, 436929.25 ], [ 433279.75, 436929.25 ], [ 433279.75, 436929.5 ], [ 433280.0, 436929.5 ], [ 433280.0, 436930.0 ], [ 433280.25, 436930.0 ], [ 433280.25, 436930.25 ], [ 433280.5, 436930.25 ], [ 433280.5, 436930.5 ], [ 433280.75, 436930.5 ], [ 433280.75, 436930.75 ], [ 433281.0, 436930.75 ], [ 433281.0, 436931.0 ], [ 433281.25, 436931.0 ], [ 433281.25, 436931.25 ], [ 433281.5, 436931.25 ], [ 433281.5, 436931.5 ], [ 433281.75, 436931.5 ], [ 433281.75, 436931.75 ], [ 433282.25, 436931.75 ], [ 433282.25, 436932.0 ], [ 433282.5, 436932.0 ], [ 433282.5, 436932.25 ], [ 433283.0, 436932.25 ], [ 433283.0, 436932.5 ], [ 433283.25, 436932.5 ], [ 433283.25, 436932.75 ], [ 433283.75, 436932.75 ], [ 433283.75, 436933.0 ], [ 433284.0, 436933.0 ], [ 433284.0, 436933.25 ], [ 433284.25, 436933.25 ], [ 433284.25, 436933.5 ], [ 433284.75, 436933.5 ], [ 433284.75, 436933.75 ], [ 433285.0, 436933.75 ], [ 433285.0, 436934.0 ], [ 433285.25, 436934.0 ], [ 433285.25, 436934.25 ], [ 433285.5, 436934.25 ], [ 433285.5, 436934.5 ], [ 433285.75, 436934.5 ], [ 433285.75, 436934.75 ], [ 433286.0, 436934.75 ], [ 433286.0, 436935.25 ], [ 433286.25, 436935.25 ], [ 433286.25, 436936.0 ], [ 433286.5, 436936.0 ], [ 433286.5, 436936.75 ], [ 433286.75, 436936.75 ], [ 433286.75, 436937.25 ], [ 433287.0, 436937.25 ], [ 433287.0, 436939.25 ], [ 433287.25, 436939.25 ], [ 433287.25, 436941.5 ], [ 433287.0, 436941.5 ], [ 433287.0, 436943.0 ], [ 433286.75, 436943.0 ], [ 433286.75, 436943.5 ], [ 433286.5, 436943.5 ], [ 433286.5, 436944.0 ], [ 433286.25, 436944.0 ], [ 433286.25, 436944.25 ], [ 433286.0, 436944.25 ], [ 433286.0, 436944.5 ], [ 433285.75, 436944.5 ], [ 433285.75, 436944.75 ], [ 433285.0, 436944.75 ] ] ] } },
{ "type": "Feature", "properties": { }, "geometry": { "type": "Polygon", "coordinates": [ [ [ 433203.75, 436958.75 ], [ 433203.75, 436958.5 ], [ 433202.75, 436958.5 ], [ 433202.75, 436958.25 ], [ 433202.25, 436958.25 ], [ 433202.25, 436958.0 ], [ 433201.75, 436958.0 ], [ 433201.75, 436957.75 ], [ 433201.25, 436957.75 ], [ 433201.25, 436957.5 ], [ 433201.0, 436957.5 ], [ 433201.0, 436957.0 ], [ 433200.75, 436957.0 ], [ 433200.75, 436956.75 ], [ 433200.5, 436956.75 ], [ 433200.5, 436956.25 ], [ 433200.25, 436956.25 ], [ 433200.25, 436955.75 ], [ 433200.0, 436955.75 ], [ 433200.0, 436955.5 ], [ 433199.75, 436955.5 ], [ 433199.75, 436954.25 ], [ 433199.5, 436954.25 ], [ 433199.5, 436953.25 ], [ 433199.25, 436953.25 ], [ 433199.25, 436952.0 ], [ 433199.0, 436952.0 ], [ 433199.0, 436951.25 ], [ 433198.75, 436951.25 ], [ 433198.75, 436950.5 ], [ 433198.5, 436950.5 ], [ 433198.5, 436950.0 ], [ 433198.25, 436950.0 ], [ 433198.25, 436949.25 ], [ 433198.0, 436949.25 ], [ 433198.0, 436948.75 ], [ 433197.75, 436948.75 ], [ 433197.75, 436948.5 ], [ 433197.5, 436948.5 ], [ 433197.5, 436947.75 ], [ 433197.25, 436947.75 ], [ 433197.25, 436946.75 ], [ 433197.0, 436946.75 ], [ 433197.0, 436946.0 ], [ 433196.75, 436946.0 ], [ 433196.75, 436945.5 ], [ 433196.5, 436945.5 ], [ 433196.5, 436944.75 ], [ 433196.25, 436944.75 ], [ 433196.25, 436944.0 ], [ 433196.0, 436944.0 ], [ 433196.0, 436943.5 ], [ 433195.75, 436943.5 ], [ 433195.75, 436942.75 ], [ 433195.5, 436942.75 ], [ 433195.5, 436942.0 ], [ 433195.25, 436942.0 ], [ 433195.25, 436941.0 ], [ 433195.0, 436941.0 ], [ 433195.0, 436940.25 ], [ 433194.75, 436940.25 ], [ 433194.75, 436939.5 ], [ 433194.5, 436939.5 ], [ 433194.5, 436939.0 ], [ 433194.25, 436939.0 ], [ 433194.25, 436937.75 ], [ 433194.0, 436937.75 ], [ 433194.0, 436937.5 ], [ 433194.25, 436937.5 ], [ 433194.25, 436936.5 ], [ 433194.5, 436936.5 ], [ 433194.5, 436935.0 ], [ 433194.75, 436935.0 ], [ 433194.75, 436934.25 ], [ 433195.0, 436934.25 ], [ 433195.0, 436933.5 ], [ 433195.25, 436933.5 ], [ 433195.25, 436932.5 ], [ 433195.5, 436932.5 ], [ 433195.5, 436931.5 ], [ 433195.75, 436931.5 ], [ 433195.75, 436931.0 ], [ 433196.0, 436931.0 ], [ 433196.0, 436930.5 ], [ 433196.25, 436930.5 ], [ 433196.25, 436930.25 ], [ 433196.5, 436930.25 ], [ 433196.5, 436930.0 ], [ 433196.75, 436930.0 ], [ 433196.75, 436929.5 ], [ 433197.0, 436929.5 ], [ 433197.0, 436929.25 ], [ 433197.5, 436929.25 ], [ 433197.5, 436929.0 ], [ 433197.75, 436929.0 ], [ 433197.75, 436928.75 ], [ 433198.25, 436928.75 ], [ 433198.25, 436928.5 ], [ 433199.0, 436928.5 ], [ 433199.0, 436928.25 ], [ 433200.0, 436928.25 ], [ 433200.0, 436928.0 ], [ 433201.5, 436928.0 ], [ 433201.5, 436927.75 ], [ 433202.25, 436927.75 ], [ 433202.25, 436927.5 ], [ 433203.0, 436927.5 ], [ 433203.0, 436927.25 ], [ 433203.5, 436927.25 ], [ 433203.5, 436927.0 ], [ 433204.0, 436927.0 ], [ 433204.0, 436926.75 ], [ 433204.5, 436926.75 ], [ 433204.5, 436926.5 ], [ 433205.0, 436926.5 ], [ 433205.0, 436926.25 ], [ 433205.5, 436926.25 ], [ 433205.5, 436926.0 ], [ 433206.25, 436926.0 ], [ 433206.25, 436925.75 ], [ 433206.75, 436925.75 ], [ 433206.75, 436925.5 ], [ 433207.0, 436925.5 ], [ 433207.0, 436925.25 ], [ 433207.25, 436925.25 ], [ 433207.25, 436925.0 ], [ 433207.75, 436925.0 ], [ 433207.75, 436924.75 ], [ 433208.0, 436924.75 ], [ 433208.0, 436924.25 ], [ 433208.25, 436924.25 ], [ 433208.25, 436923.5 ], [ 433208.5, 436923.5 ], [ 433208.5, 436922.5 ], [ 433208.75, 436922.5 ], [ 433208.75, 436919.75 ], [ 433208.5, 436919.75 ], [ 433208.5, 436917.75 ], [ 433208.75, 436917.75 ], [ 433208.75, 436917.0 ], [ 433209.0, 436917.0 ], [ 433209.0, 436916.5 ], [ 433209.25, 436916.5 ], [ 433209.25, 436916.0 ], [ 433209.5, 436916.0 ], [ 433209.5, 436915.75 ], [ 433209.75, 436915.75 ], [ 433209.75, 436915.5 ], [ 433210.25, 436915.5 ], [ 433210.25, 436915.25 ], [ 433210.5, 436915.25 ], [ 433210.5, 436915.0 ], [ 433211.0, 436915.0 ], [ 433211.0, 436914.75 ], [ 433211.5, 436914.75 ], [ 433211.5, 436914.5 ], [ 433212.0, 436914.5 ], [ 433212.0, 436914.25 ], [ 433212.5, 436914.25 ], [ 433212.5, 436914.0 ], [ 433213.0, 436914.0 ], [ 433213.0, 436913.75 ], [ 433213.75, 436913.75 ], [ 433213.75, 436913.5 ], [ 433214.5, 436913.5 ], [ 433214.5, 436913.25 ], [ 433215.75, 436913.25 ], [ 433215.75, 436913.0 ], [ 433217.0, 436913.0 ], [ 433217.0, 436912.75 ], [ 433218.25, 436912.75 ], [ 433218.25, 436912.5 ], [ 433220.0, 436912.5 ], [ 433220.0, 436912.25 ], [ 433227.25, 436912.25 ], [ 433227.25, 436912.5 ], [ 433228.75, 436912.5 ], [ 433228.75, 436912.75 ], [ 433229.25, 436912.75 ], [ 433229.25, 436913.0 ], [ 433229.75, 436913.0 ], [ 433229.75, 436913.25 ], [ 433230.5, 436913.25 ], [ 433230.5, 436913.5 ], [ 433230.75, 436913.5 ], [ 433230.75, 436913.75 ], [ 433231.25, 436913.75 ], [ 433231.25, 436914.0 ], [ 433231.5, 436914.0 ], [ 433231.5, 436914.25 ], [ 433232.0, 436914.25 ], [ 433232.0, 436914.5 ], [ 433232.5, 436914.5 ], [ 433232.5, 436914.75 ], [ 433232.75, 436914.75 ], [ 433232.75, 436915.0 ], [ 433233.0, 436915.0 ], [ 433233.0, 436915.25 ], [ 433233.25, 436915.25 ], [ 433233.25, 436915.5 ], [ 433233.5, 436915.5 ], [ 433233.5, 436915.75 ], [ 433233.75, 436915.75 ], [ 433233.75, 436916.0 ], [ 433234.0, 436916.0 ], [ 433234.0, 436916.25 ], [ 433234.25, 436916.25 ], [ 433234.25, 436916.5 ], [ 433234.5, 436916.5 ], [ 433234.5, 436917.25 ], [ 433234.75, 436917.25 ], [ 433234.75, 436918.25 ], [ 433235.0, 436918.25 ], [ 433235.0, 436920.25 ], [ 433235.25, 436920.25 ], [ 433235.25, 436921.0 ], [ 433235.5, 436921.0 ], [ 433235.5, 436922.0 ], [ 433235.75, 436922.0 ], [ 433235.75, 436922.75 ], [ 433236.0, 436922.75 ], [ 433236.0, 436923.25 ], [ 433236.25, 436923.25 ], [ 433236.25, 436923.5 ], [ 433236.5, 436923.5 ], [ 433236.5, 436924.0 ], [ 433236.75, 436924.0 ], [ 433236.75, 436924.25 ], [ 433237.0, 436924.25 ], [ 433237.0, 436924.75 ], [ 433237.25, 436924.75 ], [ 433237.25, 436925.0 ], [ 433237.5, 436925.0 ], [ 433237.5, 436925.5 ], [ 433237.75, 436925.5 ], [ 433237.75, 436926.0 ], [ 433238.0, 436926.0 ], [ 433238.0, 436926.5 ], [ 433238.25, 436926.5 ], [ 433238.25, 436927.0 ], [ 433238.5, 436927.0 ], [ 433238.5, 436927.5 ], [ 433238.75, 436927.5 ], [ 433238.75, 436928.25 ], [ 433239.0, 436928.25 ], [ 433239.0, 436929.0 ], [ 433239.25, 436929.0 ], [ 433239.25, 436929.75 ], [ 433239.5, 436929.75 ], [ 433239.5, 436930.75 ], [ 433239.75, 436930.75 ], [ 433239.75, 436931.25 ], [ 433240.0, 436931.25 ], [ 433240.0, 436931.75 ], [ 433240.25, 436931.75 ], [ 433240.25, 436932.0 ], [ 433240.5, 436932.0 ], [ 433240.5, 436932.5 ], [ 433240.75, 436932.5 ], [ 433240.75, 436933.0 ], [ 433241.0, 436933.0 ], [ 433241.0, 436933.5 ], [ 433241.25, 436933.5 ], [ 433241.25, 436934.25 ], [ 433241.5, 436934.25 ], [ 433241.5, 436934.75 ], [ 433241.75, 436934.75 ], [ 433241.75, 436935.0 ], [ 433242.0, 436935.0 ], [ 433242.0, 436935.5 ], [ 433242.25, 436935.5 ], [ 433242.25, 436936.0 ], [ 433242.5, 436936.0 ], [ 433242.5, 436936.5 ], [ 433242.75, 436936.5 ], [ 433242.75, 436936.75 ], [ 433243.0, 436936.75 ], [ 433243.0, 436937.0 ], [ 433243.25, 436937.0 ], [ 433243.25, 436937.5 ], [ 433243.5, 436937.5 ], [ 433243.5, 436938.0 ], [ 433243.75, 436938.0 ], [ 433243.75, 436939.0 ], [ 433243.5, 436939.0 ], [ 433243.5, 436939.5 ], [ 433243.25, 436939.5 ], [ 433243.25, 436939.75 ], [ 433243.0, 436939.75 ], [ 433243.0, 436940.0 ], [ 433242.75, 436940.0 ], [ 433242.75, 436940.25 ], [ 433242.25, 436940.25 ], [ 433242.25, 436940.5 ], [ 433242.0, 436940.5 ], [ 433242.0, 436940.75 ], [ 433241.75, 436940.75 ], [ 433241.75, 436941.0 ], [ 433241.5, 436941.0 ], [ 433241.5, 436941.25 ], [ 433241.25, 436941.25 ], [ 433241.25, 436941.75 ], [ 433241.0, 436941.75 ], [ 433241.0, 436942.5 ], [ 433240.75, 436942.5 ], [ 433240.75, 436942.75 ], [ 433240.5, 436942.75 ], [ 433240.5, 436943.0 ], [ 433240.0, 436943.0 ], [ 433240.0, 436943.25 ], [ 433239.75, 436943.25 ], [ 433239.75, 436943.5 ], [ 433239.25, 436943.5 ], [ 433239.25, 436943.75 ], [ 433238.75, 436943.75 ], [ 433238.75, 436944.0 ], [ 433238.25, 436944.0 ], [ 433238.25, 436944.25 ], [ 433237.5, 436944.25 ], [ 433237.5, 436944.5 ], [ 433236.75, 436944.5 ], [ 433236.75, 436944.75 ], [ 433236.0, 436944.75 ], [ 433236.0, 436945.0 ], [ 433235.25, 436945.0 ], [ 433235.25, 436945.25 ], [ 433234.5, 436945.25 ], [ 433234.5, 436945.5 ], [ 433234.0, 436945.5 ], [ 433234.0, 436945.75 ], [ 433233.5, 436945.75 ], [ 433233.5, 436946.0 ], [ 433233.0, 436946.0 ], [ 433233.0, 436946.25 ], [ 433232.75, 436946.25 ], [ 433232.75, 436946.5 ], [ 433232.25, 436946.5 ], [ 433232.25, 436946.75 ], [ 433231.75, 436946.75 ], [ 433231.75, 436947.0 ], [ 433231.25, 436947.0 ], [ 433231.25, 436947.25 ], [ 433230.5, 436947.25 ], [ 433230.5, 436947.5 ], [ 433230.0, 436947.5 ], [ 433230.0, 436947.75 ], [ 433229.5, 436947.75 ], [ 433229.5, 436948.0 ], [ 433229.0, 436948.0 ], [ 433229.0, 436948.25 ], [ 433228.5, 436948.25 ], [ 433228.5, 436948.5 ], [ 433227.75, 436948.5 ], [ 433227.75, 436948.75 ], [ 433227.25, 436948.75 ], [ 433227.25, 436949.0 ], [ 433226.5, 436949.0 ], [ 433226.5, 436949.25 ], [ 433226.0, 436949.25 ], [ 433226.0, 436949.5 ], [ 433225.25, 436949.5 ], [ 433225.25, 436949.75 ], [ 433224.75, 436949.75 ], [ 433224.75, 436950.0 ], [ 433224.5, 436950.0 ], [ 433224.5, 436950.25 ], [ 433223.75, 436950.25 ], [ 433223.75, 436950.5 ], [ 433223.25, 436950.5 ], [ 433223.25, 436950.75 ], [ 433223.0, 436950.75 ], [ 433223.0, 436951.0 ], [ 433222.5, 436951.0 ], [ 433222.5, 436951.25 ], [ 433221.75, 436951.25 ], [ 433221.75, 436951.5 ], [ 433220.5, 436951.5 ], [ 433220.5, 436951.75 ], [ 433219.25, 436951.75 ], [ 433219.25, 436952.0 ], [ 433217.75, 436952.0 ], [ 433217.75, 436951.75 ], [ 433217.0, 436951.75 ], [ 433217.0, 436951.5 ], [ 433216.5, 436951.5 ], [ 433216.5, 436951.25 ], [ 433216.0, 436951.25 ], [ 433216.0, 436951.0 ], [ 433215.75, 436951.0 ], [ 433215.75, 436950.75 ], [ 433215.5, 436950.75 ], [ 433215.5, 436950.5 ], [ 433215.25, 436950.5 ], [ 433215.25, 436950.25 ], [ 433215.0, 436950.25 ], [ 433215.0, 436950.0 ], [ 433214.75, 436950.0 ], [ 433214.75, 436949.75 ], [ 433214.5, 436949.75 ], [ 433214.5, 436949.5 ], [ 433214.0, 436949.5 ], [ 433214.0, 436949.25 ], [ 433212.25, 436949.25 ], [ 433212.25, 436949.5 ], [ 433212.0, 436949.5 ], [ 433212.0, 436949.75 ], [ 433211.75, 436949.75 ], [ 433211.75, 436950.0 ], [ 433211.25, 436950.0 ], [ 433211.25, 436950.25 ], [ 433211.0, 436950.25 ], [ 433211.0, 436950.5 ], [ 433210.75, 436950.5 ], [ 433210.75, 436951.0 ], [ 433210.5, 436951.0 ], [ 433210.5, 436952.0 ], [ 433210.25, 436952.0 ], [ 433210.25, 436953.25 ], [ 433210.0, 436953.25 ], [ 433210.0, 436954.0 ], [ 433209.75, 436954.0 ], [ 433209.75, 436954.75 ], [ 433209.5, 436954.75 ], [ 433209.5, 436955.0 ], [ 433209.25, 436955.0 ], [ 433209.25, 436955.5 ], [ 433209.0, 436955.5 ], [ 433209.0, 436956.0 ], [ 433208.75, 436956.0 ], [ 433208.75, 436956.5 ], [ 433208.5, 436956.5 ], [ 433208.5, 436956.75 ], [ 433208.25, 436956.75 ], [ 433208.25, 436957.25 ], [ 433208.0, 436957.25 ], [ 433208.0, 436957.5 ], [ 433207.75, 436957.5 ], [ 433207.75, 436957.75 ], [ 433207.5, 436957.75 ], [ 433207.5, 436958.0 ], [ 433207.25, 436958.0 ], [ 433207.25, 436958.25 ], [ 433206.75, 436958.25 ], [ 433206.75, 436958.5 ], [ 433206.0, 436958.5 ], [ 433206.0, 436958.75 ], [ 433203.75, 436958.75 ] ] ] } },
{ "type": "Feature", "properties": { }, "geometry": { "type": "Polygon", "coordinates": [ [ [ 433511.25, 436915.5 ], [ 433511.25, 436915.25 ], [ 433511.0, 436915.25 ], [ 433511.0, 436915.0 ], [ 433510.25, 436915.0 ], [ 433510.25, 436914.75 ], [ 433509.75, 436914.75 ], [ 433509.75, 436914.5 ], [ 433509.0, 436914.5 ], [ 433509.0, 436914.25 ], [ 433506.25, 436914.25 ], [ 433506.25, 436914.0 ], [ 433505.75, 436914.0 ], [ 433505.75, 436913.75 ], [ 433505.25, 436913.75 ], [ 433505.25, 436913.0 ], [ 433505.5, 436913.0 ], [ 433505.5, 436911.5 ], [ 433505.75, 436911.5 ], [ 433505.75, 436911.0 ], [ 433506.0, 436911.0 ], [ 433506.0, 436910.75 ], [ 433506.5, 436910.75 ], [ 433506.5, 436910.0 ], [ 433506.25, 436910.0 ], [ 433506.25, 436908.75 ], [ 433506.0, 436908.75 ], [ 433506.0, 436907.75 ], [ 433505.75, 436907.75 ], [ 433505.75, 436907.5 ], [ 433506.0, 436907.5 ], [ 433506.0, 436907.25 ], [ 433506.25, 436907.25 ], [ 433506.25, 436906.75 ], [ 433506.5, 436906.75 ], [ 433506.5, 436906.5 ], [ 433506.75, 436906.5 ], [ 433506.75, 436906.25 ], [ 433507.0, 436906.25 ], [ 433507.0, 436906.0 ], [ 433507.5, 436906.0 ], [ 433507.5, 436905.75 ], [ 433508.0, 436905.75 ], [ 433508.0, 436905.5 ], [ 433508.5, 436905.5 ], [ 433508.5, 436905.25 ], [ 433509.25, 436905.25 ], [ 433509.25, 436905.0 ], [ 433510.25, 436905.0 ], [ 433510.25, 436904.75 ], [ 433511.0, 436904.75 ], [ 433511.0, 436905.0 ], [ 433512.0, 436905.0 ], [ 433512.0, 436915.5 ], [ 433511.25, 436915.5 ] ] ] } },
{ "type": "Feature", "properties": { }, "geometry": { "type": "Polygon", "coordinates": [ [ [ 433979.25, 436902.25 ], [ 433979.25, 436902.0 ], [ 433979.0, 436902.0 ], [ 433979.0, 436901.75 ], [ 433978.5, 436901.75 ], [ 433978.5, 436901.5 ], [ 433978.0, 436901.5 ], [ 433978.0, 436901.25 ], [ 433977.75, 436901.25 ], [ 433977.75, 436900.25 ], [ 433978.0, 436900.25 ], [ 433978.0, 436899.75 ], [ 433978.25, 436899.75 ], [ 433978.25, 436899.25 ], [ 433978.5, 436899.25 ], [ 433978.5, 436899.0 ], [ 433978.75, 436899.0 ], [ 433978.75, 436898.5 ], [ 433979.0, 436898.5 ], [ 433979.0, 436898.0 ], [ 433979.25, 436898.0 ], [ 433979.25, 436897.5 ], [ 433979.5, 436897.5 ], [ 433979.5, 436897.25 ], [ 433979.75, 436897.25 ], [ 433979.75, 436897.5 ], [ 433980.75, 436897.5 ], [ 433980.75, 436897.75 ], [ 433981.0, 436897.75 ], [ 433981.0, 436898.0 ], [ 433981.25, 436898.0 ], [ 433981.25, 436898.25 ], [ 433981.5, 436898.25 ], [ 433981.5, 436898.75 ], [ 433981.75, 436898.75 ], [ 433981.75, 436901.0 ], [ 433981.5, 436901.0 ], [ 433981.5, 436901.5 ], [ 433980.5, 436901.5 ], [ 433980.5, 436901.75 ], [ 433980.0, 436901.75 ], [ 433980.0, 436902.0 ], [ 433979.5, 436902.0 ], [ 433979.5, 436902.25 ], [ 433979.25, 436902.25 ] ] ] } },
{ "type": "Feature", "properties": { }, "geometry": { "type": "Polygon", "coordinates": [ [ [ 433298.0, 436917.25 ], [ 433298.0, 436917.0 ], [ 433297.0, 436917.0 ], [ 433297.0, 436916.75 ], [ 433296.25, 436916.75 ], [ 433296.25, 436916.5 ], [ 433295.75, 436916.5 ], [ 433295.75, 436916.25 ], [ 433295.25, 436916.25 ], [ 433295.25, 436916.0 ], [ 433294.5, 436916.0 ], [ 433294.5, 436915.75 ], [ 433294.0, 436915.75 ], [ 433294.0, 436915.5 ], [ 433293.75, 436915.5 ], [ 433293.75, 436915.25 ], [ 433293.5, 436915.25 ], [ 433293.5, 436915.0 ], [ 433293.0, 436915.0 ], [ 433293.0, 436914.75 ], [ 433292.75, 436914.75 ], [ 433292.75, 436914.5 ], [ 433292.5, 436914.5 ], [ 433292.5, 436914.25 ], [ 433292.25, 436914.25 ], [ 433292.25, 436914.0 ], [ 433292.0, 436914.0 ], [ 433292.0, 436913.75 ], [ 433291.75, 436913.75 ], [ 433291.75, 436913.5 ], [ 433291.5, 436913.5 ], [ 433291.5, 436913.25 ], [ 433291.25, 436913.25 ], [ 433291.25, 436913.0 ], [ 433291.0, 436913.0 ], [ 433291.0, 436912.75 ], [ 433290.5, 436912.75 ], [ 433290.5, 436912.5 ], [ 433290.0, 436912.5 ], [ 433290.0, 436912.25 ], [ 433289.75, 436912.25 ], [ 433289.75, 436912.0 ], [ 433289.25, 436912.0 ], [ 433289.25, 436911.75 ], [ 433288.75, 436911.75 ], [ 433288.75, 436911.5 ], [ 433288.5, 436911.5 ], [ 433288.5, 436911.25 ], [ 433288.0, 436911.25 ], [ 433288.0, 436911.0 ], [ 433287.5, 436911.0 ], [ 433287.5, 436910.75 ], [ 433287.25, 436910.75 ], [ 433287.25, 436910.5 ], [ 433287.0, 436910.5 ], [ 433287.0, 436910.25 ], [ 433286.75, 436910.25 ], [ 433286.75, 436910.0 ], [ 433286.5, 436910.0 ], [ 433286.5, 436909.75 ], [ 433286.0, 436909.75 ], [ 433286.0, 436909.5 ], [ 433285.75, 436909.5 ], [ 433285.75, 436909.25 ], [ 433285.25, 436909.25 ], [ 433285.25, 436909.0 ], [ 433285.0, 436909.0 ], [ 433285.0, 436908.75 ], [ 433284.5, 436908.75 ], [ 433284.5, 436908.5 ], [ 433284.25, 436908.5 ], [ 433284.25, 436908.25 ], [ 433284.0, 436908.25 ], [ 433284.0, 436908.0 ], [ 433283.5, 436908.0 ], [ 433283.5, 436907.75 ], [ 433283.25, 436907.75 ], [ 433283.25, 436907.5 ], [ 433283.0, 436907.5 ], [ 433283.0, 436907.0 ], [ 433282.75, 436907.0 ], [ 433282.75, 436906.75 ], [ 433282.5, 436906.75 ], [ 433282.5, 436906.5 ], [ 433282.25, 436906.5 ], [ 433282.25, 436906.25 ], [ 433282.0, 436906.25 ], [ 433282.0, 436906.0 ], [ 433281.75, 436906.0 ], [ 433281.75, 436905.5 ], [ 433281.5, 436905.5 ], [ 433281.5, 436905.0 ], [ 433281.25, 436905.0 ], [ 433281.25, 436904.5 ], [ 433281.0, 436904.5 ], [ 433281.0, 436904.25 ], [ 433280.75, 436904.25 ], [ 433280.75, 436904.0 ], [ 433280.5, 436904.0 ], [ 433280.5, 436903.75 ], [ 433280.25, 436903.75 ], [ 433280.25, 436903.5 ], [ 433280.0, 436903.5 ], [ 433280.0, 436903.25 ], [ 433280.25, 436903.25 ], [ 433280.25, 436902.5 ], [ 433280.5, 436902.5 ], [ 433280.5, 436902.25 ], [ 433280.25, 436902.25 ], [ 433280.25, 436901.25 ], [ 433281.0, 436901.25 ], [ 433281.0, 436901.0 ], [ 433281.75, 436901.0 ], [ 433281.75, 436900.75 ], [ 433282.25, 436900.75 ], [ 433282.25, 436900.5 ], [ 433282.75, 436900.5 ], [ 433282.75, 436900.25 ], [ 433283.0, 436900.25 ], [ 433283.0, 436900.0 ], [ 433283.25, 436900.0 ], [ 433283.25, 436899.5 ], [ 433283.5, 436899.5 ], [ 433283.5, 436899.25 ], [ 433284.0, 436899.25 ], [ 433284.0, 436899.0 ], [ 433284.25, 436899.0 ], [ 433284.25, 436898.75 ], [ 433284.5, 436898.75 ], [ 433284.5, 436898.5 ], [ 433284.75, 436898.5 ], [ 433284.75, 436898.25 ], [ 433285.0, 436898.25 ], [ 433285.0, 436897.75 ], [ 433285.25, 436897.75 ], [ 433285.25, 436897.25 ], [ 433285.5, 436897.25 ], [ 433285.5, 436897.0 ], [ 433286.0, 436897.0 ], [ 433286.0, 436896.75 ], [ 433288.0, 436896.75 ], [ 433288.0, 436896.5 ], [ 433289.5, 436896.5 ], [ 433289.5, 436896.25 ], [ 433289.75, 436896.25 ], [ 433289.75, 436896.5 ], [ 433291.75, 436896.5 ], [ 433291.75, 436896.75 ], [ 433293.25, 436896.75 ], [ 433293.25, 436897.0 ], [ 433294.0, 436897.0 ], [ 433294.0, 436897.25 ], [ 433294.75, 436897.25 ], [ 433294.75, 436897.5 ], [ 433295.0, 436897.5 ], [ 433295.0, 436897.75 ], [ 433295.25, 436897.75 ], [ 433295.25, 436898.0 ], [ 433295.5, 436898.0 ], [ 433295.5, 436898.25 ], [ 433295.75, 436898.25 ], [ 433295.75, 436898.5 ], [ 433296.25, 436898.5 ], [ 433296.25, 436898.75 ], [ 433296.5, 436898.75 ], [ 433296.5, 436899.0 ], [ 433296.75, 436899.0 ], [ 433296.75, 436899.25 ], [ 433297.25, 436899.25 ], [ 433297.25, 436899.5 ], [ 433297.75, 436899.5 ], [ 433297.75, 436899.75 ], [ 433298.0, 436899.75 ], [ 433298.0, 436900.0 ], [ 433298.5, 436900.0 ], [ 433298.5, 436900.25 ], [ 433299.0, 436900.25 ], [ 433299.0, 436900.5 ], [ 433299.5, 436900.5 ], [ 433299.5, 436900.75 ], [ 433299.75, 436900.75 ], [ 433299.75, 436901.0 ], [ 433300.25, 436901.0 ], [ 433300.25, 436901.25 ], [ 433300.75, 436901.25 ], [ 433300.75, 436901.5 ], [ 433301.0, 436901.5 ], [ 433301.0, 436901.75 ], [ 433301.25, 436901.75 ], [ 433301.25, 436902.0 ], [ 433301.5, 436902.0 ], [ 433301.5, 436902.25 ], [ 433301.75, 436902.25 ], [ 433301.75, 436902.5 ], [ 433302.25, 436902.5 ], [ 433302.25, 436902.75 ], [ 433302.5, 436902.75 ], [ 433302.5, 436903.0 ], [ 433302.75, 436903.0 ], [ 433302.75, 436903.25 ], [ 433303.0, 436903.25 ], [ 433303.0, 436903.5 ], [ 433303.25, 436903.5 ], [ 433303.25, 436903.75 ], [ 433303.5, 436903.75 ], [ 433303.5, 436904.0 ], [ 433303.75, 436904.0 ], [ 433303.75, 436904.25 ], [ 433304.25, 436904.25 ], [ 433304.25, 436904.5 ], [ 433304.5, 436904.5 ], [ 433304.5, 436904.75 ], [ 433304.75, 436904.75 ], [ 433304.75, 436905.0 ], [ 433305.0, 436905.0 ], [ 433305.0, 436905.25 ], [ 433305.25, 436905.25 ], [ 433305.25, 436905.5 ], [ 433305.5, 436905.5 ], [ 433305.5, 436906.0 ], [ 433305.75, 436906.0 ], [ 433305.75, 436906.5 ], [ 433306.0, 436906.5 ], [ 433306.0, 436910.75 ], [ 433305.75, 436910.75 ], [ 433305.75, 436912.5 ], [ 433305.5, 436912.5 ], [ 433305.5, 436913.5 ], [ 433305.25, 436913.5 ], [ 433305.25, 436913.75 ], [ 433305.0, 436913.75 ], [ 433305.0, 436914.0 ], [ 433304.75, 436914.0 ], [ 433304.75, 436914.25 ], [ 433304.5, 436914.25 ], [ 433304.5, 436914.5 ], [ 433304.25, 436914.5 ], [ 433304.25, 436914.75 ], [ 433304.0, 436914.75 ], [ 433304.0, 436915.0 ], [ 433303.75, 436915.0 ], [ 433303.75, 436915.25 ], [ 433303.25, 436915.25 ], [ 433303.25, 436915.5 ], [ 433303.0, 436915.5 ], [ 433303.0, 436915.75 ], [ 433302.75, 436915.75 ], [ 433302.75, 436916.25 ], [ 433302.5, 436916.25 ], [ 433302.5, 436916.5 ], [ 433302.0, 436916.5 ], [ 433302.0, 436916.75 ], [ 433301.5, 436916.75 ], [ 433301.5, 436917.0 ], [ 433300.5, 436917.0 ], [ 433300.5, 436917.25 ], [ 433298.0, 436917.25 ] ] ] } },
{ "type": "Feature", "properties": { }, "geometry": { "type": "Polygon", "coordinates": [ [ [ 433973.25, 436891.75 ], [ 433973.25, 436891.25 ], [ 433973.75, 436891.25 ], [ 433973.75, 436891.75 ], [ 433973.25, 436891.75 ] ] ] } },
{ "type": "Feature", "properties": { }, "geometry": { "type": "Polygon", "coordinates": [ [ [ 433981.25, 436948.0 ], [ 433981.25, 436947.75 ], [ 433980.75, 436947.75 ], [ 433980.75, 436947.5 ], [ 433980.25, 436947.5 ], [ 433980.25, 436947.25 ], [ 433980.0, 436947.25 ], [ 433980.0, 436947.0 ], [ 433979.75, 436947.0 ], [ 433979.75, 436946.75 ], [ 433979.5, 436946.75 ], [ 433979.5, 436946.5 ], [ 433979.25, 436946.5 ], [ 433979.25, 436946.0 ], [ 433979.0, 436946.0 ], [ 433979.0, 436945.25 ], [ 433978.75, 436945.25 ], [ 433978.75, 436944.75 ], [ 433978.5, 436944.75 ], [ 433978.5, 436944.0 ], [ 433978.25, 436944.0 ], [ 433978.25, 436943.25 ], [ 433978.0, 436943.25 ], [ 433978.0, 436942.75 ], [ 433977.75, 436942.75 ], [ 433977.75, 436942.25 ], [ 433977.5, 436942.25 ], [ 433977.5, 436941.0 ], [ 433977.25, 436941.0 ], [ 433977.25, 436940.0 ], [ 433977.0, 436940.0 ], [ 433977.0, 436939.0 ], [ 433976.75, 436939.0 ], [ 433976.75, 436937.75 ], [ 433976.5, 436937.75 ], [ 433976.5, 436937.25 ], [ 433976.25, 436937.25 ], [ 433976.25, 436936.25 ], [ 433976.0, 436936.25 ], [ 433976.0, 436935.25 ], [ 433975.75, 436935.25 ], [ 433975.75, 436934.5 ], [ 433975.5, 436934.5 ], [ 433975.5, 436934.25 ], [ 433975.25, 436934.25 ], [ 433975.25, 436933.5 ], [ 433975.0, 436933.5 ], [ 433975.0, 436933.25 ], [ 433974.75, 436933.25 ], [ 433974.75, 436933.0 ], [ 433974.5, 436933.0 ], [ 433974.5, 436932.75 ], [ 433974.25, 436932.75 ], [ 433974.25, 436932.5 ], [ 433974.0, 436932.5 ], [ 433974.0, 436932.0 ], [ 433973.75, 436932.0 ], [ 433973.75, 436931.75 ], [ 433973.5, 436931.75 ], [ 433973.5, 436931.25 ], [ 433973.25, 436931.25 ], [ 433973.25, 436931.0 ], [ 433973.0, 436931.0 ], [ 433973.0, 436930.5 ], [ 433972.75, 436930.5 ], [ 433972.75, 436930.0 ], [ 433972.5, 436930.0 ], [ 433972.5, 436929.5 ], [ 433972.25, 436929.5 ], [ 433972.25, 436929.0 ], [ 433972.0, 436929.0 ], [ 433972.0, 436928.25 ], [ 433971.75, 436928.25 ], [ 433971.75, 436928.0 ], [ 433971.5, 436928.0 ], [ 433971.5, 436927.5 ], [ 433971.25, 436927.5 ], [ 433971.25, 436927.25 ], [ 433971.0, 436927.25 ], [ 433971.0, 436927.0 ], [ 433970.75, 436927.0 ], [ 433970.75, 436926.75 ], [ 433970.5, 436926.75 ], [ 433970.5, 436926.25 ], [ 433970.25, 436926.25 ], [ 433970.25, 436926.0 ], [ 433970.0, 436926.0 ], [ 433970.0, 436925.5 ], [ 433969.75, 436925.5 ], [ 433969.75, 436925.25 ], [ 433969.5, 436925.25 ], [ 433969.5, 436924.5 ], [ 433969.25, 436924.5 ], [ 433969.25, 436924.25 ], [ 433969.0, 436924.25 ], [ 433969.0, 436923.5 ], [ 433968.75, 436923.5 ], [ 433968.75, 436922.75 ], [ 433968.5, 436922.75 ], [ 433968.5, 436922.25 ], [ 433968.25, 436922.25 ], [ 433968.25, 436922.0 ], [ 433968.0, 436922.0 ], [ 433968.0, 436921.5 ], [ 433967.75, 436921.5 ], [ 433967.75, 436920.5 ], [ 433967.5, 436920.5 ], [ 433967.5, 436920.0 ], [ 433967.25, 436920.0 ], [ 433967.25, 436919.5 ], [ 433967.0, 436919.5 ], [ 433967.0, 436919.25 ], [ 433967.25, 436919.25 ], [ 433967.25, 436918.5 ], [ 433967.0, 436918.5 ], [ 433967.0, 436918.0 ], [ 433966.75, 436918.0 ], [ 433966.75, 436917.75 ], [ 433966.5, 436917.75 ], [ 433966.5, 436917.25 ], [ 433966.25, 436917.25 ], [ 433966.25, 436917.0 ], [ 433966.0, 436917.0 ], [ 433966.0, 436916.5 ], [ 433965.75, 436916.5 ], [ 433965.75, 436916.25 ], [ 433965.5, 436916.25 ], [ 433965.5, 436915.75 ], [ 433965.25, 436915.75 ], [ 433965.25, 436915.25 ], [ 433965.0, 436915.25 ], [ 433965.0, 436914.75 ], [ 433964.75, 436914.75 ], [ 433964.75, 436914.0 ], [ 433964.5, 436914.0 ], [ 433964.5, 436913.0 ], [ 433964.25, 436913.0 ], [ 433964.25, 436912.0 ], [ 433964.0, 436912.0 ], [ 433964.0, 436911.5 ], [ 433963.75, 436911.5 ], [ 433963.75, 436911.25 ], [ 433963.5, 436911.25 ], [ 433963.5, 436911.0 ], [ 433963.25, 436911.0 ], [ 433963.25, 436910.75 ], [ 433963.0, 436910.75 ], [ 433963.0, 436910.5 ], [ 433962.75, 436910.5 ], [ 433962.75, 436910.25 ], [ 433962.5, 436910.25 ], [ 433962.5, 436909.75 ], [ 433962.25, 436909.75 ], [ 433962.25, 436909.5 ], [ 433962.0, 436909.5 ], [ 433962.0, 436908.75 ], [ 433961.75, 436908.75 ], [ 433961.75, 436908.25 ], [ 433961.5, 436908.25 ], [ 433961.5, 436907.75 ], [ 433961.25, 436907.75 ], [ 433961.25, 436907.25 ], [ 433961.0, 436907.25 ], [ 433961.0, 436906.25 ], [ 433960.75, 436906.25 ], [ 433960.75, 436905.5 ], [ 433960.5, 436905.5 ], [ 433960.5, 436905.0 ], [ 433960.25, 436905.0 ], [ 433960.25, 436903.5 ], [ 433960.0, 436903.5 ], [ 433960.0, 436903.0 ], [ 433959.75, 436903.0 ], [ 433959.75, 436902.75 ], [ 433959.5, 436902.75 ], [ 433959.5, 436902.5 ], [ 433959.25, 436902.5 ], [ 433959.25, 436902.0 ], [ 433959.0, 436902.0 ], [ 433959.0, 436901.5 ], [ 433958.75, 436901.5 ], [ 433958.75, 436901.25 ], [ 433958.5, 436901.25 ], [ 433958.5, 436901.0 ], [ 433958.25, 436901.0 ], [ 433958.25, 436900.75 ], [ 433958.0, 436900.75 ], [ 433958.0, 436900.25 ], [ 433957.75, 436900.25 ], [ 433957.75, 436900.0 ], [ 433957.5, 436900.0 ], [ 433957.5, 436899.5 ], [ 433957.25, 436899.5 ], [ 433957.25, 436899.0 ], [ 433957.0, 436899.0 ], [ 433957.0, 436898.5 ], [ 433956.75, 436898.5 ], [ 433956.75, 436898.0 ], [ 433956.5, 436898.0 ], [ 433956.5, 436897.5 ], [ 433956.25, 436897.5 ], [ 433956.25, 436897.0 ], [ 433956.0, 436897.0 ], [ 433956.0, 436896.0 ], [ 433955.75, 436896.0 ], [ 433955.75, 436895.0 ], [ 433955.5, 436895.0 ], [ 433955.5, 436894.0 ], [ 433955.25, 436894.0 ], [ 433955.25, 436892.25 ], [ 433955.5, 436892.25 ], [ 433955.5, 436892.0 ], [ 433955.75, 436892.0 ], [ 433955.75, 436891.5 ], [ 433956.0, 436891.5 ], [ 433956.0, 436891.25 ], [ 433956.25, 436891.25 ], [ 433956.25, 436890.75 ], [ 433956.5, 436890.75 ], [ 433956.5, 436890.5 ], [ 433956.75, 436890.5 ], [ 433956.75, 436890.25 ], [ 433957.0, 436890.25 ], [ 433957.0, 436890.0 ], [ 433957.5, 436890.0 ], [ 433957.5, 436889.75 ], [ 433958.5, 436889.75 ], [ 433958.5, 436889.5 ], [ 433960.5, 436889.5 ], [ 433960.5, 436889.25 ], [ 433962.5, 436889.25 ], [ 433962.5, 436889.0 ], [ 433963.75, 436889.0 ], [ 433963.75, 436888.75 ], [ 433964.75, 436888.75 ], [ 433964.75, 436888.5 ], [ 433965.25, 436888.5 ], [ 433965.25, 436888.25 ], [ 433968.5, 436888.25 ], [ 433968.5, 436888.0 ], [ 433970.25, 436888.0 ], [ 433970.25, 436889.0 ], [ 433970.5, 436889.0 ], [ 433970.5, 436889.75 ], [ 433970.75, 436889.75 ], [ 433970.75, 436890.25 ], [ 433971.0, 436890.25 ], [ 433971.0, 436891.25 ], [ 433971.25, 436891.25 ], [ 433971.25, 436891.75 ], [ 433971.5, 436891.75 ], [ 433971.5, 436892.0 ], [ 433971.75, 436892.0 ], [ 433971.75, 436892.5 ], [ 433972.0, 436892.5 ], [ 433972.0, 436892.75 ], [ 433972.25, 436892.75 ], [ 433972.25, 436893.25 ], [ 433974.25, 436893.25 ], [ 433974.25, 436893.5 ], [ 433974.5, 436893.5 ], [ 433974.5, 436893.75 ], [ 433974.25, 436893.75 ], [ 433974.25, 436894.0 ], [ 433974.0, 436894.0 ], [ 433974.0, 436894.75 ], [ 433974.25, 436894.75 ], [ 433974.25, 436895.25 ], [ 433974.5, 436895.25 ], [ 433974.5, 436896.0 ], [ 433974.75, 436896.0 ], [ 433974.75, 436896.5 ], [ 433975.0, 436896.5 ], [ 433975.0, 436897.0 ], [ 433975.25, 436897.0 ], [ 433975.25, 436898.75 ], [ 433975.5, 436898.75 ], [ 433975.5, 436899.0 ], [ 433975.75, 436899.0 ], [ 433975.75, 436899.25 ], [ 433976.0, 436899.25 ], [ 433976.0, 436899.5 ], [ 433976.25, 436899.5 ], [ 433976.25, 436900.0 ], [ 433976.5, 436900.0 ], [ 433976.5, 436900.5 ], [ 433976.75, 436900.5 ], [ 433976.75, 436900.75 ], [ 433977.25, 436900.75 ], [ 433977.25, 436901.5 ], [ 433977.5, 436901.5 ], [ 433977.5, 436903.0 ], [ 433977.75, 436903.0 ], [ 433977.75, 436904.0 ], [ 433978.0, 436904.0 ], [ 433978.0, 436905.0 ], [ 433978.25, 436905.0 ], [ 433978.25, 436906.25 ], [ 433978.5, 436906.25 ], [ 433978.5, 436906.75 ], [ 433977.75, 436906.75 ], [ 433977.75, 436907.0 ], [ 433977.25, 436907.0 ], [ 433977.25, 436906.75 ], [ 433976.75, 436906.75 ], [ 433976.75, 436906.25 ], [ 433976.5, 436906.25 ], [ 433976.5, 436905.75 ], [ 433976.25, 436905.75 ], [ 433976.25, 436905.5 ], [ 433976.0, 436905.5 ], [ 433976.0, 436905.25 ], [ 433975.25, 436905.25 ], [ 433975.25, 436905.0 ], [ 433975.0, 436905.0 ], [ 433975.0, 436904.75 ], [ 433974.75, 436904.75 ], [ 433974.75, 436904.25 ], [ 433973.75, 436904.25 ], [ 433973.75, 436904.5 ], [ 433972.5, 436904.5 ], [ 433972.5, 436904.75 ], [ 433972.25, 436904.75 ], [ 433972.25, 436905.0 ], [ 433972.0, 436905.0 ], [ 433972.0, 436905.5 ], [ 433971.75, 436905.5 ], [ 433971.75, 436905.75 ], [ 433971.5, 436905.75 ], [ 433971.5, 436906.0 ], [ 433971.0, 436906.0 ], [ 433971.0, 436906.25 ], [ 433970.75, 436906.25 ], [ 433970.75, 436906.5 ], [ 433970.5, 436906.5 ], [ 433970.5, 436906.75 ], [ 433970.25, 436906.75 ], [ 433970.25, 436907.0 ], [ 433970.0, 436907.0 ], [ 433970.0, 436907.25 ], [ 433969.5, 436907.25 ], [ 433969.5, 436907.5 ], [ 433968.25, 436907.5 ], [ 433968.25, 436907.25 ], [ 433967.25, 436907.25 ], [ 433967.25, 436907.5 ], [ 433967.0, 436907.5 ], [ 433967.0, 436908.25 ], [ 433966.75, 436908.25 ], [ 433966.75, 436908.75 ], [ 433967.0, 436908.75 ], [ 433967.0, 436910.0 ], [ 433966.75, 436910.0 ], [ 433966.75, 436911.25 ], [ 433967.0, 436911.25 ], [ 433967.0, 436912.0 ], [ 433967.25, 436912.0 ], [ 433967.25, 436913.5 ], [ 433967.5, 436913.5 ], [ 433967.5, 436914.5 ], [ 433967.75, 436914.5 ], [ 433967.75, 436914.75 ], [ 433968.0, 436914.75 ], [ 433968.0, 436915.0 ], [ 433968.25, 436915.0 ], [ 433968.25, 436915.5 ], [ 433968.5, 436915.5 ], [ 433968.5, 436915.75 ], [ 433968.75, 436915.75 ], [ 433968.75, 436916.0 ], [ 433969.75, 436916.0 ], [ 433969.75, 436916.25 ], [ 433972.5, 436916.25 ], [ 433972.5, 436916.0 ], [ 433973.25, 436916.0 ], [ 433973.25, 436915.75 ], [ 433973.5, 436915.75 ], [ 433973.5, 436915.5 ], [ 433973.75, 436915.5 ], [ 433973.75, 436915.25 ], [ 433974.0, 436915.25 ], [ 433974.0, 436915.0 ], [ 433974.25, 436915.0 ], [ 433974.25, 436914.75 ], [ 433974.75, 436914.75 ], [ 433974.75, 436914.5 ], [ 433975.0, 436914.5 ], [ 433975.0, 436914.25 ], [ 433975.25, 436914.25 ], [ 433975.25, 436913.75 ], [ 433975.5, 436913.75 ], [ 433975.5, 436913.5 ], [ 433975.75, 436913.5 ], [ 433975.75, 436914.75 ], [ 433976.0, 436914.75 ], [ 433976.0, 436915.0 ], [ 433976.75, 436915.0 ], [ 433976.75, 436914.75 ], [ 433977.0, 436914.75 ], [ 433977.0, 436913.5 ], [ 433976.75, 436913.5 ], [ 433976.75, 436912.75 ], [ 433976.5, 436912.75 ], [ 433976.5, 436912.5 ], [ 433976.25, 436912.5 ], [ 433976.25, 436911.75 ], [ 433976.5, 436911.75 ], [ 433976.5, 436911.5 ], [ 433976.75, 436911.5 ], [ 433976.75, 436911.75 ], [ 433977.5, 436911.75 ], [ 433977.5, 436912.0 ], [ 433978.0, 436912.0 ], [ 433978.0, 436912.25 ], [ 433978.25, 436912.25 ], [ 433978.25, 436912.5 ], [ 433978.5, 436912.5 ], [ 433978.5, 436912.25 ], [ 433978.75, 436912.25 ], [ 433978.75, 436912.0 ], [ 433979.0, 436912.0 ], [ 433979.0, 436911.5 ], [ 433979.25, 436911.5 ], [ 433979.25, 436911.0 ], [ 433980.5, 436911.0 ], [ 433980.5, 436911.25 ], [ 433981.0, 436911.25 ], [ 433981.0, 436911.5 ], [ 433981.75, 436911.5 ], [ 433981.75, 436911.25 ], [ 433983.0, 436911.25 ], [ 433983.0, 436911.0 ], [ 433983.75, 436911.0 ], [ 433983.75, 436910.75 ], [ 433984.0, 436910.75 ], [ 433984.0, 436910.5 ], [ 433984.5, 436910.5 ], [ 433984.5, 436910.25 ], [ 433984.75, 436910.25 ], [ 433984.75, 436910.5 ], [ 433986.75, 436910.5 ], [ 433986.75, 436911.25 ], [ 433987.0, 436911.25 ], [ 433987.0, 436911.75 ], [ 433987.25, 436911.75 ], [ 433987.25, 436912.0 ], [ 433987.5, 436912.0 ], [ 433987.5, 436912.5 ], [ 433987.75, 436912.5 ], [ 433987.75, 436912.75 ], [ 433988.25, 436912.75 ], [ 433988.25, 436913.25 ], [ 433988.5, 436913.25 ], [ 433988.5, 436913.5 ], [ 433988.75, 436913.5 ], [ 433988.75, 436913.75 ], [ 433989.0, 436913.75 ], [ 433989.0, 436914.0 ], [ 433989.25, 436914.0 ], [ 433989.25, 436914.5 ], [ 433989.5, 436914.5 ], [ 433989.5, 436915.5 ], [ 433989.75, 436915.5 ], [ 433989.75, 436916.5 ], [ 433990.0, 436916.5 ], [ 433990.0, 436917.5 ], [ 433990.25, 436917.5 ], [ 433990.25, 436919.75 ], [ 433990.0, 436919.75 ], [ 433990.0, 436920.0 ], [ 433989.75, 436920.0 ], [ 433989.75, 436920.5 ], [ 433989.5, 436920.5 ], [ 433989.5, 436920.75 ], [ 433989.25, 436920.75 ], [ 433989.25, 436921.0 ], [ 433988.75, 436921.0 ], [ 433988.75, 436921.25 ], [ 433988.5, 436921.25 ], [ 433988.5, 436921.5 ], [ 433988.25, 436921.5 ], [ 433988.25, 436922.25 ], [ 433988.0, 436922.25 ], [ 433988.0, 436922.5 ], [ 433988.25, 436922.5 ], [ 433988.25, 436923.0 ], [ 433988.5, 436923.0 ], [ 433988.5, 436923.25 ], [ 433988.75, 436923.25 ], [ 433988.75, 436923.5 ], [ 433989.0, 436923.5 ], [ 433989.0, 436923.75 ], [ 433989.25, 436923.75 ], [ 433989.25, 436924.25 ], [ 433990.0, 436924.25 ], [ 433990.0, 436924.0 ], [ 433990.75, 436924.0 ], [ 433990.75, 436923.75 ], [ 433991.0, 436923.75 ], [ 433991.0, 436923.5 ], [ 433991.5, 436923.5 ], [ 433991.5, 436923.25 ], [ 433992.0, 436923.25 ], [ 433992.0, 436923.0 ], [ 433992.5, 436923.0 ], [ 433992.5, 436923.25 ], [ 433992.75, 436923.25 ], [ 433992.75, 436923.75 ], [ 433992.5, 436923.75 ], [ 433992.5, 436924.0 ], [ 433992.25, 436924.0 ], [ 433992.25, 436924.25 ], [ 433992.0, 436924.25 ], [ 433992.0, 436924.75 ], [ 433991.75, 436924.75 ], [ 433991.75, 436925.25 ], [ 433991.5, 436925.25 ], [ 433991.5, 436925.75 ], [ 433991.25, 436925.75 ], [ 433991.25, 436926.25 ], [ 433991.0, 436926.25 ], [ 433991.0, 436926.75 ], [ 433990.75, 436926.75 ], [ 433990.75, 436927.0 ], [ 433990.5, 436927.0 ], [ 433990.5, 436927.75 ], [ 433990.25, 436927.75 ], [ 433990.25, 436930.0 ], [ 433990.5, 436930.0 ], [ 433990.5, 436933.0 ], [ 433990.75, 436933.0 ], [ 433990.75, 436933.5 ], [ 433991.0, 436933.5 ], [ 433991.0, 436934.5 ], [ 433990.75, 436934.5 ], [ 433990.75, 436934.75 ], [ 433990.25, 436934.75 ], [ 433990.25, 436934.5 ], [ 433990.0, 436934.5 ], [ 433990.0, 436934.25 ], [ 433989.75, 436934.25 ], [ 433989.75, 436933.5 ], [ 433989.25, 436933.5 ], [ 433989.25, 436934.75 ], [ 433989.0, 436934.75 ], [ 433989.0, 436935.25 ], [ 433988.5, 436935.25 ], [ 433988.5, 436937.0 ], [ 433988.25, 436937.0 ], [ 433988.25, 436937.75 ], [ 433988.5, 436937.75 ], [ 433988.5, 436938.25 ], [ 433988.75, 436938.25 ], [ 433988.75, 436938.5 ], [ 433989.0, 436938.5 ], [ 433989.0, 436938.75 ], [ 433989.5, 436938.75 ], [ 433989.5, 436939.0 ], [ 433990.25, 436939.0 ], [ 433990.25, 436939.25 ], [ 433991.0, 436939.25 ], [ 433991.0, 436939.5 ], [ 433991.75, 436939.5 ], [ 433991.75, 436939.75 ], [ 433992.25, 436939.75 ], [ 433992.25, 436940.0 ], [ 433992.5, 436940.0 ], [ 433992.5, 436940.25 ], [ 433993.5, 436940.25 ], [ 433993.5, 436940.5 ], [ 433993.75, 436940.5 ], [ 433993.75, 436941.75 ], [ 433993.25, 436941.75 ], [ 433993.25, 436942.0 ], [ 433993.0, 436942.0 ], [ 433993.0, 436942.25 ], [ 433992.75, 436942.25 ], [ 433992.75, 436942.5 ], [ 433992.5, 436942.5 ], [ 433992.5, 436942.75 ], [ 433992.0, 436942.75 ], [ 433992.0, 436943.0 ], [ 433991.75, 436943.0 ], [ 433991.75, 436943.25 ], [ 433991.5, 436943.25 ], [ 433991.5, 436943.5 ], [ 433991.0, 436943.5 ], [ 433991.0, 436943.75 ], [ 433990.75, 436943.75 ], [ 433990.75, 436944.0 ], [ 433990.5, 436944.0 ], [ 433990.5, 436944.25 ], [ 433990.25, 436944.25 ], [ 433990.25, 436944.5 ], [ 433990.0, 436944.5 ], [ 433990.0, 436944.75 ], [ 433989.5, 436944.75 ], [ 433989.5, 436945.0 ], [ 433989.25, 436945.0 ], [ 433989.25, 436945.25 ], [ 433989.0, 436945.25 ], [ 433989.0, 436945.5 ], [ 433988.75, 436945.5 ], [ 433988.75, 436945.75 ], [ 433988.5, 436945.75 ], [ 433988.5, 436946.0 ], [ 433988.25, 436946.0 ], [ 433988.25, 436946.25 ], [ 433988.0, 436946.25 ], [ 433988.0, 436946.5 ], [ 433987.5, 436946.5 ], [ 433987.5, 436946.75 ], [ 433987.0, 436946.75 ], [ 433987.0, 436947.0 ], [ 433986.5, 436947.0 ], [ 433986.5, 436947.25 ], [ 433986.0, 436947.25 ], [ 433986.0, 436947.5 ], [ 433985.0, 436947.5 ], [ 433985.0, 436947.75 ], [ 433983.25, 436947.75 ], [ 433983.25, 436948.0 ], [ 433981.25, 436948.0 ] ], [ [ 433981.5, 436922.0 ], [ 433981.75, 436922.0 ], [ 433981.75, 436921.75 ], [ 433982.25, 436921.75 ], [ 433982.25, 436921.25 ], [ 433982.0, 436921.25 ], [ 433982.0, 436920.75 ], [ 433981.75, 436920.75 ], [ 433981.75, 436920.25 ], [ 433981.25, 436920.25 ], [ 433981.25, 436921.75 ], [ 433981.5, 436921.75 ], [ 433981.5, 436922.0 ] ], [ [ 433965.25, 436902.75 ], [ 433966.25, 436902.75 ], [ 433966.25, 436902.25 ], [ 433965.75, 436902.25 ], [ 433965.75, 436902.0 ], [ 433965.5, 436902.0 ], [ 433965.5, 436902.25 ], [ 433965.25, 436902.25 ], [ 433965.25, 436902.75 ] ] ] } },
{ "type": "Feature", "properties": { }, "geometry": { "type": "Polygon", "coordinates": [ [ [ 433970.5, 436887.75 ], [ 433970.5, 436887.5 ], [ 433971.0, 436887.5 ], [ 433971.0, 436887.25 ], [ 433971.5, 436887.25 ], [ 433971.5, 436887.75 ], [ 433970.5, 436887.75 ] ] ] } },
{ "type": "Feature", "properties": { }, "geometry": { "type": "Polygon", "coordinates": [ [ [ 433536.5, 436872.0 ], [ 433536.5, 436869.75 ], [ 433536.25, 436869.75 ], [ 433536.25, 436869.0 ], [ 433536.0, 436869.0 ], [ 433536.0, 436867.75 ], [ 433536.25, 436867.75 ], [ 433536.25, 436865.75 ], [ 433536.5, 436865.75 ], [ 433536.5, 436865.25 ], [ 433536.75, 436865.25 ], [ 433536.75, 436864.75 ], [ 433537.0, 436864.75 ], [ 433537.0, 436863.75 ], [ 433537.25, 436863.75 ], [ 433537.25, 436863.0 ], [ 433537.5, 436863.0 ], [ 433537.5, 436862.25 ], [ 433537.75, 436862.25 ], [ 433537.75, 436861.5 ], [ 433538.0, 436861.5 ], [ 433538.0, 436861.25 ], [ 433538.25, 436861.25 ], [ 433538.25, 436861.0 ], [ 433538.5, 436861.0 ], [ 433538.5, 436860.75 ], [ 433538.75, 436860.75 ], [ 433538.75, 436860.5 ], [ 433539.25, 436860.5 ], [ 433539.25, 436860.25 ], [ 433539.75, 436860.25 ], [ 433539.75, 436860.0 ], [ 433540.25, 436860.0 ], [ 433540.25, 436859.75 ], [ 433540.75, 436859.75 ], [ 433540.75, 436859.5 ], [ 433542.0, 436859.5 ], [ 433542.0, 436859.75 ], [ 433542.5, 436859.75 ], [ 433542.5, 436860.0 ], [ 433542.75, 436860.0 ], [ 433542.75, 436860.25 ], [ 433543.0, 436860.25 ], [ 433543.0, 436860.5 ], [ 433543.25, 436860.5 ], [ 433543.25, 436860.75 ], [ 433543.5, 436860.75 ], [ 433543.5, 436861.0 ], [ 433543.75, 436861.0 ], [ 433543.75, 436861.25 ], [ 433544.0, 436861.25 ], [ 433544.0, 436861.5 ], [ 433544.25, 436861.5 ], [ 433544.25, 436861.75 ], [ 433544.5, 436861.75 ], [ 433544.5, 436862.0 ], [ 433544.75, 436862.0 ], [ 433544.75, 436862.25 ], [ 433545.0, 436862.25 ], [ 433545.0, 436862.5 ], [ 433545.25, 436862.5 ], [ 433545.25, 436862.75 ], [ 433545.5, 436862.75 ], [ 433545.5, 436863.25 ], [ 433545.75, 436863.25 ], [ 433545.75, 436863.5 ], [ 433546.0, 436863.5 ], [ 433546.0, 436863.75 ], [ 433546.25, 436863.75 ], [ 433546.25, 436864.0 ], [ 433546.5, 436864.0 ], [ 433546.5, 436864.25 ], [ 433546.75, 436864.25 ], [ 433546.75, 436864.75 ], [ 433547.0, 436864.75 ], [ 433547.0, 436865.25 ], [ 433547.25, 436865.25 ], [ 433547.25, 436865.5 ], [ 433547.5, 436865.5 ], [ 433547.5, 436865.75 ], [ 433547.75, 436865.75 ], [ 433547.75, 436866.25 ], [ 433548.0, 436866.25 ], [ 433548.0, 436866.5 ], [ 433548.25, 436866.5 ], [ 433548.25, 436867.0 ], [ 433548.5, 436867.0 ], [ 433548.5, 436867.5 ], [ 433548.75, 436867.5 ], [ 433548.75, 436868.0 ], [ 433549.0, 436868.0 ], [ 433549.0, 436868.25 ], [ 433549.25, 436868.25 ], [ 433549.25, 436868.75 ], [ 433549.5, 436868.75 ], [ 433549.5, 436869.25 ], [ 433549.75, 436869.25 ], [ 433549.75, 436870.5 ], [ 433550.0, 436870.5 ], [ 433550.0, 436871.0 ], [ 433549.75, 436871.0 ], [ 433549.75, 436872.0 ], [ 433536.5, 436872.0 ] ] ] } },
{ "type": "Feature", "properties": { }, "geometry": { "type": "Polygon", "coordinates": [ [ [ 433607.25, 436852.5 ], [ 433607.25, 436852.25 ], [ 433606.0, 436852.25 ], [ 433606.0, 436852.0 ], [ 433605.25, 436852.0 ], [ 433605.25, 436851.75 ], [ 433604.5, 436851.75 ], [ 433604.5, 436851.5 ], [ 433603.5, 436851.5 ], [ 433603.5, 436851.25 ], [ 433603.0, 436851.25 ], [ 433603.0, 436851.0 ], [ 433602.25, 436851.0 ], [ 433602.25, 436850.75 ], [ 433601.5, 436850.75 ], [ 433601.5, 436850.5 ], [ 433600.75, 436850.5 ], [ 433600.75, 436850.25 ], [ 433600.25, 436850.25 ], [ 433600.25, 436850.0 ], [ 433600.0, 436850.0 ], [ 433600.0, 436849.75 ], [ 433599.5, 436849.75 ], [ 433599.5, 436849.5 ], [ 433599.0, 436849.5 ], [ 433599.0, 436849.25 ], [ 433598.25, 436849.25 ], [ 433598.25, 436849.0 ], [ 433598.0, 436849.0 ], [ 433598.0, 436848.75 ], [ 433597.25, 436848.75 ], [ 433597.25, 436848.5 ], [ 433597.0, 436848.5 ], [ 433597.0, 436848.25 ], [ 433596.75, 436848.25 ], [ 433596.75, 436848.0 ], [ 433596.5, 436848.0 ], [ 433596.5, 436847.75 ], [ 433596.25, 436847.75 ], [ 433596.25, 436847.5 ], [ 433596.0, 436847.5 ], [ 433596.0, 436847.25 ], [ 433595.75, 436847.25 ], [ 433595.75, 436847.0 ], [ 433595.5, 436847.0 ], [ 433595.5, 436846.5 ], [ 433595.25, 436846.5 ], [ 433595.25, 436844.5 ], [ 433595.5, 436844.5 ], [ 433595.5, 436843.75 ], [ 433595.75, 436843.75 ], [ 433595.75, 436842.75 ], [ 433596.0, 436842.75 ], [ 433596.0, 436841.5 ], [ 433596.25, 436841.5 ], [ 433596.25, 436840.25 ], [ 433596.5, 436840.25 ], [ 433596.5, 436839.75 ], [ 433596.75, 436839.75 ], [ 433596.75, 436839.5 ], [ 433597.0, 436839.5 ], [ 433597.0, 436839.25 ], [ 433597.25, 436839.25 ], [ 433597.25, 436839.0 ], [ 433597.75, 436839.0 ], [ 433597.75, 436838.75 ], [ 433598.25, 436838.75 ], [ 433598.25, 436838.5 ], [ 433598.75, 436838.5 ], [ 433598.75, 436838.25 ], [ 433599.0, 436838.25 ], [ 433599.0, 436838.0 ], [ 433599.5, 436838.0 ], [ 433599.5, 436837.75 ], [ 433600.0, 436837.75 ], [ 433600.0, 436837.5 ], [ 433600.25, 436837.5 ], [ 433600.25, 436837.0 ], [ 433600.5, 436837.0 ], [ 433600.5, 436836.75 ], [ 433600.75, 436836.75 ], [ 433600.75, 436836.5 ], [ 433601.0, 436836.5 ], [ 433601.0, 436836.25 ], [ 433601.25, 436836.25 ], [ 433601.25, 436835.75 ], [ 433601.5, 436835.75 ], [ 433601.5, 436835.5 ], [ 433601.75, 436835.5 ], [ 433601.75, 436835.25 ], [ 433602.0, 436835.25 ], [ 433602.0, 436835.0 ], [ 433602.25, 436835.0 ], [ 433602.25, 436834.75 ], [ 433602.5, 436834.75 ], [ 433602.5, 436834.5 ], [ 433602.75, 436834.5 ], [ 433602.75, 436834.25 ], [ 433603.0, 436834.25 ], [ 433603.0, 436834.0 ], [ 433603.25, 436834.0 ], [ 433603.25, 436833.75 ], [ 433603.5, 436833.75 ], [ 433603.5, 436833.5 ], [ 433604.0, 436833.5 ], [ 433604.0, 436833.25 ], [ 433604.5, 436833.25 ], [ 433604.5, 436833.0 ], [ 433605.0, 436833.0 ], [ 433605.0, 436832.75 ], [ 433607.25, 436832.75 ], [ 433607.25, 436832.5 ], [ 433608.0, 436832.5 ], [ 433608.0, 436832.25 ], [ 433608.5, 436832.25 ], [ 433608.5, 436832.0 ], [ 433610.75, 436832.0 ], [ 433610.75, 436832.25 ], [ 433611.25, 436832.25 ], [ 433611.25, 436832.5 ], [ 433611.75, 436832.5 ], [ 433611.75, 436832.75 ], [ 433612.0, 436832.75 ], [ 433612.0, 436833.0 ], [ 433612.25, 436833.0 ], [ 433612.25, 436833.25 ], [ 433612.5, 436833.25 ], [ 433612.5, 436833.5 ], [ 433612.75, 436833.5 ], [ 433612.75, 436833.75 ], [ 433613.0, 436833.75 ], [ 433613.0, 436834.0 ], [ 433613.25, 436834.0 ], [ 433613.25, 436834.5 ], [ 433613.5, 436834.5 ], [ 433613.5, 436835.0 ], [ 433613.75, 436835.0 ], [ 433613.75, 436835.75 ], [ 433614.0, 436835.75 ], [ 433614.0, 436836.5 ], [ 433614.25, 436836.5 ], [ 433614.25, 436837.25 ], [ 433614.5, 436837.25 ], [ 433614.5, 436838.0 ], [ 433614.75, 436838.0 ], [ 433614.75, 436838.5 ], [ 433615.0, 436838.5 ], [ 433615.0, 436839.25 ], [ 433615.25, 436839.25 ], [ 433615.25, 436840.0 ], [ 433615.5, 436840.0 ], [ 433615.5, 436843.25 ], [ 433615.75, 436843.25 ], [ 433615.75, 436844.0 ], [ 433615.5, 436844.0 ], [ 433615.5, 436845.25 ], [ 433615.25, 436845.25 ], [ 433615.25, 436846.75 ], [ 433615.5, 436846.75 ], [ 433615.5, 436847.5 ], [ 433615.75, 436847.5 ], [ 433615.75, 436848.5 ], [ 433616.0, 436848.5 ], [ 433616.0, 436849.75 ], [ 433615.75, 436849.75 ], [ 433615.75, 436850.5 ], [ 433615.5, 436850.5 ], [ 433615.5, 436850.75 ], [ 433615.25, 436850.75 ], [ 433615.25, 436851.0 ], [ 433615.0, 436851.0 ], [ 433615.0, 436851.25 ], [ 433614.75, 436851.25 ], [ 433614.75, 436851.5 ], [ 433614.0, 436851.5 ], [ 433614.0, 436851.75 ], [ 433613.25, 436851.75 ], [ 433613.25, 436852.0 ], [ 433612.25, 436852.0 ], [ 433612.25, 436852.25 ], [ 433611.0, 436852.25 ], [ 433611.0, 436852.5 ], [ 433607.25, 436852.5 ] ] ] } },
{ "type": "Feature", "properties": { }, "geometry": { "type": "Polygon", "coordinates": [ [ [ 433494.25, 436832.5 ], [ 433494.25, 436832.25 ], [ 433494.0, 436832.25 ], [ 433494.0, 436832.0 ], [ 433493.75, 436832.0 ], [ 433493.75, 436831.75 ], [ 433493.5, 436831.75 ], [ 433493.5, 436831.5 ], [ 433493.25, 436831.5 ], [ 433493.25, 436830.75 ], [ 433493.0, 436830.75 ], [ 433493.0, 436830.0 ], [ 433492.75, 436830.0 ], [ 433492.75, 436829.25 ], [ 433492.5, 436829.25 ], [ 433492.5, 436828.5 ], [ 433492.25, 436828.5 ], [ 433492.25, 436827.25 ], [ 433492.0, 436827.25 ], [ 433492.0, 436818.25 ], [ 433492.25, 436818.25 ], [ 433492.25, 436817.0 ], [ 433492.5, 436817.0 ], [ 433492.5, 436816.5 ], [ 433492.75, 436816.5 ], [ 433492.75, 436816.0 ], [ 433493.0, 436816.0 ], [ 433493.0, 436815.5 ], [ 433493.25, 436815.5 ], [ 433493.25, 436815.25 ], [ 433493.75, 436815.25 ], [ 433493.75, 436815.0 ], [ 433497.5, 436815.0 ], [ 433497.5, 436815.25 ], [ 433500.5, 436815.25 ], [ 433500.5, 436815.5 ], [ 433504.0, 436815.5 ], [ 433504.0, 436815.75 ], [ 433506.0, 436815.75 ], [ 433506.0, 436816.0 ], [ 433508.25, 436816.0 ], [ 433508.25, 436816.25 ], [ 433512.0, 436816.25 ], [ 433512.0, 436829.25 ], [ 433508.0, 436829.25 ], [ 433508.0, 436829.0 ], [ 433506.0, 436829.0 ], [ 433506.0, 436829.25 ], [ 433505.25, 436829.25 ], [ 433505.25, 436829.5 ], [ 433505.0, 436829.5 ], [ 433505.0, 436829.75 ], [ 433504.5, 436829.75 ], [ 433504.5, 436830.0 ], [ 433504.0, 436830.0 ], [ 433504.0, 436830.25 ], [ 433503.5, 436830.25 ], [ 433503.5, 436830.5 ], [ 433502.75, 436830.5 ], [ 433502.75, 436830.75 ], [ 433501.75, 436830.75 ], [ 433501.75, 436831.0 ], [ 433500.25, 436831.0 ], [ 433500.25, 436831.25 ], [ 433499.0, 436831.25 ], [ 433499.0, 436831.5 ], [ 433498.25, 436831.5 ], [ 433498.25, 436831.75 ], [ 433497.0, 436831.75 ], [ 433497.0, 436832.0 ], [ 433496.0, 436832.0 ], [ 433496.0, 436832.25 ], [ 433495.25, 436832.25 ], [ 433495.25, 436832.5 ], [ 433494.25, 436832.5 ] ] ] } },
{ "type": "Feature", "properties": { }, "geometry": { "type": "Polygon", "coordinates": [ [ [ 433693.25, 436808.5 ], [ 433693.25, 436808.25 ], [ 433693.5, 436808.25 ], [ 433693.5, 436808.0 ], [ 433693.75, 436808.0 ], [ 433693.75, 436808.25 ], [ 433694.5, 436808.25 ], [ 433694.5, 436808.5 ], [ 433693.25, 436808.5 ] ] ] } },
{ "type": "Feature", "properties": { }, "geometry": { "type": "Polygon", "coordinates": [ [ [ 433696.0, 436807.0 ], [ 433696.0, 436806.75 ], [ 433695.75, 436806.75 ], [ 433695.75, 436806.5 ], [ 433695.5, 436806.5 ], [ 433695.5, 436806.25 ], [ 433695.0, 436806.25 ], [ 433695.0, 436806.0 ], [ 433694.75, 436806.0 ], [ 433694.75, 436805.5 ], [ 433694.5, 436805.5 ], [ 433694.5, 436805.25 ], [ 433694.75, 436805.25 ], [ 433694.75, 436804.5 ], [ 433695.0, 436804.5 ], [ 433695.0, 436804.25 ], [ 433695.25, 436804.25 ], [ 433695.25, 436804.0 ], [ 433695.75, 436804.0 ], [ 433695.75, 436803.75 ], [ 433696.0, 436803.75 ], [ 433696.0, 436803.5 ], [ 433696.25, 436803.5 ], [ 433696.25, 436803.0 ], [ 433696.5, 436803.0 ], [ 433696.5, 436802.75 ], [ 433696.75, 436802.75 ], [ 433696.75, 436801.75 ], [ 433697.0, 436801.75 ], [ 433697.0, 436801.0 ], [ 433697.25, 436801.0 ], [ 433697.25, 436800.75 ], [ 433697.5, 436800.75 ], [ 433697.5, 436801.5 ], [ 433697.75, 436801.5 ], [ 433697.75, 436802.25 ], [ 433698.0, 436802.25 ], [ 433698.0, 436804.25 ], [ 433698.25, 436804.25 ], [ 433698.25, 436805.0 ], [ 433698.0, 436805.0 ], [ 433698.0, 436806.25 ], [ 433697.75, 436806.25 ], [ 433697.75, 436806.75 ], [ 433697.5, 436806.75 ], [ 433697.5, 436807.0 ], [ 433696.0, 436807.0 ] ] ] } },
{ "type": "Feature", "properties": { }, "geometry": { "type": "Polygon", "coordinates": [ [ [ 433978.5, 436880.0 ], [ 433978.5, 436879.75 ], [ 433978.25, 436879.75 ], [ 433978.25, 436879.5 ], [ 433978.0, 436879.5 ], [ 433978.0, 436879.25 ], [ 433977.5, 436879.25 ], [ 433977.5, 436879.0 ], [ 433977.25, 436879.0 ], [ 433977.25, 436878.5 ], [ 433977.0, 436878.5 ], [ 433977.0, 436877.0 ], [ 433977.25, 436877.0 ], [ 433977.25, 436876.25 ], [ 433977.5, 436876.25 ], [ 433977.5, 436876.0 ], [ 433977.75, 436876.0 ], [ 433977.75, 436875.75 ], [ 433978.0, 436875.75 ], [ 433978.0, 436875.0 ], [ 433978.25, 436875.0 ], [ 433978.25, 436874.5 ], [ 433978.5, 436874.5 ], [ 433978.5, 436874.25 ], [ 433978.75, 436874.25 ], [ 433978.75, 436874.0 ], [ 433979.0, 436874.0 ], [ 433979.0, 436873.75 ], [ 433979.25, 436873.75 ], [ 433979.25, 436873.0 ], [ 433979.5, 436873.0 ], [ 433979.5, 436872.0 ], [ 433966.5, 436872.0 ], [ 433966.5, 436871.5 ], [ 433966.75, 436871.5 ], [ 433966.75, 436870.25 ], [ 433967.0, 436870.25 ], [ 433967.0, 436870.0 ], [ 433967.25, 436870.0 ], [ 433967.25, 436869.5 ], [ 433967.5, 436869.5 ], [ 433967.5, 436869.25 ], [ 433967.75, 436869.25 ], [ 433967.75, 436869.0 ], [ 433968.0, 436869.0 ], [ 433968.0, 436868.75 ], [ 433968.25, 436868.75 ], [ 433968.25, 436868.5 ], [ 433968.5, 436868.5 ], [ 433968.5, 436868.25 ], [ 433968.75, 436868.25 ], [ 433968.75, 436868.0 ], [ 433969.0, 436868.0 ], [ 433969.0, 436867.75 ], [ 433969.25, 436867.75 ], [ 433969.25, 436867.5 ], [ 433969.5, 436867.5 ], [ 433969.5, 436867.25 ], [ 433969.75, 436867.25 ], [ 433969.75, 436867.0 ], [ 433970.0, 436867.0 ], [ 433970.0, 436866.75 ], [ 433970.25, 436866.75 ], [ 433970.25, 436866.5 ], [ 433970.5, 436866.5 ], [ 433970.5, 436865.25 ], [ 433970.25, 436865.25 ], [ 433970.25, 436865.0 ], [ 433970.0, 436865.0 ], [ 433970.0, 436864.75 ], [ 433969.5, 436864.75 ], [ 433969.5, 436864.5 ], [ 433969.25, 436864.5 ], [ 433969.25, 436864.25 ], [ 433969.0, 436864.25 ], [ 433969.0, 436863.75 ], [ 433968.75, 436863.75 ], [ 433968.75, 436863.5 ], [ 433968.5, 436863.5 ], [ 433968.5, 436863.25 ], [ 433968.25, 436863.25 ], [ 433968.25, 436862.75 ], [ 433968.0, 436862.75 ], [ 433968.0, 436862.5 ], [ 433967.75, 436862.5 ], [ 433967.75, 436862.0 ], [ 433967.5, 436862.0 ], [ 433967.5, 436861.5 ], [ 433967.25, 436861.5 ], [ 433967.25, 436860.5 ], [ 433967.0, 436860.5 ], [ 433967.0, 436859.25 ], [ 433966.75, 436859.25 ], [ 433966.75, 436858.25 ], [ 433966.5, 436858.25 ], [ 433966.5, 436857.5 ], [ 433966.25, 436857.5 ], [ 433966.25, 436857.25 ], [ 433966.0, 436857.25 ], [ 433966.0, 436857.0 ], [ 433965.75, 436857.0 ], [ 433965.75, 436856.75 ], [ 433965.5, 436856.75 ], [ 433965.5, 436856.5 ], [ 433965.25, 436856.5 ], [ 433965.25, 436856.25 ], [ 433965.0, 436856.25 ], [ 433965.0, 436856.0 ], [ 433964.75, 436856.0 ], [ 433964.75, 436855.75 ], [ 433964.5, 436855.75 ], [ 433964.5, 436855.5 ], [ 433964.25, 436855.5 ], [ 433964.25, 436855.25 ], [ 433964.0, 436855.25 ], [ 433964.0, 436855.0 ], [ 433963.75, 436855.0 ], [ 433963.75, 436854.75 ], [ 433963.5, 436854.75 ], [ 433963.5, 436854.5 ], [ 433963.25, 436854.5 ], [ 433963.25, 436854.25 ], [ 433963.0, 436854.25 ], [ 433963.0, 436854.0 ], [ 433962.75, 436854.0 ], [ 433962.75, 436853.75 ], [ 433962.5, 436853.75 ], [ 433962.5, 436853.25 ], [ 433962.25, 436853.25 ], [ 433962.25, 436853.0 ], [ 433962.0, 436853.0 ], [ 433962.0, 436852.5 ], [ 433961.75, 436852.5 ], [ 433961.75, 436852.25 ], [ 433961.5, 436852.25 ], [ 433961.5, 436851.75 ], [ 433961.25, 436851.75 ], [ 433961.25, 436850.75 ], [ 433961.0, 436850.75 ], [ 433961.0, 436850.25 ], [ 433960.75, 436850.25 ], [ 433960.75, 436849.75 ], [ 433960.5, 436849.75 ], [ 433960.5, 436849.0 ], [ 433960.25, 436849.0 ], [ 433960.25, 436848.5 ], [ 433960.0, 436848.5 ], [ 433960.0, 436848.0 ], [ 433959.75, 436848.0 ], [ 433959.75, 436847.5 ], [ 433959.5, 436847.5 ], [ 433959.5, 436847.0 ], [ 433959.25, 436847.0 ], [ 433959.25, 436846.5 ], [ 433959.0, 436846.5 ], [ 433959.0, 436846.25 ], [ 433958.75, 436846.25 ], [ 433958.75, 436846.0 ], [ 433958.5, 436846.0 ], [ 433958.5, 436845.75 ], [ 433958.0, 436845.75 ], [ 433958.0, 436845.5 ], [ 433957.75, 436845.5 ], [ 433957.75, 436845.25 ], [ 433957.5, 436845.25 ], [ 433957.5, 436844.75 ], [ 433957.25, 436844.75 ], [ 433957.25, 436844.25 ], [ 433957.0, 436844.25 ], [ 433957.0, 436844.0 ], [ 433956.75, 436844.0 ], [ 433956.75, 436843.5 ], [ 433956.5, 436843.5 ], [ 433956.5, 436843.0 ], [ 433956.25, 436843.0 ], [ 433956.25, 436842.25 ], [ 433956.0, 436842.25 ], [ 433956.0, 436841.5 ], [ 433955.75, 436841.5 ], [ 433955.75, 436840.75 ], [ 433955.5, 436840.75 ], [ 433955.5, 436840.25 ], [ 433955.25, 436840.25 ], [ 433955.25, 436840.0 ], [ 433955.0, 436840.0 ], [ 433955.0, 436839.5 ], [ 433954.75, 436839.5 ], [ 433954.75, 436839.25 ], [ 433954.5, 436839.25 ], [ 433954.5, 436838.75 ], [ 433954.25, 436838.75 ], [ 433954.25, 436837.5 ], [ 433954.0, 436837.5 ], [ 433954.0, 436837.0 ], [ 433953.75, 436837.0 ], [ 433953.75, 436836.5 ], [ 433953.5, 436836.5 ], [ 433953.5, 436835.25 ], [ 433953.25, 436835.25 ], [ 433953.25, 436834.75 ], [ 433953.0, 436834.75 ], [ 433953.0, 436833.0 ], [ 433952.75, 436833.0 ], [ 433952.75, 436832.25 ], [ 433952.5, 436832.25 ], [ 433952.5, 436829.0 ], [ 433952.25, 436829.0 ], [ 433952.25, 436828.25 ], [ 433952.5, 436828.25 ], [ 433952.5, 436826.25 ], [ 433952.25, 436826.25 ], [ 433952.25, 436825.5 ], [ 433952.0, 436825.5 ], [ 433952.0, 436825.0 ], [ 433951.75, 436825.0 ], [ 433951.75, 436824.75 ], [ 433951.5, 436824.75 ], [ 433951.5, 436824.5 ], [ 433951.25, 436824.5 ], [ 433951.25, 436824.0 ], [ 433951.0, 436824.0 ], [ 433951.0, 436823.75 ], [ 433950.75, 436823.75 ], [ 433950.75, 436823.5 ], [ 433950.25, 436823.5 ], [ 433950.25, 436823.25 ], [ 433950.0, 436823.25 ], [ 433950.0, 436823.0 ], [ 433949.75, 436823.0 ], [ 433949.75, 436822.75 ], [ 433949.5, 436822.75 ], [ 433949.5, 436822.25 ], [ 433949.0, 436822.25 ], [ 433949.0, 436822.0 ], [ 433948.75, 436822.0 ], [ 433948.75, 436821.75 ], [ 433948.25, 436821.75 ], [ 433948.25, 436821.5 ], [ 433947.75, 436821.5 ], [ 433947.75, 436821.25 ], [ 433947.5, 436821.25 ], [ 433947.5, 436820.25 ], [ 433947.25, 436820.25 ], [ 433947.25, 436818.25 ], [ 433947.0, 436818.25 ], [ 433947.0, 436817.5 ], [ 433946.75, 436817.5 ], [ 433946.75, 436817.0 ], [ 433946.5, 436817.0 ], [ 433946.5, 436816.5 ], [ 433946.25, 436816.5 ], [ 433946.25, 436816.0 ], [ 433946.0, 436816.0 ], [ 433946.0, 436815.75 ], [ 433945.75, 436815.75 ], [ 433945.75, 436815.5 ], [ 433945.5, 436815.5 ], [ 433945.5, 436815.0 ], [ 433945.25, 436815.0 ], [ 433945.25, 436814.5 ], [ 433945.0, 436814.5 ], [ 433945.0, 436814.25 ], [ 433945.25, 436814.25 ], [ 433945.25, 436813.25 ], [ 433945.5, 436813.25 ], [ 433945.5, 436813.0 ], [ 433945.75, 436813.0 ], [ 433945.75, 436812.75 ], [ 433946.0, 436812.75 ], [ 433946.0, 436812.5 ], [ 433946.25, 436812.5 ], [ 433946.25, 436812.25 ], [ 433946.75, 436812.25 ], [ 433946.75, 436812.0 ], [ 433947.0, 436812.0 ], [ 433947.0, 436811.75 ], [ 433947.25, 436811.75 ], [ 433947.25, 436811.5 ], [ 433947.5, 436811.5 ], [ 433947.5, 436811.25 ], [ 433947.75, 436811.25 ], [ 433947.75, 436811.0 ], [ 433948.25, 436811.0 ], [ 433948.25, 436810.5 ], [ 433948.75, 436810.5 ], [ 433948.75, 436810.25 ], [ 433949.0, 436810.25 ], [ 433949.0, 436810.0 ], [ 433949.25, 436810.0 ], [ 433949.25, 436809.5 ], [ 433949.75, 436809.5 ], [ 433949.75, 436809.25 ], [ 433950.25, 436809.25 ], [ 433950.25, 436809.0 ], [ 433950.5, 436809.0 ], [ 433950.5, 436808.75 ], [ 433950.75, 436808.75 ], [ 433950.75, 436808.5 ], [ 433951.25, 436808.5 ], [ 433951.25, 436808.25 ], [ 433951.75, 436808.25 ], [ 433951.75, 436808.0 ], [ 433952.0, 436808.0 ], [ 433952.0, 436807.75 ], [ 433952.25, 436807.75 ], [ 433952.25, 436807.5 ], [ 433952.75, 436807.5 ], [ 433952.75, 436807.25 ], [ 433953.25, 436807.25 ], [ 433953.25, 436807.0 ], [ 433953.75, 436807.0 ], [ 433953.75, 436806.75 ], [ 433954.25, 436806.75 ], [ 433954.25, 436806.5 ], [ 433954.5, 436806.5 ], [ 433954.5, 436806.25 ], [ 433955.0, 436806.25 ], [ 433955.0, 436806.0 ], [ 433955.5, 436806.0 ], [ 433955.5, 436805.75 ], [ 433956.0, 436805.75 ], [ 433956.0, 436805.5 ], [ 433956.25, 436805.5 ], [ 433956.25, 436805.25 ], [ 433957.25, 436805.25 ], [ 433957.25, 436805.0 ], [ 433958.25, 436805.0 ], [ 433958.25, 436804.75 ], [ 433959.0, 436804.75 ], [ 433959.0, 436804.5 ], [ 433959.5, 436804.5 ], [ 433959.5, 436804.25 ], [ 433960.25, 436804.25 ], [ 433960.25, 436804.0 ], [ 433960.75, 436804.0 ], [ 433960.75, 436803.75 ], [ 433961.5, 436803.75 ], [ 433961.5, 436803.5 ], [ 433962.0, 436803.5 ], [ 433962.0, 436803.25 ], [ 433962.5, 436803.25 ], [ 433962.5, 436803.0 ], [ 433962.75, 436803.0 ], [ 433962.75, 436802.75 ], [ 433963.0, 436802.75 ], [ 433963.0, 436802.5 ], [ 433963.5, 436802.5 ], [ 433963.5, 436802.25 ], [ 433963.75, 436802.25 ], [ 433963.75, 436802.0 ], [ 433964.0, 436802.0 ], [ 433964.0, 436801.75 ], [ 433964.25, 436801.75 ], [ 433964.25, 436801.5 ], [ 433964.5, 436801.5 ], [ 433964.5, 436801.25 ], [ 433964.75, 436801.25 ], [ 433964.75, 436801.0 ], [ 433965.25, 436801.0 ], [ 433965.25, 436800.75 ], [ 433965.5, 436800.75 ], [ 433965.5, 436800.5 ], [ 433966.0, 436800.5 ], [ 433966.0, 436800.25 ], [ 433966.5, 436800.25 ], [ 433966.5, 436800.0 ], [ 433966.75, 436800.0 ], [ 433966.75, 436799.75 ], [ 433967.25, 436799.75 ], [ 433967.25, 436799.5 ], [ 433967.5, 436799.5 ], [ 433967.5, 436799.25 ], [ 433968.0, 436799.25 ], [ 433968.0, 436799.0 ], [ 433968.5, 436799.0 ], [ 433968.5, 436798.75 ], [ 433969.0, 436798.75 ], [ 433969.0, 436798.5 ], [ 433969.25, 436798.5 ], [ 433969.25, 436798.25 ], [ 433969.75, 436798.25 ], [ 433969.75, 436798.0 ], [ 433970.25, 436798.0 ], [ 433970.25, 436797.75 ], [ 433971.0, 436797.75 ], [ 433971.0, 436797.5 ], [ 433971.5, 436797.5 ], [ 433971.5, 436797.25 ], [ 433972.75, 436797.25 ], [ 433972.75, 436797.0 ], [ 433974.75, 436797.0 ], [ 433974.75, 436797.25 ], [ 433975.25, 436797.25 ], [ 433975.25, 436797.5 ], [ 433975.5, 436797.5 ], [ 433975.5, 436797.75 ], [ 433975.75, 436797.75 ], [ 433975.75, 436798.0 ], [ 433976.0, 436798.0 ], [ 433976.0, 436798.25 ], [ 433976.25, 436798.25 ], [ 433976.25, 436798.5 ], [ 433976.5, 436798.5 ], [ 433976.5, 436798.75 ], [ 433976.75, 436798.75 ], [ 433976.75, 436799.25 ], [ 433977.0, 436799.25 ], [ 433977.0, 436799.75 ], [ 433977.25, 436799.75 ], [ 433977.25, 436800.5 ], [ 433977.5, 436800.5 ], [ 433977.5, 436801.0 ], [ 433977.75, 436801.0 ], [ 433977.75, 436801.25 ], [ 433978.0, 436801.25 ], [ 433978.0, 436801.5 ], [ 433978.25, 436801.5 ], [ 433978.25, 436801.75 ], [ 433978.5, 436801.75 ], [ 433978.5, 436802.25 ], [ 433978.75, 436802.25 ], [ 433978.75, 436802.5 ], [ 433979.0, 436802.5 ], [ 433979.0, 436802.75 ], [ 433979.25, 436802.75 ], [ 433979.25, 436803.25 ], [ 433979.5, 436803.25 ], [ 433979.5, 436803.5 ], [ 433979.75, 436803.5 ], [ 433979.75, 436803.75 ], [ 433980.0, 436803.75 ], [ 433980.0, 436805.25 ], [ 433979.75, 436805.25 ], [ 433979.75, 436805.75 ], [ 433980.0, 436805.75 ], [ 433980.0, 436806.5 ], [ 433980.25, 436806.5 ], [ 433980.25, 436806.75 ], [ 433980.5, 436806.75 ], [ 433980.5, 436807.25 ], [ 433980.75, 436807.25 ], [ 433980.75, 436807.75 ], [ 433981.0, 436807.75 ], [ 433981.0, 436808.0 ], [ 433981.25, 436808.0 ], [ 433981.25, 436808.5 ], [ 433981.5, 436808.5 ], [ 433981.5, 436809.0 ], [ 433981.75, 436809.0 ], [ 433981.75, 436809.25 ], [ 433982.0, 436809.25 ], [ 433982.0, 436809.75 ], [ 433982.25, 436809.75 ], [ 433982.25, 436810.0 ], [ 433982.5, 436810.0 ], [ 433982.5, 436810.25 ], [ 433982.75, 436810.25 ], [ 433982.75, 436810.5 ], [ 433983.5, 436810.5 ], [ 433983.5, 436811.0 ], [ 433983.75, 436811.0 ], [ 433983.75, 436811.5 ], [ 433984.0, 436811.5 ], [ 433984.0, 436812.25 ], [ 433984.25, 436812.25 ], [ 433984.25, 436813.25 ], [ 433984.5, 436813.25 ], [ 433984.5, 436814.75 ], [ 433984.75, 436814.75 ], [ 433984.75, 436815.5 ], [ 433985.0, 436815.5 ], [ 433985.0, 436816.0 ], [ 433985.25, 436816.0 ], [ 433985.25, 436817.0 ], [ 433985.5, 436817.0 ], [ 433985.5, 436817.5 ], [ 433985.75, 436817.5 ], [ 433985.75, 436818.25 ], [ 433986.0, 436818.25 ], [ 433986.0, 436818.75 ], [ 433986.25, 436818.75 ], [ 433986.25, 436819.25 ], [ 433986.5, 436819.25 ], [ 433986.5, 436819.5 ], [ 433986.75, 436819.5 ], [ 433986.75, 436820.0 ], [ 433987.0, 436820.0 ], [ 433987.0, 436820.5 ], [ 433987.25, 436820.5 ], [ 433987.25, 436821.75 ], [ 433987.5, 436821.75 ], [ 433987.5, 436822.25 ], [ 433987.75, 436822.25 ], [ 433987.75, 436822.75 ], [ 433988.0, 436822.75 ], [ 433988.0, 436823.25 ], [ 433988.25, 436823.25 ], [ 433988.25, 436823.5 ], [ 433988.5, 436823.5 ], [ 433988.5, 436824.75 ], [ 433988.75, 436824.75 ], [ 433988.75, 436825.0 ], [ 433989.0, 436825.0 ], [ 433989.0, 436826.0 ], [ 433989.25, 436826.0 ], [ 433989.25, 436826.5 ], [ 433989.5, 436826.5 ], [ 433989.5, 436827.5 ], [ 433989.75, 436827.5 ], [ 433989.75, 436827.75 ], [ 433990.0, 436827.75 ], [ 433990.0, 436828.0 ], [ 433990.25, 436828.0 ], [ 433990.25, 436828.25 ], [ 433990.75, 436828.25 ], [ 433990.75, 436828.0 ], [ 433991.0, 436828.0 ], [ 433991.0, 436827.75 ], [ 433991.25, 436827.75 ], [ 433991.25, 436827.5 ], [ 433991.75, 436827.5 ], [ 433991.75, 436827.25 ], [ 433992.25, 436827.25 ], [ 433992.25, 436827.0 ], [ 433994.5, 436827.0 ], [ 433994.5, 436827.25 ], [ 433994.75, 436827.25 ], [ 433994.75, 436827.5 ], [ 433995.0, 436827.5 ], [ 433995.0, 436827.75 ], [ 433995.25, 436827.75 ], [ 433995.25, 436828.0 ], [ 433995.5, 436828.0 ], [ 433995.5, 436828.25 ], [ 433995.75, 436828.25 ], [ 433995.75, 436828.75 ], [ 433996.0, 436828.75 ], [ 433996.0, 436829.0 ], [ 433996.25, 436829.0 ], [ 433996.25, 436829.25 ], [ 433996.5, 436829.25 ], [ 433996.5, 436829.5 ], [ 433996.75, 436829.5 ], [ 433996.75, 436829.75 ], [ 433997.0, 436829.75 ], [ 433997.0, 436830.0 ], [ 433997.25, 436830.0 ], [ 433997.25, 436830.5 ], [ 433997.5, 436830.5 ], [ 433997.5, 436830.75 ], [ 433997.75, 436830.75 ], [ 433997.75, 436831.0 ], [ 433998.0, 436831.0 ], [ 433998.0, 436831.5 ], [ 433998.25, 436831.5 ], [ 433998.25, 436831.75 ], [ 433998.5, 436831.75 ], [ 433998.5, 436832.5 ], [ 433998.75, 436832.5 ], [ 433998.75, 436833.75 ], [ 433999.0, 436833.75 ], [ 433999.0, 436835.0 ], [ 433999.25, 436835.0 ], [ 433999.25, 436839.75 ], [ 433999.0, 436839.75 ], [ 433999.0, 436841.75 ], [ 433998.75, 436841.75 ], [ 433998.75, 436842.75 ], [ 433998.5, 436842.75 ], [ 433998.5, 436843.25 ], [ 433998.25, 436843.25 ], [ 433998.25, 436844.0 ], [ 433998.0, 436844.0 ], [ 433998.0, 436845.25 ], [ 433998.25, 436845.25 ], [ 433998.25, 436846.5 ], [ 433998.5, 436846.5 ], [ 433998.5, 436847.25 ], [ 433998.75, 436847.25 ], [ 433998.75, 436848.5 ], [ 433999.0, 436848.5 ], [ 433999.0, 436850.5 ], [ 433999.25, 436850.5 ], [ 433999.25, 436851.5 ], [ 433999.5, 436851.5 ], [ 433999.5, 436852.5 ], [ 433999.75, 436852.5 ], [ 433999.75, 436853.5 ], [ 434000.0, 436853.5 ], [ 434000.0, 436872.0 ], [ 433992.0, 436872.0 ], [ 433992.0, 436872.5 ], [ 433991.75, 436872.5 ], [ 433991.75, 436874.0 ], [ 433991.5, 436874.0 ], [ 433991.5, 436874.25 ], [ 433991.25, 436874.25 ], [ 433991.25, 436874.5 ], [ 433991.0, 436874.5 ], [ 433991.0, 436874.75 ], [ 433990.75, 436874.75 ], [ 433990.75, 436875.0 ], [ 433990.5, 436875.0 ], [ 433990.5, 436875.25 ], [ 433990.25, 436875.25 ], [ 433990.25, 436875.5 ], [ 433989.75, 436875.5 ], [ 433989.75, 436875.75 ], [ 433989.25, 436875.75 ], [ 433989.25, 436876.0 ], [ 433988.5, 436876.0 ], [ 433988.5, 436876.25 ], [ 433988.0, 436876.25 ], [ 433988.0, 436876.5 ], [ 433987.5, 436876.5 ], [ 433987.5, 436876.75 ], [ 433987.25, 436876.75 ], [ 433987.25, 436877.0 ], [ 433986.5, 436877.0 ], [ 433986.5, 436877.25 ], [ 433986.0, 436877.25 ], [ 433986.0, 436877.5 ], [ 433985.5, 436877.5 ], [ 433985.5, 436877.75 ], [ 433985.25, 436877.75 ], [ 433985.25, 436878.0 ], [ 433984.75, 436878.0 ], [ 433984.75, 436878.25 ], [ 433984.5, 436878.25 ], [ 433984.5, 436878.5 ], [ 433984.0, 436878.5 ], [ 433984.0, 436878.75 ], [ 433983.25, 436878.75 ], [ 433983.25, 436879.0 ], [ 433982.75, 436879.0 ], [ 433982.75, 436879.25 ], [ 433982.25, 436879.25 ], [ 433982.25, 436879.5 ], [ 433981.5, 436879.5 ], [ 433981.5, 436879.75 ], [ 433979.75, 436879.75 ], [ 433979.75, 436880.0 ], [ 433978.5, 436880.0 ] ], [ [ 433978.25, 436851.75 ], [ 433978.5, 436851.75 ], [ 433978.5, 436851.25 ], [ 433978.75, 436851.25 ], [ 433978.75, 436850.25 ], [ 433978.5, 436850.25 ], [ 433978.5, 436850.0 ], [ 433978.25, 436850.0 ], [ 433978.25, 436850.25 ], [ 433978.0, 436850.25 ], [ 433978.0, 436851.5 ], [ 433978.25, 436851.5 ], [ 433978.25, 436851.75 ] ] ] } },
{ "type": "Feature", "properties": { }, "geometry": { "type": "Polygon", "coordinates": [ [ [ 433572.0, 436815.0 ], [ 433572.0, 436814.75 ], [ 433571.0, 436814.75 ], [ 433571.0, 436814.5 ], [ 433570.5, 436814.5 ], [ 433570.5, 436814.25 ], [ 433570.0, 436814.25 ], [ 433570.0, 436814.0 ], [ 433569.75, 436814.0 ], [ 433569.75, 436813.75 ], [ 433569.5, 436813.75 ], [ 433569.5, 436813.5 ], [ 433569.25, 436813.5 ], [ 433569.25, 436813.25 ], [ 433568.75, 436813.25 ], [ 433568.75, 436813.0 ], [ 433568.5, 436813.0 ], [ 433568.5, 436812.75 ], [ 433568.25, 436812.75 ], [ 433568.25, 436812.5 ], [ 433568.0, 436812.5 ], [ 433568.0, 436812.25 ], [ 433567.75, 436812.25 ], [ 433567.75, 436812.0 ], [ 433567.5, 436812.0 ], [ 433567.5, 436811.75 ], [ 433567.25, 436811.75 ], [ 433567.25, 436811.5 ], [ 433567.0, 436811.5 ], [ 433567.0, 436810.75 ], [ 433566.75, 436810.75 ], [ 433566.75, 436809.75 ], [ 433566.5, 436809.75 ], [ 433566.5, 436807.0 ], [ 433566.75, 436807.0 ], [ 433566.75, 436805.25 ], [ 433566.5, 436805.25 ], [ 433566.5, 436804.75 ], [ 433566.25, 436804.75 ], [ 433566.25, 436803.5 ], [ 433566.0, 436803.5 ], [ 433566.0, 436802.0 ], [ 433566.25, 436802.0 ], [ 433566.25, 436801.25 ], [ 433566.5, 436801.25 ], [ 433566.5, 436801.0 ], [ 433566.75, 436801.0 ], [ 433566.75, 436800.5 ], [ 433567.0, 436800.5 ], [ 433567.0, 436800.0 ], [ 433567.25, 436800.0 ], [ 433567.25, 436799.75 ], [ 433567.5, 436799.75 ], [ 433567.5, 436799.25 ], [ 433567.75, 436799.25 ], [ 433567.75, 436799.0 ], [ 433568.0, 436799.0 ], [ 433568.0, 436798.5 ], [ 433568.25, 436798.5 ], [ 433568.25, 436798.0 ], [ 433568.5, 436798.0 ], [ 433568.5, 436797.75 ], [ 433568.75, 436797.75 ], [ 433568.75, 436797.25 ], [ 433569.25, 436797.25 ], [ 433569.25, 436797.0 ], [ 433569.5, 436797.0 ], [ 433569.5, 436796.75 ], [ 433569.75, 436796.75 ], [ 433569.75, 436796.5 ], [ 433570.25, 436796.5 ], [ 433570.25, 436796.25 ], [ 433570.75, 436796.25 ], [ 433570.75, 436796.0 ], [ 433571.0, 436796.0 ], [ 433571.0, 436795.75 ], [ 433571.25, 436795.75 ], [ 433571.25, 436795.5 ], [ 433571.5, 436795.5 ], [ 433571.5, 436795.25 ], [ 433571.75, 436795.25 ], [ 433571.75, 436795.0 ], [ 433572.0, 436795.0 ], [ 433572.0, 436794.75 ], [ 433572.25, 436794.75 ], [ 433572.25, 436794.25 ], [ 433572.5, 436794.25 ], [ 433572.5, 436794.0 ], [ 433572.75, 436794.0 ], [ 433572.75, 436793.75 ], [ 433573.0, 436793.75 ], [ 433573.0, 436793.5 ], [ 433573.25, 436793.5 ], [ 433573.25, 436793.25 ], [ 433573.75, 436793.25 ], [ 433573.75, 436793.0 ], [ 433574.0, 436793.0 ], [ 433574.0, 436792.75 ], [ 433574.5, 436792.75 ], [ 433574.5, 436792.5 ], [ 433574.75, 436792.5 ], [ 433574.75, 436792.25 ], [ 433575.25, 436792.25 ], [ 433575.25, 436792.0 ], [ 433575.5, 436792.0 ], [ 433575.5, 436791.75 ], [ 433575.75, 436791.75 ], [ 433575.75, 436791.5 ], [ 433576.0, 436791.5 ], [ 433576.0, 436791.25 ], [ 433576.25, 436791.25 ], [ 433576.25, 436791.0 ], [ 433576.5, 436791.0 ], [ 433576.5, 436790.75 ], [ 433577.0, 436790.75 ], [ 433577.0, 436790.5 ], [ 433577.25, 436790.5 ], [ 433577.25, 436790.25 ], [ 433577.5, 436790.25 ], [ 433577.5, 436790.0 ], [ 433577.75, 436790.0 ], [ 433577.75, 436789.75 ], [ 433578.25, 436789.75 ], [ 433578.25, 436789.5 ], [ 433578.75, 436789.5 ], [ 433578.75, 436789.25 ], [ 433579.25, 436789.25 ], [ 433579.25, 436789.0 ], [ 433580.0, 436789.0 ], [ 433580.0, 436788.75 ], [ 433580.25, 436788.75 ], [ 433580.25, 436788.5 ], [ 433580.75, 436788.5 ], [ 433580.75, 436788.25 ], [ 433581.25, 436788.25 ], [ 433581.25, 436788.0 ], [ 433581.75, 436788.0 ], [ 433581.75, 436787.75 ], [ 433582.25, 436787.75 ], [ 433582.25, 436787.5 ], [ 433582.75, 436787.5 ], [ 433582.75, 436787.25 ], [ 433583.0, 436787.25 ], [ 433583.0, 436787.0 ], [ 433583.5, 436787.0 ], [ 433583.5, 436786.75 ], [ 433584.0, 436786.75 ], [ 433584.0, 436786.5 ], [ 433584.25, 436786.5 ], [ 433584.25, 436786.25 ], [ 433584.75, 436786.25 ], [ 433584.75, 436786.0 ], [ 433585.0, 436786.0 ], [ 433585.0, 436785.75 ], [ 433585.25, 436785.75 ], [ 433585.25, 436785.5 ], [ 433585.5, 436785.5 ], [ 433585.5, 436785.25 ], [ 433585.75, 436785.25 ], [ 433585.75, 436785.0 ], [ 433586.0, 436785.0 ], [ 433586.0, 436784.75 ], [ 433586.25, 436784.75 ], [ 433586.25, 436784.5 ], [ 433586.5, 436784.5 ], [ 433586.5, 436784.25 ], [ 433586.75, 436784.25 ], [ 433586.75, 436784.0 ], [ 433587.25, 436784.0 ], [ 433587.25, 436783.75 ], [ 433587.5, 436783.75 ], [ 433587.5, 436783.5 ], [ 433588.0, 436783.5 ], [ 433588.0, 436783.25 ], [ 433588.25, 436783.25 ], [ 433588.25, 436783.0 ], [ 433588.75, 436783.0 ], [ 433588.75, 436782.75 ], [ 433589.25, 436782.75 ], [ 433589.25, 436782.5 ], [ 433589.75, 436782.5 ], [ 433589.75, 436782.25 ], [ 433590.25, 436782.25 ], [ 433590.25, 436782.0 ], [ 433590.75, 436782.0 ], [ 433590.75, 436781.75 ], [ 433593.75, 436781.75 ], [ 433593.75, 436782.0 ], [ 433594.5, 436782.0 ], [ 433594.5, 436782.25 ], [ 433594.75, 436782.25 ], [ 433594.75, 436782.5 ], [ 433595.0, 436782.5 ], [ 433595.0, 436782.75 ], [ 433595.5, 436782.75 ], [ 433595.5, 436783.0 ], [ 433595.75, 436783.0 ], [ 433595.75, 436783.25 ], [ 433596.0, 436783.25 ], [ 433596.0, 436783.5 ], [ 433596.25, 436783.5 ], [ 433596.25, 436783.75 ], [ 433596.5, 436783.75 ], [ 433596.5, 436784.0 ], [ 433596.75, 436784.0 ], [ 433596.75, 436784.25 ], [ 433597.0, 436784.25 ], [ 433597.0, 436784.5 ], [ 433597.25, 436784.5 ], [ 433597.25, 436785.0 ], [ 433597.5, 436785.0 ], [ 433597.5, 436785.25 ], [ 433597.75, 436785.25 ], [ 433597.75, 436785.5 ], [ 433598.0, 436785.5 ], [ 433598.0, 436785.75 ], [ 433598.25, 436785.75 ], [ 433598.25, 436786.0 ], [ 433598.5, 436786.0 ], [ 433598.5, 436786.25 ], [ 433598.75, 436786.25 ], [ 433598.75, 436787.0 ], [ 433599.0, 436787.0 ], [ 433599.0, 436787.25 ], [ 433599.25, 436787.25 ], [ 433599.25, 436787.75 ], [ 433599.5, 436787.75 ], [ 433599.5, 436791.25 ], [ 433599.25, 436791.25 ], [ 433599.25, 436794.25 ], [ 433599.0, 436794.25 ], [ 433599.0, 436795.0 ], [ 433598.75, 436795.0 ], [ 433598.75, 436795.75 ], [ 433598.5, 436795.75 ], [ 433598.5, 436796.0 ], [ 433598.25, 436796.0 ], [ 433598.25, 436796.5 ], [ 433598.0, 436796.5 ], [ 433598.0, 436797.25 ], [ 433597.75, 436797.25 ], [ 433597.75, 436797.75 ], [ 433597.5, 436797.75 ], [ 433597.5, 436798.25 ], [ 433597.25, 436798.25 ], [ 433597.25, 436798.75 ], [ 433597.0, 436798.75 ], [ 433597.0, 436799.25 ], [ 433596.75, 436799.25 ], [ 433596.75, 436799.75 ], [ 433596.5, 436799.75 ], [ 433596.5, 436800.25 ], [ 433596.25, 436800.25 ], [ 433596.25, 436800.5 ], [ 433596.0, 436800.5 ], [ 433596.0, 436801.0 ], [ 433595.75, 436801.0 ], [ 433595.75, 436801.25 ], [ 433595.5, 436801.25 ], [ 433595.5, 436801.75 ], [ 433595.25, 436801.75 ], [ 433595.25, 436802.0 ], [ 433595.0, 436802.0 ], [ 433595.0, 436802.25 ], [ 433594.75, 436802.25 ], [ 433594.75, 436802.5 ], [ 433594.5, 436802.5 ], [ 433594.5, 436802.75 ], [ 433594.0, 436802.75 ], [ 433594.0, 436803.0 ], [ 433593.75, 436803.0 ], [ 433593.75, 436803.25 ], [ 433593.5, 436803.25 ], [ 433593.5, 436803.5 ], [ 433593.25, 436803.5 ], [ 433593.25, 436803.75 ], [ 433593.0, 436803.75 ], [ 433593.0, 436804.0 ], [ 433592.75, 436804.0 ], [ 433592.75, 436804.25 ], [ 433592.5, 436804.25 ], [ 433592.5, 436804.5 ], [ 433592.25, 436804.5 ], [ 433592.25, 436804.75 ], [ 433592.0, 436804.75 ], [ 433592.0, 436805.0 ], [ 433591.75, 436805.0 ], [ 433591.75, 436805.25 ], [ 433591.5, 436805.25 ], [ 433591.5, 436805.5 ], [ 433591.25, 436805.5 ], [ 433591.25, 436805.75 ], [ 433591.0, 436805.75 ], [ 433591.0, 436806.0 ], [ 433590.75, 436806.0 ], [ 433590.75, 436806.25 ], [ 433590.25, 436806.25 ], [ 433590.25, 436806.75 ], [ 433590.0, 436806.75 ], [ 433590.0, 436807.0 ], [ 433589.75, 436807.0 ], [ 433589.75, 436807.25 ], [ 433589.5, 436807.25 ], [ 433589.5, 436807.5 ], [ 433589.25, 436807.5 ], [ 433589.25, 436807.75 ], [ 433589.0, 436807.75 ], [ 433589.0, 436808.0 ], [ 433588.75, 436808.0 ], [ 433588.75, 436808.25 ], [ 433588.5, 436808.25 ], [ 433588.5, 436808.5 ], [ 433588.25, 436808.5 ], [ 433588.25, 436808.75 ], [ 433588.0, 436808.75 ], [ 433588.0, 436809.0 ], [ 433587.75, 436809.0 ], [ 433587.75, 436809.25 ], [ 433587.5, 436809.25 ], [ 433587.5, 436809.5 ], [ 433587.25, 436809.5 ], [ 433587.25, 436809.75 ], [ 433587.0, 436809.75 ], [ 433587.0, 436810.0 ], [ 433586.75, 436810.0 ], [ 433586.75, 436810.25 ], [ 433586.5, 436810.25 ], [ 433586.5, 436810.5 ], [ 433586.25, 436810.5 ], [ 433586.25, 436810.75 ], [ 433586.0, 436810.75 ], [ 433586.0, 436811.0 ], [ 433585.75, 436811.0 ], [ 433585.75, 436811.25 ], [ 433585.5, 436811.25 ], [ 433585.5, 436811.5 ], [ 433585.25, 436811.5 ], [ 433585.25, 436811.75 ], [ 433585.0, 436811.75 ], [ 433585.0, 436812.0 ], [ 433584.75, 436812.0 ], [ 433584.75, 436812.25 ], [ 433584.5, 436812.25 ], [ 433584.5, 436812.5 ], [ 433584.0, 436812.5 ], [ 433584.0, 436812.75 ], [ 433583.75, 436812.75 ], [ 433583.75, 436813.0 ], [ 433583.25, 436813.0 ], [ 433583.25, 436813.25 ], [ 433582.75, 436813.25 ], [ 433582.75, 436813.5 ], [ 433582.25, 436813.5 ], [ 433582.25, 436813.75 ], [ 433581.75, 436813.75 ], [ 433581.75, 436814.0 ], [ 433581.25, 436814.0 ], [ 433581.25, 436814.25 ], [ 433580.75, 436814.25 ], [ 433580.75, 436814.5 ], [ 433580.0, 436814.5 ], [ 433580.0, 436814.75 ], [ 433578.75, 436814.75 ], [ 433578.75, 436815.0 ], [ 433572.0, 436815.0 ] ] ] } },
{ "type": "Feature", "properties": { }, "geometry": { "type": "Polygon", "coordinates": [ [ [ 433477.5, 436784.25 ], [ 433477.5, 436784.0 ], [ 433475.25, 436784.0 ], [ 433475.25, 436783.75 ], [ 433474.0, 436783.75 ], [ 433474.0, 436783.5 ], [ 433472.75, 436783.5 ], [ 433472.75, 436783.25 ], [ 433471.0, 436783.25 ], [ 433471.0, 436783.0 ], [ 433469.5, 436783.0 ], [ 433469.5, 436782.75 ], [ 433468.0, 436782.75 ], [ 433468.0, 436782.5 ], [ 433467.0, 436782.5 ], [ 433467.0, 436782.25 ], [ 433466.25, 436782.25 ], [ 433466.25, 436782.0 ], [ 433465.5, 436782.0 ], [ 433465.5, 436781.75 ], [ 433465.0, 436781.75 ], [ 433465.0, 436781.5 ], [ 433464.5, 436781.5 ], [ 433464.5, 436781.25 ], [ 433464.0, 436781.25 ], [ 433464.0, 436781.0 ], [ 433463.5, 436781.0 ], [ 433463.5, 436780.75 ], [ 433463.0, 436780.75 ], [ 433463.0, 436780.5 ], [ 433462.25, 436780.5 ], [ 433462.25, 436780.25 ], [ 433462.0, 436780.25 ], [ 433462.0, 436780.0 ], [ 433461.5, 436780.0 ], [ 433461.5, 436779.75 ], [ 433461.25, 436779.75 ], [ 433461.25, 436779.5 ], [ 433461.0, 436779.5 ], [ 433461.0, 436779.25 ], [ 433460.75, 436779.25 ], [ 433460.75, 436779.0 ], [ 433460.5, 436779.0 ], [ 433460.5, 436778.75 ], [ 433460.25, 436778.75 ], [ 433460.25, 436778.5 ], [ 433460.0, 436778.5 ], [ 433460.0, 436778.0 ], [ 433459.75, 436778.0 ], [ 433459.75, 436777.75 ], [ 433459.5, 436777.75 ], [ 433459.5, 436776.25 ], [ 433459.75, 436776.25 ], [ 433459.75, 436773.75 ], [ 433460.0, 436773.75 ], [ 433460.0, 436772.75 ], [ 433460.25, 436772.75 ], [ 433460.25, 436771.25 ], [ 433460.5, 436771.25 ], [ 433460.5, 436770.0 ], [ 433460.75, 436770.0 ], [ 433460.75, 436768.5 ], [ 433461.0, 436768.5 ], [ 433461.0, 436767.25 ], [ 433461.25, 436767.25 ], [ 433461.25, 436766.5 ], [ 433461.5, 436766.5 ], [ 433461.5, 436765.75 ], [ 433461.75, 436765.75 ], [ 433461.75, 436765.25 ], [ 433462.0, 436765.25 ], [ 433462.0, 436764.25 ], [ 433462.25, 436764.25 ], [ 433462.25, 436763.5 ], [ 433462.5, 436763.5 ], [ 433462.5, 436763.25 ], [ 433462.75, 436763.25 ], [ 433462.75, 436763.0 ], [ 433463.25, 436763.0 ], [ 433463.25, 436762.75 ], [ 433464.5, 436762.75 ], [ 433464.5, 436762.5 ], [ 433465.5, 436762.5 ], [ 433465.5, 436762.25 ], [ 433466.75, 436762.25 ], [ 433466.75, 436762.5 ], [ 433468.0, 436762.5 ], [ 433468.0, 436762.75 ], [ 433468.75, 436762.75 ], [ 433468.75, 436763.0 ], [ 433469.5, 436763.0 ], [ 433469.5, 436763.25 ], [ 433470.25, 436763.25 ], [ 433470.25, 436763.5 ], [ 433471.0, 436763.5 ], [ 433471.0, 436763.75 ], [ 433474.25, 436763.75 ], [ 433474.25, 436764.0 ], [ 433475.75, 436764.0 ], [ 433475.75, 436764.25 ], [ 433476.75, 436764.25 ], [ 433476.75, 436764.5 ], [ 433478.0, 436764.5 ], [ 433478.0, 436764.75 ], [ 433479.0, 436764.75 ], [ 433479.0, 436765.0 ], [ 433480.0, 436765.0 ], [ 433480.0, 436765.25 ], [ 433480.75, 436765.25 ], [ 433480.75, 436765.5 ], [ 433481.5, 436765.5 ], [ 433481.5, 436765.75 ], [ 433482.5, 436765.75 ], [ 433482.5, 436766.0 ], [ 433483.75, 436766.0 ], [ 433483.75, 436766.25 ], [ 433484.25, 436766.25 ], [ 433484.25, 436766.5 ], [ 433484.75, 436766.5 ], [ 433484.75, 436766.75 ], [ 433485.25, 436766.75 ], [ 433485.25, 436767.0 ], [ 433485.5, 436767.0 ], [ 433485.5, 436767.25 ], [ 433485.75, 436767.25 ], [ 433485.75, 436767.5 ], [ 433486.25, 436767.5 ], [ 433486.25, 436767.75 ], [ 433486.5, 436767.75 ], [ 433486.5, 436768.0 ], [ 433486.75, 436768.0 ], [ 433486.75, 436768.5 ], [ 433487.0, 436768.5 ], [ 433487.0, 436769.25 ], [ 433487.25, 436769.25 ], [ 433487.25, 436770.25 ], [ 433487.5, 436770.25 ], [ 433487.5, 436772.25 ], [ 433487.25, 436772.25 ], [ 433487.25, 436773.25 ], [ 433487.0, 436773.25 ], [ 433487.0, 436774.25 ], [ 433486.75, 436774.25 ], [ 433486.75, 436775.5 ], [ 433486.5, 436775.5 ], [ 433486.5, 436776.5 ], [ 433486.25, 436776.5 ], [ 433486.25, 436778.75 ], [ 433486.5, 436778.75 ], [ 433486.5, 436779.5 ], [ 433486.75, 436779.5 ], [ 433486.75, 436781.75 ], [ 433486.5, 436781.75 ], [ 433486.5, 436782.25 ], [ 433486.25, 436782.25 ], [ 433486.25, 436782.75 ], [ 433485.75, 436782.75 ], [ 433485.75, 436783.0 ], [ 433485.5, 436783.0 ], [ 433485.5, 436783.25 ], [ 433485.25, 436783.25 ], [ 433485.25, 436783.5 ], [ 433484.75, 436783.5 ], [ 433484.75, 436783.75 ], [ 433484.25, 436783.75 ], [ 433484.25, 436784.0 ], [ 433482.75, 436784.0 ], [ 433482.75, 436784.25 ], [ 433477.5, 436784.25 ] ] ] } },
{ "type": "Feature", "properties": { }, "geometry": { "type": "Polygon", "coordinates": [ [ [ 433129.0, 436756.5 ], [ 433129.0, 436756.25 ], [ 433128.5, 436756.25 ], [ 433128.5, 436756.0 ], [ 433128.0, 436756.0 ], [ 433128.0, 436744.0 ], [ 433139.5, 436744.0 ], [ 433139.5, 436745.75 ], [ 433139.75, 436745.75 ], [ 433139.75, 436747.75 ], [ 433139.5, 436747.75 ], [ 433139.5, 436748.0 ], [ 433139.25, 436748.0 ], [ 433139.25, 436748.5 ], [ 433139.0, 436748.5 ], [ 433139.0, 436748.75 ], [ 433138.75, 436748.75 ], [ 433138.75, 436749.0 ], [ 433138.25, 436749.0 ], [ 433138.25, 436749.25 ], [ 433137.75, 436749.25 ], [ 433137.75, 436749.5 ], [ 433137.5, 436749.5 ], [ 433137.5, 436749.75 ], [ 433137.0, 436749.75 ], [ 433137.0, 436750.0 ], [ 433136.5, 436750.0 ], [ 433136.5, 436750.25 ], [ 433135.75, 436750.25 ], [ 433135.75, 436750.5 ], [ 433135.25, 436750.5 ], [ 433135.25, 436750.75 ], [ 433135.0, 436750.75 ], [ 433135.0, 436751.0 ], [ 433134.75, 436751.0 ], [ 433134.75, 436752.0 ], [ 433134.5, 436752.0 ], [ 433134.5, 436753.0 ], [ 433134.25, 436753.0 ], [ 433134.25, 436753.25 ], [ 433134.0, 436753.25 ], [ 433134.0, 436753.75 ], [ 433133.5, 436753.75 ], [ 433133.5, 436754.0 ], [ 433133.25, 436754.0 ], [ 433133.25, 436754.25 ], [ 433132.75, 436754.25 ], [ 433132.75, 436754.5 ], [ 433132.25, 436754.5 ], [ 433132.25, 436754.75 ], [ 433132.0, 436754.75 ], [ 433132.0, 436755.0 ], [ 433131.5, 436755.0 ], [ 433131.5, 436755.5 ], [ 433131.0, 436755.5 ], [ 433131.0, 436755.75 ], [ 433130.5, 436755.75 ], [ 433130.5, 436756.0 ], [ 433130.0, 436756.0 ], [ 433130.0, 436756.25 ], [ 433129.75, 436756.25 ], [ 433129.75, 436756.5 ], [ 433129.0, 436756.5 ] ] ] } },
{ "type": "Feature", "properties": { }, "geometry": { "type": "Polygon", "coordinates": [ [ [ 433254.25, 436757.25 ], [ 433254.25, 436757.0 ], [ 433253.25, 436757.0 ], [ 433253.25, 436756.75 ], [ 433252.75, 436756.75 ], [ 433252.75, 436756.5 ], [ 433252.0, 436756.5 ], [ 433252.0, 436756.25 ], [ 433251.25, 436756.25 ], [ 433251.25, 436756.0 ], [ 433250.75, 436756.0 ], [ 433250.75, 436755.75 ], [ 433250.25, 436755.75 ], [ 433250.25, 436755.5 ], [ 433249.75, 436755.5 ], [ 433249.75, 436755.25 ], [ 433249.25, 436755.25 ], [ 433249.25, 436755.0 ], [ 433248.5, 436755.0 ], [ 433248.5, 436754.75 ], [ 433248.0, 436754.75 ], [ 433248.0, 436754.5 ], [ 433247.75, 436754.5 ], [ 433247.75, 436754.25 ], [ 433247.25, 436754.25 ], [ 433247.25, 436754.0 ], [ 433246.75, 436754.0 ], [ 433246.75, 436753.75 ], [ 433246.5, 436753.75 ], [ 433246.5, 436753.5 ], [ 433246.0, 436753.5 ], [ 433246.0, 436753.25 ], [ 433245.75, 436753.25 ], [ 433245.75, 436753.0 ], [ 433245.5, 436753.0 ], [ 433245.5, 436752.75 ], [ 433245.0, 436752.75 ], [ 433245.0, 436752.5 ], [ 433244.75, 436752.5 ], [ 433244.75, 436752.25 ], [ 433244.25, 436752.25 ], [ 433244.25, 436752.0 ], [ 433244.0, 436752.0 ], [ 433244.0, 436751.75 ], [ 433243.75, 436751.75 ], [ 433243.75, 436751.25 ], [ 433243.25, 436751.25 ], [ 433243.25, 436751.0 ], [ 433243.0, 436751.0 ], [ 433243.0, 436750.75 ], [ 433242.75, 436750.75 ], [ 433242.75, 436750.5 ], [ 433242.5, 436750.5 ], [ 433242.5, 436750.25 ], [ 433242.0, 436750.25 ], [ 433242.0, 436750.0 ], [ 433241.5, 436750.0 ], [ 433241.5, 436749.75 ], [ 433241.25, 436749.75 ], [ 433241.25, 436749.5 ], [ 433241.0, 436749.5 ], [ 433241.0, 436749.25 ], [ 433240.75, 436749.25 ], [ 433240.75, 436749.0 ], [ 433240.5, 436749.0 ], [ 433240.5, 436748.75 ], [ 433240.25, 436748.75 ], [ 433240.25, 436748.5 ], [ 433240.0, 436748.5 ], [ 433240.0, 436748.0 ], [ 433239.75, 436748.0 ], [ 433239.75, 436747.75 ], [ 433239.5, 436747.75 ], [ 433239.5, 436747.5 ], [ 433239.25, 436747.5 ], [ 433239.25, 436747.0 ], [ 433239.0, 436747.0 ], [ 433239.0, 436746.5 ], [ 433238.75, 436746.5 ], [ 433238.75, 436745.25 ], [ 433238.5, 436745.25 ], [ 433238.5, 436744.0 ], [ 433256.0, 436744.0 ], [ 433256.0, 436757.0 ], [ 433254.75, 436757.0 ], [ 433254.75, 436757.25 ], [ 433254.25, 436757.25 ] ] ] } },
{ "type": "Feature", "properties": { }, "geometry": { "type": "Polygon", "coordinates": [ [ [ 433478.0, 436744.0 ], [ 433478.0, 436742.0 ], [ 433478.25, 436742.0 ], [ 433478.25, 436741.25 ], [ 433478.5, 436741.25 ], [ 433478.5, 436740.75 ], [ 433478.75, 436740.75 ], [ 433478.75, 436740.5 ], [ 433479.0, 436740.5 ], [ 433479.0, 436739.75 ], [ 433479.25, 436739.75 ], [ 433479.25, 436739.25 ], [ 433479.5, 436739.25 ], [ 433479.5, 436739.0 ], [ 433479.75, 436739.0 ], [ 433479.75, 436738.75 ], [ 433480.0, 436738.75 ], [ 433480.0, 436738.5 ], [ 433480.25, 436738.5 ], [ 433480.25, 436738.25 ], [ 433480.75, 436738.25 ], [ 433480.75, 436738.0 ], [ 433481.5, 436738.0 ], [ 433481.5, 436737.75 ], [ 433482.75, 436737.75 ], [ 433482.75, 436738.0 ], [ 433483.5, 436738.0 ], [ 433483.5, 436738.25 ], [ 433485.0, 436738.25 ], [ 433485.0, 436738.0 ], [ 433485.25, 436738.0 ], [ 433485.25, 436737.75 ], [ 433485.5, 436737.75 ], [ 433485.5, 436737.5 ], [ 433485.75, 436737.5 ], [ 433485.75, 436737.75 ], [ 433486.5, 436737.75 ], [ 433486.5, 436738.0 ], [ 433487.0, 436738.0 ], [ 433487.0, 436738.25 ], [ 433487.5, 436738.25 ], [ 433487.5, 436739.0 ], [ 433487.75, 436739.0 ], [ 433487.75, 436740.25 ], [ 433487.5, 436740.25 ], [ 433487.5, 436740.75 ], [ 433487.75, 436740.75 ], [ 433487.75, 436741.25 ], [ 433488.0, 436741.25 ], [ 433488.0, 436743.0 ], [ 433487.75, 436743.0 ], [ 433487.75, 436744.0 ], [ 433478.0, 436744.0 ] ] ] } },
{ "type": "Feature", "properties": { }, "geometry": { "type": "Polygon", "coordinates": [ [ [ 433107.25, 436751.25 ], [ 433107.25, 436751.0 ], [ 433106.0, 436751.0 ], [ 433106.0, 436750.75 ], [ 433103.25, 436750.75 ], [ 433103.25, 436751.0 ], [ 433102.5, 436751.0 ], [ 433102.5, 436750.75 ], [ 433101.5, 436750.75 ], [ 433101.5, 436750.5 ], [ 433101.0, 436750.5 ], [ 433101.0, 436750.25 ], [ 433100.5, 436750.25 ], [ 433100.5, 436750.0 ], [ 433100.25, 436750.0 ], [ 433100.25, 436749.75 ], [ 433100.0, 436749.75 ], [ 433100.0, 436749.5 ], [ 433099.75, 436749.5 ], [ 433099.75, 436749.0 ], [ 433099.5, 436749.0 ], [ 433099.5, 436748.5 ], [ 433099.25, 436748.5 ], [ 433099.25, 436747.5 ], [ 433099.0, 436747.5 ], [ 433099.0, 436747.0 ], [ 433098.75, 436747.0 ], [ 433098.75, 436746.25 ], [ 433098.5, 436746.25 ], [ 433098.5, 436744.0 ], [ 433099.25, 436744.0 ], [ 433099.25, 436743.5 ], [ 433099.5, 436743.5 ], [ 433099.5, 436740.25 ], [ 433099.25, 436740.25 ], [ 433099.25, 436739.25 ], [ 433099.0, 436739.25 ], [ 433099.0, 436734.5 ], [ 433099.25, 436734.5 ], [ 433099.25, 436734.0 ], [ 433100.5, 436734.0 ], [ 433100.5, 436733.75 ], [ 433100.75, 436733.75 ], [ 433100.75, 436733.25 ], [ 433101.0, 436733.25 ], [ 433101.0, 436732.75 ], [ 433101.25, 436732.75 ], [ 433101.25, 436732.5 ], [ 433101.5, 436732.5 ], [ 433101.5, 436732.25 ], [ 433102.0, 436732.25 ], [ 433102.0, 436732.0 ], [ 433103.25, 436732.0 ], [ 433103.25, 436732.25 ], [ 433105.5, 436732.25 ], [ 433105.5, 436732.0 ], [ 433106.25, 436732.0 ], [ 433106.25, 436731.75 ], [ 433106.75, 436731.75 ], [ 433106.75, 436731.5 ], [ 433107.0, 436731.5 ], [ 433107.0, 436731.0 ], [ 433107.25, 436731.0 ], [ 433107.25, 436730.75 ], [ 433107.5, 436730.75 ], [ 433107.5, 436730.5 ], [ 433108.25, 436730.5 ], [ 433108.25, 436730.25 ], [ 433108.75, 436730.25 ], [ 433108.75, 436730.0 ], [ 433109.25, 436730.0 ], [ 433109.25, 436729.75 ], [ 433110.5, 436729.75 ], [ 433110.5, 436730.0 ], [ 433110.75, 436730.0 ], [ 433110.75, 436730.25 ], [ 433111.0, 436730.25 ], [ 433111.0, 436730.5 ], [ 433111.25, 436730.5 ], [ 433111.25, 436730.75 ], [ 433111.5, 436730.75 ], [ 433111.5, 436731.0 ], [ 433111.75, 436731.0 ], [ 433111.75, 436731.25 ], [ 433112.0, 436731.25 ], [ 433112.0, 436731.5 ], [ 433112.25, 436731.5 ], [ 433112.25, 436732.0 ], [ 433112.5, 436732.0 ], [ 433112.5, 436732.5 ], [ 433112.75, 436732.5 ], [ 433112.75, 436733.25 ], [ 433113.0, 436733.25 ], [ 433113.0, 436734.0 ], [ 433113.25, 436734.0 ], [ 433113.25, 436734.5 ], [ 433113.5, 436734.5 ], [ 433113.5, 436736.75 ], [ 433113.75, 436736.75 ], [ 433113.75, 436738.5 ], [ 433114.0, 436738.5 ], [ 433114.0, 436740.25 ], [ 433114.25, 436740.25 ], [ 433114.25, 436741.25 ], [ 433114.5, 436741.25 ], [ 433114.5, 436741.75 ], [ 433114.25, 436741.75 ], [ 433114.25, 436744.0 ], [ 433113.75, 436744.0 ], [ 433113.75, 436744.75 ], [ 433113.5, 436744.75 ], [ 433113.5, 436747.5 ], [ 433113.25, 436747.5 ], [ 433113.25, 436748.5 ], [ 433113.0, 436748.5 ], [ 433113.0, 436749.25 ], [ 433112.75, 436749.25 ], [ 433112.75, 436749.75 ], [ 433112.5, 436749.75 ], [ 433112.5, 436750.25 ], [ 433112.0, 436750.25 ], [ 433112.0, 436750.5 ], [ 433111.75, 436750.5 ], [ 433111.75, 436750.75 ], [ 433111.25, 436750.75 ], [ 433111.25, 436751.0 ], [ 433110.5, 436751.0 ], [ 433110.5, 436751.25 ], [ 433107.25, 436751.25 ] ] ] } },
{ "type": "Feature", "properties": { }, "geometry": { "type": "Polygon", "coordinates": [ [ [ 433059.75, 436744.0 ], [ 433059.75, 436742.75 ], [ 433060.0, 436742.75 ], [ 433060.0, 436742.5 ], [ 433058.5, 436742.5 ], [ 433058.5, 436742.25 ], [ 433057.5, 436742.25 ], [ 433057.5, 436742.0 ], [ 433057.0, 436742.0 ], [ 433057.0, 436741.75 ], [ 433056.25, 436741.75 ], [ 433056.25, 436741.5 ], [ 433055.5, 436741.5 ], [ 433055.5, 436741.25 ], [ 433054.75, 436741.25 ], [ 433054.75, 436741.0 ], [ 433054.25, 436741.0 ], [ 433054.25, 436740.75 ], [ 433053.5, 436740.75 ], [ 433053.5, 436740.5 ], [ 433053.0, 436740.5 ], [ 433053.0, 436740.25 ], [ 433052.75, 436740.25 ], [ 433052.75, 436740.0 ], [ 433052.25, 436740.0 ], [ 433052.25, 436739.75 ], [ 433051.5, 436739.75 ], [ 433051.5, 436739.5 ], [ 433051.0, 436739.5 ], [ 433051.0, 436739.25 ], [ 433050.5, 436739.25 ], [ 433050.5, 436739.0 ], [ 433050.0, 436739.0 ], [ 433050.0, 436738.75 ], [ 433049.5, 436738.75 ], [ 433049.5, 436738.5 ], [ 433049.0, 436738.5 ], [ 433049.0, 436738.0 ], [ 433048.75, 436738.0 ], [ 433048.75, 436737.75 ], [ 433048.5, 436737.75 ], [ 433048.5, 436737.25 ], [ 433048.25, 436737.25 ], [ 433048.25, 436736.5 ], [ 433048.0, 436736.5 ], [ 433048.0, 436731.5 ], [ 433048.25, 436731.5 ], [ 433048.25, 436730.5 ], [ 433048.5, 436730.5 ], [ 433048.5, 436729.5 ], [ 433048.75, 436729.5 ], [ 433048.75, 436728.75 ], [ 433049.0, 436728.75 ], [ 433049.0, 436728.25 ], [ 433049.25, 436728.25 ], [ 433049.25, 436727.75 ], [ 433049.5, 436727.75 ], [ 433049.5, 436727.5 ], [ 433049.75, 436727.5 ], [ 433049.75, 436727.25 ], [ 433050.0, 436727.25 ], [ 433050.0, 436727.0 ], [ 433050.25, 436727.0 ], [ 433050.25, 436726.5 ], [ 433050.5, 436726.5 ], [ 433050.5, 436726.25 ], [ 433054.5, 436726.25 ], [ 433054.5, 436726.5 ], [ 433055.0, 436726.5 ], [ 433055.0, 436727.0 ], [ 433055.25, 436727.0 ], [ 433055.25, 436727.25 ], [ 433055.5, 436727.25 ], [ 433055.5, 436727.5 ], [ 433056.0, 436727.5 ], [ 433056.0, 436727.75 ], [ 433056.5, 436727.75 ], [ 433056.5, 436728.0 ], [ 433057.0, 436728.0 ], [ 433057.0, 436728.25 ], [ 433057.75, 436728.25 ], [ 433057.75, 436728.5 ], [ 433058.5, 436728.5 ], [ 433058.5, 436728.75 ], [ 433058.75, 436728.75 ], [ 433058.75, 436729.0 ], [ 433059.25, 436729.0 ], [ 433059.25, 436729.25 ], [ 433059.75, 436729.25 ], [ 433059.75, 436729.5 ], [ 433060.5, 436729.5 ], [ 433060.5, 436729.75 ], [ 433060.75, 436729.75 ], [ 433060.75, 436730.0 ], [ 433061.25, 436730.0 ], [ 433061.25, 436730.25 ], [ 433061.75, 436730.25 ], [ 433061.75, 436730.5 ], [ 433062.25, 436730.5 ], [ 433062.25, 436730.75 ], [ 433062.5, 436730.75 ], [ 433062.5, 436731.0 ], [ 433062.75, 436731.0 ], [ 433062.75, 436731.25 ], [ 433063.0, 436731.25 ], [ 433063.0, 436731.5 ], [ 433063.25, 436731.5 ], [ 433063.25, 436731.75 ], [ 433063.75, 436731.75 ], [ 433063.75, 436732.0 ], [ 433064.0, 436732.0 ], [ 433064.0, 436732.25 ], [ 433064.75, 436732.25 ], [ 433064.75, 436732.5 ], [ 433065.0, 436732.5 ], [ 433065.0, 436732.75 ], [ 433065.25, 436732.75 ], [ 433065.25, 436733.0 ], [ 433065.75, 436733.0 ], [ 433065.75, 436733.25 ], [ 433066.25, 436733.25 ], [ 433066.25, 436733.5 ], [ 433066.5, 436733.5 ], [ 433066.5, 436733.75 ], [ 433066.75, 436733.75 ], [ 433066.75, 436734.0 ], [ 433067.0, 436734.0 ], [ 433067.0, 436734.25 ], [ 433067.25, 436734.25 ], [ 433067.25, 436734.5 ], [ 433067.5, 436734.5 ], [ 433067.5, 436735.25 ], [ 433067.75, 436735.25 ], [ 433067.75, 436739.75 ], [ 433067.5, 436739.75 ], [ 433067.5, 436740.0 ], [ 433067.25, 436740.0 ], [ 433067.25, 436740.5 ], [ 433067.0, 436740.5 ], [ 433067.0, 436740.75 ], [ 433066.75, 436740.75 ], [ 433066.75, 436741.0 ], [ 433066.5, 436741.0 ], [ 433066.5, 436741.25 ], [ 433066.0, 436741.25 ], [ 433066.0, 436741.5 ], [ 433065.75, 436741.5 ], [ 433065.75, 436742.0 ], [ 433065.5, 436742.0 ], [ 433065.5, 436742.75 ], [ 433065.0, 436742.75 ], [ 433065.0, 436743.25 ], [ 433064.75, 436743.25 ], [ 433064.75, 436744.0 ], [ 433059.75, 436744.0 ] ] ] } },
{ "type": "Feature", "properties": { }, "geometry": { "type": "Polygon", "coordinates": [ [ [ 433947.75, 436744.0 ], [ 433947.75, 436741.5 ], [ 433948.0, 436741.5 ], [ 433948.0, 436740.5 ], [ 433948.25, 436740.5 ], [ 433948.25, 436739.75 ], [ 433948.5, 436739.75 ], [ 433948.5, 436739.25 ], [ 433948.75, 436739.25 ], [ 433948.75, 436738.5 ], [ 433949.0, 436738.5 ], [ 433949.0, 436736.0 ], [ 433949.25, 436736.0 ], [ 433949.25, 436733.0 ], [ 433949.5, 436733.0 ], [ 433949.5, 436731.75 ], [ 433949.75, 436731.75 ], [ 433949.75, 436730.75 ], [ 433950.0, 436730.75 ], [ 433950.0, 436729.5 ], [ 433950.25, 436729.5 ], [ 433950.25, 436728.5 ], [ 433950.5, 436728.5 ], [ 433950.5, 436727.75 ], [ 433950.75, 436727.75 ], [ 433950.75, 436727.25 ], [ 433951.0, 436727.25 ], [ 433951.0, 436726.5 ], [ 433951.25, 436726.5 ], [ 433951.25, 436725.75 ], [ 433951.5, 436725.75 ], [ 433951.5, 436725.0 ], [ 433951.75, 436725.0 ], [ 433951.75, 436724.5 ], [ 433952.0, 436724.5 ], [ 433952.0, 436724.0 ], [ 433952.25, 436724.0 ], [ 433952.25, 436723.25 ], [ 433952.5, 436723.25 ], [ 433952.5, 436722.75 ], [ 433952.75, 436722.75 ], [ 433952.75, 436722.25 ], [ 433953.0, 436722.25 ], [ 433953.0, 436721.0 ], [ 433953.25, 436721.0 ], [ 433953.25, 436719.25 ], [ 433953.5, 436719.25 ], [ 433953.5, 436718.5 ], [ 433953.75, 436718.5 ], [ 433953.75, 436718.25 ], [ 433954.0, 436718.25 ], [ 433954.0, 436717.75 ], [ 433954.25, 436717.75 ], [ 433954.25, 436717.5 ], [ 433954.5, 436717.5 ], [ 433954.5, 436717.25 ], [ 433955.0, 436717.25 ], [ 433955.0, 436717.0 ], [ 433956.0, 436717.0 ], [ 433956.0, 436716.75 ], [ 433959.0, 436716.75 ], [ 433959.0, 436717.0 ], [ 433960.0, 436717.0 ], [ 433960.0, 436717.25 ], [ 433960.5, 436717.25 ], [ 433960.5, 436717.5 ], [ 433961.0, 436717.5 ], [ 433961.0, 436717.75 ], [ 433961.5, 436717.75 ], [ 433961.5, 436718.0 ], [ 433961.75, 436718.0 ], [ 433961.75, 436718.25 ], [ 433962.25, 436718.25 ], [ 433962.25, 436718.5 ], [ 433962.5, 436718.5 ], [ 433962.5, 436719.0 ], [ 433962.75, 436719.0 ], [ 433962.75, 436719.5 ], [ 433963.0, 436719.5 ], [ 433963.0, 436720.0 ], [ 433963.25, 436720.0 ], [ 433963.25, 436720.5 ], [ 433963.5, 436720.5 ], [ 433963.5, 436721.0 ], [ 433963.75, 436721.0 ], [ 433963.75, 436721.25 ], [ 433964.0, 436721.25 ], [ 433964.0, 436721.75 ], [ 433964.25, 436721.75 ], [ 433964.25, 436722.0 ], [ 433964.5, 436722.0 ], [ 433964.5, 436722.25 ], [ 433964.75, 436722.25 ], [ 433964.75, 436723.0 ], [ 433965.0, 436723.0 ], [ 433965.0, 436723.5 ], [ 433965.25, 436723.5 ], [ 433965.25, 436724.75 ], [ 433965.5, 436724.75 ], [ 433965.5, 436728.75 ], [ 433965.25, 436728.75 ], [ 433965.25, 436731.5 ], [ 433965.0, 436731.5 ], [ 433965.0, 436732.5 ], [ 433964.75, 436732.5 ], [ 433964.75, 436736.25 ], [ 433965.0, 436736.25 ], [ 433965.0, 436738.75 ], [ 433964.75, 436738.75 ], [ 433964.75, 436739.25 ], [ 433964.5, 436739.25 ], [ 433964.5, 436739.75 ], [ 433964.25, 436739.75 ], [ 433964.25, 436740.25 ], [ 433964.0, 436740.25 ], [ 433964.0, 436740.5 ], [ 433963.75, 436740.5 ], [ 433963.75, 436741.0 ], [ 433963.5, 436741.0 ], [ 433963.5, 436741.5 ], [ 433963.25, 436741.5 ], [ 433963.25, 436742.0 ], [ 433963.0, 436742.0 ], [ 433963.0, 436742.5 ], [ 433962.75, 436742.5 ], [ 433962.75, 436743.25 ], [ 433963.0, 436743.25 ], [ 433963.0, 436744.0 ], [ 433947.75, 436744.0 ] ] ] } },
{ "type": "Feature", "properties": { }, "geometry": { "type": "Polygon", "coordinates": [ [ [ 433740.75, 436744.0 ], [ 433740.75, 436743.0 ], [ 433740.5, 436743.0 ], [ 433740.5, 436742.25 ], [ 433740.25, 436742.25 ], [ 433740.25, 436742.0 ], [ 433740.0, 436742.0 ], [ 433740.0, 436741.5 ], [ 433739.75, 436741.5 ], [ 433739.75, 436741.25 ], [ 433739.5, 436741.25 ], [ 433739.5, 436740.75 ], [ 433739.25, 436740.75 ], [ 433739.25, 436740.5 ], [ 433739.0, 436740.5 ], [ 433739.0, 436740.0 ], [ 433738.75, 436740.0 ], [ 433738.75, 436739.5 ], [ 433738.5, 436739.5 ], [ 433738.5, 436739.0 ], [ 433738.25, 436739.0 ], [ 433738.25, 436738.75 ], [ 433738.0, 436738.75 ], [ 433738.0, 436738.25 ], [ 433737.75, 436738.25 ], [ 433737.75, 436738.0 ], [ 433737.5, 436738.0 ], [ 433737.5, 436737.75 ], [ 433737.25, 436737.75 ], [ 433737.25, 436737.25 ], [ 433737.0, 436737.25 ], [ 433737.0, 436737.0 ], [ 433736.75, 436737.0 ], [ 433736.75, 436736.5 ], [ 433736.5, 436736.5 ], [ 433736.5, 436736.25 ], [ 433736.25, 436736.25 ], [ 433736.25, 436735.75 ], [ 433736.0, 436735.75 ], [ 433736.0, 436735.0 ], [ 433735.75, 436735.0 ], [ 433735.75, 436734.5 ], [ 433735.5, 436734.5 ], [ 433735.5, 436733.5 ], [ 433735.25, 436733.5 ], [ 433735.25, 436730.25 ], [ 433735.5, 436730.25 ], [ 433735.5, 436729.75 ], [ 433735.75, 436729.75 ], [ 433735.75, 436729.25 ], [ 433736.0, 436729.25 ], [ 433736.0, 436729.0 ], [ 433736.25, 436729.0 ], [ 433736.25, 436728.75 ], [ 433736.5, 436728.75 ], [ 433736.5, 436728.5 ], [ 433736.75, 436728.5 ], [ 433736.75, 436728.25 ], [ 433737.0, 436728.25 ], [ 433737.0, 436728.0 ], [ 433737.5, 436728.0 ], [ 433737.5, 436727.75 ], [ 433737.75, 436727.75 ], [ 433737.75, 436727.5 ], [ 433738.5, 436727.5 ], [ 433738.5, 436727.25 ], [ 433739.75, 436727.25 ], [ 433739.75, 436727.0 ], [ 433741.5, 436727.0 ], [ 433741.5, 436726.75 ], [ 433742.5, 436726.75 ], [ 433742.5, 436726.5 ], [ 433743.25, 436726.5 ], [ 433743.25, 436726.25 ], [ 433743.75, 436726.25 ], [ 433743.75, 436726.0 ], [ 433744.25, 436726.0 ], [ 433744.25, 436725.75 ], [ 433744.75, 436725.75 ], [ 433744.75, 436725.5 ], [ 433745.0, 436725.5 ], [ 433745.0, 436725.25 ], [ 433745.5, 436725.25 ], [ 433745.5, 436725.0 ], [ 433746.25, 436725.0 ], [ 433746.25, 436725.25 ], [ 433746.5, 436725.25 ], [ 433746.5, 436725.0 ], [ 433747.0, 436725.0 ], [ 433747.0, 436724.75 ], [ 433747.25, 436724.75 ], [ 433747.25, 436724.5 ], [ 433747.75, 436724.5 ], [ 433747.75, 436724.25 ], [ 433748.25, 436724.25 ], [ 433748.25, 436724.0 ], [ 433749.25, 436724.0 ], [ 433749.25, 436723.75 ], [ 433750.5, 436723.75 ], [ 433750.5, 436723.5 ], [ 433751.75, 436723.5 ], [ 433751.75, 436723.25 ], [ 433752.25, 436723.25 ], [ 433752.25, 436723.0 ], [ 433753.25, 436723.0 ], [ 433753.25, 436722.75 ], [ 433754.0, 436722.75 ], [ 433754.0, 436722.5 ], [ 433754.5, 436722.5 ], [ 433754.5, 436722.25 ], [ 433754.75, 436722.25 ], [ 433754.75, 436722.0 ], [ 433755.25, 436722.0 ], [ 433755.25, 436721.75 ], [ 433755.75, 436721.75 ], [ 433755.75, 436720.5 ], [ 433756.0, 436720.5 ], [ 433756.0, 436720.25 ], [ 433756.25, 436720.25 ], [ 433756.25, 436720.0 ], [ 433756.75, 436720.0 ], [ 433756.75, 436719.75 ], [ 433757.0, 436719.75 ], [ 433757.0, 436719.5 ], [ 433757.25, 436719.5 ], [ 433757.25, 436719.0 ], [ 433757.5, 436719.0 ], [ 433757.5, 436718.5 ], [ 433758.0, 436718.5 ], [ 433758.0, 436718.25 ], [ 433758.5, 436718.25 ], [ 433758.5, 436718.0 ], [ 433758.75, 436718.0 ], [ 433758.75, 436717.75 ], [ 433759.0, 436717.75 ], [ 433759.0, 436717.5 ], [ 433759.5, 436717.5 ], [ 433759.5, 436717.0 ], [ 433759.75, 436717.0 ], [ 433759.75, 436716.5 ], [ 433760.0, 436716.5 ], [ 433760.0, 436716.25 ], [ 433760.25, 436716.25 ], [ 433760.25, 436716.0 ], [ 433760.75, 436716.0 ], [ 433760.75, 436715.75 ], [ 433761.25, 436715.75 ], [ 433761.25, 436715.5 ], [ 433762.25, 436715.5 ], [ 433762.25, 436715.75 ], [ 433762.75, 436715.75 ], [ 433762.75, 436715.5 ], [ 433763.5, 436715.5 ], [ 433763.5, 436715.25 ], [ 433764.25, 436715.25 ], [ 433764.25, 436715.0 ], [ 433765.25, 436715.0 ], [ 433765.25, 436714.75 ], [ 433768.0, 436714.75 ], [ 433768.0, 436737.0 ], [ 433767.25, 436737.0 ], [ 433767.25, 436736.75 ], [ 433765.25, 436736.75 ], [ 433765.25, 436737.0 ], [ 433765.0, 436737.0 ], [ 433765.0, 436737.25 ], [ 433764.5, 436737.25 ], [ 433764.5, 436737.5 ], [ 433764.25, 436737.5 ], [ 433764.25, 436737.75 ], [ 433764.0, 436737.75 ], [ 433764.0, 436738.25 ], [ 433763.75, 436738.25 ], [ 433763.75, 436738.5 ], [ 433763.5, 436738.5 ], [ 433763.5, 436739.0 ], [ 433763.25, 436739.0 ], [ 433763.25, 436739.5 ], [ 433763.0, 436739.5 ], [ 433763.0, 436739.75 ], [ 433762.75, 436739.75 ], [ 433762.75, 436740.0 ], [ 433762.5, 436740.0 ], [ 433762.5, 436740.25 ], [ 433762.25, 436740.25 ], [ 433762.25, 436740.5 ], [ 433761.75, 436740.5 ], [ 433761.75, 436740.75 ], [ 433761.25, 436740.75 ], [ 433761.25, 436741.0 ], [ 433761.0, 436741.0 ], [ 433761.0, 436741.25 ], [ 433760.75, 436741.25 ], [ 433760.75, 436741.5 ], [ 433760.5, 436741.5 ], [ 433760.5, 436741.75 ], [ 433760.25, 436741.75 ], [ 433760.25, 436742.25 ], [ 433760.0, 436742.25 ], [ 433760.0, 436743.25 ], [ 433759.75, 436743.25 ], [ 433759.75, 436744.0 ], [ 433740.75, 436744.0 ] ] ] } },
{ "type": "Feature", "properties": { }, "geometry": { "type": "Polygon", "coordinates": [ [ [ 433298.25, 436733.5 ], [ 433298.25, 436733.25 ], [ 433296.25, 436733.25 ], [ 433296.25, 436733.0 ], [ 433294.25, 436733.0 ], [ 433294.25, 436732.75 ], [ 433292.5, 436732.75 ], [ 433292.5, 436732.5 ], [ 433292.25, 436732.5 ], [ 433292.25, 436732.75 ], [ 433291.25, 436732.75 ], [ 433291.25, 436732.5 ], [ 433290.5, 436732.5 ], [ 433290.5, 436732.25 ], [ 433290.0, 436732.25 ], [ 433290.0, 436732.0 ], [ 433289.25, 436732.0 ], [ 433289.25, 436731.75 ], [ 433288.75, 436731.75 ], [ 433288.75, 436731.5 ], [ 433288.0, 436731.5 ], [ 433288.0, 436731.25 ], [ 433287.5, 436731.25 ], [ 433287.5, 436731.0 ], [ 433287.25, 436731.0 ], [ 433287.25, 436730.75 ], [ 433286.75, 436730.75 ], [ 433286.75, 436730.5 ], [ 433286.25, 436730.5 ], [ 433286.25, 436730.25 ], [ 433286.0, 436730.25 ], [ 433286.0, 436730.0 ], [ 433285.5, 436730.0 ], [ 433285.5, 436729.75 ], [ 433285.25, 436729.75 ], [ 433285.25, 436729.5 ], [ 433285.0, 436729.5 ], [ 433285.0, 436729.25 ], [ 433284.5, 436729.25 ], [ 433284.5, 436729.0 ], [ 433284.25, 436729.0 ], [ 433284.25, 436728.75 ], [ 433284.0, 436728.75 ], [ 433284.0, 436728.5 ], [ 433283.75, 436728.5 ], [ 433283.75, 436728.25 ], [ 433283.5, 436728.25 ], [ 433283.5, 436728.0 ], [ 433283.25, 436728.0 ], [ 433283.25, 436727.5 ], [ 433283.0, 436727.5 ], [ 433283.0, 436727.25 ], [ 433282.75, 436727.25 ], [ 433282.75, 436726.75 ], [ 433282.5, 436726.75 ], [ 433282.5, 436726.5 ], [ 433282.25, 436726.5 ], [ 433282.25, 436725.0 ], [ 433282.0, 436725.0 ], [ 433282.0, 436723.75 ], [ 433282.25, 436723.75 ], [ 433282.25, 436722.5 ], [ 433282.5, 436722.5 ], [ 433282.5, 436722.25 ], [ 433282.75, 436722.25 ], [ 433282.75, 436721.75 ], [ 433283.0, 436721.75 ], [ 433283.0, 436721.25 ], [ 433283.25, 436721.25 ], [ 433283.25, 436720.75 ], [ 433283.5, 436720.75 ], [ 433283.5, 436720.25 ], [ 433283.75, 436720.25 ], [ 433283.75, 436719.5 ], [ 433284.0, 436719.5 ], [ 433284.0, 436719.0 ], [ 433284.25, 436719.0 ], [ 433284.25, 436718.25 ], [ 433284.5, 436718.25 ], [ 433284.5, 436717.5 ], [ 433284.75, 436717.5 ], [ 433284.75, 436717.0 ], [ 433285.0, 436717.0 ], [ 433285.0, 436716.5 ], [ 433285.25, 436716.5 ], [ 433285.25, 436716.0 ], [ 433285.5, 436716.0 ], [ 433285.5, 436715.5 ], [ 433285.75, 436715.5 ], [ 433285.75, 436715.0 ], [ 433286.0, 436715.0 ], [ 433286.0, 436714.75 ], [ 433286.25, 436714.75 ], [ 433286.25, 436714.5 ], [ 433286.5, 436714.5 ], [ 433286.5, 436714.25 ], [ 433286.75, 436714.25 ], [ 433286.75, 436714.0 ], [ 433287.0, 436714.0 ], [ 433287.0, 436713.75 ], [ 433287.25, 436713.75 ], [ 433287.25, 436713.5 ], [ 433287.5, 436713.5 ], [ 433287.5, 436713.25 ], [ 433288.0, 436713.25 ], [ 433288.0, 436713.0 ], [ 433288.25, 436713.0 ], [ 433288.25, 436712.5 ], [ 433288.75, 436712.5 ], [ 433288.75, 436712.25 ], [ 433289.25, 436712.25 ], [ 433289.25, 436712.0 ], [ 433290.5, 436712.0 ], [ 433290.5, 436712.25 ], [ 433291.75, 436712.25 ], [ 433291.75, 436712.5 ], [ 433293.25, 436712.5 ], [ 433293.25, 436712.75 ], [ 433294.5, 436712.75 ], [ 433294.5, 436713.0 ], [ 433295.5, 436713.0 ], [ 433295.5, 436713.25 ], [ 433296.5, 436713.25 ], [ 433296.5, 436713.5 ], [ 433297.0, 436713.5 ], [ 433297.0, 436713.75 ], [ 433297.5, 436713.75 ], [ 433297.5, 436714.0 ], [ 433298.25, 436714.0 ], [ 433298.25, 436714.25 ], [ 433299.0, 436714.25 ], [ 433299.0, 436714.5 ], [ 433299.5, 436714.5 ], [ 433299.5, 436714.75 ], [ 433300.75, 436714.75 ], [ 433300.75, 436715.0 ], [ 433301.25, 436715.0 ], [ 433301.25, 436715.25 ], [ 433302.0, 436715.25 ], [ 433302.0, 436715.5 ], [ 433302.75, 436715.5 ], [ 433302.75, 436715.75 ], [ 433303.25, 436715.75 ], [ 433303.25, 436716.0 ], [ 433303.75, 436716.0 ], [ 433303.75, 436716.25 ], [ 433304.25, 436716.25 ], [ 433304.25, 436716.5 ], [ 433304.5, 436716.5 ], [ 433304.5, 436716.75 ], [ 433304.75, 436716.75 ], [ 433304.75, 436717.0 ], [ 433305.0, 436717.0 ], [ 433305.0, 436717.25 ], [ 433305.25, 436717.25 ], [ 433305.25, 436717.5 ], [ 433305.5, 436717.5 ], [ 433305.5, 436718.25 ], [ 433305.75, 436718.25 ], [ 433305.75, 436719.25 ], [ 433305.5, 436719.25 ], [ 433305.5, 436721.75 ], [ 433305.25, 436721.75 ], [ 433305.25, 436722.5 ], [ 433305.0, 436722.5 ], [ 433305.0, 436724.0 ], [ 433304.75, 436724.0 ], [ 433304.75, 436725.25 ], [ 433304.5, 436725.25 ], [ 433304.5, 436726.5 ], [ 433304.25, 436726.5 ], [ 433304.25, 436727.75 ], [ 433304.0, 436727.75 ], [ 433304.0, 436728.25 ], [ 433303.75, 436728.25 ], [ 433303.75, 436729.0 ], [ 433303.5, 436729.0 ], [ 433303.5, 436729.5 ], [ 433303.25, 436729.5 ], [ 433303.25, 436730.0 ], [ 433303.0, 436730.0 ], [ 433303.0, 436730.25 ], [ 433302.75, 436730.25 ], [ 433302.75, 436730.75 ], [ 433302.5, 436730.75 ], [ 433302.5, 436731.25 ], [ 433302.25, 436731.25 ], [ 433302.25, 436731.5 ], [ 433302.0, 436731.5 ], [ 433302.0, 436731.75 ], [ 433301.75, 436731.75 ], [ 433301.75, 436732.25 ], [ 433301.5, 436732.25 ], [ 433301.5, 436732.5 ], [ 433301.0, 436732.5 ], [ 433301.0, 436732.75 ], [ 433300.5, 436732.75 ], [ 433300.5, 436733.0 ], [ 433300.0, 436733.0 ], [ 433300.0, 436733.25 ], [ 433298.75, 436733.25 ], [ 433298.75, 436733.5 ], [ 433298.25, 436733.5 ] ] ] } },
{ "type": "Feature", "properties": { }, "geometry": { "type": "Polygon", "coordinates": [ [ [ 433818.5, 436680.5 ], [ 433818.5, 436680.25 ], [ 433818.0, 436680.25 ], [ 433818.0, 436680.0 ], [ 433817.5, 436680.0 ], [ 433817.5, 436679.75 ], [ 433817.25, 436679.75 ], [ 433817.25, 436679.25 ], [ 433817.0, 436679.25 ], [ 433817.0, 436678.75 ], [ 433816.75, 436678.75 ], [ 433816.75, 436678.25 ], [ 433816.5, 436678.25 ], [ 433816.5, 436677.75 ], [ 433816.25, 436677.75 ], [ 433816.25, 436677.25 ], [ 433816.0, 436677.25 ], [ 433816.0, 436676.5 ], [ 433815.75, 436676.5 ], [ 433815.75, 436675.75 ], [ 433815.5, 436675.75 ], [ 433815.5, 436675.25 ], [ 433815.25, 436675.25 ], [ 433815.25, 436674.75 ], [ 433815.0, 436674.75 ], [ 433815.0, 436673.75 ], [ 433815.25, 436673.75 ], [ 433815.25, 436673.0 ], [ 433815.5, 436673.0 ], [ 433815.5, 436672.75 ], [ 433815.75, 436672.75 ], [ 433815.75, 436672.5 ], [ 433816.0, 436672.5 ], [ 433816.0, 436672.25 ], [ 433816.25, 436672.25 ], [ 433816.25, 436672.0 ], [ 433816.5, 436672.0 ], [ 433816.5, 436671.75 ], [ 433817.0, 436671.75 ], [ 433817.0, 436671.5 ], [ 433817.25, 436671.5 ], [ 433817.25, 436671.25 ], [ 433817.75, 436671.25 ], [ 433817.75, 436671.0 ], [ 433818.5, 436671.0 ], [ 433818.5, 436670.75 ], [ 433819.25, 436670.75 ], [ 433819.25, 436670.5 ], [ 433820.25, 436670.5 ], [ 433820.25, 436670.25 ], [ 433821.75, 436670.25 ], [ 433821.75, 436670.0 ], [ 433822.5, 436670.0 ], [ 433822.5, 436669.75 ], [ 433823.25, 436669.75 ], [ 433823.25, 436669.5 ], [ 433823.75, 436669.5 ], [ 433823.75, 436669.25 ], [ 433824.5, 436669.25 ], [ 433824.5, 436669.0 ], [ 433825.25, 436669.0 ], [ 433825.25, 436668.75 ], [ 433825.5, 436668.75 ], [ 433825.5, 436668.5 ], [ 433826.25, 436668.5 ], [ 433826.25, 436668.25 ], [ 433826.5, 436668.25 ], [ 433826.5, 436668.0 ], [ 433827.25, 436668.0 ], [ 433827.25, 436667.75 ], [ 433827.75, 436667.75 ], [ 433827.75, 436667.5 ], [ 433828.75, 436667.5 ], [ 433828.75, 436667.25 ], [ 433830.0, 436667.25 ], [ 433830.0, 436667.5 ], [ 433830.75, 436667.5 ], [ 433830.75, 436668.0 ], [ 433831.0, 436668.0 ], [ 433831.0, 436668.25 ], [ 433831.25, 436668.25 ], [ 433831.25, 436668.5 ], [ 433831.5, 436668.5 ], [ 433831.5, 436669.0 ], [ 433831.75, 436669.0 ], [ 433831.75, 436669.25 ], [ 433832.0, 436669.25 ], [ 433832.0, 436670.0 ], [ 433832.25, 436670.0 ], [ 433832.25, 436671.0 ], [ 433832.5, 436671.0 ], [ 433832.5, 436673.75 ], [ 433832.25, 436673.75 ], [ 433832.25, 436674.25 ], [ 433832.0, 436674.25 ], [ 433832.0, 436674.75 ], [ 433831.75, 436674.75 ], [ 433831.75, 436675.0 ], [ 433831.5, 436675.0 ], [ 433831.5, 436675.25 ], [ 433831.25, 436675.25 ], [ 433831.25, 436675.5 ], [ 433830.75, 436675.5 ], [ 433830.75, 436675.75 ], [ 433830.25, 436675.75 ], [ 433830.25, 436676.0 ], [ 433829.75, 436676.0 ], [ 433829.75, 436676.25 ], [ 433829.0, 436676.25 ], [ 433829.0, 436676.5 ], [ 433828.25, 436676.5 ], [ 433828.25, 436676.75 ], [ 433827.75, 436676.75 ], [ 433827.75, 436677.0 ], [ 433827.25, 436677.0 ], [ 433827.25, 436677.25 ], [ 433827.0, 436677.25 ], [ 433827.0, 436677.5 ], [ 433826.5, 436677.5 ], [ 433826.5, 436677.75 ], [ 433826.0, 436677.75 ], [ 433826.0, 436678.0 ], [ 433825.75, 436678.0 ], [ 433825.75, 436678.25 ], [ 433825.5, 436678.25 ], [ 433825.5, 436678.5 ], [ 433825.0, 436678.5 ], [ 433825.0, 436678.75 ], [ 433824.5, 436678.75 ], [ 433824.5, 436679.0 ], [ 433824.0, 436679.0 ], [ 433824.0, 436679.25 ], [ 433823.5, 436679.25 ], [ 433823.5, 436679.5 ], [ 433823.0, 436679.5 ], [ 433823.0, 436679.75 ], [ 433822.25, 436679.75 ], [ 433822.25, 436680.0 ], [ 433821.5, 436680.0 ], [ 433821.5, 436680.25 ], [ 433820.25, 436680.25 ], [ 433820.25, 436680.5 ], [ 433818.5, 436680.5 ] ] ] } },
{ "type": "Feature", "properties": { }, "geometry": { "type": "Polygon", "coordinates": [ [ [ 433117.5, 436693.75 ], [ 433117.5, 436693.5 ], [ 433116.75, 436693.5 ], [ 433116.75, 436693.25 ], [ 433116.25, 436693.25 ], [ 433116.25, 436693.0 ], [ 433115.75, 436693.0 ], [ 433115.75, 436692.75 ], [ 433114.75, 436692.75 ], [ 433114.75, 436692.5 ], [ 433114.25, 436692.5 ], [ 433114.25, 436692.25 ], [ 433113.75, 436692.25 ], [ 433113.75, 436692.0 ], [ 433113.5, 436692.0 ], [ 433113.5, 436691.5 ], [ 433113.25, 436691.5 ], [ 433113.25, 436691.0 ], [ 433113.0, 436691.0 ], [ 433113.0, 436689.0 ], [ 433113.25, 436689.0 ], [ 433113.25, 436687.25 ], [ 433113.5, 436687.25 ], [ 433113.5, 436686.0 ], [ 433113.75, 436686.0 ], [ 433113.75, 436682.25 ], [ 433114.0, 436682.25 ], [ 433114.0, 436681.0 ], [ 433114.25, 436681.0 ], [ 433114.25, 436679.0 ], [ 433114.5, 436679.0 ], [ 433114.5, 436677.25 ], [ 433114.75, 436677.25 ], [ 433114.75, 436677.0 ], [ 433115.0, 436677.0 ], [ 433115.0, 436676.25 ], [ 433115.25, 436676.25 ], [ 433115.25, 436675.5 ], [ 433115.5, 436675.5 ], [ 433115.5, 436674.0 ], [ 433115.75, 436674.0 ], [ 433115.75, 436672.25 ], [ 433116.0, 436672.25 ], [ 433116.0, 436670.25 ], [ 433116.25, 436670.25 ], [ 433116.25, 436669.0 ], [ 433116.5, 436669.0 ], [ 433116.5, 436666.5 ], [ 433116.75, 436666.5 ], [ 433116.75, 436665.75 ], [ 433117.0, 436665.75 ], [ 433117.0, 436665.25 ], [ 433117.25, 436665.25 ], [ 433117.25, 436665.0 ], [ 433117.5, 436665.0 ], [ 433117.5, 436664.75 ], [ 433118.25, 436664.75 ], [ 433118.25, 436664.5 ], [ 433119.5, 436664.5 ], [ 433119.5, 436664.75 ], [ 433123.0, 436664.75 ], [ 433123.0, 436664.5 ], [ 433124.0, 436664.5 ], [ 433124.0, 436664.25 ], [ 433128.0, 436664.25 ], [ 433128.0, 436685.5 ], [ 433127.25, 436685.5 ], [ 433127.25, 436685.75 ], [ 433126.25, 436685.75 ], [ 433126.25, 436686.0 ], [ 433125.75, 436686.0 ], [ 433125.75, 436686.25 ], [ 433125.25, 436686.25 ], [ 433125.25, 436686.5 ], [ 433125.0, 436686.5 ], [ 433125.0, 436686.75 ], [ 433124.5, 436686.75 ], [ 433124.5, 436687.0 ], [ 433124.25, 436687.0 ], [ 433124.25, 436687.25 ], [ 433124.0, 436687.25 ], [ 433124.0, 436687.75 ], [ 433123.75, 436687.75 ], [ 433123.75, 436688.5 ], [ 433123.5, 436688.5 ], [ 433123.5, 436689.25 ], [ 433123.25, 436689.25 ], [ 433123.25, 436689.75 ], [ 433123.0, 436689.75 ], [ 433123.0, 436690.0 ], [ 433122.75, 436690.0 ], [ 433122.75, 436690.25 ], [ 433122.5, 436690.25 ], [ 433122.5, 436690.5 ], [ 433122.25, 436690.5 ], [ 433122.25, 436691.0 ], [ 433122.0, 436691.0 ], [ 433122.0, 436691.25 ], [ 433121.75, 436691.25 ], [ 433121.75, 436691.5 ], [ 433121.5, 436691.5 ], [ 433121.5, 436691.75 ], [ 433121.25, 436691.75 ], [ 433121.25, 436692.0 ], [ 433121.0, 436692.0 ], [ 433121.0, 436692.5 ], [ 433120.75, 436692.5 ], [ 433120.75, 436692.75 ], [ 433120.25, 436692.75 ], [ 433120.25, 436693.0 ], [ 433119.75, 436693.0 ], [ 433119.75, 436693.25 ], [ 433119.25, 436693.25 ], [ 433119.25, 436693.5 ], [ 433118.25, 436693.5 ], [ 433118.25, 436693.75 ], [ 433117.5, 436693.75 ] ] ] } },
{ "type": "Feature", "properties": { }, "geometry": { "type": "Polygon", "coordinates": [ [ [ 433450.25, 436656.0 ], [ 433450.25, 436655.75 ], [ 433449.0, 436655.75 ], [ 433449.0, 436655.5 ], [ 433448.25, 436655.5 ], [ 433448.25, 436655.25 ], [ 433447.5, 436655.25 ], [ 433447.5, 436655.0 ], [ 433446.5, 436655.0 ], [ 433446.5, 436654.75 ], [ 433446.0, 436654.75 ], [ 433446.0, 436654.5 ], [ 433445.5, 436654.5 ], [ 433445.5, 436654.25 ], [ 433445.25, 436654.25 ], [ 433445.25, 436653.75 ], [ 433445.0, 436653.75 ], [ 433445.0, 436653.25 ], [ 433444.75, 436653.25 ], [ 433444.75, 436652.75 ], [ 433444.5, 436652.75 ], [ 433444.5, 436652.0 ], [ 433444.75, 436652.0 ], [ 433444.75, 436651.25 ], [ 433445.0, 436651.25 ], [ 433445.0, 436650.5 ], [ 433445.25, 436650.5 ], [ 433445.25, 436649.75 ], [ 433445.5, 436649.75 ], [ 433445.5, 436649.25 ], [ 433445.75, 436649.25 ], [ 433445.75, 436649.0 ], [ 433446.0, 436649.0 ], [ 433446.0, 436648.75 ], [ 433446.25, 436648.75 ], [ 433446.25, 436648.5 ], [ 433446.75, 436648.5 ], [ 433446.75, 436648.25 ], [ 433447.0, 436648.25 ], [ 433447.0, 436648.0 ], [ 433447.5, 436648.0 ], [ 433447.5, 436647.75 ], [ 433447.75, 436647.75 ], [ 433447.75, 436647.5 ], [ 433448.0, 436647.5 ], [ 433448.0, 436647.25 ], [ 433448.25, 436647.25 ], [ 433448.25, 436647.0 ], [ 433448.5, 436647.0 ], [ 433448.5, 436646.75 ], [ 433449.0, 436646.75 ], [ 433449.0, 436646.25 ], [ 433449.25, 436646.25 ], [ 433449.25, 436645.5 ], [ 433449.5, 436645.5 ], [ 433449.5, 436645.0 ], [ 433449.75, 436645.0 ], [ 433449.75, 436644.75 ], [ 433450.25, 436644.75 ], [ 433450.25, 436644.5 ], [ 433450.75, 436644.5 ], [ 433450.75, 436644.0 ], [ 433451.0, 436644.0 ], [ 433451.0, 436643.75 ], [ 433451.25, 436643.75 ], [ 433451.25, 436643.0 ], [ 433451.5, 436643.0 ], [ 433451.5, 436642.5 ], [ 433451.75, 436642.5 ], [ 433451.75, 436642.25 ], [ 433452.25, 436642.25 ], [ 433452.25, 436642.0 ], [ 433453.0, 436642.0 ], [ 433453.0, 436641.75 ], [ 433453.5, 436641.75 ], [ 433453.5, 436641.5 ], [ 433454.5, 436641.5 ], [ 433454.5, 436641.75 ], [ 433455.0, 436641.75 ], [ 433455.0, 436642.0 ], [ 433455.5, 436642.0 ], [ 433455.5, 436642.25 ], [ 433456.0, 436642.25 ], [ 433456.0, 436642.5 ], [ 433456.25, 436642.5 ], [ 433456.25, 436642.75 ], [ 433456.5, 436642.75 ], [ 433456.5, 436643.25 ], [ 433456.75, 436643.25 ], [ 433456.75, 436643.5 ], [ 433457.0, 436643.5 ], [ 433457.0, 436643.75 ], [ 433457.5, 436643.75 ], [ 433457.5, 436644.0 ], [ 433460.5, 436644.0 ], [ 433460.5, 436644.25 ], [ 433461.25, 436644.25 ], [ 433461.25, 436644.5 ], [ 433462.75, 436644.5 ], [ 433462.75, 436644.25 ], [ 433463.75, 436644.25 ], [ 433463.75, 436644.0 ], [ 433464.75, 436644.0 ], [ 433464.75, 436643.75 ], [ 433465.25, 436643.75 ], [ 433465.25, 436643.5 ], [ 433466.75, 436643.5 ], [ 433466.75, 436643.25 ], [ 433467.5, 436643.25 ], [ 433467.5, 436643.0 ], [ 433468.5, 436643.0 ], [ 433468.5, 436642.75 ], [ 433469.0, 436642.75 ], [ 433469.0, 436642.5 ], [ 433470.0, 436642.5 ], [ 433470.0, 436642.25 ], [ 433471.0, 436642.25 ], [ 433471.0, 436642.5 ], [ 433472.0, 436642.5 ], [ 433472.0, 436642.75 ], [ 433473.0, 436642.75 ], [ 433473.0, 436642.5 ], [ 433474.25, 436642.5 ], [ 433474.25, 436642.25 ], [ 433474.75, 436642.25 ], [ 433474.75, 436642.5 ], [ 433475.25, 436642.5 ], [ 433475.25, 436642.75 ], [ 433476.5, 436642.75 ], [ 433476.5, 436643.0 ], [ 433477.5, 436643.0 ], [ 433477.5, 436643.25 ], [ 433478.0, 436643.25 ], [ 433478.0, 436643.5 ], [ 433478.5, 436643.5 ], [ 433478.5, 436643.75 ], [ 433478.75, 436643.75 ], [ 433478.75, 436644.0 ], [ 433479.0, 436644.0 ], [ 433479.0, 436644.25 ], [ 433479.5, 436644.25 ], [ 433479.5, 436644.5 ], [ 433480.25, 436644.5 ], [ 433480.25, 436644.75 ], [ 433480.75, 436644.75 ], [ 433480.75, 436645.0 ], [ 433481.0, 436645.0 ], [ 433481.0, 436645.25 ], [ 433481.25, 436645.25 ], [ 433481.25, 436645.75 ], [ 433481.0, 436645.75 ], [ 433481.0, 436646.5 ], [ 433480.75, 436646.5 ], [ 433480.75, 436646.75 ], [ 433480.5, 436646.75 ], [ 433480.5, 436647.0 ], [ 433480.25, 436647.0 ], [ 433480.25, 436647.25 ], [ 433480.0, 436647.25 ], [ 433480.0, 436647.5 ], [ 433479.75, 436647.5 ], [ 433479.75, 436647.75 ], [ 433479.5, 436647.75 ], [ 433479.5, 436648.0 ], [ 433479.25, 436648.0 ], [ 433479.25, 436648.25 ], [ 433478.75, 436648.25 ], [ 433478.75, 436648.5 ], [ 433478.5, 436648.5 ], [ 433478.5, 436648.75 ], [ 433478.25, 436648.75 ], [ 433478.25, 436649.0 ], [ 433478.0, 436649.0 ], [ 433478.0, 436649.25 ], [ 433477.75, 436649.25 ], [ 433477.75, 436649.5 ], [ 433477.25, 436649.5 ], [ 433477.25, 436649.75 ], [ 433477.0, 436649.75 ], [ 433477.0, 436650.25 ], [ 433476.75, 436650.25 ], [ 433476.75, 436650.5 ], [ 433476.5, 436650.5 ], [ 433476.5, 436650.75 ], [ 433476.0, 436650.75 ], [ 433476.0, 436651.0 ], [ 433475.5, 436651.0 ], [ 433475.5, 436651.25 ], [ 433475.25, 436651.25 ], [ 433475.25, 436651.5 ], [ 433475.0, 436651.5 ], [ 433475.0, 436651.75 ], [ 433474.75, 436651.75 ], [ 433474.75, 436652.0 ], [ 433474.5, 436652.0 ], [ 433474.5, 436652.25 ], [ 433474.25, 436652.25 ], [ 433474.25, 436652.5 ], [ 433473.75, 436652.5 ], [ 433473.75, 436652.75 ], [ 433473.25, 436652.75 ], [ 433473.25, 436653.0 ], [ 433472.5, 436653.0 ], [ 433472.5, 436653.25 ], [ 433472.0, 436653.25 ], [ 433472.0, 436653.5 ], [ 433471.5, 436653.5 ], [ 433471.5, 436653.75 ], [ 433471.0, 436653.75 ], [ 433471.0, 436654.0 ], [ 433470.5, 436654.0 ], [ 433470.5, 436654.25 ], [ 433468.25, 436654.25 ], [ 433468.25, 436654.5 ], [ 433465.0, 436654.5 ], [ 433465.0, 436654.75 ], [ 433462.0, 436654.75 ], [ 433462.0, 436655.0 ], [ 433460.5, 436655.0 ], [ 433460.5, 436655.25 ], [ 433458.5, 436655.25 ], [ 433458.5, 436655.5 ], [ 433456.0, 436655.5 ], [ 433456.0, 436655.75 ], [ 433451.75, 436655.75 ], [ 433451.75, 436656.0 ], [ 433450.25, 436656.0 ] ] ] } },
{ "type": "Feature", "properties": { }, "geometry": { "type": "Polygon", "coordinates": [ [ [ 433766.25, 436650.5 ], [ 433766.25, 436649.75 ], [ 433766.0, 436649.75 ], [ 433766.0, 436649.25 ], [ 433765.75, 436649.25 ], [ 433765.75, 436648.75 ], [ 433765.5, 436648.75 ], [ 433765.5, 436648.5 ], [ 433765.25, 436648.5 ], [ 433765.25, 436648.0 ], [ 433765.0, 436648.0 ], [ 433765.0, 436647.75 ], [ 433764.75, 436647.75 ], [ 433764.75, 436647.5 ], [ 433764.5, 436647.5 ], [ 433764.5, 436647.25 ], [ 433764.25, 436647.25 ], [ 433764.25, 436647.0 ], [ 433764.0, 436647.0 ], [ 433764.0, 436646.5 ], [ 433763.75, 436646.5 ], [ 433763.75, 436646.0 ], [ 433763.5, 436646.0 ], [ 433763.5, 436645.75 ], [ 433763.25, 436645.75 ], [ 433763.25, 436645.5 ], [ 433763.0, 436645.5 ], [ 433763.0, 436645.25 ], [ 433762.75, 436645.25 ], [ 433762.75, 436645.0 ], [ 433762.5, 436645.0 ], [ 433762.5, 436644.5 ], [ 433762.25, 436644.5 ], [ 433762.25, 436644.25 ], [ 433762.0, 436644.25 ], [ 433762.0, 436643.75 ], [ 433761.75, 436643.75 ], [ 433761.75, 436643.5 ], [ 433761.5, 436643.5 ], [ 433761.5, 436642.5 ], [ 433761.25, 436642.5 ], [ 433761.25, 436642.0 ], [ 433761.5, 436642.0 ], [ 433761.5, 436640.5 ], [ 433761.75, 436640.5 ], [ 433761.75, 436639.75 ], [ 433762.0, 436639.75 ], [ 433762.0, 436639.25 ], [ 433762.25, 436639.25 ], [ 433762.25, 436638.5 ], [ 433762.5, 436638.5 ], [ 433762.5, 436638.25 ], [ 433763.0, 436638.25 ], [ 433763.0, 436638.0 ], [ 433763.25, 436638.0 ], [ 433763.25, 436637.75 ], [ 433763.5, 436637.75 ], [ 433763.5, 436637.5 ], [ 433764.0, 436637.5 ], [ 433764.0, 436637.25 ], [ 433764.5, 436637.25 ], [ 433764.5, 436637.0 ], [ 433765.25, 436637.0 ], [ 433765.25, 436636.75 ], [ 433768.0, 436636.75 ], [ 433768.0, 436649.75 ], [ 433767.25, 436649.75 ], [ 433767.25, 436650.0 ], [ 433767.0, 436650.0 ], [ 433767.0, 436650.5 ], [ 433766.25, 436650.5 ] ] ] } },
{ "type": "Feature", "properties": { }, "geometry": { "type": "Polygon", "coordinates": [ [ [ 433257.25, 436619.0 ], [ 433257.25, 436618.75 ], [ 433256.0, 436618.75 ], [ 433256.0, 436616.0 ], [ 433258.25, 436616.0 ], [ 433258.25, 436616.5 ], [ 433258.5, 436616.5 ], [ 433258.5, 436616.75 ], [ 433259.0, 436616.75 ], [ 433259.0, 436617.0 ], [ 433259.25, 436617.0 ], [ 433259.25, 436617.25 ], [ 433259.5, 436617.25 ], [ 433259.5, 436617.75 ], [ 433259.25, 436617.75 ], [ 433259.25, 436618.0 ], [ 433259.0, 436618.0 ], [ 433259.0, 436618.5 ], [ 433258.75, 436618.5 ], [ 433258.75, 436618.75 ], [ 433258.5, 436618.75 ], [ 433258.5, 436619.0 ], [ 433257.25, 436619.0 ] ], [ [ 433257.25, 436617.75 ], [ 433257.5, 436617.75 ], [ 433257.5, 436617.5 ], [ 433257.25, 436617.5 ], [ 433257.25, 436617.75 ] ] ] } },
{ "type": "Feature", "properties": { }, "geometry": { "type": "Polygon", "coordinates": [ [ [ 433857.75, 436610.25 ], [ 433857.75, 436610.0 ], [ 433857.5, 436610.0 ], [ 433857.5, 436609.75 ], [ 433857.25, 436609.75 ], [ 433857.25, 436609.0 ], [ 433857.0, 436609.0 ], [ 433857.0, 436608.25 ], [ 433856.75, 436608.25 ], [ 433856.75, 436608.0 ], [ 433856.5, 436608.0 ], [ 433856.5, 436607.75 ], [ 433856.25, 436607.75 ], [ 433856.25, 436606.5 ], [ 433856.5, 436606.5 ], [ 433856.5, 436606.25 ], [ 433856.75, 436606.25 ], [ 433856.75, 436606.0 ], [ 433857.0, 436606.0 ], [ 433857.0, 436605.75 ], [ 433857.75, 436605.75 ], [ 433857.75, 436606.0 ], [ 433858.0, 436606.0 ], [ 433858.0, 436606.25 ], [ 433858.25, 436606.25 ], [ 433858.25, 436606.5 ], [ 433858.5, 436606.5 ], [ 433858.5, 436607.25 ], [ 433858.75, 436607.25 ], [ 433858.75, 436608.25 ], [ 433859.0, 436608.25 ], [ 433859.0, 436609.25 ], [ 433859.25, 436609.25 ], [ 433859.25, 436609.75 ], [ 433859.0, 436609.75 ], [ 433859.0, 436610.0 ], [ 433858.75, 436610.0 ], [ 433858.75, 436610.25 ], [ 433857.75, 436610.25 ] ] ] } },
{ "type": "Feature", "properties": { }, "geometry": { "type": "Polygon", "coordinates": [ [ [ 433884.5, 436616.0 ], [ 433884.5, 436614.75 ], [ 433884.75, 436614.75 ], [ 433884.75, 436614.5 ], [ 433884.5, 436614.5 ], [ 433884.5, 436614.25 ], [ 433884.25, 436614.25 ], [ 433884.25, 436614.0 ], [ 433884.0, 436614.0 ], [ 433884.0, 436613.75 ], [ 433883.75, 436613.75 ], [ 433883.75, 436613.5 ], [ 433883.5, 436613.5 ], [ 433883.5, 436613.25 ], [ 433883.25, 436613.25 ], [ 433883.25, 436613.0 ], [ 433883.0, 436613.0 ], [ 433883.0, 436612.75 ], [ 433882.75, 436612.75 ], [ 433882.75, 436612.5 ], [ 433882.5, 436612.5 ], [ 433882.5, 436612.25 ], [ 433882.25, 436612.25 ], [ 433882.25, 436612.0 ], [ 433882.0, 436612.0 ], [ 433882.0, 436611.75 ], [ 433881.75, 436611.75 ], [ 433881.75, 436611.5 ], [ 433881.25, 436611.5 ], [ 433881.25, 436611.25 ], [ 433880.75, 436611.25 ], [ 433880.75, 436611.0 ], [ 433880.25, 436611.0 ], [ 433880.25, 436610.75 ], [ 433879.75, 436610.75 ], [ 433879.75, 436610.5 ], [ 433879.25, 436610.5 ], [ 433879.25, 436610.25 ], [ 433878.75, 436610.25 ], [ 433878.75, 436610.0 ], [ 433878.25, 436610.0 ], [ 433878.25, 436609.75 ], [ 433877.5, 436609.75 ], [ 433877.5, 436609.5 ], [ 433877.0, 436609.5 ], [ 433877.0, 436609.25 ], [ 433876.5, 436609.25 ], [ 433876.5, 436609.0 ], [ 433875.75, 436609.0 ], [ 433875.75, 436608.75 ], [ 433875.25, 436608.75 ], [ 433875.25, 436608.5 ], [ 433874.75, 436608.5 ], [ 433874.75, 436608.25 ], [ 433874.5, 436608.25 ], [ 433874.5, 436608.0 ], [ 433874.25, 436608.0 ], [ 433874.25, 436607.25 ], [ 433874.0, 436607.25 ], [ 433874.0, 436606.75 ], [ 433873.75, 436606.75 ], [ 433873.75, 436605.5 ], [ 433873.5, 436605.5 ], [ 433873.5, 436605.0 ], [ 433873.25, 436605.0 ], [ 433873.25, 436603.25 ], [ 433873.5, 436603.25 ], [ 433873.5, 436602.75 ], [ 433873.75, 436602.75 ], [ 433873.75, 436602.25 ], [ 433874.0, 436602.25 ], [ 433874.0, 436602.0 ], [ 433874.25, 436602.0 ], [ 433874.25, 436601.75 ], [ 433874.5, 436601.75 ], [ 433874.5, 436601.5 ], [ 433875.0, 436601.5 ], [ 433875.0, 436601.25 ], [ 433875.5, 436601.25 ], [ 433875.5, 436601.0 ], [ 433876.25, 436601.0 ], [ 433876.25, 436600.75 ], [ 433876.75, 436600.75 ], [ 433876.75, 436600.5 ], [ 433877.25, 436600.5 ], [ 433877.25, 436600.25 ], [ 433877.75, 436600.25 ], [ 433877.75, 436600.0 ], [ 433878.25, 436600.0 ], [ 433878.25, 436599.75 ], [ 433878.75, 436599.75 ], [ 433878.75, 436599.5 ], [ 433879.25, 436599.5 ], [ 433879.25, 436599.25 ], [ 433880.0, 436599.25 ], [ 433880.0, 436599.0 ], [ 433880.25, 436599.0 ], [ 433880.25, 436598.75 ], [ 433880.5, 436598.75 ], [ 433880.5, 436598.5 ], [ 433880.75, 436598.5 ], [ 433880.75, 436598.25 ], [ 433881.25, 436598.25 ], [ 433881.25, 436598.0 ], [ 433881.75, 436598.0 ], [ 433881.75, 436597.75 ], [ 433882.0, 436597.75 ], [ 433882.0, 436597.5 ], [ 433882.25, 436597.5 ], [ 433882.25, 436597.25 ], [ 433882.5, 436597.25 ], [ 433882.5, 436597.0 ], [ 433883.0, 436597.0 ], [ 433883.0, 436596.75 ], [ 433883.5, 436596.75 ], [ 433883.5, 436596.5 ], [ 433883.75, 436596.5 ], [ 433883.75, 436596.25 ], [ 433884.25, 436596.25 ], [ 433884.25, 436596.0 ], [ 433884.75, 436596.0 ], [ 433884.75, 436595.75 ], [ 433885.25, 436595.75 ], [ 433885.25, 436595.5 ], [ 433886.0, 436595.5 ], [ 433886.0, 436595.25 ], [ 433886.75, 436595.25 ], [ 433886.75, 436595.0 ], [ 433887.25, 436595.0 ], [ 433887.25, 436594.75 ], [ 433887.75, 436594.75 ], [ 433887.75, 436594.5 ], [ 433888.25, 436594.5 ], [ 433888.25, 436594.25 ], [ 433888.5, 436594.25 ], [ 433888.5, 436594.0 ], [ 433889.0, 436594.0 ], [ 433889.0, 436593.75 ], [ 433889.5, 436593.75 ], [ 433889.5, 436593.5 ], [ 433889.75, 436593.5 ], [ 433889.75, 436593.25 ], [ 433890.25, 436593.25 ], [ 433890.25, 436593.0 ], [ 433890.75, 436593.0 ], [ 433890.75, 436592.75 ], [ 433891.25, 436592.75 ], [ 433891.25, 436592.5 ], [ 433891.5, 436592.5 ], [ 433891.5, 436592.25 ], [ 433892.0, 436592.25 ], [ 433892.0, 436592.0 ], [ 433892.25, 436592.0 ], [ 433892.25, 436591.75 ], [ 433892.75, 436591.75 ], [ 433892.75, 436591.5 ], [ 433893.25, 436591.5 ], [ 433893.25, 436591.25 ], [ 433894.25, 436591.25 ], [ 433894.25, 436591.0 ], [ 433895.0, 436591.0 ], [ 433895.0, 436591.25 ], [ 433896.0, 436591.25 ], [ 433896.0, 436596.75 ], [ 433896.5, 436596.75 ], [ 433896.5, 436596.5 ], [ 433897.0, 436596.5 ], [ 433897.0, 436596.25 ], [ 433897.75, 436596.25 ], [ 433897.75, 436596.5 ], [ 433898.0, 436596.5 ], [ 433898.0, 436596.75 ], [ 433898.5, 436596.75 ], [ 433898.5, 436597.0 ], [ 433899.0, 436597.0 ], [ 433899.0, 436597.25 ], [ 433899.5, 436597.25 ], [ 433899.5, 436597.5 ], [ 433900.25, 436597.5 ], [ 433900.25, 436597.75 ], [ 433900.75, 436597.75 ], [ 433900.75, 436598.0 ], [ 433901.0, 436598.0 ], [ 433901.0, 436598.25 ], [ 433901.25, 436598.25 ], [ 433901.25, 436598.5 ], [ 433901.5, 436598.5 ], [ 433901.5, 436598.75 ], [ 433901.75, 436598.75 ], [ 433901.75, 436599.0 ], [ 433902.0, 436599.0 ], [ 433902.0, 436599.25 ], [ 433902.25, 436599.25 ], [ 433902.25, 436599.5 ], [ 433902.5, 436599.5 ], [ 433902.5, 436600.0 ], [ 433902.75, 436600.0 ], [ 433902.75, 436600.5 ], [ 433903.0, 436600.5 ], [ 433903.0, 436601.25 ], [ 433903.25, 436601.25 ], [ 433903.25, 436603.0 ], [ 433903.0, 436603.0 ], [ 433903.0, 436603.75 ], [ 433902.75, 436603.75 ], [ 433902.75, 436604.0 ], [ 433902.5, 436604.0 ], [ 433902.5, 436604.5 ], [ 433902.25, 436604.5 ], [ 433902.25, 436605.0 ], [ 433902.0, 436605.0 ], [ 433902.0, 436605.5 ], [ 433901.75, 436605.5 ], [ 433901.75, 436605.75 ], [ 433901.5, 436605.75 ], [ 433901.5, 436606.25 ], [ 433901.25, 436606.25 ], [ 433901.25, 436606.5 ], [ 433901.0, 436606.5 ], [ 433901.0, 436606.75 ], [ 433900.75, 436606.75 ], [ 433900.75, 436607.0 ], [ 433900.5, 436607.0 ], [ 433900.5, 436607.25 ], [ 433900.25, 436607.25 ], [ 433900.25, 436607.5 ], [ 433900.0, 436607.5 ], [ 433900.0, 436607.75 ], [ 433899.5, 436607.75 ], [ 433899.5, 436608.0 ], [ 433899.0, 436608.0 ], [ 433899.0, 436608.25 ], [ 433898.75, 436608.25 ], [ 433898.75, 436608.5 ], [ 433896.0, 436608.5 ], [ 433896.0, 436612.5 ], [ 433894.75, 436612.5 ], [ 433894.75, 436612.25 ], [ 433894.5, 436612.25 ], [ 433894.5, 436612.5 ], [ 433894.0, 436612.5 ], [ 433894.0, 436612.75 ], [ 433893.5, 436612.75 ], [ 433893.5, 436613.0 ], [ 433893.25, 436613.0 ], [ 433893.25, 436613.25 ], [ 433893.0, 436613.25 ], [ 433893.0, 436613.5 ], [ 433892.75, 436613.5 ], [ 433892.75, 436614.0 ], [ 433892.5, 436614.0 ], [ 433892.5, 436616.0 ], [ 433884.5, 436616.0 ] ] ] } },
{ "type": "Feature", "properties": { }, "geometry": { "type": "Polygon", "coordinates": [ [ [ 433676.25, 436576.75 ], [ 433676.25, 436576.25 ], [ 433676.75, 436576.25 ], [ 433676.75, 436576.75 ], [ 433676.25, 436576.75 ] ] ] } },
{ "type": "Feature", "properties": { }, "geometry": { "type": "Polygon", "coordinates": [ [ [ 433657.5, 436577.5 ], [ 433657.5, 436577.25 ], [ 433657.25, 436577.25 ], [ 433657.25, 436577.0 ], [ 433657.0, 436577.0 ], [ 433657.0, 436576.75 ], [ 433656.75, 436576.75 ], [ 433656.75, 436576.5 ], [ 433656.5, 436576.5 ], [ 433656.5, 436575.25 ], [ 433656.25, 436575.25 ], [ 433656.25, 436575.0 ], [ 433655.75, 436575.0 ], [ 433655.75, 436574.25 ], [ 433656.0, 436574.25 ], [ 433656.0, 436574.0 ], [ 433656.25, 436574.0 ], [ 433656.25, 436573.75 ], [ 433656.5, 436573.75 ], [ 433656.5, 436573.5 ], [ 433658.25, 436573.5 ], [ 433658.25, 436573.75 ], [ 433659.0, 436573.75 ], [ 433659.0, 436574.0 ], [ 433659.25, 436574.0 ], [ 433659.25, 436575.0 ], [ 433659.5, 436575.0 ], [ 433659.5, 436575.5 ], [ 433659.25, 436575.5 ], [ 433659.25, 436576.0 ], [ 433659.0, 436576.0 ], [ 433659.0, 436576.5 ], [ 433658.75, 436576.5 ], [ 433658.75, 436576.75 ], [ 433658.5, 436576.75 ], [ 433658.5, 436577.0 ], [ 433658.0, 436577.0 ], [ 433658.0, 436577.25 ], [ 433657.75, 436577.25 ], [ 433657.75, 436577.5 ], [ 433657.5, 436577.5 ] ] ] } },
{ "type": "Feature", "properties": { }, "geometry": { "type": "Polygon", "coordinates": [ [ [ 433114.25, 436568.0 ], [ 433114.25, 436567.75 ], [ 433114.0, 436567.75 ], [ 433114.0, 436567.5 ], [ 433113.75, 436567.5 ], [ 433113.75, 436567.25 ], [ 433113.5, 436567.25 ], [ 433113.5, 436567.0 ], [ 433113.25, 436567.0 ], [ 433113.25, 436566.75 ], [ 433113.0, 436566.75 ], [ 433113.0, 436566.5 ], [ 433112.75, 436566.5 ], [ 433112.75, 436566.0 ], [ 433112.5, 436566.0 ], [ 433112.5, 436565.75 ], [ 433112.25, 436565.75 ], [ 433112.25, 436563.5 ], [ 433112.5, 436563.5 ], [ 433112.5, 436563.0 ], [ 433112.75, 436563.0 ], [ 433112.75, 436562.5 ], [ 433113.0, 436562.5 ], [ 433113.0, 436562.0 ], [ 433113.25, 436562.0 ], [ 433113.25, 436561.75 ], [ 433113.5, 436561.75 ], [ 433113.5, 436561.25 ], [ 433113.75, 436561.25 ], [ 433113.75, 436561.0 ], [ 433114.0, 436561.0 ], [ 433114.0, 436560.5 ], [ 433114.25, 436560.5 ], [ 433114.25, 436560.25 ], [ 433114.5, 436560.25 ], [ 433114.5, 436560.0 ], [ 433114.75, 436560.0 ], [ 433114.75, 436559.75 ], [ 433115.0, 436559.75 ], [ 433115.0, 436559.25 ], [ 433115.25, 436559.25 ], [ 433115.25, 436558.75 ], [ 433115.5, 436558.75 ], [ 433115.5, 436558.5 ], [ 433115.75, 436558.5 ], [ 433115.75, 436558.25 ], [ 433116.0, 436558.25 ], [ 433116.0, 436558.0 ], [ 433116.25, 436558.0 ], [ 433116.25, 436557.5 ], [ 433116.5, 436557.5 ], [ 433116.5, 436557.25 ], [ 433117.0, 436557.25 ], [ 433117.0, 436557.0 ], [ 433117.25, 436557.0 ], [ 433117.25, 436556.75 ], [ 433117.5, 436556.75 ], [ 433117.5, 436556.5 ], [ 433117.75, 436556.5 ], [ 433117.75, 436556.25 ], [ 433118.0, 436556.25 ], [ 433118.0, 436556.0 ], [ 433118.25, 436556.0 ], [ 433118.25, 436555.75 ], [ 433118.5, 436555.75 ], [ 433118.5, 436555.5 ], [ 433118.75, 436555.5 ], [ 433118.75, 436555.25 ], [ 433119.0, 436555.25 ], [ 433119.0, 436554.75 ], [ 433119.25, 436554.75 ], [ 433119.25, 436554.25 ], [ 433119.5, 436554.25 ], [ 433119.5, 436554.0 ], [ 433119.75, 436554.0 ], [ 433119.75, 436553.5 ], [ 433120.0, 436553.5 ], [ 433120.0, 436553.0 ], [ 433120.25, 436553.0 ], [ 433120.25, 436552.5 ], [ 433120.5, 436552.5 ], [ 433120.5, 436552.0 ], [ 433120.75, 436552.0 ], [ 433120.75, 436551.5 ], [ 433121.0, 436551.5 ], [ 433121.0, 436551.0 ], [ 433121.25, 436551.0 ], [ 433121.25, 436550.25 ], [ 433121.5, 436550.25 ], [ 433121.5, 436549.75 ], [ 433121.75, 436549.75 ], [ 433121.75, 436549.25 ], [ 433122.0, 436549.25 ], [ 433122.0, 436548.75 ], [ 433122.25, 436548.75 ], [ 433122.25, 436548.5 ], [ 433122.5, 436548.5 ], [ 433122.5, 436548.0 ], [ 433122.75, 436548.0 ], [ 433122.75, 436547.75 ], [ 433123.0, 436547.75 ], [ 433123.0, 436547.25 ], [ 433123.25, 436547.25 ], [ 433123.25, 436547.0 ], [ 433123.5, 436547.0 ], [ 433123.5, 436546.5 ], [ 433123.75, 436546.5 ], [ 433123.75, 436546.25 ], [ 433124.0, 436546.25 ], [ 433124.0, 436546.0 ], [ 433124.25, 436546.0 ], [ 433124.25, 436545.75 ], [ 433124.5, 436545.75 ], [ 433124.5, 436545.5 ], [ 433124.75, 436545.5 ], [ 433124.75, 436545.25 ], [ 433125.0, 436545.25 ], [ 433125.0, 436545.0 ], [ 433125.5, 436545.0 ], [ 433125.5, 436544.75 ], [ 433126.25, 436544.75 ], [ 433126.25, 436544.5 ], [ 433127.0, 436544.5 ], [ 433127.0, 436544.75 ], [ 433128.0, 436544.75 ], [ 433128.0, 436567.0 ], [ 433125.5, 436567.0 ], [ 433125.5, 436567.25 ], [ 433123.75, 436567.25 ], [ 433123.75, 436567.5 ], [ 433121.75, 436567.5 ], [ 433121.75, 436567.75 ], [ 433120.75, 436567.75 ], [ 433120.75, 436568.0 ], [ 433118.25, 436568.0 ], [ 433118.25, 436567.75 ], [ 433116.75, 436567.75 ], [ 433116.75, 436567.5 ], [ 433116.5, 436567.5 ], [ 433116.5, 436567.75 ], [ 433115.75, 436567.75 ], [ 433115.75, 436568.0 ], [ 433114.25, 436568.0 ] ] ] } },
{ "type": "Feature", "properties": { }, "geometry": { "type": "Polygon", "coordinates": [ [ [ 433798.25, 436598.25 ], [ 433798.25, 436598.0 ], [ 433797.5, 436598.0 ], [ 433797.5, 436597.5 ], [ 433797.25, 436597.5 ], [ 433797.25, 436596.75 ], [ 433797.5, 436596.75 ], [ 433797.5, 436596.5 ], [ 433797.0, 436596.5 ], [ 433797.0, 436596.75 ], [ 433796.5, 436596.75 ], [ 433796.5, 436596.5 ], [ 433796.25, 436596.5 ], [ 433796.25, 436596.25 ], [ 433796.0, 436596.25 ], [ 433796.0, 436596.0 ], [ 433795.5, 436596.0 ], [ 433795.5, 436595.75 ], [ 433795.25, 436595.75 ], [ 433795.25, 436595.5 ], [ 433795.0, 436595.5 ], [ 433795.0, 436594.75 ], [ 433794.75, 436594.75 ], [ 433794.75, 436594.5 ], [ 433794.5, 436594.5 ], [ 433794.5, 436593.75 ], [ 433794.25, 436593.75 ], [ 433794.25, 436591.25 ], [ 433794.0, 436591.25 ], [ 433794.0, 436589.25 ], [ 433793.75, 436589.25 ], [ 433793.75, 436587.0 ], [ 433794.0, 436587.0 ], [ 433794.0, 436585.0 ], [ 433794.25, 436585.0 ], [ 433794.25, 436583.75 ], [ 433794.5, 436583.75 ], [ 433794.5, 436582.25 ], [ 433794.75, 436582.25 ], [ 433794.75, 436581.25 ], [ 433795.0, 436581.25 ], [ 433795.0, 436580.25 ], [ 433795.25, 436580.25 ], [ 433795.25, 436579.5 ], [ 433795.5, 436579.5 ], [ 433795.5, 436578.75 ], [ 433795.75, 436578.75 ], [ 433795.75, 436578.5 ], [ 433796.0, 436578.5 ], [ 433796.0, 436577.25 ], [ 433796.25, 436577.25 ], [ 433796.25, 436576.5 ], [ 433796.5, 436576.5 ], [ 433796.5, 436576.25 ], [ 433796.75, 436576.25 ], [ 433796.75, 436576.0 ], [ 433797.0, 436576.0 ], [ 433797.0, 436575.5 ], [ 433797.25, 436575.5 ], [ 433797.25, 436575.25 ], [ 433797.5, 436575.25 ], [ 433797.5, 436575.0 ], [ 433798.25, 436575.0 ], [ 433798.25, 436574.75 ], [ 433798.75, 436574.75 ], [ 433798.75, 436574.5 ], [ 433799.75, 436574.5 ], [ 433799.75, 436574.0 ], [ 433800.25, 436574.0 ], [ 433800.25, 436573.75 ], [ 433801.25, 436573.75 ], [ 433801.25, 436574.0 ], [ 433801.75, 436574.0 ], [ 433801.75, 436573.75 ], [ 433802.0, 436573.75 ], [ 433802.0, 436573.5 ], [ 433801.0, 436573.5 ], [ 433801.0, 436573.25 ], [ 433800.0, 436573.25 ], [ 433800.0, 436573.0 ], [ 433799.75, 436573.0 ], [ 433799.75, 436572.75 ], [ 433799.5, 436572.75 ], [ 433799.5, 436572.0 ], [ 433799.25, 436572.0 ], [ 433799.25, 436571.0 ], [ 433799.0, 436571.0 ], [ 433799.0, 436570.25 ], [ 433798.75, 436570.25 ], [ 433798.75, 436569.75 ], [ 433798.5, 436569.75 ], [ 433798.5, 436569.5 ], [ 433798.25, 436569.5 ], [ 433798.25, 436569.25 ], [ 433798.0, 436569.25 ], [ 433798.0, 436569.0 ], [ 433797.5, 436569.0 ], [ 433797.5, 436568.75 ], [ 433797.0, 436568.75 ], [ 433797.0, 436568.5 ], [ 433796.5, 436568.5 ], [ 433796.5, 436568.25 ], [ 433796.0, 436568.25 ], [ 433796.0, 436568.0 ], [ 433795.75, 436568.0 ], [ 433795.75, 436567.75 ], [ 433795.5, 436567.75 ], [ 433795.5, 436567.5 ], [ 433795.25, 436567.5 ], [ 433795.25, 436567.25 ], [ 433795.0, 436567.25 ], [ 433795.0, 436567.0 ], [ 433794.75, 436567.0 ], [ 433794.75, 436566.75 ], [ 433794.25, 436566.75 ], [ 433794.25, 436566.5 ], [ 433794.0, 436566.5 ], [ 433794.0, 436566.25 ], [ 433793.75, 436566.25 ], [ 433793.75, 436566.0 ], [ 433793.5, 436566.0 ], [ 433793.5, 436565.75 ], [ 433793.25, 436565.75 ], [ 433793.25, 436565.5 ], [ 433792.75, 436565.5 ], [ 433792.75, 436565.25 ], [ 433792.5, 436565.25 ], [ 433792.5, 436565.0 ], [ 433792.25, 436565.0 ], [ 433792.25, 436564.75 ], [ 433791.75, 436564.75 ], [ 433791.75, 436564.5 ], [ 433791.5, 436564.5 ], [ 433791.5, 436564.25 ], [ 433791.25, 436564.25 ], [ 433791.25, 436564.0 ], [ 433791.0, 436564.0 ], [ 433791.0, 436563.75 ], [ 433790.75, 436563.75 ], [ 433790.75, 436563.5 ], [ 433790.25, 436563.5 ], [ 433790.25, 436563.25 ], [ 433790.0, 436563.25 ], [ 433790.0, 436563.0 ], [ 433789.75, 436563.0 ], [ 433789.75, 436562.75 ], [ 433789.5, 436562.75 ], [ 433789.5, 436562.5 ], [ 433789.25, 436562.5 ], [ 433789.25, 436562.25 ], [ 433789.0, 436562.25 ], [ 433789.0, 436561.75 ], [ 433788.75, 436561.75 ], [ 433788.75, 436560.5 ], [ 433789.0, 436560.5 ], [ 433789.0, 436558.0 ], [ 433789.25, 436558.0 ], [ 433789.25, 436557.25 ], [ 433789.5, 436557.25 ], [ 433789.5, 436556.75 ], [ 433789.75, 436556.75 ], [ 433789.75, 436556.25 ], [ 433790.0, 436556.25 ], [ 433790.0, 436555.75 ], [ 433790.25, 436555.75 ], [ 433790.25, 436555.5 ], [ 433790.5, 436555.5 ], [ 433790.5, 436555.0 ], [ 433790.75, 436555.0 ], [ 433790.75, 436554.75 ], [ 433791.0, 436554.75 ], [ 433791.0, 436554.25 ], [ 433791.25, 436554.25 ], [ 433791.25, 436553.75 ], [ 433791.5, 436553.75 ], [ 433791.5, 436553.0 ], [ 433791.75, 436553.0 ], [ 433791.75, 436552.25 ], [ 433792.0, 436552.25 ], [ 433792.0, 436551.25 ], [ 433792.25, 436551.25 ], [ 433792.25, 436550.25 ], [ 433792.5, 436550.25 ], [ 433792.5, 436549.25 ], [ 433792.75, 436549.25 ], [ 433792.75, 436548.75 ], [ 433793.0, 436548.75 ], [ 433793.0, 436548.0 ], [ 433793.25, 436548.0 ], [ 433793.25, 436547.5 ], [ 433793.5, 436547.5 ], [ 433793.5, 436547.25 ], [ 433793.75, 436547.25 ], [ 433793.75, 436547.0 ], [ 433794.0, 436547.0 ], [ 433794.0, 436546.75 ], [ 433794.25, 436546.75 ], [ 433794.25, 436546.5 ], [ 433794.5, 436546.5 ], [ 433794.5, 436546.25 ], [ 433794.75, 436546.25 ], [ 433794.75, 436546.0 ], [ 433795.0, 436546.0 ], [ 433795.0, 436545.75 ], [ 433795.25, 436545.75 ], [ 433795.25, 436545.5 ], [ 433795.5, 436545.5 ], [ 433795.5, 436545.25 ], [ 433796.0, 436545.25 ], [ 433796.0, 436545.0 ], [ 433796.5, 436545.0 ], [ 433796.5, 436544.75 ], [ 433797.25, 436544.75 ], [ 433797.25, 436544.5 ], [ 433798.25, 436544.5 ], [ 433798.25, 436544.25 ], [ 433798.5, 436544.25 ], [ 433798.5, 436544.5 ], [ 433799.25, 436544.5 ], [ 433799.25, 436544.75 ], [ 433799.75, 436544.75 ], [ 433799.75, 436545.0 ], [ 433800.5, 436545.0 ], [ 433800.5, 436545.25 ], [ 433801.25, 436545.25 ], [ 433801.25, 436545.5 ], [ 433802.0, 436545.5 ], [ 433802.0, 436545.75 ], [ 433802.75, 436545.75 ], [ 433802.75, 436546.0 ], [ 433803.25, 436546.0 ], [ 433803.25, 436546.25 ], [ 433803.5, 436546.25 ], [ 433803.5, 436546.5 ], [ 433804.0, 436546.5 ], [ 433804.0, 436546.75 ], [ 433804.25, 436546.75 ], [ 433804.25, 436547.0 ], [ 433804.5, 436547.0 ], [ 433804.5, 436547.25 ], [ 433804.75, 436547.25 ], [ 433804.75, 436547.5 ], [ 433805.25, 436547.5 ], [ 433805.25, 436547.75 ], [ 433805.5, 436547.75 ], [ 433805.5, 436548.0 ], [ 433805.75, 436548.0 ], [ 433805.75, 436548.25 ], [ 433806.0, 436548.25 ], [ 433806.0, 436548.5 ], [ 433806.25, 436548.5 ], [ 433806.25, 436548.75 ], [ 433806.5, 436548.75 ], [ 433806.5, 436549.0 ], [ 433806.75, 436549.0 ], [ 433806.75, 436549.25 ], [ 433807.0, 436549.25 ], [ 433807.0, 436549.75 ], [ 433807.25, 436549.75 ], [ 433807.25, 436550.25 ], [ 433807.5, 436550.25 ], [ 433807.5, 436551.5 ], [ 433807.25, 436551.5 ], [ 433807.25, 436552.25 ], [ 433807.0, 436552.25 ], [ 433807.0, 436552.75 ], [ 433806.75, 436552.75 ], [ 433806.75, 436553.5 ], [ 433806.5, 436553.5 ], [ 433806.5, 436556.0 ], [ 433806.75, 436556.0 ], [ 433806.75, 436557.0 ], [ 433807.0, 436557.0 ], [ 433807.0, 436557.75 ], [ 433807.25, 436557.75 ], [ 433807.25, 436558.5 ], [ 433807.5, 436558.5 ], [ 433807.5, 436558.75 ], [ 433807.75, 436558.75 ], [ 433807.75, 436559.0 ], [ 433808.0, 436559.0 ], [ 433808.0, 436559.5 ], [ 433808.5, 436559.5 ], [ 433808.5, 436559.75 ], [ 433808.75, 436559.75 ], [ 433808.75, 436560.0 ], [ 433809.25, 436560.0 ], [ 433809.25, 436560.25 ], [ 433809.5, 436560.25 ], [ 433809.5, 436560.5 ], [ 433810.0, 436560.5 ], [ 433810.0, 436560.75 ], [ 433810.5, 436560.75 ], [ 433810.5, 436561.0 ], [ 433811.25, 436561.0 ], [ 433811.25, 436561.25 ], [ 433812.25, 436561.25 ], [ 433812.25, 436561.5 ], [ 433813.0, 436561.5 ], [ 433813.0, 436561.75 ], [ 433814.0, 436561.75 ], [ 433814.0, 436562.0 ], [ 433815.5, 436562.0 ], [ 433815.5, 436561.75 ], [ 433818.25, 436561.75 ], [ 433818.25, 436562.0 ], [ 433818.5, 436562.0 ], [ 433818.5, 436561.75 ], [ 433820.5, 436561.75 ], [ 433820.5, 436561.5 ], [ 433820.75, 436561.5 ], [ 433820.75, 436561.0 ], [ 433821.0, 436561.0 ], [ 433821.0, 436560.75 ], [ 433821.25, 436560.75 ], [ 433821.25, 436560.5 ], [ 433821.75, 436560.5 ], [ 433821.75, 436560.25 ], [ 433823.0, 436560.25 ], [ 433823.0, 436560.5 ], [ 433824.0, 436560.5 ], [ 433824.0, 436560.75 ], [ 433825.75, 436560.75 ], [ 433825.75, 436561.0 ], [ 433826.5, 436561.0 ], [ 433826.5, 436561.25 ], [ 433827.0, 436561.25 ], [ 433827.0, 436561.5 ], [ 433827.5, 436561.5 ], [ 433827.5, 436561.75 ], [ 433827.75, 436561.75 ], [ 433827.75, 436562.0 ], [ 433828.25, 436562.0 ], [ 433828.25, 436562.25 ], [ 433828.75, 436562.25 ], [ 433828.75, 436562.5 ], [ 433829.0, 436562.5 ], [ 433829.0, 436562.75 ], [ 433829.25, 436562.75 ], [ 433829.25, 436563.0 ], [ 433829.5, 436563.0 ], [ 433829.5, 436563.25 ], [ 433830.0, 436563.25 ], [ 433830.0, 436563.5 ], [ 433830.25, 436563.5 ], [ 433830.25, 436564.0 ], [ 433830.5, 436564.0 ], [ 433830.5, 436564.25 ], [ 433830.75, 436564.25 ], [ 433830.75, 436564.5 ], [ 433831.0, 436564.5 ], [ 433831.0, 436564.75 ], [ 433831.25, 436564.75 ], [ 433831.25, 436565.0 ], [ 433831.5, 436565.0 ], [ 433831.5, 436565.25 ], [ 433831.75, 436565.25 ], [ 433831.75, 436566.0 ], [ 433832.0, 436566.0 ], [ 433832.0, 436567.5 ], [ 433832.25, 436567.5 ], [ 433832.25, 436568.75 ], [ 433832.5, 436568.75 ], [ 433832.5, 436569.25 ], [ 433832.75, 436569.25 ], [ 433832.75, 436569.75 ], [ 433833.0, 436569.75 ], [ 433833.0, 436570.25 ], [ 433833.25, 436570.25 ], [ 433833.25, 436570.5 ], [ 433833.5, 436570.5 ], [ 433833.5, 436571.0 ], [ 433833.75, 436571.0 ], [ 433833.75, 436572.75 ], [ 433834.0, 436572.75 ], [ 433834.0, 436573.5 ], [ 433834.25, 436573.5 ], [ 433834.25, 436576.5 ], [ 433834.0, 436576.5 ], [ 433834.0, 436578.75 ], [ 433833.75, 436578.75 ], [ 433833.75, 436579.75 ], [ 433833.5, 436579.75 ], [ 433833.5, 436580.5 ], [ 433833.25, 436580.5 ], [ 433833.25, 436581.25 ], [ 433833.0, 436581.25 ], [ 433833.0, 436581.75 ], [ 433832.75, 436581.75 ], [ 433832.75, 436582.5 ], [ 433832.5, 436582.5 ], [ 433832.5, 436582.75 ], [ 433832.25, 436582.75 ], [ 433832.25, 436583.0 ], [ 433832.0, 436583.0 ], [ 433832.0, 436583.25 ], [ 433831.75, 436583.25 ], [ 433831.75, 436583.5 ], [ 433831.5, 436583.5 ], [ 433831.5, 436583.75 ], [ 433831.25, 436583.75 ], [ 433831.25, 436584.0 ], [ 433831.0, 436584.0 ], [ 433831.0, 436584.25 ], [ 433830.5, 436584.25 ], [ 433830.5, 436584.5 ], [ 433830.0, 436584.5 ], [ 433830.0, 436584.75 ], [ 433829.75, 436584.75 ], [ 433829.75, 436585.0 ], [ 433829.25, 436585.0 ], [ 433829.25, 436585.25 ], [ 433828.75, 436585.25 ], [ 433828.75, 436585.5 ], [ 433828.25, 436585.5 ], [ 433828.25, 436585.75 ], [ 433827.75, 436585.75 ], [ 433827.75, 436586.0 ], [ 433827.5, 436586.0 ], [ 433827.5, 436586.25 ], [ 433827.25, 436586.25 ], [ 433827.25, 436586.5 ], [ 433827.0, 436586.5 ], [ 433827.0, 436586.75 ], [ 433826.75, 436586.75 ], [ 433826.75, 436587.0 ], [ 433826.25, 436587.0 ], [ 433826.25, 436587.25 ], [ 433826.0, 436587.25 ], [ 433826.0, 436587.5 ], [ 433825.75, 436587.5 ], [ 433825.75, 436587.75 ], [ 433825.5, 436587.75 ], [ 433825.5, 436588.0 ], [ 433825.25, 436588.0 ], [ 433825.25, 436588.25 ], [ 433825.0, 436588.25 ], [ 433825.0, 436588.75 ], [ 433824.75, 436588.75 ], [ 433824.75, 436589.0 ], [ 433824.5, 436589.0 ], [ 433824.5, 436589.25 ], [ 433824.25, 436589.25 ], [ 433824.25, 436589.5 ], [ 433824.0, 436589.5 ], [ 433824.0, 436590.0 ], [ 433823.75, 436590.0 ], [ 433823.75, 436590.25 ], [ 433823.5, 436590.25 ], [ 433823.5, 436590.5 ], [ 433823.25, 436590.5 ], [ 433823.25, 436590.75 ], [ 433823.0, 436590.75 ], [ 433823.0, 436591.0 ], [ 433822.5, 436591.0 ], [ 433822.5, 436591.25 ], [ 433822.0, 436591.25 ], [ 433822.0, 436591.5 ], [ 433821.5, 436591.5 ], [ 433821.5, 436591.75 ], [ 433820.75, 436591.75 ], [ 433820.75, 436592.0 ], [ 433820.0, 436592.0 ], [ 433820.0, 436592.25 ], [ 433819.5, 436592.25 ], [ 433819.5, 436592.5 ], [ 433819.0, 436592.5 ], [ 433819.0, 436592.75 ], [ 433818.25, 436592.75 ], [ 433818.25, 436593.0 ], [ 433817.75, 436593.0 ], [ 433817.75, 436593.25 ], [ 433817.25, 436593.25 ], [ 433817.25, 436593.5 ], [ 433816.75, 436593.5 ], [ 433816.75, 436593.75 ], [ 433816.25, 436593.75 ], [ 433816.25, 436594.0 ], [ 433815.75, 436594.0 ], [ 433815.75, 436594.25 ], [ 433815.5, 436594.25 ], [ 433815.5, 436594.5 ], [ 433814.75, 436594.5 ], [ 433814.75, 436594.75 ], [ 433814.25, 436594.75 ], [ 433814.25, 436595.0 ], [ 433813.5, 436595.0 ], [ 433813.5, 436595.25 ], [ 433813.0, 436595.25 ], [ 433813.0, 436595.5 ], [ 433812.25, 436595.5 ], [ 433812.25, 436595.75 ], [ 433811.5, 436595.75 ], [ 433811.5, 436596.0 ], [ 433810.75, 436596.0 ], [ 433810.75, 436596.25 ], [ 433808.25, 436596.25 ], [ 433808.25, 436596.0 ], [ 433807.75, 436596.0 ], [ 433807.75, 436595.75 ], [ 433807.5, 436595.75 ], [ 433807.5, 436595.5 ], [ 433806.75, 436595.5 ], [ 433806.75, 436595.25 ], [ 433806.25, 436595.25 ], [ 433806.25, 436594.75 ], [ 433806.0, 436594.75 ], [ 433806.0, 436594.25 ], [ 433805.5, 436594.25 ], [ 433805.5, 436594.0 ], [ 433804.75, 436594.0 ], [ 433804.75, 436593.75 ], [ 433804.25, 436593.75 ], [ 433804.25, 436594.25 ], [ 433804.0, 436594.25 ], [ 433804.0, 436594.75 ], [ 433804.25, 436594.75 ], [ 433804.25, 436596.5 ], [ 433802.75, 436596.5 ], [ 433802.75, 436596.25 ], [ 433802.25, 436596.25 ], [ 433802.25, 436596.5 ], [ 433802.0, 436596.5 ], [ 433802.0, 436597.0 ], [ 433801.5, 436597.0 ], [ 433801.5, 436597.25 ], [ 433801.25, 436597.25 ], [ 433801.25, 436597.5 ], [ 433800.25, 436597.5 ], [ 433800.25, 436597.75 ], [ 433799.5, 436597.75 ], [ 433799.5, 436598.0 ], [ 433799.25, 436598.0 ], [ 433799.25, 436598.25 ], [ 433798.25, 436598.25 ] ], [ [ 433802.0, 436574.5 ], [ 433802.75, 436574.5 ], [ 433802.75, 436574.25 ], [ 433802.5, 436574.25 ], [ 433802.5, 436574.0 ], [ 433802.25, 436574.0 ], [ 433802.25, 436574.25 ], [ 433802.0, 436574.25 ], [ 433802.0, 436574.5 ] ] ] } },
{ "type": "Feature", "properties": { }, "geometry": { "type": "Polygon", "coordinates": [ [ [ 433900.25, 436510.0 ], [ 433900.25, 436509.0 ], [ 433900.75, 436509.0 ], [ 433900.75, 436510.0 ], [ 433900.25, 436510.0 ] ] ] } },
{ "type": "Feature", "properties": { }, "geometry": { "type": "Polygon", "coordinates": [ [ [ 433985.25, 436498.75 ], [ 433985.25, 436498.5 ], [ 433983.25, 436498.5 ], [ 433983.25, 436498.25 ], [ 433982.75, 436498.25 ], [ 433982.75, 436498.0 ], [ 433981.75, 436498.0 ], [ 433981.75, 436497.75 ], [ 433980.25, 436497.75 ], [ 433980.25, 436497.5 ], [ 433979.25, 436497.5 ], [ 433979.25, 436497.25 ], [ 433978.5, 436497.25 ], [ 433978.5, 436497.0 ], [ 433978.0, 436497.0 ], [ 433978.0, 436496.75 ], [ 433977.75, 436496.75 ], [ 433977.75, 436496.5 ], [ 433977.25, 436496.5 ], [ 433977.25, 436496.0 ], [ 433977.0, 436496.0 ], [ 433977.0, 436495.75 ], [ 433976.75, 436495.75 ], [ 433976.75, 436495.25 ], [ 433976.5, 436495.25 ], [ 433976.5, 436494.5 ], [ 433976.25, 436494.5 ], [ 433976.25, 436491.0 ], [ 433976.5, 436491.0 ], [ 433976.5, 436488.0 ], [ 433977.0, 436488.0 ], [ 433977.0, 436486.0 ], [ 433976.75, 436486.0 ], [ 433976.75, 436485.25 ], [ 433976.5, 436485.25 ], [ 433976.5, 436485.0 ], [ 433976.25, 436485.0 ], [ 433976.25, 436484.5 ], [ 433976.0, 436484.5 ], [ 433976.0, 436484.25 ], [ 433975.75, 436484.25 ], [ 433975.75, 436484.0 ], [ 433975.5, 436484.0 ], [ 433975.5, 436483.75 ], [ 433975.0, 436483.75 ], [ 433975.0, 436483.5 ], [ 433974.25, 436483.5 ], [ 433974.25, 436483.25 ], [ 433973.75, 436483.25 ], [ 433973.75, 436483.0 ], [ 433973.25, 436483.0 ], [ 433973.25, 436482.75 ], [ 433972.5, 436482.75 ], [ 433972.5, 436482.5 ], [ 433972.0, 436482.5 ], [ 433972.0, 436482.25 ], [ 433971.75, 436482.25 ], [ 433971.75, 436482.0 ], [ 433971.5, 436482.0 ], [ 433971.5, 436481.75 ], [ 433971.25, 436481.75 ], [ 433971.25, 436481.5 ], [ 433971.0, 436481.5 ], [ 433971.0, 436481.25 ], [ 433970.5, 436481.25 ], [ 433970.5, 436481.0 ], [ 433970.0, 436481.0 ], [ 433970.0, 436480.75 ], [ 433969.5, 436480.75 ], [ 433969.5, 436480.5 ], [ 433969.25, 436480.5 ], [ 433969.25, 436480.25 ], [ 433969.0, 436480.25 ], [ 433969.0, 436480.0 ], [ 433968.75, 436480.0 ], [ 433968.75, 436479.75 ], [ 433968.5, 436479.75 ], [ 433968.5, 436479.5 ], [ 433968.0, 436479.5 ], [ 433968.0, 436479.0 ], [ 433967.75, 436479.0 ], [ 433967.75, 436478.75 ], [ 433967.5, 436478.75 ], [ 433967.5, 436478.25 ], [ 433967.25, 436478.25 ], [ 433967.25, 436477.75 ], [ 433967.0, 436477.75 ], [ 433967.0, 436477.5 ], [ 433966.75, 436477.5 ], [ 433966.75, 436477.25 ], [ 433966.5, 436477.25 ], [ 433966.5, 436477.0 ], [ 433966.0, 436477.0 ], [ 433966.0, 436476.75 ], [ 433965.75, 436476.75 ], [ 433965.75, 436476.5 ], [ 433965.25, 436476.5 ], [ 433965.25, 436476.0 ], [ 433965.0, 436476.0 ], [ 433965.0, 436475.75 ], [ 433964.75, 436475.75 ], [ 433964.75, 436475.25 ], [ 433965.0, 436475.25 ], [ 433965.0, 436474.0 ], [ 433965.25, 436474.0 ], [ 433965.25, 436473.5 ], [ 433965.5, 436473.5 ], [ 433965.5, 436473.25 ], [ 433965.75, 436473.25 ], [ 433965.75, 436473.0 ], [ 433966.0, 436473.0 ], [ 433966.0, 436472.5 ], [ 433966.25, 436472.5 ], [ 433966.25, 436472.25 ], [ 433966.5, 436472.25 ], [ 433966.5, 436472.0 ], [ 433966.75, 436472.0 ], [ 433966.75, 436471.5 ], [ 433967.0, 436471.5 ], [ 433967.0, 436471.25 ], [ 433967.25, 436471.25 ], [ 433967.25, 436471.0 ], [ 433967.5, 436471.0 ], [ 433967.5, 436470.75 ], [ 433967.75, 436470.75 ], [ 433967.75, 436470.5 ], [ 433968.0, 436470.5 ], [ 433968.0, 436470.25 ], [ 433968.25, 436470.25 ], [ 433968.25, 436470.0 ], [ 433968.5, 436470.0 ], [ 433968.5, 436469.75 ], [ 433968.75, 436469.75 ], [ 433968.75, 436469.5 ], [ 433969.0, 436469.5 ], [ 433969.0, 436469.25 ], [ 433969.5, 436469.25 ], [ 433969.5, 436469.0 ], [ 433972.75, 436469.0 ], [ 433972.75, 436469.25 ], [ 433974.5, 436469.25 ], [ 433974.5, 436469.5 ], [ 433975.25, 436469.5 ], [ 433975.25, 436469.75 ], [ 433975.75, 436469.75 ], [ 433975.75, 436470.0 ], [ 433976.25, 436470.0 ], [ 433976.25, 436470.25 ], [ 433976.75, 436470.25 ], [ 433976.75, 436470.5 ], [ 433977.5, 436470.5 ], [ 433977.5, 436470.75 ], [ 433977.75, 436470.75 ], [ 433977.75, 436471.0 ], [ 433978.25, 436471.0 ], [ 433978.25, 436471.25 ], [ 433979.25, 436471.25 ], [ 433979.25, 436471.5 ], [ 433980.0, 436471.5 ], [ 433980.0, 436471.75 ], [ 433980.75, 436471.75 ], [ 433980.75, 436472.0 ], [ 433982.0, 436472.0 ], [ 433982.0, 436472.25 ], [ 433983.25, 436472.25 ], [ 433983.25, 436472.5 ], [ 433984.5, 436472.5 ], [ 433984.5, 436472.75 ], [ 433985.5, 436472.75 ], [ 433985.5, 436473.0 ], [ 433986.75, 436473.0 ], [ 433986.75, 436473.25 ], [ 433988.0, 436473.25 ], [ 433988.0, 436473.5 ], [ 433988.75, 436473.5 ], [ 433988.75, 436473.75 ], [ 433989.5, 436473.75 ], [ 433989.5, 436474.0 ], [ 433990.25, 436474.0 ], [ 433990.25, 436474.25 ], [ 433991.0, 436474.25 ], [ 433991.0, 436474.5 ], [ 433991.75, 436474.5 ], [ 433991.75, 436474.75 ], [ 433992.25, 436474.75 ], [ 433992.25, 436475.0 ], [ 433993.0, 436475.0 ], [ 433993.0, 436475.25 ], [ 433993.75, 436475.25 ], [ 433993.75, 436475.5 ], [ 433994.75, 436475.5 ], [ 433994.75, 436475.75 ], [ 433995.25, 436475.75 ], [ 433995.25, 436476.0 ], [ 433995.75, 436476.0 ], [ 433995.75, 436476.25 ], [ 433996.25, 436476.25 ], [ 433996.25, 436476.5 ], [ 433996.5, 436476.5 ], [ 433996.5, 436476.75 ], [ 433996.75, 436476.75 ], [ 433996.75, 436477.0 ], [ 433997.25, 436477.0 ], [ 433997.25, 436477.25 ], [ 433997.5, 436477.25 ], [ 433997.5, 436477.5 ], [ 433997.75, 436477.5 ], [ 433997.75, 436478.0 ], [ 433998.0, 436478.0 ], [ 433998.0, 436478.25 ], [ 433998.25, 436478.25 ], [ 433998.25, 436480.0 ], [ 433998.5, 436480.0 ], [ 433998.5, 436484.5 ], [ 433998.25, 436484.5 ], [ 433998.25, 436485.0 ], [ 433998.0, 436485.0 ], [ 433998.0, 436486.0 ], [ 433997.75, 436486.0 ], [ 433997.75, 436488.0 ], [ 433994.75, 436488.0 ], [ 433994.75, 436491.5 ], [ 433994.5, 436491.5 ], [ 433994.5, 436493.0 ], [ 433994.25, 436493.0 ], [ 433994.25, 436493.75 ], [ 433994.0, 436493.75 ], [ 433994.0, 436494.25 ], [ 433993.75, 436494.25 ], [ 433993.75, 436494.75 ], [ 433993.5, 436494.75 ], [ 433993.5, 436495.0 ], [ 433993.25, 436495.0 ], [ 433993.25, 436495.25 ], [ 433993.0, 436495.25 ], [ 433993.0, 436495.5 ], [ 433992.75, 436495.5 ], [ 433992.75, 436496.0 ], [ 433992.5, 436496.0 ], [ 433992.5, 436496.5 ], [ 433992.25, 436496.5 ], [ 433992.25, 436496.75 ], [ 433992.0, 436496.75 ], [ 433992.0, 436497.0 ], [ 433991.75, 436497.0 ], [ 433991.75, 436497.25 ], [ 433991.5, 436497.25 ], [ 433991.5, 436497.5 ], [ 433991.25, 436497.5 ], [ 433991.25, 436497.75 ], [ 433991.0, 436497.75 ], [ 433991.0, 436498.0 ], [ 433990.75, 436498.0 ], [ 433990.75, 436498.25 ], [ 433990.25, 436498.25 ], [ 433990.25, 436498.5 ], [ 433989.75, 436498.5 ], [ 433989.75, 436498.75 ], [ 433985.25, 436498.75 ] ] ] } },
{ "type": "Feature", "properties": { }, "geometry": { "type": "Polygon", "coordinates": [ [ [ 433162.25, 436476.0 ], [ 433162.25, 436475.75 ], [ 433161.75, 436475.75 ], [ 433161.75, 436475.5 ], [ 433161.5, 436475.5 ], [ 433161.5, 436475.0 ], [ 433161.25, 436475.0 ], [ 433161.25, 436474.5 ], [ 433161.0, 436474.5 ], [ 433161.0, 436474.25 ], [ 433161.25, 436474.25 ], [ 433161.25, 436473.25 ], [ 433161.75, 436473.25 ], [ 433161.75, 436473.0 ], [ 433162.0, 436473.0 ], [ 433162.0, 436472.75 ], [ 433162.5, 436472.75 ], [ 433162.5, 436472.5 ], [ 433163.25, 436472.5 ], [ 433163.25, 436472.25 ], [ 433164.5, 436472.25 ], [ 433164.5, 436472.5 ], [ 433166.25, 436472.5 ], [ 433166.25, 436472.75 ], [ 433166.5, 436472.75 ], [ 433166.5, 436472.5 ], [ 433166.75, 436472.5 ], [ 433166.75, 436472.25 ], [ 433167.0, 436472.25 ], [ 433167.0, 436471.5 ], [ 433167.25, 436471.5 ], [ 433167.25, 436471.0 ], [ 433167.75, 436471.0 ], [ 433167.75, 436470.75 ], [ 433168.0, 436470.75 ], [ 433168.0, 436469.25 ], [ 433168.25, 436469.25 ], [ 433168.25, 436468.75 ], [ 433168.5, 436468.75 ], [ 433168.5, 436468.5 ], [ 433168.75, 436468.5 ], [ 433168.75, 436467.0 ], [ 433168.5, 436467.0 ], [ 433168.5, 436466.25 ], [ 433168.75, 436466.25 ], [ 433168.75, 436465.75 ], [ 433169.0, 436465.75 ], [ 433169.0, 436465.5 ], [ 433169.25, 436465.5 ], [ 433169.25, 436465.0 ], [ 433169.75, 436465.0 ], [ 433169.75, 436464.75 ], [ 433170.75, 436464.75 ], [ 433170.75, 436465.0 ], [ 433171.0, 436465.0 ], [ 433171.0, 436465.25 ], [ 433171.25, 436465.25 ], [ 433171.25, 436465.5 ], [ 433171.5, 436465.5 ], [ 433171.5, 436466.0 ], [ 433171.75, 436466.0 ], [ 433171.75, 436468.25 ], [ 433172.0, 436468.25 ], [ 433172.0, 436468.5 ], [ 433171.75, 436468.5 ], [ 433171.75, 436470.0 ], [ 433171.5, 436470.0 ], [ 433171.5, 436470.75 ], [ 433171.25, 436470.75 ], [ 433171.25, 436471.5 ], [ 433171.0, 436471.5 ], [ 433171.0, 436472.0 ], [ 433170.75, 436472.0 ], [ 433170.75, 436472.75 ], [ 433170.5, 436472.75 ], [ 433170.5, 436473.0 ], [ 433170.25, 436473.0 ], [ 433170.25, 436473.25 ], [ 433170.0, 436473.25 ], [ 433170.0, 436473.5 ], [ 433169.75, 436473.5 ], [ 433169.75, 436473.75 ], [ 433169.0, 436473.75 ], [ 433169.0, 436474.0 ], [ 433168.0, 436474.0 ], [ 433168.0, 436474.25 ], [ 433167.25, 436474.25 ], [ 433167.25, 436474.5 ], [ 433167.0, 436474.5 ], [ 433167.0, 436474.75 ], [ 433166.75, 436474.75 ], [ 433166.75, 436475.0 ], [ 433166.5, 436475.0 ], [ 433166.5, 436475.25 ], [ 433166.25, 436475.25 ], [ 433166.25, 436475.5 ], [ 433165.75, 436475.5 ], [ 433165.75, 436475.75 ], [ 433164.0, 436475.75 ], [ 433164.0, 436476.0 ], [ 433162.25, 436476.0 ] ] ] } },
{ "type": "Feature", "properties": { }, "geometry": { "type": "Polygon", "coordinates": [ [ [ 433635.0, 436461.5 ], [ 433635.0, 436461.25 ], [ 433634.25, 436461.25 ], [ 433634.25, 436461.0 ], [ 433633.75, 436461.0 ], [ 433633.75, 436460.75 ], [ 433633.0, 436460.75 ], [ 433633.0, 436460.5 ], [ 433632.5, 436460.5 ], [ 433632.5, 436460.25 ], [ 433632.25, 436460.25 ], [ 433632.25, 436460.0 ], [ 433631.75, 436460.0 ], [ 433631.75, 436459.75 ], [ 433631.5, 436459.75 ], [ 433631.5, 436459.5 ], [ 433631.25, 436459.5 ], [ 433631.25, 436459.25 ], [ 433630.75, 436459.25 ], [ 433630.75, 436459.0 ], [ 433630.5, 436459.0 ], [ 433630.5, 436458.75 ], [ 433630.25, 436458.75 ], [ 433630.25, 436458.25 ], [ 433630.0, 436458.25 ], [ 433630.0, 436456.5 ], [ 433630.25, 436456.5 ], [ 433630.25, 436455.0 ], [ 433630.5, 436455.0 ], [ 433630.5, 436454.0 ], [ 433630.75, 436454.0 ], [ 433630.75, 436453.5 ], [ 433631.0, 436453.5 ], [ 433631.0, 436453.0 ], [ 433631.25, 436453.0 ], [ 433631.25, 436452.5 ], [ 433631.5, 436452.5 ], [ 433631.5, 436452.0 ], [ 433631.75, 436452.0 ], [ 433631.75, 436451.75 ], [ 433632.0, 436451.75 ], [ 433632.0, 436451.5 ], [ 433632.25, 436451.5 ], [ 433632.25, 436451.0 ], [ 433632.5, 436451.0 ], [ 433632.5, 436450.75 ], [ 433632.75, 436450.75 ], [ 433632.75, 436450.5 ], [ 433633.0, 436450.5 ], [ 433633.0, 436450.25 ], [ 433633.25, 436450.25 ], [ 433633.25, 436450.0 ], [ 433633.75, 436450.0 ], [ 433633.75, 436449.75 ], [ 433634.5, 436449.75 ], [ 433634.5, 436449.5 ], [ 433636.0, 436449.5 ], [ 433636.0, 436449.25 ], [ 433637.5, 436449.25 ], [ 433637.5, 436449.5 ], [ 433638.5, 436449.5 ], [ 433638.5, 436449.75 ], [ 433640.0, 436449.75 ], [ 433640.0, 436461.5 ], [ 433636.5, 436461.5 ], [ 433636.5, 436461.25 ], [ 433636.25, 436461.25 ], [ 433636.25, 436461.5 ], [ 433635.0, 436461.5 ] ] ] } },
{ "type": "Feature", "properties": { }, "geometry": { "type": "Polygon", "coordinates": [ [ [ 433161.25, 436436.75 ], [ 433161.25, 436436.25 ], [ 433161.0, 436436.25 ], [ 433161.0, 436436.0 ], [ 433160.75, 436436.0 ], [ 433160.75, 436435.75 ], [ 433160.25, 436435.75 ], [ 433160.25, 436435.0 ], [ 433160.5, 436435.0 ], [ 433160.5, 436434.75 ], [ 433161.5, 436434.75 ], [ 433161.5, 436434.5 ], [ 433161.75, 436434.5 ], [ 433161.75, 436434.25 ], [ 433162.0, 436434.25 ], [ 433162.0, 436433.0 ], [ 433161.75, 436433.0 ], [ 433161.75, 436431.5 ], [ 433161.5, 436431.5 ], [ 433161.5, 436431.25 ], [ 433161.0, 436431.25 ], [ 433161.0, 436431.5 ], [ 433160.75, 436431.5 ], [ 433160.75, 436431.75 ], [ 433160.5, 436431.75 ], [ 433160.5, 436432.0 ], [ 433160.25, 436432.0 ], [ 433160.25, 436432.25 ], [ 433158.25, 436432.25 ], [ 433158.25, 436432.5 ], [ 433158.0, 436432.5 ], [ 433158.0, 436432.75 ], [ 433157.75, 436432.75 ], [ 433157.75, 436433.0 ], [ 433157.5, 436433.0 ], [ 433157.5, 436433.75 ], [ 433157.25, 436433.75 ], [ 433157.25, 436434.25 ], [ 433157.0, 436434.25 ], [ 433157.0, 436434.5 ], [ 433156.25, 436434.5 ], [ 433156.25, 436434.75 ], [ 433154.5, 436434.75 ], [ 433154.5, 436434.5 ], [ 433154.0, 436434.5 ], [ 433154.0, 436434.25 ], [ 433153.5, 436434.25 ], [ 433153.5, 436434.0 ], [ 433153.25, 436434.0 ], [ 433153.25, 436433.75 ], [ 433153.0, 436433.75 ], [ 433153.0, 436433.5 ], [ 433152.75, 436433.5 ], [ 433152.75, 436433.0 ], [ 433152.5, 436433.0 ], [ 433152.5, 436432.5 ], [ 433152.25, 436432.5 ], [ 433152.25, 436431.25 ], [ 433153.75, 436431.25 ], [ 433153.75, 436431.0 ], [ 433154.25, 436431.0 ], [ 433154.25, 436430.75 ], [ 433155.75, 436430.75 ], [ 433155.75, 436429.75 ], [ 433155.5, 436429.75 ], [ 433155.5, 436427.75 ], [ 433155.75, 436427.75 ], [ 433155.75, 436427.25 ], [ 433156.0, 436427.25 ], [ 433156.0, 436426.5 ], [ 433156.25, 436426.5 ], [ 433156.25, 436426.25 ], [ 433156.5, 436426.25 ], [ 433156.5, 436426.0 ], [ 433156.75, 436426.0 ], [ 433156.75, 436425.75 ], [ 433157.0, 436425.75 ], [ 433157.0, 436425.5 ], [ 433157.25, 436425.5 ], [ 433157.25, 436425.25 ], [ 433157.5, 436425.25 ], [ 433157.5, 436425.0 ], [ 433157.75, 436425.0 ], [ 433157.75, 436424.75 ], [ 433158.0, 436424.75 ], [ 433158.0, 436424.25 ], [ 433158.25, 436424.25 ], [ 433158.25, 436424.0 ], [ 433158.5, 436424.0 ], [ 433158.5, 436423.75 ], [ 433158.75, 436423.75 ], [ 433158.75, 436423.5 ], [ 433159.25, 436423.5 ], [ 433159.25, 436423.25 ], [ 433159.5, 436423.25 ], [ 433159.5, 436422.75 ], [ 433160.0, 436422.75 ], [ 433160.0, 436422.5 ], [ 433160.75, 436422.5 ], [ 433160.75, 436422.25 ], [ 433161.5, 436422.25 ], [ 433161.5, 436422.0 ], [ 433162.75, 436422.0 ], [ 433162.75, 436422.25 ], [ 433163.75, 436422.25 ], [ 433163.75, 436422.5 ], [ 433164.25, 436422.5 ], [ 433164.25, 436422.75 ], [ 433164.75, 436422.75 ], [ 433164.75, 436423.0 ], [ 433165.5, 436423.0 ], [ 433165.5, 436423.25 ], [ 433166.25, 436423.25 ], [ 433166.25, 436423.5 ], [ 433166.75, 436423.5 ], [ 433166.75, 436423.75 ], [ 433167.5, 436423.75 ], [ 433167.5, 436424.0 ], [ 433168.0, 436424.0 ], [ 433168.0, 436424.25 ], [ 433168.75, 436424.25 ], [ 433168.75, 436424.5 ], [ 433169.25, 436424.5 ], [ 433169.25, 436424.75 ], [ 433169.75, 436424.75 ], [ 433169.75, 436425.0 ], [ 433170.25, 436425.0 ], [ 433170.25, 436425.25 ], [ 433171.0, 436425.25 ], [ 433171.0, 436425.5 ], [ 433171.25, 436425.5 ], [ 433171.25, 436425.75 ], [ 433171.5, 436425.75 ], [ 433171.5, 436426.0 ], [ 433171.75, 436426.0 ], [ 433171.75, 436426.25 ], [ 433172.0, 436426.25 ], [ 433172.0, 436426.5 ], [ 433172.25, 436426.5 ], [ 433172.25, 436426.75 ], [ 433172.0, 436426.75 ], [ 433172.0, 436428.0 ], [ 433171.75, 436428.0 ], [ 433171.75, 436428.75 ], [ 433171.5, 436428.75 ], [ 433171.5, 436429.5 ], [ 433171.25, 436429.5 ], [ 433171.25, 436430.25 ], [ 433171.0, 436430.25 ], [ 433171.0, 436430.75 ], [ 433170.75, 436430.75 ], [ 433170.75, 436431.0 ], [ 433170.5, 436431.0 ], [ 433170.5, 436431.5 ], [ 433170.25, 436431.5 ], [ 433170.25, 436431.75 ], [ 433169.75, 436431.75 ], [ 433169.75, 436432.0 ], [ 433169.5, 436432.0 ], [ 433169.5, 436432.25 ], [ 433169.0, 436432.25 ], [ 433169.0, 436432.5 ], [ 433168.75, 436432.5 ], [ 433168.75, 436432.75 ], [ 433168.5, 436432.75 ], [ 433168.5, 436433.0 ], [ 433168.0, 436433.0 ], [ 433168.0, 436433.25 ], [ 433167.75, 436433.25 ], [ 433167.75, 436433.5 ], [ 433167.5, 436433.5 ], [ 433167.5, 436433.75 ], [ 433167.0, 436433.75 ], [ 433167.0, 436434.0 ], [ 433166.75, 436434.0 ], [ 433166.75, 436434.25 ], [ 433166.25, 436434.25 ], [ 433166.25, 436434.5 ], [ 433165.75, 436434.5 ], [ 433165.75, 436434.75 ], [ 433164.5, 436434.75 ], [ 433164.5, 436435.0 ], [ 433163.75, 436435.0 ], [ 433163.75, 436435.25 ], [ 433163.0, 436435.25 ], [ 433163.0, 436435.5 ], [ 433162.75, 436435.5 ], [ 433162.75, 436435.75 ], [ 433162.5, 436435.75 ], [ 433162.5, 436436.0 ], [ 433162.25, 436436.0 ], [ 433162.25, 436436.25 ], [ 433162.0, 436436.25 ], [ 433162.0, 436436.5 ], [ 433161.75, 436436.5 ], [ 433161.75, 436436.75 ], [ 433161.25, 436436.75 ] ] ] } },
{ "type": "Feature", "properties": { }, "geometry": { "type": "Polygon", "coordinates": [ [ [ 433977.25, 436416.5 ], [ 433977.25, 436416.25 ], [ 433976.5, 436416.25 ], [ 433976.5, 436416.0 ], [ 433976.25, 436416.0 ], [ 433976.25, 436415.75 ], [ 433976.0, 436415.75 ], [ 433976.0, 436415.25 ], [ 433975.75, 436415.25 ], [ 433975.75, 436414.75 ], [ 433975.5, 436414.75 ], [ 433975.5, 436414.5 ], [ 433975.75, 436414.5 ], [ 433975.75, 436414.25 ], [ 433976.0, 436414.25 ], [ 433976.0, 436414.0 ], [ 433976.25, 436414.0 ], [ 433976.25, 436413.75 ], [ 433976.5, 436413.75 ], [ 433976.5, 436413.5 ], [ 433976.75, 436413.5 ], [ 433976.75, 436413.25 ], [ 433977.25, 436413.25 ], [ 433977.25, 436413.0 ], [ 433977.75, 436413.0 ], [ 433977.75, 436413.25 ], [ 433978.0, 436413.25 ], [ 433978.0, 436416.0 ], [ 433977.75, 436416.0 ], [ 433977.75, 436416.5 ], [ 433977.25, 436416.5 ] ] ] } },
{ "type": "Feature", "properties": { }, "geometry": { "type": "Polygon", "coordinates": [ [ [ 433361.5, 436488.0 ], [ 433361.5, 436486.75 ], [ 433361.25, 436486.75 ], [ 433361.25, 436486.25 ], [ 433361.0, 436486.25 ], [ 433361.0, 436485.75 ], [ 433360.75, 436485.75 ], [ 433360.75, 436485.5 ], [ 433360.5, 436485.5 ], [ 433360.5, 436485.25 ], [ 433360.0, 436485.25 ], [ 433360.0, 436485.0 ], [ 433359.75, 436485.0 ], [ 433359.75, 436484.75 ], [ 433359.25, 436484.75 ], [ 433359.25, 436484.5 ], [ 433358.75, 436484.5 ], [ 433358.75, 436484.25 ], [ 433358.5, 436484.25 ], [ 433358.5, 436484.0 ], [ 433358.0, 436484.0 ], [ 433358.0, 436483.75 ], [ 433357.5, 436483.75 ], [ 433357.5, 436483.5 ], [ 433357.0, 436483.5 ], [ 433357.0, 436483.25 ], [ 433356.5, 436483.25 ], [ 433356.5, 436483.0 ], [ 433356.0, 436483.0 ], [ 433356.0, 436482.75 ], [ 433355.75, 436482.75 ], [ 433355.75, 436482.5 ], [ 433355.25, 436482.5 ], [ 433355.25, 436482.25 ], [ 433355.0, 436482.25 ], [ 433355.0, 436482.0 ], [ 433354.75, 436482.0 ], [ 433354.75, 436481.75 ], [ 433354.5, 436481.75 ], [ 433354.5, 436481.5 ], [ 433354.0, 436481.5 ], [ 433354.0, 436481.25 ], [ 433353.5, 436481.25 ], [ 433353.5, 436481.0 ], [ 433353.0, 436481.0 ], [ 433353.0, 436480.75 ], [ 433352.25, 436480.75 ], [ 433352.25, 436480.5 ], [ 433351.75, 436480.5 ], [ 433351.75, 436480.25 ], [ 433351.25, 436480.25 ], [ 433351.25, 436480.0 ], [ 433350.75, 436480.0 ], [ 433350.75, 436479.75 ], [ 433350.25, 436479.75 ], [ 433350.25, 436479.5 ], [ 433349.5, 436479.5 ], [ 433349.5, 436479.25 ], [ 433349.0, 436479.25 ], [ 433349.0, 436479.0 ], [ 433348.25, 436479.0 ], [ 433348.25, 436478.75 ], [ 433347.5, 436478.75 ], [ 433347.5, 436478.5 ], [ 433347.0, 436478.5 ], [ 433347.0, 436478.25 ], [ 433346.5, 436478.25 ], [ 433346.5, 436478.0 ], [ 433346.25, 436478.0 ], [ 433346.25, 436477.75 ], [ 433345.75, 436477.75 ], [ 433345.75, 436477.5 ], [ 433345.5, 436477.5 ], [ 433345.5, 436477.25 ], [ 433345.25, 436477.25 ], [ 433345.25, 436477.0 ], [ 433344.75, 436477.0 ], [ 433344.75, 436476.75 ], [ 433344.5, 436476.75 ], [ 433344.5, 436476.5 ], [ 433344.25, 436476.5 ], [ 433344.25, 436476.25 ], [ 433344.0, 436476.25 ], [ 433344.0, 436476.0 ], [ 433343.75, 436476.0 ], [ 433343.75, 436475.75 ], [ 433343.5, 436475.75 ], [ 433343.5, 436475.25 ], [ 433343.25, 436475.25 ], [ 433343.25, 436475.0 ], [ 433343.0, 436475.0 ], [ 433343.0, 436474.5 ], [ 433342.75, 436474.5 ], [ 433342.75, 436472.75 ], [ 433343.0, 436472.75 ], [ 433343.0, 436471.75 ], [ 433343.25, 436471.75 ], [ 433343.25, 436470.75 ], [ 433343.5, 436470.75 ], [ 433343.5, 436470.0 ], [ 433343.75, 436470.0 ], [ 433343.75, 436468.75 ], [ 433344.0, 436468.75 ], [ 433344.0, 436468.0 ], [ 433344.25, 436468.0 ], [ 433344.25, 436467.0 ], [ 433344.5, 436467.0 ], [ 433344.5, 436466.25 ], [ 433344.75, 436466.25 ], [ 433344.75, 436459.75 ], [ 433345.0, 436459.75 ], [ 433345.0, 436456.75 ], [ 433344.75, 436456.75 ], [ 433344.75, 436456.25 ], [ 433344.5, 436456.25 ], [ 433344.5, 436455.75 ], [ 433344.25, 436455.75 ], [ 433344.25, 436454.75 ], [ 433344.5, 436454.75 ], [ 433344.5, 436452.0 ], [ 433345.75, 436452.0 ], [ 433345.75, 436451.75 ], [ 433346.0, 436451.75 ], [ 433346.0, 436451.25 ], [ 433344.75, 436451.25 ], [ 433344.75, 436451.5 ], [ 433343.5, 436451.5 ], [ 433343.5, 436451.25 ], [ 433343.0, 436451.25 ], [ 433343.0, 436451.0 ], [ 433342.5, 436451.0 ], [ 433342.5, 436450.75 ], [ 433342.0, 436450.75 ], [ 433342.0, 436450.5 ], [ 433341.75, 436450.5 ], [ 433341.75, 436450.25 ], [ 433341.25, 436450.25 ], [ 433341.25, 436450.0 ], [ 433341.0, 436450.0 ], [ 433341.0, 436449.75 ], [ 433340.75, 436449.75 ], [ 433340.75, 436449.5 ], [ 433340.5, 436449.5 ], [ 433340.5, 436449.0 ], [ 433340.25, 436449.0 ], [ 433340.25, 436448.5 ], [ 433340.0, 436448.5 ], [ 433340.0, 436448.25 ], [ 433339.75, 436448.25 ], [ 433339.75, 436447.5 ], [ 433339.5, 436447.5 ], [ 433339.5, 436447.0 ], [ 433339.25, 436447.0 ], [ 433339.25, 436446.5 ], [ 433339.0, 436446.5 ], [ 433339.0, 436446.25 ], [ 433338.75, 436446.25 ], [ 433338.75, 436446.0 ], [ 433338.5, 436446.0 ], [ 433338.5, 436445.75 ], [ 433338.25, 436445.75 ], [ 433338.25, 436445.5 ], [ 433338.0, 436445.5 ], [ 433338.0, 436445.25 ], [ 433337.75, 436445.25 ], [ 433337.75, 436445.0 ], [ 433337.5, 436445.0 ], [ 433337.5, 436444.75 ], [ 433337.25, 436444.75 ], [ 433337.25, 436443.25 ], [ 433337.0, 436443.25 ], [ 433337.0, 436443.0 ], [ 433336.75, 436443.0 ], [ 433336.75, 436442.5 ], [ 433336.5, 436442.5 ], [ 433336.5, 436441.75 ], [ 433336.25, 436441.75 ], [ 433336.25, 436440.5 ], [ 433336.0, 436440.5 ], [ 433336.0, 436438.75 ], [ 433336.25, 436438.75 ], [ 433336.25, 436437.75 ], [ 433336.5, 436437.75 ], [ 433336.5, 436436.5 ], [ 433336.75, 436436.5 ], [ 433336.75, 436436.25 ], [ 433337.0, 436436.25 ], [ 433337.0, 436435.75 ], [ 433337.25, 436435.75 ], [ 433337.25, 436435.0 ], [ 433337.5, 436435.0 ], [ 433337.5, 436434.5 ], [ 433337.75, 436434.5 ], [ 433337.75, 436434.0 ], [ 433338.0, 436434.0 ], [ 433338.0, 436433.5 ], [ 433338.25, 436433.5 ], [ 433338.25, 436433.0 ], [ 433338.5, 436433.0 ], [ 433338.5, 436432.5 ], [ 433338.75, 436432.5 ], [ 433338.75, 436432.25 ], [ 433339.25, 436432.25 ], [ 433339.25, 436432.0 ], [ 433339.5, 436432.0 ], [ 433339.5, 436431.75 ], [ 433339.75, 436431.75 ], [ 433339.75, 436431.25 ], [ 433340.0, 436431.25 ], [ 433340.0, 436431.0 ], [ 433340.25, 436431.0 ], [ 433340.25, 436430.75 ], [ 433340.5, 436430.75 ], [ 433340.5, 436430.5 ], [ 433340.75, 436430.5 ], [ 433340.75, 436430.25 ], [ 433341.25, 436430.25 ], [ 433341.25, 436430.0 ], [ 433341.5, 436430.0 ], [ 433341.5, 436429.75 ], [ 433341.75, 436429.75 ], [ 433341.75, 436429.5 ], [ 433342.25, 436429.5 ], [ 433342.25, 436429.25 ], [ 433343.0, 436429.25 ], [ 433343.0, 436429.0 ], [ 433343.75, 436429.0 ], [ 433343.75, 436428.75 ], [ 433344.25, 436428.75 ], [ 433344.25, 436428.5 ], [ 433344.5, 436428.5 ], [ 433344.5, 436428.25 ], [ 433345.0, 436428.25 ], [ 433345.0, 436428.0 ], [ 433345.75, 436428.0 ], [ 433345.75, 436427.75 ], [ 433346.0, 436427.75 ], [ 433346.0, 436427.5 ], [ 433346.25, 436427.5 ], [ 433346.25, 436427.25 ], [ 433346.75, 436427.25 ], [ 433346.75, 436427.0 ], [ 433347.25, 436427.0 ], [ 433347.25, 436426.75 ], [ 433347.5, 436426.75 ], [ 433347.5, 436426.5 ], [ 433348.0, 436426.5 ], [ 433348.0, 436426.25 ], [ 433348.75, 436426.25 ], [ 433348.75, 436426.0 ], [ 433349.5, 436426.0 ], [ 433349.5, 436425.75 ], [ 433351.0, 436425.75 ], [ 433351.0, 436425.5 ], [ 433351.5, 436425.5 ], [ 433351.5, 436425.25 ], [ 433352.0, 436425.25 ], [ 433352.0, 436425.0 ], [ 433352.25, 436425.0 ], [ 433352.25, 436424.75 ], [ 433353.0, 436424.75 ], [ 433353.0, 436424.5 ], [ 433354.0, 436424.5 ], [ 433354.0, 436424.25 ], [ 433354.5, 436424.25 ], [ 433354.5, 436424.0 ], [ 433354.75, 436424.0 ], [ 433354.75, 436423.75 ], [ 433355.0, 436423.75 ], [ 433355.0, 436423.5 ], [ 433355.25, 436423.5 ], [ 433355.25, 436423.25 ], [ 433355.5, 436423.25 ], [ 433355.5, 436423.0 ], [ 433355.75, 436423.0 ], [ 433355.75, 436422.75 ], [ 433356.0, 436422.75 ], [ 433356.0, 436422.5 ], [ 433356.25, 436422.5 ], [ 433356.25, 436422.25 ], [ 433356.5, 436422.25 ], [ 433356.5, 436421.75 ], [ 433356.75, 436421.75 ], [ 433356.75, 436420.75 ], [ 433356.5, 436420.75 ], [ 433356.5, 436419.75 ], [ 433356.75, 436419.75 ], [ 433356.75, 436419.0 ], [ 433357.0, 436419.0 ], [ 433357.0, 436418.75 ], [ 433357.25, 436418.75 ], [ 433357.25, 436418.25 ], [ 433357.5, 436418.25 ], [ 433357.5, 436418.0 ], [ 433357.75, 436418.0 ], [ 433357.75, 436417.75 ], [ 433358.0, 436417.75 ], [ 433358.0, 436417.5 ], [ 433358.5, 436417.5 ], [ 433358.5, 436417.25 ], [ 433359.0, 436417.25 ], [ 433359.0, 436417.0 ], [ 433359.5, 436417.0 ], [ 433359.5, 436416.75 ], [ 433359.75, 436416.75 ], [ 433359.75, 436416.5 ], [ 433360.0, 436416.5 ], [ 433360.0, 436416.25 ], [ 433360.25, 436416.25 ], [ 433360.25, 436416.0 ], [ 433360.5, 436416.0 ], [ 433360.5, 436415.75 ], [ 433360.75, 436415.75 ], [ 433360.75, 436415.25 ], [ 433361.0, 436415.25 ], [ 433361.0, 436414.5 ], [ 433361.25, 436414.5 ], [ 433361.25, 436414.25 ], [ 433361.5, 436414.25 ], [ 433361.5, 436414.0 ], [ 433361.75, 436414.0 ], [ 433361.75, 436413.75 ], [ 433362.0, 436413.75 ], [ 433362.0, 436413.5 ], [ 433362.25, 436413.5 ], [ 433362.25, 436413.25 ], [ 433362.75, 436413.25 ], [ 433362.75, 436413.0 ], [ 433363.75, 436413.0 ], [ 433363.75, 436412.75 ], [ 433364.25, 436412.75 ], [ 433364.25, 436412.5 ], [ 433365.0, 436412.5 ], [ 433365.0, 436412.25 ], [ 433365.75, 436412.25 ], [ 433365.75, 436412.5 ], [ 433366.0, 436412.5 ], [ 433366.0, 436413.75 ], [ 433365.75, 436413.75 ], [ 433365.75, 436414.25 ], [ 433365.5, 436414.25 ], [ 433365.5, 436414.75 ], [ 433365.75, 436414.75 ], [ 433365.75, 436415.75 ], [ 433366.0, 436415.75 ], [ 433366.0, 436416.5 ], [ 433367.75, 436416.5 ], [ 433367.75, 436417.0 ], [ 433368.25, 436417.0 ], [ 433368.25, 436417.25 ], [ 433368.5, 436417.25 ], [ 433368.5, 436417.5 ], [ 433368.75, 436417.5 ], [ 433368.75, 436417.75 ], [ 433369.0, 436417.75 ], [ 433369.0, 436418.0 ], [ 433369.25, 436418.0 ], [ 433369.25, 436418.25 ], [ 433369.5, 436418.25 ], [ 433369.5, 436419.5 ], [ 433369.25, 436419.5 ], [ 433369.25, 436420.25 ], [ 433369.0, 436420.25 ], [ 433369.0, 436421.5 ], [ 433368.75, 436421.5 ], [ 433368.75, 436423.0 ], [ 433369.0, 436423.0 ], [ 433369.0, 436429.25 ], [ 433368.75, 436429.25 ], [ 433368.75, 436437.75 ], [ 433369.0, 436437.75 ], [ 433369.0, 436438.25 ], [ 433369.25, 436438.25 ], [ 433369.25, 436438.75 ], [ 433369.75, 436438.75 ], [ 433369.75, 436439.0 ], [ 433370.25, 436439.0 ], [ 433370.25, 436439.25 ], [ 433370.75, 436439.25 ], [ 433370.75, 436439.0 ], [ 433371.25, 436439.0 ], [ 433371.25, 436438.75 ], [ 433373.75, 436438.75 ], [ 433373.75, 436439.0 ], [ 433374.5, 436439.0 ], [ 433374.5, 436439.25 ], [ 433374.75, 436439.25 ], [ 433374.75, 436440.0 ], [ 433375.0, 436440.0 ], [ 433375.0, 436440.5 ], [ 433375.25, 436440.5 ], [ 433375.25, 436440.75 ], [ 433375.5, 436440.75 ], [ 433375.5, 436441.0 ], [ 433376.0, 436441.0 ], [ 433376.0, 436441.25 ], [ 433376.5, 436441.25 ], [ 433376.5, 436441.5 ], [ 433376.75, 436441.5 ], [ 433376.75, 436442.5 ], [ 433377.0, 436442.5 ], [ 433377.0, 436444.75 ], [ 433376.75, 436444.75 ], [ 433376.75, 436445.25 ], [ 433376.5, 436445.25 ], [ 433376.5, 436445.75 ], [ 433376.0, 436445.75 ], [ 433376.0, 436446.0 ], [ 433375.5, 436446.0 ], [ 433375.5, 436446.25 ], [ 433375.25, 436446.25 ], [ 433375.25, 436446.5 ], [ 433374.75, 436446.5 ], [ 433374.75, 436446.75 ], [ 433374.5, 436446.75 ], [ 433374.5, 436447.0 ], [ 433374.25, 436447.0 ], [ 433374.25, 436447.5 ], [ 433374.0, 436447.5 ], [ 433374.0, 436447.75 ], [ 433373.75, 436447.75 ], [ 433373.75, 436448.25 ], [ 433373.5, 436448.25 ], [ 433373.5, 436448.5 ], [ 433373.25, 436448.5 ], [ 433373.25, 436449.0 ], [ 433373.0, 436449.0 ], [ 433373.0, 436449.5 ], [ 433372.75, 436449.5 ], [ 433372.75, 436450.0 ], [ 433372.5, 436450.0 ], [ 433372.5, 436450.5 ], [ 433372.25, 436450.5 ], [ 433372.25, 436451.0 ], [ 433372.0, 436451.0 ], [ 433372.0, 436451.25 ], [ 433371.75, 436451.25 ], [ 433371.75, 436451.5 ], [ 433371.5, 436451.5 ], [ 433371.5, 436452.0 ], [ 433371.25, 436452.0 ], [ 433371.25, 436452.25 ], [ 433371.0, 436452.25 ], [ 433371.0, 436452.5 ], [ 433370.5, 436452.5 ], [ 433370.5, 436452.75 ], [ 433370.0, 436452.75 ], [ 433370.0, 436453.0 ], [ 433369.75, 436453.0 ], [ 433369.75, 436453.25 ], [ 433369.0, 436453.25 ], [ 433369.0, 436453.5 ], [ 433368.5, 436453.5 ], [ 433368.5, 436453.75 ], [ 433368.25, 436453.75 ], [ 433368.25, 436454.0 ], [ 433368.0, 436454.0 ], [ 433368.0, 436454.25 ], [ 433367.75, 436454.25 ], [ 433367.75, 436454.5 ], [ 433367.5, 436454.5 ], [ 433367.5, 436454.75 ], [ 433367.75, 436454.75 ], [ 433367.75, 436457.0 ], [ 433367.5, 436457.0 ], [ 433367.5, 436458.5 ], [ 433367.75, 436458.5 ], [ 433367.75, 436459.25 ], [ 433368.0, 436459.25 ], [ 433368.0, 436460.0 ], [ 433367.75, 436460.0 ], [ 433367.75, 436461.0 ], [ 433368.0, 436461.0 ], [ 433368.0, 436462.75 ], [ 433367.75, 436462.75 ], [ 433367.75, 436464.0 ], [ 433367.5, 436464.0 ], [ 433367.5, 436465.25 ], [ 433367.25, 436465.25 ], [ 433367.25, 436466.0 ], [ 433367.0, 436466.0 ], [ 433367.0, 436467.5 ], [ 433366.75, 436467.5 ], [ 433366.75, 436468.5 ], [ 433366.5, 436468.5 ], [ 433366.5, 436469.25 ], [ 433366.25, 436469.25 ], [ 433366.25, 436471.0 ], [ 433366.5, 436471.0 ], [ 433366.5, 436471.75 ], [ 433366.75, 436471.75 ], [ 433366.75, 436472.75 ], [ 433367.0, 436472.75 ], [ 433367.0, 436473.5 ], [ 433367.25, 436473.5 ], [ 433367.25, 436474.0 ], [ 433367.5, 436474.0 ], [ 433367.5, 436474.25 ], [ 433367.75, 436474.25 ], [ 433367.75, 436474.5 ], [ 433368.0, 436474.5 ], [ 433368.0, 436474.75 ], [ 433368.25, 436474.75 ], [ 433368.25, 436475.0 ], [ 433368.5, 436475.0 ], [ 433368.5, 436475.25 ], [ 433369.0, 436475.25 ], [ 433369.0, 436475.5 ], [ 433369.5, 436475.5 ], [ 433369.5, 436475.75 ], [ 433370.25, 436475.75 ], [ 433370.25, 436476.0 ], [ 433371.0, 436476.0 ], [ 433371.0, 436476.25 ], [ 433371.75, 436476.25 ], [ 433371.75, 436476.5 ], [ 433372.75, 436476.5 ], [ 433372.75, 436476.75 ], [ 433373.75, 436476.75 ], [ 433373.75, 436477.0 ], [ 433374.75, 436477.0 ], [ 433374.75, 436477.25 ], [ 433375.5, 436477.25 ], [ 433375.5, 436477.5 ], [ 433376.25, 436477.5 ], [ 433376.25, 436477.75 ], [ 433377.25, 436477.75 ], [ 433377.25, 436478.0 ], [ 433378.5, 436478.0 ], [ 433378.5, 436478.25 ], [ 433380.0, 436478.25 ], [ 433380.0, 436478.5 ], [ 433381.0, 436478.5 ], [ 433381.0, 436478.75 ], [ 433382.5, 436478.75 ], [ 433382.5, 436479.0 ], [ 433384.0, 436479.0 ], [ 433384.0, 436488.0 ], [ 433361.5, 436488.0 ] ], [ [ 433356.75, 436458.5 ], [ 433358.0, 436458.5 ], [ 433358.0, 436458.25 ], [ 433359.0, 436458.25 ], [ 433359.0, 436458.0 ], [ 433360.0, 436458.0 ], [ 433360.0, 436457.75 ], [ 433360.25, 436457.75 ], [ 433360.25, 436457.5 ], [ 433360.5, 436457.5 ], [ 433360.5, 436457.25 ], [ 433361.0, 436457.25 ], [ 433361.0, 436457.0 ], [ 433361.25, 436457.0 ], [ 433361.25, 436456.75 ], [ 433361.5, 436456.75 ], [ 433361.5, 436456.5 ], [ 433361.75, 436456.5 ], [ 433361.75, 436456.25 ], [ 433362.0, 436456.25 ], [ 433362.0, 436456.0 ], [ 433362.25, 436456.0 ], [ 433362.25, 436455.75 ], [ 433362.5, 436455.75 ], [ 433362.5, 436455.5 ], [ 433363.0, 436455.5 ], [ 433363.0, 436455.25 ], [ 433363.5, 436455.25 ], [ 433363.5, 436455.0 ], [ 433364.0, 436455.0 ], [ 433364.0, 436454.75 ], [ 433364.75, 436454.75 ], [ 433364.75, 436454.5 ], [ 433365.0, 436454.5 ], [ 433365.0, 436453.25 ], [ 433364.75, 436453.25 ], [ 433364.75, 436452.75 ], [ 433364.5, 436452.75 ], [ 433364.5, 436452.5 ], [ 433364.0, 436452.5 ], [ 433364.0, 436452.25 ], [ 433363.75, 436452.25 ], [ 433363.75, 436452.0 ], [ 433363.5, 436452.0 ], [ 433363.5, 436451.5 ], [ 433363.25, 436451.5 ], [ 433363.25, 436451.0 ], [ 433363.0, 436451.0 ], [ 433363.0, 436450.5 ], [ 433362.75, 436450.5 ], [ 433362.75, 436450.25 ], [ 433362.25, 436450.25 ], [ 433362.25, 436450.0 ], [ 433362.0, 436450.0 ], [ 433362.0, 436449.75 ], [ 433361.75, 436449.75 ], [ 433361.75, 436449.5 ], [ 433361.25, 436449.5 ], [ 433361.25, 436449.25 ], [ 433360.75, 436449.25 ], [ 433360.75, 436449.0 ], [ 433360.25, 436449.0 ], [ 433360.25, 436448.75 ], [ 433359.5, 436448.75 ], [ 433359.5, 436448.5 ], [ 433358.75, 436448.5 ], [ 433358.75, 436448.25 ], [ 433354.25, 436448.25 ], [ 433354.25, 436448.5 ], [ 433354.0, 436448.5 ], [ 433354.0, 436448.75 ], [ 433353.75, 436448.75 ], [ 433353.75, 436449.0 ], [ 433353.5, 436449.0 ], [ 433353.5, 436449.25 ], [ 433353.0, 436449.25 ], [ 433353.0, 436449.5 ], [ 433352.75, 436449.5 ], [ 433352.75, 436449.75 ], [ 433352.5, 436449.75 ], [ 433352.5, 436450.25 ], [ 433352.25, 436450.25 ], [ 433352.25, 436450.5 ], [ 433352.0, 436450.5 ], [ 433352.0, 436451.0 ], [ 433351.75, 436451.0 ], [ 433351.75, 436451.5 ], [ 433351.5, 436451.5 ], [ 433351.5, 436452.0 ], [ 433351.25, 436452.0 ], [ 433351.25, 436452.75 ], [ 433351.0, 436452.75 ], [ 433351.0, 436454.25 ], [ 433351.25, 436454.25 ], [ 433351.25, 436454.75 ], [ 433351.5, 436454.75 ], [ 433351.5, 436455.75 ], [ 433351.75, 436455.75 ], [ 433351.75, 436456.5 ], [ 433352.0, 436456.5 ], [ 433352.0, 436456.75 ], [ 433352.25, 436456.75 ], [ 433352.25, 436457.0 ], [ 433352.75, 436457.0 ], [ 433352.75, 436457.25 ], [ 433353.25, 436457.25 ], [ 433353.25, 436457.5 ], [ 433353.5, 436457.5 ], [ 433353.5, 436457.75 ], [ 433354.0, 436457.75 ], [ 433354.0, 436458.0 ], [ 433356.0, 436458.0 ], [ 433356.0, 436458.25 ], [ 433356.75, 436458.25 ], [ 433356.75, 436458.5 ] ] ] } },
{ "type": "Feature", "properties": { }, "geometry": { "type": "Polygon", "coordinates": [ [ [ 433137.25, 436421.0 ], [ 433137.25, 436420.75 ], [ 433136.25, 436420.75 ], [ 433136.25, 436420.5 ], [ 433135.5, 436420.5 ], [ 433135.5, 436420.25 ], [ 433135.0, 436420.25 ], [ 433135.0, 436420.0 ], [ 433134.75, 436420.0 ], [ 433134.75, 436419.75 ], [ 433134.25, 436419.75 ], [ 433134.25, 436419.5 ], [ 433133.75, 436419.5 ], [ 433133.75, 436419.25 ], [ 433133.0, 436419.25 ], [ 433133.0, 436419.0 ], [ 433132.5, 436419.0 ], [ 433132.5, 436418.75 ], [ 433132.25, 436418.75 ], [ 433132.25, 436418.5 ], [ 433132.0, 436418.5 ], [ 433132.0, 436418.25 ], [ 433131.75, 436418.25 ], [ 433131.75, 436418.0 ], [ 433131.5, 436418.0 ], [ 433131.5, 436417.75 ], [ 433131.25, 436417.75 ], [ 433131.25, 436417.5 ], [ 433131.0, 436417.5 ], [ 433131.0, 436417.25 ], [ 433130.5, 436417.25 ], [ 433130.5, 436417.0 ], [ 433130.0, 436417.0 ], [ 433130.0, 436416.75 ], [ 433129.0, 436416.75 ], [ 433129.0, 436416.5 ], [ 433128.0, 436416.5 ], [ 433128.0, 436409.0 ], [ 433129.25, 436409.0 ], [ 433129.25, 436409.25 ], [ 433129.5, 436409.25 ], [ 433129.5, 436409.0 ], [ 433130.75, 436409.0 ], [ 433130.75, 436408.75 ], [ 433131.25, 436408.75 ], [ 433131.25, 436408.5 ], [ 433132.25, 436408.5 ], [ 433132.25, 436408.25 ], [ 433133.25, 436408.25 ], [ 433133.25, 436408.0 ], [ 433134.0, 436408.0 ], [ 433134.0, 436407.75 ], [ 433135.0, 436407.75 ], [ 433135.0, 436407.5 ], [ 433137.0, 436407.5 ], [ 433137.0, 436407.25 ], [ 433137.75, 436407.25 ], [ 433137.75, 436407.5 ], [ 433138.75, 436407.5 ], [ 433138.75, 436407.75 ], [ 433139.0, 436407.75 ], [ 433139.0, 436408.0 ], [ 433139.75, 436408.0 ], [ 433139.75, 436408.25 ], [ 433140.5, 436408.25 ], [ 433140.5, 436408.5 ], [ 433141.25, 436408.5 ], [ 433141.25, 436408.75 ], [ 433141.75, 436408.75 ], [ 433141.75, 436409.0 ], [ 433142.25, 436409.0 ], [ 433142.25, 436409.25 ], [ 433142.75, 436409.25 ], [ 433142.75, 436409.5 ], [ 433143.25, 436409.5 ], [ 433143.25, 436409.75 ], [ 433143.75, 436409.75 ], [ 433143.75, 436410.0 ], [ 433144.0, 436410.0 ], [ 433144.0, 436410.25 ], [ 433144.25, 436410.25 ], [ 433144.25, 436410.5 ], [ 433144.5, 436410.5 ], [ 433144.5, 436411.0 ], [ 433144.75, 436411.0 ], [ 433144.75, 436411.25 ], [ 433145.0, 436411.25 ], [ 433145.0, 436411.75 ], [ 433145.25, 436411.75 ], [ 433145.25, 436412.25 ], [ 433145.5, 436412.25 ], [ 433145.5, 436413.0 ], [ 433145.75, 436413.0 ], [ 433145.75, 436414.5 ], [ 433145.5, 436414.5 ], [ 433145.5, 436415.0 ], [ 433145.25, 436415.0 ], [ 433145.25, 436415.25 ], [ 433145.0, 436415.25 ], [ 433145.0, 436415.75 ], [ 433144.75, 436415.75 ], [ 433144.75, 436416.0 ], [ 433144.5, 436416.0 ], [ 433144.5, 436416.5 ], [ 433144.25, 436416.5 ], [ 433144.25, 436416.75 ], [ 433144.0, 436416.75 ], [ 433144.0, 436417.0 ], [ 433143.75, 436417.0 ], [ 433143.75, 436417.5 ], [ 433143.5, 436417.5 ], [ 433143.5, 436417.75 ], [ 433143.25, 436417.75 ], [ 433143.25, 436418.0 ], [ 433143.0, 436418.0 ], [ 433143.0, 436418.25 ], [ 433142.75, 436418.25 ], [ 433142.75, 436418.5 ], [ 433142.5, 436418.5 ], [ 433142.5, 436418.75 ], [ 433142.25, 436418.75 ], [ 433142.25, 436419.0 ], [ 433141.75, 436419.0 ], [ 433141.75, 436419.25 ], [ 433141.25, 436419.25 ], [ 433141.25, 436419.5 ], [ 433140.75, 436419.5 ], [ 433140.75, 436419.75 ], [ 433140.25, 436419.75 ], [ 433140.25, 436420.0 ], [ 433140.0, 436420.0 ], [ 433140.0, 436420.25 ], [ 433139.5, 436420.25 ], [ 433139.5, 436420.5 ], [ 433139.0, 436420.5 ], [ 433139.0, 436420.75 ], [ 433137.75, 436420.75 ], [ 433137.75, 436421.0 ], [ 433137.25, 436421.0 ] ] ] } },
{ "type": "Feature", "properties": { }, "geometry": { "type": "Polygon", "coordinates": [ [ [ 433410.0, 436428.25 ], [ 433410.0, 436428.0 ], [ 433409.25, 436428.0 ], [ 433409.25, 436427.75 ], [ 433408.5, 436427.75 ], [ 433408.5, 436427.5 ], [ 433407.0, 436427.5 ], [ 433407.0, 436427.25 ], [ 433405.75, 436427.25 ], [ 433405.75, 436427.0 ], [ 433404.5, 436427.0 ], [ 433404.5, 436426.75 ], [ 433402.75, 436426.75 ], [ 433402.75, 436426.5 ], [ 433401.75, 436426.5 ], [ 433401.75, 436426.25 ], [ 433401.25, 436426.25 ], [ 433401.25, 436426.0 ], [ 433400.75, 436426.0 ], [ 433400.75, 436425.75 ], [ 433400.0, 436425.75 ], [ 433400.0, 436425.5 ], [ 433399.5, 436425.5 ], [ 433399.5, 436425.25 ], [ 433399.0, 436425.25 ], [ 433399.0, 436425.0 ], [ 433398.5, 436425.0 ], [ 433398.5, 436424.75 ], [ 433398.0, 436424.75 ], [ 433398.0, 436424.5 ], [ 433397.0, 436424.5 ], [ 433397.0, 436424.25 ], [ 433396.0, 436424.25 ], [ 433396.0, 436424.0 ], [ 433395.0, 436424.0 ], [ 433395.0, 436423.75 ], [ 433394.0, 436423.75 ], [ 433394.0, 436423.5 ], [ 433393.25, 436423.5 ], [ 433393.25, 436423.25 ], [ 433392.5, 436423.25 ], [ 433392.5, 436423.0 ], [ 433391.75, 436423.0 ], [ 433391.75, 436422.75 ], [ 433391.0, 436422.75 ], [ 433391.0, 436422.5 ], [ 433390.5, 436422.5 ], [ 433390.5, 436422.25 ], [ 433389.75, 436422.25 ], [ 433389.75, 436422.0 ], [ 433389.0, 436422.0 ], [ 433389.0, 436421.75 ], [ 433388.25, 436421.75 ], [ 433388.25, 436421.5 ], [ 433386.0, 436421.5 ], [ 433386.0, 436421.25 ], [ 433385.5, 436421.25 ], [ 433385.5, 436421.5 ], [ 433384.75, 436421.5 ], [ 433384.75, 436421.75 ], [ 433384.0, 436421.75 ], [ 433384.0, 436411.25 ], [ 433383.25, 436411.25 ], [ 433383.25, 436411.5 ], [ 433382.75, 436411.5 ], [ 433382.75, 436412.25 ], [ 433382.5, 436412.25 ], [ 433382.5, 436411.75 ], [ 433382.25, 436411.75 ], [ 433382.25, 436411.5 ], [ 433382.0, 436411.5 ], [ 433382.0, 436411.25 ], [ 433381.75, 436411.25 ], [ 433381.75, 436411.0 ], [ 433381.5, 436411.0 ], [ 433381.5, 436410.75 ], [ 433380.5, 436410.75 ], [ 433380.5, 436410.5 ], [ 433380.25, 436410.5 ], [ 433380.25, 436409.5 ], [ 433381.0, 436409.5 ], [ 433381.0, 436410.0 ], [ 433381.25, 436410.0 ], [ 433381.25, 436410.25 ], [ 433381.5, 436410.25 ], [ 433381.5, 436410.0 ], [ 433381.75, 436410.0 ], [ 433381.75, 436409.5 ], [ 433382.0, 436409.5 ], [ 433382.0, 436409.25 ], [ 433382.25, 436409.25 ], [ 433382.25, 436408.75 ], [ 433382.5, 436408.75 ], [ 433382.5, 436408.5 ], [ 433382.75, 436408.5 ], [ 433382.75, 436408.25 ], [ 433383.0, 436408.25 ], [ 433383.0, 436408.0 ], [ 433383.25, 436408.0 ], [ 433383.25, 436407.75 ], [ 433383.5, 436407.75 ], [ 433383.5, 436407.5 ], [ 433384.0, 436407.5 ], [ 433384.0, 436398.0 ], [ 433386.0, 436398.0 ], [ 433386.0, 436397.75 ], [ 433386.25, 436397.75 ], [ 433386.25, 436397.5 ], [ 433386.75, 436397.5 ], [ 433386.75, 436397.75 ], [ 433389.5, 436397.75 ], [ 433389.5, 436398.0 ], [ 433389.75, 436398.0 ], [ 433389.75, 436397.75 ], [ 433391.0, 436397.75 ], [ 433391.0, 436397.5 ], [ 433391.5, 436397.5 ], [ 433391.5, 436397.25 ], [ 433392.0, 436397.25 ], [ 433392.0, 436397.0 ], [ 433392.25, 436397.0 ], [ 433392.25, 436396.75 ], [ 433392.5, 436396.75 ], [ 433392.5, 436396.5 ], [ 433392.75, 436396.5 ], [ 433392.75, 436396.0 ], [ 433393.0, 436396.0 ], [ 433393.0, 436395.5 ], [ 433393.25, 436395.5 ], [ 433393.25, 436394.5 ], [ 433393.5, 436394.5 ], [ 433393.5, 436394.0 ], [ 433393.75, 436394.0 ], [ 433393.75, 436393.5 ], [ 433394.0, 436393.5 ], [ 433394.0, 436393.0 ], [ 433394.25, 436393.0 ], [ 433394.25, 436392.5 ], [ 433394.5, 436392.5 ], [ 433394.5, 436392.25 ], [ 433395.5, 436392.25 ], [ 433395.5, 436392.0 ], [ 433396.0, 436392.0 ], [ 433396.0, 436391.75 ], [ 433397.5, 436391.75 ], [ 433397.5, 436392.0 ], [ 433398.75, 436392.0 ], [ 433398.75, 436392.25 ], [ 433400.25, 436392.25 ], [ 433400.25, 436392.5 ], [ 433403.0, 436392.5 ], [ 433403.0, 436392.75 ], [ 433403.75, 436392.75 ], [ 433403.75, 436393.0 ], [ 433404.75, 436393.0 ], [ 433404.75, 436393.25 ], [ 433406.25, 436393.25 ], [ 433406.25, 436393.5 ], [ 433406.75, 436393.5 ], [ 433406.75, 436393.75 ], [ 433407.0, 436393.75 ], [ 433407.0, 436394.25 ], [ 433407.5, 436394.25 ], [ 433407.5, 436394.75 ], [ 433407.75, 436394.75 ], [ 433407.75, 436395.75 ], [ 433408.0, 436395.75 ], [ 433408.0, 436396.5 ], [ 433408.25, 436396.5 ], [ 433408.25, 436398.0 ], [ 433408.5, 436398.0 ], [ 433408.5, 436398.75 ], [ 433408.25, 436398.75 ], [ 433408.25, 436402.25 ], [ 433408.0, 436402.25 ], [ 433408.0, 436402.75 ], [ 433408.25, 436402.75 ], [ 433408.25, 436403.75 ], [ 433408.5, 436403.75 ], [ 433408.5, 436405.75 ], [ 433408.75, 436405.75 ], [ 433408.75, 436406.0 ], [ 433409.0, 436406.0 ], [ 433409.0, 436406.25 ], [ 433409.5, 436406.25 ], [ 433409.5, 436406.5 ], [ 433410.25, 436406.5 ], [ 433410.25, 436406.75 ], [ 433410.75, 436406.75 ], [ 433410.75, 436407.0 ], [ 433411.5, 436407.0 ], [ 433411.5, 436407.25 ], [ 433412.5, 436407.25 ], [ 433412.5, 436407.5 ], [ 433412.75, 436407.5 ], [ 433412.75, 436407.75 ], [ 433413.25, 436407.75 ], [ 433413.25, 436408.0 ], [ 433413.5, 436408.0 ], [ 433413.5, 436408.25 ], [ 433413.75, 436408.25 ], [ 433413.75, 436408.5 ], [ 433414.25, 436408.5 ], [ 433414.25, 436408.75 ], [ 433415.5, 436408.75 ], [ 433415.5, 436409.0 ], [ 433416.5, 436409.0 ], [ 433416.5, 436409.25 ], [ 433418.0, 436409.25 ], [ 433418.0, 436409.5 ], [ 433418.5, 436409.5 ], [ 433418.5, 436409.75 ], [ 433419.0, 436409.75 ], [ 433419.0, 436410.0 ], [ 433419.5, 436410.0 ], [ 433419.5, 436410.25 ], [ 433419.75, 436410.25 ], [ 433419.75, 436410.5 ], [ 433420.25, 436410.5 ], [ 433420.25, 436411.0 ], [ 433420.5, 436411.0 ], [ 433420.5, 436411.5 ], [ 433420.75, 436411.5 ], [ 433420.75, 436412.75 ], [ 433420.5, 436412.75 ], [ 433420.5, 436413.75 ], [ 433420.25, 436413.75 ], [ 433420.25, 436415.0 ], [ 433420.0, 436415.0 ], [ 433420.0, 436416.25 ], [ 433419.75, 436416.25 ], [ 433419.75, 436416.75 ], [ 433419.5, 436416.75 ], [ 433419.5, 436418.75 ], [ 433419.25, 436418.75 ], [ 433419.25, 436419.5 ], [ 433419.0, 436419.5 ], [ 433419.0, 436420.25 ], [ 433418.75, 436420.25 ], [ 433418.75, 436421.25 ], [ 433418.5, 436421.25 ], [ 433418.5, 436422.25 ], [ 433418.25, 436422.25 ], [ 433418.25, 436422.5 ], [ 433418.0, 436422.5 ], [ 433418.0, 436422.75 ], [ 433417.5, 436422.75 ], [ 433417.5, 436423.0 ], [ 433417.25, 436423.0 ], [ 433417.25, 436423.25 ], [ 433416.75, 436423.25 ], [ 433416.75, 436423.5 ], [ 433416.5, 436423.5 ], [ 433416.5, 436423.75 ], [ 433416.25, 436423.75 ], [ 433416.25, 436424.0 ], [ 433416.0, 436424.0 ], [ 433416.0, 436424.25 ], [ 433415.75, 436424.25 ], [ 433415.75, 436424.5 ], [ 433415.5, 436424.5 ], [ 433415.5, 436424.75 ], [ 433415.25, 436424.75 ], [ 433415.25, 436425.0 ], [ 433415.0, 436425.0 ], [ 433415.0, 436425.25 ], [ 433414.75, 436425.25 ], [ 433414.75, 436425.5 ], [ 433414.5, 436425.5 ], [ 433414.5, 436425.75 ], [ 433414.25, 436425.75 ], [ 433414.25, 436426.0 ], [ 433414.0, 436426.0 ], [ 433414.0, 436426.25 ], [ 433413.75, 436426.25 ], [ 433413.75, 436426.5 ], [ 433413.5, 436426.5 ], [ 433413.5, 436426.75 ], [ 433413.25, 436426.75 ], [ 433413.25, 436427.0 ], [ 433413.0, 436427.0 ], [ 433413.0, 436427.25 ], [ 433412.5, 436427.25 ], [ 433412.5, 436427.5 ], [ 433412.25, 436427.5 ], [ 433412.25, 436427.75 ], [ 433411.75, 436427.75 ], [ 433411.75, 436428.0 ], [ 433411.25, 436428.0 ], [ 433411.25, 436428.25 ], [ 433410.0, 436428.25 ] ] ] } },
{ "type": "Feature", "properties": { }, "geometry": { "type": "Polygon", "coordinates": [ [ [ 433260.25, 436282.5 ], [ 433260.25, 436281.75 ], [ 433260.0, 436281.75 ], [ 433260.0, 436281.5 ], [ 433260.25, 436281.5 ], [ 433260.25, 436281.25 ], [ 433260.5, 436281.25 ], [ 433260.5, 436281.0 ], [ 433261.25, 436281.0 ], [ 433261.25, 436280.5 ], [ 433261.5, 436280.5 ], [ 433261.5, 436281.75 ], [ 433261.25, 436281.75 ], [ 433261.25, 436282.0 ], [ 433261.0, 436282.0 ], [ 433261.0, 436282.25 ], [ 433260.75, 436282.25 ], [ 433260.75, 436282.5 ], [ 433260.25, 436282.5 ] ] ] } },
{ "type": "Feature", "properties": { }, "geometry": { "type": "Polygon", "coordinates": [ [ [ 433263.5, 436279.25 ], [ 433263.5, 436279.0 ], [ 433263.25, 436279.0 ], [ 433263.25, 436277.75 ], [ 433263.0, 436277.75 ], [ 433263.0, 436277.25 ], [ 433263.25, 436277.25 ], [ 433263.25, 436276.5 ], [ 433263.5, 436276.5 ], [ 433263.5, 436275.5 ], [ 433263.75, 436275.5 ], [ 433263.75, 436275.25 ], [ 433264.0, 436275.25 ], [ 433264.0, 436275.0 ], [ 433264.25, 436275.0 ], [ 433264.25, 436274.75 ], [ 433264.5, 436274.75 ], [ 433264.5, 436274.5 ], [ 433264.75, 436274.5 ], [ 433264.75, 436274.25 ], [ 433265.0, 436274.25 ], [ 433265.0, 436274.0 ], [ 433265.25, 436274.0 ], [ 433265.25, 436273.75 ], [ 433266.0, 436273.75 ], [ 433266.0, 436274.0 ], [ 433266.5, 436274.0 ], [ 433266.5, 436274.25 ], [ 433266.75, 436274.25 ], [ 433266.75, 436277.75 ], [ 433266.5, 436277.75 ], [ 433266.5, 436278.5 ], [ 433266.25, 436278.5 ], [ 433266.25, 436278.75 ], [ 433265.75, 436278.75 ], [ 433265.75, 436279.0 ], [ 433265.5, 436279.0 ], [ 433265.5, 436279.25 ], [ 433263.5, 436279.25 ] ] ] } },
{ "type": "Feature", "properties": { }, "geometry": { "type": "Polygon", "coordinates": [ [ [ 433808.75, 436337.0 ], [ 433808.75, 436336.75 ], [ 433808.25, 436336.75 ], [ 433808.25, 436336.5 ], [ 433807.75, 436336.5 ], [ 433807.75, 436336.25 ], [ 433807.25, 436336.25 ], [ 433807.25, 436336.0 ], [ 433806.75, 436336.0 ], [ 433806.75, 436335.75 ], [ 433806.25, 436335.75 ], [ 433806.25, 436335.5 ], [ 433806.0, 436335.5 ], [ 433806.0, 436335.25 ], [ 433805.5, 436335.25 ], [ 433805.5, 436335.0 ], [ 433805.25, 436335.0 ], [ 433805.25, 436334.75 ], [ 433805.0, 436334.75 ], [ 433805.0, 436334.5 ], [ 433804.75, 436334.5 ], [ 433804.75, 436334.25 ], [ 433804.5, 436334.25 ], [ 433804.5, 436333.75 ], [ 433804.25, 436333.75 ], [ 433804.25, 436332.75 ], [ 433804.0, 436332.75 ], [ 433804.0, 436332.0 ], [ 433803.75, 436332.0 ], [ 433803.75, 436331.5 ], [ 433803.5, 436331.5 ], [ 433803.5, 436330.5 ], [ 433803.25, 436330.5 ], [ 433803.25, 436329.25 ], [ 433803.0, 436329.25 ], [ 433803.0, 436328.25 ], [ 433802.75, 436328.25 ], [ 433802.75, 436327.75 ], [ 433802.5, 436327.75 ], [ 433802.5, 436326.5 ], [ 433802.25, 436326.5 ], [ 433802.25, 436325.75 ], [ 433802.0, 436325.75 ], [ 433802.0, 436325.0 ], [ 433801.75, 436325.0 ], [ 433801.75, 436324.0 ], [ 433801.5, 436324.0 ], [ 433801.5, 436323.0 ], [ 433801.25, 436323.0 ], [ 433801.25, 436322.5 ], [ 433801.0, 436322.5 ], [ 433801.0, 436322.25 ], [ 433800.75, 436322.25 ], [ 433800.75, 436322.0 ], [ 433800.5, 436322.0 ], [ 433800.5, 436321.5 ], [ 433800.25, 436321.5 ], [ 433800.25, 436321.25 ], [ 433800.0, 436321.25 ], [ 433800.0, 436320.75 ], [ 433799.75, 436320.75 ], [ 433799.75, 436320.5 ], [ 433799.5, 436320.5 ], [ 433799.5, 436320.25 ], [ 433799.25, 436320.25 ], [ 433799.25, 436319.75 ], [ 433799.0, 436319.75 ], [ 433799.0, 436319.0 ], [ 433798.75, 436319.0 ], [ 433798.75, 436318.5 ], [ 433798.5, 436318.5 ], [ 433798.5, 436317.75 ], [ 433798.25, 436317.75 ], [ 433798.25, 436317.25 ], [ 433798.0, 436317.25 ], [ 433798.0, 436316.5 ], [ 433797.75, 436316.5 ], [ 433797.75, 436316.0 ], [ 433797.5, 436316.0 ], [ 433797.5, 436315.5 ], [ 433797.25, 436315.5 ], [ 433797.25, 436315.0 ], [ 433797.0, 436315.0 ], [ 433797.0, 436314.25 ], [ 433796.75, 436314.25 ], [ 433796.75, 436313.25 ], [ 433796.5, 436313.25 ], [ 433796.5, 436312.5 ], [ 433796.25, 436312.5 ], [ 433796.25, 436311.5 ], [ 433796.0, 436311.5 ], [ 433796.0, 436310.75 ], [ 433795.75, 436310.75 ], [ 433795.75, 436310.25 ], [ 433796.0, 436310.25 ], [ 433796.0, 436308.75 ], [ 433796.25, 436308.75 ], [ 433796.25, 436308.0 ], [ 433796.5, 436308.0 ], [ 433796.5, 436307.25 ], [ 433796.75, 436307.25 ], [ 433796.75, 436306.5 ], [ 433797.0, 436306.5 ], [ 433797.0, 436306.0 ], [ 433797.25, 436306.0 ], [ 433797.25, 436305.5 ], [ 433797.5, 436305.5 ], [ 433797.5, 436305.25 ], [ 433797.75, 436305.25 ], [ 433797.75, 436305.0 ], [ 433798.25, 436305.0 ], [ 433798.25, 436304.75 ], [ 433798.5, 436304.75 ], [ 433798.5, 436304.5 ], [ 433798.75, 436304.5 ], [ 433798.75, 436304.25 ], [ 433799.25, 436304.25 ], [ 433799.25, 436304.0 ], [ 433799.75, 436304.0 ], [ 433799.75, 436303.75 ], [ 433800.25, 436303.75 ], [ 433800.25, 436303.5 ], [ 433800.75, 436303.5 ], [ 433800.75, 436303.25 ], [ 433801.5, 436303.25 ], [ 433801.5, 436303.0 ], [ 433802.0, 436303.0 ], [ 433802.0, 436302.75 ], [ 433802.75, 436302.75 ], [ 433802.75, 436302.5 ], [ 433803.0, 436302.5 ], [ 433803.0, 436302.25 ], [ 433803.25, 436302.25 ], [ 433803.25, 436302.0 ], [ 433803.5, 436302.0 ], [ 433803.5, 436301.75 ], [ 433803.75, 436301.75 ], [ 433803.75, 436301.5 ], [ 433804.0, 436301.5 ], [ 433804.0, 436299.75 ], [ 433804.25, 436299.75 ], [ 433804.25, 436299.25 ], [ 433804.5, 436299.25 ], [ 433804.5, 436298.0 ], [ 433804.25, 436298.0 ], [ 433804.25, 436297.5 ], [ 433804.0, 436297.5 ], [ 433804.0, 436297.0 ], [ 433803.75, 436297.0 ], [ 433803.75, 436296.5 ], [ 433803.5, 436296.5 ], [ 433803.5, 436296.25 ], [ 433803.25, 436296.25 ], [ 433803.25, 436296.0 ], [ 433803.0, 436296.0 ], [ 433803.0, 436295.75 ], [ 433802.75, 436295.75 ], [ 433802.75, 436295.5 ], [ 433802.5, 436295.5 ], [ 433802.5, 436295.0 ], [ 433802.25, 436295.0 ], [ 433802.25, 436294.5 ], [ 433802.0, 436294.5 ], [ 433802.0, 436294.0 ], [ 433801.75, 436294.0 ], [ 433801.75, 436293.5 ], [ 433801.5, 436293.5 ], [ 433801.5, 436293.25 ], [ 433801.25, 436293.25 ], [ 433801.25, 436292.5 ], [ 433801.0, 436292.5 ], [ 433801.0, 436291.75 ], [ 433800.75, 436291.75 ], [ 433800.75, 436291.25 ], [ 433800.5, 436291.25 ], [ 433800.5, 436290.75 ], [ 433800.25, 436290.75 ], [ 433800.25, 436290.0 ], [ 433800.0, 436290.0 ], [ 433800.0, 436289.0 ], [ 433799.75, 436289.0 ], [ 433799.75, 436288.25 ], [ 433799.5, 436288.25 ], [ 433799.5, 436287.75 ], [ 433799.25, 436287.75 ], [ 433799.25, 436286.75 ], [ 433799.0, 436286.75 ], [ 433799.0, 436286.0 ], [ 433798.75, 436286.0 ], [ 433798.75, 436285.5 ], [ 433798.5, 436285.5 ], [ 433798.5, 436285.0 ], [ 433798.25, 436285.0 ], [ 433798.25, 436284.75 ], [ 433798.0, 436284.75 ], [ 433798.0, 436284.25 ], [ 433797.75, 436284.25 ], [ 433797.75, 436283.75 ], [ 433797.5, 436283.75 ], [ 433797.5, 436283.5 ], [ 433797.25, 436283.5 ], [ 433797.25, 436283.0 ], [ 433797.0, 436283.0 ], [ 433797.0, 436282.5 ], [ 433796.75, 436282.5 ], [ 433796.75, 436282.0 ], [ 433796.5, 436282.0 ], [ 433796.5, 436281.25 ], [ 433796.25, 436281.25 ], [ 433796.25, 436280.5 ], [ 433796.0, 436280.5 ], [ 433796.0, 436278.5 ], [ 433795.75, 436278.5 ], [ 433795.75, 436276.25 ], [ 433795.5, 436276.25 ], [ 433795.5, 436274.5 ], [ 433795.25, 436274.5 ], [ 433795.25, 436267.25 ], [ 433795.5, 436267.25 ], [ 433795.5, 436266.5 ], [ 433795.75, 436266.5 ], [ 433795.75, 436266.25 ], [ 433796.0, 436266.25 ], [ 433796.0, 436266.0 ], [ 433796.25, 436266.0 ], [ 433796.25, 436265.75 ], [ 433796.5, 436265.75 ], [ 433796.5, 436265.5 ], [ 433796.75, 436265.5 ], [ 433796.75, 436265.25 ], [ 433797.25, 436265.25 ], [ 433797.25, 436265.0 ], [ 433797.75, 436265.0 ], [ 433797.75, 436264.75 ], [ 433798.5, 436264.75 ], [ 433798.5, 436264.5 ], [ 433804.75, 436264.5 ], [ 433804.75, 436264.75 ], [ 433805.75, 436264.75 ], [ 433805.75, 436265.0 ], [ 433806.5, 436265.0 ], [ 433806.5, 436265.25 ], [ 433807.25, 436265.25 ], [ 433807.25, 436265.5 ], [ 433808.0, 436265.5 ], [ 433808.0, 436265.75 ], [ 433808.5, 436265.75 ], [ 433808.5, 436266.0 ], [ 433809.0, 436266.0 ], [ 433809.0, 436266.25 ], [ 433809.75, 436266.25 ], [ 433809.75, 436266.5 ], [ 433810.5, 436266.5 ], [ 433810.5, 436266.75 ], [ 433811.0, 436266.75 ], [ 433811.0, 436267.0 ], [ 433812.0, 436267.0 ], [ 433812.0, 436267.25 ], [ 433813.0, 436267.25 ], [ 433813.0, 436267.5 ], [ 433813.5, 436267.5 ], [ 433813.5, 436267.75 ], [ 433814.25, 436267.75 ], [ 433814.25, 436268.0 ], [ 433814.75, 436268.0 ], [ 433814.75, 436268.25 ], [ 433815.5, 436268.25 ], [ 433815.5, 436268.5 ], [ 433816.0, 436268.5 ], [ 433816.0, 436268.75 ], [ 433816.5, 436268.75 ], [ 433816.5, 436269.0 ], [ 433817.0, 436269.0 ], [ 433817.0, 436269.25 ], [ 433817.5, 436269.25 ], [ 433817.5, 436269.5 ], [ 433818.0, 436269.5 ], [ 433818.0, 436269.75 ], [ 433818.25, 436269.75 ], [ 433818.25, 436270.0 ], [ 433818.5, 436270.0 ], [ 433818.5, 436270.25 ], [ 433819.0, 436270.25 ], [ 433819.0, 436270.5 ], [ 433819.5, 436270.5 ], [ 433819.5, 436270.75 ], [ 433820.0, 436270.75 ], [ 433820.0, 436271.0 ], [ 433820.5, 436271.0 ], [ 433820.5, 436271.25 ], [ 433821.25, 436271.25 ], [ 433821.25, 436271.5 ], [ 433822.0, 436271.5 ], [ 433822.0, 436271.75 ], [ 433822.75, 436271.75 ], [ 433822.75, 436272.0 ], [ 433823.25, 436272.0 ], [ 433823.25, 436272.25 ], [ 433824.0, 436272.25 ], [ 433824.0, 436272.5 ], [ 433824.75, 436272.5 ], [ 433824.75, 436272.75 ], [ 433825.25, 436272.75 ], [ 433825.25, 436273.0 ], [ 433825.75, 436273.0 ], [ 433825.75, 436273.25 ], [ 433826.5, 436273.25 ], [ 433826.5, 436273.5 ], [ 433827.25, 436273.5 ], [ 433827.25, 436273.75 ], [ 433827.75, 436273.75 ], [ 433827.75, 436274.0 ], [ 433828.25, 436274.0 ], [ 433828.25, 436274.25 ], [ 433829.0, 436274.25 ], [ 433829.0, 436274.5 ], [ 433829.5, 436274.5 ], [ 433829.5, 436274.75 ], [ 433830.0, 436274.75 ], [ 433830.0, 436275.0 ], [ 433830.5, 436275.0 ], [ 433830.5, 436275.25 ], [ 433831.25, 436275.25 ], [ 433831.25, 436275.5 ], [ 433831.75, 436275.5 ], [ 433831.75, 436275.75 ], [ 433832.25, 436275.75 ], [ 433832.25, 436276.0 ], [ 433832.75, 436276.0 ], [ 433832.75, 436276.25 ], [ 433833.5, 436276.25 ], [ 433833.5, 436276.5 ], [ 433833.75, 436276.5 ], [ 433833.75, 436276.75 ], [ 433834.25, 436276.75 ], [ 433834.25, 436277.0 ], [ 433834.5, 436277.0 ], [ 433834.5, 436277.25 ], [ 433834.75, 436277.25 ], [ 433834.75, 436277.5 ], [ 433835.0, 436277.5 ], [ 433835.0, 436277.75 ], [ 433835.25, 436277.75 ], [ 433835.25, 436278.25 ], [ 433835.5, 436278.25 ], [ 433835.5, 436280.0 ], [ 433835.75, 436280.0 ], [ 433835.75, 436282.25 ], [ 433835.5, 436282.25 ], [ 433835.5, 436283.75 ], [ 433835.25, 436283.75 ], [ 433835.25, 436284.75 ], [ 433835.0, 436284.75 ], [ 433835.0, 436285.25 ], [ 433834.75, 436285.25 ], [ 433834.75, 436286.0 ], [ 433834.5, 436286.0 ], [ 433834.5, 436286.5 ], [ 433834.25, 436286.5 ], [ 433834.25, 436286.75 ], [ 433834.0, 436286.75 ], [ 433834.0, 436287.0 ], [ 433833.75, 436287.0 ], [ 433833.75, 436287.25 ], [ 433833.0, 436287.25 ], [ 433833.0, 436287.5 ], [ 433831.5, 436287.5 ], [ 433831.5, 436287.75 ], [ 433829.5, 436287.75 ], [ 433829.5, 436288.0 ], [ 433828.25, 436288.0 ], [ 433828.25, 436288.25 ], [ 433824.5, 436288.25 ], [ 433824.5, 436288.5 ], [ 433823.75, 436288.5 ], [ 433823.75, 436288.75 ], [ 433823.0, 436288.75 ], [ 433823.0, 436289.0 ], [ 433822.25, 436289.0 ], [ 433822.25, 436289.25 ], [ 433821.75, 436289.25 ], [ 433821.75, 436289.75 ], [ 433821.5, 436289.75 ], [ 433821.5, 436290.5 ], [ 433821.25, 436290.5 ], [ 433821.25, 436291.5 ], [ 433821.5, 436291.5 ], [ 433821.5, 436292.25 ], [ 433821.75, 436292.25 ], [ 433821.75, 436292.75 ], [ 433822.0, 436292.75 ], [ 433822.0, 436293.5 ], [ 433822.25, 436293.5 ], [ 433822.25, 436293.75 ], [ 433822.5, 436293.75 ], [ 433822.5, 436294.0 ], [ 433823.0, 436294.0 ], [ 433823.0, 436294.25 ], [ 433823.5, 436294.25 ], [ 433823.5, 436294.5 ], [ 433824.0, 436294.5 ], [ 433824.0, 436294.75 ], [ 433824.75, 436294.75 ], [ 433824.75, 436295.0 ], [ 433826.75, 436295.0 ], [ 433826.75, 436295.25 ], [ 433827.5, 436295.25 ], [ 433827.5, 436295.5 ], [ 433828.25, 436295.5 ], [ 433828.25, 436295.75 ], [ 433828.75, 436295.75 ], [ 433828.75, 436296.0 ], [ 433829.0, 436296.0 ], [ 433829.0, 436296.25 ], [ 433829.25, 436296.25 ], [ 433829.25, 436296.5 ], [ 433829.5, 436296.5 ], [ 433829.5, 436296.75 ], [ 433830.25, 436296.75 ], [ 433830.25, 436297.0 ], [ 433830.5, 436297.0 ], [ 433830.5, 436297.25 ], [ 433831.0, 436297.25 ], [ 433831.0, 436297.5 ], [ 433831.25, 436297.5 ], [ 433831.25, 436298.0 ], [ 433831.5, 436298.0 ], [ 433831.5, 436299.25 ], [ 433831.75, 436299.25 ], [ 433831.75, 436302.5 ], [ 433832.0, 436302.5 ], [ 433832.0, 436303.75 ], [ 433831.75, 436303.75 ], [ 433831.75, 436306.5 ], [ 433832.0, 436306.5 ], [ 433832.0, 436307.75 ], [ 433832.25, 436307.75 ], [ 433832.25, 436308.75 ], [ 433832.5, 436308.75 ], [ 433832.5, 436310.0 ], [ 433832.75, 436310.0 ], [ 433832.75, 436311.25 ], [ 433833.0, 436311.25 ], [ 433833.0, 436312.25 ], [ 433833.25, 436312.25 ], [ 433833.25, 436313.5 ], [ 433833.5, 436313.5 ], [ 433833.5, 436314.25 ], [ 433833.75, 436314.25 ], [ 433833.75, 436314.75 ], [ 433834.0, 436314.75 ], [ 433834.0, 436315.25 ], [ 433834.25, 436315.25 ], [ 433834.25, 436315.75 ], [ 433834.5, 436315.75 ], [ 433834.5, 436316.0 ], [ 433834.75, 436316.0 ], [ 433834.75, 436316.5 ], [ 433835.0, 436316.5 ], [ 433835.0, 436317.0 ], [ 433835.25, 436317.0 ], [ 433835.25, 436317.75 ], [ 433835.5, 436317.75 ], [ 433835.5, 436318.5 ], [ 433835.75, 436318.5 ], [ 433835.75, 436319.5 ], [ 433836.0, 436319.5 ], [ 433836.0, 436320.75 ], [ 433836.25, 436320.75 ], [ 433836.25, 436321.75 ], [ 433836.5, 436321.75 ], [ 433836.5, 436323.0 ], [ 433836.75, 436323.0 ], [ 433836.75, 436324.0 ], [ 433837.0, 436324.0 ], [ 433837.0, 436324.75 ], [ 433837.25, 436324.75 ], [ 433837.25, 436325.75 ], [ 433837.5, 436325.75 ], [ 433837.5, 436326.5 ], [ 433837.75, 436326.5 ], [ 433837.75, 436327.0 ], [ 433838.0, 436327.0 ], [ 433838.0, 436327.5 ], [ 433838.25, 436327.5 ], [ 433838.25, 436330.25 ], [ 433838.0, 436330.25 ], [ 433838.0, 436331.0 ], [ 433837.75, 436331.0 ], [ 433837.75, 436331.25 ], [ 433837.5, 436331.25 ], [ 433837.5, 436331.5 ], [ 433837.0, 436331.5 ], [ 433837.0, 436331.75 ], [ 433836.5, 436331.75 ], [ 433836.5, 436332.0 ], [ 433836.0, 436332.0 ], [ 433836.0, 436332.25 ], [ 433835.25, 436332.25 ], [ 433835.25, 436332.5 ], [ 433829.25, 436332.5 ], [ 433829.25, 436332.25 ], [ 433827.0, 436332.25 ], [ 433827.0, 436332.0 ], [ 433825.25, 436332.0 ], [ 433825.25, 436332.25 ], [ 433824.25, 436332.25 ], [ 433824.25, 436332.5 ], [ 433823.25, 436332.5 ], [ 433823.25, 436332.75 ], [ 433822.25, 436332.75 ], [ 433822.25, 436333.0 ], [ 433821.5, 436333.0 ], [ 433821.5, 436333.25 ], [ 433820.75, 436333.25 ], [ 433820.75, 436333.5 ], [ 433820.25, 436333.5 ], [ 433820.25, 436333.75 ], [ 433819.75, 436333.75 ], [ 433819.75, 436334.0 ], [ 433819.0, 436334.0 ], [ 433819.0, 436334.25 ], [ 433818.5, 436334.25 ], [ 433818.5, 436334.5 ], [ 433818.0, 436334.5 ], [ 433818.0, 436334.75 ], [ 433817.5, 436334.75 ], [ 433817.5, 436335.0 ], [ 433816.5, 436335.0 ], [ 433816.5, 436335.25 ], [ 433816.0, 436335.25 ], [ 433816.0, 436335.5 ], [ 433815.25, 436335.5 ], [ 433815.25, 436335.75 ], [ 433814.25, 436335.75 ], [ 433814.25, 436336.0 ], [ 433813.5, 436336.0 ], [ 433813.5, 436336.25 ], [ 433813.0, 436336.25 ], [ 433813.0, 436336.5 ], [ 433812.0, 436336.5 ], [ 433812.0, 436336.75 ], [ 433811.25, 436336.75 ], [ 433811.25, 436337.0 ], [ 433808.75, 436337.0 ] ] ] } },
{ "type": "Feature", "properties": { }, "geometry": { "type": "Polygon", "coordinates": [ [ [ 433229.25, 436234.25 ], [ 433229.25, 436233.5 ], [ 433229.0, 436233.5 ], [ 433229.0, 436233.25 ], [ 433228.75, 436233.25 ], [ 433228.75, 436233.0 ], [ 433228.5, 436233.0 ], [ 433228.5, 436232.75 ], [ 433228.25, 436232.75 ], [ 433228.25, 436232.0 ], [ 433229.75, 436232.0 ], [ 433229.75, 436233.75 ], [ 433229.5, 436233.75 ], [ 433229.5, 436234.25 ], [ 433229.25, 436234.25 ] ] ] } },
{ "type": "Feature", "properties": { }, "geometry": { "type": "Polygon", "coordinates": [ [ [ 433249.5, 436288.75 ], [ 433249.5, 436288.5 ], [ 433248.75, 436288.5 ], [ 433248.75, 436288.25 ], [ 433248.25, 436288.25 ], [ 433248.25, 436288.0 ], [ 433247.75, 436288.0 ], [ 433247.75, 436287.75 ], [ 433247.25, 436287.75 ], [ 433247.25, 436287.5 ], [ 433246.75, 436287.5 ], [ 433246.75, 436287.25 ], [ 433246.25, 436287.25 ], [ 433246.25, 436287.0 ], [ 433246.0, 436287.0 ], [ 433246.0, 436286.75 ], [ 433245.5, 436286.75 ], [ 433245.5, 436286.5 ], [ 433245.25, 436286.5 ], [ 433245.25, 436286.0 ], [ 433245.0, 436286.0 ], [ 433245.0, 436285.75 ], [ 433244.75, 436285.75 ], [ 433244.75, 436285.5 ], [ 433244.5, 436285.5 ], [ 433244.5, 436285.25 ], [ 433244.25, 436285.25 ], [ 433244.25, 436285.0 ], [ 433244.0, 436285.0 ], [ 433244.0, 436284.75 ], [ 433243.75, 436284.75 ], [ 433243.75, 436284.5 ], [ 433243.5, 436284.5 ], [ 433243.5, 436284.25 ], [ 433243.25, 436284.25 ], [ 433243.25, 436284.0 ], [ 433243.0, 436284.0 ], [ 433243.0, 436283.75 ], [ 433242.5, 436283.75 ], [ 433242.5, 436283.5 ], [ 433242.25, 436283.5 ], [ 433242.25, 436283.25 ], [ 433241.75, 436283.25 ], [ 433241.75, 436283.0 ], [ 433241.5, 436283.0 ], [ 433241.5, 436282.75 ], [ 433241.25, 436282.75 ], [ 433241.25, 436282.5 ], [ 433241.0, 436282.5 ], [ 433241.0, 436282.0 ], [ 433240.75, 436282.0 ], [ 433240.75, 436281.75 ], [ 433240.5, 436281.75 ], [ 433240.5, 436281.5 ], [ 433240.25, 436281.5 ], [ 433240.25, 436281.25 ], [ 433240.0, 436281.25 ], [ 433240.0, 436281.0 ], [ 433239.75, 436281.0 ], [ 433239.75, 436280.75 ], [ 433239.5, 436280.75 ], [ 433239.5, 436280.5 ], [ 433239.25, 436280.5 ], [ 433239.25, 436280.25 ], [ 433238.75, 436280.25 ], [ 433238.75, 436280.0 ], [ 433238.5, 436280.0 ], [ 433238.5, 436279.75 ], [ 433238.0, 436279.75 ], [ 433238.0, 436279.5 ], [ 433237.75, 436279.5 ], [ 433237.75, 436279.25 ], [ 433237.25, 436279.25 ], [ 433237.25, 436279.0 ], [ 433237.0, 436279.0 ], [ 433237.0, 436278.75 ], [ 433236.75, 436278.75 ], [ 433236.75, 436278.5 ], [ 433236.5, 436278.5 ], [ 433236.5, 436278.25 ], [ 433236.25, 436278.25 ], [ 433236.25, 436278.0 ], [ 433236.0, 436278.0 ], [ 433236.0, 436277.5 ], [ 433235.75, 436277.5 ], [ 433235.75, 436277.25 ], [ 433235.5, 436277.25 ], [ 433235.5, 436277.0 ], [ 433235.25, 436277.0 ], [ 433235.25, 436276.75 ], [ 433235.0, 436276.75 ], [ 433235.0, 436276.5 ], [ 433234.75, 436276.5 ], [ 433234.75, 436276.25 ], [ 433234.5, 436276.25 ], [ 433234.5, 436276.0 ], [ 433234.25, 436276.0 ], [ 433234.25, 436275.75 ], [ 433234.0, 436275.75 ], [ 433234.0, 436275.5 ], [ 433233.75, 436275.5 ], [ 433233.75, 436275.25 ], [ 433233.5, 436275.25 ], [ 433233.5, 436275.0 ], [ 433233.25, 436275.0 ], [ 433233.25, 436274.75 ], [ 433233.0, 436274.75 ], [ 433233.0, 436274.5 ], [ 433232.75, 436274.5 ], [ 433232.75, 436274.25 ], [ 433232.5, 436274.25 ], [ 433232.5, 436273.75 ], [ 433232.25, 436273.75 ], [ 433232.25, 436273.5 ], [ 433232.0, 436273.5 ], [ 433232.0, 436273.0 ], [ 433231.75, 436273.0 ], [ 433231.75, 436272.75 ], [ 433231.5, 436272.75 ], [ 433231.5, 436272.5 ], [ 433231.25, 436272.5 ], [ 433231.25, 436272.25 ], [ 433231.0, 436272.25 ], [ 433231.0, 436272.0 ], [ 433230.75, 436272.0 ], [ 433230.75, 436271.75 ], [ 433230.5, 436271.75 ], [ 433230.5, 436271.5 ], [ 433230.25, 436271.5 ], [ 433230.25, 436271.25 ], [ 433230.0, 436271.25 ], [ 433230.0, 436271.0 ], [ 433229.75, 436271.0 ], [ 433229.75, 436270.75 ], [ 433229.5, 436270.75 ], [ 433229.5, 436270.5 ], [ 433229.25, 436270.5 ], [ 433229.25, 436270.0 ], [ 433229.0, 436270.0 ], [ 433229.0, 436269.75 ], [ 433228.75, 436269.75 ], [ 433228.75, 436269.5 ], [ 433228.5, 436269.5 ], [ 433228.5, 436269.0 ], [ 433228.25, 436269.0 ], [ 433228.25, 436268.75 ], [ 433228.0, 436268.75 ], [ 433228.0, 436268.5 ], [ 433227.75, 436268.5 ], [ 433227.75, 436268.25 ], [ 433227.5, 436268.25 ], [ 433227.5, 436268.0 ], [ 433227.25, 436268.0 ], [ 433227.25, 436267.75 ], [ 433226.75, 436267.75 ], [ 433226.75, 436267.5 ], [ 433226.0, 436267.5 ], [ 433226.0, 436267.25 ], [ 433225.5, 436267.25 ], [ 433225.5, 436267.0 ], [ 433225.25, 436267.0 ], [ 433225.25, 436266.75 ], [ 433224.75, 436266.75 ], [ 433224.75, 436266.5 ], [ 433224.25, 436266.5 ], [ 433224.25, 436266.25 ], [ 433224.0, 436266.25 ], [ 433224.0, 436266.0 ], [ 433223.75, 436266.0 ], [ 433223.75, 436265.75 ], [ 433223.5, 436265.75 ], [ 433223.5, 436265.5 ], [ 433223.0, 436265.5 ], [ 433223.0, 436265.25 ], [ 433222.5, 436265.25 ], [ 433222.5, 436265.0 ], [ 433222.0, 436265.0 ], [ 433222.0, 436264.75 ], [ 433221.5, 436264.75 ], [ 433221.5, 436264.5 ], [ 433221.0, 436264.5 ], [ 433221.0, 436264.25 ], [ 433220.5, 436264.25 ], [ 433220.5, 436264.0 ], [ 433220.25, 436264.0 ], [ 433220.25, 436263.75 ], [ 433219.75, 436263.75 ], [ 433219.75, 436263.5 ], [ 433219.5, 436263.5 ], [ 433219.5, 436263.25 ], [ 433219.25, 436263.25 ], [ 433219.25, 436263.0 ], [ 433218.75, 436263.0 ], [ 433218.75, 436262.75 ], [ 433218.5, 436262.75 ], [ 433218.5, 436262.5 ], [ 433218.25, 436262.5 ], [ 433218.25, 436262.25 ], [ 433218.0, 436262.25 ], [ 433218.0, 436262.0 ], [ 433217.5, 436262.0 ], [ 433217.5, 436261.75 ], [ 433217.25, 436261.75 ], [ 433217.25, 436261.5 ], [ 433217.0, 436261.5 ], [ 433217.0, 436261.25 ], [ 433216.75, 436261.25 ], [ 433216.75, 436261.0 ], [ 433216.5, 436261.0 ], [ 433216.5, 436260.75 ], [ 433216.25, 436260.75 ], [ 433216.25, 436260.5 ], [ 433216.0, 436260.5 ], [ 433216.0, 436260.25 ], [ 433215.5, 436260.25 ], [ 433215.5, 436260.0 ], [ 433215.25, 436260.0 ], [ 433215.25, 436259.75 ], [ 433215.0, 436259.75 ], [ 433215.0, 436259.5 ], [ 433214.75, 436259.5 ], [ 433214.75, 436259.25 ], [ 433214.5, 436259.25 ], [ 433214.5, 436259.0 ], [ 433214.0, 436259.0 ], [ 433214.0, 436258.75 ], [ 433213.75, 436258.75 ], [ 433213.75, 436258.5 ], [ 433213.5, 436258.5 ], [ 433213.5, 436258.25 ], [ 433213.25, 436258.25 ], [ 433213.25, 436258.0 ], [ 433213.0, 436258.0 ], [ 433213.0, 436257.75 ], [ 433212.75, 436257.75 ], [ 433212.75, 436257.5 ], [ 433212.5, 436257.5 ], [ 433212.5, 436257.25 ], [ 433212.25, 436257.25 ], [ 433212.25, 436257.0 ], [ 433212.0, 436257.0 ], [ 433212.0, 436256.75 ], [ 433211.75, 436256.75 ], [ 433211.75, 436256.5 ], [ 433211.5, 436256.5 ], [ 433211.5, 436256.25 ], [ 433211.25, 436256.25 ], [ 433211.25, 436256.0 ], [ 433211.0, 436256.0 ], [ 433211.0, 436255.75 ], [ 433210.5, 436255.75 ], [ 433210.5, 436255.25 ], [ 433210.25, 436255.25 ], [ 433210.25, 436254.75 ], [ 433210.0, 436254.75 ], [ 433210.0, 436254.0 ], [ 433209.75, 436254.0 ], [ 433209.75, 436253.25 ], [ 433209.5, 436253.25 ], [ 433209.5, 436251.75 ], [ 433209.25, 436251.75 ], [ 433209.25, 436251.5 ], [ 433209.5, 436251.5 ], [ 433209.5, 436250.5 ], [ 433209.75, 436250.5 ], [ 433209.75, 436249.5 ], [ 433210.0, 436249.5 ], [ 433210.0, 436249.25 ], [ 433209.75, 436249.25 ], [ 433209.75, 436248.0 ], [ 433209.5, 436248.0 ], [ 433209.5, 436247.5 ], [ 433209.25, 436247.5 ], [ 433209.25, 436247.0 ], [ 433209.0, 436247.0 ], [ 433209.0, 436246.5 ], [ 433208.75, 436246.5 ], [ 433208.75, 436245.75 ], [ 433208.5, 436245.75 ], [ 433208.5, 436245.25 ], [ 433208.25, 436245.25 ], [ 433208.25, 436244.25 ], [ 433208.0, 436244.25 ], [ 433208.0, 436241.5 ], [ 433208.25, 436241.5 ], [ 433208.25, 436240.5 ], [ 433208.5, 436240.5 ], [ 433208.5, 436240.0 ], [ 433208.75, 436240.0 ], [ 433208.75, 436239.5 ], [ 433209.0, 436239.5 ], [ 433209.0, 436239.0 ], [ 433209.25, 436239.0 ], [ 433209.25, 436238.5 ], [ 433209.5, 436238.5 ], [ 433209.5, 436238.0 ], [ 433209.75, 436238.0 ], [ 433209.75, 436237.75 ], [ 433210.0, 436237.75 ], [ 433210.0, 436237.0 ], [ 433210.25, 436237.0 ], [ 433210.25, 436236.5 ], [ 433210.5, 436236.5 ], [ 433210.5, 436236.0 ], [ 433210.75, 436236.0 ], [ 433210.75, 436235.5 ], [ 433211.0, 436235.5 ], [ 433211.0, 436234.5 ], [ 433211.25, 436234.5 ], [ 433211.25, 436232.0 ], [ 433215.25, 436232.0 ], [ 433215.25, 436231.5 ], [ 433215.5, 436231.5 ], [ 433215.5, 436230.25 ], [ 433215.75, 436230.25 ], [ 433215.75, 436229.5 ], [ 433216.0, 436229.5 ], [ 433216.0, 436228.5 ], [ 433216.25, 436228.5 ], [ 433216.25, 436227.5 ], [ 433216.5, 436227.5 ], [ 433216.5, 436227.0 ], [ 433216.75, 436227.0 ], [ 433216.75, 436226.5 ], [ 433217.0, 436226.5 ], [ 433217.0, 436225.75 ], [ 433217.25, 436225.75 ], [ 433217.25, 436225.0 ], [ 433217.5, 436225.0 ], [ 433217.5, 436224.5 ], [ 433217.75, 436224.5 ], [ 433217.75, 436224.25 ], [ 433218.0, 436224.25 ], [ 433218.0, 436223.75 ], [ 433218.25, 436223.75 ], [ 433218.25, 436223.25 ], [ 433218.5, 436223.25 ], [ 433218.5, 436222.75 ], [ 433218.75, 436222.75 ], [ 433218.75, 436222.25 ], [ 433219.0, 436222.25 ], [ 433219.0, 436222.0 ], [ 433219.25, 436222.0 ], [ 433219.25, 436221.5 ], [ 433219.5, 436221.5 ], [ 433219.5, 436221.25 ], [ 433219.75, 436221.25 ], [ 433219.75, 436220.75 ], [ 433220.0, 436220.75 ], [ 433220.0, 436220.5 ], [ 433220.25, 436220.5 ], [ 433220.25, 436220.25 ], [ 433220.5, 436220.25 ], [ 433220.5, 436219.75 ], [ 433220.75, 436219.75 ], [ 433220.75, 436219.5 ], [ 433221.0, 436219.5 ], [ 433221.0, 436219.25 ], [ 433221.25, 436219.25 ], [ 433221.25, 436218.75 ], [ 433221.5, 436218.75 ], [ 433221.5, 436218.5 ], [ 433221.75, 436218.5 ], [ 433221.75, 436218.25 ], [ 433222.25, 436218.25 ], [ 433222.25, 436218.0 ], [ 433222.5, 436218.0 ], [ 433222.5, 436217.75 ], [ 433222.75, 436217.75 ], [ 433222.75, 436217.5 ], [ 433223.25, 436217.5 ], [ 433223.25, 436217.25 ], [ 433223.75, 436217.25 ], [ 433223.75, 436217.0 ], [ 433224.25, 436217.0 ], [ 433224.25, 436216.75 ], [ 433224.5, 436216.75 ], [ 433224.5, 436216.5 ], [ 433224.75, 436216.5 ], [ 433224.75, 436216.25 ], [ 433225.0, 436216.25 ], [ 433225.0, 436216.0 ], [ 433225.5, 436216.0 ], [ 433225.5, 436215.75 ], [ 433226.5, 436215.75 ], [ 433226.5, 436216.0 ], [ 433226.75, 436216.0 ], [ 433226.75, 436216.25 ], [ 433227.0, 436216.25 ], [ 433227.0, 436216.5 ], [ 433227.25, 436216.5 ], [ 433227.25, 436216.75 ], [ 433227.5, 436216.75 ], [ 433227.5, 436217.25 ], [ 433227.75, 436217.25 ], [ 433227.75, 436219.25 ], [ 433227.5, 436219.25 ], [ 433227.5, 436220.0 ], [ 433227.25, 436220.0 ], [ 433227.25, 436220.75 ], [ 433227.0, 436220.75 ], [ 433227.0, 436221.5 ], [ 433226.75, 436221.5 ], [ 433226.75, 436222.0 ], [ 433226.5, 436222.0 ], [ 433226.5, 436222.25 ], [ 433226.25, 436222.25 ], [ 433226.25, 436223.0 ], [ 433226.0, 436223.0 ], [ 433226.0, 436223.5 ], [ 433225.75, 436223.5 ], [ 433225.75, 436224.0 ], [ 433225.5, 436224.0 ], [ 433225.5, 436224.5 ], [ 433225.25, 436224.5 ], [ 433225.25, 436225.0 ], [ 433225.0, 436225.0 ], [ 433225.0, 436225.75 ], [ 433224.75, 436225.75 ], [ 433224.75, 436226.5 ], [ 433224.5, 436226.5 ], [ 433224.5, 436227.25 ], [ 433224.25, 436227.25 ], [ 433224.25, 436228.0 ], [ 433224.0, 436228.0 ], [ 433224.0, 436229.0 ], [ 433223.75, 436229.0 ], [ 433223.75, 436230.25 ], [ 433223.5, 436230.25 ], [ 433223.5, 436232.0 ], [ 433223.75, 436232.0 ], [ 433223.75, 436232.75 ], [ 433224.0, 436232.75 ], [ 433224.0, 436233.75 ], [ 433223.75, 436233.75 ], [ 433223.75, 436234.25 ], [ 433223.5, 436234.25 ], [ 433223.5, 436234.5 ], [ 433223.25, 436234.5 ], [ 433223.25, 436234.75 ], [ 433223.0, 436234.75 ], [ 433223.0, 436235.0 ], [ 433222.5, 436235.0 ], [ 433222.5, 436235.25 ], [ 433222.25, 436235.25 ], [ 433222.25, 436235.75 ], [ 433222.0, 436235.75 ], [ 433222.0, 436236.0 ], [ 433221.75, 436236.0 ], [ 433221.75, 436236.5 ], [ 433221.5, 436236.5 ], [ 433221.5, 436236.75 ], [ 433221.25, 436236.75 ], [ 433221.25, 436237.5 ], [ 433221.0, 436237.5 ], [ 433221.0, 436238.25 ], [ 433220.75, 436238.25 ], [ 433220.75, 436240.5 ], [ 433220.5, 436240.5 ], [ 433220.5, 436244.0 ], [ 433220.75, 436244.0 ], [ 433220.75, 436244.5 ], [ 433221.0, 436244.5 ], [ 433221.0, 436245.0 ], [ 433221.25, 436245.0 ], [ 433221.25, 436245.25 ], [ 433221.5, 436245.25 ], [ 433221.5, 436245.5 ], [ 433222.0, 436245.5 ], [ 433222.0, 436245.75 ], [ 433222.25, 436245.75 ], [ 433222.25, 436246.0 ], [ 433223.0, 436246.0 ], [ 433223.0, 436246.25 ], [ 433223.75, 436246.25 ], [ 433223.75, 436246.5 ], [ 433224.0, 436246.5 ], [ 433224.0, 436246.75 ], [ 433224.5, 436246.75 ], [ 433224.5, 436247.0 ], [ 433225.5, 436247.0 ], [ 433225.5, 436247.25 ], [ 433226.0, 436247.25 ], [ 433226.0, 436247.5 ], [ 433226.25, 436247.5 ], [ 433226.25, 436247.75 ], [ 433226.5, 436247.75 ], [ 433226.5, 436248.0 ], [ 433226.75, 436248.0 ], [ 433226.75, 436248.75 ], [ 433227.0, 436248.75 ], [ 433227.0, 436249.5 ], [ 433227.25, 436249.5 ], [ 433227.25, 436250.25 ], [ 433227.5, 436250.25 ], [ 433227.5, 436250.75 ], [ 433227.75, 436250.75 ], [ 433227.75, 436251.5 ], [ 433228.0, 436251.5 ], [ 433228.0, 436252.0 ], [ 433228.25, 436252.0 ], [ 433228.25, 436252.75 ], [ 433228.5, 436252.75 ], [ 433228.5, 436254.25 ], [ 433228.75, 436254.25 ], [ 433228.75, 436254.75 ], [ 433229.0, 436254.75 ], [ 433229.0, 436255.0 ], [ 433229.25, 436255.0 ], [ 433229.25, 436255.5 ], [ 433229.5, 436255.5 ], [ 433229.5, 436255.75 ], [ 433229.75, 436255.75 ], [ 433229.75, 436256.0 ], [ 433230.0, 436256.0 ], [ 433230.0, 436256.5 ], [ 433230.25, 436256.5 ], [ 433230.25, 436256.75 ], [ 433230.5, 436256.75 ], [ 433230.5, 436257.0 ], [ 433230.75, 436257.0 ], [ 433230.75, 436257.25 ], [ 433231.0, 436257.25 ], [ 433231.0, 436257.5 ], [ 433231.25, 436257.5 ], [ 433231.25, 436257.75 ], [ 433231.5, 436257.75 ], [ 433231.5, 436258.0 ], [ 433231.75, 436258.0 ], [ 433231.75, 436258.25 ], [ 433232.0, 436258.25 ], [ 433232.0, 436258.5 ], [ 433232.25, 436258.5 ], [ 433232.25, 436258.75 ], [ 433232.5, 436258.75 ], [ 433232.5, 436259.0 ], [ 433233.0, 436259.0 ], [ 433233.0, 436259.25 ], [ 433233.25, 436259.25 ], [ 433233.25, 436259.5 ], [ 433233.5, 436259.5 ], [ 433233.5, 436259.75 ], [ 433234.0, 436259.75 ], [ 433234.0, 436260.0 ], [ 433234.5, 436260.0 ], [ 433234.5, 436259.75 ], [ 433235.0, 436259.75 ], [ 433235.0, 436259.5 ], [ 433235.5, 436259.5 ], [ 433235.5, 436259.25 ], [ 433236.25, 436259.25 ], [ 433236.25, 436259.0 ], [ 433236.75, 436259.0 ], [ 433236.75, 436258.75 ], [ 433240.5, 436258.75 ], [ 433240.5, 436259.0 ], [ 433241.5, 436259.0 ], [ 433241.5, 436259.25 ], [ 433242.5, 436259.25 ], [ 433242.5, 436259.5 ], [ 433242.75, 436259.5 ], [ 433242.75, 436259.75 ], [ 433243.0, 436259.75 ], [ 433243.0, 436260.0 ], [ 433243.5, 436260.0 ], [ 433243.5, 436260.25 ], [ 433243.75, 436260.25 ], [ 433243.75, 436260.75 ], [ 433244.0, 436260.75 ], [ 433244.0, 436261.0 ], [ 433244.25, 436261.0 ], [ 433244.25, 436261.25 ], [ 433244.5, 436261.25 ], [ 433244.5, 436261.75 ], [ 433244.75, 436261.75 ], [ 433244.75, 436262.0 ], [ 433245.0, 436262.0 ], [ 433245.0, 436262.25 ], [ 433245.25, 436262.25 ], [ 433245.25, 436262.5 ], [ 433245.5, 436262.5 ], [ 433245.5, 436263.0 ], [ 433245.75, 436263.0 ], [ 433245.75, 436263.25 ], [ 433246.0, 436263.25 ], [ 433246.0, 436263.5 ], [ 433246.25, 436263.5 ], [ 433246.25, 436263.75 ], [ 433246.5, 436263.75 ], [ 433246.5, 436264.0 ], [ 433246.75, 436264.0 ], [ 433246.75, 436264.25 ], [ 433247.0, 436264.25 ], [ 433247.0, 436264.5 ], [ 433247.25, 436264.5 ], [ 433247.25, 436264.75 ], [ 433247.5, 436264.75 ], [ 433247.5, 436265.25 ], [ 433247.75, 436265.25 ], [ 433247.75, 436265.75 ], [ 433248.0, 436265.75 ], [ 433248.0, 436266.0 ], [ 433248.25, 436266.0 ], [ 433248.25, 436266.25 ], [ 433248.5, 436266.25 ], [ 433248.5, 436266.5 ], [ 433248.75, 436266.5 ], [ 433248.75, 436266.75 ], [ 433249.0, 436266.75 ], [ 433249.0, 436267.0 ], [ 433249.25, 436267.0 ], [ 433249.25, 436267.25 ], [ 433249.5, 436267.25 ], [ 433249.5, 436267.5 ], [ 433250.25, 436267.5 ], [ 433250.25, 436267.25 ], [ 433251.25, 436267.25 ], [ 433251.25, 436267.0 ], [ 433251.75, 436267.0 ], [ 433251.75, 436266.75 ], [ 433252.25, 436266.75 ], [ 433252.25, 436266.5 ], [ 433253.0, 436266.5 ], [ 433253.0, 436266.25 ], [ 433253.75, 436266.25 ], [ 433253.75, 436266.0 ], [ 433255.0, 436266.0 ], [ 433255.0, 436266.25 ], [ 433256.0, 436266.25 ], [ 433256.0, 436285.0 ], [ 433256.75, 436285.0 ], [ 433256.75, 436284.75 ], [ 433257.0, 436284.75 ], [ 433257.0, 436284.25 ], [ 433257.25, 436284.25 ], [ 433257.25, 436284.0 ], [ 433257.5, 436284.0 ], [ 433257.5, 436283.75 ], [ 433258.75, 436283.75 ], [ 433258.75, 436283.5 ], [ 433259.0, 436283.5 ], [ 433259.0, 436283.25 ], [ 433259.25, 436283.25 ], [ 433259.25, 436283.0 ], [ 433259.5, 436283.0 ], [ 433259.5, 436282.75 ], [ 433260.0, 436282.75 ], [ 433260.0, 436283.0 ], [ 433260.25, 436283.0 ], [ 433260.25, 436283.5 ], [ 433260.0, 436283.5 ], [ 433260.0, 436283.75 ], [ 433259.75, 436283.75 ], [ 433259.75, 436284.25 ], [ 433259.5, 436284.25 ], [ 433259.5, 436284.5 ], [ 433259.25, 436284.5 ], [ 433259.25, 436284.75 ], [ 433259.0, 436284.75 ], [ 433259.0, 436285.0 ], [ 433258.75, 436285.0 ], [ 433258.75, 436285.5 ], [ 433258.5, 436285.5 ], [ 433258.5, 436285.75 ], [ 433256.0, 436285.75 ], [ 433256.0, 436287.75 ], [ 433253.5, 436287.75 ], [ 433253.5, 436288.0 ], [ 433253.0, 436288.0 ], [ 433253.0, 436288.25 ], [ 433252.5, 436288.25 ], [ 433252.5, 436288.5 ], [ 433250.0, 436288.5 ], [ 433250.0, 436288.75 ], [ 433249.5, 436288.75 ] ] ] } },
{ "type": "Feature", "properties": { }, "geometry": { "type": "Polygon", "coordinates": [ [ [ 433392.75, 436192.5 ], [ 433392.75, 436192.25 ], [ 433392.25, 436192.25 ], [ 433392.25, 436192.0 ], [ 433391.75, 436192.0 ], [ 433391.75, 436191.75 ], [ 433391.0, 436191.75 ], [ 433391.0, 436191.5 ], [ 433390.25, 436191.5 ], [ 433390.25, 436191.25 ], [ 433389.25, 436191.25 ], [ 433389.25, 436191.0 ], [ 433388.0, 436191.0 ], [ 433388.0, 436190.75 ], [ 433384.0, 436190.75 ], [ 433384.0, 436175.25 ], [ 433386.0, 436175.25 ], [ 433386.0, 436175.0 ], [ 433386.75, 436175.0 ], [ 433386.75, 436174.75 ], [ 433387.25, 436174.75 ], [ 433387.25, 436174.5 ], [ 433387.5, 436174.5 ], [ 433387.5, 436174.25 ], [ 433388.0, 436174.25 ], [ 433388.0, 436174.0 ], [ 433388.75, 436174.0 ], [ 433388.75, 436173.75 ], [ 433389.25, 436173.75 ], [ 433389.25, 436173.5 ], [ 433391.5, 436173.5 ], [ 433391.5, 436173.75 ], [ 433392.25, 436173.75 ], [ 433392.25, 436174.0 ], [ 433394.25, 436174.0 ], [ 433394.25, 436174.25 ], [ 433394.75, 436174.25 ], [ 433394.75, 436174.5 ], [ 433395.25, 436174.5 ], [ 433395.25, 436174.75 ], [ 433395.75, 436174.75 ], [ 433395.75, 436175.0 ], [ 433396.25, 436175.0 ], [ 433396.25, 436175.25 ], [ 433396.75, 436175.25 ], [ 433396.75, 436175.5 ], [ 433397.0, 436175.5 ], [ 433397.0, 436175.75 ], [ 433397.5, 436175.75 ], [ 433397.5, 436176.0 ], [ 433397.75, 436176.0 ], [ 433397.75, 436176.25 ], [ 433398.25, 436176.25 ], [ 433398.25, 436176.5 ], [ 433398.5, 436176.5 ], [ 433398.5, 436176.75 ], [ 433398.75, 436176.75 ], [ 433398.75, 436177.0 ], [ 433399.0, 436177.0 ], [ 433399.0, 436177.5 ], [ 433399.25, 436177.5 ], [ 433399.25, 436178.0 ], [ 433399.5, 436178.0 ], [ 433399.5, 436178.5 ], [ 433399.75, 436178.5 ], [ 433399.75, 436179.5 ], [ 433400.0, 436179.5 ], [ 433400.0, 436180.25 ], [ 433400.25, 436180.25 ], [ 433400.25, 436181.25 ], [ 433400.5, 436181.25 ], [ 433400.5, 436182.25 ], [ 433400.75, 436182.25 ], [ 433400.75, 436184.0 ], [ 433401.0, 436184.0 ], [ 433401.0, 436186.25 ], [ 433400.75, 436186.25 ], [ 433400.75, 436189.0 ], [ 433400.5, 436189.0 ], [ 433400.5, 436189.75 ], [ 433400.25, 436189.75 ], [ 433400.25, 436190.25 ], [ 433400.0, 436190.25 ], [ 433400.0, 436190.5 ], [ 433399.75, 436190.5 ], [ 433399.75, 436190.75 ], [ 433399.25, 436190.75 ], [ 433399.25, 436191.0 ], [ 433399.0, 436191.0 ], [ 433399.0, 436191.25 ], [ 433398.75, 436191.25 ], [ 433398.75, 436191.5 ], [ 433398.25, 436191.5 ], [ 433398.25, 436191.75 ], [ 433397.5, 436191.75 ], [ 433397.5, 436192.0 ], [ 433396.75, 436192.0 ], [ 433396.75, 436192.25 ], [ 433395.75, 436192.25 ], [ 433395.75, 436192.5 ], [ 433392.75, 436192.5 ] ] ] } },
{ "type": "Feature", "properties": { }, "geometry": { "type": "Polygon", "coordinates": [ [ [ 433240.75, 436167.0 ], [ 433240.75, 436166.75 ], [ 433239.5, 436166.75 ], [ 433239.5, 436166.5 ], [ 433238.75, 436166.5 ], [ 433238.75, 436166.25 ], [ 433238.25, 436166.25 ], [ 433238.25, 436166.0 ], [ 433237.75, 436166.0 ], [ 433237.75, 436165.75 ], [ 433237.25, 436165.75 ], [ 433237.25, 436165.5 ], [ 433236.75, 436165.5 ], [ 433236.75, 436165.25 ], [ 433236.5, 436165.25 ], [ 433236.5, 436165.0 ], [ 433236.25, 436165.0 ], [ 433236.25, 436164.75 ], [ 433235.75, 436164.75 ], [ 433235.75, 436164.5 ], [ 433235.25, 436164.5 ], [ 433235.25, 436164.25 ], [ 433234.75, 436164.25 ], [ 433234.75, 436164.0 ], [ 433234.25, 436164.0 ], [ 433234.25, 436163.75 ], [ 433233.25, 436163.75 ], [ 433233.25, 436163.5 ], [ 433232.0, 436163.5 ], [ 433232.0, 436163.25 ], [ 433231.0, 436163.25 ], [ 433231.0, 436163.0 ], [ 433229.75, 436163.0 ], [ 433229.75, 436162.75 ], [ 433229.25, 436162.75 ], [ 433229.25, 436162.5 ], [ 433228.75, 436162.5 ], [ 433228.75, 436162.25 ], [ 433228.5, 436162.25 ], [ 433228.5, 436162.0 ], [ 433228.25, 436162.0 ], [ 433228.25, 436161.75 ], [ 433228.0, 436161.75 ], [ 433228.0, 436161.5 ], [ 433227.5, 436161.5 ], [ 433227.5, 436161.25 ], [ 433227.25, 436161.25 ], [ 433227.25, 436161.0 ], [ 433227.0, 436161.0 ], [ 433227.0, 436160.75 ], [ 433226.5, 436160.75 ], [ 433226.5, 436160.5 ], [ 433226.0, 436160.5 ], [ 433226.0, 436160.25 ], [ 433225.5, 436160.25 ], [ 433225.5, 436160.0 ], [ 433225.0, 436160.0 ], [ 433225.0, 436159.75 ], [ 433224.75, 436159.75 ], [ 433224.75, 436159.5 ], [ 433224.0, 436159.5 ], [ 433224.0, 436159.25 ], [ 433223.5, 436159.25 ], [ 433223.5, 436159.0 ], [ 433223.0, 436159.0 ], [ 433223.0, 436158.75 ], [ 433222.5, 436158.75 ], [ 433222.5, 436158.5 ], [ 433222.25, 436158.5 ], [ 433222.25, 436158.25 ], [ 433221.75, 436158.25 ], [ 433221.75, 436158.0 ], [ 433221.5, 436158.0 ], [ 433221.5, 436157.75 ], [ 433221.0, 436157.75 ], [ 433221.0, 436157.5 ], [ 433220.75, 436157.5 ], [ 433220.75, 436157.25 ], [ 433220.5, 436157.25 ], [ 433220.5, 436157.0 ], [ 433220.25, 436157.0 ], [ 433220.25, 436156.75 ], [ 433220.0, 436156.75 ], [ 433220.0, 436156.5 ], [ 433219.75, 436156.5 ], [ 433219.75, 436156.25 ], [ 433219.5, 436156.25 ], [ 433219.5, 436156.0 ], [ 433219.25, 436156.0 ], [ 433219.25, 436155.75 ], [ 433218.75, 436155.75 ], [ 433218.75, 436155.5 ], [ 433218.5, 436155.5 ], [ 433218.5, 436155.25 ], [ 433218.0, 436155.25 ], [ 433218.0, 436155.0 ], [ 433217.75, 436155.0 ], [ 433217.75, 436154.75 ], [ 433217.25, 436154.75 ], [ 433217.25, 436154.5 ], [ 433217.0, 436154.5 ], [ 433217.0, 436154.25 ], [ 433216.75, 436154.25 ], [ 433216.75, 436154.0 ], [ 433216.5, 436154.0 ], [ 433216.5, 436153.0 ], [ 433216.75, 436153.0 ], [ 433216.75, 436152.75 ], [ 433217.0, 436152.75 ], [ 433217.0, 436152.5 ], [ 433217.25, 436152.5 ], [ 433217.25, 436152.25 ], [ 433217.5, 436152.25 ], [ 433217.5, 436151.75 ], [ 433217.75, 436151.75 ], [ 433217.75, 436151.5 ], [ 433218.0, 436151.5 ], [ 433218.0, 436151.25 ], [ 433218.5, 436151.25 ], [ 433218.5, 436150.75 ], [ 433218.75, 436150.75 ], [ 433218.75, 436150.5 ], [ 433219.0, 436150.5 ], [ 433219.0, 436150.0 ], [ 433219.25, 436150.0 ], [ 433219.25, 436149.25 ], [ 433219.5, 436149.25 ], [ 433219.5, 436148.5 ], [ 433219.75, 436148.5 ], [ 433219.75, 436148.0 ], [ 433220.0, 436148.0 ], [ 433220.0, 436147.5 ], [ 433220.25, 436147.5 ], [ 433220.25, 436147.25 ], [ 433222.0, 436147.25 ], [ 433222.0, 436147.5 ], [ 433222.75, 436147.5 ], [ 433222.75, 436147.75 ], [ 433223.5, 436147.75 ], [ 433223.5, 436148.0 ], [ 433224.0, 436148.0 ], [ 433224.0, 436148.25 ], [ 433225.0, 436148.25 ], [ 433225.0, 436148.5 ], [ 433225.75, 436148.5 ], [ 433225.75, 436148.75 ], [ 433226.5, 436148.75 ], [ 433226.5, 436149.0 ], [ 433227.25, 436149.0 ], [ 433227.25, 436149.25 ], [ 433228.0, 436149.25 ], [ 433228.0, 436149.5 ], [ 433228.5, 436149.5 ], [ 433228.5, 436149.75 ], [ 433229.25, 436149.75 ], [ 433229.25, 436150.0 ], [ 433230.0, 436150.0 ], [ 433230.0, 436150.25 ], [ 433230.5, 436150.25 ], [ 433230.5, 436150.5 ], [ 433230.75, 436150.5 ], [ 433230.75, 436150.75 ], [ 433231.0, 436150.75 ], [ 433231.0, 436151.0 ], [ 433231.5, 436151.0 ], [ 433231.5, 436151.25 ], [ 433232.0, 436151.25 ], [ 433232.0, 436151.5 ], [ 433232.5, 436151.5 ], [ 433232.5, 436151.75 ], [ 433233.0, 436151.75 ], [ 433233.0, 436152.0 ], [ 433233.5, 436152.0 ], [ 433233.5, 436152.25 ], [ 433234.0, 436152.25 ], [ 433234.0, 436152.5 ], [ 433234.75, 436152.5 ], [ 433234.75, 436152.75 ], [ 433235.5, 436152.75 ], [ 433235.5, 436153.0 ], [ 433236.25, 436153.0 ], [ 433236.25, 436153.25 ], [ 433237.0, 436153.25 ], [ 433237.0, 436153.5 ], [ 433237.25, 436153.5 ], [ 433237.25, 436153.75 ], [ 433237.75, 436153.75 ], [ 433237.75, 436154.0 ], [ 433238.0, 436154.0 ], [ 433238.0, 436154.25 ], [ 433238.5, 436154.25 ], [ 433238.5, 436154.5 ], [ 433238.75, 436154.5 ], [ 433238.75, 436154.75 ], [ 433239.0, 436154.75 ], [ 433239.0, 436155.0 ], [ 433239.25, 436155.0 ], [ 433239.25, 436155.25 ], [ 433239.5, 436155.25 ], [ 433239.5, 436155.5 ], [ 433239.75, 436155.5 ], [ 433239.75, 436155.75 ], [ 433240.0, 436155.75 ], [ 433240.0, 436156.0 ], [ 433240.25, 436156.0 ], [ 433240.25, 436156.25 ], [ 433240.75, 436156.25 ], [ 433240.75, 436156.5 ], [ 433241.25, 436156.5 ], [ 433241.25, 436156.75 ], [ 433241.5, 436156.75 ], [ 433241.5, 436157.0 ], [ 433242.0, 436157.0 ], [ 433242.0, 436157.25 ], [ 433242.75, 436157.25 ], [ 433242.75, 436157.5 ], [ 433243.0, 436157.5 ], [ 433243.0, 436157.75 ], [ 433243.5, 436157.75 ], [ 433243.5, 436158.0 ], [ 433243.75, 436158.0 ], [ 433243.75, 436158.25 ], [ 433244.0, 436158.25 ], [ 433244.0, 436158.5 ], [ 433244.25, 436158.5 ], [ 433244.25, 436158.75 ], [ 433244.5, 436158.75 ], [ 433244.5, 436159.0 ], [ 433244.75, 436159.0 ], [ 433244.75, 436159.25 ], [ 433245.0, 436159.25 ], [ 433245.0, 436159.5 ], [ 433245.5, 436159.5 ], [ 433245.5, 436160.0 ], [ 433245.75, 436160.0 ], [ 433245.75, 436160.25 ], [ 433246.0, 436160.25 ], [ 433246.0, 436160.5 ], [ 433246.25, 436160.5 ], [ 433246.25, 436160.75 ], [ 433246.5, 436160.75 ], [ 433246.5, 436161.0 ], [ 433246.75, 436161.0 ], [ 433246.75, 436161.25 ], [ 433247.0, 436161.25 ], [ 433247.0, 436161.5 ], [ 433247.25, 436161.5 ], [ 433247.25, 436162.0 ], [ 433247.5, 436162.0 ], [ 433247.5, 436163.0 ], [ 433247.25, 436163.0 ], [ 433247.25, 436163.25 ], [ 433247.0, 436163.25 ], [ 433247.0, 436163.75 ], [ 433246.75, 436163.75 ], [ 433246.75, 436164.0 ], [ 433246.5, 436164.0 ], [ 433246.5, 436164.25 ], [ 433246.25, 436164.25 ], [ 433246.25, 436164.5 ], [ 433246.0, 436164.5 ], [ 433246.0, 436164.75 ], [ 433245.75, 436164.75 ], [ 433245.75, 436165.0 ], [ 433245.5, 436165.0 ], [ 433245.5, 436165.25 ], [ 433245.25, 436165.25 ], [ 433245.25, 436165.5 ], [ 433245.0, 436165.5 ], [ 433245.0, 436165.75 ], [ 433244.5, 436165.75 ], [ 433244.5, 436166.0 ], [ 433244.25, 436166.0 ], [ 433244.25, 436166.25 ], [ 433244.0, 436166.25 ], [ 433244.0, 436166.5 ], [ 433243.5, 436166.5 ], [ 433243.5, 436166.75 ], [ 433242.5, 436166.75 ], [ 433242.5, 436167.0 ], [ 433240.75, 436167.0 ] ] ] } },
{ "type": "Feature", "properties": { }, "geometry": { "type": "Polygon", "coordinates": [ [ [ 433324.0, 436199.25 ], [ 433324.0, 436199.0 ], [ 433323.0, 436199.0 ], [ 433323.0, 436198.75 ], [ 433322.5, 436198.75 ], [ 433322.5, 436198.5 ], [ 433321.75, 436198.5 ], [ 433321.75, 436198.25 ], [ 433320.75, 436198.25 ], [ 433320.75, 436198.5 ], [ 433319.0, 436198.5 ], [ 433319.0, 436198.25 ], [ 433318.0, 436198.25 ], [ 433318.0, 436198.5 ], [ 433316.25, 436198.5 ], [ 433316.25, 436198.75 ], [ 433315.75, 436198.75 ], [ 433315.75, 436199.0 ], [ 433314.0, 436199.0 ], [ 433314.0, 436198.75 ], [ 433313.75, 436198.75 ], [ 433313.75, 436198.5 ], [ 433313.25, 436198.5 ], [ 433313.25, 436198.0 ], [ 433313.0, 436198.0 ], [ 433313.0, 436197.0 ], [ 433313.25, 436197.0 ], [ 433313.25, 436196.5 ], [ 433313.5, 436196.5 ], [ 433313.5, 436196.25 ], [ 433313.75, 436196.25 ], [ 433313.75, 436196.0 ], [ 433314.0, 436196.0 ], [ 433314.0, 436195.75 ], [ 433314.25, 436195.75 ], [ 433314.25, 436195.5 ], [ 433314.5, 436195.5 ], [ 433314.5, 436195.0 ], [ 433314.75, 436195.0 ], [ 433314.75, 436194.5 ], [ 433315.0, 436194.5 ], [ 433315.0, 436194.25 ], [ 433315.25, 436194.25 ], [ 433315.25, 436194.0 ], [ 433315.75, 436194.0 ], [ 433315.75, 436193.75 ], [ 433316.25, 436193.75 ], [ 433316.25, 436193.5 ], [ 433316.75, 436193.5 ], [ 433316.75, 436193.25 ], [ 433317.25, 436193.25 ], [ 433317.25, 436193.0 ], [ 433317.5, 436193.0 ], [ 433317.5, 436192.75 ], [ 433318.25, 436192.75 ], [ 433318.25, 436192.5 ], [ 433319.25, 436192.5 ], [ 433319.25, 436192.25 ], [ 433320.25, 436192.25 ], [ 433320.25, 436192.0 ], [ 433321.5, 436192.0 ], [ 433321.5, 436191.75 ], [ 433322.25, 436191.75 ], [ 433322.25, 436191.5 ], [ 433322.75, 436191.5 ], [ 433322.75, 436191.25 ], [ 433323.0, 436191.25 ], [ 433323.0, 436191.0 ], [ 433323.5, 436191.0 ], [ 433323.5, 436190.75 ], [ 433323.75, 436190.75 ], [ 433323.75, 436190.5 ], [ 433324.25, 436190.5 ], [ 433324.25, 436190.25 ], [ 433324.5, 436190.25 ], [ 433324.5, 436190.0 ], [ 433325.0, 436190.0 ], [ 433325.0, 436189.75 ], [ 433325.75, 436189.75 ], [ 433325.75, 436189.5 ], [ 433326.5, 436189.5 ], [ 433326.5, 436189.25 ], [ 433327.5, 436189.25 ], [ 433327.5, 436189.0 ], [ 433329.25, 436189.0 ], [ 433329.25, 436188.75 ], [ 433331.75, 436188.75 ], [ 433331.75, 436188.5 ], [ 433334.0, 436188.5 ], [ 433334.0, 436188.25 ], [ 433335.0, 436188.25 ], [ 433335.0, 436188.0 ], [ 433336.0, 436188.0 ], [ 433336.0, 436187.75 ], [ 433336.75, 436187.75 ], [ 433336.75, 436187.5 ], [ 433337.75, 436187.5 ], [ 433337.75, 436187.25 ], [ 433338.25, 436187.25 ], [ 433338.25, 436187.0 ], [ 433338.75, 436187.0 ], [ 433338.75, 436186.75 ], [ 433339.5, 436186.75 ], [ 433339.5, 436186.5 ], [ 433339.75, 436186.5 ], [ 433339.75, 436186.25 ], [ 433340.0, 436186.25 ], [ 433340.0, 436186.0 ], [ 433340.25, 436186.0 ], [ 433340.25, 436185.5 ], [ 433340.5, 436185.5 ], [ 433340.5, 436185.0 ], [ 433340.75, 436185.0 ], [ 433340.75, 436184.25 ], [ 433341.0, 436184.25 ], [ 433341.0, 436183.5 ], [ 433341.25, 436183.5 ], [ 433341.25, 436183.0 ], [ 433341.5, 436183.0 ], [ 433341.5, 436182.75 ], [ 433341.75, 436182.75 ], [ 433341.75, 436182.0 ], [ 433341.5, 436182.0 ], [ 433341.5, 436181.5 ], [ 433341.25, 436181.5 ], [ 433341.25, 436181.0 ], [ 433341.0, 436181.0 ], [ 433341.0, 436180.5 ], [ 433340.75, 436180.5 ], [ 433340.75, 436180.0 ], [ 433340.5, 436180.0 ], [ 433340.5, 436179.75 ], [ 433340.25, 436179.75 ], [ 433340.25, 436179.25 ], [ 433340.0, 436179.25 ], [ 433340.0, 436178.5 ], [ 433339.75, 436178.5 ], [ 433339.75, 436178.0 ], [ 433339.5, 436178.0 ], [ 433339.5, 436176.0 ], [ 433339.25, 436176.0 ], [ 433339.25, 436175.25 ], [ 433339.5, 436175.25 ], [ 433339.5, 436174.75 ], [ 433339.75, 436174.75 ], [ 433339.75, 436174.5 ], [ 433340.0, 436174.5 ], [ 433340.0, 436174.25 ], [ 433340.25, 436174.25 ], [ 433340.25, 436174.0 ], [ 433340.5, 436174.0 ], [ 433340.5, 436173.75 ], [ 433341.5, 436173.75 ], [ 433341.5, 436173.25 ], [ 433341.75, 436173.25 ], [ 433341.75, 436172.25 ], [ 433342.0, 436172.25 ], [ 433342.0, 436171.75 ], [ 433342.75, 436171.75 ], [ 433342.75, 436171.5 ], [ 433343.0, 436171.5 ], [ 433343.0, 436171.25 ], [ 433344.5, 436171.25 ], [ 433344.5, 436171.5 ], [ 433345.75, 436171.5 ], [ 433345.75, 436171.75 ], [ 433346.25, 436171.75 ], [ 433346.25, 436172.0 ], [ 433346.5, 436172.0 ], [ 433346.5, 436172.25 ], [ 433346.75, 436172.25 ], [ 433346.75, 436172.5 ], [ 433347.0, 436172.5 ], [ 433347.0, 436172.75 ], [ 433347.25, 436172.75 ], [ 433347.25, 436173.0 ], [ 433347.5, 436173.0 ], [ 433347.5, 436173.25 ], [ 433347.75, 436173.25 ], [ 433347.75, 436173.5 ], [ 433348.0, 436173.5 ], [ 433348.0, 436173.75 ], [ 433348.25, 436173.75 ], [ 433348.25, 436174.0 ], [ 433348.5, 436174.0 ], [ 433348.5, 436174.5 ], [ 433348.75, 436174.5 ], [ 433348.75, 436174.75 ], [ 433349.0, 436174.75 ], [ 433349.0, 436175.0 ], [ 433349.25, 436175.0 ], [ 433349.25, 436175.25 ], [ 433350.75, 436175.25 ], [ 433350.75, 436175.0 ], [ 433351.0, 436175.0 ], [ 433351.0, 436174.5 ], [ 433351.25, 436174.5 ], [ 433351.25, 436174.25 ], [ 433351.5, 436174.25 ], [ 433351.5, 436174.0 ], [ 433351.75, 436174.0 ], [ 433351.75, 436173.75 ], [ 433352.0, 436173.75 ], [ 433352.0, 436173.5 ], [ 433352.75, 436173.5 ], [ 433352.75, 436173.25 ], [ 433353.5, 436173.25 ], [ 433353.5, 436173.0 ], [ 433353.75, 436173.0 ], [ 433353.75, 436172.75 ], [ 433354.25, 436172.75 ], [ 433354.25, 436172.5 ], [ 433354.75, 436172.5 ], [ 433354.75, 436172.25 ], [ 433355.0, 436172.25 ], [ 433355.0, 436172.0 ], [ 433355.25, 436172.0 ], [ 433355.25, 436171.75 ], [ 433355.5, 436171.75 ], [ 433355.5, 436171.5 ], [ 433355.75, 436171.5 ], [ 433355.75, 436171.25 ], [ 433356.25, 436171.25 ], [ 433356.25, 436171.0 ], [ 433356.5, 436171.0 ], [ 433356.5, 436170.75 ], [ 433356.75, 436170.75 ], [ 433356.75, 436170.5 ], [ 433357.0, 436170.5 ], [ 433357.0, 436170.25 ], [ 433357.25, 436170.25 ], [ 433357.25, 436170.0 ], [ 433357.5, 436170.0 ], [ 433357.5, 436169.5 ], [ 433357.75, 436169.5 ], [ 433357.75, 436169.25 ], [ 433358.0, 436169.25 ], [ 433358.0, 436168.75 ], [ 433358.25, 436168.75 ], [ 433358.25, 436168.5 ], [ 433358.5, 436168.5 ], [ 433358.5, 436168.0 ], [ 433358.75, 436168.0 ], [ 433358.75, 436167.75 ], [ 433359.0, 436167.75 ], [ 433359.0, 436167.25 ], [ 433359.25, 436167.25 ], [ 433359.25, 436167.0 ], [ 433359.5, 436167.0 ], [ 433359.5, 436166.5 ], [ 433359.75, 436166.5 ], [ 433359.75, 436166.0 ], [ 433360.0, 436166.0 ], [ 433360.0, 436165.5 ], [ 433360.25, 436165.5 ], [ 433360.25, 436165.25 ], [ 433360.5, 436165.25 ], [ 433360.5, 436165.0 ], [ 433360.75, 436165.0 ], [ 433360.75, 436164.75 ], [ 433361.0, 436164.75 ], [ 433361.0, 436164.5 ], [ 433361.5, 436164.5 ], [ 433361.5, 436164.25 ], [ 433361.75, 436164.25 ], [ 433361.75, 436164.0 ], [ 433362.0, 436164.0 ], [ 433362.0, 436163.75 ], [ 433362.25, 436163.75 ], [ 433362.25, 436163.5 ], [ 433362.5, 436163.5 ], [ 433362.5, 436163.25 ], [ 433363.0, 436163.25 ], [ 433363.0, 436163.0 ], [ 433363.25, 436163.0 ], [ 433363.25, 436162.5 ], [ 433363.5, 436162.5 ], [ 433363.5, 436161.25 ], [ 433363.25, 436161.25 ], [ 433363.25, 436160.75 ], [ 433363.0, 436160.75 ], [ 433363.0, 436160.25 ], [ 433362.75, 436160.25 ], [ 433362.75, 436159.25 ], [ 433362.5, 436159.25 ], [ 433362.5, 436158.25 ], [ 433362.25, 436158.25 ], [ 433362.25, 436156.75 ], [ 433362.0, 436156.75 ], [ 433362.0, 436154.75 ], [ 433362.25, 436154.75 ], [ 433362.25, 436154.0 ], [ 433362.5, 436154.0 ], [ 433362.5, 436153.5 ], [ 433362.75, 436153.5 ], [ 433362.75, 436153.25 ], [ 433363.0, 436153.25 ], [ 433363.0, 436153.0 ], [ 433363.25, 436153.0 ], [ 433363.25, 436152.5 ], [ 433363.5, 436152.5 ], [ 433363.5, 436152.25 ], [ 433363.75, 436152.25 ], [ 433363.75, 436152.0 ], [ 433364.0, 436152.0 ], [ 433364.0, 436151.75 ], [ 433364.25, 436151.75 ], [ 433364.25, 436151.5 ], [ 433364.5, 436151.5 ], [ 433364.5, 436151.25 ], [ 433364.75, 436151.25 ], [ 433364.75, 436151.0 ], [ 433365.0, 436151.0 ], [ 433365.0, 436150.5 ], [ 433365.25, 436150.5 ], [ 433365.25, 436150.25 ], [ 433365.5, 436150.25 ], [ 433365.5, 436149.75 ], [ 433365.75, 436149.75 ], [ 433365.75, 436149.5 ], [ 433366.0, 436149.5 ], [ 433366.0, 436149.0 ], [ 433366.25, 436149.0 ], [ 433366.25, 436148.75 ], [ 433366.5, 436148.75 ], [ 433366.5, 436148.25 ], [ 433366.75, 436148.25 ], [ 433366.75, 436148.0 ], [ 433367.0, 436148.0 ], [ 433367.0, 436147.5 ], [ 433367.25, 436147.5 ], [ 433367.25, 436147.25 ], [ 433367.5, 436147.25 ], [ 433367.5, 436147.0 ], [ 433367.75, 436147.0 ], [ 433367.75, 436146.75 ], [ 433368.0, 436146.75 ], [ 433368.0, 436146.5 ], [ 433368.25, 436146.5 ], [ 433368.25, 436146.25 ], [ 433368.5, 436146.25 ], [ 433368.5, 436146.0 ], [ 433368.75, 436146.0 ], [ 433368.75, 436145.75 ], [ 433369.0, 436145.75 ], [ 433369.0, 436145.5 ], [ 433369.25, 436145.5 ], [ 433369.25, 436145.25 ], [ 433369.5, 436145.25 ], [ 433369.5, 436145.0 ], [ 433369.75, 436145.0 ], [ 433369.75, 436144.75 ], [ 433370.0, 436144.75 ], [ 433370.0, 436144.5 ], [ 433370.25, 436144.5 ], [ 433370.25, 436144.25 ], [ 433370.5, 436144.25 ], [ 433370.5, 436144.0 ], [ 433370.75, 436144.0 ], [ 433370.75, 436143.75 ], [ 433371.25, 436143.75 ], [ 433371.25, 436143.5 ], [ 433371.5, 436143.5 ], [ 433371.5, 436143.25 ], [ 433372.0, 436143.25 ], [ 433372.0, 436143.0 ], [ 433372.25, 436143.0 ], [ 433372.25, 436142.75 ], [ 433373.0, 436142.75 ], [ 433373.0, 436142.5 ], [ 433373.5, 436142.5 ], [ 433373.5, 436142.25 ], [ 433373.75, 436142.25 ], [ 433373.75, 436142.0 ], [ 433374.0, 436142.0 ], [ 433374.0, 436141.75 ], [ 433374.25, 436141.75 ], [ 433374.25, 436141.5 ], [ 433374.5, 436141.5 ], [ 433374.5, 436141.0 ], [ 433374.75, 436141.0 ], [ 433374.75, 436140.5 ], [ 433375.0, 436140.5 ], [ 433375.0, 436140.25 ], [ 433375.25, 436140.25 ], [ 433375.25, 436140.0 ], [ 433376.0, 436140.0 ], [ 433376.0, 436139.75 ], [ 433378.25, 436139.75 ], [ 433378.25, 436139.5 ], [ 433378.5, 436139.5 ], [ 433378.5, 436139.75 ], [ 433379.5, 436139.75 ], [ 433379.5, 436140.0 ], [ 433379.75, 436140.0 ], [ 433379.75, 436140.25 ], [ 433380.25, 436140.25 ], [ 433380.25, 436140.5 ], [ 433380.75, 436140.5 ], [ 433380.75, 436140.75 ], [ 433381.0, 436140.75 ], [ 433381.0, 436141.0 ], [ 433381.5, 436141.0 ], [ 433381.5, 436141.25 ], [ 433382.0, 436141.25 ], [ 433382.0, 436141.5 ], [ 433384.0, 436141.5 ], [ 433384.0, 436161.75 ], [ 433383.25, 436161.75 ], [ 433383.25, 436162.0 ], [ 433382.25, 436162.0 ], [ 433382.25, 436162.25 ], [ 433382.0, 436162.25 ], [ 433382.0, 436162.5 ], [ 433381.5, 436162.5 ], [ 433381.5, 436163.0 ], [ 433381.25, 436163.0 ], [ 433381.25, 436163.25 ], [ 433381.0, 436163.25 ], [ 433381.0, 436163.75 ], [ 433380.75, 436163.75 ], [ 433380.75, 436164.0 ], [ 433380.5, 436164.0 ], [ 433380.5, 436164.25 ], [ 433380.25, 436164.25 ], [ 433380.25, 436164.5 ], [ 433380.0, 436164.5 ], [ 433380.0, 436164.75 ], [ 433379.75, 436164.75 ], [ 433379.75, 436165.25 ], [ 433379.5, 436165.25 ], [ 433379.5, 436165.5 ], [ 433379.25, 436165.5 ], [ 433379.25, 436165.75 ], [ 433378.75, 436165.75 ], [ 433378.75, 436166.0 ], [ 433378.5, 436166.0 ], [ 433378.5, 436166.25 ], [ 433378.25, 436166.25 ], [ 433378.25, 436166.5 ], [ 433378.0, 436166.5 ], [ 433378.0, 436166.75 ], [ 433377.75, 436166.75 ], [ 433377.75, 436167.0 ], [ 433377.5, 436167.0 ], [ 433377.5, 436167.25 ], [ 433377.25, 436167.25 ], [ 433377.25, 436167.5 ], [ 433377.0, 436167.5 ], [ 433377.0, 436167.75 ], [ 433376.75, 436167.75 ], [ 433376.75, 436168.0 ], [ 433376.5, 436168.0 ], [ 433376.5, 436168.25 ], [ 433376.25, 436168.25 ], [ 433376.25, 436168.5 ], [ 433376.0, 436168.5 ], [ 433376.0, 436169.0 ], [ 433375.75, 436169.0 ], [ 433375.75, 436169.25 ], [ 433375.5, 436169.25 ], [ 433375.5, 436169.5 ], [ 433375.25, 436169.5 ], [ 433375.25, 436169.75 ], [ 433375.0, 436169.75 ], [ 433375.0, 436170.0 ], [ 433374.75, 436170.0 ], [ 433374.75, 436170.25 ], [ 433374.5, 436170.25 ], [ 433374.5, 436170.5 ], [ 433374.0, 436170.5 ], [ 433374.0, 436170.75 ], [ 433373.75, 436170.75 ], [ 433373.75, 436171.0 ], [ 433373.5, 436171.0 ], [ 433373.5, 436171.25 ], [ 433373.25, 436171.25 ], [ 433373.25, 436171.5 ], [ 433372.75, 436171.5 ], [ 433372.75, 436171.75 ], [ 433372.5, 436171.75 ], [ 433372.5, 436172.0 ], [ 433372.25, 436172.0 ], [ 433372.25, 436172.25 ], [ 433371.75, 436172.25 ], [ 433371.75, 436172.5 ], [ 433371.5, 436172.5 ], [ 433371.5, 436172.75 ], [ 433371.25, 436172.75 ], [ 433371.25, 436173.0 ], [ 433371.0, 436173.0 ], [ 433371.0, 436173.25 ], [ 433370.75, 436173.25 ], [ 433370.75, 436173.5 ], [ 433370.5, 436173.5 ], [ 433370.5, 436173.75 ], [ 433370.25, 436173.75 ], [ 433370.25, 436174.0 ], [ 433369.75, 436174.0 ], [ 433369.75, 436174.25 ], [ 433369.5, 436174.25 ], [ 433369.5, 436174.5 ], [ 433369.25, 436174.5 ], [ 433369.25, 436174.75 ], [ 433369.0, 436174.75 ], [ 433369.0, 436175.0 ], [ 433368.5, 436175.0 ], [ 433368.5, 436175.25 ], [ 433368.25, 436175.25 ], [ 433368.25, 436175.5 ], [ 433368.0, 436175.5 ], [ 433368.0, 436175.75 ], [ 433367.75, 436175.75 ], [ 433367.75, 436176.0 ], [ 433367.5, 436176.0 ], [ 433367.5, 436176.25 ], [ 433367.25, 436176.25 ], [ 433367.25, 436176.5 ], [ 433367.0, 436176.5 ], [ 433367.0, 436176.75 ], [ 433366.75, 436176.75 ], [ 433366.75, 436177.0 ], [ 433366.5, 436177.0 ], [ 433366.5, 436177.25 ], [ 433366.0, 436177.25 ], [ 433366.0, 436177.5 ], [ 433365.5, 436177.5 ], [ 433365.5, 436177.75 ], [ 433365.25, 436177.75 ], [ 433365.25, 436178.0 ], [ 433364.75, 436178.0 ], [ 433364.75, 436178.25 ], [ 433364.25, 436178.25 ], [ 433364.25, 436178.75 ], [ 433364.0, 436178.75 ], [ 433364.0, 436179.0 ], [ 433363.75, 436179.0 ], [ 433363.75, 436179.25 ], [ 433363.5, 436179.25 ], [ 433363.5, 436179.75 ], [ 433363.25, 436179.75 ], [ 433363.25, 436180.0 ], [ 433363.0, 436180.0 ], [ 433363.0, 436180.5 ], [ 433362.75, 436180.5 ], [ 433362.75, 436181.0 ], [ 433362.5, 436181.0 ], [ 433362.5, 436181.25 ], [ 433362.25, 436181.25 ], [ 433362.25, 436181.5 ], [ 433362.0, 436181.5 ], [ 433362.0, 436182.0 ], [ 433361.75, 436182.0 ], [ 433361.75, 436182.25 ], [ 433361.5, 436182.25 ], [ 433361.5, 436182.5 ], [ 433361.0, 436182.5 ], [ 433361.0, 436182.75 ], [ 433360.75, 436182.75 ], [ 433360.75, 436183.0 ], [ 433360.5, 436183.0 ], [ 433360.5, 436183.25 ], [ 433360.25, 436183.25 ], [ 433360.25, 436183.75 ], [ 433360.0, 436183.75 ], [ 433360.0, 436184.0 ], [ 433359.75, 436184.0 ], [ 433359.75, 436184.75 ], [ 433359.5, 436184.75 ], [ 433359.5, 436185.5 ], [ 433359.25, 436185.5 ], [ 433359.25, 436185.75 ], [ 433359.0, 436185.75 ], [ 433359.0, 436186.25 ], [ 433358.75, 436186.25 ], [ 433358.75, 436186.5 ], [ 433358.5, 436186.5 ], [ 433358.5, 436186.75 ], [ 433358.0, 436186.75 ], [ 433358.0, 436187.0 ], [ 433357.75, 436187.0 ], [ 433357.75, 436187.25 ], [ 433357.5, 436187.25 ], [ 433357.5, 436187.5 ], [ 433357.0, 436187.5 ], [ 433357.0, 436187.75 ], [ 433356.75, 436187.75 ], [ 433356.75, 436188.0 ], [ 433356.0, 436188.0 ], [ 433356.0, 436188.25 ], [ 433355.75, 436188.25 ], [ 433355.75, 436188.5 ], [ 433355.5, 436188.5 ], [ 433355.5, 436189.0 ], [ 433355.25, 436189.0 ], [ 433355.25, 436189.5 ], [ 433355.0, 436189.5 ], [ 433355.0, 436189.75 ], [ 433354.75, 436189.75 ], [ 433354.75, 436190.0 ], [ 433354.5, 436190.0 ], [ 433354.5, 436190.5 ], [ 433354.0, 436190.5 ], [ 433354.0, 436190.75 ], [ 433353.25, 436190.75 ], [ 433353.25, 436191.0 ], [ 433352.5, 436191.0 ], [ 433352.5, 436191.25 ], [ 433352.0, 436191.25 ], [ 433352.0, 436191.5 ], [ 433351.5, 436191.5 ], [ 433351.5, 436191.75 ], [ 433351.25, 436191.75 ], [ 433351.25, 436192.0 ], [ 433351.0, 436192.0 ], [ 433351.0, 436192.5 ], [ 433350.75, 436192.5 ], [ 433350.75, 436193.5 ], [ 433350.5, 436193.5 ], [ 433350.5, 436193.75 ], [ 433350.25, 436193.75 ], [ 433350.25, 436194.0 ], [ 433350.0, 436194.0 ], [ 433350.0, 436194.25 ], [ 433349.75, 436194.25 ], [ 433349.75, 436194.5 ], [ 433349.5, 436194.5 ], [ 433349.5, 436194.75 ], [ 433349.0, 436194.75 ], [ 433349.0, 436195.0 ], [ 433348.5, 436195.0 ], [ 433348.5, 436195.25 ], [ 433348.0, 436195.25 ], [ 433348.0, 436195.5 ], [ 433347.5, 436195.5 ], [ 433347.5, 436195.75 ], [ 433347.0, 436195.75 ], [ 433347.0, 436196.0 ], [ 433346.25, 436196.0 ], [ 433346.25, 436196.25 ], [ 433345.75, 436196.25 ], [ 433345.75, 436196.5 ], [ 433345.25, 436196.5 ], [ 433345.25, 436196.75 ], [ 433344.25, 436196.75 ], [ 433344.25, 436197.0 ], [ 433343.5, 436197.0 ], [ 433343.5, 436197.25 ], [ 433343.0, 436197.25 ], [ 433343.0, 436197.5 ], [ 433342.25, 436197.5 ], [ 433342.25, 436197.75 ], [ 433341.5, 436197.75 ], [ 433341.5, 436198.0 ], [ 433340.75, 436198.0 ], [ 433340.75, 436198.25 ], [ 433340.25, 436198.25 ], [ 433340.25, 436198.5 ], [ 433339.25, 436198.5 ], [ 433339.25, 436198.75 ], [ 433336.75, 436198.75 ], [ 433336.75, 436199.0 ], [ 433334.5, 436199.0 ], [ 433334.5, 436199.25 ], [ 433331.0, 436199.25 ], [ 433331.0, 436199.0 ], [ 433329.25, 436199.0 ], [ 433329.25, 436199.25 ], [ 433324.0, 436199.25 ] ] ] } },
{ "type": "Feature", "properties": { }, "geometry": { "type": "Polygon", "coordinates": [ [ [ 433254.5, 436145.5 ], [ 433254.5, 436145.25 ], [ 433253.25, 436145.25 ], [ 433253.25, 436145.0 ], [ 433252.75, 436145.0 ], [ 433252.75, 436144.75 ], [ 433252.0, 436144.75 ], [ 433252.0, 436144.5 ], [ 433251.25, 436144.5 ], [ 433251.25, 436144.25 ], [ 433250.75, 436144.25 ], [ 433250.75, 436144.0 ], [ 433250.25, 436144.0 ], [ 433250.25, 436143.75 ], [ 433249.5, 436143.75 ], [ 433249.5, 436143.5 ], [ 433249.0, 436143.5 ], [ 433249.0, 436143.25 ], [ 433248.5, 436143.25 ], [ 433248.5, 436143.0 ], [ 433248.25, 436143.0 ], [ 433248.25, 436142.75 ], [ 433248.0, 436142.75 ], [ 433248.0, 436142.5 ], [ 433247.75, 436142.5 ], [ 433247.75, 436142.25 ], [ 433247.5, 436142.25 ], [ 433247.5, 436142.0 ], [ 433247.25, 436142.0 ], [ 433247.25, 436141.5 ], [ 433247.0, 436141.5 ], [ 433247.0, 436141.0 ], [ 433246.75, 436141.0 ], [ 433246.75, 436140.75 ], [ 433246.5, 436140.75 ], [ 433246.5, 436140.25 ], [ 433246.25, 436140.25 ], [ 433246.25, 436139.75 ], [ 433246.0, 436139.75 ], [ 433246.0, 436139.5 ], [ 433245.75, 436139.5 ], [ 433245.75, 436139.0 ], [ 433245.5, 436139.0 ], [ 433245.5, 436138.75 ], [ 433245.25, 436138.75 ], [ 433245.25, 436138.25 ], [ 433245.0, 436138.25 ], [ 433245.0, 436138.0 ], [ 433244.75, 436138.0 ], [ 433244.75, 436137.75 ], [ 433244.5, 436137.75 ], [ 433244.5, 436137.5 ], [ 433244.25, 436137.5 ], [ 433244.25, 436137.0 ], [ 433243.75, 436137.0 ], [ 433243.75, 436136.75 ], [ 433243.5, 436136.75 ], [ 433243.5, 436136.5 ], [ 433243.25, 436136.5 ], [ 433243.25, 436136.25 ], [ 433242.75, 436136.25 ], [ 433242.75, 436136.0 ], [ 433242.25, 436136.0 ], [ 433242.25, 436135.75 ], [ 433242.0, 436135.75 ], [ 433242.0, 436135.5 ], [ 433241.75, 436135.5 ], [ 433241.75, 436135.25 ], [ 433241.25, 436135.25 ], [ 433241.25, 436135.0 ], [ 433240.75, 436135.0 ], [ 433240.75, 436134.75 ], [ 433240.25, 436134.75 ], [ 433240.25, 436134.5 ], [ 433240.0, 436134.5 ], [ 433240.0, 436134.25 ], [ 433239.5, 436134.25 ], [ 433239.5, 436134.0 ], [ 433239.0, 436134.0 ], [ 433239.0, 436133.75 ], [ 433238.5, 436133.75 ], [ 433238.5, 436133.5 ], [ 433237.75, 436133.5 ], [ 433237.75, 436133.25 ], [ 433235.75, 436133.25 ], [ 433235.75, 436133.5 ], [ 433233.75, 436133.5 ], [ 433233.75, 436133.75 ], [ 433233.25, 436133.75 ], [ 433233.25, 436133.5 ], [ 433231.75, 436133.5 ], [ 433231.75, 436133.75 ], [ 433231.0, 436133.75 ], [ 433231.0, 436134.0 ], [ 433229.0, 436134.0 ], [ 433229.0, 436133.75 ], [ 433228.0, 436133.75 ], [ 433228.0, 436133.5 ], [ 433227.5, 436133.5 ], [ 433227.5, 436133.25 ], [ 433226.25, 436133.25 ], [ 433226.25, 436133.0 ], [ 433224.75, 436133.0 ], [ 433224.75, 436133.25 ], [ 433222.75, 436133.25 ], [ 433222.75, 436133.0 ], [ 433221.75, 436133.0 ], [ 433221.75, 436133.25 ], [ 433221.5, 436133.25 ], [ 433221.5, 436133.0 ], [ 433221.0, 436133.0 ], [ 433221.0, 436132.75 ], [ 433220.75, 436132.75 ], [ 433220.75, 436132.5 ], [ 433220.5, 436132.5 ], [ 433220.5, 436132.25 ], [ 433220.25, 436132.25 ], [ 433220.25, 436131.75 ], [ 433220.0, 436131.75 ], [ 433220.0, 436131.0 ], [ 433219.75, 436131.0 ], [ 433219.75, 436130.0 ], [ 433219.5, 436130.0 ], [ 433219.5, 436128.25 ], [ 433219.75, 436128.25 ], [ 433219.75, 436126.5 ], [ 433220.0, 436126.5 ], [ 433220.0, 436125.5 ], [ 433220.25, 436125.5 ], [ 433220.25, 436124.75 ], [ 433220.5, 436124.75 ], [ 433220.5, 436124.25 ], [ 433220.75, 436124.25 ], [ 433220.75, 436123.5 ], [ 433221.0, 436123.5 ], [ 433221.0, 436123.0 ], [ 433221.25, 436123.0 ], [ 433221.25, 436122.5 ], [ 433221.5, 436122.5 ], [ 433221.5, 436122.0 ], [ 433221.75, 436122.0 ], [ 433221.75, 436121.5 ], [ 433222.0, 436121.5 ], [ 433222.0, 436121.25 ], [ 433222.25, 436121.25 ], [ 433222.25, 436120.75 ], [ 433222.5, 436120.75 ], [ 433222.5, 436120.5 ], [ 433222.75, 436120.5 ], [ 433222.75, 436120.0 ], [ 433223.0, 436120.0 ], [ 433223.0, 436119.5 ], [ 433223.25, 436119.5 ], [ 433223.25, 436118.75 ], [ 433223.5, 436118.75 ], [ 433223.5, 436118.0 ], [ 433223.75, 436118.0 ], [ 433223.75, 436117.25 ], [ 433224.0, 436117.25 ], [ 433224.0, 436116.5 ], [ 433224.25, 436116.5 ], [ 433224.25, 436115.75 ], [ 433224.5, 436115.75 ], [ 433224.5, 436114.75 ], [ 433224.75, 436114.75 ], [ 433224.75, 436114.0 ], [ 433225.0, 436114.0 ], [ 433225.0, 436113.5 ], [ 433225.25, 436113.5 ], [ 433225.25, 436113.0 ], [ 433225.5, 436113.0 ], [ 433225.5, 436112.75 ], [ 433225.75, 436112.75 ], [ 433225.75, 436112.5 ], [ 433226.0, 436112.5 ], [ 433226.0, 436112.25 ], [ 433226.25, 436112.25 ], [ 433226.25, 436112.0 ], [ 433226.5, 436112.0 ], [ 433226.5, 436111.75 ], [ 433226.75, 436111.75 ], [ 433226.75, 436111.5 ], [ 433227.25, 436111.5 ], [ 433227.25, 436111.25 ], [ 433227.5, 436111.25 ], [ 433227.5, 436111.0 ], [ 433227.75, 436111.0 ], [ 433227.75, 436110.75 ], [ 433228.0, 436110.75 ], [ 433228.0, 436110.5 ], [ 433228.25, 436110.5 ], [ 433228.25, 436110.25 ], [ 433228.5, 436110.25 ], [ 433228.5, 436110.0 ], [ 433229.0, 436110.0 ], [ 433229.0, 436109.75 ], [ 433229.25, 436109.75 ], [ 433229.25, 436109.5 ], [ 433230.0, 436109.5 ], [ 433230.0, 436109.25 ], [ 433230.75, 436109.25 ], [ 433230.75, 436109.5 ], [ 433231.25, 436109.5 ], [ 433231.25, 436109.75 ], [ 433232.0, 436109.75 ], [ 433232.0, 436110.0 ], [ 433233.0, 436110.0 ], [ 433233.0, 436110.25 ], [ 433234.0, 436110.25 ], [ 433234.0, 436110.5 ], [ 433234.5, 436110.5 ], [ 433234.5, 436110.75 ], [ 433234.75, 436110.75 ], [ 433234.75, 436111.0 ], [ 433235.0, 436111.0 ], [ 433235.0, 436111.25 ], [ 433235.5, 436111.25 ], [ 433235.5, 436111.5 ], [ 433235.75, 436111.5 ], [ 433235.75, 436112.0 ], [ 433236.0, 436112.0 ], [ 433236.0, 436112.25 ], [ 433236.25, 436112.25 ], [ 433236.25, 436112.5 ], [ 433236.5, 436112.5 ], [ 433236.5, 436113.0 ], [ 433236.75, 436113.0 ], [ 433236.75, 436113.5 ], [ 433237.0, 436113.5 ], [ 433237.0, 436113.75 ], [ 433237.25, 436113.75 ], [ 433237.25, 436114.0 ], [ 433237.5, 436114.0 ], [ 433237.5, 436114.25 ], [ 433237.75, 436114.25 ], [ 433237.75, 436114.5 ], [ 433238.0, 436114.5 ], [ 433238.0, 436114.75 ], [ 433238.25, 436114.75 ], [ 433238.25, 436115.0 ], [ 433238.75, 436115.0 ], [ 433238.75, 436115.25 ], [ 433239.0, 436115.25 ], [ 433239.0, 436115.5 ], [ 433239.5, 436115.5 ], [ 433239.5, 436115.75 ], [ 433240.0, 436115.75 ], [ 433240.0, 436116.0 ], [ 433240.5, 436116.0 ], [ 433240.5, 436116.25 ], [ 433240.75, 436116.25 ], [ 433240.75, 436116.5 ], [ 433241.25, 436116.5 ], [ 433241.25, 436116.75 ], [ 433241.5, 436116.75 ], [ 433241.5, 436117.0 ], [ 433242.0, 436117.0 ], [ 433242.0, 436117.25 ], [ 433242.5, 436117.25 ], [ 433242.5, 436117.5 ], [ 433243.0, 436117.5 ], [ 433243.0, 436117.75 ], [ 433243.25, 436117.75 ], [ 433243.25, 436118.0 ], [ 433243.5, 436118.0 ], [ 433243.5, 436118.25 ], [ 433243.75, 436118.25 ], [ 433243.75, 436118.5 ], [ 433244.0, 436118.5 ], [ 433244.0, 436118.75 ], [ 433244.5, 436118.75 ], [ 433244.5, 436119.0 ], [ 433244.75, 436119.0 ], [ 433244.75, 436119.25 ], [ 433245.0, 436119.25 ], [ 433245.0, 436119.5 ], [ 433245.5, 436119.5 ], [ 433245.5, 436119.75 ], [ 433245.75, 436119.75 ], [ 433245.75, 436120.0 ], [ 433246.25, 436120.0 ], [ 433246.25, 436120.25 ], [ 433246.75, 436120.25 ], [ 433246.75, 436120.5 ], [ 433247.5, 436120.5 ], [ 433247.5, 436120.75 ], [ 433248.25, 436120.75 ], [ 433248.25, 436121.0 ], [ 433248.75, 436121.0 ], [ 433248.75, 436121.25 ], [ 433249.0, 436121.25 ], [ 433249.0, 436121.5 ], [ 433249.5, 436121.5 ], [ 433249.5, 436121.75 ], [ 433250.0, 436121.75 ], [ 433250.0, 436122.0 ], [ 433250.75, 436122.0 ], [ 433250.75, 436122.25 ], [ 433251.25, 436122.25 ], [ 433251.25, 436122.5 ], [ 433251.75, 436122.5 ], [ 433251.75, 436122.75 ], [ 433252.25, 436122.75 ], [ 433252.25, 436123.0 ], [ 433252.75, 436123.0 ], [ 433252.75, 436123.25 ], [ 433253.25, 436123.25 ], [ 433253.25, 436123.5 ], [ 433254.0, 436123.5 ], [ 433254.0, 436123.75 ], [ 433255.25, 436123.75 ], [ 433255.25, 436124.0 ], [ 433256.0, 436124.0 ], [ 433256.0, 436145.5 ], [ 433254.5, 436145.5 ] ] ] } },
{ "type": "Feature", "properties": { }, "geometry": { "type": "Polygon", "coordinates": [ [ [ 433169.0, 436126.25 ], [ 433169.0, 436126.0 ], [ 433168.25, 436126.0 ], [ 433168.25, 436125.75 ], [ 433167.75, 436125.75 ], [ 433167.75, 436125.5 ], [ 433167.25, 436125.5 ], [ 433167.25, 436125.25 ], [ 433166.75, 436125.25 ], [ 433166.75, 436125.0 ], [ 433166.25, 436125.0 ], [ 433166.25, 436124.75 ], [ 433165.75, 436124.75 ], [ 433165.75, 436124.5 ], [ 433165.25, 436124.5 ], [ 433165.25, 436124.25 ], [ 433164.75, 436124.25 ], [ 433164.75, 436124.0 ], [ 433164.25, 436124.0 ], [ 433164.25, 436123.75 ], [ 433163.75, 436123.75 ], [ 433163.75, 436123.5 ], [ 433163.25, 436123.5 ], [ 433163.25, 436123.25 ], [ 433162.5, 436123.25 ], [ 433162.5, 436123.0 ], [ 433162.0, 436123.0 ], [ 433162.0, 436122.75 ], [ 433161.0, 436122.75 ], [ 433161.0, 436122.5 ], [ 433160.0, 436122.5 ], [ 433160.0, 436122.25 ], [ 433159.25, 436122.25 ], [ 433159.25, 436122.0 ], [ 433158.75, 436122.0 ], [ 433158.75, 436121.75 ], [ 433158.25, 436121.75 ], [ 433158.25, 436121.5 ], [ 433157.75, 436121.5 ], [ 433157.75, 436121.25 ], [ 433157.25, 436121.25 ], [ 433157.25, 436121.0 ], [ 433156.5, 436121.0 ], [ 433156.5, 436120.75 ], [ 433155.75, 436120.75 ], [ 433155.75, 436120.5 ], [ 433155.0, 436120.5 ], [ 433155.0, 436120.25 ], [ 433154.25, 436120.25 ], [ 433154.25, 436120.0 ], [ 433153.5, 436120.0 ], [ 433153.5, 436119.75 ], [ 433153.0, 436119.75 ], [ 433153.0, 436119.5 ], [ 433152.5, 436119.5 ], [ 433152.5, 436119.25 ], [ 433152.0, 436119.25 ], [ 433152.0, 436119.0 ], [ 433151.75, 436119.0 ], [ 433151.75, 436118.75 ], [ 433151.25, 436118.75 ], [ 433151.25, 436118.5 ], [ 433151.0, 436118.5 ], [ 433151.0, 436118.25 ], [ 433150.75, 436118.25 ], [ 433150.75, 436118.0 ], [ 433150.5, 436118.0 ], [ 433150.5, 436117.5 ], [ 433150.25, 436117.5 ], [ 433150.25, 436117.0 ], [ 433150.0, 436117.0 ], [ 433150.0, 436116.25 ], [ 433149.75, 436116.25 ], [ 433149.75, 436116.0 ], [ 433149.5, 436116.0 ], [ 433149.5, 436115.25 ], [ 433149.25, 436115.25 ], [ 433149.25, 436112.25 ], [ 433149.5, 436112.25 ], [ 433149.5, 436111.25 ], [ 433149.75, 436111.25 ], [ 433149.75, 436110.5 ], [ 433150.0, 436110.5 ], [ 433150.0, 436110.0 ], [ 433150.25, 436110.0 ], [ 433150.25, 436108.25 ], [ 433150.5, 436108.25 ], [ 433150.5, 436107.75 ], [ 433150.75, 436107.75 ], [ 433150.75, 436107.0 ], [ 433151.0, 436107.0 ], [ 433151.0, 436106.5 ], [ 433151.25, 436106.5 ], [ 433151.25, 436105.75 ], [ 433151.5, 436105.75 ], [ 433151.5, 436104.0 ], [ 433174.5, 436104.0 ], [ 433174.5, 436106.5 ], [ 433174.25, 436106.5 ], [ 433174.25, 436106.75 ], [ 433174.0, 436106.75 ], [ 433174.0, 436107.0 ], [ 433173.75, 436107.0 ], [ 433173.75, 436107.5 ], [ 433173.5, 436107.5 ], [ 433173.5, 436107.75 ], [ 433173.25, 436107.75 ], [ 433173.25, 436108.25 ], [ 433173.0, 436108.25 ], [ 433173.0, 436108.75 ], [ 433172.75, 436108.75 ], [ 433172.75, 436109.5 ], [ 433172.5, 436109.5 ], [ 433172.5, 436110.0 ], [ 433172.25, 436110.0 ], [ 433172.25, 436110.5 ], [ 433172.0, 436110.5 ], [ 433172.0, 436111.25 ], [ 433171.75, 436111.25 ], [ 433171.75, 436111.75 ], [ 433171.5, 436111.75 ], [ 433171.5, 436112.25 ], [ 433171.25, 436112.25 ], [ 433171.25, 436112.75 ], [ 433171.0, 436112.75 ], [ 433171.0, 436113.0 ], [ 433170.75, 436113.0 ], [ 433170.75, 436113.5 ], [ 433170.5, 436113.5 ], [ 433170.5, 436114.0 ], [ 433170.25, 436114.0 ], [ 433170.25, 436115.75 ], [ 433170.5, 436115.75 ], [ 433170.5, 436116.75 ], [ 433170.25, 436116.75 ], [ 433170.25, 436118.25 ], [ 433170.5, 436118.25 ], [ 433170.5, 436118.75 ], [ 433171.0, 436118.75 ], [ 433171.0, 436119.0 ], [ 433171.25, 436119.0 ], [ 433171.25, 436119.5 ], [ 433171.5, 436119.5 ], [ 433171.5, 436119.75 ], [ 433171.75, 436119.75 ], [ 433171.75, 436120.0 ], [ 433172.25, 436120.0 ], [ 433172.25, 436120.25 ], [ 433172.5, 436120.25 ], [ 433172.5, 436120.5 ], [ 433173.0, 436120.5 ], [ 433173.0, 436120.75 ], [ 433173.25, 436120.75 ], [ 433173.25, 436121.0 ], [ 433173.75, 436121.0 ], [ 433173.75, 436121.25 ], [ 433174.25, 436121.25 ], [ 433174.25, 436121.5 ], [ 433174.5, 436121.5 ], [ 433174.5, 436121.75 ], [ 433174.75, 436121.75 ], [ 433174.75, 436122.0 ], [ 433175.0, 436122.0 ], [ 433175.0, 436122.25 ], [ 433175.25, 436122.25 ], [ 433175.25, 436122.5 ], [ 433175.5, 436122.5 ], [ 433175.5, 436123.0 ], [ 433175.25, 436123.0 ], [ 433175.25, 436123.25 ], [ 433175.0, 436123.25 ], [ 433175.0, 436123.5 ], [ 433173.75, 436123.5 ], [ 433173.75, 436123.25 ], [ 433173.25, 436123.25 ], [ 433173.25, 436123.5 ], [ 433172.25, 436123.5 ], [ 433172.25, 436124.25 ], [ 433172.0, 436124.25 ], [ 433172.0, 436124.75 ], [ 433171.5, 436124.75 ], [ 433171.5, 436125.0 ], [ 433171.25, 436125.0 ], [ 433171.25, 436125.5 ], [ 433171.0, 436125.5 ], [ 433171.0, 436125.75 ], [ 433170.75, 436125.75 ], [ 433170.75, 436126.0 ], [ 433170.5, 436126.0 ], [ 433170.5, 436126.25 ], [ 433169.0, 436126.25 ] ] ] } },
{ "type": "Feature", "properties": { }, "geometry": { "type": "Polygon", "coordinates": [ [ [ 433430.5, 436085.5 ], [ 433430.5, 436085.25 ], [ 433430.25, 436085.25 ], [ 433430.25, 436084.75 ], [ 433430.0, 436084.75 ], [ 433430.0, 436084.5 ], [ 433429.5, 436084.5 ], [ 433429.5, 436084.25 ], [ 433429.25, 436084.25 ], [ 433429.25, 436084.0 ], [ 433429.0, 436084.0 ], [ 433429.0, 436083.75 ], [ 433428.5, 436083.75 ], [ 433428.5, 436083.5 ], [ 433427.75, 436083.5 ], [ 433427.75, 436083.25 ], [ 433426.25, 436083.25 ], [ 433426.25, 436083.0 ], [ 433425.75, 436083.0 ], [ 433425.75, 436082.75 ], [ 433425.25, 436082.75 ], [ 433425.25, 436082.5 ], [ 433424.75, 436082.5 ], [ 433424.75, 436082.25 ], [ 433424.25, 436082.25 ], [ 433424.25, 436082.0 ], [ 433424.0, 436082.0 ], [ 433424.0, 436081.75 ], [ 433423.75, 436081.75 ], [ 433423.75, 436081.5 ], [ 433423.5, 436081.5 ], [ 433423.5, 436081.25 ], [ 433423.25, 436081.25 ], [ 433423.25, 436081.0 ], [ 433423.0, 436081.0 ], [ 433423.0, 436080.75 ], [ 433422.75, 436080.75 ], [ 433422.75, 436080.5 ], [ 433422.5, 436080.5 ], [ 433422.5, 436080.25 ], [ 433422.25, 436080.25 ], [ 433422.25, 436080.0 ], [ 433422.0, 436080.0 ], [ 433422.0, 436079.75 ], [ 433421.75, 436079.75 ], [ 433421.75, 436079.5 ], [ 433421.5, 436079.5 ], [ 433421.5, 436079.25 ], [ 433421.25, 436079.25 ], [ 433421.25, 436078.75 ], [ 433421.0, 436078.75 ], [ 433421.0, 436078.5 ], [ 433420.75, 436078.5 ], [ 433420.75, 436077.75 ], [ 433420.5, 436077.75 ], [ 433420.5, 436077.0 ], [ 433420.25, 436077.0 ], [ 433420.25, 436076.0 ], [ 433420.5, 436076.0 ], [ 433420.5, 436075.75 ], [ 433420.75, 436075.75 ], [ 433420.75, 436074.25 ], [ 433421.0, 436074.25 ], [ 433421.0, 436074.0 ], [ 433421.25, 436074.0 ], [ 433421.25, 436073.75 ], [ 433421.75, 436073.75 ], [ 433421.75, 436073.5 ], [ 433422.5, 436073.5 ], [ 433422.5, 436073.25 ], [ 433422.75, 436073.25 ], [ 433422.75, 436073.0 ], [ 433423.0, 436073.0 ], [ 433423.0, 436072.5 ], [ 433423.25, 436072.5 ], [ 433423.25, 436072.25 ], [ 433423.75, 436072.25 ], [ 433423.75, 436072.0 ], [ 433424.25, 436072.0 ], [ 433424.25, 436071.75 ], [ 433424.75, 436071.75 ], [ 433424.75, 436071.5 ], [ 433426.0, 436071.5 ], [ 433426.0, 436071.75 ], [ 433426.75, 436071.75 ], [ 433426.75, 436072.0 ], [ 433427.0, 436072.0 ], [ 433427.0, 436072.25 ], [ 433427.5, 436072.25 ], [ 433427.5, 436072.5 ], [ 433427.75, 436072.5 ], [ 433427.75, 436072.75 ], [ 433428.25, 436072.75 ], [ 433428.25, 436073.0 ], [ 433428.75, 436073.0 ], [ 433428.75, 436073.25 ], [ 433429.0, 436073.25 ], [ 433429.0, 436073.5 ], [ 433429.5, 436073.5 ], [ 433429.5, 436073.75 ], [ 433429.75, 436073.75 ], [ 433429.75, 436074.0 ], [ 433430.0, 436074.0 ], [ 433430.0, 436074.25 ], [ 433430.5, 436074.25 ], [ 433430.5, 436074.5 ], [ 433430.75, 436074.5 ], [ 433430.75, 436075.25 ], [ 433431.0, 436075.25 ], [ 433431.0, 436075.5 ], [ 433431.25, 436075.5 ], [ 433431.25, 436076.0 ], [ 433431.5, 436076.0 ], [ 433431.5, 436076.5 ], [ 433431.75, 436076.5 ], [ 433431.75, 436077.0 ], [ 433432.0, 436077.0 ], [ 433432.0, 436077.5 ], [ 433432.25, 436077.5 ], [ 433432.25, 436078.5 ], [ 433432.5, 436078.5 ], [ 433432.5, 436080.25 ], [ 433432.25, 436080.25 ], [ 433432.25, 436081.0 ], [ 433432.0, 436081.0 ], [ 433432.0, 436081.5 ], [ 433431.75, 436081.5 ], [ 433431.75, 436081.75 ], [ 433431.5, 436081.75 ], [ 433431.5, 436082.25 ], [ 433431.0, 436082.25 ], [ 433431.0, 436084.75 ], [ 433430.75, 436084.75 ], [ 433430.75, 436085.5 ], [ 433430.5, 436085.5 ] ] ] } },
{ "type": "Feature", "properties": { }, "geometry": { "type": "Polygon", "coordinates": [ [ [ 433365.25, 436124.25 ], [ 433365.25, 436124.0 ], [ 433364.25, 436124.0 ], [ 433364.25, 436123.75 ], [ 433363.75, 436123.75 ], [ 433363.75, 436123.5 ], [ 433363.25, 436123.5 ], [ 433363.25, 436123.25 ], [ 433362.75, 436123.25 ], [ 433362.75, 436123.0 ], [ 433362.25, 436123.0 ], [ 433362.25, 436122.75 ], [ 433362.0, 436122.75 ], [ 433362.0, 436122.5 ], [ 433361.75, 436122.5 ], [ 433361.75, 436122.25 ], [ 433361.5, 436122.25 ], [ 433361.5, 436121.75 ], [ 433361.25, 436121.75 ], [ 433361.25, 436121.5 ], [ 433361.0, 436121.5 ], [ 433361.0, 436121.0 ], [ 433360.75, 436121.0 ], [ 433360.75, 436120.75 ], [ 433360.5, 436120.75 ], [ 433360.5, 436120.25 ], [ 433360.25, 436120.25 ], [ 433360.25, 436119.75 ], [ 433360.0, 436119.75 ], [ 433360.0, 436119.0 ], [ 433359.75, 436119.0 ], [ 433359.75, 436118.75 ], [ 433359.5, 436118.75 ], [ 433359.5, 436118.25 ], [ 433359.25, 436118.25 ], [ 433359.25, 436117.5 ], [ 433359.0, 436117.5 ], [ 433359.0, 436117.0 ], [ 433358.75, 436117.0 ], [ 433358.75, 436116.5 ], [ 433358.5, 436116.5 ], [ 433358.5, 436116.0 ], [ 433358.25, 436116.0 ], [ 433358.25, 436115.75 ], [ 433358.0, 436115.75 ], [ 433358.0, 436115.5 ], [ 433357.75, 436115.5 ], [ 433357.75, 436115.0 ], [ 433357.5, 436115.0 ], [ 433357.5, 436114.75 ], [ 433357.25, 436114.75 ], [ 433357.25, 436114.5 ], [ 433357.0, 436114.5 ], [ 433357.0, 436114.0 ], [ 433356.75, 436114.0 ], [ 433356.75, 436113.75 ], [ 433356.5, 436113.75 ], [ 433356.5, 436113.25 ], [ 433356.25, 436113.25 ], [ 433356.25, 436113.0 ], [ 433356.0, 436113.0 ], [ 433356.0, 436112.75 ], [ 433355.75, 436112.75 ], [ 433355.75, 436112.5 ], [ 433355.5, 436112.5 ], [ 433355.5, 436112.25 ], [ 433355.25, 436112.25 ], [ 433355.25, 436112.0 ], [ 433355.0, 436112.0 ], [ 433355.0, 436111.75 ], [ 433354.5, 436111.75 ], [ 433354.5, 436111.5 ], [ 433354.25, 436111.5 ], [ 433354.25, 436111.25 ], [ 433354.0, 436111.25 ], [ 433354.0, 436111.0 ], [ 433353.75, 436111.0 ], [ 433353.75, 436110.75 ], [ 433353.5, 436110.75 ], [ 433353.5, 436110.5 ], [ 433353.25, 436110.5 ], [ 433353.25, 436110.25 ], [ 433353.0, 436110.25 ], [ 433353.0, 436109.75 ], [ 433352.75, 436109.75 ], [ 433352.75, 436109.5 ], [ 433352.5, 436109.5 ], [ 433352.5, 436108.75 ], [ 433352.25, 436108.75 ], [ 433352.25, 436107.5 ], [ 433352.0, 436107.5 ], [ 433352.0, 436106.25 ], [ 433351.75, 436106.25 ], [ 433351.75, 436105.5 ], [ 433351.5, 436105.5 ], [ 433351.5, 436105.0 ], [ 433351.25, 436105.0 ], [ 433351.25, 436104.75 ], [ 433351.0, 436104.75 ], [ 433351.0, 436104.0 ], [ 433345.25, 436104.0 ], [ 433345.25, 436101.75 ], [ 433345.0, 436101.75 ], [ 433345.0, 436098.5 ], [ 433345.25, 436098.5 ], [ 433345.25, 436098.25 ], [ 433345.5, 436098.25 ], [ 433345.5, 436097.75 ], [ 433345.75, 436097.75 ], [ 433345.75, 436097.5 ], [ 433346.0, 436097.5 ], [ 433346.0, 436097.25 ], [ 433346.5, 436097.25 ], [ 433346.5, 436097.0 ], [ 433346.75, 436097.0 ], [ 433346.75, 436096.75 ], [ 433347.0, 436096.75 ], [ 433347.0, 436096.5 ], [ 433347.5, 436096.5 ], [ 433347.5, 436096.25 ], [ 433347.75, 436096.25 ], [ 433347.75, 436096.0 ], [ 433348.25, 436096.0 ], [ 433348.25, 436095.75 ], [ 433348.5, 436095.75 ], [ 433348.5, 436095.5 ], [ 433348.75, 436095.5 ], [ 433348.75, 436095.25 ], [ 433349.25, 436095.25 ], [ 433349.25, 436095.0 ], [ 433349.5, 436095.0 ], [ 433349.5, 436094.75 ], [ 433349.75, 436094.75 ], [ 433349.75, 436094.5 ], [ 433350.25, 436094.5 ], [ 433350.25, 436094.25 ], [ 433350.5, 436094.25 ], [ 433350.5, 436094.0 ], [ 433350.75, 436094.0 ], [ 433350.75, 436093.75 ], [ 433351.0, 436093.75 ], [ 433351.0, 436093.5 ], [ 433351.25, 436093.5 ], [ 433351.25, 436093.25 ], [ 433351.75, 436093.25 ], [ 433351.75, 436093.0 ], [ 433352.0, 436093.0 ], [ 433352.0, 436092.75 ], [ 433352.5, 436092.75 ], [ 433352.5, 436092.5 ], [ 433352.75, 436092.5 ], [ 433352.75, 436092.25 ], [ 433353.25, 436092.25 ], [ 433353.25, 436092.0 ], [ 433353.75, 436092.0 ], [ 433353.75, 436091.75 ], [ 433354.0, 436091.75 ], [ 433354.0, 436091.5 ], [ 433354.5, 436091.5 ], [ 433354.5, 436091.25 ], [ 433354.75, 436091.25 ], [ 433354.75, 436091.0 ], [ 433355.25, 436091.0 ], [ 433355.25, 436090.75 ], [ 433355.5, 436090.75 ], [ 433355.5, 436090.5 ], [ 433356.0, 436090.5 ], [ 433356.0, 436090.25 ], [ 433356.25, 436090.25 ], [ 433356.25, 436089.75 ], [ 433356.5, 436089.75 ], [ 433356.5, 436089.5 ], [ 433356.75, 436089.5 ], [ 433356.75, 436089.25 ], [ 433357.25, 436089.25 ], [ 433357.25, 436089.0 ], [ 433357.5, 436089.0 ], [ 433357.5, 436088.75 ], [ 433358.0, 436088.75 ], [ 433358.0, 436088.5 ], [ 433358.25, 436088.5 ], [ 433358.25, 436088.25 ], [ 433358.75, 436088.25 ], [ 433358.75, 436088.0 ], [ 433359.0, 436088.0 ], [ 433359.0, 436087.75 ], [ 433359.5, 436087.75 ], [ 433359.5, 436087.5 ], [ 433359.75, 436087.5 ], [ 433359.75, 436087.25 ], [ 433360.0, 436087.25 ], [ 433360.0, 436087.0 ], [ 433360.5, 436087.0 ], [ 433360.5, 436086.75 ], [ 433360.75, 436086.75 ], [ 433360.75, 436086.5 ], [ 433361.0, 436086.5 ], [ 433361.0, 436086.25 ], [ 433361.25, 436086.25 ], [ 433361.25, 436086.0 ], [ 433361.5, 436086.0 ], [ 433361.5, 436085.75 ], [ 433361.75, 436085.75 ], [ 433361.75, 436085.5 ], [ 433362.0, 436085.5 ], [ 433362.0, 436085.25 ], [ 433362.25, 436085.25 ], [ 433362.25, 436085.0 ], [ 433362.5, 436085.0 ], [ 433362.5, 436084.75 ], [ 433362.75, 436084.75 ], [ 433362.75, 436084.5 ], [ 433363.0, 436084.5 ], [ 433363.0, 436084.25 ], [ 433363.25, 436084.25 ], [ 433363.25, 436084.0 ], [ 433363.5, 436084.0 ], [ 433363.5, 436083.75 ], [ 433363.75, 436083.75 ], [ 433363.75, 436083.5 ], [ 433364.25, 436083.5 ], [ 433364.25, 436083.25 ], [ 433364.5, 436083.25 ], [ 433364.5, 436083.0 ], [ 433365.0, 436083.0 ], [ 433365.0, 436082.75 ], [ 433365.25, 436082.75 ], [ 433365.25, 436082.5 ], [ 433365.5, 436082.5 ], [ 433365.5, 436082.25 ], [ 433365.75, 436082.25 ], [ 433365.75, 436082.0 ], [ 433366.0, 436082.0 ], [ 433366.0, 436081.75 ], [ 433366.25, 436081.75 ], [ 433366.25, 436081.5 ], [ 433366.5, 436081.5 ], [ 433366.5, 436081.25 ], [ 433366.75, 436081.25 ], [ 433366.75, 436081.0 ], [ 433367.0, 436081.0 ], [ 433367.0, 436080.5 ], [ 433367.25, 436080.5 ], [ 433367.25, 436080.25 ], [ 433367.5, 436080.25 ], [ 433367.5, 436080.0 ], [ 433367.75, 436080.0 ], [ 433367.75, 436079.75 ], [ 433368.25, 436079.75 ], [ 433368.25, 436079.5 ], [ 433368.5, 436079.5 ], [ 433368.5, 436079.25 ], [ 433368.75, 436079.25 ], [ 433368.75, 436079.0 ], [ 433369.25, 436079.0 ], [ 433369.25, 436078.75 ], [ 433369.5, 436078.75 ], [ 433369.5, 436078.5 ], [ 433370.0, 436078.5 ], [ 433370.0, 436078.25 ], [ 433370.5, 436078.25 ], [ 433370.5, 436078.0 ], [ 433370.75, 436078.0 ], [ 433370.75, 436077.75 ], [ 433371.25, 436077.75 ], [ 433371.25, 436077.5 ], [ 433371.5, 436077.5 ], [ 433371.5, 436077.25 ], [ 433372.0, 436077.25 ], [ 433372.0, 436077.0 ], [ 433372.5, 436077.0 ], [ 433372.5, 436076.75 ], [ 433373.0, 436076.75 ], [ 433373.0, 436076.5 ], [ 433373.75, 436076.5 ], [ 433373.75, 436076.25 ], [ 433374.25, 436076.25 ], [ 433374.25, 436076.0 ], [ 433374.75, 436076.0 ], [ 433374.75, 436075.75 ], [ 433375.0, 436075.75 ], [ 433375.0, 436075.5 ], [ 433375.5, 436075.5 ], [ 433375.5, 436075.25 ], [ 433375.75, 436075.25 ], [ 433375.75, 436075.0 ], [ 433376.0, 436075.0 ], [ 433376.0, 436074.75 ], [ 433376.5, 436074.75 ], [ 433376.5, 436074.5 ], [ 433376.75, 436074.5 ], [ 433376.75, 436074.25 ], [ 433377.0, 436074.25 ], [ 433377.0, 436074.0 ], [ 433377.25, 436074.0 ], [ 433377.25, 436073.75 ], [ 433377.5, 436073.75 ], [ 433377.5, 436073.5 ], [ 433377.75, 436073.5 ], [ 433377.75, 436073.25 ], [ 433378.25, 436073.25 ], [ 433378.25, 436073.0 ], [ 433378.75, 436073.0 ], [ 433378.75, 436072.75 ], [ 433379.25, 436072.75 ], [ 433379.25, 436072.5 ], [ 433379.5, 436072.5 ], [ 433379.5, 436072.25 ], [ 433380.0, 436072.25 ], [ 433380.0, 436072.0 ], [ 433380.5, 436072.0 ], [ 433380.5, 436071.75 ], [ 433381.0, 436071.75 ], [ 433381.0, 436071.5 ], [ 433381.75, 436071.5 ], [ 433381.75, 436071.25 ], [ 433384.0, 436071.25 ], [ 433384.0, 436068.75 ], [ 433385.75, 436068.75 ], [ 433385.75, 436068.5 ], [ 433386.0, 436068.5 ], [ 433386.0, 436068.25 ], [ 433386.5, 436068.25 ], [ 433386.5, 436068.0 ], [ 433387.0, 436068.0 ], [ 433387.0, 436067.75 ], [ 433387.25, 436067.75 ], [ 433387.25, 436067.25 ], [ 433387.5, 436067.25 ], [ 433387.5, 436067.0 ], [ 433387.75, 436067.0 ], [ 433387.75, 436066.75 ], [ 433388.0, 436066.75 ], [ 433388.0, 436066.5 ], [ 433388.25, 436066.5 ], [ 433388.25, 436066.25 ], [ 433388.5, 436066.25 ], [ 433388.5, 436066.0 ], [ 433388.75, 436066.0 ], [ 433388.75, 436065.75 ], [ 433389.0, 436065.75 ], [ 433389.0, 436065.5 ], [ 433389.25, 436065.5 ], [ 433389.25, 436065.25 ], [ 433390.0, 436065.25 ], [ 433390.0, 436065.0 ], [ 433390.5, 436065.0 ], [ 433390.5, 436064.75 ], [ 433390.75, 436064.75 ], [ 433390.75, 436064.5 ], [ 433391.5, 436064.5 ], [ 433391.5, 436064.25 ], [ 433392.0, 436064.25 ], [ 433392.0, 436064.0 ], [ 433392.25, 436064.0 ], [ 433392.25, 436063.75 ], [ 433392.75, 436063.75 ], [ 433392.75, 436063.5 ], [ 433393.0, 436063.5 ], [ 433393.0, 436063.25 ], [ 433393.25, 436063.25 ], [ 433393.25, 436063.0 ], [ 433393.5, 436063.0 ], [ 433393.5, 436062.5 ], [ 433394.0, 436062.5 ], [ 433394.0, 436062.25 ], [ 433394.5, 436062.25 ], [ 433394.5, 436062.0 ], [ 433395.25, 436062.0 ], [ 433395.25, 436061.75 ], [ 433397.25, 436061.75 ], [ 433397.25, 436062.0 ], [ 433397.75, 436062.0 ], [ 433397.75, 436062.25 ], [ 433398.0, 436062.25 ], [ 433398.0, 436062.5 ], [ 433398.25, 436062.5 ], [ 433398.25, 436065.0 ], [ 433398.0, 436065.0 ], [ 433398.0, 436065.75 ], [ 433397.75, 436065.75 ], [ 433397.75, 436066.5 ], [ 433397.5, 436066.5 ], [ 433397.5, 436067.25 ], [ 433397.25, 436067.25 ], [ 433397.25, 436068.0 ], [ 433397.0, 436068.0 ], [ 433397.0, 436068.5 ], [ 433396.75, 436068.5 ], [ 433396.75, 436069.0 ], [ 433396.5, 436069.0 ], [ 433396.5, 436069.5 ], [ 433396.25, 436069.5 ], [ 433396.25, 436070.25 ], [ 433396.0, 436070.25 ], [ 433396.0, 436070.75 ], [ 433395.75, 436070.75 ], [ 433395.75, 436071.75 ], [ 433395.5, 436071.75 ], [ 433395.5, 436073.5 ], [ 433395.25, 436073.5 ], [ 433395.25, 436074.0 ], [ 433395.0, 436074.0 ], [ 433395.0, 436075.0 ], [ 433394.75, 436075.0 ], [ 433394.75, 436077.25 ], [ 433394.5, 436077.25 ], [ 433394.5, 436077.75 ], [ 433394.75, 436077.75 ], [ 433394.75, 436078.75 ], [ 433395.0, 436078.75 ], [ 433395.0, 436079.25 ], [ 433395.25, 436079.25 ], [ 433395.25, 436080.75 ], [ 433395.5, 436080.75 ], [ 433395.5, 436081.5 ], [ 433395.75, 436081.5 ], [ 433395.75, 436082.0 ], [ 433396.0, 436082.0 ], [ 433396.0, 436082.5 ], [ 433396.25, 436082.5 ], [ 433396.25, 436082.75 ], [ 433396.5, 436082.75 ], [ 433396.5, 436083.0 ], [ 433396.75, 436083.0 ], [ 433396.75, 436083.25 ], [ 433397.0, 436083.25 ], [ 433397.0, 436083.5 ], [ 433397.5, 436083.5 ], [ 433397.5, 436083.75 ], [ 433397.75, 436083.75 ], [ 433397.75, 436084.0 ], [ 433398.0, 436084.0 ], [ 433398.0, 436084.25 ], [ 433398.25, 436084.25 ], [ 433398.25, 436084.5 ], [ 433398.5, 436084.5 ], [ 433398.5, 436084.75 ], [ 433398.75, 436084.75 ], [ 433398.75, 436085.0 ], [ 433399.25, 436085.0 ], [ 433399.25, 436085.25 ], [ 433399.5, 436085.25 ], [ 433399.5, 436085.75 ], [ 433399.75, 436085.75 ], [ 433399.75, 436086.0 ], [ 433400.0, 436086.0 ], [ 433400.0, 436086.25 ], [ 433400.25, 436086.25 ], [ 433400.25, 436086.75 ], [ 433400.5, 436086.75 ], [ 433400.5, 436087.0 ], [ 433400.75, 436087.0 ], [ 433400.75, 436087.25 ], [ 433401.0, 436087.25 ], [ 433401.0, 436087.5 ], [ 433401.25, 436087.5 ], [ 433401.25, 436087.75 ], [ 433401.75, 436087.75 ], [ 433401.75, 436088.0 ], [ 433402.0, 436088.0 ], [ 433402.0, 436088.25 ], [ 433402.5, 436088.25 ], [ 433402.5, 436088.5 ], [ 433402.75, 436088.5 ], [ 433402.75, 436088.75 ], [ 433403.0, 436088.75 ], [ 433403.0, 436089.0 ], [ 433403.25, 436089.0 ], [ 433403.25, 436089.25 ], [ 433403.5, 436089.25 ], [ 433403.5, 436089.5 ], [ 433403.75, 436089.5 ], [ 433403.75, 436089.75 ], [ 433404.0, 436089.75 ], [ 433404.0, 436090.0 ], [ 433404.25, 436090.0 ], [ 433404.25, 436090.5 ], [ 433404.5, 436090.5 ], [ 433404.5, 436090.75 ], [ 433404.75, 436090.75 ], [ 433404.75, 436091.0 ], [ 433405.0, 436091.0 ], [ 433405.0, 436091.25 ], [ 433405.25, 436091.25 ], [ 433405.25, 436091.75 ], [ 433405.5, 436091.75 ], [ 433405.5, 436092.0 ], [ 433405.75, 436092.0 ], [ 433405.75, 436092.25 ], [ 433406.0, 436092.25 ], [ 433406.0, 436092.5 ], [ 433406.25, 436092.5 ], [ 433406.25, 436092.75 ], [ 433406.5, 436092.75 ], [ 433406.5, 436093.0 ], [ 433406.75, 436093.0 ], [ 433406.75, 436093.5 ], [ 433407.0, 436093.5 ], [ 433407.0, 436093.75 ], [ 433407.25, 436093.75 ], [ 433407.25, 436094.25 ], [ 433407.5, 436094.25 ], [ 433407.5, 436094.75 ], [ 433407.75, 436094.75 ], [ 433407.75, 436095.25 ], [ 433408.0, 436095.25 ], [ 433408.0, 436095.5 ], [ 433408.25, 436095.5 ], [ 433408.25, 436095.75 ], [ 433408.5, 436095.75 ], [ 433408.5, 436096.25 ], [ 433408.75, 436096.25 ], [ 433408.75, 436096.5 ], [ 433409.0, 436096.5 ], [ 433409.0, 436096.75 ], [ 433409.25, 436096.75 ], [ 433409.25, 436097.0 ], [ 433409.5, 436097.0 ], [ 433409.5, 436097.25 ], [ 433409.75, 436097.25 ], [ 433409.75, 436097.5 ], [ 433410.0, 436097.5 ], [ 433410.0, 436098.0 ], [ 433410.25, 436098.0 ], [ 433410.25, 436098.25 ], [ 433410.5, 436098.25 ], [ 433410.5, 436100.0 ], [ 433410.25, 436100.0 ], [ 433410.25, 436100.75 ], [ 433410.0, 436100.75 ], [ 433410.0, 436101.0 ], [ 433409.5, 436101.0 ], [ 433409.5, 436101.25 ], [ 433409.0, 436101.25 ], [ 433409.0, 436101.5 ], [ 433408.5, 436101.5 ], [ 433408.5, 436101.75 ], [ 433407.5, 436101.75 ], [ 433407.5, 436102.0 ], [ 433406.25, 436102.0 ], [ 433406.25, 436102.25 ], [ 433406.0, 436102.25 ], [ 433406.0, 436102.5 ], [ 433405.5, 436102.5 ], [ 433405.5, 436102.75 ], [ 433405.25, 436102.75 ], [ 433405.25, 436103.0 ], [ 433405.0, 436103.0 ], [ 433405.0, 436103.25 ], [ 433404.5, 436103.25 ], [ 433404.5, 436104.0 ], [ 433392.25, 436104.0 ], [ 433392.25, 436105.0 ], [ 433392.0, 436105.0 ], [ 433392.0, 436106.0 ], [ 433391.75, 436106.0 ], [ 433391.75, 436106.5 ], [ 433391.5, 436106.5 ], [ 433391.5, 436106.75 ], [ 433391.25, 436106.75 ], [ 433391.25, 436107.0 ], [ 433390.75, 436107.0 ], [ 433390.75, 436107.25 ], [ 433390.25, 436107.25 ], [ 433390.25, 436107.5 ], [ 433389.75, 436107.5 ], [ 433389.75, 436107.75 ], [ 433389.25, 436107.75 ], [ 433389.25, 436108.0 ], [ 433388.75, 436108.0 ], [ 433388.75, 436108.25 ], [ 433388.25, 436108.25 ], [ 433388.25, 436108.5 ], [ 433387.75, 436108.5 ], [ 433387.75, 436108.75 ], [ 433387.0, 436108.75 ], [ 433387.0, 436109.0 ], [ 433386.75, 436109.0 ], [ 433386.75, 436109.25 ], [ 433386.0, 436109.25 ], [ 433386.0, 436109.5 ], [ 433384.0, 436109.5 ], [ 433384.0, 436115.0 ], [ 433382.0, 436115.0 ], [ 433382.0, 436115.25 ], [ 433381.25, 436115.25 ], [ 433381.25, 436115.5 ], [ 433381.0, 436115.5 ], [ 433381.0, 436115.75 ], [ 433380.5, 436115.75 ], [ 433380.5, 436116.0 ], [ 433380.0, 436116.0 ], [ 433380.0, 436116.25 ], [ 433379.75, 436116.25 ], [ 433379.75, 436116.5 ], [ 433379.25, 436116.5 ], [ 433379.25, 436116.75 ], [ 433378.5, 436116.75 ], [ 433378.5, 436117.0 ], [ 433378.0, 436117.0 ], [ 433378.0, 436117.25 ], [ 433377.5, 436117.25 ], [ 433377.5, 436117.5 ], [ 433377.0, 436117.5 ], [ 433377.0, 436117.75 ], [ 433376.75, 436117.75 ], [ 433376.75, 436118.0 ], [ 433376.5, 436118.0 ], [ 433376.5, 436118.25 ], [ 433376.0, 436118.25 ], [ 433376.0, 436118.75 ], [ 433375.75, 436118.75 ], [ 433375.75, 436119.0 ], [ 433375.5, 436119.0 ], [ 433375.5, 436119.25 ], [ 433375.0, 436119.25 ], [ 433375.0, 436119.5 ], [ 433374.75, 436119.5 ], [ 433374.75, 436119.75 ], [ 433374.25, 436119.75 ], [ 433374.25, 436120.0 ], [ 433373.75, 436120.0 ], [ 433373.75, 436120.25 ], [ 433373.25, 436120.25 ], [ 433373.25, 436120.5 ], [ 433373.0, 436120.5 ], [ 433373.0, 436120.75 ], [ 433372.5, 436120.75 ], [ 433372.5, 436121.0 ], [ 433372.0, 436121.0 ], [ 433372.0, 436121.25 ], [ 433371.5, 436121.25 ], [ 433371.5, 436121.5 ], [ 433371.25, 436121.5 ], [ 433371.25, 436121.75 ], [ 433371.0, 436121.75 ], [ 433371.0, 436122.0 ], [ 433370.5, 436122.0 ], [ 433370.5, 436122.25 ], [ 433370.25, 436122.25 ], [ 433370.25, 436122.5 ], [ 433369.75, 436122.5 ], [ 433369.75, 436122.75 ], [ 433369.5, 436122.75 ], [ 433369.5, 436123.0 ], [ 433369.0, 436123.0 ], [ 433369.0, 436123.25 ], [ 433368.5, 436123.25 ], [ 433368.5, 436123.5 ], [ 433367.75, 436123.5 ], [ 433367.75, 436123.75 ], [ 433367.25, 436123.75 ], [ 433367.25, 436124.0 ], [ 433366.5, 436124.0 ], [ 433366.5, 436124.25 ], [ 433365.25, 436124.25 ] ] ] } }
]
}
