{
"type": "FeatureCollection",
"name": "se3038_rgb_250_03_osm_road_buffers",
"crs": { "type": "name", "properties": { "name": "urn:ogc:def:crs:EPSG::27700" } },
"features": [
{ "type": "Feature", "properties": { "highway": "tertiary", "lanes": "2", "lit": "yes", "maxspeed": "30 mph", "name": "Street Lane", "surface": "asphalt", "osm_type": "way", "osm_id": 6009220, "junction": null, "ref": null, "sidewalk": null, "oneway": null, "turn:lanes": null, "source": null, "maxspeed:type": null, "postal_code": null, "source_ref": null, "source:name": null, "motor_vehicle": null, "busway:right": null, "cycleway:right": null, "lanes:forward": null, "cycleway:both": null, "sidewalk:both": null, "lanes:backward": null, "turn:lanes:forward": null, "sidewalk:left": null, "sidewalk:right": null, "turn:lanes:backward": null }, "geometry": { "type": "Polygon", "coordinates": [ [ [ 432721.173550770210568, 438438.357259467476979 ], [ 432718.97639605763834, 438467.252955579082482 ], [ 432718.964356376440264, 438467.446848799183499 ], [ 432717.923545747820754, 438489.051479093031958 ], [ 432713.43786353606265, 438514.566892392002046 ], [ 432705.183892844303045, 438551.14064457413042 ], [ 432705.166303855134174, 438551.220765482401475 ], [ 432702.72819615987828, 438562.645997336483561 ], [ 432701.100552540679928, 438566.911825899267569 ], [ 432698.793428662756924, 438571.236974856350571 ], [ 432692.055470703344326, 438578.62617064488586 ], [ 432675.645727779367007, 438592.299464508250821 ], [ 432675.581671793421265, 438592.35349155170843 ], [ 432664.877941632119473, 438601.491592308157124 ], [ 432621.816210663528182, 438638.266158862563316 ], [ 432603.403347350540571, 438653.538015672995243 ], [ 432603.20724741066806, 438653.706878190510906 ], [ 432574.459276594803669, 438679.402440506848507 ], [ 432559.358398787851911, 438692.819794398674276 ], [ 432542.806022919772658, 438703.424581174680497 ], [ 432511.43967751134187, 438722.098103675351012 ], [ 432489.78716180549236, 438733.622887840552721 ], [ 432464.788003816502169, 438746.180478798982222 ], [ 432453.338949903787579, 438751.789716002182104 ], [ 432438.386210269469302, 438759.070368255313952 ], [ 432408.142209462763276, 438773.829964405158535 ], [ 432392.280244988389313, 438781.166242063394748 ], [ 432392.227049525186885, 438781.191116756468546 ], [ 432371.584945040754974, 438790.949282262590714 ], [ 432343.777254053158686, 438803.807498657843098 ], [ 432318.192834729212336, 438813.620475806063041 ], [ 432307.130355421686545, 438817.264031454687938 ], [ 432265.447415245522279, 438829.245710946968757 ], [ 432232.202994512335863, 438838.030776374333072 ], [ 432230.009487614210229, 438838.607742940599564 ], [ 432214.120167567045428, 438840.054663256218191 ], [ 432201.679543746984564, 438841.179737655736972 ], [ 432175.650965841196012, 438843.380211432930082 ], [ 432167.549483439594042, 438843.218122699181549 ], [ 432167.530489234835841, 438843.217768460686784 ], [ 432093.998115974478424, 438841.946215993375517 ], [ 432028.497540614043828, 438840.064314361545257 ], [ 431963.62468016758794, 438837.582722058228683 ], [ 431921.734034987865016, 438833.060113780782558 ], [ 431880.219273114984389, 438828.582717218319885 ], [ 431879.891214769217186, 438828.555122483929154 ], [ 431840.107025231700391, 438826.149226173525676 ], [ 431830.080527724872809, 438824.894662343431264 ], [ 431803.867053721216507, 438821.62324715469731 ], [ 431803.557251520396676, 438821.591565117938444 ], [ 431650.3589987916057, 438809.361124766583089 ], [ 431645.724565037817229, 438808.989859141758643 ], [ 431574.783718256803695, 438801.941719533584546 ], [ 431574.763761407986749, 438801.939765636168886 ], [ 431539.760509417741559, 438798.563342333363835 ], [ 431500.98347118293168, 438793.806786762666889 ], [ 431476.727356962044723, 438790.827209535695147 ], [ 431471.468903871893417, 438790.055567781615537 ], [ 431455.068151958636008, 438787.340786112297792 ], [ 431411.479008958733175, 438780.127686402352992 ], [ 431411.331317716860212, 438780.104863513435703 ], [ 431404.990993333340157, 438779.194272639229894 ], [ 431350.226259091927204, 438768.715244468592573 ], [ 431314.241758593532722, 438760.18235159444157 ], [ 431279.908515035116579, 438750.14752612641314 ], [ 431236.593548888165969, 438736.237262208713219 ], [ 431191.244211352197453, 438721.522216568293516 ], [ 431172.211163188156206, 438714.826174483401701 ], [ 431152.585134338005446, 438707.90917144814739 ], [ 431152.470061607367825, 438707.869735826097894 ], [ 431120.596630715008359, 438697.255214710196014 ], [ 431109.633759240212385, 438693.598947733175009 ], [ 431081.151623664656654, 438683.153034578834195 ], [ 431080.94705971487565, 438683.081582243670709 ], [ 431040.871305177803151, 438669.775768746156245 ], [ 430903.348271310562268, 438624.127310686453711 ], [ 430903.094767566828523, 438624.048468775465153 ], [ 430887.044176633644383, 438619.388501519570127 ], [ 430848.87114409788046, 438606.500199543545023 ], [ 430844.39271347632166, 438619.764575110049918 ], [ 430882.708523985231295, 438632.701082992483862 ], [ 430882.996022245963104, 438632.791305532678962 ], [ 430899.063833923311904, 438637.456272486364469 ], [ 431036.460115457652137, 438683.062657220230903 ], [ 431076.432785451062955, 438696.334244943864178 ], [ 431104.910491074086167, 438706.77853339916328 ], [ 431105.106102852209006, 438706.847006765659899 ], [ 431116.168759315274656, 438710.536553395562805 ], [ 431147.988899429677986, 438721.133328289783094 ], [ 431167.559410378162283, 438728.030764580413233 ], [ 431186.678974609472789, 438734.757245160173625 ], [ 431186.841596977144945, 438734.812226162350271 ], [ 431232.282652221387252, 438749.557032552023884 ], [ 431232.302800888661295, 438749.563536769710481 ], [ 431275.715766165812965, 438763.505272344569676 ], [ 431275.892320133978501, 438763.559412855189294 ], [ 431310.487348888884299, 438773.67075217643287 ], [ 431310.836027955869213, 438773.762982703279704 ], [ 431347.145126699528191, 438782.372846551472321 ], [ 431347.4446710855118, 438782.43698778480757 ], [ 431402.519474217086099, 438792.975346484105103 ], [ 431402.839908878842834, 438793.028984010627028 ], [ 431409.267105695034843, 438793.952051414351445 ], [ 431452.78203416778706, 438801.152870150399394 ], [ 431469.245943925518077, 438803.878106203686912 ], [ 431469.372766594518907, 438803.897906018595677 ], [ 431474.776025503175333, 438804.690797028655652 ], [ 431474.938890600285958, 438804.712746641249396 ], [ 431499.277161373116542, 438807.702415830572136 ], [ 431538.145937836321536, 438812.470224504009821 ], [ 431538.326097261102404, 438812.489959828846622 ], [ 431573.409576899139211, 438815.874121912638657 ], [ 431644.406928809010424, 438822.927875437948387 ], [ 431644.540007090661675, 438822.939815628225915 ], [ 431649.241994345327839, 438823.316492980578914 ], [ 431802.287865762948059, 438835.534768375742715 ], [ 431828.343448241299484, 438838.786478500056546 ], [ 431838.591444634424988, 438840.068757341359742 ], [ 431839.037997679610271, 438840.110154243360739 ], [ 431878.881773407687433, 438842.519653949944768 ], [ 431920.231679768359754, 438846.979270685638767 ], [ 431962.363225304696243, 438851.527887107455172 ], [ 431962.84701835073065, 438851.563213420158718 ], [ 432027.995653355319519, 438854.055354973475914 ], [ 432028.062195281905588, 438854.057583553076256 ], [ 432093.636044495040551, 438855.941590421076398 ], [ 432093.716050204064231, 438855.943431431718636 ], [ 432167.278934233938344, 438857.215511503978632 ], [ 432175.736385021416936, 438857.384722201619297 ], [ 432176.466089327179361, 438857.361241152160801 ], [ 432202.879308761446737, 438855.128249517059885 ], [ 432202.920103240991011, 438855.124680516077206 ], [ 432215.383286430558655, 438853.997565948055126 ], [ 432231.860435786831658, 438852.497117817692924 ], [ 432232.437556404736824, 438852.420250998518895 ], [ 432233.006293013866525, 438852.29569023050135 ], [ 432235.768200586608145, 438851.569215045950841 ], [ 432235.775940613704734, 438851.56717442459194 ], [ 432269.097157531999983, 438842.761815080360975 ], [ 432269.242578878183849, 438842.721705259173177 ], [ 432311.126761193096172, 438830.682179108378477 ], [ 432311.382746107876301, 438830.603263778903056 ], [ 432322.732314683613367, 438826.865151955687907 ], [ 432323.049303641601, 438826.752232515194919 ], [ 432349.009457854612265, 438816.795141176495235 ], [ 432349.440562733565457, 438816.613034554524347 ], [ 432377.487698764132801, 438803.644099287339486 ], [ 432377.541468214360066, 438803.618959152430762 ], [ 432398.183858567732386, 438793.86065850709565 ], [ 432414.085280202270951, 438786.506131616071798 ], [ 432414.216843809990678, 438786.443612668954302 ], [ 432444.517863442597445, 438771.656187225715257 ], [ 432459.475460712274071, 438764.373169736878481 ], [ 432459.490793720935471, 438764.365680793998763 ], [ 432470.978761115984526, 438758.737378700869158 ], [ 432471.041110407561064, 438758.706446587922983 ], [ 432496.145241818972863, 438746.09612532146275 ], [ 432496.292096129618585, 438746.020172388060018 ], [ 432518.16549153852975, 438734.377822627313435 ], [ 432518.45735799963586, 438734.213392876670696 ], [ 432550.066358380368911, 438715.395409074379131 ], [ 432550.261756891675759, 438715.27469604939688 ], [ 432567.373404469806701, 438704.311594715924002 ], [ 432567.822973911417648, 438703.998080758727156 ], [ 432568.246636349940673, 438703.650354109704494 ], [ 432583.765922279446386, 438689.861238395562395 ], [ 432583.781379957683384, 438689.847463056677952 ], [ 432612.440580415888689, 438664.231245619012043 ], [ 432630.79259919229662, 438649.009854020609055 ], [ 432630.86966527660843, 438648.944992892444134 ], [ 432673.968467554368544, 438612.138767461525276 ], [ 432684.639921957568731, 438603.028221503773239 ], [ 432701.385834625922143, 438589.074816749955062 ], [ 432702.077261885337066, 438588.413591033429839 ], [ 432709.729288457718212, 438580.021979975164868 ], [ 432710.102945011865813, 438579.576356398349162 ], [ 432710.43832229974214, 438579.101254654116929 ], [ 432710.733105536433868, 438578.59995391004486 ], [ 432713.660084713832475, 438573.112766569189262 ], [ 432714.023942589818034, 438572.31363145285286 ], [ 432716.001259166165255, 438567.131358484970406 ], [ 432716.174095642869361, 438566.619998316338751 ], [ 432716.307015922036953, 438566.096840721438639 ], [ 432718.849466515530366, 438554.18264695367543 ], [ 432727.131350808020215, 438517.4852082268917 ], [ 432727.197349915513769, 438517.15623507933924 ], [ 432731.788478535076138, 438491.041022563760635 ], [ 432731.886098289221991, 438490.165826860524248 ], [ 432732.943464088661131, 438468.217552550428081 ], [ 432735.13883846916724, 438439.345270326593891 ], [ 432735.148461363161914, 438439.198270699183922 ], [ 432738.556352447601967, 438377.125087191758212 ], [ 432724.577403848408721, 438376.357626404205803 ], [ 432721.173550770210568, 438438.357259467476979 ] ] ] } },
{ "type": "Feature", "properties": { "highway": "secondary", "lanes": "2", "lit": "yes", "maxspeed": null, "name": null, "surface": "asphalt", "osm_type": "way", "osm_id": 6013836, "junction": "roundabout", "ref": "B6157", "sidewalk": "left", "oneway": null, "turn:lanes": null, "source": null, "maxspeed:type": null, "postal_code": null, "source_ref": null, "source:name": null, "motor_vehicle": null, "busway:right": null, "cycleway:right": null, "lanes:forward": null, "cycleway:both": null, "sidewalk:both": null, "lanes:backward": null, "turn:lanes:forward": null, "sidewalk:left": null, "sidewalk:right": null, "turn:lanes:backward": null }, "geometry": { "type": "Polygon", "coordinates": [ [ [ 430028.990630600485019, 438656.687726048869081 ], [ 430029.612916053738445, 438656.369217453990132 ], [ 430030.205020146677271, 438655.997599836846348 ], [ 430030.762421730672941, 438655.575710770266596 ], [ 430035.002672060742043, 438652.064669541141484 ], [ 430035.575072983221617, 438651.541947811143473 ], [ 430036.094196863647085, 438650.966281918634195 ], [ 430036.555169771017972, 438650.343076654127799 ], [ 430040.229174298932776, 438644.836778668803163 ], [ 430040.662025855155662, 438644.10698352282634 ], [ 430041.015147281636018, 438643.335448246274609 ], [ 430041.284566175192595, 438642.530852145981044 ], [ 430043.049373179790564, 438636.155586527194828 ], [ 430043.23206504737027, 438635.326942698447965 ], [ 430043.325960332120303, 438634.483609674731269 ], [ 430043.330002672737464, 438633.635075307218358 ], [ 430043.010468553809915, 438627.023924514069222 ], [ 430042.929116006707773, 438626.20902542892145 ], [ 430042.764878886926454, 438625.406713192642201 ], [ 430042.519478293717839, 438624.625395520532038 ], [ 430040.378447888651863, 438618.859308578248601 ], [ 430040.069646423798986, 438618.138161310809664 ], [ 430039.691698831564281, 438617.450725973059889 ], [ 430039.248239383567125, 438616.803612811374478 ], [ 430036.155394631437957, 438612.73377332626842 ], [ 430036.139920406101737, 438612.713478249206673 ], [ 430035.506960921688005, 438611.886066686885897 ], [ 430035.00264169491129, 438611.289577029703651 ], [ 430034.442555111425463, 438610.745113245153334 ], [ 430033.832040702458471, 438610.257865925901569 ], [ 430028.834579185058828, 438606.654264868819155 ], [ 430028.175810637068935, 438606.226758201781195 ], [ 430027.478300245187711, 438605.865901993005536 ], [ 430026.748769589583389, 438605.575173644290771 ], [ 430020.92507958546048, 438603.579619545314927 ], [ 430020.210140377108473, 438603.371274854580406 ], [ 430019.478925861069001, 438603.23031062760856 ], [ 430018.737771846354008, 438603.157948287611362 ], [ 430013.225513113080524, 438602.877866744587664 ], [ 430012.527647953829728, 438602.872887055040337 ], [ 430011.832004183088429, 438602.928746897203382 ], [ 430011.143875656125601, 438603.045021177327726 ], [ 430005.747442784660961, 438604.200997840322088 ], [ 430005.064390316721983, 438604.379165931895841 ], [ 430004.399702927330509, 438604.616853157291189 ], [ 430003.758555878011975, 438604.912208881694824 ], [ 429998.85342621745076, 438607.439888155320659 ], [ 429998.243508864019532, 438607.788906960107852 ], [ 429997.666572684596758, 438608.190102609340101 ], [ 429997.127069222275168, 438608.640379544347525 ], [ 429993.056602984433994, 438612.352808041963726 ], [ 429992.570080390258227, 438612.836336268053856 ], [ 429992.126766527770087, 438613.359764008433558 ], [ 429991.729920472716913, 438613.919243220472708 ], [ 429988.892177667352371, 438618.307150171953253 ], [ 429988.553920356498566, 438618.881293100886978 ], [ 429988.264619477849919, 438619.481595618650317 ], [ 429988.026282319042366, 438620.103892581479158 ], [ 429986.362755143432878, 438625.055637013923842 ], [ 429986.175598297442775, 438625.701472886605188 ], [ 429986.043337684008293, 438626.360744294768665 ], [ 429985.966907665773761, 438627.028793777804822 ], [ 429985.591370416630525, 438632.244688791455701 ], [ 429985.571937540837098, 438632.959017265122384 ], [ 429985.616325265029445, 438633.672230090945959 ], [ 429985.724179428827483, 438634.378636690787971 ], [ 429986.884378256392665, 438640.216313400305808 ], [ 429987.069074092549272, 438640.95821575820446 ], [ 429987.323747869115323, 438641.679099194065202 ], [ 429987.646073572163004, 438642.37237965798704 ], [ 429990.415347176487558, 438647.652906480885576 ], [ 429990.80025688954629, 438648.308998482942116 ], [ 429991.245739443867933, 438648.925567616184708 ], [ 429991.747767313907389, 438649.497039592824876 ], [ 429995.8920198592823, 438653.784989969921298 ], [ 429996.447394760733005, 438654.30734388838755 ], [ 429997.049973039422184, 438654.774456632090732 ], [ 429997.69428163790144, 438655.18208554078592 ], [ 430002.886735794949345, 438658.130451534001622 ], [ 430003.562944659672212, 438658.473111313127447 ], [ 430004.268551249639131, 438658.750227702315897 ], [ 430004.997219723125454, 438658.959312394901644 ], [ 430010.805114890506957, 438660.331671154301148 ], [ 430011.607480165315792, 438660.478533526009414 ], [ 430012.420629547326826, 438660.542928191134706 ], [ 430014.992930658801924, 438660.615032454370521 ], [ 430015.768894990440458, 438660.599120385071728 ], [ 430016.539665691612754, 438660.508090916264337 ], [ 430021.973964178701863, 438659.597147758875508 ], [ 430022.660411588614807, 438659.450861963559873 ], [ 430023.331395504996181, 438659.24497324496042 ], [ 430023.981751348008402, 438658.981066333479248 ], [ 430028.990630600485019, 438656.687726048869081 ] ], [ [ 430021.370689084753394, 438642.579236726276577 ], [ 430018.284134247805923, 438643.992431213788223 ], [ 430014.662677701155189, 438644.599490444874391 ], [ 430013.687519625935238, 438644.572155754431151 ], [ 430009.791140489280224, 438643.651472807512619 ], [ 430006.596315584203694, 438641.837395529320929 ], [ 430004.051277785503771, 438639.204111078346614 ], [ 430002.352268911257852, 438635.964394381968305 ], [ 430001.627525865915231, 438632.31776460132096 ], [ 430001.852758772321977, 438629.189469882345293 ], [ 430002.873198172601406, 438626.151975098298863 ], [ 430004.603105684334878, 438623.477076872251928 ], [ 430007.125305149878841, 438621.176729780447204 ], [ 430010.140597299556248, 438619.622909188910853 ], [ 430013.465411288605537, 438618.910696608538274 ], [ 430016.802552669832949, 438619.080258988076821 ], [ 430020.439266771660186, 438620.326420739060268 ], [ 430023.514938343083486, 438622.544245386088733 ], [ 430025.791839983488899, 438625.540394544077571 ], [ 430027.088925014832057, 438629.033621470967773 ], [ 430027.286658173194155, 438633.124714250094257 ], [ 430026.207094578945544, 438637.024576755065937 ], [ 430023.896067357447464, 438640.488155647472013 ], [ 430021.370689084753394, 438642.579236726276577 ] ] ] } },
{ "type": "Feature", "properties": { "highway": "secondary_link", "lanes": "1", "lit": null, "maxspeed": null, "name": null, "surface": "asphalt", "osm_type": "way", "osm_id": 6013838, "junction": null, "ref": "B6157", "sidewalk": "no", "oneway": "yes", "turn:lanes": null, "source": null, "maxspeed:type": null, "postal_code": null, "source_ref": null, "source:name": null, "motor_vehicle": null, "busway:right": null, "cycleway:right": null, "lanes:forward": null, "cycleway:both": null, "sidewalk:both": null, "lanes:backward": null, "turn:lanes:forward": null, "sidewalk:left": null, "sidewalk:right": null, "turn:lanes:backward": null }, "geometry": { "type": "Polygon", "coordinates": [ [ [ 429993.883710942231119, 438581.143361663154792 ], [ 429993.480217055650428, 438581.493230415973812 ], [ 429993.109432249388192, 438581.877592339413241 ], [ 429992.774294122296851, 438582.293402267736383 ], [ 429992.477457857108675, 438582.737365883775055 ], [ 429992.221275184012484, 438583.205965818371624 ], [ 429989.98113419150468, 438587.775720535428263 ], [ 430000.756122149410658, 438593.057730996166356 ], [ 430002.398477994312998, 438589.707422513631172 ], [ 430004.971293611859437, 438587.669862167735118 ], [ 429997.521177170390729, 438578.262643396563362 ], [ 429993.883710942231119, 438581.143361663154792 ] ] ] } },
{ "type": "Feature", "properties": { "highway": "secondary", "lanes": "1", "lit": "yes", "maxspeed": null, "name": null, "surface": "asphalt", "osm_type": "way", "osm_id": 6013839, "junction": null, "ref": "B6157", "sidewalk": "no", "oneway": "yes", "turn:lanes": null, "source": null, "maxspeed:type": null, "postal_code": null, "source_ref": null, "source:name": null, "motor_vehicle": null, "busway:right": null, "cycleway:right": null, "lanes:forward": null, "cycleway:both": null, "sidewalk:both": null, "lanes:backward": null, "turn:lanes:forward": null, "sidewalk:left": null, "sidewalk:right": null, "turn:lanes:backward": null }, "geometry": { "type": "Polygon", "coordinates": [ [ [ 430015.029831290827133, 438591.272248344437685 ], [ 430014.054325752251316, 438588.421073741163127 ], [ 430013.815081507549621, 438587.805927781271748 ], [ 430013.525942712265532, 438587.212597251404077 ], [ 430013.188877508684527, 438586.645120900182519 ], [ 430007.950014708796516, 438578.600552052666899 ], [ 429994.54245607345365, 438587.331953511631582 ], [ 429999.238106172648259, 438594.542388667003252 ], [ 430000.304593773558736, 438597.659482565824874 ], [ 430000.619334620656446, 438598.442036934604403 ], [ 430001.014719645259902, 438599.18710325594293 ], [ 430001.486353567335755, 438599.886399033479393 ], [ 430004.285422833869234, 438603.598296603420749 ], [ 430017.06035836879164, 438593.964967891108245 ], [ 430015.029831290827133, 438591.272248344437685 ] ] ] } },
{ "type": "Feature", "properties": { "highway": "secondary", "lanes": "1", "lit": "yes", "maxspeed": null, "name": "Stonegate Road", "surface": "asphalt", "osm_type": "way", "osm_id": 6013840, "junction": null, "ref": null, "sidewalk": null, "oneway": "yes", "turn:lanes": null, "source": null, "maxspeed:type": null, "postal_code": null, "source_ref": null, "source:name": null, "motor_vehicle": null, "busway:right": null, "cycleway:right": null, "lanes:forward": null, "cycleway:both": null, "sidewalk:both": null, "lanes:backward": null, "turn:lanes:forward": null, "sidewalk:left": null, "sidewalk:right": null, "turn:lanes:backward": null }, "geometry": { "type": "Polygon", "coordinates": [ [ [ 430040.655250482494012, 438651.892130237421952 ], [ 430049.065087511087768, 438651.499957558931783 ], [ 430058.25720226764679, 438652.517381424841005 ], [ 430058.971613772155251, 438652.564223879599012 ], [ 430059.687352286477108, 438652.547007826040499 ], [ 430067.81062492338242, 438651.987157840514556 ], [ 430066.710526236740407, 438636.025021928362548 ], [ 430059.303658286749851, 438636.535497828910593 ], [ 430050.200477181118913, 438635.527917532308493 ], [ 430049.574880981934257, 438635.483408395026345 ], [ 430048.947720567695796, 438635.488043328688946 ], [ 430039.298601197544485, 438635.938006981450599 ], [ 430038.690130515780766, 438635.989713772491086 ], [ 430038.087376585404854, 438636.087682452169247 ], [ 430028.316638412303291, 438638.061208600294776 ], [ 430031.484399512410164, 438653.744489175849594 ], [ 430040.655250482494012, 438651.892130237421952 ] ] ] } },
{ "type": "Feature", "properties": { "highway": "secondary", "lanes": "2", "lit": "yes", "maxspeed": null, "name": "Stonegate Road", "surface": "asphalt", "osm_type": "way", "osm_id": 6013841, "junction": null, "ref": null, "sidewalk": null, "oneway": "yes", "turn:lanes": "slight_left|through;right", "source": null, "maxspeed:type": null, "postal_code": null, "source_ref": null, "source:name": null, "motor_vehicle": null, "busway:right": null, "cycleway:right": null, "lanes:forward": null, "cycleway:both": null, "sidewalk:both": null, "lanes:backward": null, "turn:lanes:forward": null, "sidewalk:left": null, "sidewalk:right": null, "turn:lanes:backward": null }, "geometry": { "type": "Polygon", "coordinates": [ [ [ 430062.688479584525339, 438633.688740115961991 ], [ 430053.313155904354062, 438629.973664677003399 ], [ 430044.782900625781622, 438626.600103308272082 ], [ 430041.148470399377402, 438622.268213185074273 ], [ 430028.8911223525065, 438632.552055796550121 ], [ 430033.827883936290164, 438638.436199228453916 ], [ 430034.367395615612622, 438639.018023574899416 ], [ 430034.961890017730184, 438639.543541251216084 ], [ 430035.605518874363042, 438640.00758253945969 ], [ 430036.291950562794227, 438640.405582488456275 ], [ 430037.014432392606977, 438640.7336258207215 ], [ 430047.421386629634071, 438644.84938523353776 ], [ 430056.837214334693272, 438648.580510839237832 ], [ 430056.923427935224026, 438648.614098395803012 ], [ 430064.399651712214109, 438651.477041271165945 ], [ 430070.121499447908718, 438636.535138497711159 ], [ 430062.688479584525339, 438633.688740115961991 ] ] ] } },
{ "type": "Feature", "properties": { "highway": "tertiary", "lanes": "2", "lit": "yes", "maxspeed": "30 mph", "name": "Street Lane", "surface": "asphalt", "osm_type": "way", "osm_id": 22819054, "junction": null, "ref": null, "sidewalk": null, "oneway": null, "turn:lanes": null, "source": "npe", "maxspeed:type": null, "postal_code": null, "source_ref": null, "source:name": null, "motor_vehicle": null, "busway:right": null, "cycleway:right": null, "lanes:forward": null, "cycleway:both": null, "sidewalk:both": null, "lanes:backward": null, "turn:lanes:forward": null, "sidewalk:left": null, "sidewalk:right": null, "turn:lanes:backward": null }, "geometry": { "type": "Polygon", "coordinates": [ [ [ 430763.27025057352148, 438579.146577863954008 ], [ 430711.654267106147017, 438568.193164401571266 ], [ 430711.345499139686581, 438568.134850617498159 ], [ 430678.90798235317925, 438562.759740489302203 ], [ 430678.56000682816375, 438562.711017542635091 ], [ 430608.07417902542511, 438554.639684364316054 ], [ 430607.872674852318596, 438554.619558473757934 ], [ 430528.909315846627578, 438547.884870746929664 ], [ 430528.751605303201359, 438547.87321261735633 ], [ 430470.008583202958107, 438544.197526185889728 ], [ 430469.67305775731802, 438544.184600505745038 ], [ 430434.999152002332266, 438543.681152901961468 ], [ 430434.728632785845548, 438543.682452960230876 ], [ 430413.299009180511348, 438544.19964971364243 ], [ 430396.509254220407456, 438544.580144799896516 ], [ 430395.888783007045276, 438544.621836270496715 ], [ 430391.944434361008462, 438545.063567905861419 ], [ 430393.502568065363448, 438558.976591278158594 ], [ 430397.137607972661499, 438558.569499444507528 ], [ 430413.621349483611993, 438558.195939338183962 ], [ 430413.63164730736753, 438558.195698384719435 ], [ 430434.931172666372731, 438557.681641508708708 ], [ 430469.301888477872126, 438558.180686947598588 ], [ 430527.798381785163656, 438561.840947503689677 ], [ 430606.582053706166334, 438568.560309940134175 ], [ 430676.792675620061345, 438576.600129288097378 ], [ 430708.901777690742165, 438581.920818935323041 ], [ 430760.36203476350056, 438592.841185608063824 ], [ 430781.171409787610173, 438597.261365339392796 ], [ 430784.080291127902456, 438583.56689896248281 ], [ 430763.27025057352148, 438579.146577863954008 ] ] ] } },
{ "type": "Feature", "properties": { "highway": "residential", "lanes": null, "lit": null, "maxspeed": null, "name": "Broomhill Drive", "surface": null, "osm_type": "way", "osm_id": 22819056, "junction": null, "ref": null, "sidewalk": null, "oneway": null, "turn:lanes": null, "source": "npe;Bing", "maxspeed:type": null, "postal_code": null, "source_ref": null, "source:name": null, "motor_vehicle": null, "busway:right": null, "cycleway:right": null, "lanes:forward": null, "cycleway:both": null, "sidewalk:both": null, "lanes:backward": null, "turn:lanes:forward": null, "sidewalk:left": null, "sidewalk:right": null, "turn:lanes:backward": null }, "geometry": { "type": "Polygon", "coordinates": [ [ [ 430284.631465129787102, 438353.41249079676345 ], [ 430293.669764372461941, 438351.234899060858879 ], [ 430352.299261746054981, 438344.566045020765159 ], [ 430400.03745816135779, 438341.346243350475561 ], [ 430437.242995132924989, 438338.952829339948948 ], [ 430525.842188017151784, 438339.617829852504656 ], [ 430526.341561389912385, 438339.596594835165888 ], [ 430537.100463523296639, 438338.598537124926224 ], [ 430537.582776160445064, 438338.529960304091219 ], [ 430538.056125778064597, 438338.41477176360786 ], [ 430538.516018806432839, 438338.254065003362484 ], [ 430538.958089421095792, 438338.049365633516572 ], [ 430539.378140988002997, 438337.802616891975049 ], [ 430546.44275941682281, 438333.175541385600809 ], [ 430546.822272780817002, 438332.900728236243594 ], [ 430547.174394432804547, 438332.591595574223902 ], [ 430547.496032002964057, 438332.250858235580381 ], [ 430547.78436083602719, 438331.881508611899335 ], [ 430548.036848797404673, 438331.486790370778181 ], [ 430550.339753860840574, 438327.485151608474553 ], [ 430550.588616496592294, 438326.991428671695758 ], [ 430550.781445549800992, 438326.473247326910496 ], [ 430550.915883145702537, 438325.936943791049998 ], [ 430552.489193000306841, 438317.769261441833805 ], [ 430542.669709055393469, 438315.877771274012048 ], [ 430541.254805968259461, 438323.223100572475232 ], [ 430539.965068709279876, 438325.464210156467743 ], [ 430534.938992779934779, 438328.756112339149695 ], [ 430525.667025037982967, 438329.616233453678433 ], [ 430437.138611842936371, 438328.951764193479903 ], [ 430436.780100232339464, 438328.96193707518978 ], [ 430399.387745789717883, 438331.36736896232469 ], [ 430399.372258952294942, 438331.368389361130539 ], [ 430351.511775336170103, 438334.596438945329282 ], [ 430351.283161493658554, 438334.617139532056171 ], [ 430292.233268760843202, 438341.333811742428225 ], [ 430291.627217669622041, 438341.44086757756304 ], [ 430281.912595578411128, 438343.781405350775458 ], [ 430281.540621934924275, 438343.886390815547202 ], [ 430281.177869070554152, 438344.019795083382633 ], [ 430234.042202140786685, 438363.453804799530189 ], [ 430237.853926859097555, 438372.698844262456987 ], [ 430284.631465129787102, 438353.41249079676345 ] ] ] } },
{ "type": "Feature", "properties": { "highway": "residential", "lanes": null, "lit": null, "maxspeed": null, "name": "Falkland Mount", "surface": null, "osm_type": "way", "osm_id": 22819057, "junction": null, "ref": null, "sidewalk": null, "oneway": null, "turn:lanes": null, "source": "npe;Bing", "maxspeed:type": null, "postal_code": null, "source_ref": null, "source:name": null, "motor_vehicle": null, "busway:right": null, "cycleway:right": null, "lanes:forward": null, "cycleway:both": null, "sidewalk:both": null, "lanes:backward": null, "turn:lanes:forward": null, "sidewalk:left": null, "sidewalk:right": null, "turn:lanes:backward": null }, "geometry": { "type": "Polygon", "coordinates": [ [ [ 430354.145074142317753, 438295.140576433390379 ], [ 430356.563828876125626, 438278.10863846418215 ], [ 430360.371340679586865, 438266.400182347628288 ], [ 430365.09481423458783, 438253.392929923080374 ], [ 430373.681067761848681, 438239.118721974489745 ], [ 430385.467250780726317, 438226.096356788708363 ], [ 430419.402718713798095, 438199.978333094448317 ], [ 430419.729669258173089, 438199.703692419105209 ], [ 430429.394799726607744, 438190.854141113930382 ], [ 430429.873134827823378, 438190.350795406324323 ], [ 430439.828901881002821, 438178.298736798635218 ], [ 430440.119096899812575, 438177.910554968519136 ], [ 430440.370345332717989, 438177.496100499178283 ], [ 430440.580286466807593, 438177.05926757643465 ], [ 430440.746947709587403, 438176.604160652379505 ], [ 430440.868763123406097, 438176.13505588035332 ], [ 430443.246014379139524, 438164.734766624111217 ], [ 430443.321847175364383, 438164.256000319088344 ], [ 430443.350963234377559, 438163.772140790999401 ], [ 430443.574933202238753, 438144.48131590540288 ], [ 430443.689696903631557, 438134.914288722036872 ], [ 430443.690054403792601, 438134.849617125233635 ], [ 430443.655450996709988, 438098.015111113898456 ], [ 430444.433733535930514, 438092.449691591842566 ], [ 430445.838069793477189, 438088.942256659851409 ], [ 430448.015527167182881, 438085.794393412128557 ], [ 430448.019281252520159, 438085.788958611316048 ], [ 430451.786047114175744, 438080.328090132563375 ], [ 430443.554376975400373, 438074.650096937199123 ], [ 430439.789486364868935, 438080.108246770803817 ], [ 430437.293546453292947, 438083.716527516546194 ], [ 430437.001033114793245, 438084.194622325710952 ], [ 430436.763865917630028, 438084.702451450866647 ], [ 430434.924321788945235, 438089.296850620652549 ], [ 430434.733993779984303, 438089.87048035254702 ], [ 430434.614267589640804, 438090.462883475120179 ], [ 430433.703308426833246, 438096.977060079574585 ], [ 430433.655126352154184, 438097.674231832730584 ], [ 430433.690028438111767, 438134.826674460200593 ], [ 430433.575641054194421, 438144.36233075655764 ], [ 430433.357284550671466, 438163.16962864191737 ], [ 430431.331736984255258, 438172.883296098851133 ], [ 430422.385078584135044, 438183.713767603971064 ], [ 430413.134239988343325, 438192.183986504445784 ], [ 430379.012068512442056, 438218.445704329118598 ], [ 430378.669687366345897, 438218.734533092589118 ], [ 430378.354529578355141, 438219.052845003257971 ], [ 430365.940253713692073, 438232.769179932714906 ], [ 430365.632627986022271, 438233.144123142468743 ], [ 430365.362775425950531, 438233.547106510144658 ], [ 430356.275897921877913, 438248.653576250886545 ], [ 430356.047291308466811, 438249.078848713659681 ], [ 430355.860768875805661, 438249.524187947681639 ], [ 430350.942959695705213, 438263.066591570095625 ], [ 430350.887773208261933, 438263.226990978233516 ], [ 430346.919679901795462, 438275.42925028654281 ], [ 430346.803682203229982, 438275.846638693881687 ], [ 430346.724249077145942, 438276.272501262195874 ], [ 430344.173157142533455, 438294.236306759703439 ], [ 430344.12749895604793, 438294.739084573520813 ], [ 430344.132773918856401, 438295.243903724127449 ], [ 430346.857532149995677, 438339.889691000804305 ], [ 430356.838960357476026, 438339.280518661718816 ], [ 430354.145074142317753, 438295.140576433390379 ] ] ] } },
{ "type": "Feature", "properties": { "highway": "residential", "lanes": null, "lit": null, "maxspeed": null, "name": "Falkland Crescent", "surface": null, "osm_type": "way", "osm_id": 22819058, "junction": null, "ref": null, "sidewalk": null, "oneway": null, "turn:lanes": null, "source": "npe;Bing", "maxspeed:type": null, "postal_code": null, "source_ref": null, "source:name": null, "motor_vehicle": null, "busway:right": null, "cycleway:right": null, "lanes:forward": null, "cycleway:both": null, "sidewalk:both": null, "lanes:backward": null, "turn:lanes:forward": null, "sidewalk:left": null, "sidewalk:right": null, "turn:lanes:backward": null }, "geometry": { "type": "Polygon", "coordinates": [ [ [ 430386.251855668204371, 438233.435380847542547 ], [ 430386.627299099985976, 438233.764676999533549 ], [ 430387.033718491264153, 438234.054878661467228 ], [ 430400.252949479036033, 438242.530411772662774 ], [ 430410.851340142835397, 438254.039956526597962 ], [ 430419.782931513036601, 438265.772458682535216 ], [ 430425.936226780817378, 438280.848445986805018 ], [ 430429.779958824452478, 438293.176245038572233 ], [ 430432.096244015381671, 438309.722063665161841 ], [ 430432.101084412250202, 438333.952622180629987 ], [ 430442.101084212714341, 438333.950624539225828 ], [ 430442.096174341801088, 438309.372285528399516 ], [ 430442.047888492874335, 438308.680083112849388 ], [ 430439.626712169265375, 438291.385000249079894 ], [ 430439.553758840542287, 438290.983809502562508 ], [ 430439.448356639419217, 438290.589897609839682 ], [ 430435.419449441600591, 438277.668196052953135 ], [ 430435.275347287941258, 438277.267059407779016 ], [ 430428.791386690863874, 438261.380919804680161 ], [ 430428.608058106794488, 438260.982626481098123 ], [ 430428.39054088195553, 438260.601925550960004 ], [ 430428.140507697302382, 438260.241744557686616 ], [ 430418.666353519831318, 438247.796534101304132 ], [ 430418.366100690269377, 438247.438204366946593 ], [ 430407.172496239363682, 438235.282274710014462 ], [ 430406.869879804144148, 438234.980596484558191 ], [ 430406.542610486038029, 438234.705857968830969 ], [ 430406.193078482931014, 438234.460065704130102 ], [ 430392.853117077960633, 438225.907126074365806 ], [ 430385.542205423815176, 438218.818387762177736 ], [ 430378.581066201208159, 438225.997701150132343 ], [ 430386.251855668204371, 438233.435380847542547 ] ] ] } },
{ "type": "Feature", "properties": { "highway": "unclassified", "lanes": null, "lit": null, "maxspeed": null, "name": "Falkland Rise", "surface": null, "osm_type": "way", "osm_id": 22819059, "junction": null, "ref": null, "sidewalk": null, "oneway": null, "turn:lanes": null, "source": "npe", "maxspeed:type": null, "postal_code": null, "source_ref": null, "source:name": null, "motor_vehicle": null, "busway:right": null, "cycleway:right": null, "lanes:forward": null, "cycleway:both": null, "sidewalk:both": null, "lanes:backward": null, "turn:lanes:forward": null, "sidewalk:left": null, "sidewalk:right": null, "turn:lanes:backward": null }, "geometry": { "type": "Polygon", "coordinates": [ [ [ 430451.436657833226491, 438203.526486275251955 ], [ 430484.786657366843428, 438247.080551225866657 ], [ 430485.005089079204481, 438247.346347707905807 ], [ 430494.333224788191728, 438257.932644431595691 ], [ 430494.812758039624896, 438258.407907896849792 ], [ 430505.668706467666198, 438267.802512202586513 ], [ 430506.001899745489936, 438268.06692601100076 ], [ 430506.356361246900633, 438268.302063133742195 ], [ 430506.729525628790725, 438268.506221813615412 ], [ 430520.541978385939728, 438275.316344538005069 ], [ 430528.828667010937352, 438281.902940884814598 ], [ 430539.105705585912801, 438298.993911812372971 ], [ 430542.667168997169938, 438317.755978288012557 ], [ 430552.491733058530372, 438315.891054427833296 ], [ 430548.763577371835709, 438296.25084006995894 ], [ 430548.66200767463306, 438295.820566939830314 ], [ 430548.522827564855106, 438295.400947747111786 ], [ 430548.347125160158612, 438294.995263097574934 ], [ 430548.136274111573584, 438294.606684656115249 ], [ 430536.932653987256344, 438275.974785550963134 ], [ 430536.685333638917655, 438275.602281929866876 ], [ 430536.405723925854545, 438275.253362582705449 ], [ 430536.096060901472811, 438274.93081783578964 ], [ 430535.758820957096759, 438274.637227096187416 ], [ 430526.344795406097546, 438267.154577619570773 ], [ 430525.909995924856048, 438266.845345943060238 ], [ 430525.444720908184536, 438266.58420617680531 ], [ 430511.727236428530887, 438259.820906825189013 ], [ 430501.612385869666468, 438251.067639504326507 ], [ 430492.621727119840216, 438240.864337983424775 ], [ 430459.376198823330924, 438197.446709228039254 ], [ 430439.943564835586585, 438172.074162089265883 ], [ 430432.004533035098575, 438178.154604019830003 ], [ 430451.436657833226491, 438203.526486275251955 ] ] ] } },
{ "type": "Feature", "properties": { "highway": "unclassified", "lanes": null, "lit": null, "maxspeed": null, "name": "Moorland Crescent", "surface": null, "osm_type": "way", "osm_id": 22819061, "junction": null, "ref": null, "sidewalk": null, "oneway": null, "turn:lanes": null, "source": "OS_OpenData_StreetView;Bing;npe", "maxspeed:type": null, "postal_code": null, "source_ref": null, "source:name": null, "motor_vehicle": null, "busway:right": null, "cycleway:right": null, "lanes:forward": null, "cycleway:both": null, "sidewalk:both": null, "lanes:backward": null, "turn:lanes:forward": null, "sidewalk:left": null, "sidewalk:right": null, "turn:lanes:backward": null }, "geometry": { "type": "Polygon", "coordinates": [ [ [ 430083.831257960817311, 438479.812553827301599 ], [ 430083.995947447780054, 438479.83002163504716 ], [ 430104.659104886115529, 438481.676162040210329 ], [ 430105.010809486731887, 438481.695129922067281 ], [ 430125.939936601091176, 438482.085508282238152 ], [ 430126.231322294916026, 438482.082450349116698 ], [ 430146.510110171046108, 438481.278211080352776 ], [ 430146.853052742197178, 438481.252775318396743 ], [ 430165.382738420157693, 438479.23571206087945 ], [ 430165.633952751290053, 438479.201902804430574 ], [ 430185.763882430910598, 438475.971309953485616 ], [ 430186.156974532990716, 438475.891935809399001 ], [ 430186.542441186553333, 438475.781314317777287 ], [ 430212.002961291291285, 438467.355736674217042 ], [ 430212.354938820702955, 438467.224391005816869 ], [ 430219.95522399013862, 438464.058076677436475 ], [ 430236.376973518403247, 438457.221311808913015 ], [ 430236.502703086938709, 438457.166934997600038 ], [ 430268.344665559416171, 438442.874688829586376 ], [ 430264.249749950424302, 438433.751549777982291 ], [ 430232.470279788482003, 438448.015746309072711 ], [ 430216.111215105687734, 438454.826413985691033 ], [ 430208.682792362815235, 438457.921129468653817 ], [ 430183.782371627923567, 438466.1613550176844 ], [ 430164.174537607526872, 438469.308158281142823 ], [ 430145.941921408928465, 438471.292883810820058 ], [ 430125.980690699303523, 438472.084529035782907 ], [ 430105.373487552278675, 438471.700155328842811 ], [ 430084.968337575381156, 438469.877066482964437 ], [ 430053.036720512551256, 438465.954442367772572 ], [ 430051.817440819111653, 438475.879831883008592 ], [ 430083.831257960817311, 438479.812553827301599 ] ] ] } },
{ "type": "Feature", "properties": { "highway": "unclassified", "lanes": null, "lit": null, "maxspeed": null, "name": "Moorland Rise", "surface": null, "osm_type": "way", "osm_id": 22819063, "junction": null, "ref": null, "sidewalk": null, "oneway": null, "turn:lanes": null, "source": "OS_OpenData_StreetView;Bing;npe", "maxspeed:type": null, "postal_code": null, "source_ref": null, "source:name": null, "motor_vehicle": null, "busway:right": null, "cycleway:right": null, "lanes:forward": null, "cycleway:both": null, "sidewalk:both": null, "lanes:backward": null, "turn:lanes:forward": null, "sidewalk:left": null, "sidewalk:right": null, "turn:lanes:backward": null }, "geometry": { "type": "Polygon", "coordinates": [ [ [ 430180.81744966795668, 438528.703049510950223 ], [ 430171.037456691032276, 438530.789131333585829 ], [ 430183.735332622483838, 438590.319460434024222 ], [ 430193.515325599408243, 438588.233378611388616 ], [ 430180.81744966795668, 438528.703049510950223 ] ] ] } },
{ "type": "Feature", "properties": { "highway": "tertiary", "lanes": "2", "lit": null, "maxspeed": "20 mph", "name": "Shadwell Lane", "surface": "asphalt", "osm_type": "way", "osm_id": 23005304, "junction": null, "ref": null, "sidewalk": null, "oneway": null, "turn:lanes": null, "source": "local_knowledge", "maxspeed:type": "GB:zone20", "postal_code": "LS17", "source_ref": "npe", "source:name": null, "motor_vehicle": null, "busway:right": null, "cycleway:right": null, "lanes:forward": null, "cycleway:both": null, "sidewalk:both": null, "lanes:backward": null, "turn:lanes:forward": null, "sidewalk:left": null, "sidewalk:right": null, "turn:lanes:backward": null }, "geometry": { "type": "Polygon", "coordinates": [ [ [ 431164.38239972415613, 439262.934740047785453 ], [ 431162.361804134212434, 439259.172585693362635 ], [ 431162.309386656677816, 439259.076789532788098 ], [ 431154.422975772002246, 439244.927112882258371 ], [ 431154.34186913666781, 439244.78550005867146 ], [ 431140.797035126248375, 439221.762624452996533 ], [ 431126.044196830771398, 439194.444271561107598 ], [ 431123.67488141549984, 439189.629220831207931 ], [ 431109.50803058774909, 439160.880850456363987 ], [ 431109.491167513129767, 439160.846863331680652 ], [ 431108.108161856187508, 439158.078318351123016 ], [ 431099.316188608761877, 439140.483857513172552 ], [ 431099.258795794041362, 439140.371545271889772 ], [ 431089.611057607398834, 439121.904353577934671 ], [ 431089.097757792798802, 439121.069882434618194 ], [ 431070.010215977148619, 439094.417798215930816 ], [ 431069.403523778833915, 439093.682203047501389 ], [ 431062.569388710020576, 439086.460328508226667 ], [ 431044.885414101125207, 439067.802479786565527 ], [ 431044.811050088086631, 439067.725214569247328 ], [ 431012.873827705974691, 439035.046733674360439 ], [ 431000.137573301966768, 439022.016296893823892 ], [ 430987.073567469546106, 439007.978382610890549 ], [ 430935.664893571170978, 438952.011978334921878 ], [ 430931.774393949657679, 438947.782634465140291 ], [ 430903.070076990232337, 438915.883785675105173 ], [ 430892.186457277624868, 438903.412534143601079 ], [ 430892.012726011977065, 438903.220735182170756 ], [ 430888.687708095705602, 438899.683589105668943 ], [ 430856.366668912756722, 438865.280690750747453 ], [ 430843.466679705772549, 438850.921415761869866 ], [ 430814.383534807595424, 438816.850362433295231 ], [ 430814.105928379227407, 438816.543953069951385 ], [ 430806.603686937189195, 438808.739496200461872 ], [ 430805.936971055867616, 438808.130024348269217 ], [ 430800.216423646197654, 438803.541707511642016 ], [ 430791.456871919101104, 438814.462799652130343 ], [ 430796.824358152749483, 438818.767934404546395 ], [ 430803.869615091185551, 438826.096997903136071 ], [ 430832.87605304986937, 438860.078188658866566 ], [ 430832.992882362508681, 438860.211595096159726 ], [ 430846.004274094593711, 438874.694874800625257 ], [ 430846.109840669902042, 438874.809781058400404 ], [ 430878.484993877005763, 438909.270279023970943 ], [ 430881.723444835981354, 438912.715335803222843 ], [ 430892.556977170519531, 438925.129193534899969 ], [ 430892.627593799028546, 438925.208879728976171 ], [ 430921.393176095094532, 438957.175812135625165 ], [ 430921.444794932729565, 438957.232547429972328 ], [ 430925.356174721790012, 438961.484587371232919 ], [ 430976.778548841888551, 439017.46590648725396 ], [ 430976.809445972088724, 439017.49932414694922 ], [ 430989.947382372803986, 439031.61668044741964 ], [ 430990.065758420561906, 439031.74079690896906 ], [ 431002.861559732875321, 439044.832155999087263 ], [ 431034.761170984827913, 439077.472152814618312 ], [ 431052.402575030107982, 439096.085083424055483 ], [ 431058.906362116744276, 439102.957867455494124 ], [ 431077.429746649344452, 439128.822214438812807 ], [ 431086.820901992789004, 439146.798268784303218 ], [ 431095.584088362404145, 439164.335121314390562 ], [ 431096.958417741057929, 439167.086297843430657 ], [ 431111.114181408658624, 439195.812166689895093 ], [ 431113.541139886830933, 439200.744362764875405 ], [ 431113.662689500371926, 439200.980008577462286 ], [ 431128.539457299804781, 439228.52784611878451 ], [ 431128.665393291332293, 439228.751165412948467 ], [ 431142.233861711691134, 439251.814213683654089 ], [ 431150.053962352976669, 439265.844917519250885 ], [ 431152.049210037861485, 439269.559876516053919 ], [ 431156.443304712011013, 439277.735486361081712 ], [ 431168.775031996832695, 439271.107628323021345 ], [ 431164.38239972415613, 439262.934740047785453 ] ] ] } },
{ "type": "Feature", "properties": { "highway": "residential", "lanes": null, "lit": null, "maxspeed": "20 mph", "name": "Stainburn Drive", "surface": null, "osm_type": "way", "osm_id": 23032908, "junction": null, "ref": null, "sidewalk": null, "oneway": null, "turn:lanes": null, "source": "npe;Bing", "maxspeed:type": null, "postal_code": null, "source_ref": null, "source:name": null, "motor_vehicle": null, "busway:right": null, "cycleway:right": null, "lanes:forward": null, "cycleway:both": null, "sidewalk:both": null, "lanes:backward": null, "turn:lanes:forward": null, "sidewalk:left": null, "sidewalk:right": null, "turn:lanes:backward": null }, "geometry": { "type": "Polygon", "coordinates": [ [ [ 430651.830067193543073, 438183.787643437855877 ], [ 430653.178989216219634, 438181.977339169592597 ], [ 430688.538295673381072, 438169.938761544355657 ], [ 430742.385822125244886, 438151.91619017359335 ], [ 430810.343982386868447, 438132.365065400255844 ], [ 430807.579190083779395, 438122.754866467788815 ], [ 430739.518069164361805, 438142.335612358874641 ], [ 430739.313511172891594, 438142.39923773490591 ], [ 430685.352112262218725, 438160.459921803732868 ], [ 430685.327583444595803, 438160.468202186981216 ], [ 430648.486009385611396, 438173.011438850313425 ], [ 430648.019815079809632, 438173.196747644862626 ], [ 430647.57453687407542, 438173.427840266027488 ], [ 430647.15465741045773, 438173.702390290796757 ], [ 430646.764403640350793, 438174.017633807787206 ], [ 430646.407704271550756, 438174.37039724184433 ], [ 430646.088150217779912, 438174.757129302539397 ], [ 430643.811009387718514, 438177.813138245081063 ], [ 430639.893303469521925, 438183.073592581204139 ], [ 430647.913481786148623, 438189.046593482722528 ], [ 430651.830067193543073, 438183.787643437855877 ] ] ] } },
{ "type": "Feature", "properties": { "highway": "residential", "lanes": "2", "lit": null, "maxspeed": "20 mph", "name": "Stainburn Crescent", "surface": null, "osm_type": "way", "osm_id": 23032909, "junction": null, "ref": null, "sidewalk": null, "oneway": null, "turn:lanes": null, "source": "npe;Bing", "maxspeed:type": null, "postal_code": null, "source_ref": null, "source:name": null, "motor_vehicle": null, "busway:right": null, "cycleway:right": null, "lanes:forward": null, "cycleway:both": null, "sidewalk:both": null, "lanes:backward": null, "turn:lanes:forward": null, "sidewalk:left": null, "sidewalk:right": null, "turn:lanes:backward": null }, "geometry": { "type": "Polygon", "coordinates": [ [ [ 430764.232840076379944, 438065.340758463717066 ], [ 430763.73262039932888, 438065.564177536522038 ], [ 430763.254864537389949, 438065.832291586440988 ], [ 430762.803555591672193, 438066.142865318339318 ], [ 430753.689912658999674, 438073.048210324370302 ], [ 430753.276197404193226, 438073.391926744487137 ], [ 430752.894925827451516, 438073.771312134631444 ], [ 430744.563390144787263, 438082.840335281623993 ], [ 430744.12544359714957, 438083.376019669638481 ], [ 430743.752081573300529, 438083.95856214989908 ], [ 430736.614251273800619, 438096.651522824307904 ], [ 430736.32349575299304, 438097.242267018300481 ], [ 430736.099219580588397, 438097.861312795372214 ], [ 430732.197477463108953, 438110.809159199416172 ], [ 430732.084820078336634, 438111.240383957338054 ], [ 430732.004484061151743, 438111.678781724825967 ], [ 430730.970651260518935, 438118.804053156811278 ], [ 430730.908479758712929, 438119.673440178041346 ], [ 430730.919420646678191, 438128.040598038234748 ], [ 430730.974976426747162, 438128.847395868797321 ], [ 430732.231016134959646, 438138.012696136778686 ], [ 430732.388461961760186, 438138.782574402168393 ], [ 430733.725230569834821, 438143.664723387220874 ], [ 430735.11424051708309, 438148.728037430439144 ], [ 430735.254641600418836, 438149.171641310211271 ], [ 430737.148256915621459, 438154.435742468340322 ], [ 430741.925202167942189, 438167.698664797353558 ], [ 430742.120013146486599, 438168.174526392191183 ], [ 430742.354852163116448, 438168.631960771221202 ], [ 430751.794490938365925, 438185.227789827913512 ], [ 430752.074844510352705, 438185.673889435420278 ], [ 430752.393252899695653, 438186.093674002506305 ], [ 430752.747260797652416, 438186.483906488807406 ], [ 430753.134138380468357, 438186.841577735962346 ], [ 430766.942575734632555, 438198.525962860905565 ], [ 430767.411934716568794, 438198.885002847469877 ], [ 430767.914336075889878, 438199.196130538359284 ], [ 430768.444906413846184, 438199.456327929568943 ], [ 430780.381292292207945, 438204.597235796332825 ], [ 430780.938748717017006, 438204.805207281315234 ], [ 430781.514062268950511, 438204.956944294390269 ], [ 430794.663610795629211, 438207.735920250415802 ], [ 430795.302261660981458, 438207.835308636596892 ], [ 430795.947897870326415, 438207.865422823175322 ], [ 430807.194697482918855, 438207.78355914686108 ], [ 430808.012911321653519, 438207.721491487929597 ], [ 430839.415565184026491, 438203.163301487162244 ], [ 430885.580127109598834, 438197.355196540011093 ], [ 430885.854246230854187, 438197.314256862795446 ], [ 430928.387243360921275, 438189.953929203154985 ], [ 430972.097962621017359, 438183.589903326472268 ], [ 430972.23591889697127, 438183.568175223655999 ], [ 431003.265548164374195, 438178.310222986037843 ], [ 431003.652601712034084, 438178.231450361665338 ], [ 431021.342951762489974, 438174.020302754011936 ], [ 431021.785101974441204, 438173.897000923287123 ], [ 431022.216532166930847, 438173.740258649573661 ], [ 431038.508119623700622, 438167.105475490679964 ], [ 431039.038292968994938, 438166.858794299245346 ], [ 431039.541935790155549, 438166.561675981152803 ], [ 431040.014264384342823, 438166.21694262715755 ], [ 431049.131185314792674, 438158.855975714221131 ], [ 431049.469289737462532, 438158.561457474308554 ], [ 431060.905284818436485, 438147.822305532812607 ], [ 431061.253318434581161, 438147.46721827267902 ], [ 431073.524365602585021, 438133.863004312792327 ], [ 431073.83885761059355, 438133.484184810949955 ], [ 431074.121231607510708, 438133.080855709675234 ], [ 431074.369586201093625, 438132.655732863931917 ], [ 431088.130816504766699, 438106.711070318822749 ], [ 431088.404083806206472, 438106.120575111359358 ], [ 431088.611803141306154, 438105.503961548500229 ], [ 431088.751531732967123, 438104.868480999022722 ], [ 431091.543043413141277, 438087.807889256277122 ], [ 431091.600128918653354, 438087.348334218608215 ], [ 431091.621601822145749, 438086.885745306033641 ], [ 431091.754827025230043, 438069.774145812378265 ], [ 431091.740761333785485, 438069.314193102065474 ], [ 431090.425871676881798, 438050.268114404170774 ], [ 431090.351853839238174, 438049.65597963926848 ], [ 431090.215403549838811, 438049.054673619742971 ], [ 431090.017961828387342, 438048.470546598196961 ], [ 431082.859311157488264, 438030.409354496514425 ], [ 431082.588341666734777, 438029.820680763572454 ], [ 431082.255464371526614, 438029.264664635062218 ], [ 431076.299091116758063, 438020.435281470883638 ], [ 431076.27526016079355, 438020.400223605101928 ], [ 431070.793790657946374, 438012.397353128064424 ], [ 431070.392986523278523, 438011.875963386206422 ], [ 431069.937527983973268, 438011.401570367394015 ], [ 431059.924123685632367, 438002.055757535388693 ], [ 431059.576192061940674, 438001.755124182498548 ], [ 431059.20625943451887, 438001.482018564129248 ], [ 431047.07314275886165, 437993.223707429715432 ], [ 431046.461351337260567, 437992.858473459433299 ], [ 431045.810577543918043, 437992.568338893353939 ], [ 431027.725245629670098, 437985.761603255756199 ], [ 431027.209850212093443, 437985.593784633325413 ], [ 431026.681412906502374, 437985.473163156828377 ], [ 431026.144246282870881, 437985.40072321658954 ], [ 430999.974221367039718, 437983.069049551384524 ], [ 430999.454659918264952, 437983.045389413658995 ], [ 430998.935001449252013, 437983.066813155135605 ], [ 430998.419150672212709, 437983.133159797813278 ], [ 430981.256249342230149, 437986.101714646036271 ], [ 430980.503709933604114, 437986.282535281323362 ], [ 430958.696031645697076, 437993.036843748704996 ], [ 430958.504311677417718, 437993.099775658745784 ], [ 430924.377377892669756, 438004.941219388565514 ], [ 430891.323462708387524, 438015.800507355481386 ], [ 430891.164658502850216, 438015.855153722222894 ], [ 430852.601579416950699, 438029.731745574390516 ], [ 430852.330161195481196, 438029.836917046166491 ], [ 430813.252969999797642, 438046.079768329509534 ], [ 430764.232840076379944, 438065.340758463717066 ] ], [ [ 430769.391213541442994, 438076.20701385353459 ], [ 430817.695983486890327, 438057.22710297186859 ], [ 430817.804707381059416, 438057.183151835750323 ], [ 430856.801612584677059, 438040.97367228125222 ], [ 430895.148686950735282, 438027.174807866977062 ], [ 430928.170017643773463, 438016.326224967022426 ], [ 430928.264154472737573, 438016.294431978894863 ], [ 430962.342694244522136, 438004.469780117447954 ], [ 430983.683556975389365, 437997.86005449964432 ], [ 430999.69100287836045, 437995.091351223411039 ], [ 431024.264189653273206, 437997.280751220416278 ], [ 431040.913228679797612, 438003.54691253893543 ], [ 431052.07321800297359, 438011.14287213870557 ], [ 431061.2667726954096, 438019.723494558071252 ], [ 431066.362953006173484, 438027.163848086143844 ], [ 431071.943459902075119, 438035.436068702023476 ], [ 431078.518605169199873, 438052.025083479529712 ], [ 431079.753398087923415, 438069.910966893250588 ], [ 431079.625578913779464, 438086.328209760366008 ], [ 431077.068095805239864, 438101.958513410412706 ], [ 431064.116408605594188, 438126.376908159232698 ], [ 431052.509324752783868, 438139.245023652736563 ], [ 431041.41825500363484, 438149.660268009407446 ], [ 431033.163525595329702, 438156.325104801740963 ], [ 431018.116504371631891, 438162.453035752056167 ], [ 431001.065909918339457, 438166.511890994384885 ], [ 430970.299956246861257, 438171.725163559021894 ], [ 430926.578851332422346, 438178.090701526380144 ], [ 430926.420209180389065, 438178.115972066356335 ], [ 430883.944646786316298, 438185.466360655089375 ], [ 430837.861088803620078, 438191.264274248038419 ], [ 430837.748176996363327, 438191.279570478480309 ], [ 430806.696119690604974, 438195.786870330746751 ], [ 430796.509703345829621, 438195.861015644855797 ], [ 430784.579578861419577, 438193.339748163532931 ], [ 430774.012098362203687, 438188.788417117146309 ], [ 430761.698628222453408, 438178.369039192795753 ], [ 430753.040505520766601, 438163.147193555429112 ], [ 430748.439499366679229, 438150.372757685836405 ], [ 430746.625096272095107, 438145.328860250825528 ], [ 430745.29883322637761, 438140.494278045895044 ], [ 430744.06643313204404, 438135.99330395553261 ], [ 430742.91888045030646, 438127.619631664303597 ], [ 430742.909040864906274, 438120.094706372998189 ], [ 430743.816000175662339, 438113.843858786276542 ], [ 430747.39804436697159, 438101.956923000980169 ], [ 430753.870824519253802, 438090.446598367299885 ], [ 430761.36692093743477, 438082.286965555569623 ], [ 430769.391213541442994, 438076.20701385353459 ] ] ] } },
{ "type": "Feature", "properties": { "highway": "residential", "lanes": null, "lit": null, "maxspeed": null, "name": "Stainburn Terrace", "surface": null, "osm_type": "way", "osm_id": 23032910, "junction": null, "ref": null, "sidewalk": null, "oneway": null, "turn:lanes": null, "source": "npe;Bing", "maxspeed:type": null, "postal_code": null, "source_ref": null, "source:name": null, "motor_vehicle": null, "busway:right": null, "cycleway:right": null, "lanes:forward": null, "cycleway:both": null, "sidewalk:both": null, "lanes:backward": null, "turn:lanes:forward": null, "sidewalk:left": null, "sidewalk:right": null, "turn:lanes:backward": null }, "geometry": { "type": "Polygon", "coordinates": [ [ [ 430769.963307159487158, 438066.150830749422312 ], [ 430769.961350968223996, 438066.145683925657067 ], [ 430737.963770254456904, 437982.098039349133614 ], [ 430737.918621239892673, 437981.983694698952604 ], [ 430705.18269493378466, 437901.970353700511623 ], [ 430695.927354927815031, 437905.756998834840488 ], [ 430728.640003822743893, 437985.713445049885195 ], [ 430760.614733410533518, 438069.701066859939601 ], [ 430761.752283253415953, 438072.698979020002298 ], [ 430771.101833671040367, 438069.151316833565943 ], [ 430769.963307159487158, 438066.150830749422312 ] ] ] } },
{ "type": "Feature", "properties": { "highway": "residential", "lanes": null, "lit": null, "maxspeed": "20 mph", "name": "Nunroyd Road", "surface": "asphalt", "osm_type": "way", "osm_id": 23032925, "junction": null, "ref": null, "sidewalk": null, "oneway": null, "turn:lanes": null, "source": "npe", "maxspeed:type": "GB:zone20", "postal_code": null, "source_ref": null, "source:name": null, "motor_vehicle": null, "busway:right": null, "cycleway:right": null, "lanes:forward": null, "cycleway:both": null, "sidewalk:both": null, "lanes:backward": null, "turn:lanes:forward": null, "sidewalk:left": null, "sidewalk:right": null, "turn:lanes:backward": null }, "geometry": { "type": "Polygon", "coordinates": [ [ [ 430733.920669036218897, 438284.599153111863416 ], [ 430733.926404499390628, 438284.598791747528594 ], [ 430770.568755254091229, 438282.268988789815921 ], [ 430852.030268693983089, 438277.08546634943923 ], [ 430901.582605976727791, 438273.929314754670486 ], [ 430999.087369528366253, 438267.730418727209326 ], [ 431044.512697422411293, 438264.837740993651096 ], [ 431045.018309634644538, 438264.779588681296445 ], [ 431045.515390919754282, 438264.670338525495026 ], [ 431045.99879101064289, 438264.51112246880075 ], [ 431046.463501391233876, 438264.303590151364915 ], [ 431056.149818560399581, 438259.371978963608854 ], [ 431051.612699424324092, 438250.460494802915491 ], [ 431042.846625238424167, 438254.92358111042995 ], [ 430998.452637537266128, 438257.750583289307542 ], [ 430900.947840799519327, 438263.94948142656358 ], [ 430851.395084140764084, 438267.105659707682207 ], [ 430769.934091809787787, 438272.289148995128926 ], [ 430733.294730992231052, 438274.618761845922563 ], [ 430729.42668153118575, 438274.860237659944687 ], [ 430730.049751727667172, 438284.840807960776147 ], [ 430733.920669036218897, 438284.599153111863416 ] ] ] } },
{ "type": "Feature", "properties": { "highway": "residential", "lanes": null, "lit": null, "maxspeed": null, "name": "Nunroyd Grove", "surface": "asphalt", "osm_type": "way", "osm_id": 23032926, "junction": null, "ref": null, "sidewalk": null, "oneway": null, "turn:lanes": null, "source": "npe", "maxspeed:type": null, "postal_code": null, "source_ref": null, "source:name": null, "motor_vehicle": null, "busway:right": null, "cycleway:right": null, "lanes:forward": null, "cycleway:both": null, "sidewalk:both": null, "lanes:backward": null, "turn:lanes:forward": null, "sidewalk:left": null, "sidewalk:right": null, "turn:lanes:backward": null }, "geometry": { "type": "Polygon", "coordinates": [ [ [ 430911.871938165393658, 438374.097030693781562 ], [ 430908.755295938055497, 438320.824664908112027 ], [ 430898.772365675715264, 438321.408705468871631 ], [ 430901.888953931222204, 438374.680148070969153 ], [ 430905.424579194106627, 438435.242188853211701 ], [ 430915.407581380975898, 438434.659378989599645 ], [ 430911.871938165393658, 438374.097030693781562 ] ] ] } },
{ "type": "Feature", "properties": { "highway": "residential", "lanes": null, "lit": null, "maxspeed": "20 mph", "name": "Nunroyd Avenue", "surface": "asphalt", "osm_type": "way", "osm_id": 23032927, "junction": null, "ref": null, "sidewalk": null, "oneway": null, "turn:lanes": null, "source": "npe", "maxspeed:type": null, "postal_code": null, "source_ref": null, "source:name": null, "motor_vehicle": null, "busway:right": null, "cycleway:right": null, "lanes:forward": null, "cycleway:both": null, "sidewalk:both": null, "lanes:backward": null, "turn:lanes:forward": null, "sidewalk:left": null, "sidewalk:right": null, "turn:lanes:backward": null }, "geometry": { "type": "Polygon", "coordinates": [ [ [ 430782.433697044383734, 438333.152109599323012 ], [ 430855.023067841597367, 438328.945214498613495 ], [ 430904.052650432626251, 438326.108336540870368 ], [ 430903.475011181144509, 438316.125033836113289 ], [ 430854.445194559637457, 438318.961925334995613 ], [ 430781.854609263304155, 438323.168890799570363 ], [ 430742.658750683127437, 438325.448534082854167 ], [ 430743.239372626121622, 438335.431663760449737 ], [ 430782.433697044383734, 438333.152109599323012 ] ] ] } },
{ "type": "Feature", "properties": { "highway": "residential", "lanes": null, "lit": null, "maxspeed": null, "name": "Nunroyd Lawn", "surface": null, "osm_type": "way", "osm_id": 23032942, "junction": null, "ref": null, "sidewalk": null, "oneway": null, "turn:lanes": null, "source": "npe", "maxspeed:type": null, "postal_code": null, "source_ref": null, "source:name": null, "motor_vehicle": null, "busway:right": null, "cycleway:right": null, "lanes:forward": null, "cycleway:both": null, "sidewalk:both": null, "lanes:backward": null, "turn:lanes:forward": null, "sidewalk:left": null, "sidewalk:right": null, "turn:lanes:backward": null }, "geometry": { "type": "Polygon", "coordinates": [ [ [ 430994.046727545442991, 438271.240223929460626 ], [ 430995.681157757469919, 438320.620306029508356 ], [ 431005.67568454175489, 438320.289497386140283 ], [ 431004.041313664289191, 438270.911212269100361 ], [ 431003.767436312919017, 438262.57628636242589 ], [ 430993.77283051534323, 438262.904699139588047 ], [ 430994.046727545442991, 438271.240223929460626 ] ] ] } },
{ "type": "Feature", "properties": { "highway": "residential", "lanes": null, "lit": null, "maxspeed": null, "name": "Nunroyd Lawn", "surface": null, "osm_type": "way", "osm_id": 23032943, "junction": null, "ref": null, "sidewalk": null, "oneway": null, "turn:lanes": null, "source": "npe", "maxspeed:type": null, "postal_code": null, "source_ref": null, "source:name": null, "motor_vehicle": null, "busway:right": null, "cycleway:right": null, "lanes:forward": null, "cycleway:both": null, "sidewalk:both": null, "lanes:backward": null, "turn:lanes:forward": null, "sidewalk:left": null, "sidewalk:right": null, "turn:lanes:backward": null }, "geometry": { "type": "Polygon", "coordinates": [ [ [ 430988.038009362528101, 438316.948424173635431 ], [ 430987.438129380578175, 438317.148712961818092 ], [ 430984.389784939819947, 438318.385848121135496 ], [ 430983.90149527147878, 438318.615434725536034 ], [ 430983.440788345644251, 438318.896301130880602 ], [ 430983.01302931207465, 438319.225176515115891 ], [ 430980.518042039650027, 438321.367214403289836 ], [ 430980.127955567324534, 438321.740542647312395 ], [ 430979.780400212621316, 438322.153757735504769 ], [ 430979.479429047030862, 438322.60204089502804 ], [ 430977.802549990592524, 438325.41707517276518 ], [ 430977.549811626959126, 438325.899270348076243 ], [ 430977.350996537250467, 438326.406085331807844 ], [ 430977.208461784641258, 438326.931511551025324 ], [ 430976.522612499597017, 438330.142523049609736 ], [ 430976.438128744484857, 438330.67953822738491 ], [ 430976.412444438610692, 438331.222551231330726 ], [ 430976.445863194006961, 438331.765143152384553 ], [ 430976.825703222828452, 438335.027704902633559 ], [ 430976.917414295603521, 438335.561641277570743 ], [ 430977.06635465438012, 438336.082521055417601 ], [ 430977.270775745273568, 438336.584229128842708 ], [ 430978.672521908243652, 438339.553131921507884 ], [ 430978.927985912305303, 438340.026447808253579 ], [ 430979.232813374488614, 438340.469584360951558 ], [ 430979.583476956060622, 438340.877413784328382 ], [ 430981.857770525908563, 438343.251256873423699 ], [ 430982.258368351962417, 438343.625903405540157 ], [ 430982.697591801406816, 438343.954417337779887 ], [ 430983.170155458850786, 438344.232845482823905 ], [ 430986.08845694194315, 438345.74308421817841 ], [ 430986.577021889039315, 438345.963569317362271 ], [ 430987.08638202410657, 438346.130487379035912 ], [ 430987.610683589184191, 438346.24192011822015 ], [ 430990.86461077677086, 438346.752999094082043 ], [ 430991.375451416301075, 438346.806528626591899 ], [ 430991.889088317169808, 438346.807367591070943 ], [ 431014.375201901828405, 438345.687692154780962 ], [ 431014.835876198718324, 438345.643307683698367 ], [ 431015.290473160683177, 438345.556518333673012 ], [ 431018.592493662668858, 438344.766138344246428 ], [ 431019.136777101259213, 438344.602647569030523 ], [ 431019.658992173091974, 438344.378448742441833 ], [ 431020.152392408926971, 438344.096438277454581 ], [ 431023.000800258654635, 438342.246045163308736 ], [ 431023.457702598127071, 438341.910945838666521 ], [ 431023.873757776746061, 438341.526303935621399 ], [ 431024.243622792186216, 438341.097059045627248 ], [ 431026.307939593272749, 438338.406993641343433 ], [ 431026.629084993735887, 438337.934960048471112 ], [ 431026.894326040288433, 438337.429393763712142 ], [ 431027.100204519287217, 438336.896886361937504 ], [ 431028.141556442249566, 438333.665980775200296 ], [ 431028.255700175475795, 438333.251622459851205 ], [ 431028.333837503858376, 438332.828992405091412 ], [ 431028.375391081441194, 438332.401213366887532 ], [ 431028.380053874338046, 438331.97144614654826 ], [ 431028.27091242314782, 438328.577155051578302 ], [ 431028.219996378815267, 438328.008374447526876 ], [ 431028.104557417333126, 438327.449109156965278 ], [ 431027.926101342076436, 438326.906654321704991 ], [ 431026.683553377108183, 438323.749643282964826 ], [ 431026.446258222975302, 438323.234553279471584 ], [ 431026.152159792254679, 438322.749648324912414 ], [ 431025.805041681276634, 438322.301166754623409 ], [ 431023.578072365373373, 438319.738469273142982 ], [ 431023.179114049766213, 438319.329171485209372 ], [ 431022.736050478823017, 438318.968079960963223 ], [ 431022.254671472823247, 438318.659913334879093 ], [ 431019.291338118666317, 438316.993586654542014 ], [ 431018.781143086031079, 438316.743721927748993 ], [ 431018.245897664746735, 438316.553344166546594 ], [ 431017.692511473898776, 438316.424911005829927 ], [ 431014.346892072004266, 438315.846449148084503 ], [ 431013.619218373904005, 438315.774889664491639 ], [ 431000.802614373562392, 438315.456444341456518 ], [ 431000.787296569731552, 438315.456087234080769 ], [ 430994.918383176671341, 438315.328260843525641 ], [ 430994.450808468158357, 438315.339958432712592 ], [ 430993.986372564104386, 438315.395295876252931 ], [ 430993.529139519087039, 438315.493788942927495 ], [ 430988.038009362528101, 438316.948424173635431 ] ], [ [ 430990.905031995323952, 438326.533859775110614 ], [ 430995.406948454445228, 438325.341273531375919 ], [ 431000.561886545619927, 438325.453549362660851 ], [ 431013.004371898656245, 438325.762699217593763 ], [ 431015.140403509547468, 438326.13202180492226 ], [ 431016.598144332587253, 438326.951731279434171 ], [ 431017.693106657476164, 438328.211765341111459 ], [ 431018.303894583135843, 438329.763628349988721 ], [ 431018.357310040155426, 438331.424845130299218 ], [ 431017.847822657495271, 438333.005584162718151 ], [ 431016.833064141217619, 438334.327942618983798 ], [ 431015.426996385445818, 438335.241357491642702 ], [ 431013.414151185308583, 438335.723157216096297 ], [ 430991.906806085840799, 438336.794095771852881 ], [ 430989.963903701514937, 438336.488933270215057 ], [ 430988.503968501812778, 438335.733407940715551 ], [ 430987.367639063275419, 438334.547339519078378 ], [ 430986.663753230590373, 438333.056507106171921 ], [ 430986.473963265423663, 438331.426343264000025 ], [ 430986.815674652345479, 438329.826517738925759 ], [ 430987.652301089488901, 438328.422044298204128 ], [ 430988.907224268186837, 438327.344646819925401 ], [ 430990.905031995323952, 438326.533859775110614 ] ] ] } },
{ "type": "Feature", "properties": { "highway": "residential", "lanes": null, "lit": null, "maxspeed": "20 mph", "name": "Bentcliffe Lane", "surface": "asphalt", "osm_type": "way", "osm_id": 23033001, "junction": null, "ref": null, "sidewalk": null, "oneway": null, "turn:lanes": null, "source": "npe;local_knowledge", "maxspeed:type": null, "postal_code": null, "source_ref": null, "source:name": null, "motor_vehicle": null, "busway:right": null, "cycleway:right": null, "lanes:forward": null, "cycleway:both": null, "sidewalk:both": null, "lanes:backward": null, "turn:lanes:forward": null, "sidewalk:left": null, "sidewalk:right": null, "turn:lanes:backward": null }, "geometry": { "type": "Polygon", "coordinates": [ [ [ 430894.736408418160863, 438532.759715653839521 ], [ 430894.730818289099261, 438532.713680057146121 ], [ 430891.216389084409457, 438504.852128568280023 ], [ 430882.605105016671587, 438436.601197387499269 ], [ 430872.683762662287336, 438437.852982467797119 ], [ 430881.295017244410701, 438506.103679933119565 ], [ 430884.806534819712397, 438533.942148722650018 ], [ 430896.176769557059743, 438631.350580254103988 ], [ 430906.10933147650212, 438630.191177943721414 ], [ 430894.736408418160863, 438532.759715653839521 ] ] ] } },
{ "type": "Feature", "properties": { "highway": "residential", "lanes": null, "lit": null, "maxspeed": "20 mph", "name": "Moorland Drive", "surface": "asphalt", "osm_type": "way", "osm_id": 23129285, "junction": null, "ref": null, "sidewalk": null, "oneway": null, "turn:lanes": null, "source": "npe", "maxspeed:type": "sign", "postal_code": null, "source_ref": null, "source:name": null, "motor_vehicle": null, "busway:right": null, "cycleway:right": null, "lanes:forward": null, "cycleway:both": null, "sidewalk:both": null, "lanes:backward": null, "turn:lanes:forward": null, "sidewalk:left": null, "sidewalk:right": null, "turn:lanes:backward": null }, "geometry": { "type": "Polygon", "coordinates": [ [ [ 430682.241211740416475, 438419.736888284736779 ], [ 430628.711796431161929, 438413.411815584637225 ], [ 430628.68302345671691, 438413.408500221266877 ], [ 430622.822090283152647, 438412.750369665212929 ], [ 430535.6622792808339, 438401.871144022152293 ], [ 430535.347003890608903, 438401.841894776443951 ], [ 430459.683609479572624, 438397.232798462035134 ], [ 430459.246680483629461, 438397.225314275943674 ], [ 430401.402284346404485, 438398.763518386986107 ], [ 430401.314075514965225, 438398.766643377020955 ], [ 430382.021635173237883, 438399.620676926919259 ], [ 430381.807905197434593, 438399.634730572754052 ], [ 430346.333124429977033, 438402.731723661010619 ], [ 430347.202829097572248, 438412.693832563760225 ], [ 430382.570895419688895, 438409.606155781133566 ], [ 430401.71222960727755, 438408.758811365580186 ], [ 430459.293879355536774, 438407.227594233409036 ], [ 430534.580871966434643, 438411.813761730503757 ], [ 430621.614157141244505, 438422.677194509713445 ], [ 430621.675499215605669, 438422.684466649487149 ], [ 430627.55273459845921, 438423.344427798350807 ], [ 430681.066883607592899, 438429.667696586402599 ], [ 430765.715565064281691, 438439.680036889214534 ], [ 430766.890188004181255, 438429.749263457662892 ], [ 430682.241211740416475, 438419.736888284736779 ] ] ] } },
{ "type": "Feature", "properties": { "highway": "residential", "lanes": null, "lit": null, "maxspeed": null, "name": "Moor Allerton Gardens", "surface": null, "osm_type": "way", "osm_id": 23129287, "junction": null, "ref": null, "sidewalk": null, "oneway": null, "turn:lanes": null, "source": "npe", "maxspeed:type": null, "postal_code": null, "source_ref": null, "source:name": "OS_OpenData_Locator", "motor_vehicle": null, "busway:right": null, "cycleway:right": null, "lanes:forward": null, "cycleway:both": null, "sidewalk:both": null, "lanes:backward": null, "turn:lanes:forward": null, "sidewalk:left": null, "sidewalk:right": null, "turn:lanes:backward": null }, "geometry": { "type": "Polygon", "coordinates": [ [ [ 430742.761034582625143, 438710.02958237240091 ], [ 430753.844169464427978, 438711.64613656164147 ], [ 430776.880420897447038, 438715.220966219087131 ], [ 430778.413894273166079, 438705.339242715272121 ], [ 430755.355114642472472, 438701.760917069390416 ], [ 430755.310027308936696, 438701.754130671964958 ], [ 430744.20864070893731, 438700.134915192145854 ], [ 430700.068404199730139, 438693.670583246042952 ], [ 430698.619362261437345, 438703.565040151821449 ], [ 430742.761034582625143, 438710.02958237240091 ] ] ] } },
{ "type": "Feature", "properties": { "highway": "residential", "lanes": null, "lit": "yes", "maxspeed": null, "name": "Broomhill Avenue", "surface": null, "osm_type": "way", "osm_id": 23129288, "junction": null, "ref": null, "sidewalk": null, "oneway": null, "turn:lanes": null, "source": "npe", "maxspeed:type": null, "postal_code": null, "source_ref": null, "source:name": null, "motor_vehicle": null, "busway:right": null, "cycleway:right": null, "lanes:forward": null, "cycleway:both": null, "sidewalk:both": null, "lanes:backward": null, "turn:lanes:forward": null, "sidewalk:left": null, "sidewalk:right": null, "turn:lanes:backward": null }, "geometry": { "type": "Polygon", "coordinates": [ [ [ 430606.838237320829649, 438522.056411809637211 ], [ 430602.31122783414321, 438561.017148800659925 ], [ 430612.244398384529632, 438562.17132505052723 ], [ 430616.776200507185422, 438523.16934126499109 ], [ 430616.785100067150779, 438523.086773771850858 ], [ 430627.208932836016174, 438418.210215486062225 ], [ 430617.257963165699039, 438417.221174222475383 ], [ 430606.838237320829649, 438522.056411809637211 ] ] ] } },
{ "type": "Feature", "properties": { "highway": "residential", "lanes": null, "lit": null, "maxspeed": null, "name": "Broomhill Crescent", "surface": null, "osm_type": "way", "osm_id": 23129289, "junction": null, "ref": null, "sidewalk": null, "oneway": null, "turn:lanes": null, "source": "npe", "maxspeed:type": null, "postal_code": null, "source_ref": null, "source:name": "OS_OpenData_Locator", "motor_vehicle": null, "busway:right": null, "cycleway:right": null, "lanes:forward": null, "cycleway:both": null, "sidewalk:both": null, "lanes:backward": null, "turn:lanes:forward": null, "sidewalk:left": null, "sidewalk:right": null, "turn:lanes:backward": null }, "geometry": { "type": "Polygon", "coordinates": [ [ [ 430712.466130937915295, 438595.587520843313541 ], [ 430715.155991603562143, 438575.711218056385405 ], [ 430705.246323793602642, 438574.370142407831736 ], [ 430702.556440472777467, 438594.246612601680681 ], [ 430699.091990891320165, 438619.859593229717575 ], [ 430709.001748962968122, 438621.200001735356636 ], [ 430712.466130937915295, 438595.587520843313541 ] ] ] } },
{ "type": "Feature", "properties": { "highway": "residential", "lanes": null, "lit": null, "maxspeed": null, "name": "Moorland Gardens", "surface": null, "osm_type": "way", "osm_id": 23129291, "junction": null, "ref": null, "sidewalk": null, "oneway": null, "turn:lanes": null, "source": "npe", "maxspeed:type": null, "postal_code": null, "source_ref": null, "source:name": null, "motor_vehicle": null, "busway:right": null, "cycleway:right": null, "lanes:forward": null, "cycleway:both": null, "sidewalk:both": null, "lanes:backward": null, "turn:lanes:forward": null, "sidewalk:left": null, "sidewalk:right": null, "turn:lanes:backward": null }, "geometry": { "type": "Polygon", "coordinates": [ [ [ 430540.022604045690969, 438407.283673867932521 ], [ 430530.063372796750627, 438406.381613487261347 ], [ 430524.334494086971972, 438469.631512371590361 ], [ 430534.293725335912313, 438470.533572752261534 ], [ 430540.022604045690969, 438407.283673867932521 ] ] ] } },
{ "type": "Feature", "properties": { "highway": "residential", "lanes": null, "lit": null, "maxspeed": null, "name": "Moorland Garth", "surface": null, "osm_type": "way", "osm_id": 23129292, "junction": null, "ref": null, "sidewalk": null, "oneway": null, "turn:lanes": null, "source": "npe", "maxspeed:type": null, "postal_code": null, "source_ref": null, "source:name": null, "motor_vehicle": null, "busway:right": null, "cycleway:right": null, "lanes:forward": null, "cycleway:both": null, "sidewalk:both": null, "lanes:backward": null, "turn:lanes:forward": null, "sidewalk:left": null, "sidewalk:right": null, "turn:lanes:backward": null }, "geometry": { "type": "Polygon", "coordinates": [ [ [ 430464.379422102414537, 438402.18208596057957 ], [ 430454.379765917954501, 438402.265008765796665 ], [ 430454.785576986789238, 438451.201741574855987 ], [ 430464.785233171249274, 438451.118818769638892 ], [ 430464.379422102414537, 438402.18208596057957 ] ] ] } },
{ "type": "Feature", "properties": { "highway": "residential", "lanes": null, "lit": null, "maxspeed": null, "name": "Moorland Ings", "surface": null, "osm_type": "way", "osm_id": 23129293, "junction": null, "ref": null, "sidewalk": null, "oneway": null, "turn:lanes": null, "source": "npe", "maxspeed:type": null, "postal_code": null, "source_ref": null, "source:name": null, "motor_vehicle": null, "busway:right": null, "cycleway:right": null, "lanes:forward": null, "cycleway:both": null, "sidewalk:both": null, "lanes:backward": null, "turn:lanes:forward": null, "sidewalk:left": null, "sidewalk:right": null, "turn:lanes:backward": null }, "geometry": { "type": "Polygon", "coordinates": [ [ [ 430387.237026297836564, 438404.376453691569623 ], [ 430377.248488764627837, 438404.855116356688086 ], [ 430379.259781940316316, 438446.825963133887853 ], [ 430389.248319473525044, 438446.34730046876939 ], [ 430387.237026297836564, 438404.376453691569623 ] ] ] } },
{ "type": "Feature", "properties": { "highway": "residential", "lanes": null, "lit": null, "maxspeed": null, "name": "Moorland Walk", "surface": null, "osm_type": "way", "osm_id": 23129294, "junction": null, "ref": null, "sidewalk": null, "oneway": null, "turn:lanes": null, "source": "OS_OpenData_StreetView;Bing;npe", "maxspeed:type": null, "postal_code": null, "source_ref": null, "source:name": null, "motor_vehicle": null, "busway:right": null, "cycleway:right": null, "lanes:forward": null, "cycleway:both": null, "sidewalk:both": null, "lanes:backward": null, "turn:lanes:forward": null, "sidewalk:left": null, "sidewalk:right": null, "turn:lanes:backward": null }, "geometry": { "type": "Polygon", "coordinates": [ [ [ 430276.268336381530389, 438572.146507392404601 ], [ 430266.392200741101988, 438573.715565967140719 ], [ 430272.734143251145724, 438613.633696153061464 ], [ 430282.610278891574126, 438612.064637578325346 ], [ 430276.268336381530389, 438572.146507392404601 ] ] ] } },
{ "type": "Feature", "properties": { "highway": "residential", "lanes": null, "lit": null, "maxspeed": null, "name": "Falkland Road", "surface": null, "osm_type": "way", "osm_id": 23129308, "junction": null, "ref": null, "sidewalk": null, "oneway": null, "turn:lanes": null, "source": "npe", "maxspeed:type": null, "postal_code": null, "source_ref": null, "source:name": null, "motor_vehicle": null, "busway:right": null, "cycleway:right": null, "lanes:forward": null, "cycleway:both": null, "sidewalk:both": null, "lanes:backward": null, "turn:lanes:forward": null, "sidewalk:left": null, "sidewalk:right": null, "turn:lanes:backward": null }, "geometry": { "type": "Polygon", "coordinates": [ [ [ 430396.537032487161923, 438403.897186980408151 ], [ 430406.533363258757163, 438403.62631596805295 ], [ 430404.70689525565831, 438336.221619740885217 ], [ 430394.71056448406307, 438336.492490753240418 ], [ 430396.537032487161923, 438403.897186980408151 ] ] ] } },
{ "type": "Feature", "properties": { "highway": "residential", "lanes": null, "lit": null, "maxspeed": null, "name": "Falkland Grove", "surface": null, "osm_type": "way", "osm_id": 23129309, "junction": null, "ref": null, "sidewalk": null, "oneway": null, "turn:lanes": null, "source": "npe;Bing", "maxspeed:type": null, "postal_code": null, "source_ref": null, "source:name": null, "motor_vehicle": null, "busway:right": null, "cycleway:right": null, "lanes:forward": null, "cycleway:both": null, "sidewalk:both": null, "lanes:backward": null, "turn:lanes:forward": null, "sidewalk:left": null, "sidewalk:right": null, "turn:lanes:backward": null }, "geometry": { "type": "Polygon", "coordinates": [ [ [ 430438.960151968116406, 438139.847013788763434 ], [ 430438.419961252075154, 438129.861614748602733 ], [ 430377.448191461444367, 438133.160069206613116 ], [ 430377.988382177485619, 438143.145468246773817 ], [ 430438.960151968116406, 438139.847013788763434 ] ] ] } },
{ "type": "Feature", "properties": { "highway": "residential", "lanes": null, "lit": null, "maxspeed": null, "name": "Bracken Court", "surface": null, "osm_type": "way", "osm_id": 23129318, "junction": null, "ref": null, "sidewalk": null, "oneway": null, "turn:lanes": null, "source": "OS_OpenData_StreetView;Bing;npe", "maxspeed:type": null, "postal_code": null, "source_ref": null, "source:name": null, "motor_vehicle": null, "busway:right": null, "cycleway:right": null, "lanes:forward": null, "cycleway:both": null, "sidewalk:both": null, "lanes:backward": null, "turn:lanes:forward": null, "sidewalk:left": null, "sidewalk:right": null, "turn:lanes:backward": null }, "geometry": { "type": "Polygon", "coordinates": [ [ [ 430240.865857545577455, 438194.526520640472881 ], [ 430240.378887618950102, 438194.522612426779233 ], [ 430227.16815588157624, 438195.060486083384603 ], [ 430227.574967860942706, 438205.052207857603207 ], [ 430240.542119359772187, 438204.52425154671073 ], [ 430290.463973497913685, 438207.360023122746497 ], [ 430291.031101371801924, 438197.376117775915191 ], [ 430240.865857545577455, 438194.526520640472881 ] ] ] } },
{ "type": "Feature", "properties": { "highway": "residential", "lanes": null, "lit": null, "maxspeed": null, "name": "Bracken Hill", "surface": null, "osm_type": "way", "osm_id": 23129319, "junction": null, "ref": null, "sidewalk": null, "oneway": null, "turn:lanes": null, "source": "OS_OpenData_StreetView;Bing;npe", "maxspeed:type": null, "postal_code": null, "source_ref": null, "source:name": null, "motor_vehicle": null, "busway:right": null, "cycleway:right": null, "lanes:forward": null, "cycleway:both": null, "sidewalk:both": null, "lanes:backward": null, "turn:lanes:forward": null, "sidewalk:left": null, "sidewalk:right": null, "turn:lanes:backward": null }, "geometry": { "type": "Polygon", "coordinates": [ [ [ 430251.172511963057332, 438222.752729128929786 ], [ 430250.977762891969178, 438222.323660456517246 ], [ 430245.473378527269233, 438211.573390309407841 ], [ 430245.100154045270756, 438210.958099929033779 ], [ 430238.983156375819817, 438202.340160578372888 ], [ 430238.71350595128024, 438201.993578148656525 ], [ 430238.414486226974986, 438201.671991556067951 ], [ 430238.088403610512614, 438201.377881271881051 ], [ 430237.737773251894396, 438201.113515836012084 ], [ 430230.203482068493031, 438195.935639750037808 ], [ 430229.781361512374133, 438195.675380674132612 ], [ 430229.335536186059471, 438195.458216383936815 ], [ 430228.870391593954992, 438195.286283085995819 ], [ 430228.390503280621488, 438195.161272057448514 ], [ 430211.290725635073613, 438191.601843071402982 ], [ 430211.194274809851777, 438191.582753648341168 ], [ 430186.520517187251244, 438186.950977515953127 ], [ 430184.675536018970888, 438196.779306188167538 ], [ 430209.300974379410036, 438201.402011792699341 ], [ 430225.368272476189304, 438204.746523502690252 ], [ 430231.342353710730094, 438208.852158871304709 ], [ 430236.736738295760006, 438216.452043929311913 ], [ 430241.969212703988887, 438226.671263682073914 ], [ 430262.007995115593076, 438276.995921813999303 ], [ 430271.298548864084296, 438273.296514963381924 ], [ 430251.172511963057332, 438222.752729128929786 ] ] ] } },
{ "type": "Feature", "properties": { "highway": "residential", "lanes": null, "lit": null, "maxspeed": null, "name": "Whinbrook Gardens", "surface": null, "osm_type": "way", "osm_id": 23129320, "junction": null, "ref": null, "sidewalk": null, "oneway": null, "turn:lanes": null, "source": "npe", "maxspeed:type": null, "postal_code": null, "source_ref": null, "source:name": null, "motor_vehicle": null, "busway:right": null, "cycleway:right": null, "lanes:forward": null, "cycleway:both": null, "sidewalk:both": null, "lanes:backward": null, "turn:lanes:forward": null, "sidewalk:left": null, "sidewalk:right": null, "turn:lanes:backward": null }, "geometry": { "type": "Polygon", "coordinates": [ [ [ 430239.2797890494694, 438132.096040245436598 ], [ 430213.098445186857134, 438122.492213740537409 ], [ 430209.654634230188094, 438131.880513165553566 ], [ 430235.836520723125432, 438141.484538717835676 ], [ 430301.403578397643287, 438165.518619952956215 ], [ 430304.845219392620493, 438156.129524828167632 ], [ 430239.2797890494694, 438132.096040245436598 ] ] ] } },
{ "type": "Feature", "properties": { "highway": "residential", "lanes": null, "lit": null, "maxspeed": null, "name": "Littleway", "surface": null, "osm_type": "way", "osm_id": 23129325, "junction": null, "ref": null, "sidewalk": null, "oneway": null, "turn:lanes": null, "source": "photo", "maxspeed:type": null, "postal_code": null, "source_ref": null, "source:name": null, "motor_vehicle": null, "busway:right": null, "cycleway:right": null, "lanes:forward": null, "cycleway:both": null, "sidewalk:both": null, "lanes:backward": null, "turn:lanes:forward": null, "sidewalk:left": null, "sidewalk:right": null, "turn:lanes:backward": null }, "geometry": { "type": "Polygon", "coordinates": [ [ [ 430378.358416292467155, 438225.767533284320962 ], [ 430385.764855332556181, 438219.048555627989117 ], [ 430372.403012779017445, 438204.319577887945343 ], [ 430364.996573738928419, 438211.038555544277187 ], [ 430378.358416292467155, 438225.767533284320962 ] ] ] } },
{ "type": "Feature", "properties": { "highway": "residential", "lanes": null, "lit": null, "maxspeed": null, "name": "Allerton Grove", "surface": null, "osm_type": "way", "osm_id": 23129530, "junction": null, "ref": null, "sidewalk": null, "oneway": null, "turn:lanes": null, "source": "local_knowledge", "maxspeed:type": null, "postal_code": null, "source_ref": null, "source:name": null, "motor_vehicle": null, "busway:right": null, "cycleway:right": null, "lanes:forward": null, "cycleway:both": null, "sidewalk:both": null, "lanes:backward": null, "turn:lanes:forward": null, "sidewalk:left": null, "sidewalk:right": null, "turn:lanes:backward": null }, "geometry": { "type": "Polygon", "coordinates": [ [ [ 430784.327790762879886, 438707.015000658982899 ], [ 430791.044575764331967, 438707.459383886423893 ], [ 430792.501256089715753, 438707.557758604176342 ], [ 430792.512636386905797, 438707.558514117612503 ], [ 430793.650471950124484, 438707.632749210228212 ], [ 430793.662976540566888, 438707.633549305552151 ], [ 430795.248079973855056, 438707.732976629573386 ], [ 430795.874110400793143, 438697.752591571595985 ], [ 430794.295259748527315, 438697.653556459990796 ], [ 430793.169366580317728, 438697.580100517603569 ], [ 430791.714965527236927, 438697.481879727100022 ], [ 430791.70814435556531, 438697.481423753779382 ], [ 430784.986403938906733, 438697.03671267547179 ], [ 430778.945561242580879, 438696.640805722039659 ], [ 430778.291582181991544, 438706.619398377777543 ], [ 430784.327790762879886, 438707.015000658982899 ] ] ] } },
{ "type": "Feature", "properties": { "highway": "residential", "lanes": null, "lit": null, "maxspeed": null, "name": "Allerton Avenue", "surface": null, "osm_type": "way", "osm_id": 23129531, "junction": null, "ref": null, "sidewalk": null, "oneway": null, "turn:lanes": null, "source": "npe;Bing", "maxspeed:type": null, "postal_code": null, "source_ref": null, "source:name": null, "motor_vehicle": "destination", "busway:right": null, "cycleway:right": null, "lanes:forward": null, "cycleway:both": null, "sidewalk:both": null, "lanes:backward": null, "turn:lanes:forward": null, "sidewalk:left": null, "sidewalk:right": null, "turn:lanes:backward": null }, "geometry": { "type": "Polygon", "coordinates": [ [ [ 430874.188490775879472, 438710.061949740280397 ], [ 430869.683918500493746, 438762.338819200114813 ], [ 430866.862076599441934, 438768.626242487924173 ], [ 430862.257345669786446, 438774.905138069298118 ], [ 430849.613399416732136, 438785.453635572514031 ], [ 430806.102530302188825, 438817.363066853838973 ], [ 430812.016342966526281, 438825.426987722166814 ], [ 430855.653295581461862, 438793.425090974778868 ], [ 430855.899438906286377, 438793.232462890737224 ], [ 430869.131714065501001, 438782.193138720525894 ], [ 430869.572977224306669, 438781.777106547204312 ], [ 430869.960625844134483, 438781.310711337020621 ], [ 430875.238978901179507, 438774.113281521131285 ], [ 430875.527821508992929, 438773.672455332765821 ], [ 430875.768658639164641, 438773.203674726129975 ], [ 430879.154321178502869, 438765.659987219551113 ], [ 430879.354511204641312, 438765.137472188333049 ], [ 430879.495064436923712, 438764.59586089476943 ], [ 430879.574220597976819, 438764.041936435445677 ], [ 430884.155356487026438, 438710.876524003979284 ], [ 430884.162150545045733, 438710.788623081054538 ], [ 430889.936073947115801, 438626.410241673816927 ], [ 430879.95940464490559, 438625.727548744645901 ], [ 430874.188490775879472, 438710.061949740280397 ] ] ] } },
{ "type": "Feature", "properties": { "highway": "trunk", "lanes": "2", "lit": "yes", "maxspeed": "40 mph", "name": "Scott Hall Road", "surface": null, "osm_type": "way", "osm_id": 23162152, "junction": null, "ref": "A61", "sidewalk": "left", "oneway": "yes", "turn:lanes": null, "source": "OS_OpenData_StreetView;Bing;npe", "maxspeed:type": "sign", "postal_code": null, "source_ref": null, "source:name": null, "motor_vehicle": null, "busway:right": null, "cycleway:right": null, "lanes:forward": null, "cycleway:both": null, "sidewalk:both": null, "lanes:backward": null, "turn:lanes:forward": null, "sidewalk:left": null, "sidewalk:right": null, "turn:lanes:backward": null }, "geometry": { "type": "Polygon", "coordinates": [ [ [ 430133.496171612874605, 437578.257594771916047 ], [ 430135.351565619581379, 437591.736143326503225 ], [ 430135.988284667080734, 437596.371521840454079 ], [ 430139.548436914279591, 437642.326880327658728 ], [ 430136.325178762024734, 437708.105043502931949 ], [ 430131.333491508325096, 437737.566558410297148 ], [ 430125.929741145751905, 437760.113932318694424 ], [ 430125.923340869660024, 437760.140773865976371 ], [ 430125.821407445473596, 437760.570452408923302 ], [ 430118.233458708389662, 437784.603746792825405 ], [ 430094.747795880073681, 437836.088617218425497 ], [ 430094.353907696437091, 437837.062982792383991 ], [ 430087.222331013181247, 437857.200526545173489 ], [ 430086.991251998464577, 437857.925248239480425 ], [ 430080.851294872642029, 437879.524483701970894 ], [ 430078.771486312907655, 437886.83007653959794 ], [ 430078.418625428923406, 437888.526354935369454 ], [ 430074.547325357620139, 437917.496973175439052 ], [ 430074.526341326883994, 437917.662794226547703 ], [ 430072.961571553838439, 437930.759681681753136 ], [ 430072.92120308696758, 437931.152262595482171 ], [ 430069.110240784299094, 437975.344224700471386 ], [ 430069.068503415270243, 437976.123739348899107 ], [ 430068.385668148752302, 438008.697534929320682 ], [ 430068.396970171539579, 438009.52722961443942 ], [ 430070.12201529747108, 438045.287509271060117 ], [ 430070.242731957871001, 438046.501956481020898 ], [ 430073.114392421965022, 438065.509206945076585 ], [ 430073.984772742609493, 438071.296545009245165 ], [ 430074.245207466592547, 438072.561166357481852 ], [ 430075.895354413602035, 438078.841930264199618 ], [ 430086.155120249080937, 438118.657353643386159 ], [ 430086.492730564263184, 438119.749373091151938 ], [ 430098.868733339419123, 438153.920229544513859 ], [ 430099.257365196186583, 438154.865462528658099 ], [ 430117.524236594908871, 438194.415668462810572 ], [ 430134.127003826783039, 438230.739670881535858 ], [ 430155.954957221983932, 438220.762674811761826 ], [ 430139.342322831857018, 438184.41708474594634 ], [ 430139.322503191884607, 438184.373948652297258 ], [ 430121.260139253223315, 438145.266528567124624 ], [ 430109.253147185547277, 438112.114531930012163 ], [ 430099.129075597971678, 438072.825701849244069 ], [ 430099.114791298110504, 438072.770805559586734 ], [ 430097.621721275325399, 438067.087905423657503 ], [ 430096.846891030436382, 438061.935899498173967 ], [ 430094.064699566399213, 438043.520817727490794 ], [ 430092.389097085455433, 438008.785486801585648 ], [ 430093.055047317116987, 437977.017170523118693 ], [ 430096.815500822209287, 437933.410909008176532 ], [ 430098.346943579497747, 437920.592963658215012 ], [ 430102.092132199497428, 437892.566092129505705 ], [ 430103.934759944269899, 437886.093627155933063 ], [ 430109.972580755071249, 437864.853691700904164 ], [ 430116.80153759312816, 437845.570660301367752 ], [ 430140.373448156460654, 437793.896719058509916 ], [ 430140.898925328045152, 437792.529343881178647 ], [ 430148.83954658661969, 437767.379030547570437 ], [ 430149.072289995441679, 437766.536014112411067 ], [ 430149.272040540119633, 437765.69400842388859 ], [ 430154.76684538309928, 437742.766705896065105 ], [ 430154.928684566810261, 437741.974559343478177 ], [ 430160.107228956359904, 437711.410192030889448 ], [ 430160.261466608382761, 437709.992910652828868 ], [ 430163.556806526030414, 437642.74374952953076 ], [ 430163.535339640337043, 437641.229570454976056 ], [ 430159.889149428985547, 437594.163611855416093 ], [ 430159.813366942456923, 437593.457476981566288 ], [ 430159.128068242163863, 437588.468433723552153 ], [ 430157.273072709038388, 437574.992785189242568 ], [ 430154.865569257584866, 437557.444750976050273 ], [ 430131.088299673923757, 437560.706874692812562 ], [ 430133.496171612874605, 437578.257594771916047 ] ] ] } },
{ "type": "Feature", "properties": { "highway": "trunk", "lanes": "2", "lit": "yes", "maxspeed": "40 mph", "name": null, "surface": null, "osm_type": "way", "osm_id": 23162188, "junction": "roundabout", "ref": "A61", "sidewalk": null, "oneway": null, "turn:lanes": null, "source": "local_knowledge", "maxspeed:type": null, "postal_code": null, "source_ref": null, "source:name": null, "motor_vehicle": null, "busway:right": null, "cycleway:right": null, "lanes:forward": null, "cycleway:both": null, "sidewalk:both": null, "lanes:backward": null, "turn:lanes:forward": null, "sidewalk:left": null, "sidewalk:right": null, "turn:lanes:backward": null }, "geometry": { "type": "Polygon", "coordinates": [ [ [ 430154.958851629635319, 438266.866971148410812 ], [ 430156.204300311161205, 438267.003614450222813 ], [ 430157.457207869330887, 438267.00965275010094 ], [ 430158.703915751364548, 438266.885020221583545 ], [ 430159.930832990270574, 438266.631075544224586 ], [ 430161.124584366451018, 438266.250587092130445 ], [ 430167.64855739462655, 438263.789115652325563 ], [ 430168.781757855555043, 438263.293433592305519 ], [ 430169.857915564265568, 438262.68373811483616 ], [ 430170.865597511059605, 438261.966506573779043 ], [ 430171.794098166923504, 438261.149358777271118 ], [ 430172.633553218329325, 438260.240976035303902 ], [ 430173.375044364889618, 438259.251008930325042 ], [ 430174.010694066411816, 438258.189974790322594 ], [ 430178.986647691694088, 438248.820160886738449 ], [ 430179.512615020095836, 438247.692140222294256 ], [ 430179.918914573790971, 438246.515707936719991 ], [ 430180.20117560721701, 438245.303519437031355 ], [ 430180.35636171256192, 438244.068614775664173 ], [ 430180.803649794077501, 438237.963081850553863 ], [ 430180.83554455509875, 438237.020977156644221 ], [ 430180.808401524205692, 438232.036160599498544 ], [ 430180.719621033582371, 438230.643047480669338 ], [ 430180.206961410294753, 438226.456209397467319 ], [ 430179.939308588043787, 438225.010959161561914 ], [ 430179.496973700646777, 438223.609272276051342 ], [ 430178.150757107243408, 438220.106908670975827 ], [ 430177.723547478613909, 438219.127956777228974 ], [ 430177.210980955569539, 438218.190870635793544 ], [ 430176.617118399415631, 438217.30307440838078 ], [ 430175.946664747549221, 438216.47160175233148 ], [ 430172.58873714087531, 438212.667005987023003 ], [ 430171.682066104665864, 438211.745018081215676 ], [ 430170.681451397831552, 438210.925942825269885 ], [ 430167.079111082886811, 438208.28805237961933 ], [ 430166.159780872811098, 438207.677737094461918 ], [ 430165.188274701009504, 438207.154450805101078 ], [ 430164.172807548078708, 438206.722618379513733 ], [ 430163.121966125094332, 438206.385891359124798 ], [ 430157.853512438305188, 438204.961193093273323 ], [ 430156.703713435505051, 438204.710049702436663 ], [ 430155.534842882771045, 438204.572745730925817 ], [ 430154.358143940975424, 438204.550601881637704 ], [ 430153.184935070981737, 438204.643831152410712 ], [ 430152.026501163083594, 438204.851536787115037 ], [ 430150.893984989961609, 438205.171720901795197 ], [ 430149.798280026123393, 438205.601303701521829 ], [ 430148.749925665440969, 438206.136153104715049 ], [ 430147.759005844709463, 438206.771124488732312 ], [ 430144.678344013926107, 438208.965467993810307 ], [ 430144.126796158030629, 438209.382805256231222 ], [ 430141.308919686765876, 438211.6455994892749 ], [ 430140.319749192800373, 438212.534420055977535 ], [ 430139.435000064549968, 438213.527233858243562 ], [ 430135.653537298436277, 438218.276153804501519 ], [ 430134.940862952149473, 438219.27138696849579 ], [ 430134.333285503671505, 438220.334045624244027 ], [ 430133.837127107719425, 438221.453072264092043 ], [ 430133.457550546561833, 438222.616822842508554 ], [ 430133.198505508771632, 438223.813187938532792 ], [ 430131.472376479243394, 438234.361071887775324 ], [ 430131.351460953883361, 438235.362420919758733 ], [ 430131.315063496818766, 438236.370387026981916 ], [ 430131.363441245979629, 438237.377849205688108 ], [ 430132.125162409443874, 438245.816583142906893 ], [ 430132.302671406185254, 438247.056249122775625 ], [ 430132.608408096071798, 438248.270665139716584 ], [ 430133.039042749267537, 438249.446605181146879 ], [ 430135.904442793864291, 438256.16314477781998 ], [ 430136.461871000414249, 438257.299624873674475 ], [ 430137.135913133621216, 438258.371063353610225 ], [ 430137.919069008668885, 438259.365538134181406 ], [ 430138.802624312986154, 438260.271983520244248 ], [ 430139.776747572002932, 438261.080313335347455 ], [ 430140.830599545617588, 438261.781533152039628 ], [ 430145.373610269802157, 438264.469970115169417 ], [ 430146.361353585729375, 438264.993961570435204 ], [ 430147.393580110161565, 438265.423743265680969 ], [ 430148.46132808184484, 438265.755583848454989 ], [ 430149.555327343172394, 438265.986602288321592 ], [ 430154.958851629635319, 438266.866971148410812 ] ], [ [ 430155.813723411294632, 438241.285322802490555 ], [ 430155.403039593831636, 438236.735558880900498 ], [ 430156.378004295867868, 438230.777826662873849 ], [ 430156.465508957684506, 438230.667934629134834 ], [ 430156.523548076685984, 438230.733694053429645 ], [ 430156.564529841416515, 438230.840313628665172 ], [ 430156.81256424280582, 438232.865984913078137 ], [ 430156.83333198208129, 438236.679979418579023 ], [ 430156.605119201005436, 438239.795109703205526 ], [ 430155.813723411294632, 438241.285322802490555 ] ] ] } },
{ "type": "Feature", "properties": { "highway": "trunk", "lanes": "2", "lit": "yes", "maxspeed": "40 mph", "name": "Scott Hall Road", "surface": null, "osm_type": "way", "osm_id": 23162189, "junction": null, "ref": "A61", "sidewalk": "left", "oneway": "yes", "turn:lanes": null, "source": "OS_OpenData_StreetView;Bing;npe", "maxspeed:type": "sign", "postal_code": null, "source_ref": null, "source:name": null, "motor_vehicle": null, "busway:right": null, "cycleway:right": null, "lanes:forward": null, "cycleway:both": null, "sidewalk:both": null, "lanes:backward": null, "turn:lanes:forward": null, "sidewalk:left": null, "sidewalk:right": null, "turn:lanes:backward": null }, "geometry": { "type": "Polygon", "coordinates": [ [ [ 430160.446047598379664, 438200.619366012339015 ], [ 430160.369860578735825, 438200.461797499097884 ], [ 430140.460259940882679, 438160.04001261893427 ], [ 430120.334225378232077, 438108.070409059117083 ], [ 430116.713460420025513, 438097.165644027292728 ], [ 430110.542914705176372, 438071.100269015179947 ], [ 430108.61652909318218, 438059.752350071328692 ], [ 430105.239040953398217, 438039.846065602847375 ], [ 430103.217646705103107, 438008.775177676347084 ], [ 430104.042573158454616, 437975.04161454323912 ], [ 430107.734285174869001, 437934.20370825874852 ], [ 430111.326780565024819, 437911.025129917718004 ], [ 430115.234130554075819, 437888.293994371255394 ], [ 430091.581032931047957, 437884.228164463595022 ], [ 430087.656949620170053, 437907.056646653509233 ], [ 430087.62508769298438, 437907.251602208532859 ], [ 430083.95898360083811, 437930.905099757772405 ], [ 430083.866127891873475, 437931.662674828141462 ], [ 430080.104534270009026, 437973.273614990233909 ], [ 430080.059387149231043, 437974.060636922891717 ], [ 430079.211695287202019, 438008.725141653849278 ], [ 430079.233423395256978, 438009.797547132417094 ], [ 430081.329866454645526, 438042.022011705732439 ], [ 430081.47363619931275, 438043.250313468044624 ], [ 430084.954782832122874, 438063.767541739856824 ], [ 430086.946014984685462, 438075.497457818186376 ], [ 430087.099512367683928, 438076.253504176740535 ], [ 430093.48085321020335, 438103.209311624988914 ], [ 430093.769473922147881, 438104.22634083306184 ], [ 430097.649442607420497, 438115.911757404508535 ], [ 430097.84788843797287, 438116.463904412114061 ], [ 430118.271102249622345, 438169.200886548496783 ], [ 430118.69625363004161, 438170.169591065379791 ], [ 430138.801132411463186, 438210.987842517322861 ], [ 430143.879764521087054, 438221.689822385262232 ], [ 430165.562198664003517, 438211.400407939276192 ], [ 430160.446047598379664, 438200.619366012339015 ] ] ] } },
{ "type": "Feature", "properties": { "highway": "trunk", "lanes": "2", "lit": "yes", "maxspeed": "40 mph", "name": "Scott Hall Road", "surface": null, "osm_type": "way", "osm_id": 23162214, "junction": null, "ref": "A61", "sidewalk": null, "oneway": "yes", "turn:lanes": null, "source": "extrapolation and local_knowledge", "maxspeed:type": null, "postal_code": null, "source_ref": null, "source:name": null, "motor_vehicle": null, "busway:right": null, "cycleway:right": null, "lanes:forward": null, "cycleway:both": null, "sidewalk:both": null, "lanes:backward": null, "turn:lanes:forward": null, "sidewalk:left": null, "sidewalk:right": null, "turn:lanes:backward": null }, "geometry": { "type": "Polygon", "coordinates": [ [ [ 430355.871312885254156, 438586.628113408049103 ], [ 430358.634013124043122, 438590.103295555629302 ], [ 430377.420781164197251, 438575.168191049655434 ], [ 430374.548957514460199, 438571.555743293545675 ], [ 430374.326746416278183, 438571.284459249232896 ], [ 430357.551279311417602, 438551.404117586207576 ], [ 430339.208933467627503, 438566.881790180807002 ], [ 430355.871312885254156, 438586.628113408049103 ] ] ] } },
{ "type": "Feature", "properties": { "highway": "residential", "lanes": null, "lit": null, "maxspeed": "20 mph", "name": "Woodbourne Avenue", "surface": null, "osm_type": "way", "osm_id": 23190299, "junction": null, "ref": null, "sidewalk": null, "oneway": null, "turn:lanes": null, "source": "OS_OpenData_StreetView;Bing;npe", "maxspeed:type": null, "postal_code": null, "source_ref": null, "source:name": null, "motor_vehicle": null, "busway:right": null, "cycleway:right": null, "lanes:forward": null, "cycleway:both": null, "sidewalk:both": null, "lanes:backward": null, "turn:lanes:forward": null, "sidewalk:left": null, "sidewalk:right": null, "turn:lanes:backward": null }, "geometry": { "type": "Polygon", "coordinates": [ [ [ 430069.207899749046192, 438077.685546185413841 ], [ 430068.754734107933473, 438077.891542457626201 ], [ 430068.32429739437066, 438078.141578051261604 ], [ 430067.92085598630365, 438078.433174678008072 ], [ 430067.548408691014629, 438078.76344210706884 ], [ 430067.210647110245191, 438079.129106812761165 ], [ 430053.980484265426639, 438094.966176505782641 ], [ 430053.644862793735228, 438095.41723343974445 ], [ 430053.362001729081385, 438095.903117940470111 ], [ 430039.166344629134983, 438123.783958180749323 ], [ 430038.975521449872758, 438124.206030466011725 ], [ 430038.82457631995203, 438124.643950627068989 ], [ 430023.580139292520471, 438176.562326812534593 ], [ 430023.458428511861712, 438177.075615533802193 ], [ 430023.39147387642879, 438177.598870636313222 ], [ 430022.333295300544705, 438191.778288801200688 ], [ 430032.305564545968082, 438192.522497170371935 ], [ 430033.324319786566775, 438178.871345188119449 ], [ 430048.288594558427576, 438127.907124892342836 ], [ 430062.017090496374294, 438100.943807922245469 ], [ 430074.069987521448638, 438086.515975670481566 ], [ 430089.348642090684734, 438080.469226062588859 ], [ 430085.668710646103136, 438071.170941029151436 ], [ 430069.207899749046192, 438077.685546185413841 ] ] ] } },
{ "type": "Feature", "properties": { "highway": "tertiary", "lanes": "4", "lit": "yes", "maxspeed": "30 mph", "name": "Harrogate Road", "surface": "asphalt", "osm_type": "way", "osm_id": 38757436, "junction": null, "ref": null, "sidewalk": null, "oneway": null, "turn:lanes": null, "source": null, "maxspeed:type": null, "postal_code": null, "source_ref": null, "source:name": null, "motor_vehicle": null, "busway:right": "lane", "cycleway:right": "share_busway", "lanes:forward": "2", "cycleway:both": null, "sidewalk:both": null, "lanes:backward": null, "turn:lanes:forward": null, "sidewalk:left": null, "sidewalk:right": null, "turn:lanes:backward": null }, "geometry": { "type": "Polygon", "coordinates": [ [ [ 430768.248112562170718, 438674.594293311412912 ], [ 430767.739481117518153, 438682.913165410747752 ], [ 430767.437292636721395, 438687.850986601435579 ], [ 430767.075584227277432, 438693.814672185166273 ], [ 430766.659680618904531, 438700.592343997443095 ], [ 430765.725774139398709, 438708.908357817912474 ], [ 430761.973734834289644, 438740.750722404336557 ], [ 430785.808838309545536, 438743.559252682840452 ], [ 430789.564709322934505, 438711.684369606431574 ], [ 430789.572195223765448, 438711.619312188529875 ], [ 430790.543609350745101, 438702.96930977125885 ], [ 430790.596042232646141, 438702.365084997785743 ], [ 430791.030786047806032, 438695.280388345883694 ], [ 430791.3926748658414, 438689.313748699321877 ], [ 430791.694684330548625, 438684.378852668683976 ], [ 430792.203380237973761, 438676.058926570753101 ], [ 430793.648284482769668, 438652.424629578599706 ], [ 430769.693010339513421, 438650.960102103883401 ], [ 430768.248112562170718, 438674.594293311412912 ] ] ] } },
{ "type": "Feature", "properties": { "highway": "tertiary", "lanes": "2", "lit": "yes", "maxspeed": "30 mph", "name": "Harrogate Road", "surface": "asphalt", "osm_type": "way", "osm_id": 39006627, "junction": null, "ref": null, "sidewalk": null, "oneway": null, "turn:lanes": null, "source": null, "maxspeed:type": null, "postal_code": null, "source_ref": null, "source:name": null, "motor_vehicle": null, "busway:right": null, "cycleway:right": null, "lanes:forward": null, "cycleway:both": null, "sidewalk:both": null, "lanes:backward": null, "turn:lanes:forward": null, "sidewalk:left": null, "sidewalk:right": null, "turn:lanes:backward": null }, "geometry": { "type": "Polygon", "coordinates": [ [ [ 430487.942446544882841, 437108.917470240092371 ], [ 430487.927959708147682, 437109.044446804735344 ], [ 430486.102594853902701, 437126.453337032988202 ], [ 430485.793348033679649, 437128.988897608942352 ], [ 430484.798286049976014, 437135.762762915110216 ], [ 430481.191964261990506, 437158.779366200149525 ], [ 430478.394987216393929, 437175.156394857913256 ], [ 430477.526495512982365, 437180.222197816648986 ], [ 430477.495211235829629, 437180.421956506092101 ], [ 430472.231920021702535, 437217.527739858138375 ], [ 430472.197325527376961, 437217.8138796123676 ], [ 430464.939936550159473, 437290.344369776896201 ], [ 430464.92016806761967, 437290.583106419013347 ], [ 430460.631805568817072, 437355.956361462769564 ], [ 430460.627015232981648, 437356.036403100180905 ], [ 430460.142868498340249, 437364.985193451517262 ], [ 430459.726164341904223, 437371.38898843631614 ], [ 430452.810362263931893, 437451.08975648478372 ], [ 430452.797755954030436, 437451.258771808177698 ], [ 430448.769910947070457, 437515.783298068447039 ], [ 430445.716401280311402, 437551.196431842632592 ], [ 430444.876260012504645, 437560.961222676211037 ], [ 430443.239015123923309, 437579.987035218684468 ], [ 430440.494554541772231, 437611.792314879770856 ], [ 430438.39282186870696, 437633.85523471259512 ], [ 430436.881641097541433, 437649.688832765619736 ], [ 430432.467323984252289, 437696.025208995561115 ], [ 430432.464411636581644, 437696.056524429353885 ], [ 430429.132819542312063, 437732.77436712931376 ], [ 430429.130383953626733, 437732.801810010860208 ], [ 430427.103932894649915, 437756.156594904954545 ], [ 430418.887677273480222, 437795.300617135711946 ], [ 430408.946426775015425, 437823.158478948462289 ], [ 430396.223502898064908, 437858.797548720962368 ], [ 430389.642346931912471, 437876.952622863755096 ], [ 430382.700302698533051, 437896.100563125277404 ], [ 430382.574036961421371, 437896.48279565165285 ], [ 430378.2149538967642, 437911.074672265793197 ], [ 430378.029291114187799, 437911.857828779087868 ], [ 430373.985325250891037, 437934.696438235521782 ], [ 430373.920405243057758, 437935.148541921749711 ], [ 430372.025786011829041, 437952.30434961267747 ], [ 430371.984202955383807, 437952.972555722750258 ], [ 430372.006645992631093, 437953.641678182524629 ], [ 430372.713836864801124, 437962.313752376358025 ], [ 430372.766650003846735, 437962.773322934983298 ], [ 430374.172847984882537, 437972.239904224523343 ], [ 430374.264369381067809, 437972.733511705300771 ], [ 430379.257596399926115, 437995.147066737350542 ], [ 430382.376475937431678, 438009.248155494045932 ], [ 430382.507305887818802, 438009.750529116368853 ], [ 430382.675007169076707, 438010.241825373843312 ], [ 430389.327608070510905, 438027.597688411362469 ], [ 430389.599249141174369, 438028.215474771393929 ], [ 430389.929119275358971, 438028.804231556889135 ], [ 430397.608309841773007, 438041.081982358882669 ], [ 430397.939983398187906, 438041.565910253208131 ], [ 430398.311015125596896, 438042.020364884810988 ], [ 430413.788010605960153, 438059.433504279411864 ], [ 430414.211947381263599, 438059.870608438155614 ], [ 430414.67226722050691, 438060.269216115702875 ], [ 430443.322401920508128, 438082.975125536555424 ], [ 430444.052816336450633, 438083.481959985045251 ], [ 430477.798202881123871, 438103.851246949576307 ], [ 430486.381513690284919, 438109.02687977894675 ], [ 430486.405816107348073, 438109.041466830472928 ], [ 430511.577957387664355, 438124.081313562055584 ], [ 430512.075532255461439, 438124.351911426871084 ], [ 430535.281738278397825, 438135.780939173768274 ], [ 430558.045103225973435, 438148.340852571476717 ], [ 430572.779867770033889, 438156.664585122722201 ], [ 430573.170192475547083, 438156.869149522099178 ], [ 430578.452848620479926, 438159.429106970375869 ], [ 430609.2346976538538, 438175.203072106291074 ], [ 430613.925501569698099, 438177.916132207144983 ], [ 430624.167284310562536, 438183.836401336709969 ], [ 430624.488587767002173, 438184.01109580299817 ], [ 430640.558872783847619, 438192.212127476232126 ], [ 430678.603518247720785, 438214.199078697012737 ], [ 430691.074525266594719, 438224.393636162392795 ], [ 430699.527251297957264, 438234.371327165048569 ], [ 430711.708223372872453, 438252.007085144810844 ], [ 430723.059691796719562, 438281.98048880638089 ], [ 430736.164306557213422, 438332.163267014257144 ], [ 430743.543883861333597, 438362.059509936021641 ], [ 430759.458848951675463, 438436.184101244027261 ], [ 430773.146904116787482, 438433.245199102850165 ], [ 430757.209522845572792, 438359.01620352891041 ], [ 430757.161516323743854, 438358.80812732927734 ], [ 430749.7450827153516, 438328.762571651430335 ], [ 430749.721938800415955, 438328.67144543165341 ], [ 430736.511093775217887, 438278.081869320361875 ], [ 430736.284484199306462, 438277.371333244431298 ], [ 430724.498764328076504, 438246.251294324931223 ], [ 430724.150952885742299, 438245.477924646926112 ], [ 430723.71217929472914, 438244.752286173519678 ], [ 430710.85075253242394, 438226.131357707432471 ], [ 430710.432116491603665, 438225.584820920834318 ], [ 430701.342233990319073, 438214.855023396201432 ], [ 430700.907318176701665, 438214.386774650600273 ], [ 430700.43151039944496, 438213.960141773626674 ], [ 430687.026210066687781, 438203.001836291456129 ], [ 430686.57528428506339, 438202.662598492403049 ], [ 430686.098499215964694, 438202.360783412121236 ], [ 430647.406004681950435, 438179.999424026114866 ], [ 430647.085271971300244, 438179.825059443945065 ], [ 430631.015280745341443, 438171.624177698860876 ], [ 430620.934100809681695, 438165.796745364845265 ], [ 430616.090047004690859, 438162.995048823999241 ], [ 430615.777733013790566, 438162.82485190051375 ], [ 430584.768088758049998, 438146.934154534188565 ], [ 430584.628360929142218, 438146.864508206315804 ], [ 430579.473836017481517, 438144.366642723849509 ], [ 430564.900475836882833, 438136.13408819923643 ], [ 430564.839230843877885, 438136.099894276296254 ], [ 430541.902435276191682, 438123.444288806116674 ], [ 430541.613479477760848, 438123.293520528706722 ], [ 430518.515305800363421, 438111.917698578268755 ], [ 430493.598639684380032, 438097.030493104830384 ], [ 430485.031612223014235, 438091.864679805468768 ], [ 430451.668940166360699, 438071.72640578908613 ], [ 430423.846467929251958, 438049.676438447088003 ], [ 430409.165928776201326, 438033.159390614135191 ], [ 430402.157783926464617, 438021.954530504764989 ], [ 430395.933761407854035, 438005.716778687725309 ], [ 430392.926074845716357, 437992.118415988923516 ], [ 430392.923765994550195, 437992.108014748431742 ], [ 430387.983997027447913, 437969.934421765152365 ], [ 430386.648707413522061, 437960.945198451110628 ], [ 430386.014929455996025, 437953.173365291731898 ], [ 430387.810724211100023, 437936.912414825579617 ], [ 430391.74456917407224, 437914.69572165660793 ], [ 430395.930636278237216, 437900.683009859872982 ], [ 430402.804103999049403, 437881.724221226118971 ], [ 430409.391233228554484, 437863.55266898998525 ], [ 430409.40277874172898, 437863.520575194095727 ], [ 430422.131579781882465, 437827.865042489778716 ], [ 430432.233342414023355, 437799.557385824737139 ], [ 430432.491265488381032, 437798.642659235280007 ], [ 430440.891991081996821, 437758.619782081339508 ], [ 430441.015073603193741, 437757.786933468014468 ], [ 430443.076787923346274, 437734.025740594777744 ], [ 430446.40571422141511, 437697.337277928192634 ], [ 430450.818367586878594, 437651.018364685762208 ], [ 430452.329550294380169, 437635.184746344748419 ], [ 430454.434414575633127, 437613.088953664933797 ], [ 430454.440045324212406, 437613.026922809309326 ], [ 430457.187253655632958, 437581.189799755928107 ], [ 430458.824714099755511, 437562.161484555690549 ], [ 430459.664702009351458, 437552.39847476844443 ], [ 430462.725272961659357, 437516.903447606950067 ], [ 430462.737551904225256, 437516.738216933503281 ], [ 430466.765278558013961, 437452.215586646227166 ], [ 430473.680282591434661, 437372.52401561656734 ], [ 430473.69171446270775, 437372.373423627519514 ], [ 430474.115806466492359, 437365.856094234914053 ], [ 430474.120357463369146, 437365.779715867771301 ], [ 430474.604405033751391, 437356.832758431788534 ], [ 430478.882301708392333, 437291.619047967717052 ], [ 430486.1134124485543, 437219.351183028542437 ], [ 430491.342260865552817, 437182.488218649697956 ], [ 430492.194044406351168, 437177.519872303644661 ], [ 430495.000241430534516, 437161.088866702339146 ], [ 430495.015775660518557, 437160.993987917259801 ], [ 430498.6347213985282, 437137.896814880950842 ], [ 430498.644770002283622, 437137.83061279047979 ], [ 430499.657155984197743, 437130.938814699708018 ], [ 430499.679991583980154, 437130.768919647263829 ], [ 430500.006774613575544, 437128.089577088074293 ], [ 430500.020099319051951, 437127.972075249243062 ], [ 430501.84496641671285, 437110.567932230769657 ], [ 430503.185153545404319, 437099.70284900983097 ], [ 430489.290456674818415, 437097.988964861433487 ], [ 430487.942446544882841, 437108.917470240092371 ] ] ] } },
{ "type": "Feature", "properties": { "highway": "secondary", "lanes": "2", "lit": "yes", "maxspeed": "30 mph", "name": "Stonegate Road", "surface": "asphalt", "osm_type": "way", "osm_id": 39428920, "junction": null, "ref": "B6157", "sidewalk": null, "oneway": null, "turn:lanes": null, "source": null, "maxspeed:type": null, "postal_code": null, "source_ref": null, "source:name": null, "motor_vehicle": null, "busway:right": null, "cycleway:right": null, "lanes:forward": null, "cycleway:both": null, "sidewalk:both": null, "lanes:backward": null, "turn:lanes:forward": null, "sidewalk:left": null, "sidewalk:right": null, "turn:lanes:backward": null }, "geometry": { "type": "Polygon", "coordinates": [ [ [ 430131.743614099628758, 438710.995095429301728 ], [ 430142.581160069734324, 438721.394243724585976 ], [ 430148.756172762543429, 438727.326431732275523 ], [ 430166.566243938170373, 438744.472696290817112 ], [ 430166.580215417605359, 438744.486114477913361 ], [ 430201.585931166599039, 438778.024170641379897 ], [ 430201.80000569234835, 438778.221918494265992 ], [ 430229.349240560783073, 438802.755346954392735 ], [ 430234.361930338840466, 438807.217229038651567 ], [ 430234.388517262821551, 438807.240788929222617 ], [ 430239.20380089210812, 438811.488783404638525 ], [ 430239.750970030727331, 438811.930291298136581 ], [ 430285.990372013766319, 438845.997681217908394 ], [ 430286.184830405574758, 438846.136518619139679 ], [ 430352.14580671407748, 438891.759041619079653 ], [ 430358.430111621855758, 438896.83125933946576 ], [ 430396.064118655573111, 438927.826056940946728 ], [ 430396.154915243270807, 438927.899728675431106 ], [ 430433.006658655474894, 438957.356996845512185 ], [ 430433.633212356711738, 438957.809999091667123 ], [ 430434.30056936154142, 438958.200402989808936 ], [ 430435.002496340952348, 438958.524562042031903 ], [ 430472.584717793914024, 438973.722765332728159 ], [ 430473.265188895515166, 438973.962844312540255 ], [ 430473.964524489128962, 438974.140632287831977 ], [ 430489.247944173868746, 438977.29982265108265 ], [ 430548.899754398444202, 438989.605385414790362 ], [ 430555.480124729685485, 438990.962212508718949 ], [ 430586.602137518115342, 439002.619825533940457 ], [ 430619.544757769908756, 439016.267863716348074 ], [ 430624.426353000628296, 439018.292518026137259 ], [ 430646.371878850855865, 439030.565868075413164 ], [ 430655.941968363535125, 439037.517932885268237 ], [ 430655.955191400717013, 439037.527517981128767 ], [ 430661.947014110104647, 439041.86153887398541 ], [ 430661.95774633961264, 439041.869288221525494 ], [ 430664.013987717917189, 439043.351437707606237 ], [ 430673.369745064992458, 439030.371845862653572 ], [ 430671.31887300935341, 439028.893566612328868 ], [ 430665.339029612136073, 439024.568210626894142 ], [ 430655.392184711294249, 439017.342456853890326 ], [ 430654.595266827207524, 439016.832681542786304 ], [ 430631.828066799440421, 439004.099798426206689 ], [ 430630.988017820985988, 439003.69240804068977 ], [ 430625.673056306608487, 439001.488013938360382 ], [ 430592.599104579072446, 438987.785564828314818 ], [ 430592.343322836328298, 438987.68470933905337 ], [ 430560.510567480581813, 438975.760867973556742 ], [ 430559.921901263005566, 438975.566027911030687 ], [ 430559.31991276179906, 438975.417365844419692 ], [ 430552.131963170191739, 438973.935260125086643 ], [ 430492.485218658228405, 438961.630743020388763 ], [ 430477.912172864365857, 438958.618391937634442 ], [ 430442.084131937124766, 438944.129577054758556 ], [ 430406.190713504271116, 438915.43834146001609 ], [ 430368.571307184698526, 438884.455568785313517 ], [ 430368.510003325762227, 438884.405586425098591 ], [ 430361.964595569123048, 438879.122626145835966 ], [ 430361.490832971350756, 438878.76834899536334 ], [ 430295.384687409619801, 438833.045418330701068 ], [ 430249.524772294505965, 438799.257619550626259 ], [ 430244.986682967515662, 438795.254163082805462 ], [ 430239.9893255874631, 438790.805928915215191 ], [ 430212.549617336655501, 438766.370037226995919 ], [ 430177.656131478899624, 438732.939505572430789 ], [ 430159.849965472356416, 438715.797000631806441 ], [ 430159.843817441374995, 438715.791088058787864 ], [ 430153.664036128146108, 438709.854318950732704 ], [ 430142.68733247066848, 438699.321640230016783 ], [ 430142.413350773917045, 438699.070698279887438 ], [ 430072.525491325708572, 438637.982746776891872 ], [ 430061.995659834414255, 438650.029432991985232 ], [ 430131.743614099628758, 438710.995095429301728 ] ] ] } },
{ "type": "Feature", "properties": { "highway": "tertiary", "lanes": "2", "lit": "yes", "maxspeed": "30 mph", "name": "Harrogate Road", "surface": "asphalt", "osm_type": "way", "osm_id": 40135466, "junction": null, "ref": null, "sidewalk": null, "oneway": null, "turn:lanes": null, "source": null, "maxspeed:type": null, "postal_code": null, "source_ref": null, "source:name": null, "motor_vehicle": null, "busway:right": null, "cycleway:right": null, "lanes:forward": null, "cycleway:both": null, "sidewalk:both": null, "lanes:backward": null, "turn:lanes:forward": null, "sidewalk:left": null, "sidewalk:right": null, "turn:lanes:backward": null }, "geometry": { "type": "Polygon", "coordinates": [ [ [ 430730.697881668980699, 438969.983657022414263 ], [ 430744.532889650377911, 438972.126681556983385 ], [ 430754.66695799282752, 438906.702831226575654 ], [ 430740.831950011430308, 438904.559806692006532 ], [ 430730.697881668980699, 438969.983657022414263 ] ] ] } },
{ "type": "Feature", "properties": { "highway": "tertiary", "lanes": null, "lit": "yes", "maxspeed": "30 mph", "name": "Harrogate Road", "surface": "asphalt", "osm_type": "way", "osm_id": 53811868, "junction": null, "ref": null, "sidewalk": null, "oneway": null, "turn:lanes": null, "source": null, "maxspeed:type": null, "postal_code": null, "source_ref": null, "source:name": null, "motor_vehicle": null, "busway:right": null, "cycleway:right": null, "lanes:forward": null, "cycleway:both": null, "sidewalk:both": null, "lanes:backward": null, "turn:lanes:forward": null, "sidewalk:left": null, "sidewalk:right": null, "turn:lanes:backward": null }, "geometry": { "type": "Polygon", "coordinates": [ [ [ 430761.691197814536281, 438445.822369964385871 ], [ 430775.329855303862132, 438442.662144990114029 ], [ 430773.122205278894398, 438433.134537686302792 ], [ 430759.483547789568547, 438436.294762660574634 ], [ 430761.691197814536281, 438445.822369964385871 ] ] ] } },
{ "type": "Feature", "properties": { "highway": "tertiary", "lanes": "2", "lit": null, "maxspeed": "20 mph", "name": "Carr Manor Road", "surface": "asphalt", "osm_type": "way", "osm_id": 54843906, "junction": null, "ref": null, "sidewalk": "both", "oneway": null, "turn:lanes": null, "source": "OS7", "maxspeed:type": null, "postal_code": null, "source_ref": null, "source:name": null, "motor_vehicle": null, "busway:right": null, "cycleway:right": null, "lanes:forward": null, "cycleway:both": null, "sidewalk:both": null, "lanes:backward": null, "turn:lanes:forward": null, "sidewalk:left": null, "sidewalk:right": null, "turn:lanes:backward": null }, "geometry": { "type": "Polygon", "coordinates": [ [ [ 429643.737650800321717, 437667.579680321796332 ], [ 429643.779969482449815, 437667.651982983050402 ], [ 429658.796425036154687, 437692.95941374351969 ], [ 429662.053418215655256, 437698.444833205547184 ], [ 429668.461598596652038, 437709.234279121970758 ], [ 429668.776776739105117, 437709.718281862267759 ], [ 429676.539445230038837, 437720.626796635391656 ], [ 429676.657080441131257, 437720.787228249653708 ], [ 429704.261267383059021, 437757.333377161179669 ], [ 429713.33408101456007, 437772.245972506760154 ], [ 429713.453551046550274, 437772.435445235052612 ], [ 429727.436623889196198, 437793.844742178567685 ], [ 429780.950862028868869, 437887.652681845880579 ], [ 429820.042681723833084, 437957.996907176799141 ], [ 429820.065196100622416, 437958.037108741875272 ], [ 429835.631229315767996, 437985.618424089101609 ], [ 429838.004735346999951, 437989.823226736683864 ], [ 429853.355251211847644, 438047.37372236646479 ], [ 429886.190112064476125, 438174.021333621873055 ], [ 429902.552802596299443, 438240.816393207991496 ], [ 429902.575723186251707, 438240.907318988698535 ], [ 429910.578046801441815, 438271.778587006614543 ], [ 429910.822589348885231, 438272.539946662785951 ], [ 429911.152370674477424, 438273.268447768408805 ], [ 429911.563087000045925, 438273.954583092883695 ], [ 429914.894406062318012, 438278.860346970323008 ], [ 429915.295211565680802, 438279.393952115089633 ], [ 429915.745010668120813, 438279.886963544471655 ], [ 429916.239714975643437, 438280.334900091518648 ], [ 429916.774827933986671, 438280.733690291759558 ], [ 429917.345485699479468, 438281.079709390585776 ], [ 429917.946501348225866, 438281.369812289602123 ], [ 429924.53542444948107, 438284.171227297047153 ], [ 429925.159454143547919, 438284.402181280252989 ], [ 429925.802593450353015, 438284.572840687993448 ], [ 430084.413730414584279, 438318.683163318841252 ], [ 430111.174313907744363, 438324.678871861950029 ], [ 430114.235130410641432, 438311.017561444023158 ], [ 430087.44524300203193, 438305.015287358837668 ], [ 430087.386579915997572, 438305.002407942491118 ], [ 429929.398821257927921, 438271.026146737334784 ], [ 429925.319514051661827, 438269.291746099770535 ], [ 429923.826013713667635, 438267.09238906664541 ], [ 429916.13958729384467, 438237.439785458554979 ], [ 429899.77686111186631, 438170.644580342923291 ], [ 429899.753865324368235, 438170.55336449178867 ], [ 429866.901063402998261, 438043.836552592692897 ], [ 429866.888624758226797, 438043.78925610461738 ], [ 429851.302162963664159, 437985.354177486500703 ], [ 429851.125986523751635, 437984.790377479046583 ], [ 429850.902904242102522, 437984.24343791930005 ], [ 429850.634504594723694, 437983.717253335984424 ], [ 429847.823399801040068, 437978.737219330098014 ], [ 429832.268828789063264, 437951.176213758299127 ], [ 429793.169167494750582, 437880.817877771100029 ], [ 429793.130720034590922, 437880.749596002569888 ], [ 429739.492713688698132, 437786.724696497607511 ], [ 429739.273198746494018, 437786.365447599499021 ], [ 429725.236215286655352, 437764.873608826601412 ], [ 429716.038955472409725, 437749.7564666182152 ], [ 429715.644471838488244, 437749.175793791597243 ], [ 429687.888424106116872, 437712.428591066272929 ], [ 429680.351014727842994, 437701.836622383096255 ], [ 429674.091127585037611, 437691.296857733803336 ], [ 429670.835925030289218, 437685.814454616513103 ], [ 429655.841364368679933, 437660.543923606688622 ], [ 429638.636656561109703, 437630.741536786488723 ], [ 429626.511999986658338, 437637.741015549341682 ], [ 429643.737650800321717, 437667.579680321796332 ] ] ] } },
{ "type": "Feature", "properties": { "highway": "residential", "lanes": null, "lit": "yes", "maxspeed": "30 mph", "name": "Queenshill Drive", "surface": null, "osm_type": "way", "osm_id": 55024184, "junction": null, "ref": null, "sidewalk": null, "oneway": null, "turn:lanes": null, "source": "OS7;Bing", "maxspeed:type": null, "postal_code": null, "source_ref": null, "source:name": null, "motor_vehicle": null, "busway:right": null, "cycleway:right": null, "lanes:forward": null, "cycleway:both": null, "sidewalk:both": null, "lanes:backward": null, "turn:lanes:forward": null, "sidewalk:left": null, "sidewalk:right": null, "turn:lanes:backward": null }, "geometry": { "type": "Polygon", "coordinates": [ [ [ 429920.038799116795417, 438782.084182016376872 ], [ 429932.849926707567647, 438791.423969134397339 ], [ 429941.964114349219017, 438798.410590920015238 ], [ 429950.818182669579983, 438805.95864195440663 ], [ 429957.219582147314213, 438818.623778141627554 ], [ 429957.405511909513734, 438818.959055701852776 ], [ 429968.259335480863228, 438836.875261340639554 ], [ 429968.54009664861951, 438837.290257236047182 ], [ 429974.620671688287985, 438845.373562448949087 ], [ 429974.972645194211509, 438845.791762490407564 ], [ 429975.368165138468612, 438846.169043018948287 ], [ 429983.659298440499697, 438853.253993731923401 ], [ 429984.20468988979701, 438853.659307515190449 ], [ 429988.752288102812599, 438856.581280608021189 ], [ 430004.017014983575791, 438866.372239055752289 ], [ 430004.156665260321461, 438866.458609059045557 ], [ 430031.531876634864602, 438882.774175561615266 ], [ 430035.59381803451106, 438885.893806988198776 ], [ 430043.599351624958217, 438892.0346586270025 ], [ 430052.832110047282185, 438901.140676274488214 ], [ 430063.164632558939047, 438913.398879198008217 ], [ 430070.52555700019002, 438925.063077514292672 ], [ 430075.087035971111618, 438933.202251062495634 ], [ 430082.525711209396832, 438951.647220776125323 ], [ 430082.666791707451921, 438951.964763598283753 ], [ 430090.297048742184415, 438967.646408450906165 ], [ 430090.565493303060066, 438968.128519575577229 ], [ 430098.368388735281769, 438980.48447998764459 ], [ 430098.623619811842218, 438980.85124762362102 ], [ 430098.910575868561864, 438981.193764225812629 ], [ 430109.808804421802051, 438993.080063342582434 ], [ 430109.961565389472526, 438993.239461481221952 ], [ 430117.499341715476476, 439000.764873533626087 ], [ 430117.857742342399433, 439001.089632221148349 ], [ 430118.245843505079392, 439001.378243901417591 ], [ 430127.469944445474539, 439007.568210189812817 ], [ 430128.081255927972961, 439007.918645527854096 ], [ 430138.352786298142746, 439012.880331354157533 ], [ 430138.834219092677813, 439013.08260451775277 ], [ 430139.334122782223858, 439013.233562357898336 ], [ 430146.678343424398918, 439015.038780876842793 ], [ 430150.413306066417135, 439015.953812674211804 ], [ 430150.860961306432728, 439016.042050187650602 ], [ 430151.314796295831911, 439016.089112647285219 ], [ 430151.771031840355136, 439016.094608152576257 ], [ 430175.94259892165428, 439015.282186902302783 ], [ 430175.606682449753862, 439005.287830488581676 ], [ 430152.123678385687526, 439006.07710871193558 ], [ 430149.06344873085618, 439005.327381578448694 ], [ 430142.230274359171744, 439003.647778865008149 ], [ 430132.748923600069247, 438999.067791075387504 ], [ 430124.221122465853114, 438993.345086838293355 ], [ 430117.104967203631531, 438986.240604261343833 ], [ 430106.584241254837252, 438974.766033422376495 ], [ 430099.168195063306484, 438963.022652525862213 ], [ 430091.734898791182786, 438947.745799899101257 ], [ 430084.24188182578655, 438929.166084215452429 ], [ 430083.966498711088207, 438928.591721061558928 ], [ 430079.18526570382528, 438920.060434286308009 ], [ 430079.051961049437523, 438919.836469810805283 ], [ 430071.43784226704156, 438907.771057077567093 ], [ 430071.032471999526024, 438907.217011904751416 ], [ 430060.329948075814173, 438894.51985011267243 ], [ 430060.017917994584423, 438894.182438113028184 ], [ 430050.400124557781965, 438884.696670939330943 ], [ 430049.932288576615974, 438884.289306126651354 ], [ 430041.683693794242572, 438877.962009246577509 ], [ 430037.389765679137781, 438874.664208571135532 ], [ 430036.904070219316054, 438874.334627899981569 ], [ 430009.34685619128868, 438857.910588211379945 ], [ 429994.15625379991252, 438848.16717586183222 ], [ 429989.896822833747137, 438845.430359175079502 ], [ 429982.282006708788686, 438838.923335953033529 ], [ 429976.68229135510046, 438831.479268901166506 ], [ 429966.057835223793518, 438813.94167584949173 ], [ 429959.289441152999643, 438800.550442733394448 ], [ 429959.044082363543566, 438800.119514147634618 ], [ 429958.757244759821333, 438799.715008806902915 ], [ 429958.431749680952635, 438799.340905431832653 ], [ 429958.070798701432068, 438799.000883708999027 ], [ 429948.352811940130778, 438790.716346322151367 ], [ 429948.150966119836085, 438790.553128097439185 ], [ 429938.885976898658555, 438783.450907023972832 ], [ 429938.789590514439624, 438783.378845444414765 ], [ 429925.935111335827969, 438774.007455764221959 ], [ 429917.422848182730377, 438767.790344667446334 ], [ 429911.524778279010206, 438775.865787157497834 ], [ 429920.038799116795417, 438782.084182016376872 ] ] ] } },
{ "type": "Feature", "properties": { "highway": "residential", "lanes": null, "lit": null, "maxspeed": "20 mph", "name": "Queenshill Avenue", "surface": "asphalt", "osm_type": "way", "osm_id": 55024544, "junction": null, "ref": null, "sidewalk": null, "oneway": null, "turn:lanes": null, "source": "OS7", "maxspeed:type": null, "postal_code": null, "source_ref": null, "source:name": null, "motor_vehicle": null, "busway:right": null, "cycleway:right": null, "lanes:forward": null, "cycleway:both": null, "sidewalk:both": null, "lanes:backward": null, "turn:lanes:forward": null, "sidewalk:left": null, "sidewalk:right": null, "turn:lanes:backward": null }, "geometry": { "type": "Polygon", "coordinates": [ [ [ 429992.231825299735647, 438787.821407741052099 ], [ 429995.303971061657649, 438786.332336068793666 ], [ 430008.980194930452853, 438779.708234399207868 ], [ 430016.534051597467624, 438778.991710698930547 ], [ 430024.909151692001615, 438781.990941265597939 ], [ 430043.699141797958873, 438798.381750525790267 ], [ 430051.078231155523099, 438804.933605896716472 ], [ 430060.069224291073624, 438813.841350839589722 ], [ 430060.317018690286204, 438814.070796645246446 ], [ 430069.50274453451857, 438822.017321994004305 ], [ 430085.728990050847642, 438836.072970729088411 ], [ 430100.158598749025259, 438848.561837148619816 ], [ 430100.248300781764556, 438848.637650191318244 ], [ 430103.099358760984614, 438850.990421958500519 ], [ 430122.527757570322137, 438867.066652494948357 ], [ 430141.117210565775167, 438885.084188081731554 ], [ 430158.988940078881569, 438909.129301031818613 ], [ 430159.523082940548193, 438911.339618793514092 ], [ 430159.761082508135587, 438912.952891195134725 ], [ 430159.762196005380247, 438912.960399523493834 ], [ 430165.255958191410173, 438949.812133079278283 ], [ 430167.562883446866181, 438978.575088204117492 ], [ 430168.342399361776188, 438988.304410827870015 ], [ 430168.356079428631347, 438988.4488118205918 ], [ 430170.804292043205351, 439010.828731393208727 ], [ 430170.844813841278665, 439011.119758528540842 ], [ 430174.711231935536489, 439033.953871165285818 ], [ 430174.836827502993401, 439034.504531682061497 ], [ 430177.964476530149113, 439045.350379109731875 ], [ 430180.068819588981569, 439052.651427622884512 ], [ 430180.299605549487751, 439053.287037045462057 ], [ 430184.798864342272282, 439063.47232135978993 ], [ 430191.439967891958077, 439079.378859433811158 ], [ 430191.720321195898578, 439079.946360271889716 ], [ 430204.310355456545949, 439101.824213554966263 ], [ 430204.64800792618189, 439102.335655642382335 ], [ 430205.045693451655097, 439102.801947848929558 ], [ 430230.959448110836092, 439129.661418752220925 ], [ 430231.288178207702003, 439129.972632524266373 ], [ 430245.957113687007222, 439142.651312738249544 ], [ 430246.369897202879656, 439142.971977845299989 ], [ 430261.807839045824949, 439153.719669277779758 ], [ 430262.103182155813556, 439153.910230120527558 ], [ 430288.502654967480339, 439169.657834651065059 ], [ 430289.08077660005074, 439169.953589006967377 ], [ 430313.887535402260255, 439180.673010802653152 ], [ 430314.473566823231522, 439180.883983687264845 ], [ 430333.044626443821471, 439186.289229558082297 ], [ 430333.273386969929561, 439186.349977384379599 ], [ 430349.20976091636112, 439190.180529000062961 ], [ 430349.335671196575277, 439190.209079138410743 ], [ 430369.84106004977366, 439194.581112901738379 ], [ 430370.564195632352494, 439194.680811226076912 ], [ 430399.175968949508388, 439196.512836814799812 ], [ 430405.579882009187713, 439197.94581089616986 ], [ 430409.076958513178397, 439200.355980994529091 ], [ 430410.333913943031803, 439201.83511291333707 ], [ 430411.015623077517375, 439203.410190052760299 ], [ 430411.294402287923731, 439205.000997833849397 ], [ 430421.144298915402032, 439203.274864458770026 ], [ 430420.763646673760377, 439201.102734955202322 ], [ 430420.628521900216583, 439200.531371284043416 ], [ 430420.427352137223352, 439199.979786407900974 ], [ 430419.215221069112886, 439197.179178584483452 ], [ 430418.997343595314305, 439196.736961024580523 ], [ 430418.736977461725473, 439196.318348506349139 ], [ 430418.436653707991354, 439195.927410395117477 ], [ 430416.268916668312158, 439193.376509248744696 ], [ 430415.970820778573398, 439193.055371130816638 ], [ 430415.645754086901434, 439192.761564227810595 ], [ 430415.296212986577302, 439192.497344869188964 ], [ 430410.45583267143229, 439189.16137555683963 ], [ 430410.048913775011897, 439188.908787283115089 ], [ 430409.619694514956791, 439188.696291045169346 ], [ 430409.172113129519857, 439188.525836571061518 ], [ 430408.710276335885283, 439188.398987840802874 ], [ 430400.977779201639351, 439186.668722630420234 ], [ 430400.593772560067009, 439186.598412588005885 ], [ 430400.205450918932911, 439186.558276496303733 ], [ 430371.568408258492127, 439184.724632899393328 ], [ 430351.484078050649259, 439180.442374688573182 ], [ 430335.725574308889918, 439176.65457690146286 ], [ 430317.567774550465401, 439171.369613405957352 ], [ 430293.346132438338827, 439160.903030469664373 ], [ 430267.377119852986652, 439145.41220066556707 ], [ 430252.298282368516084, 439134.914512949704658 ], [ 430237.99876283633057, 439122.555126979365014 ], [ 430212.670251247473061, 439096.302257451519836 ], [ 430200.54579913278576, 439075.233451838197652 ], [ 430194.007170766126364, 439059.572358725010417 ], [ 430193.966799989633728, 439059.478379483218305 ], [ 430189.583807748451363, 439049.556295829068404 ], [ 430187.57322335842764, 439042.580544365919195 ], [ 430184.523663410451263, 439032.005488738534041 ], [ 430180.729005969245918, 439009.595176837698091 ], [ 430178.304664107621647, 438987.433467697061133 ], [ 430177.530924065678846, 438977.776235110533889 ], [ 430175.210361317440402, 438948.843246257514693 ], [ 430175.171715188829694, 438948.505746292881668 ], [ 430169.653453699604142, 438911.489673298317939 ], [ 430169.382912680332083, 438909.655819714709651 ], [ 430169.296551121515222, 438909.211064929841086 ], [ 430168.469802453066222, 438905.789925385499373 ], [ 430168.327417047519702, 438905.308163145557046 ], [ 430168.137407537433319, 438904.843120302830357 ], [ 430167.901692019077018, 438904.399491343006957 ], [ 430167.622649979020935, 438903.981754584528971 ], [ 430148.901211315649562, 438878.793419738824014 ], [ 430148.646974101488013, 438878.478791830828413 ], [ 430148.368135778931901, 438878.185744955088012 ], [ 430129.346485397254582, 438859.749308834318072 ], [ 430129.054163335938938, 438859.48743121518055 ], [ 430109.471905061916914, 438843.283888065430801 ], [ 430109.466791180893779, 438843.279662243672647 ], [ 430106.658471099508461, 438840.96215896983631 ], [ 430092.275622608955018, 438828.513764208124485 ], [ 430076.048936479666736, 438814.457733801216818 ], [ 430066.987307290895842, 438806.618562456802465 ], [ 430058.019235522195231, 438797.733526650350541 ], [ 430057.819926167314406, 438797.546574616164435 ], [ 430050.322214944171719, 438790.889395502803382 ], [ 430050.289263979298994, 438790.860396171337925 ], [ 430030.77093367575435, 438773.834244093624875 ], [ 430030.405376879207324, 438773.544255245069508 ], [ 430030.014379013853613, 438773.289606520149391 ], [ 430029.60134528495837, 438773.072515657695476 ], [ 430029.169872808211949, 438772.894873304641806 ], [ 430018.856692155066412, 438769.201591277495027 ], [ 430018.331625600287225, 438769.045432429935317 ], [ 430017.79262734024087, 438768.947650283167604 ], [ 430017.246167088975199, 438768.909418537572492 ], [ 430016.698804128507618, 438768.931196097284555 ], [ 430007.139150415081531, 438769.837980373762548 ], [ 430006.698004421719816, 438769.899757113074884 ], [ 430006.264107359282207, 438770.000551419274416 ], [ 430005.840903088683262, 438770.139563283359166 ], [ 430005.431750601856038, 438770.31568936171243 ], [ 429990.944220358447637, 438777.332748616754543 ], [ 429987.748429710918572, 438778.881750848377123 ], [ 429987.508326082839631, 438779.006258479028475 ], [ 429952.406114683486521, 438798.431067498459015 ], [ 429957.247981344116852, 438807.180714762245771 ], [ 429992.231825299735647, 438787.821407741052099 ] ] ] } },
{ "type": "Feature", "properties": { "highway": "residential", "lanes": null, "lit": null, "maxspeed": "30 mph", "name": "Queenshill Gardens", "surface": null, "osm_type": "way", "osm_id": 55024855, "junction": null, "ref": null, "sidewalk": null, "oneway": null, "turn:lanes": null, "source": "OS7;Bing", "maxspeed:type": null, "postal_code": null, "source_ref": null, "source:name": null, "motor_vehicle": null, "busway:right": null, "cycleway:right": null, "lanes:forward": null, "cycleway:both": null, "sidewalk:both": null, "lanes:backward": null, "turn:lanes:forward": null, "sidewalk:left": null, "sidewalk:right": null, "turn:lanes:backward": null }, "geometry": { "type": "Polygon", "coordinates": [ [ [ 429941.037277640192769, 438837.368704742228147 ], [ 429920.855960977321956, 438866.468713649141137 ], [ 429920.561797700182069, 438866.948444342182484 ], [ 429920.323404436814599, 438867.458191557438113 ], [ 429920.14380090101622, 438867.99149835598655 ], [ 429919.086259237141348, 438871.834493511472829 ], [ 429919.084268167905975, 438871.84175018890528 ], [ 429917.905316086253151, 438876.15128082287265 ], [ 429917.792414550611284, 438876.671286722528748 ], [ 429917.735415202158038, 438877.200346234079916 ], [ 429917.73496362217702, 438877.732467168185394 ], [ 429918.086891257611569, 438884.443956167029683 ], [ 429918.138350168243051, 438884.943570031377021 ], [ 429918.239673021133058, 438885.435500628605951 ], [ 429918.389837419963442, 438885.914784142049029 ], [ 429921.306830251705833, 438893.810927277081646 ], [ 429921.508422835438978, 438894.281105443253182 ], [ 429921.757003369450103, 438894.728223767422605 ], [ 429922.049969642306678, 438895.147601688513532 ], [ 429922.384254800213967, 438895.53484903962817 ], [ 429922.7563594513922, 438895.885912005905993 ], [ 429923.16238829906797, 438896.197115560818929 ], [ 429926.815997949393932, 438898.711574586573988 ], [ 429937.092390651174355, 438905.796799143427052 ], [ 429937.315923597023357, 438905.942277644295245 ], [ 429946.496274357195944, 438911.574261302419472 ], [ 429953.775926242407877, 438916.04808934382163 ], [ 429971.498537494277116, 438926.921824908349663 ], [ 429973.86057487654034, 438928.797617916308809 ], [ 429973.864635126257781, 438928.800838900962844 ], [ 430005.269979777629487, 438953.688101906212978 ], [ 430006.910950566874817, 438958.385403734748252 ], [ 430016.35146565339528, 438955.087423307239078 ], [ 430014.232225460989866, 438949.02106862491928 ], [ 430014.056406699994113, 438948.584854734945111 ], [ 430013.840379690926056, 438948.1670902967453 ], [ 430013.586055795720313, 438947.771471603016835 ], [ 430013.295685219229199, 438947.401499005616643 ], [ 430012.971837099990807, 438947.06044594506966 ], [ 430012.617376778565813, 438946.751329987775534 ], [ 429980.077483829052653, 438920.964990656473674 ], [ 429977.480623270734213, 438918.902714710042346 ], [ 429976.985972387774382, 438918.556447636568919 ], [ 429959.010272683168296, 438907.527430875576101 ], [ 429951.730513950926252, 438903.053537169587798 ], [ 429942.658839570125565, 438897.488222741172649 ], [ 429932.490522434469312, 438890.477512625046074 ], [ 429930.137779619428329, 438888.858323934779037 ], [ 429928.033402511675376, 438883.161887977854349 ], [ 429927.763419396709651, 438878.013134303560946 ], [ 429928.728850741870701, 438874.484105412848294 ], [ 429929.559158470481634, 438871.46685447357595 ], [ 429949.254717589181382, 438843.067273051070515 ], [ 429965.790945681859739, 438819.217252749949694 ], [ 429957.573004891164601, 438813.519406739389524 ], [ 429941.037277640192769, 438837.368704742228147 ] ] ] } },
{ "type": "Feature", "properties": { "highway": "residential", "lanes": null, "lit": null, "maxspeed": "30 mph", "name": "Highwood Avenue", "surface": null, "osm_type": "way", "osm_id": 55025512, "junction": null, "ref": null, "sidewalk": null, "oneway": null, "turn:lanes": null, "source": "OS7", "maxspeed:type": null, "postal_code": null, "source_ref": null, "source:name": null, "motor_vehicle": null, "busway:right": null, "cycleway:right": null, "lanes:forward": null, "cycleway:both": null, "sidewalk:both": null, "lanes:backward": null, "turn:lanes:forward": null, "sidewalk:left": null, "sidewalk:right": null, "turn:lanes:backward": null }, "geometry": { "type": "Polygon", "coordinates": [ [ [ 430361.192482754704542, 439163.358408475643955 ], [ 430368.079920199757908, 439140.841231139842421 ], [ 430373.866885599738453, 439128.501875173824374 ], [ 430378.472424585721456, 439124.074824677139986 ], [ 430387.258675880089868, 439120.8186425230233 ], [ 430414.69574239308713, 439116.249019691254944 ], [ 430415.128771516843699, 439116.157031463750172 ], [ 430415.551966870960314, 439116.027101681742352 ], [ 430415.962011009221897, 439115.860248870332725 ], [ 430416.355689578282181, 439115.65778099570889 ], [ 430416.729916515294462, 439115.421285212156363 ], [ 430423.748855560319498, 439110.537826424115337 ], [ 430424.112876606406644, 439110.258939118299168 ], [ 430424.449815511761699, 439109.947873811004683 ], [ 430424.756838088331278, 439109.60724705219036 ], [ 430436.621049283770844, 439095.164259865123313 ], [ 430437.015823771827854, 439094.610881924105342 ], [ 430452.236666386772413, 439069.875510606274474 ], [ 430452.481938004784752, 439069.427068626158871 ], [ 430452.68014513613889, 439068.955929252726492 ], [ 430452.829216449987143, 439068.467016050301027 ], [ 430452.927594101114664, 439067.965438325656578 ], [ 430453.940628556534648, 439060.906722718733363 ], [ 430453.988240628270432, 439060.372396107239183 ], [ 430453.978333988634404, 439059.836043894931208 ], [ 430453.911022671789397, 439059.303839964326471 ], [ 430451.954630600637756, 439048.520721676992252 ], [ 430451.833478204731364, 439048.008281800197437 ], [ 430451.659105763945263, 439047.511424897005782 ], [ 430451.433447225834243, 439047.035661558271386 ], [ 430451.159005346882623, 439046.586268428131007 ], [ 430450.838823934900574, 439046.16822968138149 ], [ 430444.224250768311322, 439038.414626041019801 ], [ 430443.944857633323409, 439038.113152619218454 ], [ 430443.641646489675622, 439037.83564631245099 ], [ 430443.316666398721281, 439037.58398247230798 ], [ 430407.9050275417394, 439012.419711149064824 ], [ 430407.734856483584736, 439012.303979585180059 ], [ 430376.936113465111703, 438992.272455308469944 ], [ 430328.720651046140119, 438960.0007453855942 ], [ 430329.036605717556085, 438955.6614289242425 ], [ 430329.04936890344834, 438955.3645358394715 ], [ 430329.146719078242313, 438948.013125667814165 ], [ 430335.849809367617127, 438937.244927976455074 ], [ 430367.532782472029794, 438893.566666456346866 ], [ 430359.43810795043828, 438887.695018954167608 ], [ 430327.651222383079585, 438931.51653457217617 ], [ 430327.453785659978166, 438931.810030973108951 ], [ 430319.920833108364604, 438943.911363160761539 ], [ 430319.69919360941276, 438944.306214014941361 ], [ 430319.514184286585078, 438944.719496987061575 ], [ 430319.367322447826155, 438945.147822639846709 ], [ 430319.259812543750741, 438945.587678167328704 ], [ 430319.192536290094722, 438946.035456204146612 ], [ 430319.16604543622816, 438946.487484410346951 ], [ 430319.052213889430277, 438955.083487372146919 ], [ 430318.535856062720995, 438962.175137600337621 ], [ 430318.523988697153982, 438962.653735110361595 ], [ 430318.557948382338509, 438963.131273748294916 ], [ 430318.637423780804966, 438963.603375508508179 ], [ 430318.761686273384839, 438964.06571222981438 ], [ 430318.929596639529336, 438964.514045275573153 ], [ 430319.139615501102526, 438964.944264392717741 ], [ 430319.389817435236182, 438965.352425394172315 ], [ 430319.677908626559656, 438965.734786318498664 ], [ 430320.001247896347195, 438966.087841735570692 ], [ 430320.356870916730259, 438966.408354884071741 ], [ 430320.741517386748455, 438966.693387345469091 ], [ 430371.401226942311041, 439000.601087687478866 ], [ 430371.456241740961559, 439000.637387586291879 ], [ 430402.196335152955726, 439020.630766117421445 ], [ 430437.018798513861839, 439045.37635667581344 ], [ 430442.355965583526995, 439051.632584701175801 ], [ 430443.926683672878426, 439060.289969487756025 ], [ 430443.176360797660891, 439065.518138935673051 ], [ 430428.677633970568422, 439089.080000836285762 ], [ 430417.46921248966828, 439102.724657456798013 ], [ 430411.94262710690964, 439106.569804391707294 ], [ 430385.146168583713006, 439111.032734443666413 ], [ 430384.682338051206898, 439111.132810608309228 ], [ 430384.230082794092596, 439111.276404424221255 ], [ 430374.020782916049939, 439115.059967966284603 ], [ 430373.549361087963916, 439115.262763630016707 ], [ 430373.101209516171366, 439115.51281320489943 ], [ 430372.68104929139372, 439115.80748252250487 ], [ 430372.293306627194397, 439116.143667363910936 ], [ 430366.268606148776598, 439121.934879494947381 ], [ 430365.953218151000328, 439122.267156259040348 ], [ 430365.669566824799404, 439122.626905285811517 ], [ 430365.420033450820483, 439123.011106447142083 ], [ 430365.206712885992602, 439123.416534336807672 ], [ 430358.875486720702611, 439136.916399629844818 ], [ 430358.621042480284814, 439137.576950156129897 ], [ 430351.596934298460837, 439160.540946681285277 ], [ 430351.536027719441336, 439160.757347674749326 ], [ 430345.536067261477001, 439184.072908051952254 ], [ 430355.220542529015802, 439186.565083565714303 ], [ 430361.192482754704542, 439163.358408475643955 ] ] ] } },
{ "type": "Feature", "properties": { "highway": "residential", "lanes": null, "lit": null, "maxspeed": "30 mph", "name": "Stonegate Close", "surface": null, "osm_type": "way", "osm_id": 55025637, "junction": null, "ref": null, "sidewalk": null, "oneway": null, "turn:lanes": null, "source": "OS_OpenData_StreetView;Bing;OS7", "maxspeed:type": null, "postal_code": null, "source_ref": null, "source:name": null, "motor_vehicle": null, "busway:right": null, "cycleway:right": null, "lanes:forward": null, "cycleway:both": null, "sidewalk:both": null, "lanes:backward": null, "turn:lanes:forward": null, "sidewalk:left": null, "sidewalk:right": null, "turn:lanes:backward": null }, "geometry": { "type": "Polygon", "coordinates": [ [ [ 430535.339369702152908, 439109.119255002588034 ], [ 430535.870416879479308, 439109.200689835415687 ], [ 430536.407136012159754, 439109.224675437668338 ], [ 430544.960774345498066, 439109.146905533969402 ], [ 430545.410681380715687, 439109.122512994683348 ], [ 430545.856565825175494, 439109.057717944786418 ], [ 430546.294806894962676, 439108.953046549286228 ], [ 430551.146273938589729, 439107.560486091475468 ], [ 430551.593799046881031, 439107.408798481628764 ], [ 430552.025006136740558, 439107.215541401063092 ], [ 430552.436043875932228, 439106.982440928113647 ], [ 430552.823241075093392, 439106.711579002963845 ], [ 430556.837111972447019, 439103.611214333504904 ], [ 430557.21522193623241, 439103.28788260318106 ], [ 430560.512052817910444, 439100.171719078265596 ], [ 430560.878477979276795, 439099.786477276356891 ], [ 430561.201924757915549, 439099.364504734403454 ], [ 430561.478735893964767, 439098.910572757362388 ], [ 430563.809705304680392, 439094.586455354117788 ], [ 430564.04572439333424, 439094.083592286217026 ], [ 430564.22450542106526, 439093.557651586655993 ], [ 430584.54711267282255, 439020.720408291381318 ], [ 430594.168787347734906, 438997.059877791849431 ], [ 430584.905430567334406, 438993.292886796465609 ], [ 430575.176151544728782, 439017.218025696987752 ], [ 430574.991778840660118, 439017.757775736099575 ], [ 430554.742387509904802, 439090.332609499746468 ], [ 430553.058087037818041, 439093.457109096343629 ], [ 430550.527088195609394, 439095.849408415553626 ], [ 430547.467581132776104, 439098.212610383459833 ], [ 430544.189654672169127, 439099.153503258072305 ], [ 430536.855791085225064, 439099.220182937860955 ], [ 430526.937063230143394, 439097.148416935116984 ], [ 430524.892447114281822, 439106.937162765883841 ], [ 430535.339369702152908, 439109.119255002588034 ] ] ] } },
{ "type": "Feature", "properties": { "highway": "residential", "lanes": null, "lit": null, "maxspeed": "20 mph", "name": "Queenshill Approach", "surface": "asphalt", "osm_type": "way", "osm_id": 55026308, "junction": null, "ref": null, "sidewalk": null, "oneway": null, "turn:lanes": null, "source": "OS7", "maxspeed:type": null, "postal_code": null, "source_ref": null, "source:name": null, "motor_vehicle": null, "busway:right": null, "cycleway:right": null, "lanes:forward": null, "cycleway:both": null, "sidewalk:both": null, "lanes:backward": null, "turn:lanes:forward": null, "sidewalk:left": null, "sidewalk:right": null, "turn:lanes:backward": null }, "geometry": { "type": "Polygon", "coordinates": [ [ [ 430143.936024835624266, 438850.983868868032005 ], [ 430150.244197808147874, 438844.081635382259265 ], [ 430171.222690110211261, 438821.140922282880638 ], [ 430174.437985670170747, 438817.621778330765665 ], [ 430174.525899064727128, 438817.52296359045431 ], [ 430186.219480343337636, 438804.02399625221733 ], [ 430210.900296156178229, 438775.5204849501024 ], [ 430203.340488377725706, 438768.974546793207992 ], [ 430178.660712217155378, 438797.476857587520499 ], [ 430167.010780869517475, 438810.925435829500202 ], [ 430163.842320976254996, 438814.393318807822652 ], [ 430142.864080495259259, 438837.333756532112602 ], [ 430136.555044241016731, 438844.236934338056017 ], [ 430122.176223400165327, 438859.966062812309247 ], [ 430129.557001444278285, 438866.713218914170284 ], [ 430143.936024835624266, 438850.983868868032005 ] ] ] } },
{ "type": "Feature", "properties": { "highway": "residential", "lanes": null, "lit": null, "maxspeed": "30 mph", "name": "Queenshill Road", "surface": null, "osm_type": "way", "osm_id": 55026668, "junction": null, "ref": null, "sidewalk": null, "oneway": null, "turn:lanes": null, "source": null, "maxspeed:type": null, "postal_code": null, "source_ref": null, "source:name": null, "motor_vehicle": null, "busway:right": null, "cycleway:right": null, "lanes:forward": null, "cycleway:both": null, "sidewalk:both": null, "lanes:backward": null, "turn:lanes:forward": null, "sidewalk:left": null, "sidewalk:right": null, "turn:lanes:backward": null }, "geometry": { "type": "Polygon", "coordinates": [ [ [ 430206.626734025368933, 438900.624128755298443 ], [ 430229.516385215567425, 438899.584654077596497 ], [ 430241.723736919462681, 438901.967068313912023 ], [ 430243.63922154030297, 438892.152236747962888 ], [ 430230.844814338430297, 438889.655251439253334 ], [ 430230.255134628794622, 438889.576232632098254 ], [ 430229.660243651363999, 438889.567814983427525 ], [ 430205.631018464337103, 438890.659040485275909 ], [ 430205.093447777675465, 438890.712668779364321 ], [ 430204.564800937543623, 438890.823982549831271 ], [ 430162.316655563830864, 438902.134501655469649 ], [ 430164.902747370710131, 438911.794322003959678 ], [ 430206.626734025368933, 438900.624128755298443 ] ] ] } },
{ "type": "Feature", "properties": { "highway": "residential", "lanes": null, "lit": null, "maxspeed": "30 mph", "name": "Highwood Grove", "surface": null, "osm_type": "way", "osm_id": 55026757, "junction": null, "ref": null, "sidewalk": null, "oneway": null, "turn:lanes": null, "source": "OS7", "maxspeed:type": null, "postal_code": null, "source_ref": null, "source:name": null, "motor_vehicle": null, "busway:right": null, "cycleway:right": null, "lanes:forward": null, "cycleway:both": null, "sidewalk:both": null, "lanes:backward": null, "turn:lanes:forward": null, "sidewalk:left": null, "sidewalk:right": null, "turn:lanes:backward": null }, "geometry": { "type": "Polygon", "coordinates": [ [ [ 430276.504561700276099, 438994.002948699577246 ], [ 430276.939760801149532, 438993.856492772640195 ], [ 430277.359688906522933, 438993.670729530218523 ], [ 430287.650260271737352, 438988.541169665113557 ], [ 430288.077872172114439, 438988.301149150473066 ], [ 430299.394470597151667, 438981.197737029870041 ], [ 430299.772349014936481, 438980.935569071676582 ], [ 430300.124539214710239, 438980.639788409403991 ], [ 430300.448061327217147, 438980.312897633062676 ], [ 430304.824452188331634, 438975.463870540261269 ], [ 430311.511622019344941, 438969.742231051728595 ], [ 430317.492353081295732, 438967.499326220771763 ], [ 430323.490305905404966, 438967.538132141227834 ], [ 430323.555003160319757, 438957.538341430132277 ], [ 430316.633631087373942, 438957.493561115581542 ], [ 430316.177565611607861, 438957.511442417337094 ], [ 430315.725030806614086, 438957.57083694083849 ], [ 430315.27979747223435, 438957.671249774226453 ], [ 430314.845575567975175, 438957.81184421578655 ], [ 430307.174981881806161, 438960.688484455400612 ], [ 430306.773758795927279, 438960.859259419201408 ], [ 430306.388940806384198, 438961.064342738362029 ], [ 430306.023454747279175, 438961.3021745980368 ], [ 430305.68008041853318, 438961.570946105523035 ], [ 430298.078153525944799, 438968.075265002204105 ], [ 430297.616963659587782, 438968.524407553370111 ], [ 430293.489804985700175, 438973.097286178963259 ], [ 430282.969371119572315, 438979.700946981611196 ], [ 430273.310757997096516, 438984.515493469603825 ], [ 430262.725764445844106, 438987.544214101333637 ], [ 430265.476701215608045, 438997.15838837105548 ], [ 430276.504561700276099, 438994.002948699577246 ] ] ] } },
{ "type": "Feature", "properties": { "highway": "tertiary", "lanes": "1", "lit": "yes", "maxspeed": "30 mph", "name": "King Lane", "surface": null, "osm_type": "way", "osm_id": 56476848, "junction": null, "ref": null, "sidewalk": "left", "oneway": "yes", "turn:lanes": null, "source": "npe;Bing", "maxspeed:type": null, "postal_code": null, "source_ref": null, "source:name": null, "motor_vehicle": null, "busway:right": null, "cycleway:right": null, "lanes:forward": null, "cycleway:both": null, "sidewalk:both": null, "lanes:backward": null, "turn:lanes:forward": null, "sidewalk:left": null, "sidewalk:right": null, "turn:lanes:backward": null }, "geometry": { "type": "Polygon", "coordinates": [ [ [ 430018.254393677518237, 438595.088869206840172 ], [ 430018.295065367652569, 438594.728558491100557 ], [ 430019.126307986211032, 438585.142893931246363 ], [ 430019.302182097511832, 438583.106489021971356 ], [ 430020.855245541490149, 438575.843613979755901 ], [ 430023.036428416962735, 438569.417449078406207 ], [ 430023.477701342722867, 438568.122396182792727 ], [ 430023.672354593814816, 438567.43943541473709 ], [ 430023.7968081102008, 438566.740266893408261 ], [ 430023.849780972290318, 438566.032086708175484 ], [ 430023.966598038503435, 438561.148329955700319 ], [ 430009.970601321256254, 438560.813552578736562 ], [ 430009.879466601705644, 438564.623610616195947 ], [ 430009.783260199415963, 438564.905958280374762 ], [ 430009.780603294435423, 438564.913770876650233 ], [ 430007.466825404029805, 438571.730585017299745 ], [ 430007.250153939065058, 438572.51671098859515 ], [ 430005.520442011533305, 438580.605679689557292 ], [ 430005.391650039993692, 438581.467127868731041 ], [ 430005.178546357201412, 438583.934611249307636 ], [ 430004.36307779350318, 438593.338373684731778 ], [ 430003.739734369853977, 438597.816570244147442 ], [ 430017.606046832806896, 438599.746694250381552 ], [ 430018.254393677518237, 438595.088869206840172 ] ] ] } },
{ "type": "Feature", "properties": { "highway": "residential", "lanes": null, "lit": null, "maxspeed": null, "name": "The Green", "surface": null, "osm_type": "way", "osm_id": 80588284, "junction": null, "ref": null, "sidewalk": null, "oneway": null, "turn:lanes": null, "source": null, "maxspeed:type": null, "postal_code": null, "source_ref": null, "source:name": null, "motor_vehicle": null, "busway:right": null, "cycleway:right": null, "lanes:forward": null, "cycleway:both": null, "sidewalk:both": null, "lanes:backward": null, "turn:lanes:forward": null, "sidewalk:left": null, "sidewalk:right": null, "turn:lanes:backward": null }, "geometry": { "type": "Polygon", "coordinates": [ [ [ 430972.276635971851647, 438572.366340145468712 ], [ 430972.241867396282032, 438572.886063024576288 ], [ 430972.261357113427948, 438573.406582837691531 ], [ 430972.334893604682293, 438573.922250472242013 ], [ 430972.461678791150916, 438574.427469475660473 ], [ 430972.640336694836151, 438574.916756792459637 ], [ 430974.273147917701863, 438578.755051061278209 ], [ 430974.480512727343012, 438579.184427103202324 ], [ 430974.727835629309993, 438579.592097720014863 ], [ 430975.012867331155576, 438579.974355327663943 ], [ 430975.333015595562756, 438580.3277234621346 ], [ 430975.685368815553375, 438580.648988396453205 ], [ 430976.066722494317219, 438580.935228368034586 ], [ 430976.473608388740104, 438581.183840150886681 ], [ 430980.630342277814634, 438583.458863070292864 ], [ 430981.060296856274363, 438583.66811626625713 ], [ 430981.508274156309199, 438583.835341199184768 ], [ 430981.970177016279195, 438583.959008444391657 ], [ 430982.441780912515242, 438584.037986951880157 ], [ 430982.918772596458439, 438584.071554391062818 ], [ 430983.396789543505292, 438584.059403757040855 ], [ 431050.296117498364765, 438579.150329542870168 ], [ 431050.780632613692433, 438579.090882863441948 ], [ 431051.257041797798593, 438578.984472836076748 ], [ 431051.720804131706245, 438578.832113713375293 ], [ 431052.167499240604229, 438578.635257714311592 ], [ 431052.592869426647667, 438578.395781182160135 ], [ 431057.720397290249821, 438575.169703005987685 ], [ 431058.128783216117881, 438574.883368704351597 ], [ 431058.506610139156692, 438574.557772001426201 ], [ 431058.850118433765601, 438574.196152798016556 ], [ 431059.155889966990799, 438573.802109442302026 ], [ 431059.420882111648098, 438573.379562924150378 ], [ 431059.642458022048231, 438572.932717858522665 ], [ 431059.818412872496992, 438572.466020646854304 ], [ 431059.946995796926785, 438571.984115232655313 ], [ 431060.026927310856991, 438571.491796890681144 ], [ 431060.05741204333026, 438570.993964511435479 ], [ 431060.038146651233546, 438570.495571853592992 ], [ 431055.384610234585125, 438518.070242570131086 ], [ 431045.423775105213281, 438518.95441649237182 ], [ 431049.806953122199047, 438568.333970077859703 ], [ 431048.321914044092409, 438569.268309644190595 ], [ 430984.136808981944341, 438573.978214120492339 ], [ 430982.796167299500667, 438573.244467232725583 ], [ 430982.36416789831128, 438572.228954353777226 ], [ 430988.029192608664744, 438524.812752149999142 ], [ 430978.099808240076527, 438523.626444407273084 ], [ 430972.276635971851647, 438572.366340145468712 ] ] ] } },
{ "type": "Feature", "properties": { "highway": "unclassified", "lanes": "1", "lit": null, "maxspeed": null, "name": "Shadwell Lane", "surface": "asphalt", "osm_type": "way", "osm_id": 80588287, "junction": null, "ref": null, "sidewalk": null, "oneway": "yes", "turn:lanes": null, "source": null, "maxspeed:type": null, "postal_code": null, "source_ref": null, "source:name": null, "motor_vehicle": null, "busway:right": null, "cycleway:right": null, "lanes:forward": null, "cycleway:both": null, "sidewalk:both": null, "lanes:backward": null, "turn:lanes:forward": null, "sidewalk:left": null, "sidewalk:right": null, "turn:lanes:backward": null }, "geometry": { "type": "Polygon", "coordinates": [ [ [ 430797.819991200638469, 438799.840254852664657 ], [ 430797.653417217778042, 438799.438362934044562 ], [ 430797.452538670506328, 438799.052471997099929 ], [ 430797.218876321858261, 438798.685503452434205 ], [ 430796.954199126746971, 438798.340235457406379 ], [ 430786.794876893225592, 438786.218498337722849 ], [ 430784.384966009820346, 438782.006102874758653 ], [ 430776.229101314384025, 438757.705311236844864 ], [ 430766.748795772728045, 438760.887104259163607 ], [ 430775.060943802585825, 438785.653549618495163 ], [ 430775.239186221675482, 438786.109351410181262 ], [ 430775.461136419442482, 438786.545543733518571 ], [ 430778.336390717246104, 438791.571334621519782 ], [ 430778.574106725398451, 438791.947043821855914 ], [ 430778.844257751072291, 438792.300151067669503 ], [ 430788.725225647445768, 438804.089765824959613 ], [ 430791.138762588612735, 438810.713941258960404 ], [ 430800.534532976686023, 438807.290565904811956 ], [ 430797.819991200638469, 438799.840254852664657 ] ] ] } },
{ "type": "Feature", "properties": { "highway": "residential", "lanes": null, "lit": null, "maxspeed": null, "name": "Bentcliffe Avenue", "surface": null, "osm_type": "way", "osm_id": 80588289, "junction": null, "ref": null, "sidewalk": null, "oneway": null, "turn:lanes": null, "source": "local_knowledge", "maxspeed:type": null, "postal_code": null, "source_ref": null, "source:name": null, "motor_vehicle": null, "busway:right": null, "cycleway:right": null, "lanes:forward": null, "cycleway:both": null, "sidewalk:both": null, "lanes:backward": null, "turn:lanes:forward": null, "sidewalk:left": null, "sidewalk:right": null, "turn:lanes:backward": null }, "geometry": { "type": "Polygon", "coordinates": [ [ [ 431405.837428488302976, 438517.258399827813264 ], [ 431405.654594224062748, 438517.243991900235415 ], [ 431320.673068806063384, 438512.113423418952152 ], [ 431320.224532878724858, 438512.106503946706653 ], [ 431319.777181974903215, 438512.139813496149145 ], [ 431295.226646315597463, 438515.080086917732842 ], [ 431294.889570781902876, 438515.13217289414024 ], [ 431259.46265101613244, 438521.850914437498432 ], [ 431241.977464455645531, 438523.969927861529868 ], [ 431113.701153162051924, 438507.282615382398944 ], [ 431113.144970155903138, 438507.241626229253598 ], [ 431112.587682082608808, 438507.262831188912969 ], [ 431070.507504444103688, 438511.222842648101505 ], [ 431070.417670742550399, 438511.232115780934691 ], [ 431049.949997214309406, 438513.531899816007353 ], [ 431016.703886045201216, 438515.862818963709287 ], [ 431016.560395905224141, 438515.874957973428536 ], [ 430982.574683244572952, 438519.243647053313907 ], [ 430889.283680364722386, 438528.363136147207115 ], [ 430890.256574552156962, 438538.315697470854502 ], [ 430983.550947518087924, 438529.195878940459806 ], [ 430983.557687298452947, 438529.195215497340541 ], [ 431017.475111994310282, 438525.833295171207283 ], [ 431050.75388940400444, 438523.50008575967513 ], [ 431050.962488288409077, 438523.481062367907725 ], [ 431071.489387002715375, 438521.174623686121777 ], [ 431112.966761851217598, 438517.271339790546335 ], [ 431241.310379701142665, 438533.967408099386375 ], [ 431241.725263979868032, 438534.003887769707944 ], [ 431242.141744954569731, 438534.005712257232517 ], [ 431242.556932918203529, 438533.972868902899791 ], [ 431260.831647149461787, 438531.758173358102795 ], [ 431261.161750331928488, 438531.706927386403549 ], [ 431296.585216270759702, 438524.988840863865335 ], [ 431320.519569383584894, 438522.122364005772397 ], [ 431404.960414693690836, 438527.220290141529404 ], [ 431424.767750727769453, 438529.147287142754067 ], [ 431425.736049511877354, 438519.194277675065678 ], [ 431405.837428488302976, 438517.258399827813264 ] ] ] } },
{ "type": "Feature", "properties": { "highway": "residential", "lanes": null, "lit": null, "maxspeed": "20 mph", "name": "Woodbourne Avenue", "surface": null, "osm_type": "way", "osm_id": 90516030, "junction": null, "ref": null, "sidewalk": null, "oneway": null, "turn:lanes": null, "source": "OS_OpenData_StreetView;Bing;npe", "maxspeed:type": null, "postal_code": null, "source_ref": null, "source:name": null, "motor_vehicle": null, "busway:right": null, "cycleway:right": null, "lanes:forward": null, "cycleway:both": null, "sidewalk:both": null, "lanes:backward": null, "turn:lanes:forward": null, "sidewalk:left": null, "sidewalk:right": null, "turn:lanes:backward": null }, "geometry": { "type": "Polygon", "coordinates": [ [ [ 430027.638098491472192, 438187.160558284725994 ], [ 430027.179250076122116, 438187.152358411054593 ], [ 430026.72158258681884, 438187.186263801064342 ], [ 430026.268951581267174, 438187.261988823593128 ], [ 430025.825170187919866, 438187.378895543341059 ], [ 430025.393976982857566, 438187.535999095533043 ], [ 430020.115386506833602, 438189.73860203649383 ], [ 430019.645105097617488, 438189.964322217507288 ], [ 430019.200900222233031, 438190.237811216618866 ], [ 430018.78760685888119, 438190.556092224258464 ], [ 430018.409723527380265, 438190.915700888959691 ], [ 430013.771929839393124, 438195.815008719218895 ], [ 430013.456315362534951, 438196.18256123107858 ], [ 430013.177753950469196, 438196.578933387820143 ], [ 430012.938860819675028, 438197.000403931306209 ], [ 430012.741878768953029, 438197.443015972094145 ], [ 430012.588657123793382, 438197.902614138321951 ], [ 430010.521194239612669, 438205.277324350201525 ], [ 430010.414480369712692, 438205.742282296705525 ], [ 430010.352563048305456, 438206.215293911052868 ], [ 430010.336005905643106, 438206.692053392413072 ], [ 430010.364959660510067, 438207.168220823165029 ], [ 430010.439160748443101, 438207.639461675134953 ], [ 430011.747659345797729, 438213.967651709273923 ], [ 430011.859997011488304, 438214.408660528250039 ], [ 430012.011967665108386, 438214.837628417473752 ], [ 430012.202312329900451, 438215.251001660653856 ], [ 430012.429454125755001, 438215.645355732704047 ], [ 430012.69151133246487, 438216.017423669982236 ], [ 430017.031716800818685, 438221.619558200298343 ], [ 430017.362819993344601, 438222.004798054287676 ], [ 430017.731302384287119, 438222.354454738437198 ], [ 430018.133360659470782, 438222.664919249364175 ], [ 430018.564844949287362, 438222.932987108128145 ], [ 430019.021301661443431, 438223.155891435395461 ], [ 430026.404252244858071, 438226.307453159650322 ], [ 430026.845672588795424, 438226.471760758082382 ], [ 430027.300595233449712, 438226.593802940740716 ], [ 430027.764983215136454, 438226.672496710496489 ], [ 430028.234715575235896, 438226.707143742358312 ], [ 430028.705623929330613, 438226.697436580085196 ], [ 430029.173529457242694, 438226.643461364612449 ], [ 430037.822865354712121, 438225.230186787724961 ], [ 430038.339647149550728, 438225.11739671532996 ], [ 430038.841621895844582, 438224.950644270051271 ], [ 430039.323171792842913, 438224.73179564520251 ], [ 430039.778907622676343, 438224.463300063624047 ], [ 430040.203729062865023, 438224.148162366938777 ], [ 430045.595476901449729, 438219.687636500690132 ], [ 430045.975323057733476, 438219.338883223361336 ], [ 430046.317228877742309, 438218.952862030826509 ], [ 430046.617557687801309, 438218.533678828913253 ], [ 430046.873115046997555, 438218.085792250582017 ], [ 430047.081182725145482, 438217.613966231583618 ], [ 430050.026219441147987, 438209.877720018732361 ], [ 430050.18605765880784, 438209.381434506736696 ], [ 430050.293345570797101, 438208.871202334878035 ], [ 430050.346916538779624, 438208.352571718161926 ], [ 430050.346188037248794, 438207.831182195281144 ], [ 430050.291167987918016, 438207.312703305273317 ], [ 430049.165153087000363, 438200.240203711786307 ], [ 430049.067211019690149, 438199.771093763760291 ], [ 430048.92480861057993, 438199.313514977402519 ], [ 430048.739254006883129, 438198.871670795662794 ], [ 430048.512251763546374, 438198.449620119354222 ], [ 430048.245887184923049, 438198.051240020547993 ], [ 430044.024780385079794, 438192.34970927669201 ], [ 430043.689495176484343, 438191.943462019378785 ], [ 430043.313332717807498, 438191.574741515680216 ], [ 430042.900467705272604, 438191.247639869980048 ], [ 430042.455482164456043, 438190.965787295659538 ], [ 430037.708217622595839, 438188.298404358967673 ], [ 430037.308217966754455, 438188.096673958236352 ], [ 430036.891767381923273, 438187.931556455674581 ], [ 430036.462209048098885, 438187.804377380816732 ], [ 430036.02299137157388, 438187.716157701273914 ], [ 430035.577640301838983, 438187.66760562651325 ], [ 430027.638098491472192, 438187.160558284725994 ] ], [ [ 430028.166684809548315, 438197.214687700092327 ], [ 430033.803136011818424, 438197.574651494913269 ], [ 430036.624281425087247, 438199.159790698962752 ], [ 430039.481670894660056, 438203.019322021049447 ], [ 430040.205730299465358, 438207.56713914318243 ], [ 430038.204769512114581, 438212.823414974613115 ], [ 430034.873262403183617, 438215.579529332695529 ], [ 430028.994387760525569, 438216.540119159675669 ], [ 430024.141565765894484, 438214.46859397739172 ], [ 430021.305981197219808, 438210.808553838403895 ], [ 430020.478281092830002, 438206.805612175026909 ], [ 430021.883810826810077, 438201.792039954860229 ], [ 430024.943801690591499, 438198.559503492957447 ], [ 430028.166684809548315, 438197.214687700092327 ] ] ] } },
{ "type": "Feature", "properties": { "highway": "residential", "lanes": null, "lit": null, "maxspeed": null, "name": "Moorland View", "surface": null, "osm_type": "way", "osm_id": 90516032, "junction": null, "ref": null, "sidewalk": null, "oneway": null, "turn:lanes": null, "source": null, "maxspeed:type": null, "postal_code": null, "source_ref": null, "source:name": "OS_OpenData_Locator", "motor_vehicle": null, "busway:right": null, "cycleway:right": null, "lanes:forward": null, "cycleway:both": null, "sidewalk:both": null, "lanes:backward": null, "turn:lanes:forward": null, "sidewalk:left": null, "sidewalk:right": null, "turn:lanes:backward": null }, "geometry": { "type": "Polygon", "coordinates": [ [ [ 430193.5016433497658, 438588.171177719195839 ], [ 430183.749014872126281, 438590.381661326216999 ], [ 430197.364270542981103, 438650.452014149690513 ], [ 430207.116899020620622, 438648.241530542669352 ], [ 430193.5016433497658, 438588.171177719195839 ] ] ] } },
{ "type": "Feature", "properties": { "highway": "residential", "lanes": null, "lit": "yes", "maxspeed": null, "name": "The Willows", "surface": "asphalt", "osm_type": "way", "osm_id": 117747255, "junction": null, "ref": null, "sidewalk": null, "oneway": null, "turn:lanes": null, "source": null, "maxspeed:type": null, "postal_code": null, "source_ref": null, "source:name": null, "motor_vehicle": null, "busway:right": null, "cycleway:right": null, "lanes:forward": null, "cycleway:both": null, "sidewalk:both": null, "lanes:backward": null, "turn:lanes:forward": null, "sidewalk:left": null, "sidewalk:right": null, "turn:lanes:backward": null }, "geometry": { "type": "Polygon", "coordinates": [ [ [ 430440.664761053805705, 438511.517997105722316 ], [ 430430.666674775478896, 438511.322367939981632 ], [ 430429.898483109252993, 438550.582600580644794 ], [ 430439.896569387579802, 438550.778229746385477 ], [ 430440.664761053805705, 438511.517997105722316 ] ] ] } },
{ "type": "Feature", "properties": { "highway": "tertiary", "lanes": "1", "lit": null, "maxspeed": "30 mph", "name": "King Lane", "surface": null, "osm_type": "way", "osm_id": 117747261, "junction": null, "ref": null, "sidewalk": "no", "oneway": "yes", "turn:lanes": null, "source": null, "maxspeed:type": null, "postal_code": null, "source_ref": null, "source:name": null, "motor_vehicle": null, "busway:right": null, "cycleway:right": null, "lanes:forward": null, "cycleway:both": null, "sidewalk:both": null, "lanes:backward": null, "turn:lanes:forward": null, "sidewalk:left": null, "sidewalk:right": null, "turn:lanes:backward": null }, "geometry": { "type": "Polygon", "coordinates": [ [ [ 430008.282926027080975, 438560.479862477513961 ], [ 430007.764896871929523, 438561.189381806470919 ], [ 430000.073203665553592, 438573.246214206330478 ], [ 429995.78779322525952, 438578.583855136763304 ], [ 430006.704677556990646, 438587.348650427535176 ], [ 430011.228344274219126, 438581.714252284844406 ], [ 430011.671280237322208, 438581.09665691567352 ], [ 430019.330943818145897, 438569.090031384082977 ], [ 430022.351948653697036, 438565.455262872390449 ], [ 430011.585250706062652, 438556.506619662046432 ], [ 430008.282926027080975, 438560.479862477513961 ] ] ] } },
{ "type": "Feature", "properties": { "highway": "residential", "lanes": null, "lit": null, "maxspeed": null, "name": "Fieldhouse Walk", "surface": null, "osm_type": "way", "osm_id": 117747262, "junction": null, "ref": null, "sidewalk": null, "oneway": null, "turn:lanes": null, "source": null, "maxspeed:type": null, "postal_code": null, "source_ref": null, "source:name": null, "motor_vehicle": null, "busway:right": null, "cycleway:right": null, "lanes:forward": null, "cycleway:both": null, "sidewalk:both": null, "lanes:backward": null, "turn:lanes:forward": null, "sidewalk:left": null, "sidewalk:right": null, "turn:lanes:backward": null }, "geometry": { "type": "Polygon", "coordinates": [ [ [ 430314.524839833262376, 438815.199412250425667 ], [ 430314.800921186804771, 438814.773814678192139 ], [ 430315.032455919892527, 438814.322432495711837 ], [ 430315.217060574970674, 438813.84991230716696 ], [ 430315.35283480072394, 438813.361118314904161 ], [ 430315.438380914391018, 438812.861082246527076 ], [ 430315.472818289825227, 438812.354951557412278 ], [ 430315.455792422988452, 438811.847936442121863 ], [ 430315.387478580931202, 438811.345256199594587 ], [ 430315.268579997878987, 438810.852085504797287 ], [ 430315.100320635887329, 438810.373501139867585 ], [ 430314.884432585095055, 438809.914429732772987 ], [ 430314.623138233437203, 438809.479597041907255 ], [ 430299.764223507954739, 438787.375412020541262 ], [ 430291.465060016256757, 438792.954290522320662 ], [ 430304.378438890038524, 438812.164288099564146 ], [ 430286.684342576656491, 438836.626609230879694 ], [ 430294.78690926800482, 438842.487361146137118 ], [ 430314.524839833262376, 438815.199412250425667 ] ] ] } },
{ "type": "Feature", "properties": { "highway": "residential", "lanes": null, "lit": null, "maxspeed": null, "name": "Fieldhouse Close", "surface": null, "osm_type": "way", "osm_id": 117747272, "junction": null, "ref": null, "sidewalk": null, "oneway": null, "turn:lanes": null, "source": null, "maxspeed:type": null, "postal_code": null, "source_ref": null, "source:name": null, "motor_vehicle": null, "busway:right": null, "cycleway:right": null, "lanes:forward": null, "cycleway:both": null, "sidewalk:both": null, "lanes:backward": null, "turn:lanes:forward": null, "sidewalk:left": null, "sidewalk:right": null, "turn:lanes:backward": null }, "geometry": { "type": "Polygon", "coordinates": [ [ [ 430374.700882928853389, 438630.255311591841746 ], [ 430367.767387735133525, 438636.046020450652577 ], [ 430323.768667974567506, 438659.698481101018842 ], [ 430227.845703735307325, 438704.873502671369351 ], [ 430232.106361230777111, 438713.920424673124216 ], [ 430328.149477831146214, 438668.688817221089266 ], [ 430328.386609173961915, 438668.56934676511446 ], [ 430372.949909478018526, 438644.61338366830023 ], [ 430373.383083258464467, 438644.351427638030145 ], [ 430373.787549367058091, 438644.047014016716275 ], [ 430381.111234247684479, 438637.930426966107916 ], [ 430399.642480198235717, 438622.451045184512623 ], [ 430393.23167611315148, 438614.776307991356589 ], [ 430374.700882928853389, 438630.255311591841746 ] ] ] } },
{ "type": "Feature", "properties": { "highway": "unclassified", "lanes": null, "lit": null, "maxspeed": null, "name": "Fieldhouse Drive", "surface": null, "osm_type": "way", "osm_id": 117747275, "junction": null, "ref": null, "sidewalk": null, "oneway": null, "turn:lanes": null, "source": null, "maxspeed:type": null, "postal_code": null, "source_ref": null, "source:name": null, "motor_vehicle": null, "busway:right": null, "cycleway:right": null, "lanes:forward": null, "cycleway:both": null, "sidewalk:both": null, "lanes:backward": null, "turn:lanes:forward": null, "sidewalk:left": null, "sidewalk:right": null, "turn:lanes:backward": null }, "geometry": { "type": "Polygon", "coordinates": [ [ [ 430336.81319790345151, 438701.030368095671292 ], [ 430337.112362236366607, 438701.604755180131178 ], [ 430352.457232628075872, 438726.916645959427115 ], [ 430352.716265987080988, 438727.302298020164017 ], [ 430388.206848052621353, 438775.175757540331688 ], [ 430388.237109769950621, 438775.216150018677581 ], [ 430393.527997805154882, 438782.204493508383166 ], [ 430393.874714788398705, 438782.6146596785984 ], [ 430411.368272858730052, 438801.186933795630466 ], [ 430411.693007493740879, 438801.501848960702773 ], [ 430412.044874620682094, 438801.786126412102021 ], [ 430412.420994219137356, 438802.037439348583575 ], [ 430424.736024158599321, 438809.4830870932783 ], [ 430425.150940520106815, 438809.70792032656027 ], [ 430425.585205676092301, 438809.892634549527429 ], [ 430426.034951095702127, 438810.035584286728408 ], [ 430437.96969228645321, 438813.217365056683775 ], [ 430438.465596994676162, 438813.322967152751517 ], [ 430438.969646810903214, 438813.377803865703754 ], [ 430439.476658625528216, 438813.381311313540209 ], [ 430439.981418870855123, 438813.33345342928078 ], [ 430451.341121875273529, 438811.671700104256161 ], [ 430456.088462260668166, 438810.979505497205537 ], [ 430456.593549704586621, 438810.879059609724209 ], [ 430457.085626373300329, 438810.727193700324278 ], [ 430457.559472264256328, 438810.525518778944388 ], [ 430458.010060769040138, 438810.27617423486663 ], [ 430458.432611996133346, 438809.981805142073426 ], [ 430485.810467152972706, 438788.734033828251995 ], [ 430514.022660871036351, 438769.730291112442501 ], [ 430514.457997380930465, 438769.401134800747968 ], [ 430514.854865498782601, 438769.026491702010389 ], [ 430522.321508614637423, 438761.164202516840305 ], [ 430515.070348501496483, 438754.277935239544604 ], [ 430507.98122403799789, 438761.742701632785611 ], [ 430480.084315868967678, 438780.534067901899107 ], [ 430479.812135542975739, 438780.731017670768779 ], [ 430453.342149945499841, 438801.274197457241826 ], [ 430449.897151840734296, 438801.776501677290071 ], [ 430439.551779325527605, 438803.289873187022749 ], [ 430429.299811769044027, 438800.556716874416452 ], [ 430418.179304221644998, 438793.833275490382221 ], [ 430401.338409334188327, 438775.953910128155258 ], [ 430396.225082175049465, 438769.200093694031239 ], [ 430360.888013525691349, 438721.533709343872033 ], [ 430345.831912705034483, 438696.698153890669346 ], [ 430330.593978298886213, 438662.147699745662976 ], [ 430321.444319867936429, 438666.183012694760691 ], [ 430336.81319790345151, 438701.030368095671292 ] ] ] } },
{ "type": "Feature", "properties": { "highway": "residential", "lanes": null, "lit": null, "maxspeed": null, "name": "Fieldhouse Lawn", "surface": null, "osm_type": "way", "osm_id": 117747276, "junction": null, "ref": null, "sidewalk": null, "oneway": null, "turn:lanes": null, "source": null, "maxspeed:type": null, "postal_code": null, "source_ref": null, "source:name": null, "motor_vehicle": null, "busway:right": null, "cycleway:right": null, "lanes:forward": null, "cycleway:both": null, "sidewalk:both": null, "lanes:backward": null, "turn:lanes:forward": null, "sidewalk:left": null, "sidewalk:right": null, "turn:lanes:backward": null }, "geometry": { "type": "Polygon", "coordinates": [ [ [ 430286.69487413438037, 438758.48143503384199 ], [ 430290.87732384406263, 438751.168174889869988 ], [ 430296.918109220336191, 438746.745559153321665 ], [ 430304.10877482406795, 438744.700111728336196 ], [ 430322.551875544770155, 438742.929786183463875 ], [ 430323.174040949554183, 438742.830181900702883 ], [ 430336.076205736782867, 438739.920660589181352 ], [ 430336.642673843889497, 438739.757287894783076 ], [ 430337.185974151303526, 438739.528374090848956 ], [ 430358.942577939771581, 438728.80983510351507 ], [ 430354.523217081499752, 438719.839369697321672 ], [ 430333.29824861115776, 438730.295994925545529 ], [ 430321.282155402121134, 438733.005701385613065 ], [ 430302.70050628419267, 438734.789325983088929 ], [ 430302.251557623734698, 438734.853076300525572 ], [ 430301.810230809554923, 438734.957237933529541 ], [ 430293.319785502390005, 438737.372419009567238 ], [ 430292.899116715358105, 438737.512520888762083 ], [ 430292.492513532575686, 438737.68933892151108 ], [ 430292.103173331241123, 438737.901482676155865 ], [ 430291.734157738974318, 438738.147283932485152 ], [ 430284.111542125116102, 438743.727998635557014 ], [ 430283.705599045904819, 438744.059220165538136 ], [ 430283.336543959099799, 438744.431101636495441 ], [ 430283.008429052482825, 438744.839559827174526 ], [ 430282.724856994696893, 438745.280109907791484 ], [ 430277.906624987663236, 438753.705072919314262 ], [ 430277.708144533622544, 438754.089892116258852 ], [ 430269.26000510918675, 438772.371693630586378 ], [ 430278.337635973875877, 438776.566525913891383 ], [ 430286.69487413438037, 438758.48143503384199 ] ] ] } },
{ "type": "Feature", "properties": { "highway": "residential", "lanes": null, "lit": null, "maxspeed": null, "name": "Garth Walk", "surface": null, "osm_type": "way", "osm_id": 117747290, "junction": null, "ref": null, "sidewalk": null, "oneway": null, "turn:lanes": null, "source": null, "maxspeed:type": null, "postal_code": null, "source_ref": null, "source:name": null, "motor_vehicle": null, "busway:right": null, "cycleway:right": null, "lanes:forward": null, "cycleway:both": null, "sidewalk:both": null, "lanes:backward": null, "turn:lanes:forward": null, "sidewalk:left": null, "sidewalk:right": null, "turn:lanes:backward": null }, "geometry": { "type": "Polygon", "coordinates": [ [ [ 430069.243229488143697, 438366.382605709892232 ], [ 430068.774104224110488, 438366.260847668338101 ], [ 430068.295394357119221, 438366.185082258714829 ], [ 430067.811597912746947, 438366.156021383649204 ], [ 430067.327260710764676, 438366.173938103136607 ], [ 430066.846933652006555, 438366.238664069212973 ], [ 430041.36316805932438, 438370.940014144172892 ], [ 429947.737244132964406, 438357.621954932285007 ], [ 429947.249325110053178, 438357.57680172129767 ], [ 429946.759329377266113, 438357.579624341626186 ], [ 429946.271962927770801, 438357.630395684274845 ], [ 429945.791906502679922, 438357.728628133714665 ], [ 429945.323770636692643, 438357.873378250515088 ], [ 429944.872051377489697, 438358.063255832705181 ], [ 429938.205475929251406, 438361.258460856450256 ], [ 429942.527562507020775, 438370.276197136437986 ], [ 429947.828377774509136, 438367.735583637957461 ], [ 430040.763206513016485, 438380.955336245766375 ], [ 430041.300443142303266, 438381.002380439196713 ], [ 430041.839621544408146, 438380.991289781988598 ], [ 430042.374469212139957, 438380.922193296719342 ], [ 430067.44521432381589, 438376.297038941818755 ], [ 430087.601702567015309, 438382.585779891523998 ], [ 430090.580067774222698, 438373.039610990148503 ], [ 430069.243229488143697, 438366.382605709892232 ] ] ] } },
{ "type": "Feature", "properties": { "highway": "residential", "lanes": null, "lit": null, "maxspeed": null, "name": "Fieldhouse Walk", "surface": null, "osm_type": "way", "osm_id": 117747299, "junction": null, "ref": null, "sidewalk": null, "oneway": null, "turn:lanes": null, "source": null, "maxspeed:type": null, "postal_code": null, "source_ref": null, "source:name": null, "motor_vehicle": null, "busway:right": null, "cycleway:right": null, "lanes:forward": null, "cycleway:both": null, "sidewalk:both": null, "lanes:backward": null, "turn:lanes:forward": null, "sidewalk:left": null, "sidewalk:right": null, "turn:lanes:backward": null }, "geometry": { "type": "Polygon", "coordinates": [ [ [ 430377.697638140467461, 438862.758001889509615 ], [ 430377.953055110527202, 438862.320866777910851 ], [ 430378.162956423417199, 438861.860143028548919 ], [ 430378.32518996152794, 438861.38055444083875 ], [ 430378.438092344847973, 438860.887018235225696 ], [ 430378.50050598551752, 438860.384594637202099 ], [ 430378.511790956603363, 438859.878434994607233 ], [ 430378.471831553382799, 438859.37372896092711 ], [ 430378.381037479441147, 438858.875651285692584 ], [ 430378.240339646290522, 438858.389308758138213 ], [ 430378.05118062836118, 438857.919687846850138 ], [ 430377.8154998725513, 438857.471603573823813 ], [ 430377.535713813093025, 438857.049650145927444 ], [ 430377.214691095694434, 438856.658153850585222 ], [ 430368.460368091473356, 438847.021552888792939 ], [ 430361.058588597457856, 438853.745663262787275 ], [ 430367.211930370656773, 438860.519150969514158 ], [ 430352.756200662814081, 438882.610089574067388 ], [ 430361.123874246375635, 438888.085675277921837 ], [ 430377.697638140467461, 438862.758001889509615 ] ] ] } },
{ "type": "Feature", "properties": { "highway": "tertiary", "lanes": "2", "lit": null, "maxspeed": "20 mph", "name": "Lidgett Lane", "surface": "asphalt", "osm_type": "way", "osm_id": 117747305, "junction": null, "ref": null, "sidewalk": null, "oneway": null, "turn:lanes": null, "source": null, "maxspeed:type": "GB:zone20", "postal_code": null, "source_ref": null, "source:name": null, "motor_vehicle": null, "busway:right": null, "cycleway:right": null, "lanes:forward": null, "cycleway:both": "no", "sidewalk:both": "yes", "lanes:backward": null, "turn:lanes:forward": null, "sidewalk:left": null, "sidewalk:right": null, "turn:lanes:backward": null }, "geometry": { "type": "Polygon", "coordinates": [ [ [ 431289.810991904058028, 438227.039450400334317 ], [ 431285.053626789944246, 438233.657726769801229 ], [ 431285.04720399051439, 438233.666676789987832 ], [ 431282.519817328487989, 438237.194387550232932 ], [ 431281.444270015519578, 438238.690365338989068 ], [ 431280.341308494040277, 438240.157398777722847 ], [ 431265.76669052807847, 438259.527554072497878 ], [ 431261.127030374947935, 438264.250578940031119 ], [ 431261.121909241599496, 438264.255797538091429 ], [ 431248.009858446952421, 438277.631361489649862 ], [ 431247.861184474662878, 438277.787775066390168 ], [ 431232.522967763768975, 438294.430843029113021 ], [ 431212.39407038257923, 438316.275316345272586 ], [ 431180.511718104360625, 438348.939476455794647 ], [ 431152.958010309259407, 438374.625120953656733 ], [ 431141.465932242805138, 438383.519572180928662 ], [ 431129.914812556875404, 438390.058303582656663 ], [ 431102.881136116338894, 438399.169524661498144 ], [ 431084.440838891896419, 438402.789541528560221 ], [ 431052.680546316958498, 438408.280286279623397 ], [ 431006.609085970383603, 438415.963388906617183 ], [ 430974.369183158676606, 438420.885501313081477 ], [ 430941.743811136460863, 438425.342122820846271 ], [ 430909.885724188643508, 438427.970756337046623 ], [ 430877.197904102737084, 438430.241239796276204 ], [ 430836.818010384566151, 438432.5987241192488 ], [ 430836.752832805737853, 438432.602834520104807 ], [ 430768.037365303840488, 438437.258267326455098 ], [ 430768.983687814557925, 438451.226247628044803 ], [ 430837.666576111747418, 438446.573022043798119 ], [ 430878.052417516009882, 438444.215190479299054 ], [ 430878.129482473304961, 438444.210264551162254 ], [ 430910.901128921366762, 438441.933958544919733 ], [ 430910.99169920058921, 438441.927076838619541 ], [ 430943.081483809743077, 438439.279325782845262 ], [ 430943.453265799675137, 438439.23862451518653 ], [ 430976.318575954413973, 438434.749227490217891 ], [ 430976.427633786166552, 438434.733454836998135 ], [ 431008.769552629499231, 438429.795767495990731 ], [ 431008.86454675742425, 438429.780595942167565 ], [ 431055.003974239691161, 438422.086158782360144 ], [ 431055.044997934193816, 438422.079192084900569 ], [ 431086.903933618974406, 438416.571393834252376 ], [ 431087.059890744101722, 438416.54260867764242 ], [ 431106.029356738843489, 438412.81871062843129 ], [ 431106.916587948217057, 438412.583200487249997 ], [ 431135.018285702622961, 438403.112021770852152 ], [ 431135.637495001312345, 438402.870012807368767 ], [ 431136.230952839949168, 438402.570352519978769 ], [ 431148.800629889999982, 438395.455047313938849 ], [ 431149.636714617430698, 438394.899012923589908 ], [ 431161.780728072626516, 438385.499987372546457 ], [ 431162.269444598408882, 438385.084578866837546 ], [ 431190.178808038064744, 438359.067391169141047 ], [ 431190.415007693867665, 438358.83655377861578 ], [ 431222.482998617226258, 438325.982202857383527 ], [ 431222.621425857709255, 438325.836243008903693 ], [ 431242.817972892953549, 438303.918354265158996 ], [ 431258.082886821997818, 438287.354825091257226 ], [ 431271.116835799417458, 438274.058932570740581 ], [ 431276.076792605686933, 438269.009856008109637 ], [ 431276.676649316621479, 438268.313056567101739 ], [ 431291.529065418231767, 438248.573698248248547 ], [ 431292.679300814808812, 438247.043787342205178 ], [ 431292.767766093136743, 438246.923470027104486 ], [ 431293.890304217173252, 438245.362132761569228 ], [ 431293.8970961808227, 438245.352669222280383 ], [ 431296.424667005136143, 438241.824701409379486 ], [ 431301.237098659970798, 438235.129818435991183 ], [ 431301.351325220719445, 438234.966030841460451 ], [ 431307.060410861158744, 438226.525792774860747 ], [ 431295.464132451219484, 438218.681920833070762 ], [ 431289.810991904058028, 438227.039450400334317 ] ] ] } },
{ "type": "Feature", "properties": { "highway": "residential", "lanes": null, "lit": null, "maxspeed": null, "name": "Whinbrook Grove", "surface": null, "osm_type": "way", "osm_id": 128900596, "junction": null, "ref": null, "sidewalk": null, "oneway": null, "turn:lanes": null, "source": null, "maxspeed:type": null, "postal_code": null, "source_ref": null, "source:name": null, "motor_vehicle": null, "busway:right": null, "cycleway:right": null, "lanes:forward": null, "cycleway:both": null, "sidewalk:both": null, "lanes:backward": null, "turn:lanes:forward": null, "sidewalk:left": null, "sidewalk:right": null, "turn:lanes:backward": null }, "geometry": { "type": "Polygon", "coordinates": [ [ [ 430310.981036277953535, 438096.878141157794744 ], [ 430310.89130487194052, 438099.109772708499804 ], [ 430310.899814760079607, 438099.664648239908274 ], [ 430310.969761945831124, 438100.215163148648571 ], [ 430311.100284793821629, 438100.754535987856798 ], [ 430311.866954684723169, 438103.296321143279783 ], [ 430312.055276617233176, 438103.815171606256627 ], [ 430312.299641688819975, 438104.31010257609887 ], [ 430312.59707186196465, 438104.775082409323659 ], [ 430314.312406562210526, 438107.156106756243389 ], [ 430314.60407555004349, 438107.523341511783656 ], [ 430314.928868054121267, 438107.861634274653625 ], [ 430315.283926781849004, 438108.16800898645306 ], [ 430315.666128179698717, 438108.439770381024573 ], [ 430318.464470279111993, 438110.238099440059159 ], [ 430318.861292397603393, 438110.468106911808718 ], [ 430319.277521869458724, 438110.660783473751508 ], [ 430319.709656186460052, 438110.814507781760767 ], [ 430320.154059003456496, 438110.927986268827226 ], [ 430323.039137472689617, 438111.525223223201465 ], [ 430323.470671766262967, 438111.595039891952183 ], [ 430323.906654942256864, 438111.626897135516629 ], [ 430324.343754411383998, 438111.620551441970747 ], [ 430324.77862905152142, 438111.576051316806115 ], [ 430327.683489838091191, 438111.149786086753011 ], [ 430328.111758361337706, 438111.067722616076935 ], [ 430328.531248081533704, 438110.948656601132825 ], [ 430328.93876838759752, 438110.793493650096934 ], [ 430329.33121970720822, 438110.60341392213013 ], [ 430331.919901342247613, 438109.207104995613918 ], [ 430332.383983800013084, 438108.92315195442643 ], [ 430332.814467106712982, 438108.590456928999629 ], [ 430333.206254307879135, 438108.212959053227678 ], [ 430333.554706614057068, 438107.795127929945011 ], [ 430336.163576735823881, 438104.296054970764089 ], [ 430336.423926096817013, 438103.910683291731402 ], [ 430336.647342797368765, 438103.502788576530293 ], [ 430336.831893897731788, 438103.075899818039034 ], [ 430336.975982712465338, 438102.63371034024749 ], [ 430337.467947512806859, 438100.845537754939869 ], [ 430337.571204663370736, 438100.38690963195404 ], [ 430337.630932113446761, 438099.920610987232067 ], [ 430337.646601868153084, 438099.450763934350107 ], [ 430337.606383781007025, 438096.513125048775692 ], [ 430337.568916508811526, 438095.966820739151444 ], [ 430337.471933802706189, 438095.427889806800522 ], [ 430337.31659888185095, 438094.902796236507129 ], [ 430336.469891173706856, 438092.52738702687202 ], [ 430336.262663183908444, 438092.031920959532727 ], [ 430336.003488725167699, 438091.561539557238575 ], [ 430335.695357945631258, 438091.121669705666136 ], [ 430333.880887167411856, 438088.806757627462503 ], [ 430333.536870341282338, 438088.412269617838319 ], [ 430333.153498545230832, 438088.055906835768837 ], [ 430332.734973049082328, 438087.741574566462077 ], [ 430330.762743023806252, 438086.415895190788433 ], [ 430330.309016242332291, 438086.144586852577049 ], [ 430329.829179983644281, 438085.922700910072308 ], [ 430329.328598360414617, 438085.752717836992815 ], [ 430326.49744980520336, 438084.955551635706797 ], [ 430326.07460722484393, 438084.856094362214208 ], [ 430325.644728016108274, 438084.793712771264836 ], [ 430325.211056693922728, 438084.768877688038629 ], [ 430324.776866394386161, 438084.781776555464603 ], [ 430321.847041057189927, 438084.996479276451282 ], [ 430321.35020012059249, 438085.058019671181682 ], [ 430320.862003891612403, 438085.168936659989413 ], [ 430320.387346793839242, 438085.328118241857737 ], [ 430319.930987514206208, 438085.533968537754845 ], [ 430316.524017904244829, 438087.281034896208439 ], [ 430316.089504301664419, 438087.532154657063074 ], [ 430315.682353077223524, 438087.825567481515463 ], [ 430315.539103540300857, 438087.952445093134884 ], [ 430244.632828336849343, 438057.503867933119182 ], [ 430240.687048581021372, 438066.692492537375074 ], [ 430310.981036277953535, 438096.878141157794744 ] ], [ [ 430321.294529572012834, 438096.551701130170841 ], [ 430321.992704911390319, 438095.714865949819796 ], [ 430323.590497544617392, 438094.89553085830994 ], [ 430324.63217673212057, 438094.819194786949083 ], [ 430325.848157511500176, 438095.161578367289621 ], [ 430326.499053410836495, 438095.599092885560822 ], [ 430327.323375993175432, 438096.650768296967726 ], [ 430327.618673011602368, 438097.479213875601999 ], [ 430327.637817552255001, 438098.877583391673397 ], [ 430327.58394256333122, 438099.073405893985182 ], [ 430326.198974810831714, 438100.930954559065867 ], [ 430325.359597901348025, 438101.383706050633918 ], [ 430324.200993987149559, 438101.553721965465229 ], [ 430323.089992249384522, 438101.323734704696108 ], [ 430321.871155518630985, 438100.54046038253 ], [ 430321.199492541141808, 438099.608137435861863 ], [ 430320.917004302318674, 438098.671587793622166 ], [ 430320.967910577834118, 438097.40554220834747 ], [ 430321.294529572012834, 438096.551701130170841 ] ] ] } },
{ "type": "Feature", "properties": { "highway": "residential", "lanes": null, "lit": "yes", "maxspeed": null, "name": "Wyncliffe Gardens", "surface": null, "osm_type": "way", "osm_id": 128900598, "junction": null, "ref": null, "sidewalk": null, "oneway": null, "turn:lanes": null, "source": "npe", "maxspeed:type": null, "postal_code": null, "source_ref": null, "source:name": null, "motor_vehicle": null, "busway:right": null, "cycleway:right": null, "lanes:forward": null, "cycleway:both": null, "sidewalk:both": null, "lanes:backward": null, "turn:lanes:forward": null, "sidewalk:left": null, "sidewalk:right": null, "turn:lanes:backward": null }, "geometry": { "type": "Polygon", "coordinates": [ [ [ 430596.601379385392647, 438625.177192956442013 ], [ 430591.197673007904086, 438627.969051511201542 ], [ 430558.158150351606309, 438632.734912204963621 ], [ 430557.652392323187087, 438632.834716683137231 ], [ 430557.159598809434101, 438632.986066179175396 ], [ 430556.685008247091901, 438633.187351835193112 ], [ 430556.233665574109182, 438633.436433967610355 ], [ 430555.810368601232767, 438633.730664812203031 ], [ 430540.097001703339629, 438645.90070782933617 ], [ 430539.720219326321967, 438646.223676787922159 ], [ 430539.377308596333023, 438646.582405291264877 ], [ 430539.071647511911578, 438646.973359520430677 ], [ 430538.806247127125971, 438647.392688202497084 ], [ 430538.583721889532171, 438647.836260548909195 ], [ 430538.406263885553926, 438648.299706947815139 ], [ 430536.714394548791461, 438653.473606430983637 ], [ 430536.591731371416245, 438653.916744784801267 ], [ 430536.510294935316779, 438654.369277615274768 ], [ 430536.47077392518986, 438654.82737798144808 ], [ 430536.473502558947075, 438655.287171859468799 ], [ 430536.518457761325408, 438655.744770903955214 ], [ 430536.605259358941112, 438656.196305330551695 ], [ 430536.733173295506276, 438656.637956641614437 ], [ 430538.076080352941062, 438660.585470899823122 ], [ 430538.284207559481729, 438661.101224401209038 ], [ 430538.548327144642826, 438661.590672511782032 ], [ 430538.865171224460937, 438662.047759415290784 ], [ 430556.313919195381459, 438684.447782186383847 ], [ 430556.335071840789169, 438684.474746007123031 ], [ 430598.349394996999763, 438737.655172568745911 ], [ 430598.659225259558298, 438738.011391675390769 ], [ 430599.001271719986107, 438738.336800744815264 ], [ 430599.372484872059431, 438738.62849860091228 ], [ 430599.769555174687412, 438738.883884619164746 ], [ 430604.089363475213759, 438741.382166432274971 ], [ 430604.49986043793615, 438741.594877176510636 ], [ 430604.928250186727382, 438741.768761736748274 ], [ 430605.370869927166495, 438741.902333374833688 ], [ 430605.823935196443927, 438741.994450033991598 ], [ 430606.283572221000213, 438742.044324103393592 ], [ 430612.913380591082387, 438742.454799334867857 ], [ 430613.395673287042882, 438742.461350342724472 ], [ 430613.876353106519673, 438742.42139948066324 ], [ 430614.350946859398391, 438742.335318530153017 ], [ 430614.815037991967984, 438742.203908557596151 ], [ 430615.26430768793216, 438742.028392459789757 ], [ 430615.694575058412738, 438741.810403583629522 ], [ 430616.101836049871054, 438741.551970526285004 ], [ 430621.297510531498119, 438737.891930438752752 ], [ 430621.70454410178354, 438737.57244905870175 ], [ 430622.076379820355214, 438737.212611764960457 ], [ 430622.409035405726172, 438736.816272338328417 ], [ 430629.444602829054929, 438727.493770440632943 ], [ 430629.701986936794128, 438727.118325647548772 ], [ 430629.924159490910824, 438726.721028872067109 ], [ 430636.884369879146107, 438712.82507318968419 ], [ 430637.086046336044092, 438712.366363016597461 ], [ 430637.240797007980291, 438711.889770270383451 ], [ 430637.347067650989629, 438711.400081627885811 ], [ 430637.403790931915864, 438710.902215294830967 ], [ 430637.410397148458287, 438710.401171610050369 ], [ 430636.712869042414241, 438691.529877427208703 ], [ 430636.200836213305593, 438668.353879652393516 ], [ 430636.167373726377264, 438667.876424071146175 ], [ 430636.088412331417203, 438667.404355571663473 ], [ 430635.964675578754395, 438666.941999879432842 ], [ 430635.797297310607973, 438666.493593718158081 ], [ 430626.691205428098328, 438645.260450830566697 ], [ 430626.456030794652179, 438644.783765339176171 ], [ 430626.171581100788899, 438644.334739128826186 ], [ 430625.841071039554663, 438643.918446845200378 ], [ 430625.468235852837097, 438643.539593193447217 ], [ 430606.551145737001207, 438626.258776061993558 ], [ 430609.075981209171005, 438588.829564060259145 ], [ 430612.242867318214849, 438562.184352764044888 ], [ 430602.312758900457993, 438561.004121087142266 ], [ 430599.130837915407028, 438587.775831232662313 ], [ 430599.107229322660714, 438588.029430427355692 ], [ 430596.601379385392647, 438625.177192956442013 ] ], [ [ 430600.600267604517285, 438634.366957207676023 ], [ 430617.926368575484958, 438650.194401103479322 ], [ 430626.224690104019828, 438669.544024302565958 ], [ 430626.71612905873917, 438691.787887338723522 ], [ 430626.71832127700327, 438691.862133924674708 ], [ 430627.369935599213932, 438709.491252324311063 ], [ 430621.187531642150134, 438721.834329128905665 ], [ 430614.898586094088387, 438730.167517239868175 ], [ 430611.778556771168951, 438732.365390189108439 ], [ 430608.076585768605582, 438732.13618787744781 ], [ 430605.603466378990561, 438730.705904688278679 ], [ 430564.192384844529442, 438678.289042653108481 ], [ 430547.271912837866694, 438656.567199981189333 ], [ 430546.737526305834763, 438654.996355265611783 ], [ 430547.433891998254694, 438652.866801867028698 ], [ 430560.891048062127084, 438642.44419993518386 ], [ 430593.458629251574166, 438637.746415506058838 ], [ 430594.003430715354625, 438637.63662341714371 ], [ 430594.532682173186913, 438637.467047970276326 ], [ 430595.039844978542533, 438637.239784188335761 ], [ 430600.600267604517285, 438634.366957207676023 ] ] ] } },
{ "type": "Feature", "properties": { "highway": "residential", "lanes": null, "lit": null, "maxspeed": null, "name": "Kings Croft Gardens", "surface": null, "osm_type": "way", "osm_id": 128900602, "junction": null, "ref": null, "sidewalk": null, "oneway": null, "turn:lanes": null, "source": null, "maxspeed:type": null, "postal_code": null, "source_ref": null, "source:name": null, "motor_vehicle": null, "busway:right": null, "cycleway:right": null, "lanes:forward": null, "cycleway:both": null, "sidewalk:both": null, "lanes:backward": null, "turn:lanes:forward": null, "sidewalk:left": null, "sidewalk:right": null, "turn:lanes:backward": null }, "geometry": { "type": "Polygon", "coordinates": [ [ [ 430632.370036742242519, 438183.707787396153435 ], [ 430632.663778363843448, 438178.034601819003001 ], [ 430622.677155857090838, 438177.517522610956803 ], [ 430622.383462337136734, 438183.189779918349814 ], [ 430616.104948082996998, 438304.159650894929655 ], [ 430626.091506419877987, 438304.677967963158153 ], [ 430632.370036742242519, 438183.707787396153435 ] ] ] } },
{ "type": "Feature", "properties": { "highway": "unclassified", "lanes": null, "lit": null, "maxspeed": null, "name": "Moorland Rise", "surface": null, "osm_type": "way", "osm_id": 128908604, "junction": null, "ref": null, "sidewalk": null, "oneway": "yes", "turn:lanes": null, "source": "OS_OpenData_StreetView;Bing;npe", "maxspeed:type": null, "postal_code": null, "source_ref": null, "source:name": null, "motor_vehicle": null, "busway:right": null, "cycleway:right": null, "lanes:forward": null, "cycleway:both": null, "sidewalk:both": null, "lanes:backward": null, "turn:lanes:forward": null, "sidewalk:left": null, "sidewalk:right": null, "turn:lanes:backward": null }, "geometry": { "type": "Polygon", "coordinates": [ [ [ 430169.744736058928538, 438473.285378878412303 ], [ 430159.938575769716408, 438475.244771739060525 ], [ 430171.024373034888413, 438530.725786852592137 ], [ 430180.830533324100543, 438528.766393991943914 ], [ 430169.744736058928538, 438473.285378878412303 ] ] ] } },
{ "type": "Feature", "properties": { "highway": "unclassified", "lanes": null, "lit": null, "maxspeed": null, "name": "Moorland Rise", "surface": null, "osm_type": "way", "osm_id": 128908606, "junction": null, "ref": null, "sidewalk": null, "oneway": null, "turn:lanes": null, "source": "OS_OpenData_StreetView;Bing;npe", "maxspeed:type": null, "postal_code": null, "source_ref": null, "source:name": null, "motor_vehicle": null, "busway:right": null, "cycleway:right": null, "lanes:forward": null, "cycleway:both": null, "sidewalk:both": null, "lanes:backward": null, "turn:lanes:forward": null, "sidewalk:left": null, "sidewalk:right": null, "turn:lanes:backward": null }, "geometry": { "type": "Polygon", "coordinates": [ [ [ 430157.638888669316657, 438420.322634582698811 ], [ 430147.890384418773465, 438422.551236134429928 ], [ 430159.967403789050877, 438475.379376084601972 ], [ 430169.715908039594069, 438473.150774532870855 ], [ 430157.638888669316657, 438420.322634582698811 ] ] ] } },
{ "type": "Feature", "properties": { "highway": "trunk_link", "lanes": "1", "lit": "yes", "maxspeed": null, "name": null, "surface": null, "osm_type": "way", "osm_id": 128909880, "junction": null, "ref": null, "sidewalk": null, "oneway": "yes", "turn:lanes": "left", "source": null, "maxspeed:type": null, "postal_code": null, "source_ref": null, "source:name": null, "motor_vehicle": null, "busway:right": null, "cycleway:right": null, "lanes:forward": null, "cycleway:both": null, "sidewalk:both": null, "lanes:backward": null, "turn:lanes:forward": null, "sidewalk:left": null, "sidewalk:right": null, "turn:lanes:backward": null }, "geometry": { "type": "Polygon", "coordinates": [ [ [ 430387.378568021347746, 438573.960149396327324 ], [ 430387.694155121105723, 438572.922458119282965 ], [ 430388.174438544374425, 438570.846882934682071 ], [ 430388.901068305596709, 438569.765330535359681 ], [ 430389.45931892155204, 438568.793661999807227 ], [ 430392.220254594634753, 438563.098220818967093 ], [ 430397.99605451093521, 438558.036738276248798 ], [ 430387.4509479154367, 438546.003420907771215 ], [ 430380.456035375013016, 438552.133243308868259 ], [ 430379.881941186031327, 438552.689433774561621 ], [ 430379.366215903370176, 438553.300137798476499 ], [ 430378.914008173567709, 438553.959258531744126 ], [ 430378.529832527448889, 438554.660215766460169 ], [ 430375.306821024336386, 438561.308857609226834 ], [ 430374.071960578206927, 438563.146886203088798 ], [ 430373.693840822495986, 438563.769113576447126 ], [ 430373.373859570128843, 438564.423142208775971 ], [ 430373.114667373069096, 438565.103554480010644 ], [ 430372.91841123951599, 438565.80471422203118 ], [ 430372.228585977340117, 438568.785837714152876 ], [ 430370.165659220190719, 438574.215738253784366 ], [ 430385.122594756772742, 438579.89817429438699 ], [ 430387.378568021347746, 438573.960149396327324 ] ] ] } },
{ "type": "Feature", "properties": { "highway": "trunk_link", "lanes": "1", "lit": "yes", "maxspeed": null, "name": null, "surface": null, "osm_type": "way", "osm_id": 128909883, "junction": null, "ref": null, "sidewalk": null, "oneway": "yes", "turn:lanes": "left", "source": null, "maxspeed:type": null, "postal_code": null, "source_ref": null, "source:name": null, "motor_vehicle": null, "busway:right": null, "cycleway:right": null, "lanes:forward": null, "cycleway:both": null, "sidewalk:both": null, "lanes:backward": null, "turn:lanes:forward": null, "sidewalk:left": null, "sidewalk:right": null, "turn:lanes:backward": null }, "geometry": { "type": "Polygon", "coordinates": [ [ [ 430326.621759358386043, 438548.326210329658352 ], [ 430326.205693134106696, 438549.432680791418534 ], [ 430324.803713499219157, 438552.629099879588466 ], [ 430320.813129944435786, 438557.456879421952181 ], [ 430333.14548479981022, 438567.650653194286861 ], [ 430337.847582245070953, 438561.962089218432084 ], [ 430338.29186536569614, 438561.370955470134504 ], [ 430338.67966761655407, 438560.741323820780963 ], [ 430339.007675550994463, 438560.078573947481345 ], [ 430340.9444825812825, 438555.662784439802635 ], [ 430341.106306217203382, 438555.265161874587648 ], [ 430342.070435518282466, 438552.70119361509569 ], [ 430342.335934606613591, 438551.855670057295356 ], [ 430342.506282583053689, 438550.985968143097125 ], [ 430342.579388958925847, 438550.102760743640829 ], [ 430342.821231269277632, 438541.203172451991122 ], [ 430326.827135648927651, 438540.768540094897617 ], [ 430326.621759358386043, 438548.326210329658352 ] ] ] } },
{ "type": "Feature", "properties": { "highway": "trunk_link", "lanes": "1", "lit": "yes", "maxspeed": null, "name": null, "surface": null, "osm_type": "way", "osm_id": 128909884, "junction": null, "ref": null, "sidewalk": null, "oneway": "yes", "turn:lanes": "right", "source": null, "maxspeed:type": null, "postal_code": null, "source_ref": null, "source:name": null, "motor_vehicle": null, "busway:right": null, "cycleway:right": null, "lanes:forward": null, "cycleway:both": null, "sidewalk:both": null, "lanes:backward": null, "turn:lanes:forward": null, "sidewalk:left": null, "sidewalk:right": null, "turn:lanes:backward": null }, "geometry": { "type": "Polygon", "coordinates": [ [ [ 430318.67667196446564, 438521.969197264814284 ], [ 430340.039398499706294, 438550.497896596090868 ], [ 430344.009579838893842, 438556.197266066039447 ], [ 430344.568427963007707, 438556.909845794143621 ], [ 430345.204228846530896, 438557.554701073444448 ], [ 430345.908835485111922, 438558.123568878509104 ], [ 430350.663886612455826, 438561.536801260430366 ], [ 430351.337088644038886, 438561.970683518913575 ], [ 430352.0503000706085, 438562.335079252312426 ], [ 430352.796372565906495, 438562.626336220186204 ], [ 430353.567828445869964, 438562.841535232204478 ], [ 430360.775662253319751, 438564.468177538074087 ], [ 430364.297913766058628, 438548.860687532287557 ], [ 430358.674503374437336, 438547.591613148688339 ], [ 430356.353818604431581, 438545.925797956995666 ], [ 430353.089610844501294, 438541.239884528622497 ], [ 430352.92892723629484, 438541.017449421226047 ], [ 430331.211372618970927, 438512.014897482586093 ], [ 430330.626720165251754, 438511.320105629798491 ], [ 430309.746219836059026, 438489.188084094610531 ], [ 430298.10824548790697, 438500.167954452277627 ], [ 430318.67667196446564, 438521.969197264814284 ] ] ] } },
{ "type": "Feature", "properties": { "highway": "residential", "lanes": null, "lit": null, "maxspeed": null, "name": "Nunroyd Street", "surface": null, "osm_type": "way", "osm_id": 128912709, "junction": null, "ref": null, "sidewalk": null, "oneway": null, "turn:lanes": null, "source": null, "maxspeed:type": null, "postal_code": null, "source_ref": null, "source:name": null, "motor_vehicle": null, "busway:right": null, "cycleway:right": null, "lanes:forward": null, "cycleway:both": null, "sidewalk:both": null, "lanes:backward": null, "turn:lanes:forward": null, "sidewalk:left": null, "sidewalk:right": null, "turn:lanes:backward": null }, "geometry": { "type": "Polygon", "coordinates": [ [ [ 430858.229734246444423, 438297.9842439731583 ], [ 430857.070818626147229, 438278.104844276502263 ], [ 430856.704312690941151, 438271.80515703157289 ], [ 430846.721193500852678, 438272.385959267208818 ], [ 430847.08771664527012, 438278.685942312178668 ], [ 430848.246664113772567, 438298.565888829471078 ], [ 430849.742475787352305, 438324.244341920712031 ], [ 430859.725552583404351, 438323.662811454036273 ], [ 430858.229734246444423, 438297.9842439731583 ] ] ] } },
{ "type": "Feature", "properties": { "highway": "residential", "lanes": null, "lit": null, "maxspeed": null, "name": "Nunroyd Terrace", "surface": null, "osm_type": "way", "osm_id": 128912710, "junction": null, "ref": null, "sidewalk": null, "oneway": null, "turn:lanes": null, "source": null, "maxspeed:type": null, "postal_code": null, "source_ref": null, "source:name": null, "motor_vehicle": null, "busway:right": null, "cycleway:right": null, "lanes:forward": null, "cycleway:both": null, "sidewalk:both": null, "lanes:backward": null, "turn:lanes:forward": null, "sidewalk:left": null, "sidewalk:right": null, "turn:lanes:backward": null }, "geometry": { "type": "Polygon", "coordinates": [ [ [ 430780.97473263356369, 438300.924562326690648 ], [ 430780.969443451380357, 438300.90194024547236 ], [ 430776.225240239873528, 438280.821313639055006 ], [ 430775.117703522322699, 438276.130189770366997 ], [ 430765.385265863034874, 438278.42794023710303 ], [ 430766.492892798734829, 438283.119446237105876 ], [ 430771.23469577281503, 438303.189913708716631 ], [ 430777.272569752705749, 438329.287532120069955 ], [ 430787.015224928210955, 438327.033497929980513 ], [ 430780.97473263356369, 438300.924562326690648 ] ] ] } },
{ "type": "Feature", "properties": { "highway": "residential", "lanes": null, "lit": null, "maxspeed": "30 mph", "name": "Queenshill Garth", "surface": null, "osm_type": "way", "osm_id": 129441446, "junction": null, "ref": null, "sidewalk": null, "oneway": null, "turn:lanes": null, "source": null, "maxspeed:type": null, "postal_code": null, "source_ref": null, "source:name": null, "motor_vehicle": null, "busway:right": null, "cycleway:right": null, "lanes:forward": null, "cycleway:both": null, "sidewalk:both": null, "lanes:backward": null, "turn:lanes:forward": null, "sidewalk:left": null, "sidewalk:right": null, "turn:lanes:backward": null }, "geometry": { "type": "Polygon", "coordinates": [ [ [ 430231.963427778508049, 438922.876074951025657 ], [ 430227.800049105368089, 438942.041752981953323 ], [ 430237.572137885203119, 438944.164553226903081 ], [ 430241.735642671992537, 438924.998294645105489 ], [ 430247.567775713570882, 438898.119891501031816 ], [ 430237.795182746194769, 438895.999413560843095 ], [ 430231.963427778508049, 438922.876074951025657 ] ] ] } },
{ "type": "Feature", "properties": { "highway": "residential", "lanes": null, "lit": null, "maxspeed": null, "name": "Southlands Drive", "surface": null, "osm_type": "way", "osm_id": 148302726, "junction": null, "ref": null, "sidewalk": null, "oneway": null, "turn:lanes": null, "source": null, "maxspeed:type": null, "postal_code": null, "source_ref": null, "source:name": null, "motor_vehicle": null, "busway:right": null, "cycleway:right": null, "lanes:forward": null, "cycleway:both": null, "sidewalk:both": null, "lanes:backward": null, "turn:lanes:forward": null, "sidewalk:left": null, "sidewalk:right": null, "turn:lanes:backward": null }, "geometry": { "type": "Polygon", "coordinates": [ [ [ 430138.613586354535073, 437990.823695798055269 ], [ 430135.44397167628631, 437992.480329532234464 ], [ 430134.987707504478749, 437992.750528441334609 ], [ 430134.562624486454297, 437993.067528240731917 ], [ 430134.17350369162159, 437993.427763513813261 ], [ 430133.82472170854453, 437993.827182558481582 ], [ 430131.004718206939287, 437997.425143337459303 ], [ 430130.719395217194688, 437997.828787370002829 ], [ 430130.475322425481863, 437998.258631743956357 ], [ 430130.274885279301088, 437998.710475371684879 ], [ 430130.120042752882, 437999.17990215565078 ], [ 430128.597282322763931, 438004.69994854577817 ], [ 430128.489841851231176, 438005.180661836522631 ], [ 430128.430222588882316, 438005.669614049314987 ], [ 430128.419003149552736, 438006.162059830094222 ], [ 430128.456292419577949, 438006.653219919244293 ], [ 430129.026019165408798, 438011.185338311421219 ], [ 430129.105943305010442, 438011.645923152100295 ], [ 430129.228532786073629, 438012.09703076974256 ], [ 430129.392716047703288, 438012.534718009876087 ], [ 430129.597057955747005, 438012.955159026198089 ], [ 430132.068644174025394, 438017.488376876804978 ], [ 430132.308433705300558, 438017.883548623998649 ], [ 430132.58369183819741, 438018.254887673130725 ], [ 430132.892066109459847, 438018.599220416159369 ], [ 430133.2309210326639, 438018.913604051456787 ], [ 430136.719560035911854, 438021.862282838555984 ], [ 430137.128062234609388, 438022.173062467598356 ], [ 430137.566273410222493, 438022.440324492112268 ], [ 430138.029575552791357, 438022.661252418998629 ], [ 430138.513086235616356, 438022.833518038911279 ], [ 430144.437609160668217, 438024.607335094071459 ], [ 430144.939464680675883, 438024.729737426328938 ], [ 430145.451270798861515, 438024.79970735788811 ], [ 430145.967564674909227, 438024.816498054133262 ], [ 430146.482835567789152, 438024.779930296877865 ], [ 430151.033807903644629, 438024.219497079902794 ], [ 430151.549174191255588, 438024.128435516613536 ], [ 430152.052199016383383, 438023.984003373538144 ], [ 430152.537371347425506, 438023.78778301802231 ], [ 430155.923513953515794, 438022.207356586062815 ], [ 430156.388597945508081, 438021.959644391259644 ], [ 430156.825029629049823, 438021.664361752744298 ], [ 430157.227961741620675, 438021.324788250145502 ], [ 430160.564830033865292, 438018.197473677340895 ], [ 430160.881083819782361, 438017.87293809914263 ], [ 430161.166656736575533, 438017.521103041479364 ], [ 430161.419203204743098, 438017.144858333806042 ], [ 430161.636648910702206, 438016.747294296743348 ], [ 430163.797246832225937, 438012.332875190651976 ], [ 430163.97824094601674, 438011.91611628991086 ], [ 430164.120654792350251, 438011.48464769666316 ], [ 430164.223312335729133, 438011.042032424244098 ], [ 430164.285365843039472, 438010.591925533837639 ], [ 430164.702896540111396, 438006.043902367353439 ], [ 430164.723550281254575, 438005.533477684133686 ], [ 430164.692015003529377, 438005.023609602649231 ], [ 430164.608619884820655, 438004.519620328501333 ], [ 430164.474235436355229, 438004.026770702097565 ], [ 430162.570177384186536, 437998.228778500924818 ], [ 430162.385601512098219, 437997.750857430626638 ], [ 430162.15308871481102, 437997.294332950434182 ], [ 430161.875080160971265, 437996.863998143642675 ], [ 430161.554494682350196, 437996.464371126436163 ], [ 430158.516340364585631, 437993.051266782276798 ], [ 430158.194175475277007, 437992.721325404942036 ], [ 430157.842983199574519, 437992.422468392527662 ], [ 430157.465750800503884, 437992.157237840991002 ], [ 430155.204599628923461, 437990.718510902894195 ], [ 430154.8082747895387, 437990.491084896901157 ], [ 430154.392842582601588, 437990.300790262175724 ], [ 430153.961772630980704, 437990.14921630884055 ], [ 430149.580803194956388, 437988.830374615965411 ], [ 430149.157941076380666, 437988.72295565973036 ], [ 430148.727324510924518, 437988.652808834915049 ], [ 430148.650669835973531, 437988.64711106067989 ], [ 430148.65458805905655, 437988.408460995007772 ], [ 430149.693642126163468, 437982.259757682040799 ], [ 430153.404266866971739, 437974.759105803212151 ], [ 430164.130582940590102, 437959.702068944519851 ], [ 430176.896878451050725, 437950.127099827455822 ], [ 430191.194695913989563, 437942.619278095662594 ], [ 430191.62018815689953, 437942.368287064775359 ], [ 430192.018835808616132, 437942.076533408253454 ], [ 430192.386747428041417, 437941.746865110239014 ], [ 430192.720331606804393, 437941.382500262872782 ], [ 430196.819230779248755, 437936.435383870557416 ], [ 430189.118908018048387, 437930.055334546777885 ], [ 430185.658964592556003, 437934.231271088938229 ], [ 430171.892956497962587, 437941.459838316077366 ], [ 430171.54665392357856, 437941.659741664305329 ], [ 430171.217432558885776, 437941.886678031354677 ], [ 430157.508964705979452, 437952.168294670002069 ], [ 430157.11445643362822, 437952.497157250705641 ], [ 430156.755765821784735, 437952.864755426649936 ], [ 430156.436677592690103, 437953.267210487567354 ], [ 430145.027624132169876, 437969.282638086297084 ], [ 430144.80934943491593, 437969.616458238277119 ], [ 430144.618376711325254, 437969.966614140896127 ], [ 430140.40446367522236, 437978.484612305299379 ], [ 430140.210222370864358, 437978.930622451996896 ], [ 430140.06024331599474, 437979.393397795327473 ], [ 430139.955946240806952, 437979.868557616253383 ], [ 430138.731368645327166, 437987.115114419022575 ], [ 430138.682574628561269, 437987.489329911593813 ], [ 430138.662144004134461, 437987.866159688157495 ], [ 430138.613586354535073, 437990.823695798055269 ] ], [ [ 430144.924366333871149, 437998.808800890110433 ], [ 430147.542606496426743, 437998.660094529157504 ], [ 430150.418475715443492, 437999.525842689385172 ], [ 430151.509937905066181, 438000.220319057872985 ], [ 430153.393770443741232, 438002.336642440059222 ], [ 430154.650005364150275, 438006.161967126477975 ], [ 430154.411274886399042, 438008.762378907180391 ], [ 430153.057739377312828, 438011.527850887156092 ], [ 430150.971558548917528, 438013.483020565647166 ], [ 430149.025612856610678, 438014.39125874848105 ], [ 430146.301321025646757, 438014.726743898063432 ], [ 430142.379250688885804, 438013.55246618099045 ], [ 430140.400667423382401, 438011.880121608264744 ], [ 430138.829895877162926, 438008.999117676459718 ], [ 430138.502744663797785, 438006.396663005230948 ], [ 430139.493483562779147, 438002.805208581557963 ], [ 430141.03076708316803, 438000.84383306937525 ], [ 430144.924366333871149, 437998.808800890110433 ] ] ] } },
{ "type": "Feature", "properties": { "highway": "tertiary", "lanes": null, "lit": "yes", "maxspeed": "30 mph", "name": "Harrogate Road", "surface": "asphalt", "osm_type": "way", "osm_id": 148675599, "junction": null, "ref": null, "sidewalk": null, "oneway": null, "turn:lanes": null, "source": null, "maxspeed:type": null, "postal_code": null, "source_ref": null, "source:name": null, "motor_vehicle": null, "busway:right": null, "cycleway:right": null, "lanes:forward": "2", "cycleway:both": null, "sidewalk:both": null, "lanes:backward": "1", "turn:lanes:forward": "left;through|right", "sidewalk:left": null, "sidewalk:right": null, "turn:lanes:backward": null }, "geometry": { "type": "Polygon", "coordinates": [ [ [ 430771.519347333232872, 438528.211335522122681 ], [ 430774.680454415793065, 438567.108538169646636 ], [ 430775.236689965939149, 438573.911467195954174 ], [ 430775.627776770328637, 438590.578341363056097 ], [ 430789.623924145183992, 438590.249922938819509 ], [ 430789.228063899907283, 438573.37961992219789 ], [ 430789.206708010518923, 438572.973383022646885 ], [ 430788.634310789464507, 438565.972802603209857 ], [ 430785.462537052517291, 438526.944347515935078 ], [ 430785.435865568753798, 438526.678913140494842 ], [ 430784.275574860163033, 438516.991280263464432 ], [ 430770.374921761453152, 438518.656165673455689 ], [ 430771.519347333232872, 438528.211335522122681 ] ] ] } },
{ "type": "Feature", "properties": { "highway": "unclassified", "lanes": null, "lit": null, "maxspeed": null, "name": "Moorland Grove", "surface": null, "osm_type": "way", "osm_id": 149672126, "junction": null, "ref": null, "sidewalk": null, "oneway": null, "turn:lanes": null, "source": "OS_OpenData_StreetView;Bing;npe", "maxspeed:type": null, "postal_code": null, "source_ref": null, "source:name": null, "motor_vehicle": null, "busway:right": null, "cycleway:right": null, "lanes:forward": null, "cycleway:both": null, "sidewalk:both": null, "lanes:backward": null, "turn:lanes:forward": null, "sidewalk:left": null, "sidewalk:right": null, "turn:lanes:backward": null }, "geometry": { "type": "Polygon", "coordinates": [ [ [ 430176.715657726977952, 438534.683572937792633 ], [ 430177.237464465026278, 438534.571426724724006 ], [ 430215.989888910437003, 438524.050685747584794 ], [ 430216.29193406534614, 438523.958347863983363 ], [ 430233.893019183480646, 438517.963428763672709 ], [ 430233.898906792863272, 438517.961419358907733 ], [ 430235.719045482110232, 438517.338952776684891 ], [ 430232.483157382463105, 438507.876974748505745 ], [ 430230.665961891994812, 438508.498434790468309 ], [ 430213.217384814750403, 438514.441409742925316 ], [ 430174.875348246714566, 438524.850736153894104 ], [ 430097.486470107978676, 438537.204859025834594 ], [ 430099.062879202945624, 438547.079824056883808 ], [ 430176.715657726977952, 438534.683572937792633 ] ] ] } },
{ "type": "Feature", "properties": { "highway": "residential", "lanes": null, "lit": null, "maxspeed": null, "name": "Whinbrook Crescent", "surface": null, "osm_type": "way", "osm_id": 150372552, "junction": null, "ref": null, "sidewalk": null, "oneway": null, "turn:lanes": null, "source": "OS_OpenData_StreetView", "maxspeed:type": null, "postal_code": null, "source_ref": null, "source:name": "OS_OpenData_StreetView", "motor_vehicle": null, "busway:right": null, "cycleway:right": null, "lanes:forward": null, "cycleway:both": null, "sidewalk:both": null, "lanes:backward": null, "turn:lanes:forward": null, "sidewalk:left": null, "sidewalk:right": null, "turn:lanes:backward": null }, "geometry": { "type": "Polygon", "coordinates": [ [ [ 430110.534496283566114, 438116.901151570084039 ], [ 430111.071698921674397, 438116.69808459590422 ], [ 430136.346503471257165, 438105.4453757100855 ], [ 430148.21606597257778, 438103.776849600893911 ], [ 430159.879607025242876, 438103.923183748789597 ], [ 430177.676919048768468, 438109.207255041808821 ], [ 430186.842329609207809, 438111.92670124664437 ], [ 430210.749098436965141, 438126.8253212198033 ], [ 430216.038078138430137, 438118.338467049004976 ], [ 430191.557386647386011, 438103.082180353289004 ], [ 430191.166974708263297, 438102.862521872797515 ], [ 430190.758469616586808, 438102.67868792504305 ], [ 430190.335150382830761, 438102.532154118118342 ], [ 430180.522716615989339, 438099.620731354458258 ], [ 430162.059977777535096, 438094.139092994853854 ], [ 430161.613497061480302, 438094.028599757119082 ], [ 430161.15875192853855, 438093.959602297167294 ], [ 430160.699590500909835, 438093.932684482075274 ], [ 430147.960306815395597, 438093.772853757021949 ], [ 430147.580016441643238, 438093.782555151847191 ], [ 430147.201564316637814, 438093.82114108861424 ], [ 430134.25871561729582, 438095.640541001572274 ], [ 430133.801572906901129, 438095.726654647383839 ], [ 430133.354411708423868, 438095.854880542727187 ], [ 430132.921102560067084, 438096.02410878991941 ], [ 430107.267201408685651, 438107.445596971025225 ], [ 430096.279093065299094, 438110.89215356943896 ], [ 430099.271945892018266, 438120.433790324081201 ], [ 430110.534496283566114, 438116.901151570084039 ] ] ] } },
{ "type": "Feature", "properties": { "highway": "residential", "lanes": null, "lit": null, "maxspeed": "20 mph", "name": "Stainburn Drive", "surface": null, "osm_type": "way", "osm_id": 151236240, "junction": null, "ref": null, "sidewalk": null, "oneway": "yes", "turn:lanes": null, "source": null, "maxspeed:type": null, "postal_code": null, "source_ref": null, "source:name": null, "motor_vehicle": null, "busway:right": null, "cycleway:right": null, "lanes:forward": null, "cycleway:both": null, "sidewalk:both": null, "lanes:backward": null, "turn:lanes:forward": null, "sidewalk:left": null, "sidewalk:right": null, "turn:lanes:backward": null }, "geometry": { "type": "Polygon", "coordinates": [ [ [ 430989.729326741129626, 438069.056391704187263 ], [ 430989.220251731050666, 438068.890132675936911 ], [ 430988.696314765373245, 438068.779274719883688 ], [ 430988.163526437070686, 438068.725089596118778 ], [ 430987.627998881740496, 438068.728198915021494 ], [ 430987.095875659259036, 438068.78856700664619 ], [ 430972.957786580664106, 438071.165193491091486 ], [ 430972.517873493314255, 438071.259672333253548 ], [ 430972.088235042814631, 438071.393315806286409 ], [ 430971.672350437438581, 438071.565041666501202 ], [ 430960.998309896443971, 438076.545928082428873 ], [ 430960.460603495652322, 438076.838171472947579 ], [ 430959.962627968168817, 438077.193916812713724 ], [ 430951.500471983104944, 438084.05867734545609 ], [ 430951.118641823297366, 438084.402417991426773 ], [ 430950.774100924958475, 438084.783526206971146 ], [ 430943.51591529964935, 438093.692390913493 ], [ 430951.268644120893441, 438100.008655301877297 ], [ 430958.201032426732127, 438091.499681751476601 ], [ 430965.784654510964174, 438085.347614870290272 ], [ 430975.285416006168816, 438080.914222127292305 ], [ 430987.400142439815681, 438078.877724865626078 ], [ 430999.136574911244679, 438083.419717707729433 ], [ 431002.745726513036061, 438074.093731180008035 ], [ 430989.729326741129626, 438069.056391704187263 ] ] ] } },
{ "type": "Feature", "properties": { "highway": "residential", "lanes": null, "lit": null, "maxspeed": null, "name": null, "surface": null, "osm_type": "way", "osm_id": 151236259, "junction": null, "ref": null, "sidewalk": null, "oneway": null, "turn:lanes": null, "source": null, "maxspeed:type": null, "postal_code": null, "source_ref": null, "source:name": null, "motor_vehicle": null, "busway:right": null, "cycleway:right": null, "lanes:forward": null, "cycleway:both": null, "sidewalk:both": null, "lanes:backward": null, "turn:lanes:forward": null, "sidewalk:left": null, "sidewalk:right": null, "turn:lanes:backward": null }, "geometry": { "type": "Polygon", "coordinates": [ [ [ 431005.333008267276455, 438180.655185497889761 ], [ 431005.337115214322694, 438180.658063132315874 ], [ 431008.788339298509527, 438183.073669505713042 ], [ 431015.442567773163319, 438190.001406938419677 ], [ 431017.35641676542582, 438193.040696926764213 ], [ 431021.137334964936599, 438199.070048849680461 ], [ 431029.609368232893758, 438193.757360988878645 ], [ 431025.825957875058521, 438187.724034872720949 ], [ 431025.820966114290059, 438187.716091183072422 ], [ 431023.632870333618484, 438184.241283281997312 ], [ 431023.340687831107061, 438183.825713636062574 ], [ 431023.007845644257031, 438183.441936586168595 ], [ 431015.661813170299865, 438175.793959913076833 ], [ 431015.30779118015198, 438175.459616105305031 ], [ 431014.922925171791576, 438175.161294958088547 ], [ 431011.073393782717176, 438172.466902379877865 ], [ 431005.134360125579406, 438168.301128956431057 ], [ 430999.391921860806178, 438176.487972229311708 ], [ 431005.333008267276455, 438180.655185497889761 ] ] ] } },
{ "type": "Feature", "properties": { "highway": "residential", "lanes": null, "lit": null, "maxspeed": "20 mph", "name": "Stainburn Drive", "surface": null, "osm_type": "way", "osm_id": 151236281, "junction": null, "ref": null, "sidewalk": null, "oneway": "yes", "turn:lanes": null, "source": "npe;Bing", "maxspeed:type": null, "postal_code": null, "source_ref": null, "source:name": null, "motor_vehicle": null, "busway:right": null, "cycleway:right": null, "lanes:forward": null, "cycleway:both": null, "sidewalk:both": null, "lanes:backward": null, "turn:lanes:forward": null, "sidewalk:left": null, "sidewalk:right": null, "turn:lanes:backward": null }, "geometry": { "type": "Polygon", "coordinates": [ [ [ 430854.026920410804451, 438105.360429173801094 ], [ 430853.612162428733427, 438105.128330591483973 ], [ 430853.177240703604184, 438104.936661531333812 ], [ 430852.726085082569625, 438104.787153868644964 ], [ 430852.262772098416463, 438104.681158518302254 ], [ 430842.081212762219366, 438102.856177877285518 ], [ 430841.578759843483567, 438102.792180676420685 ], [ 430841.072410306136589, 438102.779346219904255 ], [ 430840.567360401793849, 438102.817806217237376 ], [ 430830.266449576243758, 438104.129720681346953 ], [ 430829.803087478037924, 438104.211044621421024 ], [ 430829.349419595382642, 438104.335557550541125 ], [ 430828.909462123352569, 438104.502157190523576 ], [ 430817.987204425444361, 438109.236954259045888 ], [ 430817.551511438738089, 438109.451535383181181 ], [ 430817.138692262466066, 438109.707374717865605 ], [ 430816.752641819708515, 438110.002058434998617 ], [ 430816.397002472251188, 438110.332806212070864 ], [ 430816.075129655189812, 438110.696497464552522 ], [ 430805.060831168608274, 438124.432009746786207 ], [ 430812.862341302039567, 438130.687922121258453 ], [ 430823.101457293378189, 438117.919110414397437 ], [ 430832.234796394710429, 438113.959809288266115 ], [ 430841.070880626793951, 438112.834453782706987 ], [ 430849.550995191151742, 438114.354461121722125 ], [ 430856.107359317480586, 438118.444267111248337 ], [ 430861.39997497596778, 438109.959679938503541 ], [ 430854.026920410804451, 438105.360429173801094 ] ] ] } },
{ "type": "Feature", "properties": { "highway": "residential", "lanes": null, "lit": null, "maxspeed": null, "name": "Kingsway Court", "surface": null, "osm_type": "way", "osm_id": 178430521, "junction": null, "ref": null, "sidewalk": null, "oneway": null, "turn:lanes": null, "source": null, "maxspeed:type": null, "postal_code": null, "source_ref": null, "source:name": null, "motor_vehicle": null, "busway:right": null, "cycleway:right": null, "lanes:forward": null, "cycleway:both": null, "sidewalk:both": null, "lanes:backward": null, "turn:lanes:forward": null, "sidewalk:left": null, "sidewalk:right": null, "turn:lanes:backward": null }, "geometry": { "type": "Polygon", "coordinates": [ [ [ 430570.1266689793556, 438191.350313230359461 ], [ 430569.272979878645856, 438198.892489082179964 ], [ 430565.984402923437301, 438208.850399866234511 ], [ 430563.841129043721594, 438211.824288687552325 ], [ 430560.503755964746233, 438213.266219095909037 ], [ 430542.898167078907136, 438214.563305853982456 ], [ 430532.733233591192402, 438214.154665778856725 ], [ 430526.251237392134499, 438211.786784584866837 ], [ 430521.587311537063215, 438208.102619476092514 ], [ 430519.387563574535307, 438203.4912280656863 ], [ 430514.271102081169374, 438169.992407680663746 ], [ 430512.273583545873407, 438147.876748775248416 ], [ 430513.682271399302408, 438135.04349259956507 ], [ 430519.801873632532079, 438119.950986362644471 ], [ 430510.534698739007581, 438116.19339810765814 ], [ 430504.154274873260874, 438131.929157282575034 ], [ 430504.001320633629803, 438132.362607615476009 ], [ 430503.888817302824464, 438132.808272502035834 ], [ 430503.817715642799158, 438133.262385642621666 ], [ 430502.278714172600303, 438147.282809026772156 ], [ 430502.249092540878337, 438147.780241053609643 ], [ 430502.26913182035787, 438148.278151175705716 ], [ 430504.325476126628928, 438171.045103504438885 ], [ 430504.362524602969643, 438171.350250264513306 ], [ 430509.613803057640325, 438205.731752787716687 ], [ 430509.711191501875874, 438206.210987002181355 ], [ 430509.854929999099113, 438206.678415270347614 ], [ 430510.043643547105603, 438207.129566174349748 ], [ 430513.062420761911198, 438213.457910855533555 ], [ 430513.277809433289804, 438213.860934787779115 ], [ 430513.529093954653945, 438214.242610905843321 ], [ 430513.814175390813034, 438214.599751136673149 ], [ 430514.130672507104464, 438214.929372351267375 ], [ 430514.47594165924238, 438215.228721281979233 ], [ 430520.682414938870352, 438220.131387622677721 ], [ 430521.115391362749506, 438220.437570727954153 ], [ 430521.57836058846442, 438220.696175007848069 ], [ 430522.066114829387516, 438220.904291508893948 ], [ 430530.035978677275125, 438223.815692587348167 ], [ 430530.529665864771232, 438223.967631373147015 ], [ 430531.036394119262695, 438224.067825733451173 ], [ 430531.550755384785589, 438224.115206344344188 ], [ 430542.780861958046444, 438224.566667399078142 ], [ 430543.349082397937309, 438224.557187885860913 ], [ 430562.079826267028693, 438223.177205654093996 ], [ 430562.632042152050417, 438223.105427816335578 ], [ 430563.17285160056781, 438222.972689042624552 ], [ 430563.695546532457229, 438222.780635795148555 ], [ 430569.07387345272582, 438220.456900045915972 ], [ 430569.555746956029907, 438220.217147439310793 ], [ 430570.009058006166015, 438219.926988039282151 ], [ 430570.428553935897071, 438219.589784020092338 ], [ 430570.809373905183747, 438219.209442677907646 ], [ 430571.147105225303676, 438218.790371155366302 ], [ 430574.547132644045632, 438214.072680323268287 ], [ 430574.82331199303735, 438213.645163280365523 ], [ 430575.054598599497695, 438213.191784453752916 ], [ 430575.238595909904689, 438212.71724167955108 ], [ 430578.930845905502792, 438201.536996683222242 ], [ 430579.067036967899185, 438201.039888832543511 ], [ 430579.151328035630286, 438200.531401628628373 ], [ 430580.080070317431819, 438192.326145634870045 ], [ 430580.104827680974267, 438192.027658048726153 ], [ 430580.532740653026849, 438183.930399834353011 ], [ 430570.546675314777531, 438183.402669732982758 ], [ 430570.1266689793556, 438191.350313230359461 ] ] ] } },
{ "type": "Feature", "properties": { "highway": "residential", "lanes": null, "lit": null, "maxspeed": null, "name": "Southlands Close", "surface": null, "osm_type": "way", "osm_id": 193687194, "junction": null, "ref": null, "sidewalk": null, "oneway": null, "turn:lanes": null, "source": null, "maxspeed:type": null, "postal_code": null, "source_ref": null, "source:name": null, "motor_vehicle": null, "busway:right": null, "cycleway:right": null, "lanes:forward": null, "cycleway:both": null, "sidewalk:both": null, "lanes:backward": null, "turn:lanes:forward": null, "sidewalk:left": null, "sidewalk:right": null, "turn:lanes:backward": null }, "geometry": { "type": "Polygon", "coordinates": [ [ [ 430381.232286621758249, 438042.046682774089277 ], [ 430381.177913333347533, 438042.071866843733005 ], [ 430379.125019291765057, 438043.037687797332183 ], [ 430378.682354865362868, 438043.273761773481965 ], [ 430378.265575545665342, 438043.55300667550182 ], [ 430377.878877178765833, 438043.872611258877441 ], [ 430377.526152776554227, 438044.229357965465169 ], [ 430377.210953324334696, 438044.619655316171702 ], [ 430376.93645203235792, 438045.039574067050125 ], [ 430376.705412389826961, 438045.484886766411364 ], [ 430376.520160344138276, 438045.951110313879326 ], [ 430376.382560884871054, 438046.433551093097776 ], [ 430373.762492251757067, 438057.743281539413147 ], [ 430373.666556595533621, 438058.297641310025938 ], [ 430373.633505978970788, 438058.859269356064033 ], [ 430373.66375884716399, 438059.421055053069722 ], [ 430374.184229010425042, 438064.129662659077439 ], [ 430366.098519404709805, 438075.222107303561643 ], [ 430352.604450730665121, 438068.03782933804905 ], [ 430347.904965418332722, 438076.864767527498771 ], [ 430365.231630625552498, 438086.08953005616786 ], [ 430365.662458264967427, 438086.293177503044717 ], [ 430366.110716156894341, 438086.454885881976224 ], [ 430366.572332600306254, 438086.573186332825571 ], [ 430367.043114553263877, 438086.647004286525771 ], [ 430367.518785719876178, 438086.675669225805905 ], [ 430367.995025393727701, 438086.658920775866136 ], [ 430368.467507704335731, 438086.596911069413181 ], [ 430368.931940910755657, 438086.490203364752233 ], [ 430369.384106385405175, 438086.339766929508187 ], [ 430369.819896933156997, 438086.146968236484099 ], [ 430370.235354098607786, 438085.913558551226743 ], [ 430370.626704122580122, 438085.641658024920616 ], [ 430370.990392220381182, 438085.333736435801256 ], [ 430371.323114871338475, 438084.992590755748097 ], [ 430371.621849826071411, 438084.621319743746426 ], [ 430383.407495253777597, 438068.453088891867083 ], [ 430383.662261657067575, 438068.067300371301826 ], [ 430383.880305674159899, 438067.659629536559805 ], [ 430384.059763127123006, 438067.233561789151281 ], [ 430384.199099735997152, 438066.792739815660752 ], [ 430384.297124235599767, 438066.340932444843929 ], [ 430384.35299856076017, 438065.882002425554674 ], [ 430384.366245011333376, 438065.419873401988298 ], [ 430384.336750336107798, 438064.958496368548367 ], [ 430383.696879544120748, 438059.169690994778648 ], [ 430385.576450781489257, 438051.056375266751274 ], [ 430405.617248391208705, 438041.919531857478432 ], [ 430401.468915337638464, 438032.820557581377216 ], [ 430381.232286621758249, 438042.046682774089277 ] ] ] } },
{ "type": "Feature", "properties": { "highway": "residential", "lanes": null, "lit": null, "maxspeed": null, "name": "Arncliffe Grange", "surface": null, "osm_type": "way", "osm_id": 193795419, "junction": null, "ref": null, "sidewalk": null, "oneway": null, "turn:lanes": null, "source": "bing", "maxspeed:type": null, "postal_code": null, "source_ref": null, "source:name": "OS_OpenData_Locator", "motor_vehicle": null, "busway:right": null, "cycleway:right": null, "lanes:forward": null, "cycleway:both": null, "sidewalk:both": null, "lanes:backward": null, "turn:lanes:forward": null, "sidewalk:left": null, "sidewalk:right": null, "turn:lanes:backward": null }, "geometry": { "type": "Polygon", "coordinates": [ [ [ 430734.60653041646583, 438733.411993811081629 ], [ 430734.355889218451921, 438733.95575734967133 ], [ 430734.172043815779034, 438734.525582466740161 ], [ 430726.724935076606926, 438763.427777359145693 ], [ 430736.408641695685219, 438765.922937898314558 ], [ 430743.705544122087304, 438737.603693017503247 ], [ 430758.995744663465302, 438709.062947746540885 ], [ 430750.181011245760601, 438704.340609896054957 ], [ 430734.60653041646583, 438733.411993811081629 ] ] ] } },
{ "type": "Feature", "properties": { "highway": "residential", "lanes": null, "lit": null, "maxspeed": null, "name": "Falkland Gardens", "surface": null, "osm_type": "way", "osm_id": 193795420, "junction": null, "ref": null, "sidewalk": null, "oneway": null, "turn:lanes": null, "source": "bing", "maxspeed:type": null, "postal_code": null, "source_ref": null, "source:name": "OS_OpenData_Locator", "motor_vehicle": null, "busway:right": null, "cycleway:right": null, "lanes:forward": null, "cycleway:both": null, "sidewalk:both": null, "lanes:backward": null, "turn:lanes:forward": null, "sidewalk:left": null, "sidewalk:right": null, "turn:lanes:backward": null }, "geometry": { "type": "Polygon", "coordinates": [ [ [ 430554.407962006516755, 438266.664844047510996 ], [ 430547.942837425856851, 438259.035809760214761 ], [ 430529.4151129265083, 438274.736885751248337 ], [ 430535.880237507168204, 438282.365920038544573 ], [ 430554.407962006516755, 438266.664844047510996 ] ] ] } },
{ "type": "Feature", "properties": { "highway": "residential", "lanes": null, "lit": null, "maxspeed": null, "name": "Hadleigh Court", "surface": null, "osm_type": "way", "osm_id": 193795421, "junction": null, "ref": null, "sidewalk": null, "oneway": null, "turn:lanes": null, "source": "bing", "maxspeed:type": null, "postal_code": null, "source_ref": null, "source:name": "OS_OpenData_Locator", "motor_vehicle": null, "busway:right": null, "cycleway:right": null, "lanes:forward": null, "cycleway:both": null, "sidewalk:both": null, "lanes:backward": null, "turn:lanes:forward": null, "sidewalk:left": null, "sidewalk:right": null, "turn:lanes:backward": null }, "geometry": { "type": "Polygon", "coordinates": [ [ [ 430828.441225716262124, 438858.837105754646473 ], [ 430819.605191232229117, 438861.847844041476492 ], [ 430804.930055872478988, 438863.291679233370814 ], [ 430799.275571477250196, 438856.380711878242437 ], [ 430791.536029528244399, 438862.713127722206991 ], [ 430798.885707557725254, 438871.695977683819365 ], [ 430799.215173213742673, 438872.060525807202794 ], [ 430799.578830140526406, 438872.390974883979652 ], [ 430799.973166241950821, 438872.684133530128747 ], [ 430800.394373131217435, 438872.93717050208943 ], [ 430800.838382910878863, 438873.147642040159553 ], [ 430801.300907459633891, 438873.313515469431877 ], [ 430801.777479845797643, 438873.433188831142616 ], [ 430802.263497467560228, 438873.50550635374384 ], [ 430802.754266503790859, 438873.529769614920951 ], [ 430803.245047245407477, 438873.505744286987465 ], [ 430821.159922470862512, 438871.743162431695964 ], [ 430821.728460747632198, 438871.653946504811756 ], [ 430822.282981423893943, 438871.499991727760062 ], [ 430832.886866972665302, 438867.886886293534189 ], [ 430833.355594294611365, 438867.700285438855644 ], [ 430833.803131326392759, 438867.467399658868089 ], [ 430834.224921690125484, 438867.190599965280853 ], [ 430834.616671135125216, 438866.872704457782675 ], [ 430834.97439125739038, 438866.516949632903561 ], [ 430841.900303174043074, 438858.89639096474275 ], [ 430834.499999272171408, 438852.170656643575057 ], [ 430828.441225716262124, 438858.837105754646473 ] ] ] } },
{ "type": "Feature", "properties": { "highway": "residential", "lanes": null, "lit": null, "maxspeed": null, "name": "Moorland Close", "surface": null, "osm_type": "way", "osm_id": 193795422, "junction": null, "ref": null, "sidewalk": null, "oneway": null, "turn:lanes": null, "source": "bing", "maxspeed:type": null, "postal_code": null, "source_ref": null, "source:name": "OS_OpenData_Locator", "motor_vehicle": null, "busway:right": null, "cycleway:right": null, "lanes:forward": null, "cycleway:both": null, "sidewalk:both": null, "lanes:backward": null, "turn:lanes:forward": null, "sidewalk:left": null, "sidewalk:right": null, "turn:lanes:backward": null }, "geometry": { "type": "Polygon", "coordinates": [ [ [ 430637.70255266391905, 438376.544906119001098 ], [ 430637.731567507842556, 438376.057010565185919 ], [ 430637.712808200973086, 438375.568613164534327 ], [ 430637.646453995257616, 438375.084380728658289 ], [ 430637.533138928876724, 438374.608940271486063 ], [ 430637.373945767641999, 438374.146834796527401 ], [ 430637.170395659224596, 438373.702479886647779 ], [ 430636.924433597538155, 438373.280121511779726 ], [ 430636.638409838080406, 438372.883795457193628 ], [ 430636.315057439962402, 438372.517288759816438 ], [ 430635.957466150866821, 438372.184103522216901 ], [ 430635.569052883482073, 438371.887423448264599 ], [ 430635.153529065195471, 438371.63008342217654 ], [ 430634.714865174610168, 438371.414542419835925 ], [ 430634.257252802024595, 438371.24286001251312 ], [ 430633.785064597032033, 438371.116676686913706 ], [ 430633.302812486712355, 438371.037198169855401 ], [ 430618.385958516912069, 438369.322569259384181 ], [ 430618.676325116830412, 438366.908609004749451 ], [ 430608.747893509629648, 438365.714353663090151 ], [ 430607.857245390710887, 438373.118749211134855 ], [ 430607.822585520683788, 438373.609848584746942 ], [ 430607.836390730401035, 438374.101975923520513 ], [ 430607.898527175595518, 438374.590359956317116 ], [ 430608.008392431249376, 438375.070265704358462 ], [ 430608.164921332208905, 438375.53704038716387 ], [ 430608.366596300038509, 438375.986158532730769 ], [ 430608.611462056462187, 438376.413265852665063 ], [ 430608.897144579852466, 438376.814221457636449 ], [ 430609.220874122227542, 438377.185138004540931 ], [ 430609.579512062191498, 438377.522419384622481 ], [ 430609.969581334560644, 438377.822795588930603 ], [ 430610.387300141330343, 438378.083354411181062 ], [ 430610.828618616680615, 438378.301569682487752 ], [ 430611.289258091594093, 438378.47532576310914 ], [ 430611.764752575953025, 438378.60293805366382 ], [ 430612.250492057530209, 438378.683169328025542 ], [ 430627.224031281133648, 438380.404313967272174 ], [ 430623.154365357477218, 438417.836856513400562 ], [ 430633.095783985452726, 438418.917687519569881 ], [ 430637.70255266391905, 438376.544906119001098 ] ] ] } },
{ "type": "Feature", "properties": { "highway": "residential", "lanes": null, "lit": null, "maxspeed": null, "name": "Moorland Close", "surface": null, "osm_type": "way", "osm_id": 193795423, "junction": null, "ref": null, "sidewalk": null, "oneway": null, "turn:lanes": null, "source": "bing", "maxspeed:type": null, "postal_code": null, "source_ref": null, "source:name": "OS_OpenData_Locator", "motor_vehicle": null, "busway:right": null, "cycleway:right": null, "lanes:forward": null, "cycleway:both": null, "sidewalk:both": null, "lanes:backward": null, "turn:lanes:forward": null, "sidewalk:left": null, "sidewalk:right": null, "turn:lanes:backward": null }, "geometry": { "type": "Polygon", "coordinates": [ [ [ 430639.131102439481765, 438377.072533513011876 ], [ 430646.753443413821515, 438377.560925687255803 ], [ 430647.392869959643576, 438367.581389941915404 ], [ 430637.723782751709223, 438366.961855006346013 ], [ 430637.237458447983954, 438366.954399573558476 ], [ 430636.752710730594117, 438366.994231248216238 ], [ 430636.274126610253006, 438367.080973116040695 ], [ 430635.806234773714095, 438367.213804366765544 ], [ 430635.353462730068713, 438367.391468061250634 ], [ 430634.920094914676156, 438367.612283025460783 ], [ 430634.510232146887574, 438367.874159758794121 ], [ 430634.12775282561779, 438368.174620206526015 ], [ 430629.455526696750894, 438372.22748794342624 ], [ 430636.008160003111698, 438379.781493288406637 ], [ 430639.131102439481765, 438377.072533513011876 ] ] ] } },
{ "type": "Feature", "properties": { "highway": "residential", "lanes": null, "lit": null, "maxspeed": null, "name": "Wycliffe Drive", "surface": null, "osm_type": "way", "osm_id": 193795425, "junction": null, "ref": null, "sidewalk": null, "oneway": null, "turn:lanes": null, "source": "bing", "maxspeed:type": null, "postal_code": null, "source_ref": null, "source:name": "OS_OpenData_Locator", "motor_vehicle": null, "busway:right": null, "cycleway:right": null, "lanes:forward": null, "cycleway:both": null, "sidewalk:both": null, "lanes:backward": null, "turn:lanes:forward": null, "sidewalk:left": null, "sidewalk:right": null, "turn:lanes:backward": null }, "geometry": { "type": "Polygon", "coordinates": [ [ [ 430888.076003776513971, 438920.785852201282978 ], [ 430870.396021136664785, 438923.349519023264293 ], [ 430800.807672926166561, 438931.908209506480489 ], [ 430802.02837782347342, 438941.833423839358147 ], [ 430871.670385211764369, 438933.268133798788767 ], [ 430871.777548322395887, 438933.253775961347856 ], [ 430890.567071827943437, 438930.529221362317912 ], [ 430891.082366742251907, 438930.426607010944281 ], [ 430891.584048541437369, 438930.270485500164796 ], [ 430892.066577483550645, 438930.062580777157564 ], [ 430892.524625318823382, 438929.805188597005326 ], [ 430900.506098774436396, 438924.750761984672863 ], [ 430895.155960674106609, 438916.3023288573022 ], [ 430888.076003776513971, 438920.785852201282978 ] ] ] } },
{ "type": "Feature", "properties": { "highway": "tertiary", "lanes": "2", "lit": "yes", "maxspeed": "30 mph", "name": "King Lane", "surface": "asphalt", "osm_type": "way", "osm_id": 303687516, "junction": null, "ref": null, "sidewalk": "both", "oneway": null, "turn:lanes": null, "source": "npe;Bing", "maxspeed:type": null, "postal_code": null, "source_ref": null, "source:name": null, "motor_vehicle": null, "busway:right": null, "cycleway:right": null, "lanes:forward": null, "cycleway:both": null, "sidewalk:both": null, "lanes:backward": null, "turn:lanes:forward": null, "sidewalk:left": null, "sidewalk:right": null, "turn:lanes:backward": null }, "geometry": { "type": "Polygon", "coordinates": [ [ [ 430033.34126101405127, 438538.507616598217282 ], [ 430058.940304880146869, 438473.481880913022906 ], [ 430064.364844996540342, 438459.7096106854151 ], [ 430073.114126390020829, 438437.502021992229857 ], [ 430077.80376489617629, 438425.592234441952314 ], [ 430095.604185456526466, 438380.377245986775961 ], [ 430119.217896941350773, 438320.413085900479928 ], [ 430106.191547377035022, 438315.283347405493259 ], [ 430082.577710388461128, 438375.247826193342917 ], [ 430064.777177768468391, 438420.463099245622288 ], [ 430060.088339018751867, 438432.37085606448818 ], [ 430051.339180444425438, 438454.5781330158934 ], [ 430045.914076837070752, 438468.351833804743364 ], [ 430020.314712341234554, 438533.378383734554518 ], [ 430010.455382219166495, 438558.416180399421137 ], [ 430023.481817140593193, 438563.545702135015745 ], [ 430033.34126101405127, 438538.507616598217282 ] ] ] } },
{ "type": "Feature", "properties": { "highway": "secondary", "lanes": "2", "lit": "yes", "maxspeed": null, "name": null, "surface": "asphalt", "osm_type": "way", "osm_id": 398557971, "junction": null, "ref": "B6157", "sidewalk": "left", "oneway": "yes", "turn:lanes": null, "source": null, "maxspeed:type": null, "postal_code": null, "source_ref": null, "source:name": null, "motor_vehicle": null, "busway:right": null, "cycleway:right": null, "lanes:forward": null, "cycleway:both": null, "sidewalk:both": null, "lanes:backward": null, "turn:lanes:forward": null, "sidewalk:left": null, "sidewalk:right": null, "turn:lanes:backward": null }, "geometry": { "type": "Polygon", "coordinates": [ [ [ 429992.29206438671099, 438604.132042386510875 ], [ 429990.520195360062644, 438617.187781283922959 ], [ 430006.374850059277378, 438619.339507188589778 ], [ 430008.432746371778194, 438604.176221116387751 ], [ 430008.501587101607583, 438603.347938545979559 ], [ 430008.484120308887213, 438602.516983689449262 ], [ 430008.380534523341339, 438601.692325549665838 ], [ 430008.191947809595149, 438600.882865165243857 ], [ 430007.920395699213259, 438600.097339536237996 ], [ 430002.783604847500101, 438587.413707137980964 ], [ 429987.953651493415236, 438593.419744393613655 ], [ 429992.29206438671099, 438604.132042386510875 ] ] ] } },
{ "type": "Feature", "properties": { "highway": "tertiary", "lanes": "1", "lit": "yes", "maxspeed": "30 mph", "name": "King Lane", "surface": null, "osm_type": "way", "osm_id": 398557972, "junction": null, "ref": null, "sidewalk": "left", "oneway": "yes", "turn:lanes": null, "source": null, "maxspeed:type": null, "postal_code": null, "source_ref": null, "source:name": null, "motor_vehicle": null, "busway:right": null, "cycleway:right": null, "lanes:forward": null, "cycleway:both": null, "sidewalk:both": null, "lanes:backward": null, "turn:lanes:forward": null, "sidewalk:left": null, "sidewalk:right": null, "turn:lanes:backward": null }, "geometry": { "type": "Polygon", "coordinates": [ [ [ 430008.426547977724113, 438558.844966877135448 ], [ 430008.112741904740687, 438559.111094131658319 ], [ 430001.026202008419205, 438565.488304775906727 ], [ 429997.837045181542635, 438566.609211368719116 ], [ 429992.079845704138279, 438566.57236801070394 ], [ 429991.990254149655811, 438580.572081341815647 ], [ 429998.964839526917785, 438580.616715394717176 ], [ 429999.56692615582142, 438580.594639673479833 ], [ 430000.164884332625661, 438580.520872031745967 ], [ 430000.754284338676371, 438580.39595894573722 ], [ 430001.330759854812641, 438580.220825780881569 ], [ 430006.989188652252778, 438578.232033605338074 ], [ 430007.628605881065596, 438577.971188211929984 ], [ 430008.239209503342863, 438577.648608100658748 ], [ 430008.815056791820098, 438577.267432797001675 ], [ 430009.350543286767788, 438576.83137210685527 ], [ 430017.324709653039463, 438569.655382219760213 ], [ 430021.33727279206505, 438566.450374074978754 ], [ 430012.599926567694638, 438555.511508459458128 ], [ 430008.426547977724113, 438558.844966877135448 ] ] ] } },
{ "type": "Feature", "properties": { "highway": "unclassified", "lanes": "2", "lit": "yes", "maxspeed": "30 mph", "name": "King Lane", "surface": null, "osm_type": "way", "osm_id": 511853119, "junction": null, "ref": null, "sidewalk": null, "oneway": null, "turn:lanes": null, "source": "OS_OpenData_StreetView", "maxspeed:type": null, "postal_code": null, "source_ref": null, "source:name": "OS_OpenData_StreetView", "motor_vehicle": null, "busway:right": null, "cycleway:right": null, "lanes:forward": null, "cycleway:both": null, "sidewalk:both": null, "lanes:backward": null, "turn:lanes:forward": null, "sidewalk:left": null, "sidewalk:right": null, "turn:lanes:backward": null }, "geometry": { "type": "Polygon", "coordinates": [ [ [ 430330.416531531489454, 437936.728952911915258 ], [ 430314.767647179367486, 437950.805563341418747 ], [ 430297.938014556304552, 437963.193776600179262 ], [ 430297.445148940198123, 437963.598672438878566 ], [ 430292.903785161906853, 437967.752858473802917 ], [ 430282.096076552406885, 437977.655706826248206 ], [ 430281.733083180850372, 437978.018040501163341 ], [ 430281.402360209729522, 437978.410050955309998 ], [ 430281.106324212451, 437978.828873791440856 ], [ 430261.037546005856711, 438009.964533430582378 ], [ 430260.669711043243296, 438010.62264092057012 ], [ 430237.253942495910451, 438059.495231592853088 ], [ 430207.992634074413218, 438119.968525889038574 ], [ 430207.897781511011999, 438120.174383413104806 ], [ 430205.880732931836974, 438124.778852731746156 ], [ 430205.80253284733044, 438124.965902349737007 ], [ 430187.509193467907608, 438170.887535052082967 ], [ 430180.043023678881582, 438189.597055736521725 ], [ 430172.983001705084462, 438206.503436337166931 ], [ 430165.465611956780776, 438215.649167631054297 ], [ 430165.038341676816344, 438216.238532982708421 ], [ 430161.88727496471256, 438221.191768572141882 ], [ 430172.012131437193602, 438227.632830706017558 ], [ 430174.967472183401696, 438222.987261347938329 ], [ 430182.814335462288, 438213.440689272829331 ], [ 430183.163091396796517, 438212.971541621955112 ], [ 430183.464537498250138, 438212.470681892998982 ], [ 430183.715812287642621, 438211.942864499986172 ], [ 430191.134661384741776, 438194.177213497809134 ], [ 430191.170696514192969, 438194.088956156861968 ], [ 430198.655202259484213, 438175.333487287047319 ], [ 430216.913026841415558, 438129.501010049076285 ], [ 430218.843913274235092, 438125.093229577352758 ], [ 430248.060892672219779, 438064.711548480612691 ], [ 430248.070935924653895, 438064.69068991241511 ], [ 430271.328502996999305, 438016.148291944118682 ], [ 430290.773423558915965, 437985.980514808150474 ], [ 430301.005071854568087, 437976.605494249670301 ], [ 430305.308933568245266, 437972.6685618434567 ], [ 430322.118346130882856, 437960.295232475851662 ], [ 430322.574116286705248, 437959.92398620035965 ], [ 430338.440606559277512, 437945.651633015251718 ], [ 430356.769624980981462, 437929.169990252237767 ], [ 430348.745941906468943, 437920.246957700466737 ], [ 430330.416531531489454, 437936.728952911915258 ] ] ] } },
{ "type": "Feature", "properties": { "highway": "secondary", "lanes": "2", "lit": "yes", "maxspeed": null, "name": null, "surface": "asphalt", "osm_type": "way", "osm_id": 535617600, "junction": null, "ref": "B6157", "sidewalk": "left", "oneway": "yes", "turn:lanes": "slight_left|through", "source": null, "maxspeed:type": null, "postal_code": null, "source_ref": null, "source:name": null, "motor_vehicle": null, "busway:right": null, "cycleway:right": null, "lanes:forward": null, "cycleway:both": null, "sidewalk:both": null, "lanes:backward": null, "turn:lanes:forward": null, "sidewalk:left": null, "sidewalk:right": null, "turn:lanes:backward": null }, "geometry": { "type": "Polygon", "coordinates": [ [ [ 430020.890903158055153, 438600.928980736294761 ], [ 430017.728693713492248, 438595.011268545640633 ], [ 430003.617087489168625, 438602.551995948888361 ], [ 430007.017692886700388, 438608.915838815504685 ], [ 430007.548778274038341, 438609.774520221864805 ], [ 430011.807092487986665, 438615.776686453027651 ], [ 430024.856527937634382, 438606.518596237059683 ], [ 430020.890903158055153, 438600.928980736294761 ] ] ] } },
{ "type": "Feature", "properties": { "highway": "tertiary", "lanes": "3", "lit": "yes", "maxspeed": "30 mph", "name": "Street Lane", "surface": "asphalt", "osm_type": "way", "osm_id": 535617601, "junction": null, "ref": null, "sidewalk": null, "oneway": null, "turn:lanes": null, "source": "npe", "maxspeed:type": null, "postal_code": null, "source_ref": null, "source:name": null, "motor_vehicle": null, "busway:right": null, "cycleway:right": null, "lanes:forward": "2", "cycleway:both": null, "sidewalk:both": null, "lanes:backward": "1", "turn:lanes:forward": "left|right", "sidewalk:left": null, "sidewalk:right": null, "turn:lanes:backward": null }, "geometry": { "type": "Polygon", "coordinates": [ [ [ 430070.668043992714956, 438626.687859421479516 ], [ 430069.994348911684938, 438627.262178443779703 ], [ 430069.380336694128346, 438627.899905970436521 ], [ 430068.070566511014476, 438629.401558409037534 ], [ 430060.483494340151083, 438638.083998204325326 ], [ 430074.037656819971744, 438649.928181564551778 ], [ 430081.627454098430462, 438641.242623229976743 ], [ 430082.361368154524826, 438640.401196045626421 ], [ 430088.700215296761598, 438635.514646163443103 ], [ 430077.710572713345755, 438621.258848890429363 ], [ 430070.668043992714956, 438626.687859421479516 ] ] ] } },
{ "type": "Feature", "properties": { "highway": "secondary", "lanes": "1", "lit": "yes", "maxspeed": "40 mph", "name": "Stonegate Road", "surface": "asphalt", "osm_type": "way", "osm_id": 535617603, "junction": null, "ref": "B6157", "sidewalk": "no", "oneway": "yes", "turn:lanes": null, "source": null, "maxspeed:type": null, "postal_code": null, "source_ref": null, "source:name": null, "motor_vehicle": null, "busway:right": null, "cycleway:right": null, "lanes:forward": null, "cycleway:both": null, "sidewalk:both": null, "lanes:backward": null, "turn:lanes:forward": null, "sidewalk:left": null, "sidewalk:right": null, "turn:lanes:backward": null }, "geometry": { "type": "Polygon", "coordinates": [ [ [ 429997.747221049619839, 438567.971233597490937 ], [ 429986.322878804174252, 438579.17321575502865 ], [ 429995.53406426840229, 438588.567243860918097 ], [ 430006.958406513847876, 438577.365261703380384 ], [ 429997.747221049619839, 438567.971233597490937 ] ] ] } },
{ "type": "Feature", "properties": { "highway": "tertiary", "lanes": "2", "lit": null, "maxspeed": "30 mph", "name": "King Lane", "surface": "asphalt", "osm_type": "way", "osm_id": 535617605, "junction": null, "ref": null, "sidewalk": null, "oneway": "yes", "turn:lanes": "left|slight_right;right", "source": null, "maxspeed:type": null, "postal_code": null, "source_ref": null, "source:name": null, "motor_vehicle": null, "busway:right": null, "cycleway:right": null, "lanes:forward": null, "cycleway:both": null, "sidewalk:both": null, "lanes:backward": null, "turn:lanes:forward": null, "sidewalk:left": "separate", "sidewalk:right": "no", "turn:lanes:backward": null }, "geometry": { "type": "Polygon", "coordinates": [ [ [ 429991.129245767253451, 438671.958923785947263 ], [ 429991.702779816521797, 438671.527195795846637 ], [ 429992.229081555618905, 438671.038998251315206 ], [ 429992.702615897520445, 438670.499465499655344 ], [ 429996.376955298590474, 438665.852520141284913 ], [ 429999.688446236599702, 438664.225545347318985 ], [ 430004.396816028223839, 438661.923647393123247 ], [ 430014.406463696854189, 438659.320765231212135 ], [ 430010.883115865639411, 438645.771373360708822 ], [ 430000.192632699734531, 438648.551298174832482 ], [ 429999.524038754578214, 438648.761407441808842 ], [ 429998.879805207776371, 438649.037318486836739 ], [ 429993.533315545413643, 438651.651189988129772 ], [ 429993.521065679902676, 438651.657193681516219 ], [ 429988.781763188715558, 438653.985669234825764 ], [ 429988.235465796722565, 438654.28495103889145 ], [ 429987.717936992645264, 438654.631612798606511 ], [ 429987.233274869911838, 438655.022909445047844 ], [ 429986.785317264439072, 438655.45574246410979 ], [ 429986.37761136458721, 438655.926684432895854 ], [ 429982.394297501770779, 438660.964390492474195 ], [ 429977.353153522184584, 438664.368709777598269 ], [ 429985.188219456060324, 438675.970939813763835 ], [ 429991.129245767253451, 438671.958923785947263 ] ] ] } },
{ "type": "Feature", "properties": { "highway": "tertiary", "lanes": null, "lit": "yes", "maxspeed": "30 mph", "name": "Harrogate Road", "surface": "asphalt", "osm_type": "way", "osm_id": 535621685, "junction": null, "ref": null, "sidewalk": null, "oneway": null, "turn:lanes": null, "source": null, "maxspeed:type": null, "postal_code": null, "source_ref": null, "source:name": null, "motor_vehicle": null, "busway:right": null, "cycleway:right": null, "lanes:forward": "1", "cycleway:both": null, "sidewalk:both": null, "lanes:backward": "2", "turn:lanes:forward": null, "sidewalk:left": null, "sidewalk:right": null, "turn:lanes:backward": "left;through|right" }, "geometry": { "type": "Polygon", "coordinates": [ [ [ 430754.504515544045717, 438819.864769098698162 ], [ 430754.487398822500836, 438819.966042978456244 ], [ 430749.418973731808364, 438851.353890266269445 ], [ 430740.838879852381069, 438904.515987205610145 ], [ 430754.660028151876759, 438906.746650712972041 ], [ 430763.239987758221105, 438853.585385585553013 ], [ 430768.300181169237476, 438822.248515612969641 ], [ 430772.200195314420853, 438800.160848491243087 ], [ 430758.413459554722067, 438797.726527827908285 ], [ 430754.504515544045717, 438819.864769098698162 ] ] ] } },
{ "type": "Feature", "properties": { "highway": "tertiary", "lanes": "2", "lit": "yes", "maxspeed": "30 mph", "name": "Street Lane", "surface": "asphalt", "osm_type": "way", "osm_id": 614207399, "junction": null, "ref": null, "sidewalk": null, "oneway": null, "turn:lanes": null, "source": "npe", "maxspeed:type": null, "postal_code": null, "source_ref": null, "source:name": null, "motor_vehicle": null, "busway:right": null, "cycleway:right": null, "lanes:forward": null, "cycleway:both": null, "sidewalk:both": null, "lanes:backward": null, "turn:lanes:forward": null, "sidewalk:left": null, "sidewalk:right": null, "turn:lanes:backward": null }, "geometry": { "type": "Polygon", "coordinates": [ [ [ 430347.172923251520842, 438552.247831776447129 ], [ 430349.587289527524263, 438566.038075990567449 ], [ 430363.7439711476909, 438563.559554642240983 ], [ 430361.329604871687479, 438549.769310428120662 ], [ 430347.172923251520842, 438552.247831776447129 ] ] ] } },
{ "type": "Feature", "properties": { "highway": "tertiary", "lanes": "2", "lit": "yes", "maxspeed": "30 mph", "name": "Street Lane", "surface": "asphalt", "osm_type": "way", "osm_id": 614207400, "junction": null, "ref": null, "sidewalk": null, "oneway": null, "turn:lanes": null, "source": "npe", "maxspeed:type": null, "postal_code": null, "source_ref": null, "source:name": null, "motor_vehicle": null, "busway:right": null, "cycleway:right": null, "lanes:forward": null, "cycleway:both": null, "sidewalk:both": null, "lanes:backward": null, "turn:lanes:forward": null, "sidewalk:left": null, "sidewalk:right": null, "turn:lanes:backward": null }, "geometry": { "type": "Polygon", "coordinates": [ [ [ 430339.662509757559747, 438553.335956153401639 ], [ 430334.323139504762366, 438554.016476567427162 ], [ 430333.877370840811636, 438554.08796765038278 ], [ 430325.648524814343546, 438555.68142916681245 ], [ 430328.31008992990246, 438569.426103449426591 ], [ 430336.317204928142019, 438567.875578677630983 ], [ 430341.493298698100261, 438567.215868391853292 ], [ 430341.614676183206029, 438567.199317871883977 ], [ 430349.386497768457048, 438566.070231587800663 ], [ 430347.373715010588057, 438552.215676179213915 ], [ 430339.662509757559747, 438553.335956153401639 ] ] ] } },
{ "type": "Feature", "properties": { "highway": "trunk", "lanes": "2", "lit": "yes", "maxspeed": "40 mph", "name": "Scott Hall Road", "surface": null, "osm_type": "way", "osm_id": 614207401, "junction": null, "ref": "A61", "sidewalk": null, "oneway": "yes", "turn:lanes": "through|through", "source": "extrapolation and local_knowledge", "maxspeed:type": null, "postal_code": null, "source_ref": null, "source:name": null, "motor_vehicle": null, "busway:right": null, "cycleway:right": null, "lanes:forward": null, "cycleway:both": null, "sidewalk:both": null, "lanes:backward": null, "turn:lanes:forward": null, "sidewalk:left": null, "sidewalk:right": null, "turn:lanes:backward": null }, "geometry": { "type": "Polygon", "coordinates": [ [ [ 430330.86014064977644, 438556.657220024149865 ], [ 430331.578787785721943, 438557.624371576530393 ], [ 430339.119564392254688, 438566.774622240860481 ], [ 430357.640648386790417, 438551.511285526154097 ], [ 430350.483503955299966, 438542.826547997654416 ], [ 430344.803372592316009, 438534.321339468471706 ], [ 430324.844994325889274, 438547.650373078417033 ], [ 430330.86014064977644, 438556.657220024149865 ] ] ] } },
{ "type": "Feature", "properties": { "highway": "trunk", "lanes": "3", "lit": "yes", "maxspeed": "40 mph", "name": "Scott Hall Road", "surface": null, "osm_type": "way", "osm_id": 614207402, "junction": null, "ref": "A61", "sidewalk": null, "oneway": "yes", "turn:lanes": "left;through|through|right", "source": "extrapolation and local_knowledge", "maxspeed:type": null, "postal_code": null, "source_ref": null, "source:name": null, "motor_vehicle": null, "busway:right": null, "cycleway:right": null, "lanes:forward": null, "cycleway:both": null, "sidewalk:both": null, "lanes:backward": null, "turn:lanes:forward": null, "sidewalk:left": null, "sidewalk:right": null, "turn:lanes:backward": null }, "geometry": { "type": "Polygon", "coordinates": [ [ [ 430311.878531154361553, 438527.140631274494808 ], [ 430324.680200152797624, 438547.396753455628641 ], [ 430344.968166765407659, 438534.574959091260098 ], [ 430332.025949150207452, 438514.096446380135603 ], [ 430331.735240532027092, 438513.658038639929146 ], [ 430313.780507350107655, 438487.82871435105335 ], [ 430294.073957973858342, 438501.527324195834808 ], [ 430311.878531154361553, 438527.140631274494808 ] ] ] } },
{ "type": "Feature", "properties": { "highway": "trunk", "lanes": "2", "lit": "yes", "maxspeed": "40 mph", "name": "Scott Hall Road", "surface": null, "osm_type": "way", "osm_id": 614207404, "junction": null, "ref": "A61", "sidewalk": null, "oneway": "yes", "turn:lanes": null, "source": "extrapolation and local_knowledge", "maxspeed:type": null, "postal_code": null, "source_ref": null, "source:name": null, "motor_vehicle": null, "busway:right": null, "cycleway:right": null, "lanes:forward": null, "cycleway:both": null, "sidewalk:both": null, "lanes:backward": null, "turn:lanes:forward": null, "sidewalk:left": null, "sidewalk:right": null, "turn:lanes:backward": null }, "geometry": { "type": "Polygon", "coordinates": [ [ [ 430155.710281967185438, 438271.242683872638736 ], [ 430171.936346444650553, 438303.771702665952034 ], [ 430172.301395391405094, 438304.448352083622012 ], [ 430215.282212575839367, 438378.3489300943329 ], [ 430215.437408, 438378.608203466574196 ], [ 430256.079254194337409, 438444.605449955735821 ], [ 430256.316972372180317, 438444.976069228898268 ], [ 430293.946997279243078, 438501.340969198558014 ], [ 430313.907468044722918, 438488.015069348330144 ], [ 430276.39970249804901, 438431.83329805417452 ], [ 430235.95254515693523, 438366.152201775577851 ], [ 430193.241061634151265, 438292.714712058193982 ], [ 430176.391533152607735, 438258.935810871422291 ], [ 430175.814342204830609, 438257.908337697852403 ], [ 430175.139150425442494, 438256.942435749690048 ], [ 430174.372469900874421, 438256.047420953284018 ], [ 430165.607642393326387, 438246.778338372823782 ], [ 430148.169373033801094, 438263.267933933180757 ], [ 430155.710281967185438, 438271.242683872638736 ] ] ] } },
{ "type": "Feature", "properties": { "highway": "trunk", "lanes": "2", "lit": "yes", "maxspeed": "40 mph", "name": "Scott Hall Road", "surface": null, "osm_type": "way", "osm_id": 614207405, "junction": null, "ref": "A61", "sidewalk": null, "oneway": "yes", "turn:lanes": "through|through;right", "source": "npe; extrapolation and local_knowledge", "maxspeed:type": null, "postal_code": null, "source_ref": null, "source:name": null, "motor_vehicle": null, "busway:right": null, "cycleway:right": null, "lanes:forward": null, "cycleway:both": null, "sidewalk:both": null, "lanes:backward": null, "turn:lanes:forward": null, "sidewalk:left": null, "sidewalk:right": null, "turn:lanes:backward": null }, "geometry": { "type": "Polygon", "coordinates": [ [ [ 430382.431812851573341, 438563.062752496916801 ], [ 430381.876305478741415, 438562.339257161540445 ], [ 430379.998789265519008, 438560.077422874746844 ], [ 430372.179359688598197, 438549.521547164593358 ], [ 430352.894216330780182, 438563.807317905768286 ], [ 430360.911031572963111, 438574.629655322467443 ], [ 430361.320217180938926, 438575.151271348877344 ], [ 430363.118020901980344, 438577.317076399514917 ], [ 430367.855233544716612, 438583.997962335706688 ], [ 430387.433020432246849, 438570.115950212464668 ], [ 430382.431812851573341, 438563.062752496916801 ] ] ] } },
{ "type": "Feature", "properties": { "highway": "trunk", "lanes": "2", "lit": "yes", "maxspeed": "40 mph", "name": "Scott Hall Road", "surface": null, "osm_type": "way", "osm_id": 614207406, "junction": null, "ref": "A61", "sidewalk": null, "oneway": "yes", "turn:lanes": "left;through|through;right", "source": "npe; extrapolation and local_knowledge", "maxspeed:type": null, "postal_code": null, "source_ref": null, "source:name": null, "motor_vehicle": null, "busway:right": null, "cycleway:right": null, "lanes:forward": null, "cycleway:both": null, "sidewalk:both": null, "lanes:backward": null, "turn:lanes:forward": null, "sidewalk:left": null, "sidewalk:right": null, "turn:lanes:backward": null }, "geometry": { "type": "Polygon", "coordinates": [ [ [ 430387.174466418277007, 438569.76499972230522 ], [ 430368.113787558686454, 438584.348912825866137 ], [ 430402.225116340152454, 438628.931260427401867 ], [ 430421.285795199743006, 438614.34734732384095 ], [ 430387.174466418277007, 438569.76499972230522 ] ] ] } },
{ "type": "Feature", "properties": { "highway": "trunk", "lanes": "2", "lit": "yes", "maxspeed": "40 mph", "name": "Scott Hall Road", "surface": null, "osm_type": "way", "osm_id": 614207407, "junction": null, "ref": "A61", "sidewalk": null, "oneway": "yes", "turn:lanes": null, "source": "npe; extrapolation and local_knowledge", "maxspeed:type": null, "postal_code": null, "source_ref": null, "source:name": null, "motor_vehicle": null, "busway:right": null, "cycleway:right": null, "lanes:forward": null, "cycleway:both": null, "sidewalk:both": null, "lanes:backward": null, "turn:lanes:forward": null, "sidewalk:left": null, "sidewalk:right": null, "turn:lanes:backward": null }, "geometry": { "type": "Polygon", "coordinates": [ [ [ 430361.766428636328783, 438534.114644514163956 ], [ 430361.634312186040916, 438533.923428790760227 ], [ 430329.881507643964142, 438488.905251143616624 ], [ 430289.401106605422683, 438429.109609634091612 ], [ 430246.204787780239712, 438361.840417234576307 ], [ 430201.868021053320263, 438284.71006422850769 ], [ 430179.184983570186887, 438237.954053056426346 ], [ 430157.591885163856205, 438248.429648562800139 ], [ 430180.458372126100585, 438295.563799827476032 ], [ 430180.851277190260589, 438296.306318840943277 ], [ 430225.544420360936783, 438374.05664129764773 ], [ 430225.850635651673656, 438374.56029944261536 ], [ 430269.284959614800755, 438442.20013484719675 ], [ 430269.445333345793188, 438442.443338809069246 ], [ 430310.071940329100471, 438502.454948491766118 ], [ 430310.202843562583439, 438502.644371763220988 ], [ 430341.955024274997413, 438547.661664963234216 ], [ 430352.598519675608259, 438563.389818956726231 ], [ 430372.47505634377012, 438549.939046113635413 ], [ 430361.766428636328783, 438534.114644514163956 ] ] ] } },
{ "type": "Feature", "properties": { "highway": "tertiary", "lanes": "2", "lit": "yes", "maxspeed": "30 mph", "name": "Harrogate Road", "surface": "asphalt", "osm_type": "way", "osm_id": 614213573, "junction": null, "ref": null, "sidewalk": null, "oneway": null, "turn:lanes": null, "source": null, "maxspeed:type": null, "postal_code": null, "source_ref": null, "source:name": null, "motor_vehicle": null, "busway:right": null, "cycleway:right": null, "lanes:forward": null, "cycleway:both": null, "sidewalk:both": null, "lanes:backward": null, "turn:lanes:forward": null, "sidewalk:left": null, "sidewalk:right": null, "turn:lanes:backward": null }, "geometry": { "type": "Polygon", "coordinates": [ [ [ 430770.37494236859493, 438518.656337711319793 ], [ 430784.275554253021255, 438516.991108225600328 ], [ 430775.460832501412369, 438443.409642734390218 ], [ 430761.560220616986044, 438445.074872220109683 ], [ 430770.37494236859493, 438518.656337711319793 ] ] ] } },
{ "type": "Feature", "properties": { "highway": "tertiary", "lanes": null, "lit": "yes", "maxspeed": "30 mph", "name": "Street Lane", "surface": "asphalt", "osm_type": "way", "osm_id": 618549531, "junction": null, "ref": null, "sidewalk": null, "oneway": null, "turn:lanes": null, "source": null, "maxspeed:type": null, "postal_code": null, "source_ref": null, "source:name": null, "motor_vehicle": null, "busway:right": null, "cycleway:right": null, "lanes:forward": "2", "cycleway:both": null, "sidewalk:both": null, "lanes:backward": "1", "turn:lanes:forward": null, "sidewalk:left": null, "sidewalk:right": null, "turn:lanes:backward": null }, "geometry": { "type": "Polygon", "coordinates": [ [ [ 430803.73436602181755, 438590.670674970839173 ], [ 430785.027101016836241, 438583.838875824934803 ], [ 430780.224599898676388, 438596.989388476940803 ], [ 430798.932873823330738, 438603.821556075243279 ], [ 430814.059049878851511, 438609.340298814990092 ], [ 430818.85751463426277, 438596.188312805665191 ], [ 430803.73436602181755, 438590.670674970839173 ] ] ] } },
{ "type": "Feature", "properties": { "highway": "tertiary", "lanes": null, "lit": "yes", "maxspeed": "30 mph", "name": "Street Lane", "surface": "asphalt", "osm_type": "way", "osm_id": 618549532, "junction": null, "ref": null, "sidewalk": null, "oneway": null, "turn:lanes": null, "source": null, "maxspeed:type": null, "postal_code": null, "source_ref": null, "source:name": null, "motor_vehicle": null, "busway:right": null, "cycleway:right": null, "lanes:forward": "2", "cycleway:both": null, "sidewalk:both": null, "lanes:backward": "1", "turn:lanes:forward": null, "sidewalk:left": null, "sidewalk:right": null, "turn:lanes:backward": null }, "geometry": { "type": "Polygon", "coordinates": [ [ [ 430825.335283072432503, 438598.549962683289777 ], [ 430818.855950774275698, 438596.187742446432821 ], [ 430814.060613738838583, 438609.340869174222462 ], [ 430820.618354797072243, 438611.731675498536788 ], [ 430820.775831567530986, 438611.78697016503429 ], [ 430844.391737039841246, 438619.764245357189793 ], [ 430848.872120534360874, 438606.500529296405148 ], [ 430825.335283072432503, 438598.549962683289777 ] ] ] } },
{ "type": "Feature", "properties": { "highway": "unclassified", "lanes": "1", "lit": null, "maxspeed": null, "name": null, "surface": null, "osm_type": "way", "osm_id": 618549533, "junction": null, "ref": null, "sidewalk": null, "oneway": "yes", "turn:lanes": "left", "source": null, "maxspeed:type": null, "postal_code": null, "source_ref": null, "source:name": null, "motor_vehicle": null, "busway:right": null, "cycleway:right": null, "lanes:forward": null, "cycleway:both": null, "sidewalk:both": null, "lanes:backward": null, "turn:lanes:forward": null, "sidewalk:left": null, "sidewalk:right": null, "turn:lanes:backward": null }, "geometry": { "type": "Polygon", "coordinates": [ [ [ 430797.326578416395932, 438617.418642196571454 ], [ 430807.311508918122854, 438611.903288369358052 ], [ 430818.349618027743418, 438607.392788175027817 ], [ 430814.566946485370863, 438598.135823445627466 ], [ 430803.258375790552236, 438602.756842300412245 ], [ 430802.732165529450867, 438603.008628287469037 ], [ 430791.584602417540736, 438609.166182900662534 ], [ 430791.150869134755339, 438609.435543613042682 ], [ 430790.746866683533881, 438609.747732295421883 ], [ 430790.376807674299926, 438610.099493697052822 ], [ 430790.044550782768056, 438610.487159934942611 ], [ 430779.18062460393412, 438624.557512630708516 ], [ 430787.095819938054774, 438630.66895131743513 ], [ 430797.326578416395932, 438617.418642196571454 ] ] ] } },
{ "type": "Feature", "properties": { "highway": "tertiary", "lanes": null, "lit": "yes", "maxspeed": "30 mph", "name": "Harrogate Road", "surface": "asphalt", "osm_type": "way", "osm_id": 618549534, "junction": null, "ref": null, "sidewalk": null, "oneway": null, "turn:lanes": null, "source": null, "maxspeed:type": null, "postal_code": null, "source_ref": null, "source:name": null, "motor_vehicle": null, "busway:right": null, "cycleway:right": null, "lanes:forward": "1", "cycleway:both": null, "sidewalk:both": null, "lanes:backward": "2", "turn:lanes:forward": null, "sidewalk:left": null, "sidewalk:right": null, "turn:lanes:backward": "through|through;right" }, "geometry": { "type": "Polygon", "coordinates": [ [ [ 430775.892592222953681, 438610.104612309136428 ], [ 430776.004962002974935, 438618.053536544262897 ], [ 430790.00356330582872, 438617.855643734626938 ], [ 430789.891275109082926, 438609.912567377090454 ], [ 430789.625205135846045, 438590.319084317656234 ], [ 430775.626495779666584, 438590.509179984219372 ], [ 430775.892592222953681, 438610.104612309136428 ] ] ] } },
{ "type": "Feature", "properties": { "highway": "tertiary", "lanes": null, "lit": "yes", "maxspeed": "30 mph", "name": "Harrogate Road", "surface": "asphalt", "osm_type": "way", "osm_id": 618549535, "junction": null, "ref": null, "sidewalk": null, "oneway": null, "turn:lanes": null, "source": null, "maxspeed:type": null, "postal_code": null, "source_ref": null, "source:name": null, "motor_vehicle": null, "busway:right": null, "cycleway:right": null, "lanes:forward": "1", "cycleway:both": null, "sidewalk:both": null, "lanes:backward": "2", "turn:lanes:forward": null, "sidewalk:left": null, "sidewalk:right": null, "turn:lanes:backward": "left;through|through;right" }, "geometry": { "type": "Polygon", "coordinates": [ [ [ 430776.135261122253723, 438627.448270340682939 ], [ 430774.838782076141797, 438648.685509332921356 ], [ 430774.683263427868951, 438651.272288383974228 ], [ 430788.658031394414138, 438652.112443298508879 ], [ 430788.812964432116132, 438649.535355174622964 ], [ 430790.125214852450881, 438628.039769975584932 ], [ 430790.137549106730148, 438627.516155474586412 ], [ 430790.003589490137529, 438617.857513639959507 ], [ 430776.004935818666127, 438618.051666638930328 ], [ 430776.135261122253723, 438627.448270340682939 ] ] ] } },
{ "type": "Feature", "properties": { "highway": "tertiary", "lanes": "2", "lit": null, "maxspeed": null, "name": "Shadwell Lane", "surface": "asphalt", "osm_type": "way", "osm_id": 618549536, "junction": null, "ref": null, "sidewalk": null, "oneway": null, "turn:lanes": null, "source": "local_knowledge", "maxspeed:type": null, "postal_code": "LS17", "source_ref": "npe", "source:name": null, "motor_vehicle": null, "busway:right": null, "cycleway:right": null, "lanes:forward": null, "cycleway:both": null, "sidewalk:both": null, "lanes:backward": null, "turn:lanes:forward": "through;right", "sidewalk:left": null, "sidewalk:right": null, "turn:lanes:backward": null }, "geometry": { "type": "Polygon", "coordinates": [ [ [ 430782.081561986880843, 438795.582163665385451 ], [ 430781.477640233642887, 438795.358817007334437 ], [ 430780.855750559829175, 438795.191908507666085 ], [ 430766.808471382420976, 438792.106651853246149 ], [ 430763.805183486721944, 438805.780724465905223 ], [ 430777.221550860384014, 438808.727411592612043 ], [ 430793.109192407748196, 438815.449034730496351 ], [ 430798.564103157550562, 438802.555472433276009 ], [ 430782.081561986880843, 438795.582163665385451 ] ] ] } },
{ "type": "Feature", "properties": { "highway": "unclassified", "lanes": "4", "lit": "yes", "maxspeed": "30 mph", "name": "Harrogate Road", "surface": "asphalt", "osm_type": "way", "osm_id": 618549538, "junction": null, "ref": null, "sidewalk": null, "oneway": null, "turn:lanes": null, "source": null, "maxspeed:type": null, "postal_code": null, "source_ref": null, "source:name": null, "motor_vehicle": null, "busway:right": "lane", "cycleway:right": "share_busway", "lanes:forward": "2", "cycleway:both": null, "sidewalk:both": null, "lanes:backward": "1", "turn:lanes:forward": "left;through|through;right", "sidewalk:left": null, "sidewalk:right": null, "turn:lanes:backward": null }, "geometry": { "type": "Polygon", "coordinates": [ [ [ 430759.605092096084263, 438757.630688028468285 ], [ 430783.372804991027806, 438760.961727467540186 ], [ 430785.775143019389361, 438743.820507263124455 ], [ 430762.007430124445818, 438740.489467824052554 ], [ 430759.605092096084263, 438757.630688028468285 ] ] ] } },
{ "type": "Feature", "properties": { "highway": "tertiary", "lanes": "3", "lit": "yes", "maxspeed": "30 mph", "name": "Harrogate Road", "surface": "asphalt", "osm_type": "way", "osm_id": 618549539, "junction": null, "ref": null, "sidewalk": null, "oneway": null, "turn:lanes": null, "source": null, "maxspeed:type": null, "postal_code": null, "source_ref": null, "source:name": null, "motor_vehicle": null, "busway:right": null, "cycleway:right": null, "lanes:forward": "2", "cycleway:both": null, "sidewalk:both": null, "lanes:backward": "1", "turn:lanes:forward": "left;through|through;right", "sidewalk:left": null, "sidewalk:right": null, "turn:lanes:backward": null }, "geometry": { "type": "Polygon", "coordinates": [ [ [ 430758.440570052829571, 438784.585203944356181 ], [ 430756.414659556350671, 438797.554677567095496 ], [ 430774.198995312792249, 438800.332698752055876 ], [ 430776.225186793773901, 438787.361426322720945 ], [ 430780.381677693338133, 438760.68162041879259 ], [ 430762.596219393773936, 438757.91079507721588 ], [ 430758.440570052829571, 438784.585203944356181 ] ] ] } },
{ "type": "Feature", "properties": { "highway": "residential", "lanes": null, "lit": null, "maxspeed": null, "name": "Parklands Avenue", "surface": "asphalt", "osm_type": "way", "osm_id": 667899473, "junction": null, "ref": null, "sidewalk": null, "oneway": null, "turn:lanes": null, "source": null, "maxspeed:type": null, "postal_code": null, "source_ref": null, "source:name": null, "motor_vehicle": null, "busway:right": null, "cycleway:right": null, "lanes:forward": null, "cycleway:both": null, "sidewalk:both": null, "lanes:backward": null, "turn:lanes:forward": null, "sidewalk:left": null, "sidewalk:right": null, "turn:lanes:backward": null }, "geometry": { "type": "Polygon", "coordinates": [ [ [ 430946.747662908339407, 438744.569136865669861 ], [ 430946.625228755001444, 438745.144802939845249 ], [ 430942.03001642023446, 438775.411806341027841 ], [ 430941.976578421308659, 438775.983189647027757 ], [ 430941.72654611361213, 438782.957829200371634 ], [ 430941.735621418512892, 438783.487243004667107 ], [ 430941.800631220801733, 438784.012728554371279 ], [ 430941.920846471039113, 438784.528392816195264 ], [ 430943.484104062896222, 438789.923923279973678 ], [ 430943.635772946290672, 438790.368207391700707 ], [ 430943.828441946359817, 438790.796308406046592 ], [ 430944.060412556282245, 438791.204452324600425 ], [ 430947.225128347869031, 438796.210007737332489 ], [ 430947.55139767221408, 438796.667051055992488 ], [ 430947.926858969265595, 438797.08462629665155 ], [ 430948.34677631634986, 438797.457466327701695 ], [ 430952.922102494339924, 438801.081534255645238 ], [ 430953.317018203320913, 438801.364250782993622 ], [ 430953.73750046180794, 438801.607318103604484 ], [ 430954.179581817006692, 438801.80844276008429 ], [ 430966.921130307309795, 438806.873585540684871 ], [ 430984.116059036168735, 438813.790255862521008 ], [ 431002.4734238422825, 438821.49674552900251 ], [ 431002.688618581858464, 438821.581287526234519 ], [ 431011.904237268201541, 438824.95795420993818 ], [ 431012.507954923028592, 438825.136931905988604 ], [ 431014.056550245149992, 438825.491684540873393 ], [ 431016.097868227225263, 438825.960962110781111 ], [ 431016.566914447583258, 438826.045483585738111 ], [ 431017.041877251118422, 438826.084962337627076 ], [ 431017.518441159219947, 438826.0790396653465 ], [ 431023.514975138939917, 438825.718181182921398 ], [ 431024.061272496066522, 438825.655008313362487 ], [ 431024.59732778603211, 438825.532222565147094 ], [ 431025.11665620614076, 438825.351309309946373 ], [ 431028.923535404494032, 438823.785428805393167 ], [ 431029.337860984087456, 438823.592414224112872 ], [ 431029.732829239801504, 438823.362369899055921 ], [ 431030.105139495921321, 438823.097218267561402 ], [ 431030.451680425379891, 438822.799175152089447 ], [ 431030.769556050654501, 438822.470731243083719 ], [ 431034.793639972398523, 438817.913273537356872 ], [ 431035.079687755438499, 438817.557864869420882 ], [ 431035.332149491005111, 438817.177862596465275 ], [ 431035.548923297261354, 438816.776430444850121 ], [ 431044.468515108339489, 438798.287688936747145 ], [ 431044.596530176291708, 438797.999443092441652 ], [ 431056.361972356273327, 438769.081826052221004 ], [ 431047.099280391994398, 438765.313200629723724 ], [ 431035.39329792954959, 438794.084674982354045 ], [ 431026.84158820391167, 438811.810861776350066 ], [ 431024.043514833960216, 438814.979806880117394 ], [ 431022.082886044459883, 438815.786270715238061 ], [ 431017.636538513179403, 438816.05384232045617 ], [ 431016.295131316641346, 438815.745466890977696 ], [ 431015.048421395069454, 438815.459868729463778 ], [ 431006.237590279313736, 438812.231519022665452 ], [ 430987.95223079121206, 438804.55525745509658 ], [ 430987.882787580601871, 438804.526716291031335 ], [ 430970.64358991017798, 438797.592238761077169 ], [ 430970.624694127123803, 438797.584682560816873 ], [ 430958.555785925243981, 438792.786934210627805 ], [ 430955.222806409525219, 438790.146916057274211 ], [ 430952.891737805504818, 438786.459920498542488 ], [ 430951.748836205864791, 438782.515234459482599 ], [ 430951.959862177667674, 438776.628674825129565 ], [ 430956.467685787763912, 438746.937269379675854 ], [ 430960.859268056810834, 438730.973005784791894 ], [ 430951.217431849101558, 438728.320649371366017 ], [ 430946.747662908339407, 438744.569136865669861 ] ] ] } },
{ "type": "Feature", "properties": { "highway": "tertiary", "lanes": "1", "lit": "yes", "maxspeed": "30 mph", "name": "Harrogate Road", "surface": "asphalt", "osm_type": "way", "osm_id": 723018829, "junction": null, "ref": null, "sidewalk": null, "oneway": "yes", "turn:lanes": null, "source": null, "maxspeed:type": null, "postal_code": null, "source_ref": null, "source:name": null, "motor_vehicle": null, "busway:right": null, "cycleway:right": null, "lanes:forward": null, "cycleway:both": null, "sidewalk:both": null, "lanes:backward": null, "turn:lanes:forward": null, "sidewalk:left": null, "sidewalk:right": null, "turn:lanes:backward": null }, "geometry": { "type": "Polygon", "coordinates": [ [ [ 430726.963405649003107, 439021.951473641500343 ], [ 430730.971841537859291, 439017.404594777384773 ], [ 430733.443776722706389, 439014.820698443625588 ], [ 430733.671284007956274, 439014.571101246809121 ], [ 430738.37826090445742, 439009.15000426635379 ], [ 430738.817042226030026, 439008.589442938973662 ], [ 430739.196621715265792, 439007.987215854518581 ], [ 430741.4867188957287, 439003.907698866387364 ], [ 430741.759335804090369, 439003.368853700812906 ], [ 430741.984495929267723, 439002.80851718649501 ], [ 430742.80237841559574, 439000.488542319566477 ], [ 430743.526400755916256, 438998.434988625522237 ], [ 430743.731951159890741, 438997.738785848487169 ], [ 430745.632817225414328, 438989.806962674017996 ], [ 430745.774608199193608, 438989.018704022921156 ], [ 430746.929233094095252, 438979.50202920899028 ], [ 430746.979385995247867, 438978.765124374884181 ], [ 430746.95161300181644, 438978.027037178981118 ], [ 430746.846223325876053, 438977.295985153352376 ], [ 430746.664390328864101, 438976.580107503745239 ], [ 430744.299584373191465, 438968.976350500539411 ], [ 430730.931186946167145, 438973.133988078858238 ], [ 430732.850453495513648, 438979.305165223660879 ], [ 430731.924836455786135, 438986.93430643476313 ], [ 430730.202151666569989, 438994.122625160205644 ], [ 430729.598945757432375, 438995.833505687012803 ], [ 430728.982310186780524, 438997.582631072786171 ], [ 430727.33847164461622, 439000.510920455271844 ], [ 430723.21077306807274, 439005.264853772008792 ], [ 430720.757086649478879, 439007.829674799751956 ], [ 430720.564327030035201, 439008.039555974537507 ], [ 430716.156201304402202, 439013.03981399233453 ], [ 430715.593482427822892, 439013.769897424557712 ], [ 430713.015453889907803, 439017.613878009666223 ], [ 430724.642649471701588, 439025.411847162235063 ], [ 430726.963405649003107, 439021.951473641500343 ] ] ] } },
{ "type": "Feature", "properties": { "highway": "tertiary", "lanes": "2", "lit": "yes", "maxspeed": "30 mph", "name": "Harrogate Road", "surface": "asphalt", "osm_type": "way", "osm_id": 723018830, "junction": null, "ref": null, "sidewalk": null, "oneway": "yes", "turn:lanes": null, "source": null, "maxspeed:type": null, "postal_code": null, "source_ref": null, "source:name": null, "motor_vehicle": null, "busway:right": null, "cycleway:right": null, "lanes:forward": null, "cycleway:both": null, "sidewalk:both": null, "lanes:backward": null, "turn:lanes:forward": null, "sidewalk:left": null, "sidewalk:right": null, "turn:lanes:backward": null }, "geometry": { "type": "Polygon", "coordinates": [ [ [ 430727.657026527798735, 438974.011408251244575 ], [ 430727.331961715128273, 438974.615316199080553 ], [ 430727.067554967652541, 438975.248136089590844 ], [ 430726.866344438691158, 438975.903793214180041 ], [ 430726.730261634220369, 438976.575993639824446 ], [ 430725.803684134734794, 438982.676376200746745 ], [ 430724.666034240741283, 438988.920725980948191 ], [ 430723.698087144177407, 438991.489218019414693 ], [ 430722.375589471019339, 438993.300158942409325 ], [ 430720.681625319004524, 438995.08255752758123 ], [ 430718.141359341505449, 438996.495323690352961 ], [ 430714.672910765861161, 438998.416929083701689 ], [ 430714.663822508067824, 438998.421973023097962 ], [ 430710.450764280045405, 439000.764293181360699 ], [ 430709.798112731950823, 439001.175796053837985 ], [ 430706.182306486414745, 439003.744563224841841 ], [ 430705.888295471377205, 439003.96527904632967 ], [ 430701.516561092284974, 439007.43033877806738 ], [ 430700.965491478971671, 439007.916324545047246 ], [ 430700.468398541619536, 439008.457396163255908 ], [ 430700.030759025772568, 439009.047592349816114 ], [ 430699.657394646143075, 439009.680410589498933 ], [ 430696.865507883019745, 439015.036196793138515 ], [ 430696.571580524672754, 439015.676814295584336 ], [ 430694.905958064890001, 439019.849449850153178 ], [ 430707.908315958164167, 439025.03969928692095 ], [ 430709.443121137970593, 439021.194780755089596 ], [ 430711.382137510401662, 439017.475089371786453 ], [ 430714.440359233645722, 439015.051126700476743 ], [ 430717.591291572258342, 439012.812618605734315 ], [ 430721.462125417136122, 439010.660563814803027 ], [ 430724.93100004165899, 439008.738722379959654 ], [ 430724.940939681662712, 439008.733205022814218 ], [ 430728.421015339612495, 439006.79776472755475 ], [ 430729.02103569265455, 439006.423169829708058 ], [ 430729.580188066232949, 439005.989932729804423 ], [ 430730.092762878164649, 439005.502477271598764 ], [ 430732.835592870309483, 439002.616456164512783 ], [ 430733.414620867813937, 439001.92250496102497 ], [ 430735.565690377377905, 438998.976972517324612 ], [ 430735.914298550807871, 438998.451443175610621 ], [ 430736.214194239350036, 438997.896671760012396 ], [ 430736.462943338265177, 438997.317161075538024 ], [ 430737.989634718222078, 438993.266015440924093 ], [ 430738.185161147790495, 438992.666675198124722 ], [ 430738.325972116319463, 438992.052174113981891 ], [ 430739.595456369919702, 438985.084209926135372 ], [ 430739.629441959317774, 438984.880704945244361 ], [ 430740.362770418985747, 438980.052631579281297 ], [ 430743.609246211766731, 438974.670917577692308 ], [ 430731.621525107591879, 438967.439421001705341 ], [ 430727.657026527798735, 438974.011408251244575 ] ] ] } },
{ "type": "Feature", "properties": { "highway": "trunk", "lanes": "2", "lit": "yes", "maxspeed": "40 mph", "name": "Scott Hall Road", "surface": null, "osm_type": "way", "osm_id": 723018833, "junction": null, "ref": "A61", "sidewalk": null, "oneway": "yes", "turn:lanes": null, "source": "npe; extrapolation and local_knowledge", "maxspeed:type": null, "postal_code": null, "source_ref": null, "source:name": null, "motor_vehicle": null, "busway:right": null, "cycleway:right": null, "lanes:forward": null, "cycleway:both": null, "sidewalk:both": null, "lanes:backward": null, "turn:lanes:forward": null, "sidewalk:left": null, "sidewalk:right": null, "turn:lanes:backward": null }, "geometry": { "type": "Polygon", "coordinates": [ [ [ 430723.801046162727289, 439008.286683630431071 ], [ 430720.289758637896739, 439002.899025443184655 ], [ 430720.175541477219667, 439002.727025758475065 ], [ 430710.505256055272184, 438988.432921040221117 ], [ 430710.312901169527322, 438988.157004558364861 ], [ 430688.659801481640898, 438958.007140294299461 ], [ 430677.455251595703885, 438942.419503698882181 ], [ 430677.188622569839936, 438942.062734160805121 ], [ 430642.784204235940706, 438897.76581822137814 ], [ 430538.75123013695702, 438763.825231937051285 ], [ 430538.710459791880567, 438763.77303879550891 ], [ 430528.132287412474398, 438750.30789603717858 ], [ 430510.79841475043213, 438728.251912700594403 ], [ 430510.59265378449345, 438727.997323604533449 ], [ 430481.053936359472573, 438692.45176230504876 ], [ 430421.285321454226505, 438614.346728196192998 ], [ 430402.225590085668955, 438628.931879555049818 ], [ 430462.140754006104544, 438707.228422465792391 ], [ 430462.441427601617761, 438707.605397841543891 ], [ 430492.02965275675524, 438743.210534512239974 ], [ 430509.260272485378664, 438765.135136302444153 ], [ 430519.81728489586385, 438778.573344162025023 ], [ 430623.829722975438926, 438912.487490686122328 ], [ 430658.097441544756293, 438956.608400802069809 ], [ 430669.167638766055461, 438972.009125826356467 ], [ 430690.721178162144497, 439002.020361934264656 ], [ 430700.239371296192985, 439016.089651872520335 ], [ 430703.948071055172477, 439021.780215940380003 ], [ 430704.484992421290372, 439022.538213466934394 ], [ 430709.31259502255125, 439028.822927747911308 ], [ 430728.345508339058142, 439014.202797423989978 ], [ 430723.801046162727289, 439008.286683630431071 ] ] ] } },
{ "type": "Feature", "properties": { "highway": "residential", "lanes": null, "lit": null, "maxspeed": null, "name": "Allerton Grove", "surface": null, "osm_type": "way", "osm_id": 753399807, "junction": null, "ref": null, "sidewalk": null, "oneway": null, "turn:lanes": null, "source": "local_knowledge", "maxspeed:type": null, "postal_code": null, "source_ref": null, "source:name": null, "motor_vehicle": null, "busway:right": null, "cycleway:right": null, "lanes:forward": null, "cycleway:both": null, "sidewalk:both": null, "lanes:backward": null, "turn:lanes:forward": null, "sidewalk:left": null, "sidewalk:right": null, "turn:lanes:backward": null }, "geometry": { "type": "Polygon", "coordinates": [ [ [ 430810.910347011289559, 438709.278396371926647 ], [ 430817.944785500993021, 438710.003239409299567 ], [ 430818.012900558824185, 438710.00978739222046 ], [ 430878.719629920728039, 438715.426615125907119 ], [ 430914.62043511972297, 438718.772552471025847 ], [ 430954.212263743567746, 438734.301439196569845 ], [ 431049.904164244886488, 438771.851977444428485 ], [ 431050.356521727342624, 438772.004990477638785 ], [ 431050.821413258148823, 438772.114151573507115 ], [ 431051.294598277483601, 438772.178465006989427 ], [ 431051.771760575589724, 438772.197344135842286 ], [ 431052.248547663562931, 438772.170616752118804 ], [ 431052.720610474818386, 438772.098526652553119 ], [ 431053.18364303605631, 438771.981731415027753 ], [ 431053.633421744219959, 438771.82129640027415 ], [ 431054.065843892807607, 438771.618685034161899 ], [ 431054.476965095091145, 438771.37574545876123 ], [ 431054.863035263260826, 438771.094693674414884 ], [ 431055.220532815437764, 438770.778093326254748 ], [ 431055.546196797920857, 438770.428832319565117 ], [ 431055.83705663040746, 438770.050096477440093 ], [ 431056.090459202649072, 438769.645340481016319 ], [ 431056.304093074868433, 438769.21825635706773 ], [ 431056.476009561971296, 438768.772739801032003 ], [ 431064.425232000881806, 438744.825639194168616 ], [ 431054.93446562520694, 438741.675186274049338 ], [ 431048.646986178064253, 438760.616271901060827 ], [ 430957.864812082203571, 438724.992363474622834 ], [ 430917.613870843255427, 438709.204956537520047 ], [ 430917.170742488873657, 438709.054669547767844 ], [ 430916.715505538391881, 438708.946464942011517 ], [ 430916.252146937418729, 438708.881290371529758 ], [ 430879.637802657030988, 438705.468851535813883 ], [ 430879.618197563569993, 438705.467063274467364 ], [ 430818.935743828420527, 438700.052401641441975 ], [ 430811.934051506803371, 438699.330932836746797 ], [ 430803.001983990310691, 438698.415231962047983 ], [ 430801.98214642656967, 438708.363092603569385 ], [ 430810.910347011289559, 438709.278396371926647 ] ] ] } },
{ "type": "Feature", "properties": { "highway": "residential", "lanes": null, "lit": null, "maxspeed": null, "name": null, "surface": null, "osm_type": "way", "osm_id": 800727517, "junction": null, "ref": null, "sidewalk": null, "oneway": null, "turn:lanes": null, "source": null, "maxspeed:type": null, "postal_code": null, "source_ref": null, "source:name": null, "motor_vehicle": null, "busway:right": null, "cycleway:right": null, "lanes:forward": null, "cycleway:both": null, "sidewalk:both": null, "lanes:backward": null, "turn:lanes:forward": null, "sidewalk:left": null, "sidewalk:right": null, "turn:lanes:backward": null }, "geometry": { "type": "Polygon", "coordinates": [ [ [ 430243.903460314380936, 438892.211275252979249 ], [ 430241.459498145384714, 438901.908029808895662 ], [ 430255.096593039517757, 438905.345112167065963 ], [ 430257.540555208513979, 438895.648357611149549 ], [ 430243.903460314380936, 438892.211275252979249 ] ] ] } },
{ "type": "Feature", "properties": { "highway": "tertiary", "lanes": "2", "lit": "yes", "maxspeed": "30 mph", "name": "King Lane", "surface": "asphalt", "osm_type": "way", "osm_id": 847208765, "junction": null, "ref": null, "sidewalk": "both", "oneway": null, "turn:lanes": null, "source": "npe;Bing", "maxspeed:type": null, "postal_code": null, "source_ref": null, "source:name": null, "motor_vehicle": null, "busway:right": null, "cycleway:right": null, "lanes:forward": null, "cycleway:both": null, "sidewalk:both": null, "lanes:backward": null, "turn:lanes:forward": null, "sidewalk:left": null, "sidewalk:right": null, "turn:lanes:backward": null }, "geometry": { "type": "Polygon", "coordinates": [ [ [ 430138.659279970102943, 438274.909006147121545 ], [ 430152.619796866318211, 438255.548510683584027 ], [ 430141.264148539514281, 438247.360149975982495 ], [ 430126.84932689415291, 438267.35067691328004 ], [ 430126.432429222739302, 438268.00184031156823 ], [ 430126.089889326831326, 438268.695009742106777 ], [ 430106.267460428469349, 438315.098369128012564 ], [ 430119.141983889916446, 438320.598064177960623 ], [ 430138.659279970102943, 438274.909006147121545 ] ] ] } },
{ "type": "Feature", "properties": { "highway": "tertiary", "lanes": "2", "lit": "yes", "maxspeed": "30 mph", "name": "Street Lane", "surface": "asphalt", "osm_type": "way", "osm_id": 847224270, "junction": null, "ref": null, "sidewalk": null, "oneway": null, "turn:lanes": null, "source": "npe", "maxspeed:type": null, "postal_code": null, "source_ref": null, "source:name": null, "motor_vehicle": null, "busway:right": null, "cycleway:right": null, "lanes:forward": null, "cycleway:both": null, "sidewalk:both": null, "lanes:backward": null, "turn:lanes:forward": null, "sidewalk:left": null, "sidewalk:right": null, "turn:lanes:backward": null }, "geometry": { "type": "Polygon", "coordinates": [ [ [ 430270.047049467393663, 438566.04965972766513 ], [ 430269.973076005873736, 438566.063866347889416 ], [ 430187.268136555503588, 438582.409249190823175 ], [ 430186.417063970700838, 438582.633862404385582 ], [ 430107.485315597907174, 438608.874092678073794 ], [ 430107.292275651125237, 438608.941413383989129 ], [ 430088.699633346463088, 438615.731527647061739 ], [ 430088.04248382570222, 438616.010268572950736 ], [ 430087.417138612363487, 438616.354485598392785 ], [ 430086.830100556544494, 438616.760599273897242 ], [ 430078.934556128107943, 438622.840582741366234 ], [ 430087.476231881999411, 438633.932912312506232 ], [ 430094.516368857468478, 438628.511637464747764 ], [ 430111.998857446655165, 438622.126956192485522 ], [ 430190.415132940572221, 438596.058090766542591 ], [ 430272.650512602762319, 438579.805509327736218 ], [ 430328.262526466045529, 438569.435143260227051 ], [ 430325.696088278200477, 438555.67238935601199 ], [ 430270.047049467393663, 438566.04965972766513 ] ] ] } },
{ "type": "Feature", "properties": { "highway": "trunk", "lanes": "2", "lit": "yes", "maxspeed": "40 mph", "name": "Scott Hall Road", "surface": null, "osm_type": "way", "osm_id": 1201494654, "junction": null, "ref": "A61", "sidewalk": null, "oneway": "yes", "turn:lanes": null, "source": "extrapolation and local_knowledge", "maxspeed:type": null, "postal_code": null, "source_ref": null, "source:name": null, "motor_vehicle": null, "busway:right": null, "cycleway:right": null, "lanes:forward": null, "cycleway:both": null, "sidewalk:both": null, "lanes:backward": null, "turn:lanes:forward": null, "sidewalk:left": null, "sidewalk:right": null, "turn:lanes:backward": null }, "geometry": { "type": "Polygon", "coordinates": [ [ [ 430387.019255176186562, 438626.050383542431518 ], [ 430405.854901135200635, 438611.176969633437693 ], [ 430377.445220123627223, 438575.199036348145455 ], [ 430358.60957416461315, 438590.07245025713928 ], [ 430387.019255176186562, 438626.050383542431518 ] ] ] } },
{ "type": "Feature", "properties": { "highway": "trunk", "lanes": "2", "lit": "yes", "maxspeed": "40 mph", "name": "Scott Hall Road", "surface": null, "osm_type": "way", "osm_id": 1201494655, "junction": null, "ref": "A61", "sidewalk": null, "oneway": "yes", "turn:lanes": null, "source": "extrapolation and local_knowledge", "maxspeed:type": null, "postal_code": null, "source_ref": null, "source:name": null, "motor_vehicle": null, "busway:right": null, "cycleway:right": null, "lanes:forward": null, "cycleway:both": null, "sidewalk:both": null, "lanes:backward": null, "turn:lanes:forward": null, "sidewalk:left": null, "sidewalk:right": null, "turn:lanes:backward": null }, "geometry": { "type": "Polygon", "coordinates": [ [ [ 430474.782450894301292, 438738.03273843054194 ], [ 430488.924962135613896, 438757.329337246250361 ], [ 430489.33656776661519, 438757.859216189361177 ], [ 430501.896651699149515, 438773.12739816395333 ], [ 430532.846044506062753, 438812.093399088422302 ], [ 430658.142998847179115, 438974.402465558203403 ], [ 430663.906103396962862, 438981.86468906130176 ], [ 430666.062633655208629, 438985.121363947575446 ], [ 430680.844953144842293, 439007.403670807369053 ], [ 430685.252981153666042, 439014.845604874717537 ], [ 430689.104241230408661, 439022.396386373555288 ], [ 430689.692388299328741, 439025.045471069810446 ], [ 430713.121885723725427, 439019.843678067263681 ], [ 430712.201601105509326, 439015.698606150399428 ], [ 430711.939425278746057, 439014.71640702028526 ], [ 430711.595057255588472, 439013.759922854253091 ], [ 430711.170968477556016, 439012.836018095258623 ], [ 430710.608650481794029, 439011.736377256049309 ], [ 430706.460534878773615, 439003.603580735856667 ], [ 430706.095435946015641, 439002.940332094556652 ], [ 430701.338442506210413, 438994.909250743221492 ], [ 430701.013327338849194, 438994.390972343389876 ], [ 430686.070294616569299, 438971.866420384787489 ], [ 430683.675548769475427, 438968.250005252484698 ], [ 430683.167675514821894, 438967.540498853952158 ], [ 430677.140063245547935, 438959.735784070391674 ], [ 430551.793201974825934, 438797.362068406248 ], [ 430551.690929283504374, 438797.231461208837572 ], [ 430520.625933966482989, 438758.11991405201843 ], [ 430520.496531364449766, 438757.959831778425723 ], [ 430508.084272176434752, 438742.871347257460002 ], [ 430494.02568968833657, 438723.689264135085978 ], [ 430493.79178168636281, 438723.380679292371497 ], [ 430405.882021706958767, 438611.211444403394125 ], [ 430386.992134604428429, 438626.015908772475086 ], [ 430474.782450894301292, 438738.03273843054194 ] ] ] } },
{ "type": "Feature", "properties": { "highway": "tertiary", "lanes": "2", "lit": "yes", "maxspeed": "30 mph", "name": "Street Lane", "surface": "asphalt", "osm_type": "way", "osm_id": 1201494656, "junction": null, "ref": null, "sidewalk": null, "oneway": null, "turn:lanes": null, "source": "npe", "maxspeed:type": null, "postal_code": null, "source_ref": null, "source:name": null, "motor_vehicle": null, "busway:right": null, "cycleway:right": null, "lanes:forward": null, "cycleway:both": null, "sidewalk:both": null, "lanes:backward": null, "turn:lanes:forward": null, "sidewalk:left": null, "sidewalk:right": null, "turn:lanes:backward": null }, "geometry": { "type": "Polygon", "coordinates": [ [ [ 430382.105388046882581, 438546.567636732768733 ], [ 430372.031461946957279, 438547.778640148346312 ], [ 430371.577599084412213, 438547.84836916346103 ], [ 430361.247458448982798, 438549.784197852830403 ], [ 430363.826117570395581, 438563.544667217531241 ], [ 430373.930470916675404, 438561.651150199177209 ], [ 430383.889752423099708, 438560.453928400878794 ], [ 430384.116108984570019, 438560.422962561890017 ], [ 430393.785324472817592, 438558.939077450486366 ], [ 430391.661677953554317, 438545.101081733533647 ], [ 430382.105388046882581, 438546.567636732768733 ] ] ] } },
{ "type": "Feature", "properties": { "highway": "residential", "lanes": null, "lit": null, "maxspeed": "20 mph", "name": "Stainburn Drive", "surface": null, "osm_type": "way", "osm_id": 1442089130, "junction": null, "ref": null, "sidewalk": null, "oneway": null, "turn:lanes": null, "source": "npe;Bing", "maxspeed:type": null, "postal_code": null, "source_ref": null, "source:name": null, "motor_vehicle": null, "busway:right": null, "cycleway:right": null, "lanes:forward": null, "cycleway:both": null, "sidewalk:both": null, "lanes:backward": null, "turn:lanes:forward": null, "sidewalk:left": null, "sidewalk:right": null, "turn:lanes:backward": null }, "geometry": { "type": "Polygon", "coordinates": [ [ [ 431080.637470332672819, 438057.232191956078168 ], [ 431086.031407175236382, 438055.421375905047171 ], [ 431082.84883124451153, 438045.94133316015359 ], [ 431077.453703888051677, 438047.752548882504925 ], [ 430999.347482055134606, 438074.017502966453321 ], [ 431002.534819369146135, 438083.495945921284147 ], [ 431080.637470332672819, 438057.232191956078168 ] ] ] } },
{ "type": "Feature", "properties": { "highway": "residential", "lanes": null, "lit": null, "maxspeed": "20 mph", "name": "Stainburn Drive", "surface": null, "osm_type": "way", "osm_id": 1442089131, "junction": null, "ref": null, "sidewalk": null, "oneway": "yes", "turn:lanes": null, "source": "npe;Bing", "maxspeed:type": null, "postal_code": null, "source_ref": null, "source:name": null, "motor_vehicle": null, "busway:right": null, "cycleway:right": null, "lanes:forward": null, "cycleway:both": null, "sidewalk:both": null, "lanes:backward": null, "turn:lanes:forward": null, "sidewalk:left": null, "sidewalk:right": null, "turn:lanes:backward": null }, "geometry": { "type": "Polygon", "coordinates": [ [ [ 430957.239801014075056, 438105.039331901760306 ], [ 430957.52860732737463, 438105.117000972910319 ], [ 430967.134625389764551, 438107.394619897648226 ], [ 430967.574778017762583, 438107.478350480028894 ], [ 430968.020658970053773, 438107.522342782991473 ], [ 430968.468687909189612, 438107.526243556931149 ], [ 430968.915267249802127, 438107.490021479257848 ], [ 430969.356811046425719, 438107.413967406377196 ], [ 430982.339669799373951, 438104.573504805099219 ], [ 430982.839176064240746, 438104.436765196616761 ], [ 430983.321858879528008, 438104.249091200064868 ], [ 430993.757067183381878, 438099.555954951909371 ], [ 430994.225791048898827, 438099.314677838236094 ], [ 430994.666505764878821, 438099.025390356953721 ], [ 430995.074312051932793, 438098.691308421024587 ], [ 430995.444676462910138, 438098.316145908553153 ], [ 430995.773481779498979, 438097.904073376732413 ], [ 431001.791312468936667, 438089.48776416486362 ], [ 431002.098847157554701, 438089.00059197389055 ], [ 431002.348299643665086, 438088.481277247075923 ], [ 431005.565391923941206, 438080.658406124683097 ], [ 430996.316909500339534, 438076.855042763054371 ], [ 430993.320034533506259, 438084.142420492134988 ], [ 430988.424177485401742, 438090.989580025256146 ], [ 430979.694405723712407, 438094.915712316986173 ], [ 430968.332808056147769, 438097.401466331561096 ], [ 430959.981243011308834, 438095.421282401657663 ], [ 430948.83462131943088, 438092.063075908750761 ], [ 430945.949938101111911, 438101.637970306619536 ], [ 430957.239801014075056, 438105.039331901760306 ] ] ] } },
{ "type": "Feature", "properties": { "highway": "residential", "lanes": null, "lit": null, "maxspeed": "20 mph", "name": "Stainburn Drive", "surface": null, "osm_type": "way", "osm_id": 1442089132, "junction": null, "ref": null, "sidewalk": null, "oneway": null, "turn:lanes": null, "source": "npe;Bing", "maxspeed:type": null, "postal_code": null, "source_ref": null, "source:name": null, "motor_vehicle": null, "busway:right": null, "cycleway:right": null, "lanes:forward": null, "cycleway:both": null, "sidewalk:both": null, "lanes:backward": null, "turn:lanes:forward": null, "sidewalk:left": null, "sidewalk:right": null, "turn:lanes:backward": null }, "geometry": { "type": "Polygon", "coordinates": [ [ [ 430948.352823626250029, 438101.757391292718239 ], [ 430946.431735794292763, 438091.943654922652058 ], [ 430857.79312323074555, 438109.295105339842848 ], [ 430859.714211062702816, 438119.108841709909029 ], [ 430948.352823626250029, 438101.757391292718239 ] ] ] } },
{ "type": "Feature", "properties": { "highway": "residential", "lanes": null, "lit": null, "maxspeed": "20 mph", "name": "Stainburn Drive", "surface": null, "osm_type": "way", "osm_id": 1442089133, "junction": null, "ref": null, "sidewalk": null, "oneway": "yes", "turn:lanes": null, "source": "npe;Bing", "maxspeed:type": null, "postal_code": null, "source_ref": null, "source:name": null, "motor_vehicle": null, "busway:right": null, "cycleway:right": null, "lanes:forward": null, "cycleway:both": null, "sidewalk:both": null, "lanes:backward": null, "turn:lanes:forward": null, "sidewalk:left": null, "sidewalk:right": null, "turn:lanes:backward": null }, "geometry": { "type": "Polygon", "coordinates": [ [ [ 430823.76655541540822, 438137.48591896292055 ], [ 430824.245070153556298, 438137.611572236928623 ], [ 430824.733660267316736, 438137.689320553210564 ], [ 430825.227542164211627, 438137.718402708822396 ], [ 430825.721880442346446, 438137.698533971910365 ], [ 430838.522347390302457, 438136.547695359564386 ], [ 430839.061094467004295, 438136.469502991007175 ], [ 430839.588147422939073, 438136.33320317172911 ], [ 430840.097258309833705, 438136.140411667700391 ], [ 430849.317349134362303, 438132.0620416130987 ], [ 430849.801345544285141, 438131.815702931606211 ], [ 430850.255770193645731, 438131.518325210839976 ], [ 430850.675262048200238, 438131.173416737816297 ], [ 430856.574309994990472, 438125.760282921721227 ], [ 430856.947638047393411, 438125.379066527704708 ], [ 430857.278216994251125, 438124.960238002298865 ], [ 430862.83812205895083, 438117.085934008297045 ], [ 430854.669212234497536, 438111.318013041454833 ], [ 430849.418389160360675, 438118.754574749502353 ], [ 430844.520049623795785, 438123.249430127383675 ], [ 430836.805869703646749, 438126.661682889447547 ], [ 430825.82542045408627, 438127.648891014629044 ], [ 430810.469187182665337, 438122.792666973022278 ], [ 430807.453985287982505, 438132.327264895022381 ], [ 430823.76655541540822, 438137.48591896292055 ] ] ] } }
]
}
