{
"type": "FeatureCollection",
"name": "se3236_rgb_250_03_osm_road_buffers",
"crs": { "type": "name", "properties": { "name": "urn:ogc:def:crs:EPSG::27700" } },
"features": [
{ "type": "Feature", "properties": { "bicycle": "yes", "foot": "yes", "highway": "residential", "horse": "yes", "motorcar": "yes", "name": "Park Avenue", "surface": "asphalt", "osm_type": "way", "osm_id": 2447290, "lanes": null, "maxspeed": null, "source": null, "source:name": null, "fixme": null, "lit": null, "maxspeed:type": null, "sidewalk:both": null, "oneway": null, "turn:lanes": null, "dual_carriageway": null, "ref": null, "postal_code": null, "cycleway:left": null, "cycleway:right": null, "oneway:bicycle": null, "not:name": null, "not:name:note": null, "lane_markings": null, "sidewalk:left": null, "lanes:backward": null, "lanes:forward": null, "lanes:psv:forward": null, "cycleway": null, "turn:lanes:backward": null, "turn:lanes:forward": null, "cycleway:right:lane": null, "sidewalk": null, "motor_vehicle": null }, "geometry": { "type": "Polygon", "coordinates": [ [ [ 433203.313739486504346, 437798.464496145199519 ], [ 433203.266407738556154, 437797.950287797721103 ], [ 433203.166293660004158, 437797.443703460972756 ], [ 433202.098782571440097, 437793.205985157284886 ], [ 433200.725775818806142, 437787.441875190997962 ], [ 433200.680568011244759, 437787.266274765017442 ], [ 433197.80750169995008, 437776.889525308040902 ], [ 433196.924000140104908, 437772.308059046743438 ], [ 433196.009894348273519, 437759.543219610874075 ], [ 433195.968113504059147, 437755.600629839638714 ], [ 433195.882622022589203, 437747.533387457602657 ], [ 433196.236373635882046, 437738.322340431564953 ], [ 433197.003658480709419, 437729.527037024789024 ], [ 433199.650886246410664, 437716.4085453042062 ], [ 433202.859551316942088, 437705.739512441854458 ], [ 433203.015929286251776, 437705.042240221286193 ], [ 433203.520145852933638, 437701.685609318898059 ], [ 433203.564826144312974, 437701.271232820348814 ], [ 433204.822753126209136, 437682.158228960062843 ], [ 433207.206934280344285, 437654.29842457693303 ], [ 433211.204168565105647, 437629.129897610691842 ], [ 433218.205207261256874, 437591.977136763744056 ], [ 433238.9493005144177, 437551.094612154061906 ], [ 433243.857039625756443, 437545.241449266555719 ], [ 433256.467547682521399, 437530.222427464148495 ], [ 433256.744310108129866, 437529.860525306954514 ], [ 433256.986981356167234, 437529.474933194753248 ], [ 433276.178573437791783, 437495.654305649222806 ], [ 433289.494093333429191, 437474.773261899885256 ], [ 433289.754506021679845, 437474.31285150203621 ], [ 433289.964822467823979, 437473.827506784233265 ], [ 433290.122688873321749, 437473.322659579047468 ], [ 433290.226338444685098, 437472.803959984856192 ], [ 433290.274611167027615, 437472.277213132125326 ], [ 433290.266966786526609, 437471.748314213531557 ], [ 433287.944516267685685, 437437.328695389849599 ], [ 433287.852113261353225, 437436.652040935819969 ], [ 433285.68218892661389, 437426.166600366937928 ], [ 433285.546036844258197, 437425.649688322097063 ], [ 433285.355479571036994, 437425.150265277770814 ], [ 433285.112695065676235, 437424.674039348668884 ], [ 433284.820458213740494, 437424.226453520008363 ], [ 433275.32292746542953, 437411.252291848650202 ], [ 433274.988047536578961, 437410.842273775604554 ], [ 433259.869221019849647, 437394.212134378030896 ], [ 433259.540471667249221, 437393.882720263500232 ], [ 433259.182518267945852, 437393.585299417551141 ], [ 433234.697653527779039, 437375.097432118898723 ], [ 433234.265333145973273, 437374.805124694947153 ], [ 433233.804900054587051, 437374.559470647713169 ], [ 433233.321370111196302, 437374.363146078656428 ], [ 433200.139715040219016, 437362.868505293386988 ], [ 433192.124473692150787, 437360.086256917566061 ], [ 433191.591284144378733, 437359.933732013392728 ], [ 433191.04448299203068, 437359.841193156549707 ], [ 433152.676555276673753, 437355.51962594629731 ], [ 433152.200185162655544, 437355.488901391567197 ], [ 433112.740484007750638, 437354.83168336522067 ], [ 433057.286454876186326, 437353.898334328550845 ], [ 433043.480100617685821, 437351.812312276801094 ], [ 433025.397068116639275, 437349.083260434272233 ], [ 433010.183757218939718, 437343.65355869778432 ], [ 432988.791178840445355, 437333.548302123846952 ], [ 432988.385820541414432, 437333.356934848998208 ], [ 432980.897819792036898, 437329.812187503557652 ], [ 432955.453208416467533, 437317.750956403499003 ], [ 432949.883515607449226, 437315.109122479159851 ], [ 432902.819863643264398, 437287.00551798514789 ], [ 432881.388141651870683, 437270.330385366338305 ], [ 432871.114655180135742, 437262.344068545324262 ], [ 432851.285482002596837, 437242.868533170898445 ], [ 432838.027364543173462, 437229.843058226630092 ], [ 432820.208505136950407, 437207.873934586357791 ], [ 432818.297705352131743, 437205.514362215995789 ], [ 432818.294258306152187, 437205.510110353585333 ], [ 432804.117847063520458, 437188.043342605757061 ], [ 432798.346924905607011, 437180.119386697886512 ], [ 432790.6406887814519, 437169.539565353305079 ], [ 432780.90550336393062, 437156.182219592155889 ], [ 432758.799379415635485, 437124.123682625824586 ], [ 432717.886286597407889, 437056.648204698925838 ], [ 432700.916450414049905, 437018.59848390344996 ], [ 432690.13728532451205, 436990.789393433369696 ], [ 432680.813225705060177, 436994.403520189924166 ], [ 432691.637335016101133, 437022.328561933711171 ], [ 432691.732932067825459, 437022.558086846373044 ], [ 432708.881439426972065, 437061.00842366903089 ], [ 432709.172412919753697, 437061.564218079671264 ], [ 432750.324456411763094, 437129.433782833162695 ], [ 432750.483659015211742, 437129.679785428568721 ], [ 432772.710076023300644, 437161.912772674462758 ], [ 432772.78564051882131, 437162.019350334361661 ], [ 432782.558045490761288, 437175.427763544779737 ], [ 432790.263567513378803, 437186.006604487134609 ], [ 432796.111423398833722, 437194.036196799017489 ], [ 432796.27091312041739, 437194.243564293137752 ], [ 432810.528057912073564, 437211.809803911950439 ], [ 432812.438349727657624, 437214.16874901088886 ], [ 432830.438659494393505, 437236.361587729945313 ], [ 432830.817811706918292, 437236.778620143595617 ], [ 432844.277536868874449, 437250.00216514460044 ], [ 432864.313925629947335, 437269.681220649334136 ], [ 432864.748803492577281, 437270.061558791843709 ], [ 432875.248199861263856, 437278.223490962584037 ], [ 432896.921886183379684, 437295.086885976023041 ], [ 432897.428832896461245, 437295.433532828988973 ], [ 432944.96158736263169, 437323.817257344198879 ], [ 432945.382245099113788, 437324.041958215064369 ], [ 432951.168191722244956, 437326.786366317537613 ], [ 432976.615645192854572, 437338.848944795317948 ], [ 432984.109521037025843, 437342.396474083303474 ], [ 432984.114311418728903, 437342.39873869746225 ], [ 432984.520522257138509, 437342.590508307737764 ], [ 433006.135400647530332, 437352.800773198890965 ], [ 433006.590298901428469, 437352.988856302981731 ], [ 433022.491594288963825, 437358.664102918177377 ], [ 433022.953194684814662, 437358.804144029680174 ], [ 433023.426141679286957, 437358.899052294553258 ], [ 433041.986562329926528, 437361.700150441029109 ], [ 433056.12206788524054, 437363.835904438747093 ], [ 433056.784903695981484, 437363.891309019527398 ], [ 433112.572636329277884, 437364.830274633481167 ], [ 433151.794734798953868, 437365.483535363629926 ], [ 433189.371562550368253, 437369.715997118677478 ], [ 433196.861946896882728, 437372.316057276213542 ], [ 433229.301933780661784, 437383.55377372528892 ], [ 433252.784018798032776, 437401.284468842612114 ], [ 433267.41045322699938, 437417.372995499987155 ], [ 433276.109805517306086, 437429.256800463830587 ], [ 433277.99024484626716, 437438.343400633079 ], [ 433280.179030696919654, 437470.782057152769994 ], [ 433267.677732800715603, 437490.386259642837103 ], [ 433267.544871222111396, 437490.60695126169594 ], [ 433248.515246387338266, 437524.14214996388182 ], [ 433236.197523686510976, 437538.812466573377606 ], [ 433230.918339467723854, 437545.108627719106153 ], [ 433230.577483200177085, 437545.565752076799981 ], [ 433230.290890545642469, 437546.058712849917356 ], [ 433208.964876139012631, 437588.088089509808924 ], [ 433208.771408698172309, 437588.518609278020449 ], [ 433208.619398385460954, 437588.965453530836385 ], [ 433208.510199776443187, 437589.42464040487539 ], [ 433201.363811015500687, 437627.348737682332285 ], [ 433201.339224109891802, 437627.49037381116068 ], [ 433197.302416382241063, 437652.908074379374739 ], [ 433197.258735214127228, 437653.26600808830699 ], [ 433194.854982329998165, 437681.354513452446554 ], [ 433194.847567440359853, 437681.452478441409767 ], [ 433193.600111744191963, 437700.406381075677928 ], [ 433193.180089842702728, 437703.202517869707663 ], [ 433190.007566658663563, 437713.751376464555506 ], [ 433189.894508790632244, 437714.202359034912661 ], [ 433187.145753095101099, 437727.823978338390589 ], [ 433187.065876906854101, 437728.378470582829323 ], [ 433186.263641939032823, 437737.57440347870579 ], [ 433186.248406987870112, 437737.81705890543526 ], [ 433185.885288153775036, 437747.27201128291199 ], [ 433185.881885576120112, 437747.516879389702808 ], [ 433185.968674974399619, 437755.706597243261058 ], [ 433186.012069459655322, 437759.801455952401739 ], [ 433186.024560045625549, 437760.10561393602984 ], [ 433186.970820469257887, 437773.319470012618694 ], [ 433187.048504525213502, 437773.909097478841431 ], [ 433188.026116083085071, 437778.978578476235271 ], [ 433188.116951472125947, 437779.365991340368055 ], [ 433191.018953325867187, 437789.847248261561617 ], [ 433192.378439454652835, 437795.554596407397185 ], [ 433192.393827416060958, 437795.617393572349101 ], [ 433193.342588754312601, 437799.38370881928131 ], [ 433193.612689413246699, 437806.111080165894236 ], [ 433203.604639229015447, 437805.709908283140976 ], [ 433203.313739486504346, 437798.464496145199519 ] ] ] } },
{ "type": "Feature", "properties": { "bicycle": null, "foot": null, "highway": "tertiary", "horse": null, "motorcar": null, "name": "Gledhow Valley Road", "surface": "asphalt", "osm_type": "way", "osm_id": 22818967, "lanes": "2", "maxspeed": "30 mph", "source": "npe", "source:name": "OS_OpenData_StreetView", "fixme": null, "lit": null, "maxspeed:type": null, "sidewalk:both": null, "oneway": null, "turn:lanes": null, "dual_carriageway": null, "ref": null, "postal_code": null, "cycleway:left": null, "cycleway:right": null, "oneway:bicycle": null, "not:name": null, "not:name:note": null, "lane_markings": null, "sidewalk:left": null, "lanes:backward": null, "lanes:forward": null, "lanes:psv:forward": null, "cycleway": null, "turn:lanes:backward": null, "turn:lanes:forward": null, "cycleway:right:lane": null, "sidewalk": null, "motor_vehicle": null }, "geometry": { "type": "Polygon", "coordinates": [ [ [ 430448.245781345642172, 437823.547076271090191 ], [ 430484.014948765165173, 437779.121161134389695 ], [ 430506.993625999661162, 437752.246351333917119 ], [ 430519.935075841669459, 437741.133424518862739 ], [ 430577.198233914154116, 437699.119010860973503 ], [ 430606.386256338504609, 437684.743158969620708 ], [ 430635.15585395047674, 437674.679376342217438 ], [ 430692.048474171257112, 437659.365008378750645 ], [ 430692.266096830542665, 437659.302637664659414 ], [ 430720.589580594969448, 437650.687127630400937 ], [ 430721.028242888161913, 437650.53765983262565 ], [ 430775.201767071441282, 437630.053416273440234 ], [ 430788.370203087222762, 437625.07763580273604 ], [ 430788.891981606546324, 437624.855936751002446 ], [ 430789.39410838612821, 437624.592741025262512 ], [ 430881.205146044667345, 437571.622740142513067 ], [ 430881.729240488843061, 437571.288502704235725 ], [ 430987.312674655579031, 437497.159788168617524 ], [ 430987.355861419171561, 437497.12922300864011 ], [ 431077.628213883610442, 437432.72611531871371 ], [ 431109.740831491537392, 437409.818423811229877 ], [ 431110.274833992938511, 437409.396879240404814 ], [ 431110.765392439614516, 437408.925486721273046 ], [ 431191.174977223505266, 437323.763817224244121 ], [ 431191.720377234392799, 437323.110879768501036 ], [ 431230.143692439130973, 437270.972205329337157 ], [ 431230.383815360546578, 437270.624904743453953 ], [ 431262.538437517592683, 437220.981575048470404 ], [ 431262.818940468190704, 437220.508802766737062 ], [ 431263.061479390074965, 437220.015476903819945 ], [ 431298.137966186972335, 437140.973554479016457 ], [ 431298.269090874120593, 437140.657452746178024 ], [ 431307.545579639961943, 437116.652881214045919 ], [ 431307.560681037255563, 437116.613450370554347 ], [ 431329.637533840839751, 437058.444523814017884 ], [ 431373.507311069290154, 436948.249238704214804 ], [ 431373.665040778869297, 436947.811179366486613 ], [ 431395.999244580336381, 436878.648096178600099 ], [ 431428.206316003168467, 436828.306726090842858 ], [ 431451.878309472172987, 436801.75912281696219 ], [ 431484.150624477071688, 436779.585245415160898 ], [ 431575.579719792527612, 436745.972189717984293 ], [ 431576.061563768482301, 436745.774397950968705 ], [ 431576.52736663154792, 436745.541325230558868 ], [ 431619.083647006540559, 436722.228881764400285 ], [ 431619.708434199390467, 436721.842681963462383 ], [ 431620.289313517569099, 436721.393139373452868 ], [ 431620.819889250735287, 436720.885203635436483 ], [ 431650.702666133001912, 436689.109385971678421 ], [ 431651.245236098126043, 436688.457434986135922 ], [ 431651.704971466271672, 436687.744647748710122 ], [ 431668.881610882817768, 436657.196143548586406 ], [ 431679.74272362224292, 436637.87998154386878 ], [ 431687.434473019151483, 436630.64969093259424 ], [ 431733.942336608888581, 436586.925324908515904 ], [ 431734.39473697822541, 436586.458577348734252 ], [ 431734.801891761249863, 436585.951877870364115 ], [ 431740.933921239688061, 436577.5496047748602 ], [ 431765.178955558047164, 436544.357876029796898 ], [ 431765.71296950156102, 436543.503974985796958 ], [ 431793.663553854334168, 436490.705119449237827 ], [ 431827.71847291465383, 436442.065929306554608 ], [ 431905.42647670081351, 436358.343498764850665 ], [ 431906.027702318155207, 436357.599697305704467 ], [ 431916.624032105668448, 436342.484499630634673 ], [ 431926.18999601266114, 436328.842128875432536 ], [ 431932.535458940954413, 436319.791568427812308 ], [ 431942.690052910998929, 436306.513459798763506 ], [ 431950.349392673058901, 436296.495483156351838 ], [ 431950.718379390600603, 436295.963586959755048 ], [ 431965.500546530354768, 436272.398360825958662 ], [ 431965.773008737713099, 436271.923754466755781 ], [ 431966.007562349434011, 436271.429313920380082 ], [ 432014.003203608328477, 436159.114702956867404 ], [ 432067.503360218484886, 436090.886633832647931 ], [ 432098.352677122515161, 436060.943879699218087 ], [ 432108.003378581255674, 436051.573971815407276 ], [ 432098.251088453223929, 436041.529429154936224 ], [ 432088.601516261463985, 436050.898240738140885 ], [ 432057.412209293921478, 436081.17099371436052 ], [ 432056.779155012161937, 436081.874618931266014 ], [ 432002.41908285592217, 436151.199327412003186 ], [ 432002.064414604217745, 436151.694585443066899 ], [ 432001.754146893101279, 436152.218802987248637 ], [ 432001.490629336272832, 436152.768010218918789 ], [ 431953.349303549854085, 436265.423537578259129 ], [ 431939.030793918005656, 436288.249616743996739 ], [ 431931.569073208258487, 436298.009119104070123 ], [ 431921.326693963317666, 436311.402015426196158 ], [ 431921.155422355222981, 436311.6358477853355 ], [ 431914.727077886054758, 436320.80462254199665 ], [ 431905.16101341630565, 436334.447136713424698 ], [ 431894.839196147688199, 436349.170754304970615 ], [ 431817.129773531865794, 436432.894713490561116 ], [ 431816.526165712217335, 436433.641915201209486 ], [ 431781.945986265724059, 436483.03131237719208 ], [ 431781.493594812811352, 436483.771087281638756 ], [ 431753.575982178095728, 436536.50765900494298 ], [ 431729.62787587440107, 436569.292889908421785 ], [ 431723.877663340303116, 436577.171986010624096 ], [ 431677.845505538221914, 436620.449117285956163 ], [ 431669.3724328725948, 436628.413856460596435 ], [ 431668.880935615045018, 436628.925178877427243 ], [ 431668.443701746116858, 436629.483611247618683 ], [ 431668.065219785377849, 436630.083420862036292 ], [ 431656.678404605307151, 436650.334528829727788 ], [ 431639.919749104708899, 436680.13965226104483 ], [ 431611.382710610108916, 436710.484480502491351 ], [ 431570.2589876918355, 436733.012165187392384 ], [ 431478.49520630564075, 436766.748265102563892 ], [ 431477.957343735557515, 436766.971825049782638 ], [ 431477.439929663843941, 436767.239328082709108 ], [ 431476.946546656894498, 436767.548922014713753 ], [ 431443.252747479244135, 436790.699482241121586 ], [ 431442.589037249446847, 436791.216885679692496 ], [ 431441.992214449448511, 436791.810198525316082 ], [ 431417.385825959208887, 436819.405704602831975 ], [ 431417.032251476077363, 436819.835470807331149 ], [ 431416.713935012405273, 436820.291966737888288 ], [ 431383.719168474082835, 436871.86454629531363 ], [ 431383.41823019500589, 436872.382488105271477 ], [ 431383.162675874016713, 436872.924262555898167 ], [ 431382.954376938345376, 436873.485902226588223 ], [ 431360.414021821925417, 436943.287381153786555 ], [ 431316.609503895917442, 437053.318743219249882 ], [ 431316.568566127272788, 437053.424038394063246 ], [ 431294.479160530201625, 437111.626039525493979 ], [ 431285.271979682263918, 437135.451264441187959 ], [ 431250.488418008259032, 437213.83310465834802 ], [ 431218.748161460331175, 437262.836697756545618 ], [ 431180.702971538004931, 437314.462273549987003 ], [ 431101.054695812694263, 437398.817641775764059 ], [ 431069.497762267419603, 437421.32893336226698 ], [ 430979.246512723737396, 437485.71698556037154 ], [ 430873.939349485386629, 437559.651733978593256 ], [ 430782.890055053692777, 437612.18225023697596 ], [ 430770.252493276027963, 437616.957436372584198 ], [ 430716.293537501594983, 437637.360546525625978 ], [ 430688.300167068256997, 437645.875641838996671 ], [ 430631.26815827540122, 437661.227530448813923 ], [ 430630.776342026016209, 437661.379518790112343 ], [ 430601.362904384033754, 437671.668520629697014 ], [ 430600.58132615807699, 437671.99627628485905 ], [ 430570.460495793900918, 437686.831560082559008 ], [ 430569.922536582686007, 437687.126487223315053 ], [ 430569.412466898676939, 437687.467384640185628 ], [ 430511.437155088118743, 437730.004310900403652 ], [ 430511.017744725686498, 437730.337451527302619 ], [ 430497.463598880392965, 437741.97650531627005 ], [ 430497.068929959321395, 437742.34270122286398 ], [ 430496.70357268495718, 437742.738146619056351 ], [ 430473.307050877192523, 437770.10164831939619 ], [ 430473.17502758523915, 437770.260754969203845 ], [ 430437.340936029038858, 437814.767306989408098 ], [ 430431.263427503989078, 437822.316289691196289 ], [ 430442.168533991789445, 437831.095734576287214 ], [ 430448.245781345642172, 437823.547076271090191 ] ] ] } },
{ "type": "Feature", "properties": { "bicycle": null, "foot": null, "highway": "tertiary", "horse": null, "motorcar": null, "name": "Gledhow Wood Road", "surface": null, "osm_type": "way", "osm_id": 22818968, "lanes": "2", "maxspeed": "20 mph", "source": "npe", "source:name": null, "fixme": null, "lit": null, "maxspeed:type": null, "sidewalk:both": null, "oneway": null, "turn:lanes": null, "dual_carriageway": null, "ref": null, "postal_code": null, "cycleway:left": null, "cycleway:right": null, "oneway:bicycle": null, "not:name": null, "not:name:note": null, "lane_markings": null, "sidewalk:left": null, "lanes:backward": null, "lanes:forward": null, "lanes:psv:forward": null, "cycleway": null, "turn:lanes:backward": null, "turn:lanes:forward": null, "cycleway:right:lane": null, "sidewalk": null, "motor_vehicle": null }, "geometry": { "type": "Polygon", "coordinates": [ [ [ 432261.606382297701202, 436318.884297442738898 ], [ 432235.74373902019579, 436362.245964013796765 ], [ 432230.871242177265231, 436369.716925330634695 ], [ 432208.153183322981931, 436398.056508952809963 ], [ 432177.659602102241479, 436431.210132224718109 ], [ 432165.619874886819161, 436443.362733283953276 ], [ 432165.227227177936584, 436443.793545462947804 ], [ 432148.374794299015775, 436463.905846099543851 ], [ 432147.855555588146672, 436464.610774390399456 ], [ 432137.515414134133607, 436480.662110623787157 ], [ 432137.35103552043438, 436480.930333846132271 ], [ 432127.212310130649712, 436498.340499855112284 ], [ 432101.447977499978151, 436542.590841159923002 ], [ 432082.456365783757064, 436569.027035344333854 ], [ 432078.235304518544581, 436574.819032525527291 ], [ 431956.257254151976667, 436726.544357680890244 ], [ 431940.717141174245626, 436745.88363612559624 ], [ 431929.295597991149407, 436757.615544451924507 ], [ 431929.0724915957544, 436757.855716967373155 ], [ 431924.269739215320442, 436763.274970009806566 ], [ 431923.707332127087284, 436764.000290395808406 ], [ 431920.109841547266115, 436769.327616627677344 ], [ 431931.712162040232215, 436777.16254861059133 ], [ 431935.052275787340477, 436772.216357595636509 ], [ 431939.441257304395549, 436767.26398871303536 ], [ 431950.980773293355014, 436755.410901827795897 ], [ 431951.421741271275096, 436754.91261573578231 ], [ 431967.168932671833318, 436735.315633104706649 ], [ 432089.250346553511918, 436583.461736760626081 ], [ 432089.451873839832842, 436583.198534908588044 ], [ 432093.784626486478373, 436577.253278599935584 ], [ 432093.812584220722783, 436577.214640089368913 ], [ 432113.013696103414986, 436550.486823099839967 ], [ 432113.377958428056445, 436549.924866839195602 ], [ 432139.310552636394277, 436505.385535578709096 ], [ 432149.369965218065772, 436488.111565107421484 ], [ 432159.387369001342449, 436472.561225005541928 ], [ 432175.770749733957928, 436453.008708101580851 ], [ 432187.696584470453672, 436440.971067276492249 ], [ 432187.87591445579892, 436440.783210624125786 ], [ 432218.618337834253907, 436407.359037983464077 ], [ 432218.927938091452233, 436406.998609656235203 ], [ 432242.00900059833657, 436378.206198068684898 ], [ 432242.410510257584974, 436377.651829642418306 ], [ 432247.54690502298763, 436369.776235704135615 ], [ 432247.695549167867284, 436369.53801129932981 ], [ 432273.629714433162007, 436326.056429931195453 ], [ 432295.688055921636987, 436289.079528699279763 ], [ 432283.664860993914772, 436281.907166206394322 ], [ 432261.606382297701202, 436318.884297442738898 ] ] ] } },
{ "type": "Feature", "properties": { "bicycle": null, "foot": null, "highway": "tertiary", "horse": null, "motorcar": null, "name": "Oakwood Lane", "surface": "asphalt", "osm_type": "way", "osm_id": 22819282, "lanes": "2", "maxspeed": "30 mph", "source": "npe", "source:name": null, "fixme": "needs gps survey", "lit": "yes", "maxspeed:type": null, "sidewalk:both": null, "oneway": null, "turn:lanes": null, "dual_carriageway": null, "ref": null, "postal_code": null, "cycleway:left": null, "cycleway:right": null, "oneway:bicycle": null, "not:name": null, "not:name:note": null, "lane_markings": null, "sidewalk:left": null, "lanes:backward": null, "lanes:forward": null, "lanes:psv:forward": null, "cycleway": null, "turn:lanes:backward": null, "turn:lanes:forward": null, "cycleway:right:lane": null, "sidewalk": null, "motor_vehicle": null }, "geometry": { "type": "Polygon", "coordinates": [ [ [ 432788.593099459365476, 436852.145407222444192 ], [ 432788.916217558609787, 436851.963489828980528 ], [ 432819.019325195229612, 436833.948934806277975 ], [ 432819.473592725873459, 436833.652600785542745 ], [ 432841.119336520961951, 436818.304980563058052 ], [ 432841.274997769389302, 436818.191359016229399 ], [ 432863.814065240439959, 436801.259013155708089 ], [ 432864.197302831453271, 436800.949424037826248 ], [ 432885.337744432210457, 436782.60544060904067 ], [ 432885.811069810180925, 436782.154290983628016 ], [ 432905.380238617421128, 436761.674218694271985 ], [ 432905.695067595050205, 436761.321633628860582 ], [ 432918.693403813289478, 436745.735663803236093 ], [ 432918.861345439392608, 436745.526253209100105 ], [ 432935.608960737416055, 436723.802584396442398 ], [ 432935.907169573649298, 436723.384964541532099 ], [ 432936.498049931775313, 436722.489826536504552 ], [ 432993.990254031610675, 436635.519740303396247 ], [ 432994.030669905187096, 436635.457895071362145 ], [ 433052.798044794122688, 436544.486048266699072 ], [ 433094.931350724131335, 436494.095160104800016 ], [ 433103.243545170989819, 436484.279477422125638 ], [ 433123.536283643974457, 436462.055609698931221 ], [ 433123.565979685925413, 436462.022880789008923 ], [ 433169.01031044771662, 436411.618490673135966 ], [ 433180.031772388261743, 436399.390290509094484 ], [ 433232.366597314830869, 436341.348566429049242 ], [ 433257.98514084960334, 436314.147988518234342 ], [ 433258.015151661005802, 436314.115923488745466 ], [ 433287.026183937152382, 436282.923549241852015 ], [ 433296.936090003408026, 436273.647728326614015 ], [ 433287.3689953648136, 436263.426637378172018 ], [ 433277.282053543720394, 436272.868166418862529 ], [ 433276.939873333962169, 436273.211436224752106 ], [ 433247.778651716711465, 436304.565292562008835 ], [ 433222.123053141694982, 436331.805213790968992 ], [ 433222.020045316021424, 436331.916989756166004 ], [ 433169.633856827218551, 436390.015678385389037 ], [ 433158.612079844402615, 436402.244228002848104 ], [ 433113.182906953734346, 436452.631805829179939 ], [ 433092.816889215027913, 436474.935926333942916 ], [ 433092.644199811911676, 436475.132293193193618 ], [ 433084.233327860420104, 436485.064501912391279 ], [ 433084.205098848266061, 436485.09804938652087 ], [ 433041.781618107110262, 436535.835982864024118 ], [ 433041.271933135169093, 436536.527779708383605 ], [ 432982.291030864114873, 436627.830166720610578 ], [ 432924.81791128689656, 436714.771383255603723 ], [ 432924.364619102154393, 436715.458083004923537 ], [ 432907.855730005772784, 436736.872095257625915 ], [ 432895.094831438502297, 436752.173359717766289 ], [ 432875.91514812479727, 436772.245816786366049 ], [ 432855.208084697194863, 436790.213749318150803 ], [ 432832.943135164270643, 436806.940165641368367 ], [ 432811.597393383388408, 436822.07507351617096 ], [ 432781.886313035036437, 436839.855028269696049 ], [ 432719.231456913752481, 436872.97592925617937 ], [ 432725.774274279247038, 436885.352986294194125 ], [ 432788.593099459365476, 436852.145407222444192 ] ] ] } },
{ "type": "Feature", "properties": { "bicycle": null, "foot": null, "highway": "residential", "horse": null, "motorcar": null, "name": "Hetton Road", "surface": "asphalt", "osm_type": "way", "osm_id": 22819286, "lanes": null, "maxspeed": null, "source": "npe", "source:name": null, "fixme": null, "lit": null, "maxspeed:type": null, "sidewalk:both": null, "oneway": null, "turn:lanes": null, "dual_carriageway": null, "ref": null, "postal_code": null, "cycleway:left": null, "cycleway:right": null, "oneway:bicycle": null, "not:name": null, "not:name:note": null, "lane_markings": null, "sidewalk:left": null, "lanes:backward": null, "lanes:forward": null, "lanes:psv:forward": null, "cycleway": null, "turn:lanes:backward": null, "turn:lanes:forward": null, "cycleway:right:lane": null, "sidewalk": null, "motor_vehicle": null }, "geometry": { "type": "Polygon", "coordinates": [ [ [ 432913.812931899505202, 436032.8842057758593 ], [ 432878.987033839453943, 436122.741893669823185 ], [ 432878.951223478419706, 436122.837157626636326 ], [ 432841.643827081832569, 436225.235749893181492 ], [ 432820.432542072259821, 436279.180823583097663 ], [ 432820.415307551098522, 436279.225276020995807 ], [ 432758.123748570156749, 436442.19289130117977 ], [ 432767.464641395432409, 436445.763286409142893 ], [ 432829.747689084964804, 436282.817938429536298 ], [ 432850.973345897626132, 436228.836314008280169 ], [ 432851.018046036013402, 436228.71827803819906 ], [ 432888.329627144150436, 436126.3081998838461 ], [ 432923.137162555707619, 436036.497891245759092 ], [ 432926.134433184925001, 436028.763645690341946 ], [ 432916.810120273206849, 436025.15017246856587 ], [ 432913.812931899505202, 436032.8842057758593 ] ] ] } },
{ "type": "Feature", "properties": { "bicycle": null, "foot": null, "highway": "residential", "horse": null, "motorcar": null, "name": "Gipton Wood Road", "surface": null, "osm_type": "way", "osm_id": 22819287, "lanes": null, "maxspeed": null, "source": "npe", "source:name": null, "fixme": null, "lit": null, "maxspeed:type": null, "sidewalk:both": null, "oneway": null, "turn:lanes": null, "dual_carriageway": null, "ref": null, "postal_code": null, "cycleway:left": null, "cycleway:right": null, "oneway:bicycle": null, "not:name": null, "not:name:note": null, "lane_markings": null, "sidewalk:left": null, "lanes:backward": null, "lanes:forward": null, "lanes:psv:forward": null, "cycleway": null, "turn:lanes:backward": null, "turn:lanes:forward": null, "cycleway:right:lane": null, "sidewalk": null, "motor_vehicle": null }, "geometry": { "type": "Polygon", "coordinates": [ [ [ 432761.357427431561518, 436199.203202197561041 ], [ 432760.96559789654566, 436199.509801681502722 ], [ 432760.60617873450974, 436199.853824201156385 ], [ 432760.282728678663261, 436200.231863470864482 ], [ 432759.998450319573749, 436200.640176393324509 ], [ 432759.756158395437524, 436201.074720121338032 ], [ 432754.634208160045091, 436211.44217732315883 ], [ 432754.441739672271069, 436211.884239758946933 ], [ 432682.645802919927519, 436401.245167060289532 ], [ 432682.637753922434058, 436401.266543360194191 ], [ 432669.657390313164797, 436435.979651430621743 ], [ 432679.023964885331225, 436439.482119244057685 ], [ 432692.000328411580995, 436404.779708509799093 ], [ 432763.706651312240865, 436215.655136674060486 ], [ 432768.15887245873455, 436206.643293515138794 ], [ 432775.463304991018958, 436201.492352170986123 ], [ 432769.700303461635485, 436193.319971038610674 ], [ 432761.357427431561518, 436199.203202197561041 ] ] ] } },
{ "type": "Feature", "properties": { "bicycle": null, "foot": null, "highway": "residential", "horse": null, "motorcar": null, "name": "Oakwood Drive", "surface": "asphalt", "osm_type": "way", "osm_id": 22819302, "lanes": null, "maxspeed": null, "source": "npe", "source:name": null, "fixme": null, "lit": null, "maxspeed:type": null, "sidewalk:both": null, "oneway": null, "turn:lanes": null, "dual_carriageway": null, "ref": null, "postal_code": null, "cycleway:left": null, "cycleway:right": null, "oneway:bicycle": null, "not:name": null, "not:name:note": null, "lane_markings": null, "sidewalk:left": null, "lanes:backward": null, "lanes:forward": null, "lanes:psv:forward": null, "cycleway": null, "turn:lanes:backward": null, "turn:lanes:forward": null, "cycleway:right:lane": null, "sidewalk": null, "motor_vehicle": null }, "geometry": { "type": "Polygon", "coordinates": [ [ [ 432748.470272270438727, 436784.083363839017693 ], [ 432748.390459637797903, 436783.971658498630859 ], [ 432707.824549451761413, 436728.812768708798103 ], [ 432678.623690275475383, 436689.110080665443093 ], [ 432670.567926459712908, 436695.035000018775463 ], [ 432699.768638230045326, 436734.73748763842741 ], [ 432740.293827233894262, 436789.841007409675512 ], [ 432781.213898532441817, 436848.807500193302985 ], [ 432789.429483020794578, 436843.106257213570643 ], [ 432748.470272270438727, 436784.083363839017693 ] ] ] } },
{ "type": "Feature", "properties": { "bicycle": null, "foot": null, "highway": "residential", "horse": null, "motorcar": null, "name": "Oakwood Grove", "surface": null, "osm_type": "way", "osm_id": 22819303, "lanes": null, "maxspeed": null, "source": "OS_OpenData_StreetView", "source:name": null, "fixme": null, "lit": null, "maxspeed:type": null, "sidewalk:both": null, "oneway": null, "turn:lanes": null, "dual_carriageway": null, "ref": null, "postal_code": null, "cycleway:left": null, "cycleway:right": null, "oneway:bicycle": null, "not:name": null, "not:name:note": null, "lane_markings": null, "sidewalk:left": null, "lanes:backward": null, "lanes:forward": null, "lanes:psv:forward": null, "cycleway": null, "turn:lanes:backward": null, "turn:lanes:forward": null, "cycleway:right:lane": null, "sidewalk": null, "motor_vehicle": null }, "geometry": { "type": "Polygon", "coordinates": [ [ [ 432885.478244542144239, 436701.875757446279749 ], [ 432778.02934805850964, 436579.19939788809279 ], [ 432770.506836105370894, 436585.788162105658557 ], [ 432877.955512285814621, 436708.464270132069942 ], [ 432909.556153276993427, 436744.546546263154596 ], [ 432917.078959334234241, 436737.958117844769731 ], [ 432885.478244542144239, 436701.875757446279749 ] ] ] } },
{ "type": "Feature", "properties": { "bicycle": null, "foot": null, "highway": "residential", "horse": null, "motorcar": null, "name": "Lawrence Road", "surface": "asphalt", "osm_type": "way", "osm_id": 22819414, "lanes": null, "maxspeed": "20 mph", "source": "OS7", "source:name": null, "fixme": null, "lit": null, "maxspeed:type": "sign", "sidewalk:both": null, "oneway": null, "turn:lanes": null, "dual_carriageway": null, "ref": null, "postal_code": null, "cycleway:left": null, "cycleway:right": null, "oneway:bicycle": null, "not:name": null, "not:name:note": null, "lane_markings": null, "sidewalk:left": null, "lanes:backward": null, "lanes:forward": null, "lanes:psv:forward": null, "cycleway": null, "turn:lanes:backward": null, "turn:lanes:forward": null, "cycleway:right:lane": null, "sidewalk": null, "motor_vehicle": null }, "geometry": { "type": "Polygon", "coordinates": [ [ [ 433004.098745105497073, 436039.478519143012818 ], [ 433070.313366516958922, 435865.99074771348387 ], [ 433087.553735818946734, 435821.224441923142876 ], [ 433101.892894259479363, 435784.007804278342519 ], [ 433103.279757308249827, 435780.405378628987819 ], [ 433115.080792506108992, 435749.951679720485117 ], [ 433115.093654915224761, 435749.918129738885909 ], [ 433116.234187640191521, 435746.910910677164793 ], [ 433131.02112072595628, 435707.91671264753677 ], [ 433131.137582583760377, 435707.572318114922382 ], [ 433136.000001116364729, 435691.261892258189619 ], [ 433136.082280553062446, 435690.949329618888441 ], [ 433139.553938158496749, 435675.78623487992445 ], [ 433139.631863901158795, 435675.362834803469013 ], [ 433141.857865395082626, 435659.445468400197569 ], [ 433141.905054999049753, 435658.852861845574807 ], [ 433142.302305668126792, 435638.9726812664303 ], [ 433142.295834090735298, 435638.599588133161888 ], [ 433141.228692577627953, 435619.098487707669847 ], [ 433131.243631585559342, 435619.644891390693374 ], [ 433132.300571487401612, 435638.959566076577175 ], [ 433131.912999735446647, 435658.355370830278844 ], [ 433129.758079448423814, 435673.764460120000876 ], [ 433126.370592994324397, 435688.559922077402007 ], [ 433121.60633450379828, 435704.541081319621298 ], [ 433106.884027633466758, 435743.364855423395056 ], [ 433105.749909779115114, 435746.355160528270062 ], [ 433093.953379581798799, 435776.79723385249963 ], [ 433093.949417898140382, 435776.807490815815981 ], [ 433092.56130410975311, 435780.413165808306076 ], [ 433078.222254495718516, 435817.629520998860244 ], [ 433060.978782974183559, 435862.403881854203064 ], [ 433060.973396082757972, 435862.417932451236993 ], [ 432994.755695036961697, 436035.913772776839323 ], [ 432991.434672093892004, 436044.626763678737916 ], [ 433000.778911456407513, 436048.188391219242476 ], [ 433004.098745105497073, 436039.478519143012818 ] ] ] } },
{ "type": "Feature", "properties": { "bicycle": null, "foot": null, "highway": "residential", "horse": null, "motorcar": null, "name": "Springwood Road", "surface": "asphalt", "osm_type": "way", "osm_id": 22819447, "lanes": null, "maxspeed": null, "source": "OS7", "source:name": null, "fixme": null, "lit": null, "maxspeed:type": null, "sidewalk:both": null, "oneway": null, "turn:lanes": null, "dual_carriageway": null, "ref": null, "postal_code": null, "cycleway:left": null, "cycleway:right": null, "oneway:bicycle": null, "not:name": null, "not:name:note": null, "lane_markings": null, "sidewalk:left": null, "lanes:backward": null, "lanes:forward": null, "lanes:psv:forward": null, "cycleway": null, "turn:lanes:backward": null, "turn:lanes:forward": null, "cycleway:right:lane": null, "sidewalk": null, "motor_vehicle": null }, "geometry": { "type": "Polygon", "coordinates": [ [ [ 432924.037118140433449, 436823.543659319751896 ], [ 432924.340551559755113, 436823.798983305343427 ], [ 432924.66326508455677, 436824.029457075055689 ], [ 432946.286106441402808, 436838.211800465185661 ], [ 432966.552473510615528, 436851.505714389146306 ], [ 432966.744028001732659, 436851.625268674222752 ], [ 432981.963745559623931, 436860.653287281398661 ], [ 433042.704149624914862, 436899.814362394565251 ], [ 433066.710415134089999, 436943.008258558518719 ], [ 433069.11452022055164, 436947.340818338678218 ], [ 433069.219045728794299, 436947.520298170333263 ], [ 433071.849582350987475, 436951.828830551239662 ], [ 433080.451590071606915, 436995.728791949513834 ], [ 433080.640217817330267, 436996.422602942679077 ], [ 433084.756941891042516, 437008.156719684833661 ], [ 433084.97252962354105, 437008.67579294834286 ], [ 433085.245013369305525, 437009.167390071612317 ], [ 433117.420853398158215, 437060.220397584198508 ], [ 433125.880838351673447, 437054.888544755696785 ], [ 433094.006110961257946, 437004.313308943237644 ], [ 433090.19566666072933, 436993.452197666047141 ], [ 433081.49067264853511, 436949.026650338026229 ], [ 433081.386270357877947, 436948.595968789828476 ], [ 433081.244143887539394, 436948.176223032700364 ], [ 433081.065409705857746, 436947.770710361481179 ], [ 433080.851471851638053, 436947.382616263639648 ], [ 433077.808154575177468, 436942.397994144936092 ], [ 433075.45362599985674, 436938.154778711497784 ], [ 433050.836479126301128, 436893.861736037710216 ], [ 433050.577358971931972, 436893.445066917454824 ], [ 433050.278646412596572, 436893.055801947135478 ], [ 433049.943218126951251, 436892.697689848253503 ], [ 433049.574304375273641, 436892.374179332109634 ], [ 433049.17545789165888, 436892.088385888026096 ], [ 432987.304123850481119, 436852.198167885304429 ], [ 432987.145651991362683, 436852.100128214457072 ], [ 432971.942912244121544, 436843.082180489960592 ], [ 432951.770880195137579, 436829.850146509008482 ], [ 432930.48014651943231, 436815.88563133921707 ], [ 432884.118446944921743, 436773.623254327103496 ], [ 432877.381655615346972, 436781.013494010781869 ], [ 432924.037118140433449, 436823.543659319751896 ] ] ] } },
{ "type": "Feature", "properties": { "bicycle": null, "foot": null, "highway": "residential", "horse": null, "motorcar": null, "name": "Lady Wood Road", "surface": null, "osm_type": "way", "osm_id": 22819448, "lanes": null, "maxspeed": null, "source": "OS7", "source:name": null, "fixme": null, "lit": null, "maxspeed:type": null, "sidewalk:both": null, "oneway": null, "turn:lanes": null, "dual_carriageway": null, "ref": null, "postal_code": null, "cycleway:left": null, "cycleway:right": null, "oneway:bicycle": null, "not:name": null, "not:name:note": null, "lane_markings": null, "sidewalk:left": null, "lanes:backward": null, "lanes:forward": null, "lanes:psv:forward": null, "cycleway": null, "turn:lanes:backward": null, "turn:lanes:forward": null, "cycleway:right:lane": null, "sidewalk": null, "motor_vehicle": null }, "geometry": { "type": "Polygon", "coordinates": [ [ [ 432975.467276807117742, 436955.039012192573864 ], [ 432956.338887453137431, 436972.707548830076121 ], [ 432956.228572795691434, 436972.812603471393231 ], [ 432909.03668362298049, 437019.145504428597633 ], [ 432916.042510984116234, 437026.28121623507468 ], [ 432963.180043092812411, 436980.001682932954282 ], [ 432982.251358015753794, 436962.385864743904676 ], [ 433049.857962053327356, 436899.964295417710673 ], [ 433043.074253136815969, 436892.617099126859102 ], [ 432975.467276807117742, 436955.039012192573864 ] ] ] } },
{ "type": "Feature", "properties": { "bicycle": null, "foot": null, "highway": "residential", "horse": null, "motorcar": null, "name": "Ridgeway", "surface": null, "osm_type": "way", "osm_id": 23006135, "lanes": null, "maxspeed": null, "source": "OS_OpenData_StreetView", "source:name": null, "fixme": "rename properly (is actually fairway all the way up the west side)", "lit": null, "maxspeed:type": null, "sidewalk:both": null, "oneway": null, "turn:lanes": null, "dual_carriageway": null, "ref": null, "postal_code": null, "cycleway:left": null, "cycleway:right": null, "oneway:bicycle": null, "not:name": null, "not:name:note": null, "lane_markings": null, "sidewalk:left": null, "lanes:backward": null, "lanes:forward": null, "lanes:psv:forward": null, "cycleway": null, "turn:lanes:backward": null, "turn:lanes:forward": null, "cycleway:right:lane": null, "sidewalk": null, "motor_vehicle": null }, "geometry": { "type": "Polygon", "coordinates": [ [ [ 431848.139107713359408, 436774.917624767695088 ], [ 431841.57564282725798, 436758.551063350518234 ], [ 431841.411864471680019, 436758.185732045385521 ], [ 431832.800788451393601, 436740.870151908427943 ], [ 431832.596223157772329, 436740.499116706196219 ], [ 431832.360979687538929, 436740.146732554479968 ], [ 431816.067812635621522, 436717.847768111911137 ], [ 431813.830211433814839, 436712.3977252029581 ], [ 431813.867657623719424, 436706.87771869712742 ], [ 431816.471343421551865, 436699.205947199312504 ], [ 431821.990775539830793, 436690.677182122948579 ], [ 431840.336731210059952, 436670.915824999043252 ], [ 431890.508805443765596, 436622.349369691277388 ], [ 431890.54617845849134, 436622.312812300748192 ], [ 431971.549184199946467, 436542.244652493100148 ], [ 431983.73400339577347, 436534.831301480939146 ], [ 431990.45118795754388, 436533.427248461463023 ], [ 431999.314406854333356, 436533.159132697735913 ], [ 431999.012041340698488, 436523.163704988197424 ], [ 431989.7083479242865, 436523.4451452747453 ], [ 431989.270158045052085, 436523.477716644585598 ], [ 431988.836519802571274, 436523.54863306786865 ], [ 431980.846538673969917, 436525.218731161206961 ], [ 431980.298783013480715, 436525.366095893492457 ], [ 431979.771243283466902, 436525.574553230078891 ], [ 431979.270708975731395, 436525.841420303157065 ], [ 431965.851573326741345, 436534.005740285792854 ], [ 431965.37265114201, 436534.336797998112161 ], [ 431964.93545919371536, 436534.721283197053708 ], [ 431883.534859985171352, 436615.182447893486824 ], [ 431833.285650254401844, 436663.82357018935727 ], [ 431833.098906140192412, 436664.014252048858907 ], [ 431814.365583395643625, 436684.192861848569009 ], [ 431814.08400614123093, 436684.523925465822686 ], [ 431813.832242373435292, 436684.87819072540151 ], [ 431807.738545371743385, 436694.294324316724669 ], [ 431807.529209784406703, 436694.649016194918659 ], [ 431807.349776187387761, 436695.019733473774977 ], [ 431807.201462057069875, 436695.403960796247702 ], [ 431804.138503186812159, 436704.428982394339982 ], [ 431803.994187727686949, 436704.94285463867709 ], [ 431803.905472467653453, 436705.46918270929018 ], [ 431803.873368376225699, 436706.001968747586943 ], [ 431803.823630188824609, 436713.333959499956109 ], [ 431803.844801786122844, 436713.828760486911051 ], [ 431803.914819789817557, 436714.319039726164192 ], [ 431804.032997249683831, 436714.799987063393928 ], [ 431804.198174720746465, 436715.26688390027266 ], [ 431807.047492976475041, 436722.206863527768292 ], [ 431807.309838073793799, 436722.750042816740461 ], [ 431807.6356854668702, 436723.257676706940401 ], [ 431824.036045989952981, 436745.70334702898981 ], [ 431832.368742777325679, 436762.459148352674674 ], [ 431838.857841754041146, 436778.640272010234185 ], [ 431840.411790948011912, 436782.512718427518848 ], [ 431849.692444298299961, 436778.788544238253962 ], [ 431848.139107713359408, 436774.917624767695088 ] ] ] } },
{ "type": "Feature", "properties": { "bicycle": null, "foot": null, "highway": "residential", "horse": null, "motorcar": null, "name": "Well House Drive", "surface": null, "osm_type": "way", "osm_id": 23033180, "lanes": null, "maxspeed": "20 mph", "source": "OS_OpenData_StreetView", "source:name": "OS_OpenData_Locator", "fixme": null, "lit": null, "maxspeed:type": null, "sidewalk:both": null, "oneway": null, "turn:lanes": null, "dual_carriageway": null, "ref": null, "postal_code": null, "cycleway:left": null, "cycleway:right": null, "oneway:bicycle": null, "not:name": null, "not:name:note": null, "lane_markings": null, "sidewalk:left": null, "lanes:backward": null, "lanes:forward": null, "lanes:psv:forward": null, "cycleway": null, "turn:lanes:backward": null, "turn:lanes:forward": null, "cycleway:right:lane": null, "sidewalk": null, "motor_vehicle": null }, "geometry": { "type": "Polygon", "coordinates": [ [ [ 432236.886954414134379, 436356.192079013970215 ], [ 432177.959540670854039, 436312.635161529295146 ], [ 432093.227031899441499, 436246.344258024357259 ], [ 432073.524807065259665, 436225.229116709204391 ], [ 432024.837469063699245, 436167.753529270063154 ], [ 432011.743532052496448, 436152.287895908928476 ], [ 432004.111526631750166, 436158.749512831796892 ], [ 432017.205885702220257, 436174.215644699521363 ], [ 432065.972053298144601, 436231.784291038231459 ], [ 432066.131482904951554, 436231.963592027314007 ], [ 432086.182371984352358, 436253.45240153837949 ], [ 432086.459488394029904, 436253.727075697039254 ], [ 432086.757179120788351, 436253.979305015527643 ], [ 432171.851572642859537, 436320.553330871392973 ], [ 432171.960456446919125, 436320.63614069664618 ], [ 432230.943378023686819, 436364.234087474353146 ], [ 432238.712639015691821, 436369.973847211222164 ], [ 432244.654716590477619, 436361.9307312668534 ], [ 432236.886954414134379, 436356.192079013970215 ] ] ] } },
{ "type": "Feature", "properties": { "bicycle": null, "foot": null, "highway": "residential", "horse": null, "motorcar": null, "name": "Well House Avenue", "surface": null, "osm_type": "way", "osm_id": 23033185, "lanes": null, "maxspeed": "20 mph", "source": "OS_OpenData_StreetView", "source:name": null, "fixme": null, "lit": null, "maxspeed:type": null, "sidewalk:both": null, "oneway": null, "turn:lanes": null, "dual_carriageway": null, "ref": null, "postal_code": null, "cycleway:left": null, "cycleway:right": null, "oneway:bicycle": null, "not:name": null, "not:name:note": null, "lane_markings": null, "sidewalk:left": null, "lanes:backward": null, "lanes:forward": null, "lanes:psv:forward": null, "cycleway": null, "turn:lanes:backward": null, "turn:lanes:forward": null, "cycleway:right:lane": null, "sidewalk": null, "motor_vehicle": null }, "geometry": { "type": "Polygon", "coordinates": [ [ [ 432053.296491982182488, 436343.885389571019914 ], [ 432053.656483412836678, 436344.165331217867788 ], [ 432055.373003124084789, 436345.378721703134943 ], [ 432063.530514528858475, 436351.142897275974974 ], [ 432094.342892368033063, 436372.894674003997352 ], [ 432154.07347552664578, 436420.216885459027253 ], [ 432154.120499003271107, 436420.253685444302391 ], [ 432179.66587426350452, 436440.00036270316923 ], [ 432185.781720041180961, 436432.088572107895743 ], [ 432160.259966388985049, 436412.360154446505476 ], [ 432100.444392723031342, 436364.970608327304944 ], [ 432100.223027125117369, 436364.804980643268209 ], [ 432069.300401349028107, 436342.975375784153584 ], [ 432061.144943542138208, 436337.212651410256512 ], [ 432059.61519091174705, 436336.131284692208283 ], [ 432042.575204451626632, 436321.586189694877248 ], [ 432036.082899509870913, 436329.192106900794897 ], [ 432053.296491982182488, 436343.885389571019914 ] ] ] } },
{ "type": "Feature", "properties": { "bicycle": null, "foot": null, "highway": "tertiary", "horse": null, "motorcar": null, "name": "Gledhow Lane", "surface": "asphalt", "osm_type": "way", "osm_id": 23033300, "lanes": "2", "maxspeed": "20 mph", "source": null, "source:name": null, "fixme": null, "lit": "yes", "maxspeed:type": null, "sidewalk:both": "yes", "oneway": null, "turn:lanes": null, "dual_carriageway": null, "ref": null, "postal_code": null, "cycleway:left": null, "cycleway:right": null, "oneway:bicycle": null, "not:name": null, "not:name:note": null, "lane_markings": null, "sidewalk:left": null, "lanes:backward": null, "lanes:forward": null, "lanes:psv:forward": null, "cycleway": null, "turn:lanes:backward": null, "turn:lanes:forward": null, "cycleway:right:lane": null, "sidewalk": null, "motor_vehicle": null }, "geometry": { "type": "Polygon", "coordinates": [ [ [ 432592.967060123453848, 436887.498663820850197 ], [ 432592.608870213560294, 436887.996854004915804 ], [ 432592.29568368679611, 436888.524497511913069 ], [ 432562.465361282578669, 436944.205431668669917 ], [ 432545.246076293697115, 436976.35311423742678 ], [ 432545.167952004179824, 436976.503304757643491 ], [ 432530.231066149950493, 437006.087244233349338 ], [ 432513.93986996129388, 437027.016432251723018 ], [ 432508.280164545751177, 437033.383750262495596 ], [ 432501.836185945780016, 437037.608805537049193 ], [ 432509.512542463489808, 437049.316646952589508 ], [ 432516.73322845378425, 437044.582336160645355 ], [ 432517.232531395333353, 437044.222617563849781 ], [ 432517.69831172429258, 437043.820436533016618 ], [ 432518.126969615521375, 437043.378901360440068 ], [ 432524.555374043644406, 437036.146776666515507 ], [ 432524.847264807613101, 437035.796002498711459 ], [ 432541.696788470784668, 437014.149535002885386 ], [ 432542.086996130354237, 437013.594738874875475 ], [ 432542.42167710524518, 437013.004781752475537 ], [ 432557.627195651177317, 436982.888789386372082 ], [ 432574.806101526774, 436950.816492877609562 ], [ 432604.345689842419233, 436895.678239601897076 ], [ 432630.742106675985269, 436862.167394130898174 ], [ 432619.744255338329822, 436853.504411621775944 ], [ 432592.967060123453848, 436887.498663820850197 ] ] ] } },
{ "type": "Feature", "properties": { "bicycle": null, "foot": null, "highway": "residential", "horse": null, "motorcar": null, "name": "Fitzroy Drive", "surface": "asphalt", "osm_type": "way", "osm_id": 23033301, "lanes": null, "maxspeed": null, "source": "OS_OpenData_StreetView", "source:name": null, "fixme": null, "lit": null, "maxspeed:type": null, "sidewalk:both": null, "oneway": null, "turn:lanes": null, "dual_carriageway": null, "ref": null, "postal_code": null, "cycleway:left": null, "cycleway:right": null, "oneway:bicycle": null, "not:name": null, "not:name:note": null, "lane_markings": null, "sidewalk:left": null, "lanes:backward": null, "lanes:forward": null, "lanes:psv:forward": null, "cycleway": null, "turn:lanes:backward": null, "turn:lanes:forward": null, "cycleway:right:lane": null, "sidewalk": null, "motor_vehicle": null }, "geometry": { "type": "Polygon", "coordinates": [ [ [ 431931.726733174407855, 436781.524736266816035 ], [ 431932.086119897896424, 436781.677746329805814 ], [ 431932.456354105728678, 436781.802235396695323 ], [ 431937.738247339089867, 436783.351408708142117 ], [ 431938.116729860659689, 436783.446545636339579 ], [ 431938.501479426282458, 436783.511874236515723 ], [ 431945.643908348458353, 436784.439521865919232 ], [ 431946.083211070450488, 436784.476975591562223 ], [ 431953.249706086702645, 436784.77059046010254 ], [ 431953.461310931714252, 436784.774776844365988 ], [ 432013.082248159043957, 436784.6922128504375 ], [ 432058.898073737393133, 436785.327119920053519 ], [ 432125.436728515313007, 436788.257933008600958 ], [ 432167.373116866336204, 436791.469585829123389 ], [ 432217.071229094115552, 436797.476304443727713 ], [ 432263.732063633622602, 436804.412996166618541 ], [ 432303.971392003877554, 436819.29655679728603 ], [ 432327.600159537396394, 436831.885996084485669 ], [ 432348.293754715763498, 436844.76954979513539 ], [ 432348.448877321963664, 436844.862279573921114 ], [ 432364.099496132112108, 436853.838086424162611 ], [ 432364.689811860269401, 436854.126854967209511 ], [ 432389.028958073176909, 436864.10848226537928 ], [ 432389.280039154749829, 436864.203659293823875 ], [ 432433.493632132594939, 436879.619063658989035 ], [ 432433.817643516813405, 436879.719839018012863 ], [ 432462.876954653882422, 436887.687238944170531 ], [ 432463.264171677175909, 436887.777022110472899 ], [ 432493.536687754152808, 436893.538845499104355 ], [ 432494.056183954176959, 436893.609738447063137 ], [ 432524.627385302446783, 436896.158281851152424 ], [ 432525.029658672108781, 436896.175548607308883 ], [ 432553.366796954127494, 436896.249830213899259 ], [ 432553.682867881376296, 436896.240660220675636 ], [ 432580.256374259304721, 436894.627531910664402 ], [ 432588.020298704504967, 436894.376119244727306 ], [ 432592.726097185688559, 436894.920066328486428 ], [ 432596.609755831654184, 436896.472827832913026 ], [ 432600.32221575290896, 436887.187482317909598 ], [ 432595.819138577207923, 436885.38706535869278 ], [ 432595.401900074502919, 436885.241282876348123 ], [ 432594.97341783932643, 436885.132915563706774 ], [ 432594.53703986905748, 436885.062810161733069 ], [ 432588.801707191800233, 436884.399858380784281 ], [ 432588.434290107456036, 436884.371061237470713 ], [ 432588.06574994843686, 436884.369405786506832 ], [ 432579.862106764107011, 436884.635057496256195 ], [ 432579.720968541398179, 436884.641625216871034 ], [ 432553.234829865279607, 436886.249449924449436 ], [ 432525.25735668418929, 436886.176111126551405 ], [ 432495.14855327870464, 436883.66611515195109 ], [ 432465.329318560485262, 436877.990565633925144 ], [ 432436.625546569703147, 436870.120646427560132 ], [ 432392.699067361536436, 436854.80534645478474 ], [ 432368.788850188313518, 436844.99962548352778 ], [ 432353.502279695705511, 436836.232604459743015 ], [ 432332.742483349516988, 436823.307834793406073 ], [ 432332.450972582853865, 436823.139684969326481 ], [ 432308.374702178931329, 436810.311815547756851 ], [ 432307.758121638849843, 436810.035056136490311 ], [ 432266.714760956354439, 436794.854103274119552 ], [ 432266.221733311132994, 436794.700187154929154 ], [ 432265.715457989950664, 436794.597953452670481 ], [ 432218.474175442883279, 436787.57497118372703 ], [ 432218.338899991009384, 436787.556744509958662 ], [ 432168.464185219607316, 436781.528680984280072 ], [ 432168.246032400697004, 436781.507154511578847 ], [ 432126.11952019459568, 436778.280941261851694 ], [ 432125.957739172154106, 436778.271185956255067 ], [ 432059.262778654170688, 436775.333488104108255 ], [ 432059.11204051860841, 436775.329124882817268 ], [ 432013.182711540779565, 436774.692644904484041 ], [ 432013.106505065399688, 436774.692169670539442 ], [ 431953.553309524722863, 436774.774639854731504 ], [ 431946.713050444668625, 436774.494391034881119 ], [ 431940.177339080953971, 436773.645542944257613 ], [ 431935.646459823474288, 436772.316641182580497 ], [ 431928.047838308732025, 436768.724692181567661 ], [ 431923.774165278766304, 436777.765473056701012 ], [ 431931.726733174407855, 436781.524736266816035 ] ] ] } },
{ "type": "Feature", "properties": { "bicycle": null, "foot": null, "highway": "residential", "horse": null, "motorcar": null, "name": "St Margaret's View", "surface": "asphalt", "osm_type": "way", "osm_id": 23033302, "lanes": null, "maxspeed": null, "source": "npe", "source:name": null, "fixme": null, "lit": null, "maxspeed:type": null, "sidewalk:both": null, "oneway": null, "turn:lanes": null, "dual_carriageway": null, "ref": null, "postal_code": null, "cycleway:left": null, "cycleway:right": null, "oneway:bicycle": null, "not:name": null, "not:name:note": null, "lane_markings": null, "sidewalk:left": null, "lanes:backward": null, "lanes:forward": null, "lanes:psv:forward": null, "cycleway": null, "turn:lanes:backward": null, "turn:lanes:forward": null, "cycleway:right:lane": null, "sidewalk": null, "motor_vehicle": null }, "geometry": { "type": "Polygon", "coordinates": [ [ [ 432159.805389090906829, 436955.075214976794086 ], [ 432159.770488225214649, 436954.562494068290107 ], [ 432159.683143128349911, 436954.056063782307319 ], [ 432159.54427651676815, 436953.561274064704776 ], [ 432159.355355381791014, 436953.083351889858022 ], [ 432156.255582238663919, 436946.286080145277083 ], [ 432156.046459301374853, 436945.878153913596179 ], [ 432155.800855385430623, 436945.49109457724262 ], [ 432155.520834901835769, 436945.1281555435271 ], [ 432155.208751548372675, 436944.792387477878947 ], [ 432098.703617433435284, 436889.330158355063759 ], [ 432062.365986835269723, 436843.124908236844931 ], [ 432017.245977648766711, 436776.877552507037763 ], [ 432008.980880623101257, 436782.50677724549314 ], [ 432054.197327928442974, 436848.89572803437477 ], [ 432054.399669669917785, 436849.171985240944196 ], [ 432091.041747580922674, 436895.764356478641275 ], [ 432091.469503631349653, 436896.24179727997398 ], [ 432147.541885828773957, 436951.279261708783451 ], [ 432149.824021688604262, 436956.283594890905079 ], [ 432149.87657039478654, 436959.458131038933061 ], [ 432159.875200635462534, 436959.292621793341823 ], [ 432159.805389090906829, 436955.075214976794086 ] ] ] } },
{ "type": "Feature", "properties": { "bicycle": null, "foot": null, "highway": "residential", "horse": null, "motorcar": null, "name": "St Margarets Avenue", "surface": null, "osm_type": "way", "osm_id": 23033303, "lanes": null, "maxspeed": null, "source": "npe", "source:name": null, "fixme": null, "lit": null, "maxspeed:type": null, "sidewalk:both": null, "oneway": null, "turn:lanes": null, "dual_carriageway": null, "ref": null, "postal_code": null, "cycleway:left": null, "cycleway:right": null, "oneway:bicycle": null, "not:name": null, "not:name:note": null, "lane_markings": null, "sidewalk:left": null, "lanes:backward": null, "lanes:forward": null, "lanes:psv:forward": null, "cycleway": null, "turn:lanes:backward": null, "turn:lanes:forward": null, "cycleway:right:lane": null, "sidewalk": null, "motor_vehicle": null }, "geometry": { "type": "Polygon", "coordinates": [ [ [ 432061.43613484146772, 436849.999171146017034 ], [ 432055.223618041083682, 436842.163060184277128 ], [ 432007.928724783239886, 436879.658741443709005 ], [ 432014.141241583623923, 436887.49485240544891 ], [ 432061.43613484146772, 436849.999171146017034 ] ] ] } },
{ "type": "Feature", "properties": { "bicycle": null, "foot": null, "highway": "residential", "horse": null, "motorcar": null, "name": "St Margarets Grove", "surface": null, "osm_type": "way", "osm_id": 23033304, "lanes": null, "maxspeed": null, "source": "npe", "source:name": null, "fixme": null, "lit": null, "maxspeed:type": null, "sidewalk:both": null, "oneway": null, "turn:lanes": null, "dual_carriageway": null, "ref": null, "postal_code": null, "cycleway:left": null, "cycleway:right": null, "oneway:bicycle": null, "not:name": null, "not:name:note": null, "lane_markings": null, "sidewalk:left": null, "lanes:backward": null, "lanes:forward": null, "lanes:psv:forward": null, "cycleway": null, "turn:lanes:backward": null, "turn:lanes:forward": null, "cycleway:right:lane": null, "sidewalk": null, "motor_vehicle": null }, "geometry": { "type": "Polygon", "coordinates": [ [ [ 432098.122711350384634, 436896.555848341318779 ], [ 432091.821197354176547, 436888.791125464369543 ], [ 432036.120687858492602, 436933.995255185873248 ], [ 432042.422201854700688, 436941.759978062822483 ], [ 432098.122711350384634, 436896.555848341318779 ] ] ] } },
{ "type": "Feature", "properties": { "bicycle": null, "foot": null, "highway": "residential", "horse": null, "motorcar": null, "name": "Oakwell Gardens", "surface": null, "osm_type": "way", "osm_id": 23033305, "lanes": null, "maxspeed": null, "source": "npe", "source:name": null, "fixme": null, "lit": null, "maxspeed:type": null, "sidewalk:both": null, "oneway": null, "turn:lanes": null, "dual_carriageway": null, "ref": null, "postal_code": null, "cycleway:left": null, "cycleway:right": null, "oneway:bicycle": null, "not:name": null, "not:name:note": null, "lane_markings": null, "sidewalk:left": null, "lanes:backward": null, "lanes:forward": null, "lanes:psv:forward": null, "cycleway": null, "turn:lanes:backward": null, "turn:lanes:forward": null, "cycleway:right:lane": null, "sidewalk": null, "motor_vehicle": null }, "geometry": { "type": "Polygon", "coordinates": [ [ [ 432172.642840641026851, 436787.963911912462208 ], [ 432163.085621034668293, 436785.021200000483077 ], [ 432144.63165372837102, 436844.955241603252944 ], [ 432154.188873334729578, 436847.897953515232075 ], [ 432172.642840641026851, 436787.963911912462208 ] ] ] } },
{ "type": "Feature", "properties": { "bicycle": null, "foot": null, "highway": "residential", "horse": null, "motorcar": null, "name": "St Margarets Drive", "surface": null, "osm_type": "way", "osm_id": 23033306, "lanes": null, "maxspeed": null, "source": "npe", "source:name": null, "fixme": null, "lit": null, "maxspeed:type": null, "sidewalk:both": null, "oneway": null, "turn:lanes": null, "dual_carriageway": null, "ref": null, "postal_code": null, "cycleway:left": null, "cycleway:right": null, "oneway:bicycle": null, "not:name": null, "not:name:note": null, "lane_markings": null, "sidewalk:left": null, "lanes:backward": null, "lanes:forward": null, "lanes:psv:forward": null, "cycleway": null, "turn:lanes:backward": null, "turn:lanes:forward": null, "cycleway:right:lane": null, "sidewalk": null, "motor_vehicle": null }, "geometry": { "type": "Polygon", "coordinates": [ [ [ 432239.0910696440842, 436968.746773176593706 ], [ 432248.969810966635123, 436970.299341977806762 ], [ 432258.737778994487599, 436908.147359198890626 ], [ 432248.859037671936676, 436906.594790397677571 ], [ 432239.0910696440842, 436968.746773176593706 ] ] ] } },
{ "type": "Feature", "properties": { "bicycle": null, "foot": null, "highway": "residential", "horse": null, "motorcar": null, "name": "St Catherines Walk", "surface": null, "osm_type": "way", "osm_id": 23033307, "lanes": null, "maxspeed": null, "source": null, "source:name": null, "fixme": null, "lit": null, "maxspeed:type": null, "sidewalk:both": null, "oneway": null, "turn:lanes": null, "dual_carriageway": null, "ref": null, "postal_code": null, "cycleway:left": null, "cycleway:right": null, "oneway:bicycle": null, "not:name": null, "not:name:note": null, "lane_markings": null, "sidewalk:left": null, "lanes:backward": null, "lanes:forward": null, "lanes:psv:forward": null, "cycleway": null, "turn:lanes:backward": null, "turn:lanes:forward": null, "cycleway:right:lane": null, "sidewalk": null, "motor_vehicle": null }, "geometry": { "type": "Polygon", "coordinates": [ [ [ 432386.909296242636628, 436996.826859740191139 ], [ 432396.125297746504657, 437000.708266222500242 ], [ 432419.842480227875058, 436944.394249535980634 ], [ 432410.626478724007029, 436940.512843053671531 ], [ 432386.909296242636628, 436996.826859740191139 ] ] ] } },
{ "type": "Feature", "properties": { "bicycle": null, "foot": null, "highway": "residential", "horse": null, "motorcar": null, "name": "Oakwell Mount", "surface": null, "osm_type": "way", "osm_id": 23033308, "lanes": null, "maxspeed": null, "source": "npe", "source:name": null, "fixme": null, "lit": null, "maxspeed:type": null, "sidewalk:both": null, "oneway": null, "turn:lanes": null, "dual_carriageway": null, "ref": null, "postal_code": null, "cycleway:left": null, "cycleway:right": null, "oneway:bicycle": null, "not:name": null, "not:name:note": null, "lane_markings": null, "sidewalk:left": null, "lanes:backward": null, "lanes:forward": null, "lanes:psv:forward": null, "cycleway": null, "turn:lanes:backward": null, "turn:lanes:forward": null, "cycleway:right:lane": null, "sidewalk": null, "motor_vehicle": null }, "geometry": { "type": "Polygon", "coordinates": [ [ [ 432333.819266101461835, 436907.702742081834003 ], [ 432333.849271459912416, 436907.600594401417766 ], [ 432343.486702115391381, 436873.451381437131204 ], [ 432355.595909402298275, 436842.338458492944483 ], [ 432355.653917710820679, 436842.181712447374593 ], [ 432371.914297849521972, 436795.880889780237339 ], [ 432387.612052876094822, 436766.172736860928126 ], [ 432414.607469748531003, 436736.513514820486307 ], [ 432449.544654840778094, 436718.74319271434797 ], [ 432463.087718708440661, 436715.080188687134068 ], [ 432488.163071656832471, 436710.013101241027471 ], [ 432488.282149093109183, 436709.987525398319121 ], [ 432494.304310511099175, 436708.617129482212476 ], [ 432504.625093810784165, 436706.2862773022498 ], [ 432504.920323186146561, 436706.21007160784211 ], [ 432512.354094470909331, 436704.047445017960854 ], [ 432512.884413591469638, 436703.860224777425174 ], [ 432519.697565650974866, 436701.014591355517041 ], [ 432519.911541515612043, 436700.91927407332696 ], [ 432525.512140258040745, 436698.265515681938268 ], [ 432521.230165630753618, 436689.228663724963553 ], [ 432515.735438130563125, 436691.832256641122513 ], [ 432509.290277308376972, 436694.524192016280722 ], [ 432502.273390896734782, 436696.565538803872187 ], [ 432492.097399441408925, 436698.863691102771554 ], [ 432492.089430641965009, 436698.865497626073193 ], [ 432486.122668545111082, 436700.223286938329693 ], [ 432460.948259151307866, 436705.310391158389393 ], [ 432460.63316614436917, 436705.384756635932717 ], [ 432446.433925531455316, 436709.225237346661743 ], [ 432445.943694022775162, 436709.385383749904577 ], [ 432445.472566655196715, 436709.59517604263965 ], [ 432409.258628212963231, 436728.014901305316016 ], [ 432408.865289392124396, 436728.237904997949954 ], [ 432408.493704819644336, 436728.495530657353811 ], [ 432408.146913255797699, 436728.785671461257152 ], [ 432407.827750707510859, 436729.105954683851451 ], [ 432379.789839382399805, 436759.910540568642318 ], [ 432379.52018956921529, 436760.23305321886437 ], [ 432379.278584905085154, 436760.577077371475752 ], [ 432379.066733297600877, 436760.940181113837752 ], [ 432362.899104037089273, 436791.537575556605589 ], [ 432362.738127025717404, 436791.871663587051444 ], [ 432362.602354938513599, 436792.216764080512803 ], [ 432346.246534013596829, 436838.789350807259325 ], [ 432334.080434040050022, 436870.048451592389029 ], [ 432333.927922513219528, 436870.503917586465832 ], [ 432324.239646145142615, 436904.833296938275453 ], [ 432301.492758733802475, 436979.328550526290201 ], [ 432311.056832230067812, 436982.248909777845256 ], [ 432333.819266101461835, 436907.702742081834003 ] ] ] } },
{ "type": "Feature", "properties": { "bicycle": null, "foot": null, "highway": "residential", "horse": null, "motorcar": null, "name": "Oakwell Crescent", "surface": null, "osm_type": "way", "osm_id": 23033309, "lanes": null, "maxspeed": null, "source": "npe", "source:name": null, "fixme": null, "lit": null, "maxspeed:type": null, "sidewalk:both": null, "oneway": null, "turn:lanes": null, "dual_carriageway": null, "ref": null, "postal_code": null, "cycleway:left": null, "cycleway:right": null, "oneway:bicycle": null, "not:name": null, "not:name:note": null, "lane_markings": null, "sidewalk:left": null, "lanes:backward": null, "lanes:forward": null, "lanes:psv:forward": null, "cycleway": null, "turn:lanes:backward": null, "turn:lanes:forward": null, "cycleway:right:lane": null, "sidewalk": null, "motor_vehicle": null }, "geometry": { "type": "Polygon", "coordinates": [ [ [ 432397.492590894922614, 436718.582334660051856 ], [ 432396.953930967836641, 436718.312796881946269 ], [ 432396.386768264346756, 436718.109987615433056 ], [ 432373.51165204733843, 436711.454141732363496 ], [ 432373.041915906360373, 436711.341760785435326 ], [ 432372.563528224942274, 436711.275226992671378 ], [ 432339.13740280107595, 436708.262947810580954 ], [ 432338.608862531720661, 436708.243404114677105 ], [ 432338.081214861012995, 436708.279800652468111 ], [ 432307.959508871601429, 436711.966404927254189 ], [ 432307.528615728078876, 436712.038369247457013 ], [ 432307.105648966389708, 436712.147671045386232 ], [ 432306.693837476952467, 436712.29347592080012 ], [ 432306.296324991853908, 436712.474670812371187 ], [ 432275.776987582386937, 436728.030662458040752 ], [ 432275.322222053713631, 436728.293422904738691 ], [ 432243.993235355184879, 436748.661799965368118 ], [ 432243.625913413707167, 436748.92496652592672 ], [ 432243.283850345935207, 436749.220220492745284 ], [ 432242.969839877274353, 436749.545150443445891 ], [ 432220.393154456047341, 436775.125429508043453 ], [ 432220.084999151702505, 436775.511451225320343 ], [ 432219.816434908891097, 436775.925993991841096 ], [ 432219.590082618757151, 436776.365012326918077 ], [ 432213.187109915306792, 436790.451612035220023 ], [ 432222.290781303192489, 436794.589626929082442 ], [ 432228.384775592770893, 436781.1827826150693 ], [ 432250.015933377144393, 436756.673823824559804 ], [ 432280.552485919732135, 436736.820643691287842 ], [ 432310.050819268391933, 436721.785067362186965 ], [ 432338.768853941350244, 436718.270258824282791 ], [ 432371.183256556687411, 436721.191364066384267 ], [ 432393.011464422801509, 436727.542596824350767 ], [ 432409.022718989697751, 436736.800093780097086 ], [ 432414.028149835125078, 436728.142977513547521 ], [ 432397.492590894922614, 436718.582334660051856 ] ] ] } },
{ "type": "Feature", "properties": { "bicycle": null, "foot": null, "highway": "residential", "horse": null, "motorcar": null, "name": "Oakwood Avenue", "surface": "asphalt", "osm_type": "way", "osm_id": 23033311, "lanes": null, "maxspeed": null, "source": "npe", "source:name": null, "fixme": null, "lit": null, "maxspeed:type": null, "sidewalk:both": null, "oneway": null, "turn:lanes": null, "dual_carriageway": null, "ref": null, "postal_code": null, "cycleway:left": null, "cycleway:right": null, "oneway:bicycle": null, "not:name": null, "not:name:note": null, "lane_markings": null, "sidewalk:left": null, "lanes:backward": null, "lanes:forward": null, "lanes:psv:forward": null, "cycleway": null, "turn:lanes:backward": null, "turn:lanes:forward": null, "cycleway:right:lane": null, "sidewalk": null, "motor_vehicle": null }, "geometry": { "type": "Polygon", "coordinates": [ [ [ 432699.328429926361423, 436855.745620253088418 ], [ 432706.332300283887889, 436868.391238627256826 ], [ 432708.510776381241158, 436874.360417195595801 ], [ 432708.712411115353461, 436874.835278762679081 ], [ 432710.354263382032514, 436878.206929843465332 ], [ 432710.507764936308376, 436878.497489792120177 ], [ 432712.861872375826351, 436882.619585559179541 ], [ 432713.054321747913491, 436882.929707189730834 ], [ 432715.84269433276495, 436887.077087932440918 ], [ 432724.141475277545396, 436881.497640394431073 ], [ 432721.454990599886514, 436877.501806093729101 ], [ 432719.272972099890467, 436873.68104198097717 ], [ 432717.81617660401389, 436870.68941709009232 ], [ 432715.592390498146415, 436864.596085894154385 ], [ 432715.444678364845458, 436864.235610626754351 ], [ 432715.269350144080818, 436863.887729457754176 ], [ 432707.975604517036118, 436850.718735885631759 ], [ 432707.759469501499552, 436850.364099415251985 ], [ 432631.876474511751439, 436736.757091739098541 ], [ 432623.560872985224705, 436742.311438798089512 ], [ 432699.328429926361423, 436855.745620253088418 ] ] ] } },
{ "type": "Feature", "properties": { "bicycle": null, "foot": null, "highway": "residential", "horse": null, "motorcar": null, "name": "Well House Road", "surface": null, "osm_type": "way", "osm_id": 39953689, "lanes": null, "maxspeed": "20 mph", "source": "OS_OpenData_StreetView;Bing", "source:name": null, "fixme": null, "lit": null, "maxspeed:type": null, "sidewalk:both": null, "oneway": null, "turn:lanes": null, "dual_carriageway": null, "ref": null, "postal_code": null, "cycleway:left": null, "cycleway:right": null, "oneway:bicycle": null, "not:name": null, "not:name:note": null, "lane_markings": null, "sidewalk:left": null, "lanes:backward": null, "lanes:forward": null, "lanes:psv:forward": null, "cycleway": null, "turn:lanes:backward": null, "turn:lanes:forward": null, "cycleway:right:lane": null, "sidewalk": null, "motor_vehicle": null }, "geometry": { "type": "Polygon", "coordinates": [ [ [ 432080.729678688454442, 436306.496353943832219 ], [ 432080.717028291313909, 436306.925429388764314 ], [ 432080.741227707418147, 436307.354008620895911 ], [ 432080.802098571730312, 436307.778932741028257 ], [ 432092.30834004591452, 436369.188073106925003 ], [ 432091.14863211044576, 436386.53579615423223 ], [ 432085.036794793850277, 436404.142701848875731 ], [ 432057.214449339022394, 436439.449235239007976 ], [ 432065.068817017890979, 436445.638654304260854 ], [ 432093.411694423353765, 436409.671566298988182 ], [ 432093.73058141511865, 436409.217099652218167 ], [ 432093.997117946331855, 436408.730081044661347 ], [ 432094.20801784703508, 436408.216515003645327 ], [ 432100.816152806160972, 436389.179881170450244 ], [ 432100.943341044476256, 436388.752969053457491 ], [ 432101.032028186542448, 436388.316431088955142 ], [ 432101.081510301912203, 436387.873732180101797 ], [ 432102.328311116434634, 436369.223212886601686 ], [ 432102.338703340210486, 436368.80350838706363 ], [ 432102.313848829478957, 436368.384411598090082 ], [ 432102.253922818403225, 436367.968877317383885 ], [ 432090.750331146875396, 436306.573879023955669 ], [ 432094.824997202609666, 436250.403047682717443 ], [ 432084.851204514387064, 436249.679542732890695 ], [ 432080.729678688454442, 436306.496353943832219 ] ] ] } },
{ "type": "Feature", "properties": { "bicycle": null, "foot": null, "highway": "tertiary_link", "horse": null, "motorcar": null, "name": "Roundhay Road", "surface": "asphalt", "osm_type": "way", "osm_id": 47396876, "lanes": "1", "maxspeed": "30 mph", "source": null, "source:name": null, "fixme": null, "lit": "yes", "maxspeed:type": null, "sidewalk:both": null, "oneway": "yes", "turn:lanes": "left", "dual_carriageway": null, "ref": null, "postal_code": null, "cycleway:left": null, "cycleway:right": null, "oneway:bicycle": null, "not:name": null, "not:name:note": null, "lane_markings": null, "sidewalk:left": null, "lanes:backward": null, "lanes:forward": null, "lanes:psv:forward": null, "cycleway": null, "turn:lanes:backward": null, "turn:lanes:forward": null, "cycleway:right:lane": null, "sidewalk": null, "motor_vehicle": null }, "geometry": { "type": "Polygon", "coordinates": [ [ [ 432656.222008678247221, 436887.029436459124554 ], [ 432656.501123484515119, 436887.436039452266414 ], [ 432656.818937766482122, 436887.813166952342726 ], [ 432657.172359431919176, 436888.157149794220459 ], [ 432662.452016729919706, 436892.811418380762916 ], [ 432662.595369168266188, 436892.933077768597286 ], [ 432667.565220668679103, 436896.992611294554081 ], [ 432668.259864042280242, 436898.208024193882011 ], [ 432668.497134312056005, 436903.077282064070459 ], [ 432667.644924183376133, 436909.883444948820397 ], [ 432677.567444397020154, 436911.125858974410221 ], [ 432678.473602521291468, 436903.888841265346855 ], [ 432678.508744847204071, 436903.457272671745159 ], [ 432678.506416866148356, 436903.024281892867293 ], [ 432678.189680188894272, 436896.524215281766374 ], [ 432678.144715493370313, 436896.05601116316393 ], [ 432678.055953765695449, 436895.594103947107214 ], [ 432677.924180500849616, 436895.142581270774826 ], [ 432677.750561823195312, 436894.7054388737306 ], [ 432677.536634167248849, 436894.286545237409882 ], [ 432675.787273746042047, 436891.22570092161186 ], [ 432675.541948328143917, 436890.838759442267474 ], [ 432675.262234033027198, 436890.4758983363281 ], [ 432674.950479434453882, 436890.140164305688813 ], [ 432674.60930212715175, 436889.83437628421234 ], [ 432668.99430292256875, 436885.247865496668965 ], [ 432664.344427676813211, 436881.148779691255186 ], [ 432660.927803522616159, 436875.604025042674039 ], [ 432652.414283516292926, 436880.849973679694813 ], [ 432656.222008678247221, 436887.029436459124554 ] ] ] } },
{ "type": "Feature", "properties": { "bicycle": null, "foot": null, "highway": "residential", "horse": null, "motorcar": null, "name": "Montagu View", "surface": null, "osm_type": "way", "osm_id": 54843517, "lanes": null, "maxspeed": null, "source": "OS7", "source:name": null, "fixme": null, "lit": null, "maxspeed:type": null, "sidewalk:both": null, "oneway": null, "turn:lanes": null, "dual_carriageway": null, "ref": null, "postal_code": null, "cycleway:left": null, "cycleway:right": null, "oneway:bicycle": null, "not:name": null, "not:name:note": null, "lane_markings": null, "sidewalk:left": null, "lanes:backward": null, "lanes:forward": null, "lanes:psv:forward": null, "cycleway": null, "turn:lanes:backward": null, "turn:lanes:forward": null, "cycleway:right:lane": null, "sidewalk": null, "motor_vehicle": null }, "geometry": { "type": "Polygon", "coordinates": [ [ [ 432905.736126861476805, 436378.634397824236657 ], [ 432899.580893906473648, 436370.753210904134903 ], [ 432853.946330181963276, 436406.393955549981911 ], [ 432860.101563136966433, 436414.275142470083665 ], [ 432905.736126861476805, 436378.634397824236657 ] ] ] } },
{ "type": "Feature", "properties": { "bicycle": null, "foot": null, "highway": "residential", "horse": null, "motorcar": null, "name": "Montagu Place", "surface": null, "osm_type": "way", "osm_id": 54843544, "lanes": null, "maxspeed": null, "source": "OS_OpenData_StreetView", "source:name": null, "fixme": null, "lit": null, "maxspeed:type": null, "sidewalk:both": null, "oneway": null, "turn:lanes": null, "dual_carriageway": null, "ref": null, "postal_code": null, "cycleway:left": null, "cycleway:right": null, "oneway:bicycle": null, "not:name": null, "not:name:note": null, "lane_markings": null, "sidewalk:left": null, "lanes:backward": null, "lanes:forward": null, "lanes:psv:forward": null, "cycleway": null, "turn:lanes:backward": null, "turn:lanes:forward": null, "cycleway:right:lane": null, "sidewalk": null, "motor_vehicle": null }, "geometry": { "type": "Polygon", "coordinates": [ [ [ 432898.807381377206184, 436377.882660800765734 ], [ 432898.890726984944195, 436377.980719066166785 ], [ 433043.383991632494144, 436543.613043956400361 ], [ 433050.919558430556208, 436537.039214552438352 ], [ 432906.468597609666176, 436371.455382449610624 ], [ 432828.936882970505394, 436277.821617138397414 ], [ 432821.234624956967309, 436284.199330011557322 ], [ 432898.807381377206184, 436377.882660800765734 ] ] ] } },
{ "type": "Feature", "properties": { "bicycle": null, "foot": null, "highway": "residential", "horse": null, "motorcar": null, "name": "Arlington Road", "surface": null, "osm_type": "way", "osm_id": 54843548, "lanes": null, "maxspeed": null, "source": "OS7", "source:name": null, "fixme": null, "lit": null, "maxspeed:type": null, "sidewalk:both": null, "oneway": null, "turn:lanes": null, "dual_carriageway": null, "ref": null, "postal_code": null, "cycleway:left": null, "cycleway:right": null, "oneway:bicycle": null, "not:name": null, "not:name:note": null, "lane_markings": null, "sidewalk:left": null, "lanes:backward": null, "lanes:forward": null, "lanes:psv:forward": null, "cycleway": null, "turn:lanes:backward": null, "turn:lanes:forward": null, "cycleway:right:lane": null, "sidewalk": null, "motor_vehicle": null }, "geometry": { "type": "Polygon", "coordinates": [ [ [ 432623.539647490426432, 435879.977585725893732 ], [ 432623.383985049906187, 435880.428759507252835 ], [ 432623.272049217543099, 435880.892719576426316 ], [ 432623.204859901510645, 435881.365238541329745 ], [ 432623.183029300242197, 435881.842011025059037 ], [ 432623.193275880359579, 435886.993629996781237 ], [ 432623.230093583348207, 435887.589423944882583 ], [ 432623.337651575566269, 435888.176584272354376 ], [ 432625.495323921844829, 435896.959241155709606 ], [ 432625.679088224947918, 435897.547862739476841 ], [ 432651.038090617163107, 435964.049165933800396 ], [ 432651.139923118113074, 435964.296176336414646 ], [ 432662.653026417363435, 435990.233703686099034 ], [ 432675.78005916957045, 436021.889771524758544 ], [ 432675.820554134144913, 436021.984647769597359 ], [ 432696.034180933376774, 436068.022190676536411 ], [ 432696.214703697536606, 436068.391338191984687 ], [ 432720.095077114878222, 436112.529684896057006 ], [ 432720.100289916561451, 436112.539294655434787 ], [ 432761.648882678302471, 436188.934411289170384 ], [ 432763.430577650491614, 436192.208167594333645 ], [ 432763.586562597833108, 436192.474816495843697 ], [ 432768.346063096425496, 436200.062944825214799 ], [ 432820.851491492998321, 436283.669612783240154 ], [ 432829.320016434474383, 436278.351334366714582 ], [ 432776.816806335817091, 436194.748200155328959 ], [ 432772.140157986723352, 436187.292163994628936 ], [ 432770.433361644449178, 436184.156029784295242 ], [ 432728.887722661718726, 436107.766344244068023 ], [ 432705.107802766608074, 436063.813666847301647 ], [ 432684.99758322769776, 436018.011639131815173 ], [ 432671.866695217962842, 435986.346274272596929 ], [ 432671.818071749527007, 435986.232985716604162 ], [ 432660.334175553172827, 435960.36125817860011 ], [ 432635.132853578019422, 435894.273455210321117 ], [ 432633.19206241669599, 435886.373598273552489 ], [ 432633.184932261006907, 435882.78880756237777 ], [ 432635.87519052287098, 435876.052758865698706 ], [ 432626.588446683832444, 435872.343798247457016 ], [ 432623.539647490426432, 435879.977585725893732 ] ] ] } },
{ "type": "Feature", "properties": { "bicycle": null, "foot": null, "highway": "residential", "horse": null, "motorcar": null, "name": "Oakwell Avenue", "surface": null, "osm_type": "way", "osm_id": 57403605, "lanes": null, "maxspeed": null, "source": null, "source:name": null, "fixme": null, "lit": null, "maxspeed:type": null, "sidewalk:both": null, "oneway": null, "turn:lanes": null, "dual_carriageway": null, "ref": null, "postal_code": null, "cycleway:left": null, "cycleway:right": null, "oneway:bicycle": null, "not:name": null, "not:name:note": null, "lane_markings": null, "sidewalk:left": null, "lanes:backward": null, "lanes:forward": null, "lanes:psv:forward": null, "cycleway": null, "turn:lanes:backward": null, "turn:lanes:forward": null, "cycleway:right:lane": null, "sidewalk": null, "motor_vehicle": null }, "geometry": { "type": "Polygon", "coordinates": [ [ [ 432058.926478148961905, 436760.966344974178355 ], [ 432058.617282771389, 436761.458945360558573 ], [ 432058.367381290299818, 436761.984117876912933 ], [ 432055.67585632763803, 436768.608206147386227 ], [ 432055.53128962405026, 436769.01310034171911 ], [ 432055.422040301840752, 436769.428916919103358 ], [ 432055.348916101735085, 436769.852581517305225 ], [ 432054.083604277228005, 436779.690841416479088 ], [ 432064.001911950297654, 436780.966448292718269 ], [ 432065.184475731453858, 436771.771584543632343 ], [ 432067.41175591055071, 436766.290045002300758 ], [ 432125.795604604238179, 436684.287220171245281 ], [ 432117.649371100298595, 436678.487316749698948 ], [ 432058.926478148961905, 436760.966344974178355 ] ] ] } },
{ "type": "Feature", "properties": { "bicycle": null, "foot": null, "highway": "residential", "horse": null, "motorcar": null, "name": "Oakwell Oval", "surface": null, "osm_type": "way", "osm_id": 57403606, "lanes": null, "maxspeed": null, "source": "npe;Bing", "source:name": null, "fixme": null, "lit": null, "maxspeed:type": null, "sidewalk:both": null, "oneway": null, "turn:lanes": null, "dual_carriageway": null, "ref": null, "postal_code": null, "cycleway:left": null, "cycleway:right": null, "oneway:bicycle": null, "not:name": null, "not:name:note": null, "lane_markings": null, "sidewalk:left": null, "lanes:backward": null, "lanes:forward": null, "lanes:psv:forward": null, "cycleway": null, "turn:lanes:backward": null, "turn:lanes:forward": null, "cycleway:right:lane": null, "sidewalk": null, "motor_vehicle": null }, "geometry": { "type": "Polygon", "coordinates": [ [ [ 432118.734640732523985, 436685.396354339958634 ], [ 432127.50420186878182, 436691.93203573214123 ], [ 432127.903948669612873, 436692.201002767134923 ], [ 432128.327727614552714, 436692.430245382129215 ], [ 432128.771603648725431, 436692.617634914815426 ], [ 432134.4645701997797, 436694.703917091945186 ], [ 432134.984404796850868, 436694.862945437547751 ], [ 432135.51843147847103, 436694.964599391503725 ], [ 432193.478869648417458, 436702.761297686083708 ], [ 432193.969093528401572, 436702.802819065051153 ], [ 432194.461024881689809, 436702.795961870870087 ], [ 432194.949900957173668, 436702.740792493219487 ], [ 432195.430988584295847, 436702.637845067598391 ], [ 432195.899629998195451, 436702.488116304040886 ], [ 432196.351287934929132, 436702.293055837450083 ], [ 432196.781589560152497, 436702.054552192334086 ], [ 432197.186368805880193, 436701.774914498790167 ], [ 432197.561706705077086, 436701.456850135931745 ], [ 432197.90396933403099, 436701.103438520047348 ], [ 432198.209842995274812, 436700.718101290112827 ], [ 432210.574502075847704, 436683.46128893957939 ], [ 432242.169497043243609, 436640.067040682188235 ], [ 432242.438977817888372, 436639.65586002159398 ], [ 432242.666776004887652, 436639.220202576427255 ], [ 432242.85068934771698, 436638.764280098490417 ], [ 432242.988939850009046, 436638.292500253475737 ], [ 432243.080190964392386, 436637.809424009290524 ], [ 432243.123560513718985, 436637.319721542764455 ], [ 432243.118629219476134, 436636.828127090120688 ], [ 432243.065444755309727, 436636.339393178524915 ], [ 432242.96452128625242, 436635.858244680741336 ], [ 432241.546955722442362, 436630.441041019221302 ], [ 432241.412276960443705, 436630.007708241930231 ], [ 432241.238865869469009, 436629.588370361132547 ], [ 432241.028150771802757, 436629.186481306271162 ], [ 432240.781867249053903, 436628.805351287475787 ], [ 432240.502043846645392, 436628.44811953039607 ], [ 432240.190985365479719, 436628.117728419660125 ], [ 432216.911144103796687, 436605.53792798059294 ], [ 432216.550047431432176, 436605.219941184157506 ], [ 432216.160058182606008, 436604.93813487602165 ], [ 432215.744787757750601, 436604.695118654810358 ], [ 432215.308081667521037, 436604.493142913037445 ], [ 432214.853983922221232, 436604.334077997948043 ], [ 432214.386699583439622, 436604.219396891305223 ], [ 432213.910555823880713, 436604.150161569647025 ], [ 432207.831999640504364, 436603.563209026295226 ], [ 432207.301828876778018, 436603.540306649520062 ], [ 432206.772216819750611, 436603.573722612985875 ], [ 432206.249129137373529, 436603.663080511905719 ], [ 432205.738458005536813, 436603.807373798917979 ], [ 432162.631676780933049, 436618.498814378981479 ], [ 432162.164797325036488, 436618.684609724325128 ], [ 432161.718924053828232, 436618.91632800741354 ], [ 432161.298560222028755, 436619.191628907399718 ], [ 432160.907951442641206, 436619.507731925696135 ], [ 432160.55104280723026, 436619.86144446808612 ], [ 432160.231439040624537, 436620.249194089672528 ], [ 432150.524294022179674, 436633.311832358362153 ], [ 432150.494675940892193, 436633.352107622136828 ], [ 432117.679661047121044, 436678.445236607512925 ], [ 432117.412560480355751, 436678.852603581501171 ], [ 432117.186368117458187, 436679.28402863786323 ], [ 432117.003230891015846, 436679.735416852810886 ], [ 432116.864887070492841, 436680.202483819739427 ], [ 432116.772649763210211, 436680.680796315311454 ], [ 432116.72739445080515, 436681.165814377833158 ], [ 432116.72955067967996, 436681.652934398967773 ], [ 432116.779097983788233, 436682.137532819237094 ], [ 432116.875566078699194, 436682.615010013396386 ], [ 432117.018039325717837, 436683.080833948100917 ], [ 432117.205165422579739, 436683.530583198473323 ], [ 432117.435168238938786, 436683.959988914197311 ], [ 432117.705864674935583, 436684.364975338452496 ], [ 432118.014685382135212, 436684.741698492900468 ], [ 432118.358699150965549, 436685.086582663527224 ], [ 432118.734640732523985, 436685.396354339958634 ] ], [ [ 432128.674055697163567, 436680.332220460928511 ], [ 432158.565621189132798, 436639.256382992432918 ], [ 432167.330020880559459, 436627.462371200730558 ], [ 432207.94395219424041, 436613.620531432912685 ], [ 432211.206057904055342, 436613.935524201777298 ], [ 432232.226229666906875, 436634.323604956502095 ], [ 432232.690280952956527, 436636.096969370788429 ], [ 432202.479091156856157, 436677.590625929879025 ], [ 432202.456806916394271, 436677.621478376036976 ], [ 432191.832235202658921, 436692.449727110913955 ], [ 432137.392764514079317, 436685.126660866488237 ], [ 432132.896112066402566, 436683.478787868400104 ], [ 432128.674055697163567, 436680.332220460928511 ] ] ] } },
{ "type": "Feature", "properties": { "bicycle": null, "foot": null, "highway": "residential", "horse": null, "motorcar": null, "name": "Montagu Drive", "surface": null, "osm_type": "way", "osm_id": 63994364, "lanes": null, "maxspeed": null, "source": "OS_OpenData_StreetView", "source:name": null, "fixme": null, "lit": null, "maxspeed:type": null, "sidewalk:both": null, "oneway": null, "turn:lanes": null, "dual_carriageway": null, "ref": null, "postal_code": null, "cycleway:left": null, "cycleway:right": null, "oneway:bicycle": null, "not:name": null, "not:name:note": null, "lane_markings": null, "sidewalk:left": null, "lanes:backward": null, "lanes:forward": null, "lanes:psv:forward": null, "cycleway": null, "turn:lanes:backward": null, "turn:lanes:forward": null, "cycleway:right:lane": null, "sidewalk": null, "motor_vehicle": null }, "geometry": { "type": "Polygon", "coordinates": [ [ [ 432972.802458709513303, 436607.344854990835302 ], [ 432934.132032335095573, 436564.790806449076626 ], [ 432922.366444700397551, 436550.545761346002109 ], [ 432922.229044845909812, 436550.386360608565155 ], [ 432864.250050464062952, 436485.918294749106281 ], [ 432861.879074317635968, 436481.277027275005821 ], [ 432861.594210739422124, 436476.60790404380532 ], [ 432851.612770092615392, 436477.216872528370004 ], [ 432851.961157156561967, 436482.927192337985616 ], [ 432852.018781506747473, 436483.437916117778514 ], [ 432852.128530793008395, 436483.940026104857679 ], [ 432852.289245363266673, 436484.428216817439534 ], [ 432852.499227047374006, 436484.89732984994771 ], [ 432855.642319005914032, 436491.050040621601511 ], [ 432855.856064205698203, 436491.427150834817439 ], [ 432856.101668868563138, 436491.784330723516177 ], [ 432856.37728703848552, 436492.118895736231934 ], [ 432914.723302489088383, 436556.995060057553928 ], [ 432926.49712240579538, 436571.250072298105806 ], [ 432926.651852010632865, 436571.42864248593105 ], [ 432965.402141347061843, 436614.070574526267592 ], [ 432984.451251495629549, 436635.023045729438309 ], [ 432991.850404522032477, 436628.296045321214478 ], [ 432972.802458709513303, 436607.344854990835302 ] ] ] } },
{ "type": "Feature", "properties": { "bicycle": null, "foot": null, "highway": "residential", "horse": null, "motorcar": null, "name": "Back Wetherby Road", "surface": null, "osm_type": "way", "osm_id": 63994390, "lanes": null, "maxspeed": null, "source": "OS_OpenData_StreetView", "source:name": null, "fixme": null, "lit": null, "maxspeed:type": null, "sidewalk:both": null, "oneway": null, "turn:lanes": null, "dual_carriageway": null, "ref": null, "postal_code": null, "cycleway:left": null, "cycleway:right": null, "oneway:bicycle": null, "not:name": null, "not:name:note": null, "lane_markings": null, "sidewalk:left": null, "lanes:backward": null, "lanes:forward": null, "lanes:psv:forward": null, "cycleway": null, "turn:lanes:backward": null, "turn:lanes:forward": null, "cycleway:right:lane": null, "sidewalk": null, "motor_vehicle": null }, "geometry": { "type": "Polygon", "coordinates": [ [ [ 432917.212277426559012, 436929.92982455517631 ], [ 432916.892815000144765, 436929.65634174097795 ], [ 432916.551501074340194, 436929.410671442339662 ], [ 432834.635324647650123, 436875.529486704035662 ], [ 432804.011928517255001, 436855.381713610666338 ], [ 432788.574232141545508, 436842.159382861515041 ], [ 432782.069149411690887, 436849.754374545358587 ], [ 432797.747034269559663, 436863.182425855135079 ], [ 432798.251416784187313, 436863.561965197848622 ], [ 432829.13924158498412, 436883.883711446484085 ], [ 432910.703843228751794, 436937.533644391107373 ], [ 432956.323020429583266, 436980.038650076137856 ], [ 432963.139952522935346, 436972.722268673125654 ], [ 432917.212277426559012, 436929.92982455517631 ] ] ] } },
{ "type": "Feature", "properties": { "bicycle": null, "foot": null, "highway": "residential", "horse": null, "motorcar": null, "name": "Oakwood Mount", "surface": null, "osm_type": "way", "osm_id": 63994406, "lanes": null, "maxspeed": null, "source": "OS_OpenData_StreetView", "source:name": "OS_OpenData_Locator", "fixme": null, "lit": null, "maxspeed:type": null, "sidewalk:both": null, "oneway": null, "turn:lanes": null, "dual_carriageway": null, "ref": null, "postal_code": null, "cycleway:left": null, "cycleway:right": null, "oneway:bicycle": null, "not:name": null, "not:name:note": null, "lane_markings": null, "sidewalk:left": null, "lanes:backward": null, "lanes:forward": null, "lanes:psv:forward": null, "cycleway": null, "turn:lanes:backward": null, "turn:lanes:forward": null, "cycleway:right:lane": null, "sidewalk": null, "motor_vehicle": null }, "geometry": { "type": "Polygon", "coordinates": [ [ [ 432741.337271833326668, 436782.953016176819801 ], [ 432747.387688219198026, 436790.914954480947927 ], [ 432780.95983545598574, 436765.402891715522856 ], [ 432774.909419070114382, 436757.44095341139473 ], [ 432741.337271833326668, 436782.953016176819801 ] ] ] } },
{ "type": "Feature", "properties": { "bicycle": null, "foot": null, "highway": "residential", "horse": null, "motorcar": null, "name": "Oakwood Place", "surface": null, "osm_type": "way", "osm_id": 63994428, "lanes": null, "maxspeed": null, "source": "OS_OpenData_StreetView", "source:name": "OS_OpenData_Locator", "fixme": null, "lit": null, "maxspeed:type": null, "sidewalk:both": null, "oneway": null, "turn:lanes": null, "dual_carriageway": null, "ref": null, "postal_code": null, "cycleway:left": null, "cycleway:right": null, "oneway:bicycle": null, "not:name": null, "not:name:note": null, "lane_markings": null, "sidewalk:left": null, "lanes:backward": null, "lanes:forward": null, "lanes:psv:forward": null, "cycleway": null, "turn:lanes:backward": null, "turn:lanes:forward": null, "cycleway:right:lane": null, "sidewalk": null, "motor_vehicle": null }, "geometry": { "type": "Polygon", "coordinates": [ [ [ 432701.127637518977281, 436727.5469990093261 ], [ 432706.465502161474433, 436736.003192068776116 ], [ 432741.402627366187517, 436713.949574793572538 ], [ 432736.064762723690365, 436705.493381734122522 ], [ 432701.127637518977281, 436727.5469990093261 ] ] ] } },
{ "type": "Feature", "properties": { "bicycle": null, "foot": null, "highway": "residential", "horse": null, "motorcar": null, "name": "Whitechapel Way", "surface": null, "osm_type": "way", "osm_id": 63994433, "lanes": null, "maxspeed": null, "source": "OS_OpenData_StreetView", "source:name": "OS_OpenData_Locator", "fixme": null, "lit": null, "maxspeed:type": null, "sidewalk:both": null, "oneway": null, "turn:lanes": null, "dual_carriageway": null, "ref": null, "postal_code": null, "cycleway:left": null, "cycleway:right": null, "oneway:bicycle": null, "not:name": null, "not:name:note": null, "lane_markings": null, "sidewalk:left": null, "lanes:backward": null, "lanes:forward": null, "lanes:psv:forward": null, "cycleway": null, "turn:lanes:backward": null, "turn:lanes:forward": null, "cycleway:right:lane": null, "sidewalk": null, "motor_vehicle": null }, "geometry": { "type": "Polygon", "coordinates": [ [ [ 432968.666443613939919, 436789.281516070186626 ], [ 432986.227243391564116, 436797.101702601416036 ], [ 432995.183973574836273, 436811.227121124509722 ], [ 433003.629289814911317, 436805.872064298950136 ], [ 432993.863722667854745, 436790.47105073207058 ], [ 432993.582132946699858, 436790.071570877858903 ], [ 432993.26288601354463, 436789.701492074527778 ], [ 432992.909032297437079, 436789.364350453601219 ], [ 432992.523952897812705, 436789.063367429247592 ], [ 432992.111327278020326, 436788.801418917311821 ], [ 432991.675098107662052, 436788.581007856118958 ], [ 432972.738077074463945, 436780.147962399350945 ], [ 432957.554592792293988, 436773.376970431942027 ], [ 432953.481770740705542, 436782.509994057065342 ], [ 432968.666443613939919, 436789.281516070186626 ] ] ] } },
{ "type": "Feature", "properties": { "bicycle": null, "foot": null, "highway": "residential", "horse": null, "motorcar": null, "name": "Whitechapel Close", "surface": null, "osm_type": "way", "osm_id": 63994438, "lanes": null, "maxspeed": null, "source": "OS_OpenData_StreetView", "source:name": null, "fixme": null, "lit": null, "maxspeed:type": null, "sidewalk:both": null, "oneway": null, "turn:lanes": null, "dual_carriageway": null, "ref": null, "postal_code": null, "cycleway:left": null, "cycleway:right": null, "oneway:bicycle": null, "not:name": null, "not:name:note": null, "lane_markings": null, "sidewalk:left": null, "lanes:backward": null, "lanes:forward": null, "lanes:psv:forward": null, "cycleway": null, "turn:lanes:backward": null, "turn:lanes:forward": null, "cycleway:right:lane": null, "sidewalk": null, "motor_vehicle": null }, "geometry": { "type": "Polygon", "coordinates": [ [ [ 432983.315533422573935, 436829.399407412856817 ], [ 432990.638159809459466, 436820.427233070367947 ], [ 433001.429096641542856, 436813.212019803759176 ], [ 433010.796947958529927, 436811.026487053197343 ], [ 433022.141918608394917, 436811.322326884663198 ], [ 433032.501995923230425, 436815.366421587648802 ], [ 433044.46445167879574, 436823.483127738290932 ], [ 433044.91112007945776, 436823.753269643289968 ], [ 433045.383518871094566, 436823.975370275205933 ], [ 433054.100160484318621, 436827.530536994920112 ], [ 433054.590480647631921, 436827.70140172255924 ], [ 433055.095876893261448, 436827.82049518392887 ], [ 433055.610898853978142, 436827.886533034150489 ], [ 433066.466402899590321, 436828.708561048726551 ], [ 433066.928988700674381, 436828.722111902548932 ], [ 433067.390845949121285, 436828.692835102905519 ], [ 433067.848018020275049, 436828.620981457468588 ], [ 433079.249583108699881, 436826.283769182453398 ], [ 433094.122541249496862, 436825.410946977499407 ], [ 433093.536697404808365, 436815.4281223777798 ], [ 433078.304810205532704, 436816.322008398652542 ], [ 433077.593658786965534, 436816.415274444443639 ], [ 433066.524557750846725, 436818.684334754536394 ], [ 433057.149317869276274, 436817.974399057973642 ], [ 433049.645413653634023, 436814.913859033607878 ], [ 433037.651349931082223, 436806.775706401967909 ], [ 433037.171335869061295, 436806.487866586598102 ], [ 433036.662158900580835, 436806.255478820705321 ], [ 433024.964089022716507, 436801.689093745488208 ], [ 433024.554790600843262, 436801.54940102022374 ], [ 433024.134951709769666, 436801.44560043659294 ], [ 433023.707713403564412, 436801.378468586015515 ], [ 433023.276272095681634, 436801.348507720162161 ], [ 433010.416175333724823, 436801.013158341520466 ], [ 433009.990907275176141, 436801.02016508881934 ], [ 433009.567773344344459, 436801.063289242971223 ], [ 433009.149835372401867, 436801.142218754044734 ], [ 432998.270631117746234, 436803.680352248484269 ], [ 432997.837394625123125, 436803.80222554464126 ], [ 432997.416871900379192, 436803.962561432097573 ], [ 432997.012469967477955, 436804.160060888971202 ], [ 432996.627465241588652, 436804.393123798712622 ], [ 432984.458181614114437, 436812.529949918680359 ], [ 432984.061072913464159, 436812.824906673689838 ], [ 432983.695052934344858, 436813.157659107586369 ], [ 432983.36370420421008, 436813.524950308783446 ], [ 432975.183417083986569, 436823.547988264879677 ], [ 432974.829790809541009, 436824.039215753087774 ], [ 432974.53811196400784, 436824.569573592918459 ], [ 432964.775957456033211, 436845.185034424241167 ], [ 432973.81385542236967, 436849.464800813992042 ], [ 432983.315533422573935, 436829.399407412856817 ] ] ] } },
{ "type": "Feature", "properties": { "bicycle": null, "foot": null, "highway": "residential", "horse": null, "motorcar": null, "name": "Oakwood Boundary Road", "surface": "sett", "osm_type": "way", "osm_id": 63994452, "lanes": null, "maxspeed": null, "source": null, "source:name": "OS_OpenData_Locator", "fixme": null, "lit": null, "maxspeed:type": null, "sidewalk:both": null, "oneway": "yes", "turn:lanes": null, "dual_carriageway": null, "ref": null, "postal_code": null, "cycleway:left": null, "cycleway:right": null, "oneway:bicycle": null, "not:name": null, "not:name:note": null, "lane_markings": null, "sidewalk:left": null, "lanes:backward": null, "lanes:forward": null, "lanes:psv:forward": null, "cycleway": null, "turn:lanes:backward": null, "turn:lanes:forward": null, "cycleway:right:lane": null, "sidewalk": null, "motor_vehicle": null }, "geometry": { "type": "Polygon", "coordinates": [ [ [ 432582.022247092332691, 436783.007216061872896 ], [ 432575.796629368560389, 436775.181509451067541 ], [ 432570.084224253019784, 436779.725923431979027 ], [ 432576.309841976792086, 436787.551630042784382 ], [ 432582.022247092332691, 436783.007216061872896 ] ] ] } },
{ "type": "Feature", "properties": { "bicycle": null, "foot": null, "highway": "primary", "horse": null, "motorcar": null, "name": "Easterly Road", "surface": "asphalt", "osm_type": "way", "osm_id": 83602180, "lanes": "2", "maxspeed": "40 mph", "source": null, "source:name": null, "fixme": null, "lit": "yes", "maxspeed:type": null, "sidewalk:both": null, "oneway": "yes", "turn:lanes": null, "dual_carriageway": "yes", "ref": "A58", "postal_code": null, "cycleway:left": null, "cycleway:right": null, "oneway:bicycle": null, "not:name": null, "not:name:note": null, "lane_markings": null, "sidewalk:left": null, "lanes:backward": null, "lanes:forward": null, "lanes:psv:forward": null, "cycleway": null, "turn:lanes:backward": null, "turn:lanes:forward": null, "cycleway:right:lane": null, "sidewalk": null, "motor_vehicle": null }, "geometry": { "type": "Polygon", "coordinates": [ [ [ 433305.732617184985429, 436202.496791502810083 ], [ 433295.065494664944708, 436196.96996816189494 ], [ 433293.255676931352355, 436196.021791736711748 ], [ 433293.238779524457641, 436196.012959584593773 ], [ 433279.65465464850422, 436188.929115851875395 ], [ 433273.90082466910826, 436185.930635753495153 ], [ 433247.41961603082018, 436171.417121663631406 ], [ 433209.170106046251021, 436150.47164204303408 ], [ 433179.514634317310993, 436134.22871532390127 ], [ 433127.709625831514131, 436105.867358535935637 ], [ 433127.646049971750472, 436105.832851340353955 ], [ 433000.917413349670824, 436037.640330235066358 ], [ 432932.563326282252092, 435999.402746293984819 ], [ 432932.423598082503304, 435999.326037389459088 ], [ 432857.139575155568309, 435958.773590580152813 ], [ 432836.448493254836649, 435947.145031399733853 ], [ 432836.177550577500369, 435946.99820626876317 ], [ 432791.40640381583944, 435923.621656498580705 ], [ 432727.269606489338912, 435888.052101099048741 ], [ 432726.909657972573768, 435887.861952571489383 ], [ 432682.249402074259706, 435865.420036509691272 ], [ 432681.909549663832877, 435865.257206377340481 ], [ 432664.471433324331883, 435857.302710629650392 ], [ 432664.432793017767835, 435857.285183570696972 ], [ 432642.885340373555664, 435847.566426641657017 ], [ 432642.571331438783091, 435847.431207403948065 ], [ 432611.084537542250473, 435834.505776272213552 ], [ 432610.763523825560696, 435834.38041818595957 ], [ 432583.851712574076373, 435824.402110863826238 ], [ 432583.58951597759733, 435824.309022258443292 ], [ 432525.096784374618437, 435804.454014678660315 ], [ 432524.444441749656107, 435804.257098291476723 ], [ 432462.155412881053053, 435787.747866674850229 ], [ 432461.889864313066937, 435787.68136137718102 ], [ 432416.612854798557237, 435776.998374198854435 ], [ 432416.092784747015685, 435776.890161643153988 ], [ 432368.023255749838427, 435768.213356573134661 ], [ 432367.614289643184748, 435768.148249202989973 ], [ 432327.39759986201534, 435762.596956287743524 ], [ 432326.47594574134564, 435762.512967253336683 ], [ 432288.727909120905679, 435760.828764552716166 ], [ 432287.848766520037316, 435760.82822292658966 ], [ 432286.97297375992639, 435760.904897873173468 ], [ 432232.756628813105635, 435768.064576157019474 ], [ 432231.632899358810391, 435768.278978047484998 ], [ 432230.541010649583768, 435768.620321135444101 ], [ 432181.976569694350474, 435786.91246886231238 ], [ 432181.259168491058517, 435787.215073805942666 ], [ 432180.567485129635315, 435787.572576765320264 ], [ 432159.151916993840132, 435799.720382253872231 ], [ 432159.065019111090805, 435799.770251399779227 ], [ 432137.812858740042429, 435812.10842340887757 ], [ 432137.64419913321035, 435812.208564986358397 ], [ 432118.766270120802801, 435823.66922186902957 ], [ 432081.568977431801613, 435840.531179790385067 ], [ 432089.826402345614042, 435858.746967826969922 ], [ 432127.570890571223572, 435841.636959914700128 ], [ 432128.631647504109424, 435841.077130440622568 ], [ 432147.939299198798835, 435829.355591963743791 ], [ 432169.06331464817049, 435817.091815877647605 ], [ 432189.75652358570369, 435805.353762723330874 ], [ 432236.514801847806666, 435787.741919230436906 ], [ 432288.71728076209547, 435780.848187183146365 ], [ 432325.121720978990197, 435782.472442694590427 ], [ 432364.674371775821783, 435787.932075283548329 ], [ 432412.278619294927921, 435796.524894577683881 ], [ 432457.163801905000582, 435807.115431264217477 ], [ 432518.990983870287891, 435823.502253884682432 ], [ 432577.029154790798202, 435843.202963561983779 ], [ 432603.648928262933623, 435853.072989702865016 ], [ 432634.818135116598569, 435865.868050322285853 ], [ 432656.190400461084209, 435875.5077908213716 ], [ 432673.437754705722909, 435883.375269356707577 ], [ 432717.747708889364731, 435905.641157728561666 ], [ 432781.816494901198894, 435941.172994808410294 ], [ 432782.038050019706134, 435941.292247224599123 ], [ 432826.78412188537186, 435964.655704532458913 ], [ 432847.418980199610814, 435976.252665592182893 ], [ 432847.575987283082213, 435976.339062864659354 ], [ 432922.868731051916257, 436016.896207237441558 ], [ 432991.224714957526885, 436055.134852278337348 ], [ 432991.368270373728592, 436055.213621676026378 ], [ 433118.137156836106442, 436123.427801170095336 ], [ 433169.907833865552675, 436151.770362511684652 ], [ 433199.562841302948073, 436168.013034928531852 ], [ 433237.808836664713454, 436188.9565892497194 ], [ 433264.380342630436644, 436203.519592452852521 ], [ 433264.565123235224746, 436203.618361858301796 ], [ 433270.408179550257046, 436206.663339831924532 ], [ 433283.982624587020837, 436213.742135726148263 ], [ 433285.804165298468433, 436214.696453903103247 ], [ 433285.844548151886556, 436214.717493729374837 ], [ 433297.841590983676724, 436220.933372118335683 ], [ 433298.729008371010423, 436221.339522647846024 ], [ 433299.65179039677605, 436221.657235104066785 ], [ 433300.601147858717013, 436221.883483377809171 ], [ 433305.479595668613911, 436222.797125425247941 ], [ 433309.161213045124896, 436203.138903392420616 ], [ 433305.732617184985429, 436202.496791502810083 ] ] ] } },
{ "type": "Feature", "properties": { "bicycle": null, "foot": null, "highway": "residential", "horse": null, "motorcar": null, "name": "Hetton Road", "surface": "asphalt", "osm_type": "way", "osm_id": 83602185, "lanes": null, "maxspeed": null, "source": null, "source:name": null, "fixme": null, "lit": null, "maxspeed:type": null, "sidewalk:both": null, "oneway": null, "turn:lanes": null, "dual_carriageway": null, "ref": null, "postal_code": null, "cycleway:left": null, "cycleway:right": null, "oneway:bicycle": null, "not:name": null, "not:name:note": null, "lane_markings": null, "sidewalk:left": null, "lanes:backward": null, "lanes:forward": null, "lanes:psv:forward": null, "cycleway": null, "turn:lanes:backward": null, "turn:lanes:forward": null, "cycleway:right:lane": null, "sidewalk": null, "motor_vehicle": null }, "geometry": { "type": "Polygon", "coordinates": [ [ [ 432935.420594601426274, 436001.744798492174596 ], [ 432937.935643974982668, 435995.066398489288986 ], [ 433065.849618714186363, 435655.418835154850967 ], [ 433065.97559551242739, 435655.038863251043949 ], [ 433066.070771565195173, 435654.650031256082002 ], [ 433067.264528171275742, 435648.761422780284192 ], [ 433067.337852739437949, 435648.280708706355654 ], [ 433067.364134083269164, 435647.795145318028517 ], [ 433067.343123620667029, 435647.309325316746254 ], [ 433066.847707217151765, 435641.931752755132038 ], [ 433066.790676398086362, 435641.510074852616526 ], [ 433066.69799837958999, 435641.094773091666866 ], [ 433065.0619926637155, 435634.997066977957729 ], [ 433055.403578476805706, 435637.588405511050951 ], [ 433056.929017795366235, 435643.274009521235712 ], [ 433057.317871364881285, 435647.494879623525776 ], [ 433056.349856765475124, 435652.269939250778407 ], [ 432928.577297252661083, 435991.542005403200164 ], [ 432926.061450304812752, 435998.222523264121264 ], [ 432923.000527368159965, 436006.371942440338898 ], [ 432932.361971561098471, 436009.888099806325044 ], [ 432935.420594601426274, 436001.744798492174596 ] ] ] } },
{ "type": "Feature", "properties": { "bicycle": null, "foot": null, "highway": "residential", "horse": null, "motorcar": null, "name": "Montagu Gardens", "surface": null, "osm_type": "way", "osm_id": 84563501, "lanes": null, "maxspeed": null, "source": null, "source:name": null, "fixme": null, "lit": null, "maxspeed:type": null, "sidewalk:both": null, "oneway": null, "turn:lanes": null, "dual_carriageway": null, "ref": null, "postal_code": null, "cycleway:left": null, "cycleway:right": null, "oneway:bicycle": null, "not:name": null, "not:name:note": null, "lane_markings": null, "sidewalk:left": null, "lanes:backward": null, "lanes:forward": null, "lanes:psv:forward": null, "cycleway": null, "turn:lanes:backward": null, "turn:lanes:forward": null, "cycleway:right:lane": null, "sidewalk": null, "motor_vehicle": null }, "geometry": { "type": "Polygon", "coordinates": [ [ [ 432918.965678299660794, 436252.854975670750719 ], [ 432917.328956413723063, 436251.839395625749603 ], [ 432916.454493801051285, 436250.829542655497789 ], [ 432915.919211528147571, 436249.621218556538224 ], [ 432915.768948303419165, 436248.308827548287809 ], [ 432916.073528918263037, 436246.674898814351764 ], [ 432947.395111502613872, 436161.763924941420555 ], [ 432948.946419274201617, 436158.98443074565148 ], [ 432950.98756942601176, 436157.131068024900742 ], [ 432953.520196499826852, 436156.011945897538681 ], [ 432956.996302659914363, 436155.682709092041478 ], [ 432966.629897052596789, 436155.123650842986535 ], [ 432981.00076233810978, 436155.408642471418716 ], [ 432991.741482019715477, 436156.538780759321526 ], [ 433009.458322374499403, 436162.957680224848446 ], [ 433015.913709968619514, 436166.770504889427684 ], [ 433023.388147655117791, 436174.613188538525719 ], [ 433030.627122530306224, 436167.714113038440701 ], [ 433022.673736105673015, 436159.368884101684671 ], [ 433022.341613941593096, 436159.051031566865277 ], [ 433021.981702315795701, 436158.765026344161015 ], [ 433021.597043710469734, 436158.513286154426169 ], [ 433014.142559403378982, 436154.110352757561486 ], [ 433013.731960726552643, 436153.892907481698785 ], [ 433013.302950643119402, 436153.714514461287763 ], [ 432994.574430596549064, 436146.929078406712506 ], [ 432993.992694343614858, 436146.757440181798302 ], [ 432993.394455875095446, 436146.657502786372788 ], [ 432981.835710764979012, 436145.441291880910285 ], [ 432981.4116357556195, 436145.414824397012126 ], [ 432966.633620880020317, 436145.121758500055876 ], [ 432966.244810911652166, 436145.129173719557002 ], [ 432956.325935340544675, 436145.704787450376898 ], [ 432956.144147450977471, 436145.718666532426141 ], [ 432951.769757760048378, 436146.132983593386598 ], [ 432951.239792205626145, 436146.212018377322238 ], [ 432950.721327437320724, 436146.347311651101336 ], [ 432950.220317711587995, 436146.537309652776457 ], [ 432946.205052218516357, 436148.311582899303176 ], [ 432945.727995347348042, 436148.553674440307077 ], [ 432945.279534259927459, 436148.845349303097464 ], [ 432944.864802787546068, 436149.183268492226489 ], [ 432941.618152948503848, 436152.131223973934539 ], [ 432941.238154350488912, 436152.515737311565317 ], [ 432940.901889705215581, 436152.939028617460281 ], [ 432940.61328993877396, 436153.39614962565247 ], [ 432938.473032762936782, 436157.230870566796511 ], [ 432938.296775623632129, 436157.57773387094494 ], [ 432938.148022976063658, 436157.937252133036964 ], [ 432906.544830151135102, 436243.611654856125824 ], [ 432906.415458938106894, 436244.013979713141453 ], [ 432906.320525049872231, 436244.425792483903933 ], [ 432905.800610110978596, 436247.214886459463742 ], [ 432905.733932472532615, 436247.707345013332088 ], [ 432905.716469351376873, 436248.203990132256877 ], [ 432905.748393256042618, 436248.699915730569046 ], [ 432906.070957609103061, 436251.517175625253003 ], [ 432906.15362563484814, 436252.015170207654592 ], [ 432906.286086703359615, 436252.502291005686857 ], [ 432906.466990598652046, 436252.973572648887057 ], [ 432907.61407956155017, 436255.562963905918878 ], [ 432907.836344920564443, 436256.004390392394271 ], [ 432908.101104030909482, 436256.421717417950276 ], [ 432908.40577009820845, 436256.810867543506902 ], [ 432910.266953966929577, 436258.960212787904311 ], [ 432910.614745448110625, 436259.323241346108261 ], [ 432910.997234572365414, 436259.649509208858944 ], [ 432911.410554395464715, 436259.935717825603206 ], [ 432913.822739754396025, 436261.432470167230349 ], [ 432914.086402901040856, 436261.585147507721558 ], [ 432953.444279048067983, 436282.801607772242278 ], [ 432958.189395922992844, 436273.999115747632459 ], [ 432918.965678299660794, 436252.854975670750719 ] ] ] } },
{ "type": "Feature", "properties": { "bicycle": null, "foot": null, "highway": "residential", "horse": null, "motorcar": null, "name": "Gipton Wood Grove", "surface": null, "osm_type": "way", "osm_id": 84563506, "lanes": null, "maxspeed": null, "source": null, "source:name": "OS_OpenData_Locator", "fixme": null, "lit": null, "maxspeed:type": null, "sidewalk:both": null, "oneway": null, "turn:lanes": null, "dual_carriageway": null, "ref": null, "postal_code": null, "cycleway:left": null, "cycleway:right": null, "oneway:bicycle": null, "not:name": null, "not:name:note": null, "lane_markings": null, "sidewalk:left": null, "lanes:backward": null, "lanes:forward": null, "lanes:psv:forward": null, "cycleway": null, "turn:lanes:backward": null, "turn:lanes:forward": null, "cycleway:right:lane": null, "sidewalk": null, "motor_vehicle": null }, "geometry": { "type": "Polygon", "coordinates": [ [ [ 432561.096364584402181, 436121.450861047836952 ], [ 432564.726339700748213, 436112.132959961541928 ], [ 432529.802598902606405, 436098.527716796728782 ], [ 432526.172623786260374, 436107.845617883023806 ], [ 432561.096364584402181, 436121.450861047836952 ] ] ] } },
{ "type": "Feature", "properties": { "bicycle": null, "foot": null, "highway": "residential", "horse": null, "motorcar": null, "name": "Chirton Grove", "surface": null, "osm_type": "way", "osm_id": 84563552, "lanes": null, "maxspeed": null, "source": null, "source:name": null, "fixme": null, "lit": null, "maxspeed:type": null, "sidewalk:both": null, "oneway": null, "turn:lanes": null, "dual_carriageway": null, "ref": null, "postal_code": null, "cycleway:left": null, "cycleway:right": null, "oneway:bicycle": null, "not:name": null, "not:name:note": null, "lane_markings": null, "sidewalk:left": null, "lanes:backward": null, "lanes:forward": null, "lanes:psv:forward": null, "cycleway": null, "turn:lanes:backward": null, "turn:lanes:forward": null, "cycleway:right:lane": null, "sidewalk": null, "motor_vehicle": null }, "geometry": { "type": "Polygon", "coordinates": [ [ [ 432167.230480814469047, 436027.223938549752347 ], [ 432172.418305351980962, 436035.773001455585472 ], [ 432211.470978466619272, 436012.074682929902337 ], [ 432206.283153929107357, 436003.525620024069212 ], [ 432167.230480814469047, 436027.223938549752347 ] ] ] } },
{ "type": "Feature", "properties": { "bicycle": null, "foot": null, "highway": "residential", "horse": null, "motorcar": null, "name": "Rossington Road", "surface": null, "osm_type": "way", "osm_id": 84563554, "lanes": null, "maxspeed": null, "source": null, "source:name": null, "fixme": null, "lit": null, "maxspeed:type": null, "sidewalk:both": null, "oneway": null, "turn:lanes": null, "dual_carriageway": null, "ref": null, "postal_code": null, "cycleway:left": null, "cycleway:right": null, "oneway:bicycle": null, "not:name": null, "not:name:note": null, "lane_markings": null, "sidewalk:left": null, "lanes:backward": null, "lanes:forward": null, "lanes:psv:forward": null, "cycleway": null, "turn:lanes:backward": null, "turn:lanes:forward": null, "cycleway:right:lane": null, "sidewalk": null, "motor_vehicle": null }, "geometry": { "type": "Polygon", "coordinates": [ [ [ 432377.855096830229741, 436175.410024380369578 ], [ 432377.706521028943826, 436175.623800210189074 ], [ 432337.932898848957848, 436236.155381654039957 ], [ 432346.290224471653346, 436241.646748372470029 ], [ 432385.992342372308485, 436181.223989481688477 ], [ 432429.187872279377189, 436122.401842308521736 ], [ 432421.127698259253521, 436116.482923930452671 ], [ 432377.855096830229741, 436175.410024380369578 ] ] ] } },
{ "type": "Feature", "properties": { "bicycle": null, "foot": null, "highway": "residential", "horse": null, "motorcar": null, "name": "Gipton Wood Avenue", "surface": null, "osm_type": "way", "osm_id": 84563884, "lanes": null, "maxspeed": null, "source": null, "source:name": null, "fixme": null, "lit": null, "maxspeed:type": null, "sidewalk:both": null, "oneway": null, "turn:lanes": null, "dual_carriageway": null, "ref": null, "postal_code": null, "cycleway:left": null, "cycleway:right": null, "oneway:bicycle": null, "not:name": null, "not:name:note": null, "lane_markings": null, "sidewalk:left": null, "lanes:backward": null, "lanes:forward": null, "lanes:psv:forward": null, "cycleway": null, "turn:lanes:backward": null, "turn:lanes:forward": null, "cycleway:right:lane": null, "sidewalk": null, "motor_vehicle": null }, "geometry": { "type": "Polygon", "coordinates": [ [ [ 432674.130586265528109, 436017.366279379639309 ], [ 432673.718007603602018, 436017.581099700531922 ], [ 432673.327177631028462, 436017.83333144930657 ], [ 432672.961478886194527, 436018.120791621448006 ], [ 432672.624076402862556, 436018.440992319141515 ], [ 432668.804129245108925, 436022.419901561108418 ], [ 432668.484603424265515, 436022.786915968055837 ], [ 432668.202267644868698, 436023.183252734947018 ], [ 432667.959796150040347, 436023.605157818179578 ], [ 432667.759485594113357, 436024.048634994891472 ], [ 432657.364514911314473, 436050.412685238057747 ], [ 432657.329318150586914, 436050.504592973680701 ], [ 432572.653720376314595, 436278.302080639346968 ], [ 432569.201127178152092, 436283.260737267904915 ], [ 432506.462751964281779, 436303.096249388065189 ], [ 432509.477298375277314, 436312.631054574158043 ], [ 432573.838928863580804, 436292.282330252346583 ], [ 432574.278669416671619, 436292.120265586534515 ], [ 432574.701304541900754, 436291.917740869917907 ], [ 432575.103121191787068, 436291.676535376929678 ], [ 432575.480589218786918, 436291.398768210900016 ], [ 432575.830392389500048, 436291.086879686452448 ], [ 432576.149457519233692, 436290.743609890341759 ], [ 432576.434981471393257, 436290.371974608511664 ], [ 432581.222763687605038, 436283.495703162741847 ], [ 432581.448285086313263, 436283.140871594951022 ], [ 432581.643198878620751, 436282.7683478287654 ], [ 432581.806126904266421, 436282.380765835812781 ], [ 432666.685550114372745, 436054.034939292934723 ], [ 432676.700760022795293, 436028.634050220891368 ], [ 432679.18570759735303, 436026.04569481650833 ], [ 432682.499039004032966, 436024.511992559942883 ], [ 432678.298361492867116, 436015.437065097561572 ], [ 432674.130586265528109, 436017.366279379639309 ] ] ] } },
{ "type": "Feature", "properties": { "bicycle": null, "foot": null, "highway": "residential", "horse": null, "motorcar": null, "name": "Upland Crescent", "surface": null, "osm_type": "way", "osm_id": 84563887, "lanes": null, "maxspeed": null, "source": null, "source:name": null, "fixme": null, "lit": null, "maxspeed:type": null, "sidewalk:both": null, "oneway": null, "turn:lanes": null, "dual_carriageway": null, "ref": null, "postal_code": null, "cycleway:left": null, "cycleway:right": null, "oneway:bicycle": null, "not:name": null, "not:name:note": null, "lane_markings": null, "sidewalk:left": null, "lanes:backward": null, "lanes:forward": null, "lanes:psv:forward": null, "cycleway": null, "turn:lanes:backward": null, "turn:lanes:forward": null, "cycleway:right:lane": null, "sidewalk": null, "motor_vehicle": null }, "geometry": { "type": "Polygon", "coordinates": [ [ [ 432526.268890171777457, 436219.716403746919241 ], [ 432428.864876759995241, 436116.085874396027066 ], [ 432375.200171724311076, 436054.549875558877829 ], [ 432397.32621827092953, 436017.870943658112083 ], [ 432388.76353712414857, 436012.705627445306163 ], [ 432364.754490281688049, 436052.506058682862204 ], [ 432364.524661252798978, 436052.932481918134727 ], [ 432364.337175533932168, 436053.379144277540036 ], [ 432364.19379292713711, 436053.841853242425714 ], [ 432364.095859268447384, 436054.316265675413888 ], [ 432364.044293795072008, 436054.797928586660419 ], [ 432364.039580517448485, 436055.282320930855349 ], [ 432364.081763675843831, 436055.764896043401677 ], [ 432364.170447325450368, 436056.241124316758942 ], [ 432364.304799052537419, 436056.70653571706498 ], [ 432364.48355778795667, 436057.156761740974616 ], [ 432364.705045643902849, 436057.587576420104597 ], [ 432364.967183663102333, 436057.994935987342615 ], [ 432365.267511332524009, 436058.375016832782421 ], [ 432421.389465746760834, 436122.728683163004462 ], [ 432421.514494567352813, 436122.866771073720884 ], [ 432518.989407174754888, 436226.572731825348455 ], [ 432519.003635252534878, 436226.587806688097771 ], [ 432573.490375250112265, 436284.078119030513335 ], [ 432580.74850049847737, 436277.199193396547344 ], [ 432526.268890171777457, 436219.716403746919241 ] ] ] } },
{ "type": "Feature", "properties": { "bicycle": null, "foot": null, "highway": "residential", "horse": null, "motorcar": null, "name": "Easterly Avenue", "surface": null, "osm_type": "way", "osm_id": 84563889, "lanes": null, "maxspeed": null, "source": null, "source:name": null, "fixme": null, "lit": null, "maxspeed:type": null, "sidewalk:both": null, "oneway": null, "turn:lanes": null, "dual_carriageway": null, "ref": null, "postal_code": null, "cycleway:left": null, "cycleway:right": null, "oneway:bicycle": null, "not:name": null, "not:name:note": null, "lane_markings": null, "sidewalk:left": null, "lanes:backward": null, "lanes:forward": null, "lanes:psv:forward": null, "cycleway": null, "turn:lanes:backward": null, "turn:lanes:forward": null, "cycleway:right:lane": null, "sidewalk": null, "motor_vehicle": null }, "geometry": { "type": "Polygon", "coordinates": [ [ [ 432379.49307863676222, 435961.227676947310101 ], [ 432388.945354909112211, 435954.932699132070411 ], [ 432401.795902930258308, 435958.005857089301571 ], [ 432494.328356341808103, 435985.059284392627887 ], [ 432597.503400319546927, 436024.616245985787828 ], [ 432659.725030632223934, 436056.690960290434305 ], [ 432664.306983728893101, 436047.802444901491981 ], [ 432601.84100214013597, 436015.601769619446713 ], [ 432601.339963194681332, 436015.377395461022388 ], [ 432497.717476434714627, 435975.648885824193712 ], [ 432497.330635600897949, 435975.518421985558234 ], [ 432404.482809738372453, 435948.372790213790722 ], [ 432404.242650919244625, 435948.309008637210354 ], [ 432389.151133807725273, 435944.699931746348739 ], [ 432388.646056787343696, 435944.606276053062174 ], [ 432388.134036066301633, 435944.564936403708998 ], [ 432387.620476006588433, 435944.576349136827048 ], [ 432387.110797217930667, 435944.640393791545648 ], [ 432386.610379343386739, 435944.756394378549885 ], [ 432386.124504277191591, 435944.923126515350305 ], [ 432385.658300414914265, 435945.138830349838827 ], [ 432385.216688523127232, 435945.40122913493542 ], [ 432373.112648775335401, 435953.462214604660403 ], [ 432372.713786979205906, 435953.757431907521095 ], [ 432372.346152556594461, 435954.090731951990165 ], [ 432372.013366618251894, 435954.458831812895369 ], [ 432371.718707025633194, 435954.858105794992298 ], [ 432349.171914929815102, 435988.816199075197801 ], [ 432357.502813098544721, 435994.347576453583315 ], [ 432379.49307863676222, 435961.227676947310101 ] ] ] } },
{ "type": "Feature", "properties": { "bicycle": null, "foot": null, "highway": "residential", "horse": null, "motorcar": null, "name": "Gipton Wood Crescent", "surface": null, "osm_type": "way", "osm_id": 84563890, "lanes": null, "maxspeed": null, "source": null, "source:name": null, "fixme": null, "lit": null, "maxspeed:type": null, "sidewalk:both": null, "oneway": null, "turn:lanes": null, "dual_carriageway": null, "ref": null, "postal_code": null, "cycleway:left": null, "cycleway:right": null, "oneway:bicycle": null, "not:name": null, "not:name:note": null, "lane_markings": null, "sidewalk:left": null, "lanes:backward": null, "lanes:forward": null, "lanes:psv:forward": null, "cycleway": null, "turn:lanes:backward": null, "turn:lanes:forward": null, "cycleway:right:lane": null, "sidewalk": null, "motor_vehicle": null }, "geometry": { "type": "Polygon", "coordinates": [ [ [ 432558.23543493822217, 436115.021091965667438 ], [ 432517.956785992893856, 436221.377511283149943 ], [ 432527.308609760541003, 436224.919176459079608 ], [ 432567.587264026398771, 436118.562743092654273 ], [ 432604.225942796154413, 436021.816845852939878 ], [ 432594.874108387448359, 436018.275208774895873 ], [ 432558.23543493822217, 436115.021091965667438 ] ] ] } },
{ "type": "Feature", "properties": { "bicycle": null, "foot": null, "highway": "residential", "horse": null, "motorcar": null, "name": "Arlington Grove", "surface": null, "osm_type": "way", "osm_id": 84563930, "lanes": null, "maxspeed": null, "source": null, "source:name": null, "fixme": null, "lit": null, "maxspeed:type": null, "sidewalk:both": null, "oneway": null, "turn:lanes": null, "dual_carriageway": null, "ref": null, "postal_code": null, "cycleway:left": null, "cycleway:right": null, "oneway:bicycle": null, "not:name": null, "not:name:note": null, "lane_markings": null, "sidewalk:left": null, "lanes:backward": null, "lanes:forward": null, "lanes:psv:forward": null, "cycleway": null, "turn:lanes:backward": null, "turn:lanes:forward": null, "cycleway:right:lane": null, "sidewalk": null, "motor_vehicle": null }, "geometry": { "type": "Polygon", "coordinates": [ [ [ 432808.875380225013942, 436079.435308272426482 ], [ 432816.002479346003383, 436072.420719323738012 ], [ 432743.843978100339882, 435999.104835162695963 ], [ 432736.71687897935044, 436006.119424111384433 ], [ 432808.875380225013942, 436079.435308272426482 ] ] ] } },
{ "type": "Feature", "properties": { "bicycle": null, "foot": null, "highway": "residential", "horse": null, "motorcar": null, "name": "Copgrove Road", "surface": null, "osm_type": "way", "osm_id": 84563931, "lanes": null, "maxspeed": null, "source": null, "source:name": null, "fixme": null, "lit": null, "maxspeed:type": null, "sidewalk:both": null, "oneway": null, "turn:lanes": null, "dual_carriageway": null, "ref": null, "postal_code": "LS8 2RS", "cycleway:left": null, "cycleway:right": null, "oneway:bicycle": null, "not:name": null, "not:name:note": null, "lane_markings": null, "sidewalk:left": null, "lanes:backward": null, "lanes:forward": null, "lanes:psv:forward": null, "cycleway": null, "turn:lanes:backward": null, "turn:lanes:forward": null, "cycleway:right:lane": null, "sidewalk": null, "motor_vehicle": null }, "geometry": { "type": "Polygon", "coordinates": [ [ [ 432689.706013493065257, 436398.623245755850803 ], [ 432689.636443201859947, 436398.58619587769499 ], [ 432639.167994953459129, 436372.217562332982197 ], [ 432624.096346102189273, 436363.83269670791924 ], [ 432623.816767074982636, 436363.688482103636488 ], [ 432562.367095897439867, 436334.400589103752282 ], [ 432516.468347728310619, 436310.041479995532427 ], [ 432511.75039404357085, 436304.591219983587507 ], [ 432504.189656295988243, 436311.136083978635725 ], [ 432509.518957985274028, 436317.292583560745697 ], [ 432509.836826303740963, 436317.627240403846372 ], [ 432510.184200039540883, 436317.93115973228123 ], [ 432510.558119075663853, 436318.201751722022891 ], [ 432510.955397091398481, 436318.436710545502137 ], [ 432557.774538133991882, 436343.284285054716747 ], [ 432557.967234725307208, 436343.381282964837737 ], [ 432619.372241714736447, 436372.647888300532941 ], [ 432634.363667568773963, 436380.988123171613552 ], [ 432634.479077778989449, 436381.050362272711936 ], [ 432684.970708051405381, 436407.431107905635145 ], [ 432760.409222698246595, 436448.372620366222691 ], [ 432765.179167267342564, 436439.583557344099972 ], [ 432689.706013493065257, 436398.623245755850803 ] ] ] } },
{ "type": "Feature", "properties": { "bicycle": null, "foot": null, "highway": "residential", "horse": null, "motorcar": null, "name": "Upland Road", "surface": null, "osm_type": "way", "osm_id": 84563933, "lanes": null, "maxspeed": null, "source": null, "source:name": null, "fixme": null, "lit": null, "maxspeed:type": null, "sidewalk:both": null, "oneway": null, "turn:lanes": null, "dual_carriageway": null, "ref": null, "postal_code": null, "cycleway:left": null, "cycleway:right": null, "oneway:bicycle": null, "not:name": null, "not:name:note": null, "lane_markings": null, "sidewalk:left": null, "lanes:backward": null, "lanes:forward": null, "lanes:psv:forward": null, "cycleway": null, "turn:lanes:backward": null, "turn:lanes:forward": null, "cycleway:right:lane": null, "sidewalk": null, "motor_vehicle": null }, "geometry": { "type": "Polygon", "coordinates": [ [ [ 432395.607440478226636, 436010.994886855769437 ], [ 432355.900447036779951, 435987.288799666159321 ], [ 432288.984309186693281, 435947.353135476878379 ], [ 432245.21155489544617, 435920.584973086137325 ], [ 432244.901440017216373, 435920.410183813481126 ], [ 432215.274097027780954, 435905.07463361142436 ], [ 432215.214099719247315, 435905.044088508293498 ], [ 432197.931576988194138, 435896.391435690398794 ], [ 432197.463715181685984, 435896.186378431739286 ], [ 432196.977372719440609, 435896.030128123878967 ], [ 432179.529729730449617, 435891.393248143838719 ], [ 432153.091722341370769, 435884.358241221343633 ], [ 432152.742542176798452, 435884.278599624580238 ], [ 432125.26431417837739, 435879.038905661029276 ], [ 432125.148545016883872, 435879.018238067743368 ], [ 432110.966505987395067, 435876.658148182963487 ], [ 432104.724189434724394, 435875.507816158991773 ], [ 432101.38972663145978, 435873.977593380725011 ], [ 432099.662451634416357, 435871.739329132484272 ], [ 432098.741093817749061, 435870.101419287151657 ], [ 432098.344409472774714, 435869.38723583414685 ], [ 432098.33321646793047, 435869.367192682810128 ], [ 432095.887466925545596, 435865.011146125383675 ], [ 432087.167842458933592, 435869.906873769126832 ], [ 432089.607972491532564, 435874.252911596733611 ], [ 432090.005634395638481, 435874.968855029903352 ], [ 432090.018800066725817, 435874.99240832257783 ], [ 432091.124614330765326, 435876.958228807721753 ], [ 432091.524067832157016, 435877.561552825500257 ], [ 432094.225849929323886, 435881.062617962714285 ], [ 432094.539141550310887, 435881.430387876345776 ], [ 432094.886464698822238, 435881.766204760468099 ], [ 432095.264576677640434, 435882.066933343419805 ], [ 432095.66994733735919, 435882.329765946837142 ], [ 432096.098792034492362, 435882.552248698659241 ], [ 432101.119714992877562, 435884.856407159008086 ], [ 432101.502080741920508, 435885.013091588800307 ], [ 432101.896078758814838, 435885.137667426257394 ], [ 432102.299017980752978, 435885.22928380058147 ], [ 432109.196838470641524, 435886.500411872752011 ], [ 432109.282197031890973, 435886.515378067735583 ], [ 432123.448974080558401, 435888.872928145166952 ], [ 432150.693421861389652, 435894.068043659382965 ], [ 432176.95902168052271, 435901.057173885114025 ], [ 432193.913299540057778, 435905.562937560200226 ], [ 432210.707147790584713, 435913.970931037154514 ], [ 432240.146424454695079, 435929.209135332261212 ], [ 432283.790240563452244, 435955.898448716034181 ], [ 432283.836403377179522, 435955.926337503828108 ], [ 432350.774635257432237, 435995.875187368365005 ], [ 432390.48179467493901, 436019.58137364994036 ], [ 432410.461064592178445, 436031.502940936479717 ], [ 432415.585149821650703, 436022.915522781899199 ], [ 432395.607440478226636, 436010.994886855769437 ] ] ] } },
{ "type": "Feature", "properties": { "bicycle": null, "foot": null, "highway": "residential", "horse": null, "motorcar": null, "name": "Gipton Wood Place", "surface": null, "osm_type": "way", "osm_id": 84563934, "lanes": null, "maxspeed": null, "source": null, "source:name": null, "fixme": null, "lit": null, "maxspeed:type": null, "sidewalk:both": null, "oneway": null, "turn:lanes": null, "dual_carriageway": null, "ref": null, "postal_code": null, "cycleway:left": null, "cycleway:right": null, "oneway:bicycle": null, "not:name": null, "not:name:note": null, "lane_markings": null, "sidewalk:left": null, "lanes:backward": null, "lanes:forward": null, "lanes:psv:forward": null, "cycleway": null, "turn:lanes:backward": null, "turn:lanes:forward": null, "cycleway:right:lane": null, "sidewalk": null, "motor_vehicle": null }, "geometry": { "type": "Polygon", "coordinates": [ [ [ 432719.427122466557194, 436121.756986671010964 ], [ 432727.913304638001136, 436113.797261881933082 ], [ 432721.072096292045899, 436106.503574997594114 ], [ 432711.734700227039866, 436115.261706913996022 ], [ 432711.415050868992694, 436115.590342477837112 ], [ 432711.126846128550824, 436115.946874486864544 ], [ 432710.872508966422174, 436116.328305547300261 ], [ 432710.654177615942899, 436116.731428936996963 ], [ 432710.473687606747262, 436117.152855564607307 ], [ 432616.983917105360888, 436366.446344204479828 ], [ 432626.347150691901334, 436369.957733787596226 ], [ 432719.427122466557194, 436121.756986671010964 ] ] ] } },
{ "type": "Feature", "properties": { "bicycle": null, "foot": null, "highway": "residential", "horse": null, "motorcar": null, "name": "Well House Crescent", "surface": null, "osm_type": "way", "osm_id": 84564133, "lanes": null, "maxspeed": "20 mph", "source": null, "source:name": null, "fixme": null, "lit": null, "maxspeed:type": null, "sidewalk:both": null, "oneway": null, "turn:lanes": null, "dual_carriageway": null, "ref": null, "postal_code": null, "cycleway:left": null, "cycleway:right": null, "oneway:bicycle": null, "not:name": null, "not:name:note": null, "lane_markings": null, "sidewalk:left": null, "lanes:backward": null, "lanes:forward": null, "lanes:psv:forward": null, "cycleway": null, "turn:lanes:backward": null, "turn:lanes:forward": null, "cycleway:right:lane": null, "sidewalk": null, "motor_vehicle": null }, "geometry": { "type": "Polygon", "coordinates": [ [ [ 432125.116450480942149, 436180.649784791690763 ], [ 432119.628002317796927, 436189.009027386608068 ], [ 432186.039148785232101, 436232.612754722300451 ], [ 432191.527596948377322, 436224.253512127383146 ], [ 432125.116450480942149, 436180.649784791690763 ] ] ] } },
{ "type": "Feature", "properties": { "bicycle": null, "foot": null, "highway": "residential", "horse": null, "motorcar": null, "name": "Well House Gardens", "surface": null, "osm_type": "way", "osm_id": 84564137, "lanes": null, "maxspeed": "20 mph", "source": null, "source:name": null, "fixme": null, "lit": null, "maxspeed:type": null, "sidewalk:both": null, "oneway": null, "turn:lanes": null, "dual_carriageway": null, "ref": null, "postal_code": null, "cycleway:left": null, "cycleway:right": null, "oneway:bicycle": null, "not:name": null, "not:name:note": null, "lane_markings": null, "sidewalk:left": null, "lanes:backward": null, "lanes:forward": null, "lanes:psv:forward": null, "cycleway": null, "turn:lanes:backward": null, "turn:lanes:forward": null, "cycleway:right:lane": null, "sidewalk": null, "motor_vehicle": null }, "geometry": { "type": "Polygon", "coordinates": [ [ [ 432190.832433063245844, 436287.77754931547679 ], [ 432190.79910758708138, 436287.820336248376407 ], [ 432170.971218220191076, 436313.564371837419458 ], [ 432178.893770540948026, 436319.666270289919339 ], [ 432198.705113195814192, 436293.943718537862878 ], [ 432218.021039792802185, 436269.419323699199595 ], [ 432210.165138424374163, 436263.23185138090048 ], [ 432190.832433063245844, 436287.77754931547679 ] ] ] } },
{ "type": "Feature", "properties": { "bicycle": null, "foot": null, "highway": "tertiary", "horse": null, "motorcar": null, "name": "Roundhay Road", "surface": "asphalt", "osm_type": "way", "osm_id": 85032939, "lanes": "2", "maxspeed": "30 mph", "source": null, "source:name": "OS_OpenData_StreetView", "fixme": null, "lit": "yes", "maxspeed:type": null, "sidewalk:both": null, "oneway": "yes", "turn:lanes": "through|right", "dual_carriageway": null, "ref": null, "postal_code": null, "cycleway:left": null, "cycleway:right": null, "oneway:bicycle": null, "not:name": null, "not:name:note": null, "lane_markings": null, "sidewalk:left": null, "lanes:backward": null, "lanes:forward": null, "lanes:psv:forward": null, "cycleway": null, "turn:lanes:backward": null, "turn:lanes:forward": null, "cycleway:right:lane": null, "sidewalk": null, "motor_vehicle": null }, "geometry": { "type": "Polygon", "coordinates": [ [ [ 432658.5155162368319, 436887.427452458185144 ], [ 432658.636188719712663, 436887.496703038923442 ], [ 432667.697815330058802, 436892.577880138182081 ], [ 432668.204355121357366, 436892.835469386191107 ], [ 432668.730120093910955, 436893.051121825352311 ], [ 432673.449109622801188, 436894.766416468599346 ], [ 432677.731248338532168, 436896.643170287890825 ], [ 432678.292697630415205, 436896.860956717981026 ], [ 432678.870788045984227, 436897.029680480307434 ], [ 432682.843718966701999, 436898.005914566281717 ], [ 432690.423398633371107, 436900.062363212171476 ], [ 432694.089224859839305, 436886.550823030585889 ], [ 432686.428521271562204, 436884.47239172301488 ], [ 432686.265969516767655, 436884.430375929281581 ], [ 432682.797952645749319, 436883.57821002259152 ], [ 432678.862330068950541, 436881.853325521515217 ], [ 432678.443766600568779, 436881.685733188292943 ], [ 432674.048204632592387, 436880.088000484800432 ], [ 432665.544153805531096, 436875.319476005504839 ], [ 432660.215358363697305, 436872.190623603761196 ], [ 432653.12672867521178, 436884.263375118607655 ], [ 432658.5155162368319, 436887.427452458185144 ] ] ] } },
{ "type": "Feature", "properties": { "bicycle": null, "foot": null, "highway": "residential", "horse": null, "motorcar": null, "name": "Upland Grove", "surface": null, "osm_type": "way", "osm_id": 95792661, "lanes": null, "maxspeed": null, "source": null, "source:name": null, "fixme": null, "lit": null, "maxspeed:type": null, "sidewalk:both": null, "oneway": null, "turn:lanes": null, "dual_carriageway": null, "ref": null, "postal_code": null, "cycleway:left": null, "cycleway:right": null, "oneway:bicycle": null, "not:name": null, "not:name:note": null, "lane_markings": null, "sidewalk:left": null, "lanes:backward": null, "lanes:forward": null, "lanes:psv:forward": null, "cycleway": null, "turn:lanes:backward": null, "turn:lanes:forward": null, "cycleway:right:lane": null, "sidewalk": null, "motor_vehicle": null }, "geometry": { "type": "Polygon", "coordinates": [ [ [ 432385.535458621336147, 436174.951155515678693 ], [ 432289.871347348962445, 436068.725676471425686 ], [ 432283.855258306022733, 436054.039427885960322 ], [ 432292.240589920547791, 436017.594415763625875 ], [ 432292.340048272046261, 436017.000320410588756 ], [ 432292.367342617886607, 436016.398576053790748 ], [ 432291.398219591355883, 435951.558103547082283 ], [ 432281.39933635876514, 435951.707549527403899 ], [ 432282.359407973475754, 436015.942425218876451 ], [ 432273.753883457335178, 436053.344457688042894 ], [ 432273.664751143485773, 436053.848865356529132 ], [ 432273.627692481677514, 436054.359745304274838 ], [ 432273.643096397572663, 436054.871735914319288 ], [ 432273.710801229113713, 436055.37946391350124 ], [ 432273.830096423218492, 436055.877600764273666 ], [ 432273.99972999264719, 436056.360918586724438 ], [ 432280.947250319528393, 436073.320941924932413 ], [ 432281.127344830601942, 436073.711737146310043 ], [ 432281.340372834762093, 436074.085600767692085 ], [ 432281.584756604512222, 436074.439763881324325 ], [ 432281.858686185383704, 436074.771603485220112 ], [ 432378.169777322502341, 436181.715489308699034 ], [ 432378.302805972401984, 436181.857544465048704 ], [ 432504.387647301889956, 436311.35171287675621 ], [ 432511.552403037669137, 436304.375591085467022 ], [ 432385.535458621336147, 436174.951155515678693 ] ] ] } },
{ "type": "Feature", "properties": { "bicycle": null, "foot": null, "highway": "residential", "horse": null, "motorcar": null, "name": "Copgrove Road", "surface": "asphalt", "osm_type": "way", "osm_id": 95792662, "lanes": null, "maxspeed": null, "source": null, "source:name": null, "fixme": null, "lit": null, "maxspeed:type": null, "sidewalk:both": null, "oneway": null, "turn:lanes": null, "dual_carriageway": null, "ref": null, "postal_code": null, "cycleway:left": null, "cycleway:right": null, "oneway:bicycle": null, "not:name": null, "not:name:note": null, "lane_markings": null, "sidewalk:left": null, "lanes:backward": null, "lanes:forward": null, "lanes:psv:forward": null, "cycleway": null, "turn:lanes:backward": null, "turn:lanes:forward": null, "cycleway:right:lane": null, "sidewalk": null, "motor_vehicle": null }, "geometry": { "type": "Polygon", "coordinates": [ [ [ 432487.29116875625914, 436309.499338630819693 ], [ 432439.010046646057162, 436324.258732009213418 ], [ 432432.174351932189893, 436323.304280835087411 ], [ 432426.066047055646777, 436320.566728703386616 ], [ 432345.747728949238081, 436235.469114045263268 ], [ 432345.717963742616121, 436235.437849163659848 ], [ 432231.490573489340022, 436116.487741530290805 ], [ 432217.179532910929993, 436100.036142763332464 ], [ 432207.546140091260895, 436085.886756861000322 ], [ 432174.136996449553408, 436028.968360647384543 ], [ 432135.566593463299796, 435963.192374811100308 ], [ 432135.171626132796519, 435962.615456394327339 ], [ 432131.43796066014329, 435957.905646421888378 ], [ 432131.113470759417396, 435957.535343411087524 ], [ 432130.754133876296692, 435957.198750155221205 ], [ 432130.363434400002006, 435956.899130505160429 ], [ 432125.422649297164753, 435953.48284934158437 ], [ 432125.009333049878478, 435953.225862159568351 ], [ 432124.572989601176232, 435953.010276615677867 ], [ 432124.117753265600186, 435952.83813536335947 ], [ 432118.389365335286129, 435950.985294202051591 ], [ 432117.918073973618448, 435950.857905596261844 ], [ 432117.436605695344042, 435950.777086653513834 ], [ 432116.949550692050252, 435950.743607880140189 ], [ 432110.932767953432631, 435950.624524055456277 ], [ 432110.821571430657059, 435950.623560061911121 ], [ 432100.050285272183828, 435950.649963108473457 ], [ 432099.512827977538109, 435950.680258449399844 ], [ 432083.693141565599944, 435952.430125229875557 ], [ 432083.199228811776266, 435952.509943264652975 ], [ 432070.823369948077016, 435955.151274566538632 ], [ 432070.655278221121989, 435955.190193727554288 ], [ 432063.63153825153131, 435956.944651629717555 ], [ 432063.08963485917775, 435957.11321022186894 ], [ 432062.570323110150639, 435957.342091398255434 ], [ 432062.080293220526073, 435957.628346516750753 ], [ 432054.838216659147292, 435962.429967062314972 ], [ 432060.364142634673044, 435970.764482171973214 ], [ 432066.88939872093033, 435966.438125853659585 ], [ 432072.995004073192831, 435964.913008522416931 ], [ 432085.041524128639139, 435962.341966718260664 ], [ 432100.344342881347984, 435960.649272344540805 ], [ 432110.790480171854142, 435960.623666317085735 ], [ 432116.013929004722741, 435960.727048521861434 ], [ 432120.34037200268358, 435962.126432042336091 ], [ 432124.063957967387978, 435964.701086945831776 ], [ 432127.117570332193282, 435968.553047994093504 ], [ 432165.511248476337641, 436034.027656354068313 ], [ 432199.00679602951277, 436091.093257846077904 ], [ 432199.185830045957118, 436091.376134372025263 ], [ 432209.079944982600864, 436105.908465090964455 ], [ 432209.440547203528695, 436106.376142317720223 ], [ 432224.026498799212277, 436123.143771615636069 ], [ 432224.192522208031733, 436123.325401581241749 ], [ 432338.490209495241288, 436242.348712670791429 ], [ 432419.47682224214077, 436328.154388467781246 ], [ 432419.830960474035237, 436328.494477434491273 ], [ 432420.216747232421767, 436328.79819271172164 ], [ 432420.630462384899147, 436329.062605580431409 ], [ 432421.068116486305371, 436329.285166313871741 ], [ 432428.73364353593206, 436332.720616956823505 ], [ 432429.171882456284948, 436332.892729934188537 ], [ 432429.624367480340879, 436333.022858836804517 ], [ 432430.087086401181296, 436333.109849805245176 ], [ 432438.722603146103211, 436334.315605685464107 ], [ 432439.264659696258605, 436334.361412276804913 ], [ 432439.808484373439569, 436334.348060575663112 ], [ 432440.347639956395142, 436334.275708625442348 ], [ 432440.87574449199019, 436334.14521285193041 ], [ 432490.276031064160634, 436319.043694273685105 ], [ 432490.398408137552906, 436319.004557779349852 ], [ 432509.55411340954015, 436312.606084315746557 ], [ 432506.385936930018943, 436303.121219646476675 ], [ 432487.29116875625914, 436309.499338630819693 ] ] ] } },
{ "type": "Feature", "properties": { "bicycle": null, "foot": null, "highway": "residential", "horse": null, "motorcar": null, "name": "Montagu Avenue", "surface": "asphalt", "osm_type": "way", "osm_id": 95792663, "lanes": "2", "maxspeed": null, "source": "OS7", "source:name": null, "fixme": null, "lit": null, "maxspeed:type": null, "sidewalk:both": null, "oneway": null, "turn:lanes": null, "dual_carriageway": null, "ref": null, "postal_code": null, "cycleway:left": null, "cycleway:right": null, "oneway:bicycle": null, "not:name": null, "not:name:note": null, "lane_markings": null, "sidewalk:left": null, "lanes:backward": null, "lanes:forward": null, "lanes:psv:forward": null, "cycleway": null, "turn:lanes:backward": null, "turn:lanes:forward": null, "cycleway:right:lane": null, "sidewalk": null, "motor_vehicle": null }, "geometry": { "type": "Polygon", "coordinates": [ [ [ 432911.847713616036344, 436374.786609593662433 ], [ 432912.242119843314867, 436374.422053156537004 ], [ 432912.602345822728239, 436374.023687857261393 ], [ 432916.440070794837084, 436369.377506629622076 ], [ 432916.836268537503202, 436368.839417580282316 ], [ 432917.170175608131103, 436368.260609715362079 ], [ 432961.172920445911586, 436281.104502163361758 ], [ 432961.189483845664654, 436281.071442269487306 ], [ 432985.420755675353575, 436232.332344390859362 ], [ 432989.490697214612737, 436225.35913436912233 ], [ 432999.675284421187826, 436207.917474518995732 ], [ 433014.491832255444024, 436191.171449152636342 ], [ 433030.624099961132742, 436175.999078239779919 ], [ 433080.010425225947984, 436147.090663815964945 ], [ 433098.735689786146395, 436136.379581350076478 ], [ 433108.126823272148613, 436131.0173122062115 ], [ 433108.346201764186844, 436130.885769904474728 ], [ 433126.000204302486964, 436119.781835075933486 ], [ 433134.813369175128173, 436114.719810526352376 ], [ 433190.917578033811878, 436082.482080839865375 ], [ 433190.982533408561721, 436082.444213865499478 ], [ 433234.56585341389291, 436056.669256784662139 ], [ 433307.243054442224093, 436014.890949604508933 ], [ 433356.978572742489632, 435986.844408876087982 ], [ 433368.557324511057232, 435981.347150351910386 ], [ 433391.306606787955388, 435972.228418432059698 ], [ 433417.357956120744348, 435964.242504880006891 ], [ 433444.473349598760251, 435959.064913048467133 ], [ 433474.915389373025391, 435955.377230880083516 ], [ 433495.424637590709608, 435953.920776931161527 ], [ 433512.403732075588778, 435954.245924897957593 ], [ 433539.171811874257401, 435957.991858790628612 ], [ 433553.472662396321539, 435960.938418731675483 ], [ 433555.894284929323476, 435949.185302365920506 ], [ 433541.404850064776838, 435946.199886339483783 ], [ 433541.025578108849004, 435946.134345366735943 ], [ 433513.710184719297104, 435942.31182023009751 ], [ 433512.993523748533335, 435942.255019239266403 ], [ 433495.384132040315308, 435941.917801143485121 ], [ 433494.844237061857712, 435941.931773482763674 ], [ 433473.916734892234672, 435943.417929525778163 ], [ 433473.620199523342308, 435943.446401784545742 ], [ 433442.827275442308746, 435947.176589310984127 ], [ 433442.42347968852846, 435947.239523635536898 ], [ 433414.786409661523066, 435952.516727823473047 ], [ 433414.153255100944079, 435952.673728361085523 ], [ 433387.549169336096384, 435960.829080559371505 ], [ 433387.075314346584491, 435960.99634807894472 ], [ 433363.919810706633143, 435970.277908155927435 ], [ 433363.578838760440703, 435970.427015888039023 ], [ 433351.641586123849265, 435976.094480319763534 ], [ 433351.267737030226272, 435976.288332635303959 ], [ 433301.327121036185417, 436004.450530765461735 ], [ 433301.284068833570927, 436004.475043301354162 ], [ 433228.553274551639333, 436046.284158429247327 ], [ 433228.489269474055618, 436046.321479243168142 ], [ 433184.906421200139448, 436072.096157344407402 ], [ 433128.836179814476054, 436104.314369275525678 ], [ 433119.919162386388052, 436109.436043700319715 ], [ 433119.713028453988954, 436109.560001100413501 ], [ 433102.065488473279402, 436120.659871138690505 ], [ 433092.78344424435636, 436125.959851107560098 ], [ 433074.026150153775234, 436136.689252818643581 ], [ 433073.97425133298384, 436136.719284755876288 ], [ 433023.97661095688818, 436165.985534075996839 ], [ 433023.414065035351086, 436166.358835053979419 ], [ 433022.897018854913767, 436166.792971877206583 ], [ 433006.070043201500084, 436182.618714458018076 ], [ 433005.687047114770394, 436183.01353518810356 ], [ 432990.297518748207949, 436200.407157190085854 ], [ 432989.930371582799125, 436200.865485388378147 ], [ 432989.609788032947108, 436201.35750974342227 ], [ 432979.127707594481762, 436219.308642943156883 ], [ 432974.955591294332407, 436226.456913241418079 ], [ 432974.76489509746898, 436226.81029838800896 ], [ 432950.452421891444828, 436275.712725779623725 ], [ 432906.760577067034319, 436362.253034587600268 ], [ 432903.693456639302894, 436365.966275494138245 ], [ 432898.787164443579968, 436370.109845310100354 ], [ 432906.529856324370485, 436379.277763418271206 ], [ 432911.847713616036344, 436374.786609593662433 ] ] ] } },
{ "type": "Feature", "properties": { "bicycle": null, "foot": null, "highway": "residential", "horse": null, "motorcar": null, "name": "Dean Avenue", "surface": null, "osm_type": "way", "osm_id": 114458921, "lanes": null, "maxspeed": null, "source": null, "source:name": null, "fixme": null, "lit": null, "maxspeed:type": null, "sidewalk:both": null, "oneway": null, "turn:lanes": null, "dual_carriageway": null, "ref": null, "postal_code": null, "cycleway:left": null, "cycleway:right": null, "oneway:bicycle": null, "not:name": null, "not:name:note": null, "lane_markings": null, "sidewalk:left": null, "lanes:backward": null, "lanes:forward": null, "lanes:psv:forward": null, "cycleway": null, "turn:lanes:backward": null, "turn:lanes:forward": null, "cycleway:right:lane": null, "sidewalk": null, "motor_vehicle": null }, "geometry": { "type": "Polygon", "coordinates": [ [ [ 432125.065788452455308, 436601.168539254518691 ], [ 432125.043537807592656, 436601.147375600936357 ], [ 432091.562309474276844, 436569.497036492510233 ], [ 432084.692727476183791, 436576.764005817647558 ], [ 432118.162797998753376, 436608.403797269624192 ], [ 432151.080461102130357, 436639.906460484082345 ], [ 432157.994544389948715, 436632.681818466109689 ], [ 432125.065788452455308, 436601.168539254518691 ] ] ] } },
{ "type": "Feature", "properties": { "bicycle": null, "foot": null, "highway": "residential", "horse": null, "motorcar": null, "name": "Dean Court", "surface": null, "osm_type": "way", "osm_id": 114458963, "lanes": null, "maxspeed": null, "source": null, "source:name": null, "fixme": null, "lit": null, "maxspeed:type": null, "sidewalk:both": null, "oneway": null, "turn:lanes": null, "dual_carriageway": null, "ref": null, "postal_code": null, "cycleway:left": null, "cycleway:right": null, "oneway:bicycle": null, "not:name": null, "not:name:note": null, "lane_markings": null, "sidewalk:left": null, "lanes:backward": null, "lanes:forward": null, "lanes:psv:forward": null, "cycleway": null, "turn:lanes:backward": null, "turn:lanes:forward": null, "cycleway:right:lane": null, "sidewalk": null, "motor_vehicle": null }, "geometry": { "type": "Polygon", "coordinates": [ [ [ 432183.835105149424635, 436537.917659147118684 ], [ 432183.395429561845958, 436537.701909316354431 ], [ 432182.936755540838931, 436537.530209711752832 ], [ 432182.463483836269006, 436537.404207705927547 ], [ 432181.980155255703721, 436537.325112225778867 ], [ 432181.491407097317278, 436537.293682153162081 ], [ 432181.00192865752615, 436537.310219044098631 ], [ 432180.516416239435785, 436537.374564235273283 ], [ 432180.039528093999252, 436537.48610036651371 ], [ 432179.575839726778213, 436537.643757303827442 ], [ 432179.129799997899681, 436537.846022407058626 ], [ 432178.705688437388744, 436538.090955042862333 ], [ 432178.307574185659178, 436538.376205203821883 ], [ 432177.939276951598004, 436538.69903605611762 ], [ 432177.60433036473114, 436539.056350197584834 ], [ 432177.305948071472812, 436539.444719376158901 ], [ 432147.569093611557037, 436582.345888682524674 ], [ 432118.925606215721928, 436600.561765981663484 ], [ 432124.291887401370332, 436608.999954545346554 ], [ 432153.786780193564482, 436590.242624453909229 ], [ 432154.192860454553738, 436589.955033003876451 ], [ 432154.56834383396199, 436589.628502373932861 ], [ 432154.909511393925641, 436589.266266654420178 ], [ 432155.212984074198175, 436588.871913573006168 ], [ 432182.950164711219259, 436548.855660872359294 ], [ 432198.348356615868397, 436557.371537662984338 ], [ 432203.187981824856251, 436548.620650403026957 ], [ 432183.835105149424635, 436537.917659147118684 ] ] ] } },
{ "type": "Feature", "properties": { "bicycle": null, "foot": null, "highway": "residential", "horse": null, "motorcar": null, "name": "Gledhow Rise", "surface": "asphalt", "osm_type": "way", "osm_id": 114458976, "lanes": null, "maxspeed": null, "source": null, "source:name": "OS_OpenData_Locator", "fixme": null, "lit": null, "maxspeed:type": null, "sidewalk:both": null, "oneway": "yes", "turn:lanes": null, "dual_carriageway": null, "ref": null, "postal_code": null, "cycleway:left": null, "cycleway:right": null, "oneway:bicycle": null, "not:name": null, "not:name:note": null, "lane_markings": null, "sidewalk:left": null, "lanes:backward": null, "lanes:forward": null, "lanes:psv:forward": null, "cycleway": null, "turn:lanes:backward": null, "turn:lanes:forward": null, "cycleway:right:lane": null, "sidewalk": null, "motor_vehicle": null }, "geometry": { "type": "Polygon", "coordinates": [ [ [ 432563.241642664361279, 436789.263184509880375 ], [ 432562.920054511516355, 436789.516470427857712 ], [ 432556.642387575935572, 436794.891459169099107 ], [ 432556.322342551138718, 436795.190761944337282 ], [ 432549.719237657322083, 436801.932054789445829 ], [ 432549.689977573871147, 436801.962179258989636 ], [ 432545.101734418596607, 436806.725831142917741 ], [ 432544.800939721579198, 436807.068049445457291 ], [ 432544.532545877271332, 436807.436228153004777 ], [ 432544.298781529534608, 436807.827310044725891 ], [ 432542.398189402883872, 436811.363458772015292 ], [ 432542.214541137509514, 436811.742639373056591 ], [ 432542.063467211322859, 436812.135934786696453 ], [ 432541.946040277194697, 436812.540552543010563 ], [ 432540.726627948984969, 436817.516744688968174 ], [ 432540.637482736550737, 436817.970299260690808 ], [ 432540.590603146643844, 436818.430148064682726 ], [ 432540.30464082112303, 436823.590843556972686 ], [ 432540.30081750912359, 436824.063275367836468 ], [ 432540.341601242485922, 436824.53395904158242 ], [ 432540.936255803913809, 436828.955294246552512 ], [ 432541.029191288165748, 436829.453553769853897 ], [ 432541.17209317733068, 436829.939844430773519 ], [ 432541.363493014127016, 436830.409169115067925 ], [ 432543.328879162319936, 436834.606364289240446 ], [ 432543.560395414184313, 436835.043152576487046 ], [ 432543.833912710600998, 436835.454943872231524 ], [ 432544.14675732399337, 436835.83771277195774 ], [ 432549.266727287205867, 436841.505409526405856 ], [ 432560.662877272989135, 436857.836618999659549 ], [ 432572.366436762269586, 436876.34051349904621 ], [ 432574.144245730363764, 436882.362897017446812 ], [ 432575.057446917577181, 436890.210381318174768 ], [ 432584.990418592409696, 436889.054494771815371 ], [ 432584.027624293754343, 436880.780838046979625 ], [ 432583.960028272587806, 436880.358342132472899 ], [ 432583.85655826528091, 436879.94317231484456 ], [ 432581.760008254030254, 436872.841043537307996 ], [ 432581.609107778582256, 436872.405047789798118 ], [ 432581.418661404808518, 436871.984817586140707 ], [ 432581.190290694008581, 436871.583930988970678 ], [ 432569.053748960664961, 436852.395470587129239 ], [ 432568.928412492386997, 436852.206898645672482 ], [ 432557.287804742227308, 436835.525369901268277 ], [ 432556.89770469017094, 436835.034958125441335 ], [ 432552.068249208212364, 436829.688854660431389 ], [ 432550.744842778425664, 436826.862644103472121 ], [ 432550.315550711762626, 436823.670800887746736 ], [ 432550.549630103399977, 436819.446424620575272 ], [ 432551.507408941804897, 436815.537909491511527 ], [ 432552.78141777619021, 436813.167550983140245 ], [ 432556.877840197936166, 436808.914522160077468 ], [ 432563.312793168472126, 436802.344900275114924 ], [ 432569.268268188461661, 436797.245774834183976 ], [ 432578.152815413253848, 436790.819582528958563 ], [ 432572.292172525951173, 436782.716936976590659 ], [ 432563.241642664361279, 436789.263184509880375 ] ] ] } },
{ "type": "Feature", "properties": { "bicycle": null, "foot": null, "highway": "residential", "horse": null, "motorcar": null, "name": "Ridgeway", "surface": null, "osm_type": "way", "osm_id": 114458991, "lanes": null, "maxspeed": null, "source": null, "source:name": null, "fixme": null, "lit": null, "maxspeed:type": null, "sidewalk:both": null, "oneway": null, "turn:lanes": null, "dual_carriageway": null, "ref": null, "postal_code": null, "cycleway:left": null, "cycleway:right": null, "oneway:bicycle": null, "not:name": null, "not:name:note": null, "lane_markings": null, "sidewalk:left": null, "lanes:backward": null, "lanes:forward": null, "lanes:psv:forward": null, "cycleway": null, "turn:lanes:backward": null, "turn:lanes:forward": null, "cycleway:right:lane": null, "sidewalk": null, "motor_vehicle": null }, "geometry": { "type": "Polygon", "coordinates": [ [ [ 431999.873146321857348, 436509.262511453591287 ], [ 431999.627773464599159, 436509.655216542945709 ], [ 431999.419783127552364, 436510.068937639822252 ], [ 431995.956789351359475, 436517.833817324019037 ], [ 431995.765676054987125, 436518.332317987282295 ], [ 431995.628804143343586, 436518.848354113055393 ], [ 431994.710073237132747, 436523.248157868511043 ], [ 431994.636351638822816, 436523.706764240632765 ], [ 431994.195068492554128, 436527.598009679815732 ], [ 432004.131379702477716, 436528.724828006117605 ], [ 432004.546464553801343, 436525.064599764591549 ], [ 432005.308076426386833, 436521.417239308240823 ], [ 432008.363462150737178, 436514.566316646640189 ], [ 432045.139477850636467, 436461.360532572143711 ], [ 432036.913306641974486, 436455.674575551063754 ], [ 431999.873146321857348, 436509.262511453591287 ] ] ] } },
{ "type": "Feature", "properties": { "bicycle": null, "foot": null, "highway": "residential", "horse": null, "motorcar": null, "name": "Oakwell Drive", "surface": null, "osm_type": "way", "osm_id": 128873319, "lanes": null, "maxspeed": null, "source": null, "source:name": null, "fixme": null, "lit": null, "maxspeed:type": null, "sidewalk:both": null, "oneway": null, "turn:lanes": null, "dual_carriageway": null, "ref": null, "postal_code": null, "cycleway:left": null, "cycleway:right": null, "oneway:bicycle": null, "not:name": null, "not:name:note": null, "lane_markings": null, "sidewalk:left": null, "lanes:backward": null, "lanes:forward": null, "lanes:psv:forward": null, "cycleway": null, "turn:lanes:backward": null, "turn:lanes:forward": null, "cycleway:right:lane": null, "sidewalk": null, "motor_vehicle": null }, "geometry": { "type": "Polygon", "coordinates": [ [ [ 432443.179950528079644, 436716.104045275191311 ], [ 432452.298795181210153, 436711.999575493100565 ], [ 432431.565741522237659, 436665.937232354830485 ], [ 432422.44689686910715, 436670.041702136921231 ], [ 432443.179950528079644, 436716.104045275191311 ] ] ] } },
{ "type": "Feature", "properties": { "bicycle": null, "foot": null, "highway": "tertiary_link", "horse": null, "motorcar": null, "name": "Harehills Avenue", "surface": null, "osm_type": "way", "osm_id": 146905001, "lanes": null, "maxspeed": "30 mph", "source": null, "source:name": null, "fixme": null, "lit": null, "maxspeed:type": null, "sidewalk:both": null, "oneway": "yes", "turn:lanes": null, "dual_carriageway": null, "ref": null, "postal_code": null, "cycleway:left": null, "cycleway:right": null, "oneway:bicycle": null, "not:name": null, "not:name:note": null, "lane_markings": null, "sidewalk:left": null, "lanes:backward": null, "lanes:forward": null, "lanes:psv:forward": null, "cycleway": null, "turn:lanes:backward": null, "turn:lanes:forward": null, "cycleway:right:lane": null, "sidewalk": null, "motor_vehicle": null }, "geometry": { "type": "Polygon", "coordinates": [ [ [ 432148.428781344962772, 436147.604507506592199 ], [ 432148.781090276490431, 436147.746611108013894 ], [ 432149.143171240400989, 436147.861556278949138 ], [ 432163.027903091686312, 436151.695250316231977 ], [ 432165.689401445852127, 436142.055933612689842 ], [ 432152.171650718024466, 436138.32356622396037 ], [ 432138.276519711420406, 436132.09522806678433 ], [ 432134.186241566378158, 436141.220447225612588 ], [ 432148.428781344962772, 436147.604507506592199 ] ] ] } },
{ "type": "Feature", "properties": { "bicycle": null, "foot": null, "highway": "tertiary", "horse": null, "motorcar": null, "name": "Roundhay Road", "surface": "asphalt", "osm_type": "way", "osm_id": 146905009, "lanes": null, "maxspeed": "30 mph", "source": null, "source:name": null, "fixme": null, "lit": "yes", "maxspeed:type": null, "sidewalk:both": null, "oneway": null, "turn:lanes": null, "dual_carriageway": null, "ref": null, "postal_code": null, "cycleway:left": "share_busway", "cycleway:right": "lane", "oneway:bicycle": null, "not:name": null, "not:name:note": null, "lane_markings": null, "sidewalk:left": null, "lanes:backward": null, "lanes:forward": null, "lanes:psv:forward": null, "cycleway": null, "turn:lanes:backward": null, "turn:lanes:forward": null, "cycleway:right:lane": null, "sidewalk": null, "motor_vehicle": null }, "geometry": { "type": "Polygon", "coordinates": [ [ [ 432163.311264471441973, 436132.774815962766297 ], [ 432163.25269606144866, 436132.689108311722521 ], [ 432158.161338193225674, 436125.355859250179492 ], [ 432150.808078715635929, 436114.307360690203495 ], [ 432136.565074577811174, 436089.676805274153594 ], [ 432136.51980883924989, 436089.599668198847212 ], [ 432135.626479910570197, 436088.099391792085953 ], [ 432109.228736928489525, 436043.118361044558696 ], [ 432099.290301099885255, 436024.680820842797402 ], [ 432099.187729891971685, 436024.497193067276385 ], [ 432087.963573387241922, 436005.093770495208446 ], [ 432075.84505947760772, 436012.103878955298569 ], [ 432087.016550830099732, 436031.416258231329266 ], [ 432096.96540535450913, 436049.873126939695794 ], [ 432097.090078926703427, 436050.094688553130254 ], [ 432123.563432772294618, 436095.204558140365407 ], [ 432123.586078624473885, 436095.242866574553773 ], [ 432124.467912097170483, 436096.723837257712148 ], [ 432138.798841687326785, 436121.506442950863857 ], [ 432139.031245795311406, 436121.88065361767076 ], [ 432146.544712648727, 436133.169868687982671 ], [ 432146.622061205562204, 436133.283647033560555 ], [ 432151.723050470929593, 436140.630768511036877 ], [ 432158.55006204667734, 436150.782032752642408 ], [ 432170.167242490861099, 436142.969151176279411 ], [ 432163.311264471441973, 436132.774815962766297 ] ] ] } },
{ "type": "Feature", "properties": { "bicycle": null, "foot": null, "highway": "tertiary", "horse": null, "motorcar": null, "name": "Princes Avenue", "surface": "asphalt", "osm_type": "way", "osm_id": 146968872, "lanes": "2", "maxspeed": "40 mph", "source": "OS_OpenData_StreetView", "source:name": null, "fixme": null, "lit": "yes", "maxspeed:type": null, "sidewalk:both": null, "oneway": null, "turn:lanes": null, "dual_carriageway": null, "ref": null, "postal_code": null, "cycleway:left": null, "cycleway:right": null, "oneway:bicycle": null, "not:name": null, "not:name:note": null, "lane_markings": null, "sidewalk:left": null, "lanes:backward": null, "lanes:forward": null, "lanes:psv:forward": null, "cycleway": null, "turn:lanes:backward": null, "turn:lanes:forward": null, "cycleway:right:lane": null, "sidewalk": null, "motor_vehicle": null }, "geometry": { "type": "Polygon", "coordinates": [ [ [ 432638.935946751618758, 436957.101457704149652 ], [ 432638.761228541552555, 436957.882528692483902 ], [ 432636.898463714111131, 436969.218558916822076 ], [ 432636.814194338920061, 436970.01147515210323 ], [ 432636.82064748450648, 436970.808830681780819 ], [ 432637.784058955265209, 436985.591493653540965 ], [ 432637.882914056128357, 436986.39264482766157 ], [ 432641.547638398653362, 437006.479194164334331 ], [ 432641.623927474080119, 437006.842495686782058 ], [ 432644.770301260170527, 437020.071531377208885 ], [ 432644.7958697709837, 437020.175496560754254 ], [ 432661.28135674353689, 437085.063962322950829 ], [ 432669.852636515744962, 437135.42308359517483 ], [ 432682.344154387479648, 437234.696694618556648 ], [ 432682.35870872734813, 437234.805471122439485 ], [ 432688.060359248891473, 437275.017874862009194 ], [ 432694.286024277214892, 437345.60265910270391 ], [ 432696.560870358371176, 437409.934657187201083 ], [ 432696.616296718013473, 437410.600304532563314 ], [ 432701.854000390623696, 437450.414020069059916 ], [ 432702.510738787357695, 437455.383433417242486 ], [ 432705.960739053029101, 437481.586444495478645 ], [ 432706.046810285071842, 437482.094736495462712 ], [ 432717.6013503629365, 437537.785377452266403 ], [ 432726.675980989472009, 437592.111411326448433 ], [ 432726.692613031424116, 437592.206906900391914 ], [ 432735.915115168027114, 437643.073349044308998 ], [ 432741.134326588711701, 437689.893440448504407 ], [ 432743.961926744610537, 437749.723019956494682 ], [ 432738.51998868706869, 437792.725036745483521 ], [ 432724.688402708328795, 437835.497079308144748 ], [ 432683.286030864226632, 437924.428990042069927 ], [ 432695.978014042018913, 437930.337760050781071 ], [ 432737.562229514063802, 437841.015250890515745 ], [ 432737.87664263881743, 437840.214701778255403 ], [ 432752.042644194967579, 437796.40853071201127 ], [ 432752.214553650585003, 437795.777679748542141 ], [ 432752.326851053570863, 437795.133540716720745 ], [ 432757.927407766575925, 437750.878124493174255 ], [ 432757.977383493329398, 437750.274503080698196 ], [ 432757.974991689494345, 437749.668821099679917 ], [ 432755.108174117514864, 437689.009434906067327 ], [ 432755.072887416812591, 437688.564379652903881 ], [ 432749.802421480591875, 437641.284498271241318 ], [ 432749.733219458081294, 437640.811213429900818 ], [ 432740.476673200086225, 437589.757001925259829 ], [ 432731.387499590113293, 437535.343905266490765 ], [ 432731.337193002400454, 437535.075151644006837 ], [ 432719.807275230123196, 437479.503185422043316 ], [ 432716.390724723110907, 437453.554227772401646 ], [ 432715.734133332909551, 437448.585929868218955 ], [ 432710.540309940290172, 437409.105764508421998 ], [ 432708.270768881367985, 437344.923790939152241 ], [ 432708.248070931818802, 437344.556142576271668 ], [ 432701.989955043012742, 437273.603439892292954 ], [ 432701.947704996913671, 437273.235771232342813 ], [ 432696.227771648205817, 437232.894423001271207 ], [ 432683.724130597605836, 437133.524465660564601 ], [ 432683.679655757907312, 437133.223848045803607 ], [ 432675.035746778361499, 437082.438006008858792 ], [ 432674.919456352072302, 437081.888882660889067 ], [ 432658.377989104192238, 437016.7800731388852 ], [ 432655.286964928905945, 437003.783756771415938 ], [ 432651.728129623224959, 436984.277590886224061 ], [ 432650.843121023906861, 436970.697947869310156 ], [ 432652.51096320693614, 436960.548137695819605 ], [ 432655.24869134061737, 436950.928548679628875 ], [ 432641.783397309307475, 436947.096335657231975 ], [ 432638.935946751618758, 436957.101457704149652 ] ] ] } },
{ "type": "Feature", "properties": { "bicycle": null, "foot": null, "highway": "residential", "horse": null, "motorcar": null, "name": "Ravenscar Avenue", "surface": null, "osm_type": "way", "osm_id": 148307870, "lanes": null, "maxspeed": null, "source": null, "source:name": null, "fixme": null, "lit": null, "maxspeed:type": null, "sidewalk:both": null, "oneway": null, "turn:lanes": null, "dual_carriageway": null, "ref": null, "postal_code": null, "cycleway:left": null, "cycleway:right": null, "oneway:bicycle": null, "not:name": null, "not:name:note": null, "lane_markings": null, "sidewalk:left": null, "lanes:backward": null, "lanes:forward": null, "lanes:psv:forward": null, "cycleway": null, "turn:lanes:backward": null, "turn:lanes:forward": null, "cycleway:right:lane": null, "sidewalk": null, "motor_vehicle": null }, "geometry": { "type": "Polygon", "coordinates": [ [ [ 432417.16711400001077, 436612.456333703245036 ], [ 432489.057844610302709, 436586.740498591621872 ], [ 432485.68976808944717, 436577.324763859214727 ], [ 432413.797528115683235, 436603.04113888106076 ], [ 432393.785624559503049, 436610.214018301747274 ], [ 432397.159738100832328, 436619.627591364609543 ], [ 432417.16711400001077, 436612.456333703245036 ] ] ] } },
{ "type": "Feature", "properties": { "bicycle": null, "foot": null, "highway": "residential", "horse": null, "motorcar": null, "name": "Ravenscar Terrace", "surface": null, "osm_type": "way", "osm_id": 148307872, "lanes": null, "maxspeed": null, "source": null, "source:name": null, "fixme": null, "lit": null, "maxspeed:type": null, "sidewalk:both": null, "oneway": null, "turn:lanes": null, "dual_carriageway": null, "ref": null, "postal_code": null, "cycleway:left": null, "cycleway:right": null, "oneway:bicycle": null, "not:name": null, "not:name:note": null, "lane_markings": null, "sidewalk:left": null, "lanes:backward": null, "lanes:forward": null, "lanes:psv:forward": null, "cycleway": null, "turn:lanes:backward": null, "turn:lanes:forward": null, "cycleway:right:lane": null, "sidewalk": null, "motor_vehicle": null }, "geometry": { "type": "Polygon", "coordinates": [ [ [ 432351.447450214938726, 436594.470584180322476 ], [ 432343.261713023122866, 436600.214599032769911 ], [ 432377.876276421942748, 436649.543461556779221 ], [ 432386.062013613758609, 436643.799446704331785 ], [ 432351.447450214938726, 436594.470584180322476 ] ] ] } },
{ "type": "Feature", "properties": { "bicycle": null, "foot": null, "highway": "residential", "horse": null, "motorcar": null, "name": "Ravenscar View", "surface": null, "osm_type": "way", "osm_id": 148307873, "lanes": null, "maxspeed": null, "source": null, "source:name": "OS_OpenData_Locator", "fixme": null, "lit": null, "maxspeed:type": null, "sidewalk:both": null, "oneway": null, "turn:lanes": null, "dual_carriageway": null, "ref": null, "postal_code": null, "cycleway:left": null, "cycleway:right": null, "oneway:bicycle": null, "not:name": null, "not:name:note": null, "lane_markings": null, "sidewalk:left": null, "lanes:backward": null, "lanes:forward": null, "lanes:psv:forward": null, "cycleway": null, "turn:lanes:backward": null, "turn:lanes:forward": null, "cycleway:right:lane": null, "sidewalk": null, "motor_vehicle": null }, "geometry": { "type": "Polygon", "coordinates": [ [ [ 432349.718380835140124, 436601.748548173054587 ], [ 432373.941032717353664, 436588.753119465254713 ], [ 432369.213446535984986, 436579.941199759661686 ], [ 432344.990788528346457, 436592.93663175374968 ], [ 432319.948951809259597, 436606.371603237639647 ], [ 432324.676551904936787, 436615.183515478216577 ], [ 432349.718380835140124, 436601.748548173054587 ] ] ] } },
{ "type": "Feature", "properties": { "bicycle": null, "foot": null, "highway": "residential", "horse": null, "motorcar": null, "name": "Ravenscar Mount", "surface": null, "osm_type": "way", "osm_id": 148307874, "lanes": null, "maxspeed": null, "source": null, "source:name": null, "fixme": null, "lit": null, "maxspeed:type": null, "sidewalk:both": null, "oneway": null, "turn:lanes": null, "dual_carriageway": null, "ref": null, "postal_code": null, "cycleway:left": null, "cycleway:right": null, "oneway:bicycle": null, "not:name": null, "not:name:note": null, "lane_markings": null, "sidewalk:left": null, "lanes:backward": null, "lanes:forward": null, "lanes:psv:forward": null, "cycleway": null, "turn:lanes:backward": null, "turn:lanes:forward": null, "cycleway:right:lane": null, "sidewalk": null, "motor_vehicle": null }, "geometry": { "type": "Polygon", "coordinates": [ [ [ 432326.433898385148495, 436607.946278500370681 ], [ 432318.191605329047889, 436613.608840215485543 ], [ 432350.042273952858523, 436659.969932250445709 ], [ 432358.284567008959129, 436654.307370535330847 ], [ 432326.433898385148495, 436607.946278500370681 ] ] ] } },
{ "type": "Feature", "properties": { "bicycle": null, "foot": null, "highway": "residential", "horse": null, "motorcar": null, "name": "Ravenscar Walk", "surface": null, "osm_type": "way", "osm_id": 148307876, "lanes": null, "maxspeed": null, "source": null, "source:name": null, "fixme": null, "lit": null, "maxspeed:type": null, "sidewalk:both": null, "oneway": null, "turn:lanes": null, "dual_carriageway": null, "ref": null, "postal_code": null, "cycleway:left": null, "cycleway:right": null, "oneway:bicycle": null, "not:name": null, "not:name:note": null, "lane_markings": null, "sidewalk:left": null, "lanes:backward": null, "lanes:forward": null, "lanes:psv:forward": null, "cycleway": null, "turn:lanes:backward": null, "turn:lanes:forward": null, "cycleway:right:lane": null, "sidewalk": null, "motor_vehicle": null }, "geometry": { "type": "Polygon", "coordinates": [ [ [ 432391.486793726449832, 436617.940469041583128 ], [ 432402.698313845437951, 436633.21191957249539 ], [ 432402.701311079319566, 436633.215997840219643 ], [ 432404.651267209032085, 436635.86644640826853 ], [ 432412.706186084949877, 436629.940378411381971 ], [ 432410.757729581033345, 436627.291968187142629 ], [ 432399.5031380020082, 436611.961849102459382 ], [ 432399.412191666429862, 436611.841802022070624 ], [ 432375.516749962931499, 436581.268156801350415 ], [ 432367.637729290407151, 436587.426162423565984 ], [ 432391.486793726449832, 436617.940469041583128 ] ] ] } },
{ "type": "Feature", "properties": { "bicycle": "yes", "foot": "yes", "highway": "residential", "horse": "yes", "motorcar": "yes", "name": "Park Avenue", "surface": "asphalt", "osm_type": "way", "osm_id": 149693954, "lanes": null, "maxspeed": null, "source": null, "source:name": null, "fixme": null, "lit": null, "maxspeed:type": null, "sidewalk:both": null, "oneway": "yes", "turn:lanes": "left|right", "dual_carriageway": null, "ref": null, "postal_code": null, "cycleway:left": null, "cycleway:right": null, "oneway:bicycle": null, "not:name": null, "not:name:note": null, "lane_markings": null, "sidewalk:left": null, "lanes:backward": null, "lanes:forward": null, "lanes:psv:forward": null, "cycleway": null, "turn:lanes:backward": null, "turn:lanes:forward": null, "cycleway:right:lane": null, "sidewalk": null, "motor_vehicle": null }, "geometry": { "type": "Polygon", "coordinates": [ [ [ 432671.894226057105698, 436934.797201503883116 ], [ 432671.709533631044906, 436934.316233633202501 ], [ 432671.476327630109154, 436933.856824941583909 ], [ 432669.590304382552858, 436930.572500952403061 ], [ 432669.256303726579063, 436930.064994602638762 ], [ 432668.863215434772428, 436929.601744423911441 ], [ 432664.190714201598894, 436924.729175869433675 ], [ 432656.973020151432138, 436931.650511910847854 ], [ 432661.222669549053535, 436936.082122945052106 ], [ 432662.546863433439285, 436938.388076356088277 ], [ 432680.721421114925761, 436994.145991741563194 ], [ 432690.229089914646465, 436991.046921881730668 ], [ 432671.894226057105698, 436934.797201503883116 ] ] ] } },
{ "type": "Feature", "properties": { "bicycle": null, "foot": null, "highway": "residential", "horse": null, "motorcar": null, "name": "Park Avenue", "surface": "asphalt", "osm_type": "way", "osm_id": 149693955, "lanes": null, "maxspeed": null, "source": null, "source:name": null, "fixme": null, "lit": null, "maxspeed:type": null, "sidewalk:both": null, "oneway": "yes", "turn:lanes": null, "dual_carriageway": null, "ref": null, "postal_code": null, "cycleway:left": null, "cycleway:right": null, "oneway:bicycle": null, "not:name": null, "not:name:note": null, "lane_markings": null, "sidewalk:left": null, "lanes:backward": null, "lanes:forward": null, "lanes:psv:forward": null, "cycleway": null, "turn:lanes:backward": null, "turn:lanes:forward": null, "cycleway:right:lane": null, "sidewalk": null, "motor_vehicle": null }, "geometry": { "type": "Polygon", "coordinates": [ [ [ 432687.088469160196837, 436997.329060929303523 ], [ 432683.862041869375389, 436987.863852693990339 ], [ 432646.820751107705291, 437000.490202630462591 ], [ 432650.047178398526739, 437009.955410865775775 ], [ 432687.088469160196837, 436997.329060929303523 ] ] ] } },
{ "type": "Feature", "properties": { "bicycle": null, "foot": null, "highway": "residential", "horse": null, "motorcar": null, "name": "Brookfield Avenue", "surface": "asphalt", "osm_type": "way", "osm_id": 166380144, "lanes": null, "maxspeed": "20 mph", "source": null, "source:name": null, "fixme": null, "lit": null, "maxspeed:type": null, "sidewalk:both": null, "oneway": "yes", "turn:lanes": null, "dual_carriageway": null, "ref": null, "postal_code": null, "cycleway:left": null, "cycleway:right": null, "oneway:bicycle": "no", "not:name": null, "not:name:note": null, "lane_markings": null, "sidewalk:left": null, "lanes:backward": null, "lanes:forward": null, "lanes:psv:forward": null, "cycleway": null, "turn:lanes:backward": null, "turn:lanes:forward": null, "cycleway:right:lane": null, "sidewalk": null, "motor_vehicle": null }, "geometry": { "type": "Polygon", "coordinates": [ [ [ 431973.976033493701834, 435960.889718840422574 ], [ 431973.641062099486589, 435960.535213550843764 ], [ 431936.822430821950547, 435925.193788030592259 ], [ 431929.354036379372701, 435917.913057089026552 ], [ 431922.373503764625639, 435925.073515483236406 ], [ 431929.855763360625133, 435932.367763178946916 ], [ 431929.883597948530223, 435932.394688897824381 ], [ 431966.540057532314677, 435967.580449238826986 ], [ 432006.682081535982434, 436014.445456063433085 ], [ 432014.276887763349805, 436007.940156810625922 ], [ 431973.976033493701834, 435960.889718840422574 ] ] ] } },
{ "type": "Feature", "properties": { "bicycle": null, "foot": null, "highway": "residential", "horse": null, "motorcar": null, "name": "Gledhow Wood Court", "surface": null, "osm_type": "way", "osm_id": 166380160, "lanes": null, "maxspeed": null, "source": "OS_OpenData_StreetView", "source:name": "OS_OpenData_Locator", "fixme": null, "lit": null, "maxspeed:type": null, "sidewalk:both": null, "oneway": null, "turn:lanes": null, "dual_carriageway": null, "ref": null, "postal_code": null, "cycleway:left": null, "cycleway:right": null, "oneway:bicycle": null, "not:name": null, "not:name:note": null, "lane_markings": null, "sidewalk:left": null, "lanes:backward": null, "lanes:forward": null, "lanes:psv:forward": null, "cycleway": null, "turn:lanes:backward": null, "turn:lanes:forward": null, "cycleway:right:lane": null, "sidewalk": null, "motor_vehicle": null }, "geometry": { "type": "Polygon", "coordinates": [ [ [ 432245.975917037518229, 436439.007453844533302 ], [ 432252.71116716664983, 436431.61580952827353 ], [ 432216.833845595363528, 436398.924472606740892 ], [ 432210.098595466231927, 436406.316116923000664 ], [ 432245.975917037518229, 436439.007453844533302 ] ] ] } },
{ "type": "Feature", "properties": { "bicycle": null, "foot": null, "highway": "residential", "horse": null, "motorcar": null, "name": "King Edwins Court", "surface": null, "osm_type": "way", "osm_id": 166380163, "lanes": null, "maxspeed": null, "source": "OS_OpenData_StreetView", "source:name": "OS_OpenData_Locator", "fixme": null, "lit": null, "maxspeed:type": null, "sidewalk:both": null, "oneway": null, "turn:lanes": null, "dual_carriageway": null, "ref": null, "postal_code": null, "cycleway:left": null, "cycleway:right": null, "oneway:bicycle": null, "not:name": "King Edwin's Court", "not:name:note": "No apostrophe in road sign", "lane_markings": null, "sidewalk:left": null, "lanes:backward": null, "lanes:forward": null, "lanes:psv:forward": null, "cycleway": null, "turn:lanes:backward": null, "turn:lanes:forward": null, "cycleway:right:lane": null, "sidewalk": null, "motor_vehicle": null }, "geometry": { "type": "Polygon", "coordinates": [ [ [ 432218.676915515912697, 436469.480624730873387 ], [ 432240.299441596434917, 436489.305302352237049 ], [ 432247.057434114685748, 436481.934445066784974 ], [ 432224.645064757729415, 436461.38559727818938 ], [ 432224.237941533792764, 436461.050084406451788 ], [ 432223.797733254963532, 436460.759335584007204 ], [ 432223.329340640280861, 436460.516587638412602 ], [ 432222.837978177587502, 436460.324543016555253 ], [ 432172.164571883913595, 436443.542850250552874 ], [ 432169.020752525946591, 436453.035816059273202 ], [ 432218.676915515912697, 436469.480624730873387 ] ] ] } },
{ "type": "Feature", "properties": { "bicycle": null, "foot": null, "highway": "residential", "horse": null, "motorcar": null, "name": "Roundhay Mount", "surface": null, "osm_type": "way", "osm_id": 166380168, "lanes": null, "maxspeed": null, "source": "OS_OpenData_StreetView", "source:name": null, "fixme": null, "lit": null, "maxspeed:type": null, "sidewalk:both": null, "oneway": null, "turn:lanes": null, "dual_carriageway": null, "ref": null, "postal_code": null, "cycleway:left": null, "cycleway:right": null, "oneway:bicycle": null, "not:name": null, "not:name:note": null, "lane_markings": null, "sidewalk:left": null, "lanes:backward": null, "lanes:forward": null, "lanes:psv:forward": null, "cycleway": null, "turn:lanes:backward": null, "turn:lanes:forward": null, "cycleway:right:lane": null, "sidewalk": null, "motor_vehicle": null }, "geometry": { "type": "Polygon", "coordinates": [ [ [ 432002.189516233513132, 436142.782391151587944 ], [ 431885.053755649540108, 436026.63580938836094 ], [ 431885.002438938478008, 436026.585651178553235 ], [ 431852.123645528336056, 435994.907244809961412 ], [ 431837.368475859810133, 435979.355437091377098 ], [ 431830.11404629755998, 435986.238260038837325 ], [ 431844.946439743740484, 436001.871460880560335 ], [ 431845.104460582428146, 436002.030701207520906 ], [ 431878.038212728861254, 436033.762059798522387 ], [ 431995.146905762900133, 436149.881802276184317 ], [ 432004.405959265539423, 436159.068147171114106 ], [ 432011.449099418707192, 436151.969261569611263 ], [ 432002.189516233513132, 436142.782391151587944 ] ] ] } },
{ "type": "Feature", "properties": { "bicycle": null, "foot": null, "highway": "primary", "horse": null, "motorcar": null, "name": "Easterly Road", "surface": "asphalt", "osm_type": "way", "osm_id": 184041410, "lanes": "2", "maxspeed": "40 mph", "source": null, "source:name": null, "fixme": null, "lit": "yes", "maxspeed:type": null, "sidewalk:both": null, "oneway": "yes", "turn:lanes": null, "dual_carriageway": "yes", "ref": "A58", "postal_code": null, "cycleway:left": null, "cycleway:right": null, "oneway:bicycle": null, "not:name": null, "not:name:note": null, "lane_markings": null, "sidewalk:left": null, "lanes:backward": null, "lanes:forward": null, "lanes:psv:forward": null, "cycleway": null, "turn:lanes:backward": null, "turn:lanes:forward": null, "cycleway:right:lane": null, "sidewalk": null, "motor_vehicle": null }, "geometry": { "type": "Polygon", "coordinates": [ [ [ 432124.014252314635087, 435864.102013237948995 ], [ 432125.06451725307852, 435863.564297732315026 ], [ 432149.869651708344463, 435848.956606544612441 ], [ 432198.102221569221001, 435821.900445510924328 ], [ 432216.060536632605363, 435814.880995366082061 ], [ 432247.093072034534998, 435804.631725994462613 ], [ 432289.330103298125323, 435798.422627262829337 ], [ 432323.410313171509188, 435800.383600087661762 ], [ 432332.47192674985854, 435801.798380493069999 ], [ 432332.876780954480637, 435801.853143566346262 ], [ 432361.10939557821257, 435805.086295866931323 ], [ 432407.607479160069488, 435814.29544301884016 ], [ 432452.422135286382399, 435825.012933267687913 ], [ 432514.641786858031992, 435841.605935459025204 ], [ 432573.240344576828647, 435860.912314436747693 ], [ 432600.895885130565148, 435872.41024632868357 ], [ 432627.391190901631489, 435883.431348406651523 ], [ 432627.675417822203599, 435883.544508464052342 ], [ 432639.808183940534946, 435888.161234066530596 ], [ 432655.742587843851652, 435895.497885793854948 ], [ 432678.375783694500569, 435905.920429728226736 ], [ 432710.382164241396822, 435921.81193440197967 ], [ 432776.272627431084402, 435957.075713340134826 ], [ 432818.496739285124931, 435981.415466222912073 ], [ 432841.023710752604529, 435994.392297014477663 ], [ 432841.221321923250798, 435994.503169778326992 ], [ 432893.813580232090317, 436023.232346223900095 ], [ 432916.675217446812894, 436035.731202341150492 ], [ 432916.733298165956512, 436035.7627072930336 ], [ 433100.382639826217201, 436134.596483873203397 ], [ 433160.524320472672116, 436167.494572661758866 ], [ 433266.433241413848009, 436225.422983080672566 ], [ 433271.860956065298524, 436228.494872594659682 ], [ 433274.538765995181166, 436230.01369395601796 ], [ 433287.870064573653508, 436237.563332670950331 ], [ 433289.609195622149855, 436239.269017851620447 ], [ 433303.613364607910626, 436224.990248611255083 ], [ 433300.939356978633441, 436222.367665804631542 ], [ 433300.294046590919606, 436221.787502317805775 ], [ 433299.600868729990907, 436221.265468199155293 ], [ 433298.865043130295817, 436220.805494444735814 ], [ 433284.402987523528282, 436212.615500236570369 ], [ 433281.724039904132951, 436211.096033591486048 ], [ 433276.221102267445531, 436207.981565663940273 ], [ 433276.094335237285122, 436207.911029228242114 ], [ 433170.12223371793516, 436149.948061288741883 ], [ 433109.95073541556485, 436117.033661950088572 ], [ 433109.890680210955907, 436117.001077223918401 ], [ 432926.240347693150397, 436018.166767398244701 ], [ 432903.406161601829808, 436005.682919289334677 ], [ 432850.908725282119121, 435977.00553983746795 ], [ 432828.483683509344701, 435964.087426889338531 ], [ 432786.124283494835254, 435939.669688224326819 ], [ 432785.848793814366218, 435939.516616696782876 ], [ 432719.684702571365051, 435904.106395334063563 ], [ 432719.413209896767512, 435903.966387410182506 ], [ 432687.138777554617263, 435887.941792199970223 ], [ 432686.87445255019702, 435887.815344905247912 ], [ 432664.10790686373366, 435877.331393623375334 ], [ 432647.864247776335105, 435869.852352015383076 ], [ 432647.23838117235573, 435869.589548747637309 ], [ 432634.931198408536147, 435864.906454620067962 ], [ 432608.576316865335684, 435853.94376401178306 ], [ 432580.56842867017258, 435842.299341620295309 ], [ 432579.858669926878065, 435842.035308765654918 ], [ 432520.626384061237331, 435822.520136325329076 ], [ 432520.073947473370936, 435822.355616934248246 ], [ 432457.450686355761718, 435805.654978426871821 ], [ 432457.199826595431659, 435805.59154281206429 ], [ 432412.068591402785387, 435794.798342218622565 ], [ 432411.685471979610156, 435794.714624940359499 ], [ 432364.595039072679356, 435785.388160435191821 ], [ 432363.789980263391044, 435785.262554650835227 ], [ 432335.355262067168951, 435782.006257783563342 ], [ 432326.01395453576697, 435780.547809049021453 ], [ 432325.045802157372236, 435780.444624932017177 ], [ 432289.459978578903247, 435778.397019202937372 ], [ 432288.443253584380727, 435778.390291164861992 ], [ 432287.431100727291778, 435778.486839468125254 ], [ 432243.326097581128124, 435784.970541350077838 ], [ 432242.476630225370172, 435785.133223184850067 ], [ 432241.644397398573346, 435785.368698639911599 ], [ 432209.533645394316409, 435795.974075956153683 ], [ 432209.029251756437588, 435796.155799938482232 ], [ 432190.174706209043507, 435803.525563861592673 ], [ 432188.922875032643788, 435804.117831176321488 ], [ 432139.993350284057669, 435831.564950513246004 ], [ 432139.811261657276191, 435831.669622454908676 ], [ 432115.424875882803462, 435846.030713430664036 ], [ 432087.503477266465779, 435858.30444845877355 ], [ 432095.551832118013408, 435876.613571435736958 ], [ 432124.014252314635087, 435864.102013237948995 ] ] ] } },
{ "type": "Feature", "properties": { "bicycle": null, "foot": null, "highway": "tertiary", "horse": null, "motorcar": null, "name": "Wetherby Road", "surface": "asphalt", "osm_type": "way", "osm_id": 184041418, "lanes": "2", "maxspeed": "30 mph", "source": null, "source:name": null, "fixme": null, "lit": "yes", "maxspeed:type": null, "sidewalk:both": null, "oneway": null, "turn:lanes": null, "dual_carriageway": null, "ref": null, "postal_code": null, "cycleway:left": null, "cycleway:right": null, "oneway:bicycle": null, "not:name": null, "not:name:note": null, "lane_markings": null, "sidewalk:left": null, "lanes:backward": null, "lanes:forward": null, "lanes:psv:forward": null, "cycleway": null, "turn:lanes:backward": null, "turn:lanes:forward": null, "cycleway:right:lane": null, "sidewalk": null, "motor_vehicle": null }, "geometry": { "type": "Polygon", "coordinates": [ [ [ 434167.749268501298502, 437036.780303396459203 ], [ 434139.494623516860884, 437039.387870122154709 ], [ 434138.803581350541208, 437039.486599174153525 ], [ 434138.125808548356872, 437039.653664221346844 ], [ 434045.857776696211658, 437067.344013814756181 ], [ 434045.840609484934248, 437067.349189803993795 ], [ 433998.133608844713308, 437081.799740039976314 ], [ 433949.444355548010208, 437095.908455449680332 ], [ 433910.09150837699417, 437106.287008046521805 ], [ 433847.849043565976899, 437120.598361523356289 ], [ 433800.247696466569323, 437131.536890182236675 ], [ 433793.040657901437953, 437133.191766015428584 ], [ 433786.085008644440677, 437134.234689995006192 ], [ 433769.887346950359643, 437136.666113429469988 ], [ 433769.831763461697847, 437136.674685501493514 ], [ 433739.933310400461778, 437141.408659066946711 ], [ 433728.67738750949502, 437143.15043144999072 ], [ 433717.495336281310301, 437144.880801010411233 ], [ 433694.444205216306727, 437147.86309385986533 ], [ 433672.28116649761796, 437150.72644461231539 ], [ 433652.274408910481725, 437152.202860422548838 ], [ 433652.008793005603366, 437152.227558583777864 ], [ 433619.32412356173154, 437155.896127242420334 ], [ 433604.844937687914353, 437156.271912673371844 ], [ 433604.337767066026572, 437156.303526122064795 ], [ 433576.113301155390218, 437159.094291793589946 ], [ 433575.179206688248087, 437159.251044073142111 ], [ 433564.392421314085368, 437161.821895334403962 ], [ 433563.919241928262636, 437161.952360345341731 ], [ 433553.832499073294457, 437165.117952186323237 ], [ 433553.779174434370361, 437165.134921858669259 ], [ 433541.026476989907678, 437169.249462305568159 ], [ 433540.431942591676489, 437169.471513572440017 ], [ 433539.859963072813116, 437169.746499655302614 ], [ 433452.070676076575182, 437216.966181644878816 ], [ 433419.502822775451932, 437232.924785734969191 ], [ 433401.056302358279936, 437241.239855384104885 ], [ 433389.240459121356253, 437244.757520825194661 ], [ 433377.555151274253149, 437245.615372658823617 ], [ 433367.305150883330498, 437243.953435931238346 ], [ 433323.062312862137333, 437234.039242290542461 ], [ 433214.101416722929571, 437203.947842919966206 ], [ 433192.119957364338916, 437197.871799308806658 ], [ 433164.66081390256295, 437185.77432789671002 ], [ 433150.67260616045678, 437179.606813393183984 ], [ 433133.625254803686403, 437169.944124107540119 ], [ 433103.488879672018811, 437152.865667103906162 ], [ 433081.457030177058186, 437136.872456672717817 ], [ 433034.494895001873374, 437102.797773968777619 ], [ 433014.905046362255234, 437086.091195703716949 ], [ 433014.385981951025315, 437085.689006122294813 ], [ 432916.562779781699646, 437016.985009544063359 ], [ 432916.373920041951351, 437016.856913530442398 ], [ 432887.806452093238477, 436998.153270238079131 ], [ 432864.500277199607808, 436982.891382172296289 ], [ 432825.624698985891882, 436957.439455878862645 ], [ 432771.252518399443943, 436921.854865907051135 ], [ 432758.751265927567147, 436913.667992736329325 ], [ 432758.373459883325268, 436913.437304591469001 ], [ 432724.974795860529412, 436894.467097764660139 ], [ 432718.060401979077142, 436906.640476804634091 ], [ 432751.266514079004992, 436925.501315490284469 ], [ 432763.583375381422229, 436933.567433790885843 ], [ 432817.956675158522557, 436969.15275647805538 ], [ 432856.830897154228296, 436994.603794811933767 ], [ 432880.137038635730278, 437009.86566099798074 ], [ 432908.60980055964319, 437028.507298557204194 ], [ 433006.070642386970576, 437096.95679923723219 ], [ 433025.61940324032912, 437113.628337092930451 ], [ 433026.050731664872728, 437113.967892908782233 ], [ 433073.233326404704712, 437148.202535968797747 ], [ 433095.583046825428028, 437164.426493101753294 ], [ 433096.243941758933943, 437164.851732571201865 ], [ 433126.721965197939426, 437182.123803606664296 ], [ 433144.075009382679127, 437191.959764079831075 ], [ 433144.702737062470987, 437192.275054662663024 ], [ 433159.013655179471243, 437198.584854793793056 ], [ 433186.941770768200513, 437210.888938101765234 ], [ 433187.898979578749277, 437211.230050141690299 ], [ 433210.372238554060459, 437217.442035405780189 ], [ 433319.500850848504342, 437247.5797526325332 ], [ 433319.833624079881702, 437247.662934915686492 ], [ 433364.447831894329283, 437257.660347269440535 ], [ 433364.858123324112967, 437257.739506668120157 ], [ 433376.126682235393673, 437259.566592639603186 ], [ 433376.941020103578921, 437259.650138263299596 ], [ 433377.759543006250169, 437259.638043116545305 ], [ 433391.022647187463008, 437258.664360746275634 ], [ 433391.772411279438529, 437258.568397514347453 ], [ 433392.507456856546924, 437258.392150145198684 ], [ 433405.50158763199579, 437254.52369963779347 ], [ 433406.380886034225114, 437254.196316629298963 ], [ 433425.358601094281767, 437245.641802339465357 ], [ 433425.562144381343387, 437245.54608807322802 ], [ 433458.350013850955293, 437229.479673655761871 ], [ 433458.585748030454852, 437229.358574578771368 ], [ 433545.931100169837009, 437182.37767414766131 ], [ 433558.051310831389856, 437178.4671997394762 ], [ 433567.877056197554339, 437175.383518534363247 ], [ 433577.96323084004689, 437172.979646212654188 ], [ 433605.462323683663271, 437170.260603643371724 ], [ 433619.987823737901635, 437169.883616197737865 ], [ 433620.58699649159098, 437169.842291487904731 ], [ 433653.437792480515782, 437166.155076575640123 ], [ 433673.502907295536716, 437164.674354243790731 ], [ 433673.884646878228523, 437164.635638849751558 ], [ 433696.23864747287007, 437161.747616803913843 ], [ 433719.377959383476991, 437158.753915469278581 ], [ 433719.550279911141843, 437158.729439254384488 ], [ 433730.818322158127557, 437156.985762990312651 ], [ 433742.086356017680373, 437155.242116522742435 ], [ 433742.110605482885148, 437155.238320549950004 ], [ 433771.993405425513629, 437150.506825422111433 ], [ 433788.161527639837004, 437148.079836047021672 ], [ 433795.382824237574823, 437146.997081136971246 ], [ 433795.91142074263189, 437146.8969179468113 ], [ 433803.38139898981899, 437145.18166606297018 ], [ 433850.984884261211846, 437134.242646163271274 ], [ 433913.337334851967171, 437119.906003814539872 ], [ 433913.553839018626604, 437119.852578501275275 ], [ 433953.096370737242978, 437109.424000272352714 ], [ 433953.259540714672767, 437109.378849985136185 ], [ 434002.070686668972485, 437095.234813663701061 ], [ 434002.151703149138484, 437095.210806486371439 ], [ 434049.890559287799988, 437080.750607153342571 ], [ 434141.478899254871067, 437053.264238348638173 ], [ 434169.05152723757783, 437050.71961365750758 ], [ 434169.082906575116795, 437050.716646455402952 ], [ 434207.979022147483192, 437046.950292628549505 ], [ 434206.629697737284005, 437033.015468494908419 ], [ 434167.749268501298502, 437036.780303396459203 ] ] ] } },
{ "type": "Feature", "properties": { "bicycle": null, "foot": null, "highway": "residential", "horse": null, "motorcar": null, "name": "Montagu Court", "surface": null, "osm_type": "way", "osm_id": 193986873, "lanes": null, "maxspeed": null, "source": "bing", "source:name": "OS_OpenData_Locator", "fixme": null, "lit": null, "maxspeed:type": null, "sidewalk:both": null, "oneway": null, "turn:lanes": null, "dual_carriageway": null, "ref": null, "postal_code": null, "cycleway:left": null, "cycleway:right": null, "oneway:bicycle": null, "not:name": null, "not:name:note": null, "lane_markings": null, "sidewalk:left": null, "lanes:backward": null, "lanes:forward": null, "lanes:psv:forward": null, "cycleway": null, "turn:lanes:backward": null, "turn:lanes:forward": null, "cycleway:right:lane": null, "sidewalk": null, "motor_vehicle": null }, "geometry": { "type": "Polygon", "coordinates": [ [ [ 432957.696187740890309, 436548.760391624935437 ], [ 432959.862380871432833, 436548.999870326078963 ], [ 432977.277004718489479, 436563.875583171262406 ], [ 432983.772045389341656, 436556.272001996287145 ], [ 432965.187996728287544, 436540.397356996196322 ], [ 432964.794398884987459, 436540.093648051493801 ], [ 432964.372586206765845, 436539.830527452169918 ], [ 432963.926728875085246, 436539.610596496786457 ], [ 432963.461234785150737, 436539.436029496544506 ], [ 432962.980705967696849, 436539.30855227925349 ], [ 432962.489893091784324, 436539.229425127559807 ], [ 432956.47112747997744, 436538.564033777627628 ], [ 432955.986235378833953, 436538.534172593441326 ], [ 432955.500734134402592, 436538.551509886689018 ], [ 432955.0192071122583, 436538.615881984878797 ], [ 432954.546200159413274, 436538.726681184431072 ], [ 432954.086178689263761, 436538.882861487567425 ], [ 432953.643485526088625, 436539.082948477007449 ], [ 432953.222299906483386, 436539.325053235166706 ], [ 432952.826598025625572, 436539.606890176539309 ], [ 432952.460115499736276, 436539.925798624695744 ], [ 432926.890609378984664, 436564.458038557611872 ], [ 432933.813799941621255, 436571.67395377572393 ], [ 432957.696187740890309, 436548.760391624935437 ] ] ] } },
{ "type": "Feature", "properties": { "bicycle": null, "foot": null, "highway": "residential", "horse": null, "motorcar": null, "name": "Oakwood Nook", "surface": null, "osm_type": "way", "osm_id": 193986878, "lanes": null, "maxspeed": null, "source": "bing", "source:name": "OS_OpenData_Locator", "fixme": null, "lit": null, "maxspeed:type": null, "sidewalk:both": null, "oneway": null, "turn:lanes": null, "dual_carriageway": null, "ref": null, "postal_code": null, "cycleway:left": null, "cycleway:right": null, "oneway:bicycle": null, "not:name": null, "not:name:note": null, "lane_markings": null, "sidewalk:left": null, "lanes:backward": null, "lanes:forward": null, "lanes:psv:forward": null, "cycleway": null, "turn:lanes:backward": null, "turn:lanes:forward": null, "cycleway:right:lane": null, "sidewalk": null, "motor_vehicle": null }, "geometry": { "type": "Polygon", "coordinates": [ [ [ 432694.927439768391196, 436675.926437252725009 ], [ 432687.316817660757806, 436669.439648283121642 ], [ 432670.79049731377745, 436688.829145857307594 ], [ 432678.40111942141084, 436695.315934826910961 ], [ 432694.927439768391196, 436675.926437252725009 ] ] ] } },
{ "type": "Feature", "properties": { "bicycle": null, "foot": null, "highway": "tertiary_link", "horse": null, "motorcar": null, "name": "Gledhow Lane", "surface": "asphalt", "osm_type": "way", "osm_id": 310464600, "lanes": null, "maxspeed": "20 mph", "source": null, "source:name": null, "fixme": null, "lit": null, "maxspeed:type": null, "sidewalk:both": null, "oneway": null, "turn:lanes": null, "dual_carriageway": null, "ref": null, "postal_code": null, "cycleway:left": null, "cycleway:right": null, "oneway:bicycle": null, "not:name": null, "not:name:note": null, "lane_markings": "no", "sidewalk:left": null, "lanes:backward": null, "lanes:forward": null, "lanes:psv:forward": null, "cycleway": null, "turn:lanes:backward": null, "turn:lanes:forward": null, "cycleway:right:lane": null, "sidewalk": null, "motor_vehicle": null }, "geometry": { "type": "Polygon", "coordinates": [ [ [ 432373.233872245182283, 437001.299261116655543 ], [ 432371.358472746855114, 437007.88442561525153 ], [ 432380.976052813872229, 437010.623431576357689 ], [ 432382.851400214363821, 437004.038450005173218 ], [ 432384.881904973823112, 436996.909343329141848 ], [ 432375.264394244470168, 436994.170093911583535 ], [ 432373.233872245182283, 437001.299261116655543 ] ] ] } },
{ "type": "Feature", "properties": { "bicycle": null, "foot": null, "highway": "tertiary_link", "horse": null, "motorcar": null, "name": "Gledhow Lane", "surface": "asphalt", "osm_type": "way", "osm_id": 310464606, "lanes": null, "maxspeed": "20 mph", "source": null, "source:name": null, "fixme": null, "lit": null, "maxspeed:type": null, "sidewalk:both": null, "oneway": null, "turn:lanes": null, "dual_carriageway": null, "ref": null, "postal_code": null, "cycleway:left": null, "cycleway:right": null, "oneway:bicycle": null, "not:name": null, "not:name:note": null, "lane_markings": "no", "sidewalk:left": null, "lanes:backward": null, "lanes:forward": null, "lanes:psv:forward": null, "cycleway": null, "turn:lanes:backward": null, "turn:lanes:forward": null, "cycleway:right:lane": null, "sidewalk": null, "motor_vehicle": null }, "geometry": { "type": "Polygon", "coordinates": [ [ [ 432111.930084236490075, 436986.18547199096065 ], [ 432114.781609475903679, 436990.901612752932124 ], [ 432123.339005239482503, 436985.7275449387962 ], [ 432120.488609968568198, 436981.013273442513309 ], [ 432116.681467557442375, 436974.712493451195769 ], [ 432108.122565367026255, 436979.884068965096958 ], [ 432111.930084236490075, 436986.18547199096065 ] ] ] } },
{ "type": "Feature", "properties": { "bicycle": null, "foot": null, "highway": "tertiary_link", "horse": null, "motorcar": null, "name": "Gledhow Lane", "surface": "asphalt", "osm_type": "way", "osm_id": 310464610, "lanes": null, "maxspeed": "20 mph", "source": null, "source:name": null, "fixme": null, "lit": null, "maxspeed:type": null, "sidewalk:both": null, "oneway": null, "turn:lanes": null, "dual_carriageway": null, "ref": null, "postal_code": null, "cycleway:left": null, "cycleway:right": null, "oneway:bicycle": null, "not:name": null, "not:name:note": null, "lane_markings": "no", "sidewalk:left": null, "lanes:backward": null, "lanes:forward": null, "lanes:psv:forward": null, "cycleway": null, "turn:lanes:backward": null, "turn:lanes:forward": null, "cycleway:right:lane": null, "sidewalk": null, "motor_vehicle": null }, "geometry": { "type": "Polygon", "coordinates": [ [ [ 432244.996846986352466, 436976.306257022544742 ], [ 432244.015473694133107, 436982.172668775485363 ], [ 432253.878419286513235, 436983.822609453753103 ], [ 432254.860061539278831, 436977.954589919827413 ], [ 432255.917936720827129, 436971.605437777296174 ], [ 432246.053917399200145, 436969.961928476055618 ], [ 432244.996846986352466, 436976.306257022544742 ] ] ] } },
{ "type": "Feature", "properties": { "bicycle": null, "foot": null, "highway": "tertiary", "horse": null, "motorcar": null, "name": "Gledhow Lane", "surface": "asphalt", "osm_type": "way", "osm_id": 391867528, "lanes": "1", "maxspeed": "20 mph", "source": null, "source:name": null, "fixme": null, "lit": "yes", "maxspeed:type": null, "sidewalk:both": null, "oneway": "yes", "turn:lanes": null, "dual_carriageway": null, "ref": null, "postal_code": null, "cycleway:left": null, "cycleway:right": null, "oneway:bicycle": null, "not:name": null, "not:name:note": null, "lane_markings": null, "sidewalk:left": "yes", "lanes:backward": null, "lanes:forward": null, "lanes:psv:forward": null, "cycleway": null, "turn:lanes:backward": null, "turn:lanes:forward": null, "cycleway:right:lane": null, "sidewalk": null, "motor_vehicle": null }, "geometry": { "type": "Polygon", "coordinates": [ [ [ 432047.379795930115506, 437040.298004751035478 ], [ 432048.040827037068084, 437040.268653587321751 ], [ 432048.696133580117021, 437040.177018715068698 ], [ 432049.339860280102585, 437040.023918908031192 ], [ 432049.966255325765815, 437039.810722139838617 ], [ 432050.569721767213196, 437039.539333361084573 ], [ 432051.144867525727022, 437039.212177478300873 ], [ 432079.010846235440113, 437021.56799429183593 ], [ 432122.624818248092197, 436994.341387029213365 ], [ 432150.47424533526646, 436978.75853758957237 ], [ 432165.664724623668008, 436979.647594268375542 ], [ 432240.21830478310585, 436988.535523755126633 ], [ 432247.703455590875819, 436989.8863059306168 ], [ 432301.751871855347417, 436999.645477301150095 ], [ 432374.627111322421115, 437016.082393539429177 ], [ 432385.780123526114039, 437018.589762980351225 ], [ 432428.746036351891235, 437030.064973732165527 ], [ 432471.705502526194323, 437052.303325899934862 ], [ 432472.213935601175763, 437052.541178603074513 ], [ 432472.739791692001745, 437052.737528983561788 ], [ 432482.190189270942938, 437055.840527961787302 ], [ 432482.838963433285244, 437056.019498183566611 ], [ 432483.501926069904584, 437056.135337712534238 ], [ 432484.172948994266335, 437056.18697576993145 ], [ 432484.845829513506033, 437056.173935032333247 ], [ 432493.209234513342381, 437055.608810956124216 ], [ 432493.932142772071529, 437055.522010459681042 ], [ 432494.642124178411905, 437055.36058840615442 ], [ 432495.331497448205482, 437055.126291219668929 ], [ 432508.268548372085206, 437049.964280559390318 ], [ 432503.080180037184618, 437036.961171930248383 ], [ 432491.166292985726614, 437041.714930134243332 ], [ 432485.262276038294658, 437042.113870771892834 ], [ 432477.641825409431476, 437039.611727309937123 ], [ 432434.505884473386686, 437017.282021402206738 ], [ 432433.814812065334991, 437016.97049972723471 ], [ 432433.094106084201485, 437016.735532248974778 ], [ 432389.257823924534023, 437005.027865792624652 ], [ 432388.986978793051094, 437004.961280500981957 ], [ 432377.705030965909828, 437002.424926108156797 ], [ 432304.684663995285518, 436985.955276548687834 ], [ 432304.388343268830795, 436985.895136037550401 ], [ 432250.190777221811004, 436976.109033659857232 ], [ 432242.498280087835155, 436974.720833403116558 ], [ 432242.0837689160835, 436974.658780604077037 ], [ 432167.112740329001099, 436965.721084866265301 ], [ 432166.693091420514975, 436965.683824170613661 ], [ 432149.250218709523324, 436964.662941143382341 ], [ 432148.587143153359648, 436964.655595712421928 ], [ 432147.92634773964528, 436964.711026478325948 ], [ 432147.273762408061884, 436964.828736008668784 ], [ 432146.635243421362247, 436965.007667984988075 ], [ 432146.016520811710507, 436965.24621668207692 ], [ 432145.423146959859878, 436965.542241377814207 ], [ 432115.642226332623977, 436982.20583739556605 ], [ 432115.353460493148305, 436982.376625804346986 ], [ 432071.578179029515013, 437009.703932656324469 ], [ 432071.540308151801582, 437009.727742562012281 ], [ 432045.379682974598836, 437026.292129828187171 ], [ 432021.908072096470278, 437026.22388129302999 ], [ 432021.867364389763679, 437040.223822110157926 ], [ 432047.379795930115506, 437040.298004751035478 ] ] ] } },
{ "type": "Feature", "properties": { "bicycle": null, "foot": null, "highway": "residential", "horse": null, "motorcar": null, "name": "Oakwood Boundary Road", "surface": "sett", "osm_type": "way", "osm_id": 511853115, "lanes": null, "maxspeed": null, "source": null, "source:name": "OS_OpenData_Locator", "fixme": null, "lit": null, "maxspeed:type": null, "sidewalk:both": null, "oneway": null, "turn:lanes": null, "dual_carriageway": null, "ref": null, "postal_code": null, "cycleway:left": null, "cycleway:right": null, "oneway:bicycle": null, "not:name": null, "not:name:note": null, "lane_markings": null, "sidewalk:left": null, "lanes:backward": null, "lanes:forward": null, "lanes:psv:forward": null, "cycleway": null, "turn:lanes:backward": null, "turn:lanes:forward": null, "cycleway:right:lane": null, "sidewalk": null, "motor_vehicle": null }, "geometry": { "type": "Polygon", "coordinates": [ [ [ 432607.396956179174595, 436762.914208999718539 ], [ 432607.402025290299207, 436762.910354577645194 ], [ 432618.248495806823485, 436754.652070636686403 ], [ 432618.54631440481171, 436754.406596161832567 ], [ 432631.045387000194751, 436743.266955845232587 ], [ 432631.252648350375239, 436743.071357791195624 ], [ 432653.100179732893594, 436721.24308484478388 ], [ 432663.099463151593227, 436711.559921522100922 ], [ 432663.260544662072789, 436711.396607770817354 ], [ 432678.235190920880996, 436695.501081523252651 ], [ 432670.956425814307295, 436688.643999160965905 ], [ 432656.060446710966062, 436704.456020542129409 ], [ 432646.11552703299094, 436714.086538794392254 ], [ 432646.059853473911062, 436714.141301204217598 ], [ 432624.285541573364753, 436735.896419211057946 ], [ 432612.03705668495968, 436746.812726404168643 ], [ 432601.346769289928488, 436754.952095665736124 ], [ 432599.403721927083097, 436756.427587256184779 ], [ 432605.451373012270778, 436764.391626203316264 ], [ 432607.396956179174595, 436762.914208999718539 ] ] ] } },
{ "type": "Feature", "properties": { "bicycle": null, "foot": null, "highway": "tertiary", "horse": null, "motorcar": null, "name": "Gledhow Lane", "surface": "asphalt", "osm_type": "way", "osm_id": 544653037, "lanes": "1", "maxspeed": "20 mph", "source": null, "source:name": null, "fixme": null, "lit": "yes", "maxspeed:type": null, "sidewalk:both": null, "oneway": "yes", "turn:lanes": null, "dual_carriageway": null, "ref": null, "postal_code": null, "cycleway:left": null, "cycleway:right": null, "oneway:bicycle": null, "not:name": null, "not:name:note": null, "lane_markings": null, "sidewalk:left": "yes", "lanes:backward": null, "lanes:forward": null, "lanes:psv:forward": null, "cycleway": null, "turn:lanes:backward": null, "turn:lanes:forward": null, "cycleway:right:lane": null, "sidewalk": null, "motor_vehicle": null }, "geometry": { "type": "Polygon", "coordinates": [ [ [ 432492.809347037575208, 437033.960913492774125 ], [ 432480.18690449395217, 437029.038491788727697 ], [ 432466.142421179858502, 437022.032757527951617 ], [ 432439.178595234348904, 437007.468525808886625 ], [ 432438.637819586496335, 437007.20577683323063 ], [ 432438.076491980988067, 437006.990401243208908 ], [ 432393.741902081354056, 436992.13046028453391 ], [ 432393.417522468080278, 436992.030416467459872 ], [ 432381.973375082656275, 436988.802572106476873 ], [ 432381.445186033146456, 436988.675498631841037 ], [ 432307.64683190593496, 436973.924510163546074 ], [ 432307.521267802570947, 436973.900602194946259 ], [ 432252.233340972627047, 436963.895725559559651 ], [ 432245.278795807505958, 436962.635270665574353 ], [ 432244.931242334540002, 436962.581259848666377 ], [ 432168.156898380373605, 436952.618641010369174 ], [ 432167.360722319863271, 436952.561220682109706 ], [ 432154.980511483794544, 436952.376158359344117 ], [ 432143.096273004543036, 436952.205622928508092 ], [ 432142.456980559974909, 436952.225673544220626 ], [ 432141.822186974633951, 436952.303993151115719 ], [ 432141.197192086372524, 436952.439927865401842 ], [ 432140.587213924794924, 436952.632342779601458 ], [ 432139.997345145908184, 436952.879631438001525 ], [ 432139.432510514336172, 436953.179729248397052 ], [ 432108.838690895936452, 436971.273108106222935 ], [ 432108.520951556565706, 436971.472705253923777 ], [ 432066.068706495047081, 436999.754873363941442 ], [ 432055.067294871318154, 437007.08642335946206 ], [ 432018.527225042227656, 437027.083242167776916 ], [ 432025.248211444006301, 437039.364461235411 ], [ 432062.0558620642405, 437019.221206894202624 ], [ 432062.57727154152235, 437018.905615094059613 ], [ 432073.831255204684567, 437011.405746197560802 ], [ 432116.126887473743409, 436983.22791530971881 ], [ 432144.86428785714088, 436966.232434555422515 ], [ 432154.77335411083186, 436966.374625782947987 ], [ 432166.751742705353536, 436966.553681571735069 ], [ 432242.955182862468064, 436976.442217107862234 ], [ 432249.737571557867341, 436977.671470038301777 ], [ 432304.965431965945754, 436987.66547734872438 ], [ 432378.434551304613706, 437002.350657593691722 ], [ 432389.453668480331544, 437005.458621345052961 ], [ 432433.055640179547481, 437020.073005432030186 ], [ 432459.5892030056566, 437034.404834977001883 ], [ 432459.79130748892203, 437034.509789375646506 ], [ 432474.222505710960831, 437041.708426559169311 ], [ 432474.803841022890992, 437041.966133785492275 ], [ 432488.339946105028503, 437047.244859928556252 ], [ 432488.965648688899819, 437047.455451658752281 ], [ 432489.608407928084489, 437047.60616051958641 ], [ 432504.399557482742239, 437050.345666591951158 ], [ 432506.949170926527586, 437036.579785897687543 ], [ 432492.809347037575208, 437033.960913492774125 ] ] ] } },
{ "type": "Feature", "properties": { "bicycle": null, "foot": null, "highway": "tertiary", "horse": null, "motorcar": null, "name": "Roundhay Road", "surface": "asphalt", "osm_type": "way", "osm_id": 544653038, "lanes": null, "maxspeed": "40 mph", "source": null, "source:name": "OS_OpenData_StreetView", "fixme": null, "lit": "yes", "maxspeed:type": null, "sidewalk:both": null, "oneway": null, "turn:lanes": null, "dual_carriageway": null, "ref": null, "postal_code": null, "cycleway:left": "share_busway", "cycleway:right": "lane", "oneway:bicycle": null, "not:name": null, "not:name:note": null, "lane_markings": null, "sidewalk:left": null, "lanes:backward": "1", "lanes:forward": "2", "lanes:psv:forward": "1", "cycleway": null, "turn:lanes:backward": null, "turn:lanes:forward": null, "cycleway:right:lane": null, "sidewalk": null, "motor_vehicle": null }, "geometry": { "type": "Polygon", "coordinates": [ [ [ 432491.000654395029414, 436567.147832073213067 ], [ 432487.821562849392649, 436553.899939000722952 ], [ 432487.393771489732899, 436552.109117769694421 ], [ 432487.391942245361861, 436552.101479149190709 ], [ 432485.152648881427012, 436542.773671792994719 ], [ 432473.239123170322273, 436493.112213833199348 ], [ 432473.117596377443988, 436492.67002372344723 ], [ 432466.33042367931921, 436470.804048729653005 ], [ 432466.153737653628923, 436470.302869824226946 ], [ 432465.939540722116362, 436469.816538742103148 ], [ 432459.046354920254089, 436455.649350319348741 ], [ 432458.737490241823252, 436455.082575956941582 ], [ 432448.466545558127109, 436438.14379235659726 ], [ 432448.175136659003329, 436437.701812761952169 ], [ 432439.516503935679793, 436425.591960744583048 ], [ 432439.122523758094758, 436425.090846543200314 ], [ 432413.63924444274744, 436395.551933738868684 ], [ 432403.038824304530863, 436404.696937450906262 ], [ 432428.313693379226606, 436433.994271773553919 ], [ 432436.632689152262174, 436445.629111934045795 ], [ 432446.598780151281971, 436462.065132570103742 ], [ 432453.117606487008743, 436475.462920421559829 ], [ 432459.67889331310289, 436496.601167530927341 ], [ 432471.539034230168909, 436546.040091308241244 ], [ 432473.777808476705104, 436555.365736668463796 ], [ 432474.205525379336905, 436557.156246207247023 ], [ 432474.207205048296601, 436557.163261643552687 ], [ 432477.387135998927988, 436570.414652680221479 ], [ 432480.567046028678305, 436583.666036848619115 ], [ 432494.180566671071574, 436580.399225602217484 ], [ 432491.000654395029414, 436567.147832073213067 ] ] ] } },
{ "type": "Feature", "properties": { "bicycle": null, "foot": null, "highway": "tertiary", "horse": null, "motorcar": null, "name": "Roundhay Road", "surface": "asphalt", "osm_type": "way", "osm_id": 654665561, "lanes": null, "maxspeed": "30 mph", "source": null, "source:name": null, "fixme": null, "lit": "yes", "maxspeed:type": null, "sidewalk:both": null, "oneway": null, "turn:lanes": null, "dual_carriageway": null, "ref": null, "postal_code": null, "cycleway:left": null, "cycleway:right": null, "oneway:bicycle": null, "not:name": null, "not:name:note": null, "lane_markings": null, "sidewalk:left": null, "lanes:backward": "1", "lanes:forward": "2", "lanes:psv:forward": null, "cycleway": "lane", "turn:lanes:backward": null, "turn:lanes:forward": null, "cycleway:right:lane": null, "sidewalk": null, "motor_vehicle": null }, "geometry": { "type": "Polygon", "coordinates": [ [ [ 432085.69155830895761, 436001.170932681357954 ], [ 432070.245186483196449, 435974.474642564251553 ], [ 432063.660341052396689, 435963.092005214246456 ], [ 432051.542018241423648, 435970.10244402004173 ], [ 432058.126990992401261, 435981.485301457170863 ], [ 432073.574507674085908, 436008.183570289809722 ], [ 432075.846934855740983, 436012.107118959596846 ], [ 432087.961698009108659, 436005.090530490910169 ], [ 432085.69155830895761, 436001.170932681357954 ] ] ] } },
{ "type": "Feature", "properties": { "bicycle": null, "foot": null, "highway": "tertiary", "horse": null, "motorcar": null, "name": "Roundhay Road", "surface": "asphalt", "osm_type": "way", "osm_id": 667733431, "lanes": "4", "maxspeed": "30 mph", "source": null, "source:name": "OS_OpenData_StreetView", "fixme": null, "lit": "yes", "maxspeed:type": null, "sidewalk:both": null, "oneway": null, "turn:lanes": null, "dual_carriageway": null, "ref": null, "postal_code": null, "cycleway:left": null, "cycleway:right": null, "oneway:bicycle": null, "not:name": null, "not:name:note": null, "lane_markings": null, "sidewalk:left": null, "lanes:backward": "3", "lanes:forward": "1", "lanes:psv:forward": null, "cycleway": null, "turn:lanes:backward": "left|through|right", "turn:lanes:forward": null, "cycleway:right:lane": null, "sidewalk": null, "motor_vehicle": null }, "geometry": { "type": "Polygon", "coordinates": [ [ [ 432647.877965194522403, 436857.5854953424423 ], [ 432631.491733136877883, 436847.591119019081816 ], [ 432618.994628877437208, 436868.080686733592302 ], [ 432635.971333686145954, 436878.435207284288481 ], [ 432637.189746526011731, 436879.085270774492528 ], [ 432647.123758392932359, 436883.671793357527349 ], [ 432657.184036972641479, 436861.882098662608769 ], [ 432647.877965194522403, 436857.5854953424423 ] ] ] } },
{ "type": "Feature", "properties": { "bicycle": null, "foot": null, "highway": "tertiary", "horse": null, "motorcar": null, "name": "Roundhay Road", "surface": "asphalt", "osm_type": "way", "osm_id": 667827209, "lanes": null, "maxspeed": "40 mph", "source": null, "source:name": "OS_OpenData_StreetView", "fixme": null, "lit": "yes", "maxspeed:type": null, "sidewalk:both": null, "oneway": null, "turn:lanes": null, "dual_carriageway": null, "ref": null, "postal_code": null, "cycleway:left": "share_busway", "cycleway:right": "lane", "oneway:bicycle": null, "not:name": null, "not:name:note": null, "lane_markings": null, "sidewalk:left": null, "lanes:backward": "1", "lanes:forward": "3", "lanes:psv:forward": "1", "cycleway": null, "turn:lanes:backward": null, "turn:lanes:forward": "none|through|right", "cycleway:right:lane": null, "sidewalk": null, "motor_vehicle": null }, "geometry": { "type": "Polygon", "coordinates": [ [ [ 432294.499747349938843, 436280.420292725844774 ], [ 432284.853169565612916, 436290.566402179829311 ], [ 432324.449200228089467, 436328.212969218089711 ], [ 432334.095778012415394, 436318.066859764105175 ], [ 432294.499747349938843, 436280.420292725844774 ] ] ] } },
{ "type": "Feature", "properties": { "bicycle": null, "foot": null, "highway": "tertiary", "horse": null, "motorcar": null, "name": "Roundhay Road", "surface": "asphalt", "osm_type": "way", "osm_id": 667827210, "lanes": null, "maxspeed": "40 mph", "source": null, "source:name": "OS_OpenData_StreetView", "fixme": null, "lit": "yes", "maxspeed:type": null, "sidewalk:both": null, "oneway": null, "turn:lanes": null, "dual_carriageway": null, "ref": null, "postal_code": null, "cycleway:left": "share_busway", "cycleway:right": "lane", "oneway:bicycle": null, "not:name": null, "not:name:note": null, "lane_markings": null, "sidewalk:left": null, "lanes:backward": "1", "lanes:forward": "2", "lanes:psv:forward": "1", "cycleway": null, "turn:lanes:backward": null, "turn:lanes:forward": null, "cycleway:right:lane": "advisory", "sidewalk": "both", "motor_vehicle": null }, "geometry": { "type": "Polygon", "coordinates": [ [ [ 432334.096220317936968, 436318.06728032999672 ], [ 432324.448757922567893, 436328.212548652198166 ], [ 432365.770751476171426, 436367.506963176187128 ], [ 432375.418213871540502, 436357.361694853985682 ], [ 432334.096220317936968, 436318.06728032999672 ] ] ] } },
{ "type": "Feature", "properties": { "bicycle": null, "foot": null, "highway": "tertiary", "horse": null, "motorcar": null, "name": "Roundhay Road", "surface": "asphalt", "osm_type": "way", "osm_id": 667827211, "lanes": null, "maxspeed": "40 mph", "source": null, "source:name": "OS_OpenData_StreetView", "fixme": null, "lit": "yes", "maxspeed:type": null, "sidewalk:both": null, "oneway": "no", "turn:lanes": null, "dual_carriageway": null, "ref": null, "postal_code": null, "cycleway:left": "share_busway", "cycleway:right": "lane", "oneway:bicycle": null, "not:name": null, "not:name:note": null, "lane_markings": null, "sidewalk:left": null, "lanes:backward": "1", "lanes:forward": "2", "lanes:psv:forward": "1", "cycleway": null, "turn:lanes:backward": null, "turn:lanes:forward": null, "cycleway:right:lane": null, "sidewalk": null, "motor_vehicle": null }, "geometry": { "type": "Polygon", "coordinates": [ [ [ 432248.361414838582277, 436229.165139997086953 ], [ 432243.479977040726226, 436223.78625728667248 ], [ 432206.406988972972613, 436182.726290419406723 ], [ 432206.347005854884628, 436182.660698529332876 ], [ 432185.902471640671138, 436160.587527600408066 ], [ 432169.591968221822754, 436142.226677668048069 ], [ 432159.125336315715685, 436151.52450626087375 ], [ 432175.484147495182697, 436169.939736583619379 ], [ 432175.581882616737857, 436170.047481779241934 ], [ 432196.04564441164257, 436192.141411981545389 ], [ 432233.094805511937011, 436233.174989433086012 ], [ 432233.106734982167836, 436233.188168166612741 ], [ 432237.99409170774743, 436238.573572975117713 ], [ 432269.350089730054606, 436273.125471970008221 ], [ 432279.717433923564386, 436263.717062201409135 ], [ 432248.361414838582277, 436229.165139997086953 ] ] ] } },
{ "type": "Feature", "properties": { "bicycle": null, "foot": null, "highway": "tertiary", "horse": null, "motorcar": null, "name": "Roundhay Road", "surface": "asphalt", "osm_type": "way", "osm_id": 667827212, "lanes": null, "maxspeed": "40 mph", "source": null, "source:name": "OS_OpenData_StreetView", "fixme": null, "lit": "yes", "maxspeed:type": null, "sidewalk:both": null, "oneway": null, "turn:lanes": null, "dual_carriageway": null, "ref": null, "postal_code": null, "cycleway:left": "share_busway", "cycleway:right": "lane", "oneway:bicycle": null, "not:name": null, "not:name:note": null, "lane_markings": null, "sidewalk:left": null, "lanes:backward": "1", "lanes:forward": "3", "lanes:psv:forward": "1", "cycleway": null, "turn:lanes:backward": null, "turn:lanes:forward": "none|through|right", "cycleway:right:lane": null, "sidewalk": null, "motor_vehicle": null }, "geometry": { "type": "Polygon", "coordinates": [ [ [ 432375.540656363416929, 436357.481010346498806 ], [ 432365.648308984294999, 436367.387647683674004 ], [ 432403.392860684078187, 436405.077754263475072 ], [ 432413.285208063200116, 436395.171116926299874 ], [ 432375.540656363416929, 436357.481010346498806 ] ] ] } },
{ "type": "Feature", "properties": { "bicycle": null, "foot": null, "highway": "tertiary", "horse": null, "motorcar": null, "name": "Roundhay Road", "surface": "asphalt", "osm_type": "way", "osm_id": 667827213, "lanes": "2", "maxspeed": "30 mph", "source": null, "source:name": "OS_OpenData_StreetView", "fixme": null, "lit": "yes", "maxspeed:type": null, "sidewalk:both": null, "oneway": null, "turn:lanes": null, "dual_carriageway": null, "ref": null, "postal_code": null, "cycleway:left": null, "cycleway:right": null, "oneway:bicycle": null, "not:name": null, "not:name:note": null, "lane_markings": null, "sidewalk:left": null, "lanes:backward": null, "lanes:forward": null, "lanes:psv:forward": null, "cycleway": null, "turn:lanes:backward": null, "turn:lanes:forward": null, "cycleway:right:lane": null, "sidewalk": null, "motor_vehicle": null }, "geometry": { "type": "Polygon", "coordinates": [ [ [ 432604.909231545345392, 436819.739325343631208 ], [ 432581.098397606634535, 436782.963820707635023 ], [ 432569.346590332570486, 436790.5726987979142 ], [ 432593.306836850999389, 436827.578969102702104 ], [ 432593.623299725586548, 436828.028071923879907 ], [ 432619.683740244712681, 436862.08944474265445 ], [ 432630.80262176960241, 436853.582361010019667 ], [ 432604.909231545345392, 436819.739325343631208 ] ] ] } },
{ "type": "Feature", "properties": { "bicycle": null, "foot": null, "highway": "tertiary", "horse": null, "motorcar": null, "name": "Princes Avenue", "surface": "asphalt", "osm_type": "way", "osm_id": 670987126, "lanes": "3", "maxspeed": "40 mph", "source": "OS_OpenData_StreetView", "source:name": null, "fixme": null, "lit": "yes", "maxspeed:type": null, "sidewalk:both": null, "oneway": null, "turn:lanes": null, "dual_carriageway": null, "ref": null, "postal_code": null, "cycleway:left": null, "cycleway:right": null, "oneway:bicycle": null, "not:name": null, "not:name:note": null, "lane_markings": null, "sidewalk:left": null, "lanes:backward": "2", "lanes:forward": "1", "lanes:psv:forward": null, "cycleway": null, "turn:lanes:backward": "left;through|right", "turn:lanes:forward": null, "cycleway:right:lane": null, "sidewalk": null, "motor_vehicle": null }, "geometry": { "type": "Polygon", "coordinates": [ [ [ 432654.321857561240904, 436921.723602353013121 ], [ 432653.794829052581917, 436922.279165967542212 ], [ 432653.316936184477527, 436922.877520699577872 ], [ 432647.302530294749886, 436931.102593267511111 ], [ 432646.846222686581314, 436931.790797679452226 ], [ 432646.454910934611689, 436932.517927006818354 ], [ 432640.403493972786237, 436945.115452717174776 ], [ 432656.628594677138608, 436952.909431619686075 ], [ 432662.321335173735861, 436941.058579956239555 ], [ 432667.393562374752946, 436934.121995100751519 ], [ 432676.769359961675946, 436925.045225742855109 ], [ 432664.249340731126722, 436912.112742668599822 ], [ 432654.321857561240904, 436921.723602353013121 ] ] ] } },
{ "type": "Feature", "properties": { "bicycle": null, "foot": null, "highway": "tertiary", "horse": null, "motorcar": null, "name": "Roundhay Road", "surface": "asphalt", "osm_type": "way", "osm_id": 670987127, "lanes": "1", "maxspeed": "30 mph", "source": null, "source:name": "OS_OpenData_StreetView", "fixme": null, "lit": "yes", "maxspeed:type": null, "sidewalk:both": null, "oneway": "yes", "turn:lanes": null, "dual_carriageway": null, "ref": null, "postal_code": null, "cycleway:left": null, "cycleway:right": null, "oneway:bicycle": null, "not:name": null, "not:name:note": null, "lane_markings": null, "sidewalk:left": null, "lanes:backward": null, "lanes:forward": null, "lanes:psv:forward": null, "cycleway": null, "turn:lanes:backward": null, "turn:lanes:forward": null, "cycleway:right:lane": null, "sidewalk": null, "motor_vehicle": null }, "geometry": { "type": "Polygon", "coordinates": [ [ [ 432662.007625725818798, 436866.111464379238896 ], [ 432661.40092601015931, 436865.919959835067857 ], [ 432660.779344858776312, 436865.784330164256971 ], [ 432660.14801676699426, 436865.70569571928354 ], [ 432659.512156743730884, 436865.684706050378736 ], [ 432652.06667252240004, 436865.777489476080518 ], [ 432652.241122843173798, 436879.7764025440556 ], [ 432658.399639224109706, 436879.699656931508798 ], [ 432678.024288276326843, 436886.890149839920923 ], [ 432682.840775919728912, 436873.744753429666162 ], [ 432662.007625725818798, 436866.111464379238896 ] ] ] } },
{ "type": "Feature", "properties": { "bicycle": null, "foot": null, "highway": "tertiary", "horse": null, "motorcar": null, "name": "Roundhay Road", "surface": "asphalt", "osm_type": "way", "osm_id": 670987128, "lanes": "1", "maxspeed": "30 mph", "source": null, "source:name": "OS_OpenData_StreetView", "fixme": null, "lit": "yes", "maxspeed:type": null, "sidewalk:both": null, "oneway": "yes", "turn:lanes": null, "dual_carriageway": null, "ref": null, "postal_code": null, "cycleway:left": null, "cycleway:right": null, "oneway:bicycle": null, "not:name": null, "not:name:note": null, "lane_markings": null, "sidewalk:left": null, "lanes:backward": null, "lanes:forward": null, "lanes:psv:forward": null, "cycleway": null, "turn:lanes:backward": null, "turn:lanes:forward": null, "cycleway:right:lane": null, "sidewalk": null, "motor_vehicle": null }, "geometry": { "type": "Polygon", "coordinates": [ [ [ 432695.290035738551524, 436878.606178541202098 ], [ 432687.061853793740738, 436875.192302744835615 ], [ 432686.630404761002865, 436875.029733494622633 ], [ 432682.683656974753831, 436873.689296779222786 ], [ 432678.181407221301924, 436886.945606490364298 ], [ 432681.909752099018078, 436888.211866872967221 ], [ 432689.933930425380822, 436891.541101490962319 ], [ 432689.952025883889291, 436891.548579656693619 ], [ 432698.090971233381424, 436894.898777532682288 ], [ 432703.419928135292139, 436881.952649990504142 ], [ 432695.290035738551524, 436878.606178541202098 ] ] ] } },
{ "type": "Feature", "properties": { "bicycle": null, "foot": null, "highway": "tertiary", "horse": null, "motorcar": null, "name": "Princes Avenue", "surface": "asphalt", "osm_type": "way", "osm_id": 670987129, "lanes": "1", "maxspeed": "30 mph", "source": "OS_OpenData_StreetView", "source:name": null, "fixme": null, "lit": "yes", "maxspeed:type": null, "sidewalk:both": null, "oneway": "yes", "turn:lanes": null, "dual_carriageway": null, "ref": null, "postal_code": null, "cycleway:left": null, "cycleway:right": null, "oneway:bicycle": null, "not:name": null, "not:name:note": null, "lane_markings": null, "sidewalk:left": null, "lanes:backward": null, "lanes:forward": null, "lanes:psv:forward": null, "cycleway": null, "turn:lanes:backward": null, "turn:lanes:forward": null, "cycleway:right:lane": null, "sidewalk": null, "motor_vehicle": null }, "geometry": { "type": "Polygon", "coordinates": [ [ [ 432683.337734889588319, 436890.560830157133751 ], [ 432682.800866301811766, 436890.924941488076001 ], [ 432678.188814519031439, 436894.375373625080101 ], [ 432677.448063406278379, 436895.014998847327661 ], [ 432673.000407884712331, 436899.434584365633782 ], [ 432672.660728904535063, 436899.796961408050265 ], [ 432667.332451408787165, 436905.901637569360901 ], [ 432666.906562761578243, 436906.44087115675211 ], [ 432666.53559450438479, 436907.019262506742962 ], [ 432666.223121211689431, 436907.631238358328119 ], [ 432664.665288742457051, 436911.0918410733575 ], [ 432664.405376326234546, 436911.758248429163359 ], [ 432664.214829213218763, 436912.447701129247434 ], [ 432664.095637077756692, 436913.152999975718558 ], [ 432663.556635603192262, 436917.766729504801333 ], [ 432677.462065089610405, 436919.391238906653598 ], [ 432677.875525629846379, 436915.852111105399672 ], [ 432678.562898786098231, 436914.325165520538576 ], [ 432683.044787380611524, 436909.190208025858738 ], [ 432686.968207421479747, 436905.291549438028596 ], [ 432690.927482267084997, 436902.329481835593469 ], [ 432695.912745947309304, 436899.275721109239385 ], [ 432688.599877545901109, 436887.337465133517981 ], [ 432683.337734889588319, 436890.560830157133751 ] ] ] } },
{ "type": "Feature", "properties": { "bicycle": null, "foot": null, "highway": "tertiary", "horse": null, "motorcar": null, "name": "Princes Avenue", "surface": "asphalt", "osm_type": "way", "osm_id": 670987130, "lanes": "2", "maxspeed": "30 mph", "source": "OS_OpenData_StreetView", "source:name": null, "fixme": null, "lit": "yes", "maxspeed:type": null, "sidewalk:both": null, "oneway": "yes", "turn:lanes": "left;through|right", "dual_carriageway": null, "ref": null, "postal_code": null, "cycleway:left": null, "cycleway:right": null, "oneway:bicycle": null, "not:name": null, "not:name:note": null, "lane_markings": null, "sidewalk:left": null, "lanes:backward": null, "lanes:forward": null, "lanes:psv:forward": null, "cycleway": null, "turn:lanes:backward": null, "turn:lanes:forward": null, "cycleway:right:lane": null, "sidewalk": null, "motor_vehicle": null }, "geometry": { "type": "Polygon", "coordinates": [ [ [ 432679.191067492123693, 436922.60005381074734 ], [ 432679.793094006599858, 436922.320754205342382 ], [ 432680.365964600816369, 436921.985696783463936 ], [ 432680.904529937542975, 436921.597893261234276 ], [ 432681.403949037543498, 436921.160829471598845 ], [ 432685.484747442067601, 436917.232734267250635 ], [ 432690.110644744883757, 436913.293855764437467 ], [ 432697.26256897917483, 436907.529745649953838 ], [ 432706.578361455991399, 436902.348652704502456 ], [ 432699.773688062268775, 436890.113603869103827 ], [ 432689.934191875683609, 436895.585961095406674 ], [ 432689.424795725208241, 436895.898457853298169 ], [ 432688.94391041219933, 436896.253264811413828 ], [ 432681.251839070057031, 436902.452707754622679 ], [ 432681.106327610148583, 436902.573258715157863 ], [ 432676.245939725602511, 436906.711802245292347 ], [ 432675.929579563613515, 436906.998265768808778 ], [ 432672.663247251417488, 436910.142372146889102 ], [ 432667.867742109578103, 436912.096553648938425 ], [ 432673.150958583224565, 436925.061414762516506 ], [ 432679.191067492123693, 436922.60005381074734 ] ] ] } },
{ "type": "Feature", "properties": { "bicycle": null, "foot": null, "highway": "residential", "horse": null, "motorcar": null, "name": "Coppice Way", "surface": null, "osm_type": "way", "osm_id": 691668849, "lanes": null, "maxspeed": null, "source": "OS_OpenData_StreetView", "source:name": null, "fixme": "rename properly (is actually fairway all the way up the west side)", "lit": null, "maxspeed:type": null, "sidewalk:both": null, "oneway": null, "turn:lanes": null, "dual_carriageway": null, "ref": null, "postal_code": null, "cycleway:left": null, "cycleway:right": null, "oneway:bicycle": null, "not:name": null, "not:name:note": null, "lane_markings": null, "sidewalk:left": null, "lanes:backward": null, "lanes:forward": null, "lanes:psv:forward": null, "cycleway": null, "turn:lanes:backward": null, "turn:lanes:forward": null, "cycleway:right:lane": null, "sidewalk": null, "motor_vehicle": null }, "geometry": { "type": "Polygon", "coordinates": [ [ [ 432002.243996681529097, 436534.013155771594029 ], [ 432019.169258452544454, 436543.177887187106535 ], [ 432077.004583323432598, 436580.628471822361462 ], [ 432081.071914402069524, 436583.269353516341653 ], [ 432086.517617255100049, 436574.882201411121059 ], [ 432082.447698750940617, 436572.239639724895824 ], [ 432082.442521838413086, 436572.236282940779347 ], [ 432024.440082394285128, 436534.677485228457954 ], [ 432024.103197212214582, 436534.477618984354194 ], [ 432006.414268814434763, 436524.899375528621022 ], [ 432006.0134852968622, 436524.704924564517569 ], [ 432005.596985395590309, 436524.546916850609705 ], [ 432005.168075097026303, 436524.42660658020759 ], [ 432000.297819712024648, 436523.291850813722704 ], [ 431998.028628483007196, 436533.030986872210633 ], [ 432002.243996681529097, 436534.013155771594029 ] ] ] } },
{ "type": "Feature", "properties": { "bicycle": null, "foot": null, "highway": "residential", "horse": null, "motorcar": null, "name": "Gipton Wood Road", "surface": "asphalt", "osm_type": "way", "osm_id": 991283890, "lanes": null, "maxspeed": null, "source": "npe", "source:name": null, "fixme": null, "lit": null, "maxspeed:type": null, "sidewalk:both": null, "oneway": null, "turn:lanes": null, "dual_carriageway": null, "ref": null, "postal_code": null, "cycleway:left": null, "cycleway:right": null, "oneway:bicycle": null, "not:name": null, "not:name:note": null, "lane_markings": null, "sidewalk:left": null, "lanes:backward": null, "lanes:forward": null, "lanes:psv:forward": null, "cycleway": null, "turn:lanes:backward": null, "turn:lanes:forward": null, "cycleway:right:lane": null, "sidewalk": null, "motor_vehicle": null }, "geometry": { "type": "Polygon", "coordinates": [ [ [ 432838.296658167673741, 435992.12809607834788 ], [ 432830.781416847603396, 436012.314709120139014 ], [ 432828.505926183832344, 436018.442502868711017 ], [ 432807.7679413552396, 436074.143731176038273 ], [ 432767.709922203153837, 436176.400253674655687 ], [ 432762.1248918355559, 436183.43719144014176 ], [ 432769.957694617973175, 436189.653878706856631 ], [ 432776.008540416136384, 436182.030030221212655 ], [ 432776.297043223574292, 436181.627011093427427 ], [ 432776.544227248465177, 436181.19740855024429 ], [ 432776.747663578600623, 436180.745444008673076 ], [ 432817.094454339181539, 436077.751771218900103 ], [ 432817.124710491858423, 436077.672565079119522 ], [ 432837.878229770751204, 436021.929611986561213 ], [ 432840.15376436006045, 436015.801700151525438 ], [ 432847.668162051413674, 435995.617353158188052 ], [ 432850.70103941851994, 435987.471876686497126 ], [ 432841.329574097588193, 435983.982516037474852 ], [ 432838.296658167673741, 435992.12809607834788 ] ] ] } },
{ "type": "Feature", "properties": { "bicycle": null, "foot": null, "highway": "tertiary_link", "horse": null, "motorcar": null, "name": "Harehills Avenue", "surface": null, "osm_type": "way", "osm_id": 1134454925, "lanes": "2", "maxspeed": "20 mph", "source": "OS_OpenData_StreetView", "source:name": "local knowledge", "fixme": null, "lit": null, "maxspeed:type": null, "sidewalk:both": null, "oneway": "yes", "turn:lanes": null, "dual_carriageway": null, "ref": null, "postal_code": null, "cycleway:left": null, "cycleway:right": null, "oneway:bicycle": null, "not:name": null, "not:name:note": null, "lane_markings": null, "sidewalk:left": null, "lanes:backward": null, "lanes:forward": null, "lanes:psv:forward": null, "cycleway": null, "turn:lanes:backward": null, "turn:lanes:forward": null, "cycleway:right:lane": null, "sidewalk": null, "motor_vehicle": null }, "geometry": { "type": "Polygon", "coordinates": [ [ [ 432133.740254118107259, 436131.199423164187465 ], [ 432138.722507159691304, 436142.116252128209453 ], [ 432154.863209538452793, 436134.749913076346274 ], [ 432149.880956496868748, 436123.833084112324286 ], [ 432133.740254118107259, 436131.199423164187465 ] ] ] } },
{ "type": "Feature", "properties": { "bicycle": null, "foot": null, "highway": "residential", "horse": null, "motorcar": null, "name": "Oakwood Boundary Road", "surface": "sett", "osm_type": "way", "osm_id": 1195952441, "lanes": null, "maxspeed": null, "source": null, "source:name": "OS_OpenData_Locator", "fixme": null, "lit": null, "maxspeed:type": null, "sidewalk:both": null, "oneway": "yes", "turn:lanes": null, "dual_carriageway": null, "ref": null, "postal_code": null, "cycleway:left": null, "cycleway:right": null, "oneway:bicycle": null, "not:name": null, "not:name:note": null, "lane_markings": null, "sidewalk:left": null, "lanes:backward": null, "lanes:forward": null, "lanes:psv:forward": null, "cycleway": null, "turn:lanes:backward": null, "turn:lanes:forward": null, "cycleway:right:lane": null, "sidewalk": null, "motor_vehicle": null }, "geometry": { "type": "Polygon", "coordinates": [ [ [ 432582.620543416414876, 436782.535600200877525 ], [ 432582.63809288025368, 436782.521700948243961 ], [ 432586.31034574547084, 436779.599858865782153 ], [ 432605.53777047956828, 436764.324515774496831 ], [ 432599.317324459785596, 436756.494697685004212 ], [ 432580.088463104853872, 436771.771182108321227 ], [ 432576.4206612999551, 436774.689480966771953 ], [ 432575.813892317411955, 436775.167838148074225 ], [ 432582.004984143481124, 436783.020887364866212 ], [ 432582.620543416414876, 436782.535600200877525 ] ] ] } },
{ "type": "Feature", "properties": { "bicycle": null, "foot": null, "highway": "tertiary", "horse": null, "motorcar": null, "name": "Roundhay Road", "surface": "asphalt", "osm_type": "way", "osm_id": 1195952442, "lanes": "2", "maxspeed": "30 mph", "source": null, "source:name": "OS_OpenData_StreetView", "fixme": null, "lit": "yes", "maxspeed:type": null, "sidewalk:both": null, "oneway": null, "turn:lanes": null, "dual_carriageway": null, "ref": null, "postal_code": null, "cycleway:left": null, "cycleway:right": null, "oneway:bicycle": null, "not:name": null, "not:name:note": null, "lane_markings": null, "sidewalk:left": null, "lanes:backward": null, "lanes:forward": null, "lanes:psv:forward": null, "cycleway": null, "turn:lanes:backward": null, "turn:lanes:forward": null, "cycleway:right:lane": null, "sidewalk": null, "motor_vehicle": null }, "geometry": { "type": "Polygon", "coordinates": [ [ [ 432567.382398637419101, 436760.339605020417366 ], [ 432555.377084716747049, 436767.541857283969875 ], [ 432567.194376154569909, 436787.239902869157959 ], [ 432579.199690075241961, 436780.03765060560545 ], [ 432567.382398637419101, 436760.339605020417366 ] ] ] } },
{ "type": "Feature", "properties": { "bicycle": null, "foot": null, "highway": "tertiary", "horse": null, "motorcar": null, "name": "Roundhay Road", "surface": "asphalt", "osm_type": "way", "osm_id": 1195952443, "lanes": "2", "maxspeed": "30 mph", "source": null, "source:name": "OS_OpenData_StreetView", "fixme": null, "lit": "yes", "maxspeed:type": null, "sidewalk:both": null, "oneway": null, "turn:lanes": null, "dual_carriageway": null, "ref": null, "postal_code": null, "cycleway:left": null, "cycleway:right": null, "oneway:bicycle": null, "not:name": null, "not:name:note": null, "lane_markings": null, "sidewalk:left": null, "lanes:backward": null, "lanes:forward": null, "lanes:psv:forward": null, "cycleway": null, "turn:lanes:backward": null, "turn:lanes:forward": null, "cycleway:right:lane": null, "sidewalk": null, "motor_vehicle": null }, "geometry": { "type": "Polygon", "coordinates": [ [ [ 432555.821795968862716, 436741.065633755817544 ], [ 432548.777883218019269, 436727.448217967990786 ], [ 432548.771484702941962, 436727.435878283984493 ], [ 432529.66196254210081, 436690.672089810366742 ], [ 432523.136880355887115, 436676.442709318303969 ], [ 432501.031772366375662, 436602.224314846098423 ], [ 432501.004313377605285, 436602.134335327020381 ], [ 432500.199301017681137, 436599.55854385899147 ], [ 432494.053728595899884, 436579.940111503412481 ], [ 432480.693884103849996, 436584.125150947424117 ], [ 432486.837385286344215, 436603.736966208205558 ], [ 432487.627676371135749, 436606.265654132585041 ], [ 432509.859937186294701, 436680.910967060714029 ], [ 432510.20580113469623, 436681.830634462006856 ], [ 432517.008255311229732, 436696.664885739737656 ], [ 432517.160106552008074, 436696.975541764695663 ], [ 432536.346186530892737, 436733.886615733150393 ], [ 432543.488095036940649, 436747.693478635395877 ], [ 432543.70257012208458, 436748.077970834099688 ], [ 432555.376771854760591, 436767.541335728135891 ], [ 432567.382711499405559, 436760.34012657625135 ], [ 432555.821795968862716, 436741.065633755817544 ] ] ] } },
{ "type": "Feature", "properties": { "bicycle": null, "foot": null, "highway": "tertiary", "horse": null, "motorcar": null, "name": "Roundhay Road", "surface": "asphalt", "osm_type": "way", "osm_id": 1195952444, "lanes": "2", "maxspeed": "30 mph", "source": null, "source:name": "OS_OpenData_StreetView", "fixme": null, "lit": "yes", "maxspeed:type": null, "sidewalk:both": null, "oneway": null, "turn:lanes": null, "dual_carriageway": null, "ref": null, "postal_code": null, "cycleway:left": null, "cycleway:right": null, "oneway:bicycle": null, "not:name": null, "not:name:note": null, "lane_markings": null, "sidewalk:left": null, "lanes:backward": null, "lanes:forward": null, "lanes:psv:forward": null, "cycleway": null, "turn:lanes:backward": null, "turn:lanes:forward": null, "cycleway:right:lane": null, "sidewalk": null, "motor_vehicle": null }, "geometry": { "type": "Polygon", "coordinates": [ [ [ 432579.073594870045781, 436779.835354339273181 ], [ 432567.320471359766088, 436787.442199135490227 ], [ 432569.345932214462664, 436790.571682150883134 ], [ 432581.099055724742357, 436782.964837354666088 ], [ 432579.073594870045781, 436779.835354339273181 ] ] ] } },
{ "type": "Feature", "properties": { "bicycle": null, "foot": null, "highway": "residential", "horse": null, "motorcar": null, "name": "Well House Road", "surface": null, "osm_type": "way", "osm_id": 1196119323, "lanes": null, "maxspeed": "20 mph", "source": "OS_OpenData_StreetView;Bing", "source:name": null, "fixme": null, "lit": null, "maxspeed:type": null, "sidewalk:both": null, "oneway": null, "turn:lanes": null, "dual_carriageway": null, "ref": null, "postal_code": null, "cycleway:left": null, "cycleway:right": null, "oneway:bicycle": null, "not:name": null, "not:name:note": null, "lane_markings": null, "sidewalk:left": null, "lanes:backward": null, "lanes:forward": null, "lanes:psv:forward": null, "cycleway": null, "turn:lanes:backward": null, "turn:lanes:forward": null, "cycleway:right:lane": null, "sidewalk": null, "motor_vehicle": "destination" }, "geometry": { "type": "Polygon", "coordinates": [ [ [ 432118.223160550929606, 436182.039199540275149 ], [ 432118.191864203952719, 436182.08631077274913 ], [ 432108.684856921259779, 436196.574591073731426 ], [ 432108.448515897791367, 436196.974028420983814 ], [ 432097.67727193335304, 436217.272804315318353 ], [ 432097.456122868112288, 436217.748220814391971 ], [ 432085.200248574372381, 436248.173053737729788 ], [ 432094.475953142624348, 436251.90953667787835 ], [ 432106.633733960741665, 436221.728217806317843 ], [ 432117.173031164507847, 436201.866553477710113 ], [ 432126.53707365016453, 436187.596145530347712 ], [ 432154.622986265923828, 436145.832104476052336 ], [ 432146.324854569043964, 436140.251691378303804 ], [ 432118.223160550929606, 436182.039199540275149 ] ] ] } },
{ "type": "Feature", "properties": { "bicycle": null, "foot": null, "highway": "tertiary", "horse": null, "motorcar": null, "name": "Roundhay Road", "surface": "asphalt", "osm_type": "way", "osm_id": 1253588577, "lanes": "3", "maxspeed": "30 mph", "source": null, "source:name": "OS_OpenData_StreetView", "fixme": null, "lit": "yes", "maxspeed:type": null, "sidewalk:both": null, "oneway": "yes", "turn:lanes": "left|through|right", "dual_carriageway": null, "ref": null, "postal_code": null, "cycleway:left": null, "cycleway:right": null, "oneway:bicycle": null, "not:name": null, "not:name:note": null, "lane_markings": null, "sidewalk:left": null, "lanes:backward": null, "lanes:forward": null, "lanes:psv:forward": null, "cycleway": null, "turn:lanes:backward": null, "turn:lanes:forward": null, "cycleway:right:lane": null, "sidewalk": null, "motor_vehicle": null }, "geometry": { "type": "Polygon", "coordinates": [ [ [ 432649.74171613442013, 436883.970205956022255 ], [ 432663.600370904488955, 436872.483792766346596 ], [ 432659.083225067821331, 436867.033739415230229 ], [ 432645.224570297752507, 436878.520152604905888 ], [ 432649.74171613442013, 436883.970205956022255 ] ] ] } },
{ "type": "Feature", "properties": { "bicycle": null, "foot": null, "highway": "tertiary", "horse": null, "motorcar": null, "name": null, "surface": null, "osm_type": "way", "osm_id": 1253588578, "lanes": null, "maxspeed": null, "source": null, "source:name": null, "fixme": null, "lit": null, "maxspeed:type": null, "sidewalk:both": null, "oneway": "yes", "turn:lanes": null, "dual_carriageway": null, "ref": null, "postal_code": null, "cycleway:left": null, "cycleway:right": null, "oneway:bicycle": null, "not:name": null, "not:name:note": null, "lane_markings": null, "sidewalk:left": null, "lanes:backward": null, "lanes:forward": null, "lanes:psv:forward": null, "cycleway": null, "turn:lanes:backward": null, "turn:lanes:forward": null, "cycleway:right:lane": null, "sidewalk": null, "motor_vehicle": null }, "geometry": { "type": "Polygon", "coordinates": [ [ [ 432703.690261064271908, 436882.070646321808454 ], [ 432697.820638304401655, 436894.780781201377977 ], [ 432706.284799944492988, 436898.689585968328174 ], [ 432712.154422704363242, 436885.979451088758651 ], [ 432703.690261064271908, 436882.070646321808454 ] ] ] } },
{ "type": "Feature", "properties": { "bicycle": null, "foot": null, "highway": "tertiary", "horse": null, "motorcar": null, "name": null, "surface": null, "osm_type": "way", "osm_id": 1253588579, "lanes": "2", "maxspeed": null, "source": null, "source:name": null, "fixme": null, "lit": null, "maxspeed:type": null, "sidewalk:both": null, "oneway": "yes", "turn:lanes": "through|right", "dual_carriageway": null, "ref": null, "postal_code": null, "cycleway:left": null, "cycleway:right": null, "oneway:bicycle": null, "not:name": null, "not:name:note": null, "lane_markings": null, "sidewalk:left": null, "lanes:backward": null, "lanes:forward": null, "lanes:psv:forward": null, "cycleway": null, "turn:lanes:backward": null, "turn:lanes:forward": null, "cycleway:right:lane": null, "sidewalk": null, "motor_vehicle": null }, "geometry": { "type": "Polygon", "coordinates": [ [ [ 432713.012795744114555, 436898.217693858081475 ], [ 432705.426426904741675, 436886.45134319900535 ], [ 432699.382840339443646, 436890.347952957265079 ], [ 432706.969209178816527, 436902.114303616341203 ], [ 432713.012795744114555, 436898.217693858081475 ] ] ] } },
{ "type": "Feature", "properties": { "bicycle": null, "foot": null, "highway": "tertiary", "horse": null, "motorcar": null, "name": null, "surface": null, "osm_type": "way", "osm_id": 1253588580, "lanes": "2", "maxspeed": null, "source": null, "source:name": null, "fixme": null, "lit": null, "maxspeed:type": null, "sidewalk:both": null, "oneway": "yes", "turn:lanes": "through|right", "dual_carriageway": null, "ref": null, "postal_code": null, "cycleway:left": null, "cycleway:right": null, "oneway:bicycle": null, "not:name": null, "not:name:note": null, "lane_markings": null, "sidewalk:left": null, "lanes:backward": null, "lanes:forward": null, "lanes:psv:forward": null, "cycleway": null, "turn:lanes:backward": null, "turn:lanes:forward": null, "cycleway:right:lane": null, "sidewalk": null, "motor_vehicle": null }, "geometry": { "type": "Polygon", "coordinates": [ [ [ 432701.365096315334085, 436902.992824684246443 ], [ 432704.986953202926088, 436889.469431889359839 ], [ 432694.067240190401208, 436886.544896723935381 ], [ 432690.445383302809205, 436900.068289518821985 ], [ 432701.365096315334085, 436902.992824684246443 ] ] ] } },
{ "type": "Feature", "properties": { "bicycle": null, "foot": null, "highway": "tertiary", "horse": null, "motorcar": null, "name": null, "surface": null, "osm_type": "way", "osm_id": 1253588581, "lanes": null, "maxspeed": null, "source": null, "source:name": null, "fixme": null, "lit": null, "maxspeed:type": null, "sidewalk:both": null, "oneway": "yes", "turn:lanes": null, "dual_carriageway": null, "ref": null, "postal_code": null, "cycleway:left": null, "cycleway:right": null, "oneway:bicycle": null, "not:name": null, "not:name:note": null, "lane_markings": null, "sidewalk:left": null, "lanes:backward": null, "lanes:forward": null, "lanes:psv:forward": null, "cycleway": null, "turn:lanes:backward": null, "turn:lanes:forward": null, "cycleway:right:lane": null, "sidewalk": null, "motor_vehicle": null }, "geometry": { "type": "Polygon", "coordinates": [ [ [ 432688.77030197926797, 436887.236359525995795 ], [ 432695.742321513942443, 436899.37682671676157 ], [ 432704.241459451674018, 436894.495947356976103 ], [ 432697.269439916999545, 436882.355480166210327 ], [ 432688.77030197926797, 436887.236359525995795 ] ] ] } },
{ "type": "Feature", "properties": { "bicycle": null, "foot": null, "highway": "tertiary", "horse": null, "motorcar": null, "name": "Wetherby Road", "surface": "asphalt", "osm_type": "way", "osm_id": 1253588582, "lanes": "1", "maxspeed": "30 mph", "source": null, "source:name": null, "fixme": null, "lit": "yes", "maxspeed:type": null, "sidewalk:both": null, "oneway": "yes", "turn:lanes": null, "dual_carriageway": null, "ref": null, "postal_code": null, "cycleway:left": null, "cycleway:right": null, "oneway:bicycle": null, "not:name": null, "not:name:note": null, "lane_markings": null, "sidewalk:left": null, "lanes:backward": null, "lanes:forward": null, "lanes:psv:forward": null, "cycleway": null, "turn:lanes:backward": null, "turn:lanes:forward": null, "cycleway:right:lane": null, "sidewalk": null, "motor_vehicle": null }, "geometry": { "type": "Polygon", "coordinates": [ [ [ 432718.530214490718208, 436889.57112802437041 ], [ 432717.731954643211793, 436889.054034248925745 ], [ 432712.617418392153922, 436886.214477096451446 ], [ 432705.821804256702308, 436898.454559960635379 ], [ 432710.519605210633017, 436901.062748395488597 ], [ 432717.321532004571054, 436906.156734941294417 ], [ 432725.713665835035499, 436894.950839627999812 ], [ 432718.530214490718208, 436889.57112802437041 ] ] ] } },
{ "type": "Feature", "properties": { "bicycle": null, "foot": null, "highway": "tertiary", "horse": null, "motorcar": null, "name": "Oakwood Lane", "surface": "asphalt", "osm_type": "way", "osm_id": 1253588583, "lanes": "1", "maxspeed": "30 mph", "source": "npe", "source:name": null, "fixme": "needs gps survey", "lit": "yes", "maxspeed:type": null, "sidewalk:both": null, "oneway": "yes", "turn:lanes": null, "dual_carriageway": null, "ref": null, "postal_code": null, "cycleway:left": null, "cycleway:right": null, "oneway:bicycle": null, "not:name": null, "not:name:note": null, "lane_markings": null, "sidewalk:left": null, "lanes:backward": null, "lanes:forward": null, "lanes:psv:forward": null, "cycleway": null, "turn:lanes:backward": null, "turn:lanes:forward": null, "cycleway:right:lane": null, "sidewalk": null, "motor_vehicle": null }, "geometry": { "type": "Polygon", "coordinates": [ [ [ 432720.107054991705809, 436893.973627402854618 ], [ 432720.639105561596807, 436893.621082375582773 ], [ 432721.136833268858027, 436893.221541470673401 ], [ 432721.596100210328586, 436892.778326306608506 ], [ 432725.077605339349248, 436889.097507705562748 ], [ 432725.535083517548628, 436888.562310394074302 ], [ 432725.936484371603001, 436887.983864372305106 ], [ 432726.277747015701607, 436887.368021654139739 ], [ 432728.788527807046194, 436882.24511526589049 ], [ 432716.217203385953326, 436876.083800284483004 ], [ 432714.174971405940596, 436880.25069661118323 ], [ 432712.087299708393402, 436882.457885896379594 ], [ 432705.623136008856818, 436886.329073890170548 ], [ 432712.816086639999412, 436898.339963166916277 ], [ 432720.107054991705809, 436893.973627402854618 ] ] ] } },
{ "type": "Feature", "properties": { "bicycle": null, "foot": null, "highway": "tertiary", "horse": null, "motorcar": null, "name": "Oakwood Lane", "surface": "asphalt", "osm_type": "way", "osm_id": 1253588584, "lanes": "1", "maxspeed": "30 mph", "source": "npe", "source:name": null, "fixme": "needs gps survey", "lit": "yes", "maxspeed:type": null, "sidewalk:both": null, "oneway": "yes", "turn:lanes": null, "dual_carriageway": null, "ref": null, "postal_code": null, "cycleway:left": null, "cycleway:right": null, "oneway:bicycle": null, "not:name": null, "not:name:note": null, "lane_markings": null, "sidewalk:left": null, "lanes:backward": null, "lanes:forward": null, "lanes:psv:forward": null, "cycleway": null, "turn:lanes:backward": null, "turn:lanes:forward": null, "cycleway:right:lane": null, "sidewalk": null, "motor_vehicle": null }, "geometry": { "type": "Polygon", "coordinates": [ [ [ 432715.936372077208944, 436873.25566435768269 ], [ 432715.360945549909957, 436873.386894423922058 ], [ 432714.798619101115037, 436873.566131651168689 ], [ 432714.253390263882466, 436873.792101856495719 ], [ 432711.014390188385732, 436875.297500617161859 ], [ 432708.146271076810081, 436876.561957888770849 ], [ 432707.670896024501417, 436876.793355158006307 ], [ 432697.456255895958748, 436882.251953129132744 ], [ 432704.054643472714815, 436894.599474394053686 ], [ 432714.03596848982852, 436889.265557603852358 ], [ 432716.725563346466515, 436888.079805673100054 ], [ 432716.852066566818394, 436888.022529335634317 ], [ 432719.346657571208198, 436886.863111577404197 ], [ 432723.77020573959453, 436886.048776838229969 ], [ 432721.235525453404989, 436872.280138712143525 ], [ 432715.936372077208944, 436873.25566435768269 ] ] ] } },
{ "type": "Feature", "properties": { "bicycle": null, "foot": null, "highway": "tertiary", "horse": null, "motorcar": null, "name": "Wetherby Road", "surface": "asphalt", "osm_type": "way", "osm_id": 1253588585, "lanes": "1", "maxspeed": "30 mph", "source": null, "source:name": null, "fixme": null, "lit": "yes", "maxspeed:type": null, "sidewalk:both": null, "oneway": "yes", "turn:lanes": null, "dual_carriageway": null, "ref": null, "postal_code": null, "cycleway:left": null, "cycleway:right": null, "oneway:bicycle": null, "not:name": null, "not:name:note": null, "lane_markings": null, "sidewalk:left": null, "lanes:backward": null, "lanes:forward": null, "lanes:psv:forward": null, "cycleway": null, "turn:lanes:backward": null, "turn:lanes:forward": null, "cycleway:right:lane": null, "sidewalk": null, "motor_vehicle": null }, "geometry": { "type": "Polygon", "coordinates": [ [ [ 432710.362602558452636, 436905.702421966590919 ], [ 432711.204793156241067, 436905.899915138608776 ], [ 432720.343605062691495, 436907.454637842602096 ], [ 432722.691592776915058, 436893.652936726692133 ], [ 432713.979989237210248, 436892.170892019988969 ], [ 432705.192209214030299, 436889.527770900866017 ], [ 432701.159840304229874, 436902.934485672740266 ], [ 432710.362602558452636, 436905.702421966590919 ] ] ] } },
{ "type": "Feature", "properties": { "bicycle": null, "foot": null, "highway": "tertiary", "horse": null, "motorcar": null, "name": "Harehills Avenue", "surface": "asphalt", "osm_type": "way", "osm_id": 1314251664, "lanes": "2", "maxspeed": "30 mph", "source": "OS_OpenData_StreetView", "source:name": "local knowledge", "fixme": null, "lit": null, "maxspeed:type": null, "sidewalk:both": null, "oneway": null, "turn:lanes": null, "dual_carriageway": null, "ref": null, "postal_code": null, "cycleway:left": null, "cycleway:right": null, "oneway:bicycle": null, "not:name": null, "not:name:note": null, "lane_markings": null, "sidewalk:left": null, "lanes:backward": null, "lanes:forward": null, "lanes:psv:forward": null, "cycleway": null, "turn:lanes:backward": null, "turn:lanes:forward": null, "cycleway:right:lane": null, "sidewalk": null, "motor_vehicle": null }, "geometry": { "type": "Polygon", "coordinates": [ [ [ 431948.476572503161151, 436006.444602067756932 ], [ 431984.785406001319643, 436035.028214271122124 ], [ 431984.829339266580064, 436035.062517675512936 ], [ 432058.001611680840142, 436091.728459845937323 ], [ 432058.341701766767073, 436091.97585331677692 ], [ 432132.285480907303281, 436142.439695073349867 ], [ 432140.177280370495282, 436130.875980219047051 ], [ 432066.407263738219626, 436080.530724823940545 ], [ 431993.42335382278543, 436024.010654007666744 ], [ 431957.061367672460619, 435995.385198135685641 ], [ 431956.909681526129134, 435995.269102274032775 ], [ 431881.2893888487597, 435939.011076154361945 ], [ 431872.932914975855965, 435950.243588981509674 ], [ 431948.476572503161151, 436006.444602067756932 ] ] ] } },
{ "type": "Feature", "properties": { "bicycle": null, "foot": null, "highway": "residential", "horse": null, "motorcar": null, "name": "Brookfield Avenue", "surface": "asphalt", "osm_type": "way", "osm_id": 1314251666, "lanes": null, "maxspeed": "20 mph", "source": null, "source:name": null, "fixme": null, "lit": null, "maxspeed:type": null, "sidewalk:both": null, "oneway": "yes", "turn:lanes": null, "dual_carriageway": null, "ref": null, "postal_code": null, "cycleway:left": "no", "cycleway:right": "opposite_lane", "oneway:bicycle": "no", "not:name": null, "not:name:note": null, "lane_markings": null, "sidewalk:left": null, "lanes:backward": null, "lanes:forward": null, "lanes:psv:forward": null, "cycleway": null, "turn:lanes:backward": null, "turn:lanes:forward": null, "cycleway:right:lane": null, "sidewalk": null, "motor_vehicle": null }, "geometry": { "type": "Polygon", "coordinates": [ [ [ 432002.312029010034166, 436024.789358583861031 ], [ 432013.735449374595191, 436014.987367506488226 ], [ 432007.223519924737047, 436007.39824536757078 ], [ 431995.799714975408278, 436017.200566442101263 ], [ 431985.858595190627966, 436025.73415277863387 ], [ 431992.372062977578025, 436033.32195465976838 ], [ 432002.312029010034166, 436024.789358583861031 ] ] ] } },
{ "type": "Feature", "properties": { "bicycle": null, "foot": null, "highway": "tertiary", "horse": null, "motorcar": null, "name": "Roundhay Road", "surface": "asphalt", "osm_type": "way", "osm_id": 1525621712, "lanes": null, "maxspeed": "40 mph", "source": null, "source:name": "OS_OpenData_StreetView", "fixme": null, "lit": "yes", "maxspeed:type": null, "sidewalk:both": null, "oneway": "no", "turn:lanes": null, "dual_carriageway": null, "ref": null, "postal_code": null, "cycleway:left": "share_busway", "cycleway:right": null, "oneway:bicycle": null, "not:name": null, "not:name:note": null, "lane_markings": null, "sidewalk:left": null, "lanes:backward": "1", "lanes:forward": "2", "lanes:psv:forward": "1", "cycleway": null, "turn:lanes:backward": null, "turn:lanes:forward": null, "cycleway:right:lane": null, "sidewalk": null, "motor_vehicle": null }, "geometry": { "type": "Polygon", "coordinates": [ [ [ 432285.635662783752196, 436270.248726039484609 ], [ 432285.555177127069328, 436270.15836146910442 ], [ 432279.720544802839868, 436263.720492430438753 ], [ 432269.346978850779124, 436273.122041740978602 ], [ 432275.140977792209014, 436279.515076352632605 ], [ 432284.40918982506264, 436290.103757537726779 ], [ 432294.943727090489119, 436280.882937367947306 ], [ 432285.635662783752196, 436270.248726039484609 ] ] ] } }
]
}
