{
"type": "FeatureCollection",
"name": "se3439_rgb_250_03_osm_buildings",
"crs": { "type": "name", "properties": { "name": "urn:ogc:def:crs:EPSG::27700" } },
"features": [
{ "type": "Feature", "properties": { "amenity": "place_of_worship", "building": "church", "denomination": "anglican", "name": "St Paul's", "ref:GB:uprn": "72126487", "religion": "christian", "wikidata": "Q26655951", "osm_type": "way", "osm_id": 480051301, "addr:city": null, "addr:housenumber": null, "addr:postcode": null, "addr:street": null, "addr:suburb": null, "addr:country": null, "source:addr:postcode": null, "addr:housename": null, "source:name": null, "community_centre": null, "man_made": null }, "geometry": { "type": "Polygon", "coordinates": [ [ [ 434687.227934754802845, 439702.076430658460595 ], [ 434687.134564788837451, 439699.583387047168799 ], [ 434682.888760518631898, 439697.270992959733121 ], [ 434669.480992827448063, 439697.349737592274323 ], [ 434669.534082689497154, 439706.173501459299587 ], [ 434679.014212216890883, 439706.1213030195795 ], [ 434679.034224076953251, 439709.637447774061002 ], [ 434687.290715375682339, 439709.587331497808918 ], [ 434687.227934754802845, 439702.076430658460595 ] ] ] } },
{ "type": "Feature", "properties": { "amenity": "library", "building": "yes", "denomination": null, "name": "Shadwell Independent Library", "ref:GB:uprn": "72126428", "religion": null, "wikidata": "Q26655947", "osm_type": "way", "osm_id": 596538512, "addr:city": "Leeds", "addr:housenumber": "99", "addr:postcode": "LS17 8HL", "addr:street": "Main Street", "addr:suburb": "Shadwell", "addr:country": null, "source:addr:postcode": null, "addr:housename": null, "source:name": null, "community_centre": null, "man_made": null }, "geometry": { "type": "Polygon", "coordinates": [ [ [ 434224.360609161667526, 439887.232711990829557 ], [ 434223.816980356350541, 439879.707182959071361 ], [ 434209.448962622962426, 439880.737109712092206 ], [ 434209.992614423215855, 439888.262636993546039 ], [ 434224.360609161667526, 439887.232711990829557 ] ] ] } },
{ "type": "Feature", "properties": { "amenity": null, "building": "yes", "denomination": null, "name": null, "ref:GB:uprn": "72728134", "religion": null, "wikidata": null, "osm_type": "way", "osm_id": 609784810, "addr:city": null, "addr:housenumber": null, "addr:postcode": null, "addr:street": null, "addr:suburb": null, "addr:country": null, "source:addr:postcode": null, "addr:housename": null, "source:name": null, "community_centre": null, "man_made": null }, "geometry": { "type": "Polygon", "coordinates": [ [ [ 434436.285802977217827, 439781.9490520110121 ], [ 434436.088507041684352, 439776.573469782946631 ], [ 434448.788380834506825, 439776.110546670621261 ], [ 434448.98566218058113, 439781.48612948844675 ], [ 434436.285802977217827, 439781.9490520110121 ] ] ] } },
{ "type": "Feature", "properties": { "amenity": null, "building": "yes", "denomination": null, "name": null, "ref:GB:uprn": "72076255", "religion": null, "wikidata": null, "osm_type": "way", "osm_id": 609784930, "addr:city": "Leeds", "addr:housenumber": null, "addr:postcode": "LS17 8HR", "addr:street": null, "addr:suburb": null, "addr:country": "GB", "source:addr:postcode": "ONSUD;OS Open UPRN", "addr:housename": null, "source:name": null, "community_centre": null, "man_made": null }, "geometry": { "type": "Polygon", "coordinates": [ [ [ 434374.11479252652498, 439719.817747184424661 ], [ 434371.714208683697507, 439706.292479666066356 ], [ 434381.713430162344594, 439704.529996621538885 ], [ 434383.103296272456646, 439712.351048255572096 ], [ 434376.746742915885989, 439713.472672265255824 ], [ 434377.757521893654484, 439719.165766007266939 ], [ 434374.11479252652498, 439719.817747184424661 ] ] ] } },
{ "type": "Feature", "properties": { "amenity": null, "building": "house", "denomination": null, "name": null, "ref:GB:uprn": "72022956", "religion": null, "wikidata": null, "osm_type": "way", "osm_id": 609784989, "addr:city": "Leeds", "addr:housenumber": null, "addr:postcode": "LS17 8HE", "addr:street": null, "addr:suburb": null, "addr:country": "GB", "source:addr:postcode": "ONSUD;OS Open UPRN", "addr:housename": null, "source:name": null, "community_centre": null, "man_made": null }, "geometry": { "type": "Polygon", "coordinates": [ [ [ 434336.676127315033227, 439711.754502471652813 ], [ 434334.186737417476252, 439695.969912482891232 ], [ 434344.599497495393734, 439694.332773904316127 ], [ 434347.095431440509856, 439710.117417788598686 ], [ 434336.676127315033227, 439711.754502471652813 ] ] ] } },
{ "type": "Feature", "properties": { "amenity": null, "building": "garage", "denomination": null, "name": null, "ref:GB:uprn": null, "religion": null, "wikidata": null, "osm_type": "way", "osm_id": 609785186, "addr:city": null, "addr:housenumber": null, "addr:postcode": null, "addr:street": null, "addr:suburb": null, "addr:country": null, "source:addr:postcode": null, "addr:housename": null, "source:name": null, "community_centre": null, "man_made": null }, "geometry": { "type": "Polygon", "coordinates": [ [ [ 434314.153927265200764, 439714.960772287799045 ], [ 434312.478042287868448, 439708.450581090059131 ], [ 434318.937172954785638, 439706.795546408742666 ], [ 434320.61962780111935, 439713.305788150755689 ], [ 434314.153927265200764, 439714.960772287799045 ] ] ] } },
{ "type": "Feature", "properties": { "amenity": null, "building": "house", "denomination": null, "name": null, "ref:GB:uprn": "72022960", "religion": null, "wikidata": null, "osm_type": "way", "osm_id": 609785477, "addr:city": "Leeds", "addr:housenumber": null, "addr:postcode": "LS17 8HE", "addr:street": null, "addr:suburb": null, "addr:country": "GB", "source:addr:postcode": "ONSUD;OS Open UPRN", "addr:housename": null, "source:name": null, "community_centre": null, "man_made": null }, "geometry": { "type": "Polygon", "coordinates": [ [ [ 434240.453125758329406, 439719.617438569897786 ], [ 434247.361472975520883, 439718.599803618970327 ], [ 434247.041687347635161, 439716.450039001880214 ], [ 434249.300535383343231, 439716.121634703362361 ], [ 434249.751871478918474, 439719.173612931510434 ], [ 434254.177389398682863, 439718.527260408271104 ], [ 434252.773447326035239, 439709.003782853134908 ], [ 434249.368683618435171, 439709.501829915912822 ], [ 434249.13676224387018, 439707.93128887086641 ], [ 434245.448809273948427, 439708.471774014877155 ], [ 434245.661892147327308, 439709.919784950441681 ], [ 434239.161870006588288, 439710.873648470733315 ], [ 434240.453125758329406, 439719.617438569897786 ] ] ] } },
{ "type": "Feature", "properties": { "amenity": null, "building": "house", "denomination": null, "name": null, "ref:GB:uprn": "72022962", "religion": null, "wikidata": null, "osm_type": "way", "osm_id": 609785677, "addr:city": "Leeds", "addr:housenumber": null, "addr:postcode": "LS17 8HE", "addr:street": null, "addr:suburb": null, "addr:country": "GB", "source:addr:postcode": "ONSUD;OS Open UPRN", "addr:housename": null, "source:name": null, "community_centre": null, "man_made": null }, "geometry": { "type": "Polygon", "coordinates": [ [ [ 434194.948750312265474, 439724.191772015532479 ], [ 434207.71573622059077, 439723.561783371609636 ], [ 434207.824874583573546, 439725.732259580050595 ], [ 434213.221270841895603, 439725.460136615438387 ], [ 434212.61915539437905, 439713.327788440859877 ], [ 434194.449153907597065, 439714.229854205739684 ], [ 434194.948750312265474, 439724.191772015532479 ] ] ] } },
{ "type": "Feature", "properties": { "amenity": null, "building": "house", "denomination": null, "name": null, "ref:GB:uprn": "72076242", "religion": null, "wikidata": null, "osm_type": "way", "osm_id": 609785784, "addr:city": "Leeds", "addr:housenumber": null, "addr:postcode": "LS17 8HU", "addr:street": null, "addr:suburb": null, "addr:country": "GB", "source:addr:postcode": "ONSUD;OS Open UPRN", "addr:housename": null, "source:name": null, "community_centre": null, "man_made": null }, "geometry": { "type": "Polygon", "coordinates": [ [ [ 434118.915901846601628, 439781.706726947100833 ], [ 434122.15831036871532, 439779.104483052855358 ], [ 434123.051405976933893, 439780.223646186059341 ], [ 434128.814920303761028, 439775.603617237182334 ], [ 434127.589259550091811, 439774.081473394297063 ], [ 434134.550483362807427, 439768.502169171464629 ], [ 434130.156308667210396, 439763.051509257173166 ], [ 434114.195814319187775, 439775.842024959274568 ], [ 434118.915901846601628, 439781.706726947100833 ] ] ] } },
{ "type": "Feature", "properties": { "amenity": null, "building": "yes", "denomination": null, "name": null, "ref:GB:uprn": "72552785", "religion": null, "wikidata": null, "osm_type": "way", "osm_id": 609785842, "addr:city": "Leeds", "addr:housenumber": null, "addr:postcode": "LS17 8HN", "addr:street": null, "addr:suburb": null, "addr:country": "GB", "source:addr:postcode": "ONSUD;OS Open UPRN", "addr:housename": null, "source:name": null, "community_centre": null, "man_made": null }, "geometry": { "type": "Polygon", "coordinates": [ [ [ 434216.153837206715252, 439863.417531677638181 ], [ 434213.559870196331758, 439845.69622026651632 ], [ 434231.294258240843192, 439843.122065884293988 ], [ 434232.560395414475352, 439851.698773768730462 ], [ 434224.210117533162702, 439852.917295064777136 ], [ 434225.544638338615187, 439862.039702354348265 ], [ 434216.153837206715252, 439863.417531677638181 ] ] ] } },
{ "type": "Feature", "properties": { "amenity": null, "building": "house", "denomination": null, "name": null, "ref:GB:uprn": "72126422", "religion": null, "wikidata": null, "osm_type": "way", "osm_id": 609785958, "addr:city": null, "addr:housenumber": null, "addr:postcode": null, "addr:street": null, "addr:suburb": null, "addr:country": null, "source:addr:postcode": null, "addr:housename": null, "source:name": null, "community_centre": null, "man_made": null }, "geometry": { "type": "Polygon", "coordinates": [ [ [ 434147.008162382058799, 439896.882216110709123 ], [ 434139.221981695096474, 439897.437408094061539 ], [ 434139.949463548604399, 439907.734779843362048 ], [ 434147.742205121030565, 439907.179637098568492 ], [ 434147.57481672114227, 439904.875218478031456 ], [ 434147.008162382058799, 439896.882216110709123 ] ] ] } },
{ "type": "Feature", "properties": { "amenity": null, "building": "yes", "denomination": null, "name": null, "ref:GB:uprn": null, "religion": null, "wikidata": null, "osm_type": "way", "osm_id": 609786242, "addr:city": null, "addr:housenumber": null, "addr:postcode": null, "addr:street": null, "addr:suburb": null, "addr:country": null, "source:addr:postcode": null, "addr:housename": null, "source:name": null, "community_centre": null, "man_made": null }, "geometry": { "type": "Polygon", "coordinates": [ [ [ 434252.320987940591294, 439932.755632841493934 ], [ 434251.281042582530063, 439926.539403779199347 ], [ 434260.508419958059676, 439925.00467876624316 ], [ 434261.54835343058221, 439931.220909912372008 ], [ 434252.320987940591294, 439932.755632841493934 ] ] ] } },
{ "type": "Feature", "properties": { "amenity": null, "building": "house", "denomination": null, "name": null, "ref:GB:uprn": "72513914", "religion": null, "wikidata": null, "osm_type": "way", "osm_id": 609786275, "addr:city": "Leeds", "addr:housenumber": null, "addr:postcode": "LS17 8WD", "addr:street": null, "addr:suburb": null, "addr:country": "GB", "source:addr:postcode": "ONSUD;OS Open UPRN", "addr:housename": null, "source:name": null, "community_centre": null, "man_made": null }, "geometry": { "type": "Polygon", "coordinates": [ [ [ 434259.972944665991236, 439947.843597125262022 ], [ 434257.716030323877931, 439936.233206023229286 ], [ 434267.84773862635484, 439934.271175504894927 ], [ 434270.104628861474339, 439945.881571566103958 ], [ 434259.972944665991236, 439947.843597125262022 ] ] ] } },
{ "type": "Feature", "properties": { "amenity": null, "building": "house", "denomination": null, "name": null, "ref:GB:uprn": "72509491", "religion": null, "wikidata": null, "osm_type": "way", "osm_id": 609786355, "addr:city": "Leeds", "addr:housenumber": null, "addr:postcode": "LS17 8WD", "addr:street": null, "addr:suburb": null, "addr:country": "GB", "source:addr:postcode": "ONSUD;OS Open UPRN", "addr:housename": null, "source:name": null, "community_centre": null, "man_made": null }, "geometry": { "type": "Polygon", "coordinates": [ [ [ 434257.82170599210076, 439964.050389640731737 ], [ 434256.717869011918083, 439957.577780522638932 ], [ 434265.714798805536702, 439956.063633699086495 ], [ 434264.541788960224949, 439949.15658053511288 ], [ 434271.911964805680327, 439947.908706721966155 ], [ 434274.182282735069748, 439961.277200698736124 ], [ 434257.82170599210076, 439964.050389640731737 ] ] ] } },
{ "type": "Feature", "properties": { "amenity": null, "building": "house", "denomination": null, "name": null, "ref:GB:uprn": "72509494", "religion": null, "wikidata": null, "osm_type": "way", "osm_id": 609786387, "addr:city": "Leeds", "addr:housenumber": null, "addr:postcode": "LS17 8WE", "addr:street": null, "addr:suburb": null, "addr:country": "GB", "source:addr:postcode": "ONSUD;OS Open UPRN", "addr:housename": null, "source:name": null, "community_centre": null, "man_made": null }, "geometry": { "type": "Polygon", "coordinates": [ [ [ 434301.312090955674648, 439976.374319766880944 ], [ 434300.428786018746905, 439970.337250958429649 ], [ 434309.707331350480672, 439968.992150305304676 ], [ 434308.673666425514966, 439961.930334184900858 ], [ 434315.667184263060335, 439960.913427812280133 ], [ 434317.584123307955451, 439974.012317457352765 ], [ 434301.312090955674648, 439976.374319766880944 ] ] ] } },
{ "type": "Feature", "properties": { "amenity": null, "building": "house", "denomination": null, "name": null, "ref:GB:uprn": "72509495", "religion": null, "wikidata": null, "osm_type": "way", "osm_id": 609787630, "addr:city": "Leeds", "addr:housenumber": null, "addr:postcode": "LS17 8WE", "addr:street": null, "addr:suburb": null, "addr:country": "GB", "source:addr:postcode": "ONSUD;OS Open UPRN", "addr:housename": null, "source:name": null, "community_centre": null, "man_made": null }, "geometry": { "type": "Polygon", "coordinates": [ [ [ 434282.705017206666525, 440011.954334601177834 ], [ 434280.580928933341056, 439998.386627211468294 ], [ 434288.687909912900068, 439997.12192144850269 ], [ 434289.504734348272905, 440002.357388612115756 ], [ 434287.950498347578105, 440002.601918849395588 ], [ 434288.296065514732618, 440004.818635817500763 ], [ 434296.317444650456309, 440003.564443156239577 ], [ 434297.272533136536367, 440009.679923231014982 ], [ 434282.705017206666525, 440011.954334601177834 ] ] ] } },
{ "type": "Feature", "properties": { "amenity": null, "building": "house", "denomination": null, "name": null, "ref:GB:uprn": "72509492", "religion": null, "wikidata": null, "osm_type": "way", "osm_id": 609787712, "addr:city": "Leeds", "addr:housenumber": null, "addr:postcode": "LS17 8WE", "addr:street": null, "addr:suburb": null, "addr:country": "GB", "source:addr:postcode": "ONSUD;OS Open UPRN", "addr:housename": null, "source:name": null, "community_centre": null, "man_made": null }, "geometry": { "type": "Polygon", "coordinates": [ [ [ 434302.621306995046325, 440007.783079624408856 ], [ 434301.653721454786137, 440001.578494324814528 ], [ 434310.853842172946315, 440000.154936141334474 ], [ 434309.760741828067694, 439993.126063556410372 ], [ 434317.057608424976934, 439992.000116691109724 ], [ 434319.11826233722968, 440005.233579791733064 ], [ 434302.621306995046325, 440007.783079624408856 ] ] ] } },
{ "type": "Feature", "properties": { "amenity": null, "building": "house", "denomination": null, "name": null, "ref:GB:uprn": "72512525", "religion": null, "wikidata": null, "osm_type": "way", "osm_id": 609787811, "addr:city": "Leeds", "addr:housenumber": null, "addr:postcode": "LS17 8WE", "addr:street": null, "addr:suburb": null, "addr:country": "GB", "source:addr:postcode": "ONSUD;OS Open UPRN", "addr:housename": null, "source:name": null, "community_centre": null, "man_made": null }, "geometry": { "type": "Polygon", "coordinates": [ [ [ 434381.376587207661942, 439985.161764351185411 ], [ 434379.287712045304943, 439974.898858711356297 ], [ 434385.315754169074353, 439973.674690304440446 ], [ 434385.671286795753986, 439975.424172194325365 ], [ 434387.140433834632859, 439975.123416659655049 ], [ 434386.771991143352352, 439973.340460143866949 ], [ 434391.792073827353306, 439972.320303153595887 ], [ 434393.89383333036676, 439982.61668898188509 ], [ 434381.376587207661942, 439985.161764351185411 ] ] ] } },
{ "type": "Feature", "properties": { "amenity": null, "building": "house", "denomination": null, "name": null, "ref:GB:uprn": null, "religion": null, "wikidata": null, "osm_type": "way", "osm_id": 609788047, "addr:city": null, "addr:housenumber": null, "addr:postcode": null, "addr:street": null, "addr:suburb": null, "addr:country": null, "source:addr:postcode": null, "addr:housename": null, "source:name": null, "community_centre": null, "man_made": null }, "geometry": { "type": "Polygon", "coordinates": [ [ [ 434330.605473356496077, 439942.185644414625131 ], [ 434329.307796051143669, 439933.452903318335302 ], [ 434338.033471491595265, 439932.159437941852957 ], [ 434337.826680223108269, 439930.75597426132299 ], [ 434342.713117575156502, 439930.024074889603071 ], [ 434344.004682614118792, 439938.690015708911233 ], [ 434339.638560516701546, 439939.33671664877329 ], [ 434339.857935474487022, 439940.818158677779138 ], [ 434330.605473356496077, 439942.185644414625131 ] ] ] } },
{ "type": "Feature", "properties": { "amenity": null, "building": "yes", "denomination": null, "name": null, "ref:GB:uprn": null, "religion": null, "wikidata": null, "osm_type": "way", "osm_id": 609788079, "addr:city": null, "addr:housenumber": null, "addr:postcode": null, "addr:street": null, "addr:suburb": null, "addr:country": null, "source:addr:postcode": null, "addr:housename": null, "source:name": null, "community_centre": null, "man_made": null }, "geometry": { "type": "Polygon", "coordinates": [ [ [ 434346.070469885948114, 439918.032006891560741 ], [ 434345.023872627643868, 439912.739211906329729 ], [ 434352.869943754572887, 439911.194538196083158 ], [ 434353.916532514966093, 439916.487334962002933 ], [ 434346.070469885948114, 439918.032006891560741 ] ] ] } },
{ "type": "Feature", "properties": { "amenity": null, "building": "house", "denomination": null, "name": null, "ref:GB:uprn": "72525574", "religion": null, "wikidata": null, "osm_type": "way", "osm_id": 609788145, "addr:city": "Leeds", "addr:housenumber": null, "addr:postcode": "LS17 8GA", "addr:street": null, "addr:suburb": null, "addr:country": "GB", "source:addr:postcode": "ONSUD;OS Open UPRN", "addr:housename": null, "source:name": null, "community_centre": null, "man_made": null }, "geometry": { "type": "Polygon", "coordinates": [ [ [ 434340.737987556436565, 439874.632673006155528 ], [ 434340.455155928386375, 439862.068707019090652 ], [ 434348.442566724959761, 439861.893629024969414 ], [ 434348.725376878865063, 439874.457595578511246 ], [ 434340.737987556436565, 439874.632673006155528 ] ] ] } },
{ "type": "Feature", "properties": { "amenity": null, "building": "house", "denomination": null, "name": null, "ref:GB:uprn": "72538003", "religion": null, "wikidata": null, "osm_type": "way", "osm_id": 609788180, "addr:city": "Leeds", "addr:housenumber": null, "addr:postcode": "LS17 8HW", "addr:street": null, "addr:suburb": null, "addr:country": "GB", "source:addr:postcode": "ONSUD;OS Open UPRN", "addr:housename": null, "source:name": null, "community_centre": null, "man_made": null }, "geometry": { "type": "Polygon", "coordinates": [ [ [ 434373.518853805784602, 439910.344672219711356 ], [ 434372.973976459586993, 439907.503398170694709 ], [ 434375.529892602062318, 439907.021464427583851 ], [ 434374.206473433587234, 439900.013139322516508 ], [ 434379.450037115253508, 439899.027988483430818 ], [ 434381.318321531347465, 439908.877590066869743 ], [ 434373.518853805784602, 439910.344672219711356 ] ] ] } },
{ "type": "Feature", "properties": { "amenity": null, "building": "house", "denomination": null, "name": null, "ref:GB:uprn": null, "religion": null, "wikidata": null, "osm_type": "way", "osm_id": 609788223, "addr:city": null, "addr:housenumber": null, "addr:postcode": null, "addr:street": null, "addr:suburb": null, "addr:country": null, "source:addr:postcode": null, "addr:housename": null, "source:name": null, "community_centre": null, "man_made": null }, "geometry": { "type": "Polygon", "coordinates": [ [ [ 434372.334989721130114, 439920.171867311699316 ], [ 434369.093507388373837, 439920.849049200653099 ], [ 434370.624971028475557, 439928.1926970659988 ], [ 434373.866366845497396, 439927.52664221834857 ], [ 434374.349382222921122, 439929.833387172082439 ], [ 434368.426533244084567, 439931.05834230943583 ], [ 434368.032502895686775, 439929.175060616107658 ], [ 434359.770823855418712, 439930.88355756632518 ], [ 434361.384953782311641, 439938.617238784441724 ], [ 434387.019990679924376, 439933.297764090588316 ], [ 434383.461517574032769, 439916.225733591592871 ], [ 434372.011030491325073, 439918.60064350720495 ], [ 434372.334989721130114, 439920.171867311699316 ] ] ] } },
{ "type": "Feature", "properties": { "amenity": null, "building": "house", "denomination": null, "name": null, "ref:GB:uprn": "72124984", "religion": null, "wikidata": null, "osm_type": "way", "osm_id": 609788225, "addr:city": "Leeds", "addr:housenumber": null, "addr:postcode": "LS17 8LJ", "addr:street": null, "addr:suburb": null, "addr:country": "GB", "source:addr:postcode": "ONSUD;OS Open UPRN", "addr:housename": null, "source:name": null, "community_centre": null, "man_made": null }, "geometry": { "type": "Polygon", "coordinates": [ [ [ 434427.591970176261384, 439939.036765431985259 ], [ 434422.468735723290592, 439931.711199817596935 ], [ 434429.814828359987587, 439926.591351737151854 ], [ 434428.838366426003631, 439925.193351384135894 ], [ 434431.946021232637577, 439923.035393291036598 ], [ 434438.045709084486589, 439931.758971335017122 ], [ 434427.591970176261384, 439939.036765431985259 ] ] ] } },
{ "type": "Feature", "properties": { "amenity": null, "building": "house", "denomination": null, "name": null, "ref:GB:uprn": "72124985", "religion": null, "wikidata": null, "osm_type": "way", "osm_id": 609788394, "addr:city": "Leeds", "addr:housenumber": null, "addr:postcode": "LS17 8LJ", "addr:street": null, "addr:suburb": null, "addr:country": "GB", "source:addr:postcode": "ONSUD;OS Open UPRN", "addr:housename": null, "source:name": null, "community_centre": null, "man_made": null }, "geometry": { "type": "Polygon", "coordinates": [ [ [ 434415.063150037196465, 439949.403644256060943 ], [ 434412.068475709063932, 439945.142413743305951 ], [ 434414.845661406347062, 439943.19342072319705 ], [ 434411.99414304504171, 439939.144647235400043 ], [ 434418.203088798560202, 439934.795284478459507 ], [ 434424.055852772842627, 439943.105346353724599 ], [ 434415.063150037196465, 439949.403644256060943 ] ] ] } },
{ "type": "Feature", "properties": { "amenity": null, "building": "house", "denomination": null, "name": null, "ref:GB:uprn": "72124983", "religion": null, "wikidata": null, "osm_type": "way", "osm_id": 609788514, "addr:city": "Leeds", "addr:housenumber": null, "addr:postcode": "LS17 8LJ", "addr:street": null, "addr:suburb": null, "addr:country": "GB", "source:addr:postcode": "ONSUD;OS Open UPRN", "addr:housename": null, "source:name": null, "community_centre": null, "man_made": null }, "geometry": { "type": "Polygon", "coordinates": [ [ [ 434439.886672916763928, 439930.993650789023377 ], [ 434434.032775926636532, 439922.839332697447389 ], [ 434437.841867400682531, 439920.119081469252706 ], [ 434439.01394704869017, 439921.752180305193178 ], [ 434446.195707242237404, 439916.620022568386048 ], [ 434450.877434960391838, 439923.152379720588215 ], [ 434439.886672916763928, 439930.993650789023377 ] ] ] } },
{ "type": "Feature", "properties": { "amenity": null, "building": "house", "denomination": null, "name": null, "ref:GB:uprn": "72124982", "religion": null, "wikidata": null, "osm_type": "way", "osm_id": 609788583, "addr:city": "Leeds", "addr:housenumber": null, "addr:postcode": "LS17 8LJ", "addr:street": null, "addr:suburb": null, "addr:country": "GB", "source:addr:postcode": "ONSUD;OS Open UPRN", "addr:housename": null, "source:name": null, "community_centre": null, "man_made": null }, "geometry": { "type": "Polygon", "coordinates": [ [ [ 434452.323189728253055, 439913.516281115822494 ], [ 434447.182686520915013, 439905.856764430878684 ], [ 434453.469498654012568, 439901.663792700506747 ], [ 434458.603418431361206, 439909.323267875937745 ], [ 434452.323189728253055, 439913.516281115822494 ] ] ] } },
{ "type": "Feature", "properties": { "amenity": null, "building": "house", "denomination": null, "name": null, "ref:GB:uprn": "72124979", "religion": null, "wikidata": null, "osm_type": "way", "osm_id": 609788618, "addr:city": "Leeds", "addr:housenumber": null, "addr:postcode": "LS17 8LJ", "addr:street": null, "addr:suburb": null, "addr:country": "GB", "source:addr:postcode": "ONSUD;OS Open UPRN", "addr:housename": null, "source:name": null, "community_centre": null, "man_made": null }, "geometry": { "type": "Polygon", "coordinates": [ [ [ 434444.267952491121832, 439961.379156161216088 ], [ 434447.052129409799818, 439959.374600793351419 ], [ 434448.439300934434868, 439961.276322182849981 ], [ 434453.591126693878323, 439957.553444145945832 ], [ 434447.443574640026782, 439949.085403727018274 ], [ 434439.507484106812626, 439954.823972685262561 ], [ 434444.267952491121832, 439961.379156161216088 ] ] ] } },
{ "type": "Feature", "properties": { "amenity": null, "building": "house", "denomination": null, "name": null, "ref:GB:uprn": "72007525", "religion": null, "wikidata": null, "osm_type": "way", "osm_id": 609789063, "addr:city": "Leeds", "addr:housenumber": null, "addr:postcode": "LS17 8JS", "addr:street": null, "addr:suburb": null, "addr:country": "GB", "source:addr:postcode": "ONSUD;OS Open UPRN", "addr:housename": null, "source:name": null, "community_centre": null, "man_made": null }, "geometry": { "type": "Polygon", "coordinates": [ [ [ 434630.771633409196511, 439881.608636976103298 ], [ 434625.252000283275265, 439873.656826957943849 ], [ 434631.540169866988435, 439869.308330997242592 ], [ 434632.783401314227376, 439871.097777210525237 ], [ 434635.15058423159644, 439869.457425709581003 ], [ 434639.426979006908368, 439875.619799078907818 ], [ 434630.771633409196511, 439881.608636976103298 ] ] ] } },
{ "type": "Feature", "properties": { "amenity": null, "building": "house", "denomination": null, "name": null, "ref:GB:uprn": "72007447", "religion": null, "wikidata": null, "osm_type": "way", "osm_id": 609789100, "addr:city": "Leeds", "addr:housenumber": null, "addr:postcode": "LS17 8JP", "addr:street": null, "addr:suburb": null, "addr:country": "GB", "source:addr:postcode": "ONSUD;OS Open UPRN", "addr:housename": null, "source:name": null, "community_centre": null, "man_made": null }, "geometry": { "type": "Polygon", "coordinates": [ [ [ 434539.190316553635057, 439904.487203613040037 ], [ 434534.520125029142946, 439898.188499950338155 ], [ 434542.318374044902157, 439892.437947275233455 ], [ 434546.982065162039362, 439898.725484209600836 ], [ 434539.190316553635057, 439904.487203613040037 ] ] ] } },
{ "type": "Feature", "properties": { "amenity": null, "building": "house", "denomination": null, "name": null, "ref:GB:uprn": "72007441", "religion": null, "wikidata": null, "osm_type": "way", "osm_id": 609789405, "addr:city": "Leeds", "addr:housenumber": null, "addr:postcode": "LS17 8JP", "addr:street": null, "addr:suburb": null, "addr:country": "GB", "source:addr:postcode": "ONSUD;OS Open UPRN", "addr:housename": null, "source:name": null, "community_centre": null, "man_made": null }, "geometry": { "type": "Polygon", "coordinates": [ [ [ 434581.506204829958733, 439913.711895551183261 ], [ 434574.580067417991813, 439903.802608783822507 ], [ 434585.701942071435042, 439896.062759447726421 ], [ 434593.643541930476204, 439907.426018800004385 ], [ 434590.132409830228426, 439909.870180610567331 ], [ 434589.123513153579552, 439908.416273812297732 ], [ 434581.506204829958733, 439913.711895551183261 ] ] ] } },
{ "type": "Feature", "properties": { "amenity": null, "building": "house", "denomination": null, "name": null, "ref:GB:uprn": "72007524", "religion": null, "wikidata": null, "osm_type": "way", "osm_id": 609790442, "addr:city": "Leeds", "addr:housenumber": null, "addr:postcode": "LS17 8JS", "addr:street": null, "addr:suburb": null, "addr:country": "GB", "source:addr:postcode": "ONSUD;OS Open UPRN", "addr:housename": null, "source:name": null, "community_centre": null, "man_made": null }, "geometry": { "type": "Polygon", "coordinates": [ [ [ 434564.438172861351632, 439892.857077401713468 ], [ 434570.278464673145209, 439888.571953277685679 ], [ 434568.884660113195423, 439886.681273178197443 ], [ 434574.149476004473399, 439882.825841875048354 ], [ 434568.418021076533478, 439875.039434759644791 ], [ 434559.250843353918754, 439881.758979604928754 ], [ 434561.289467794355005, 439884.522288380423561 ], [ 434559.344951190054417, 439885.943264885339886 ], [ 434564.438172861351632, 439892.857077401713468 ] ] ] } },
{ "type": "Feature", "properties": { "amenity": null, "building": "house", "denomination": null, "name": null, "ref:GB:uprn": "72007451", "religion": null, "wikidata": null, "osm_type": "way", "osm_id": 609790489, "addr:city": "Leeds", "addr:housenumber": null, "addr:postcode": "LS17 8JP", "addr:street": null, "addr:suburb": null, "addr:country": "GB", "source:addr:postcode": "ONSUD;OS Open UPRN", "addr:housename": null, "source:name": null, "community_centre": null, "man_made": null }, "geometry": { "type": "Polygon", "coordinates": [ [ [ 434533.735658423684072, 439874.327347529120743 ], [ 434528.189376382739283, 439866.397710955934599 ], [ 434534.285881053132471, 439862.15893741894979 ], [ 434539.825579996919259, 439870.088532687281258 ], [ 434533.735658423684072, 439874.327347529120743 ] ] ] } },
{ "type": "Feature", "properties": { "amenity": null, "building": "house", "denomination": null, "name": null, "ref:GB:uprn": "72007463", "religion": null, "wikidata": null, "osm_type": "way", "osm_id": 609790523, "addr:city": "Leeds", "addr:housenumber": null, "addr:postcode": "LS17 8JR", "addr:street": null, "addr:suburb": null, "addr:country": "GB", "source:addr:postcode": "ONSUD;OS Open UPRN", "addr:housename": null, "source:name": null, "community_centre": null, "man_made": null }, "geometry": { "type": "Polygon", "coordinates": [ [ [ 434581.836497927724849, 439837.808863129932433 ], [ 434576.105491928057745, 439829.95569148065988 ], [ 434582.633441067067906, 439825.208343664184213 ], [ 434588.364442153542768, 439833.061523293959908 ], [ 434581.836497927724849, 439837.808863129932433 ] ] ] } },
{ "type": "Feature", "properties": { "amenity": null, "building": "house", "denomination": null, "name": null, "ref:GB:uprn": "72007467", "religion": null, "wikidata": null, "osm_type": "way", "osm_id": 609790568, "addr:city": "Leeds", "addr:housenumber": null, "addr:postcode": "LS17 8JR", "addr:street": null, "addr:suburb": null, "addr:country": "GB", "source:addr:postcode": "ONSUD;OS Open UPRN", "addr:housename": null, "source:name": null, "community_centre": null, "man_made": null }, "geometry": { "type": "Polygon", "coordinates": [ [ [ 434605.061249341350049, 439831.170969931525178 ], [ 434599.267370286746882, 439822.927874966291711 ], [ 434606.032081252604257, 439818.193435439956374 ], [ 434611.825872255547438, 439826.447664733743295 ], [ 434605.061249341350049, 439831.170969931525178 ] ] ] } },
{ "type": "Feature", "properties": { "amenity": null, "building": "house", "denomination": null, "name": null, "ref:GB:uprn": "72007469", "religion": null, "wikidata": null, "osm_type": "way", "osm_id": 609790653, "addr:city": "Leeds", "addr:housenumber": null, "addr:postcode": "LS17 8JR", "addr:street": null, "addr:suburb": null, "addr:country": "GB", "source:addr:postcode": "ONSUD;OS Open UPRN", "addr:housename": null, "source:name": null, "community_centre": null, "man_made": null }, "geometry": { "type": "Polygon", "coordinates": [ [ [ 434617.081324235419743, 439828.322396268718876 ], [ 434610.600548443035223, 439819.562387060606852 ], [ 434616.897492554038763, 439814.92464505310636 ], [ 434623.378263230901212, 439823.684662963845767 ], [ 434617.081324235419743, 439828.322396268718876 ] ] ] } },
{ "type": "Feature", "properties": { "amenity": null, "building": "garage", "denomination": null, "name": null, "ref:GB:uprn": null, "religion": null, "wikidata": null, "osm_type": "way", "osm_id": 609790925, "addr:city": null, "addr:housenumber": null, "addr:postcode": null, "addr:street": null, "addr:suburb": null, "addr:country": null, "source:addr:postcode": null, "addr:housename": null, "source:name": null, "community_centre": null, "man_made": null }, "geometry": { "type": "Polygon", "coordinates": [ [ [ 434594.599661177373491, 439851.911487802281044 ], [ 434589.589733462198637, 439845.29867548274342 ], [ 434594.385764039529022, 439841.68458843883127 ], [ 434599.389110968797468, 439848.297357279690914 ], [ 434594.599661177373491, 439851.911487802281044 ] ] ] } },
{ "type": "Feature", "properties": { "amenity": null, "building": "house", "denomination": null, "name": null, "ref:GB:uprn": "72007521", "religion": null, "wikidata": null, "osm_type": "way", "osm_id": 609791044, "addr:city": "Leeds", "addr:housenumber": null, "addr:postcode": "LS17 8JS", "addr:street": null, "addr:suburb": null, "addr:country": "GB", "source:addr:postcode": "ONSUD;OS Open UPRN", "addr:housename": null, "source:name": null, "community_centre": null, "man_made": null }, "geometry": { "type": "Polygon", "coordinates": [ [ [ 434601.371001634339336, 439858.737598877982236 ], [ 434608.829808922717348, 439853.540976454271004 ], [ 434608.348133685067296, 439852.847569124191068 ], [ 434611.389811216620728, 439850.73374794528354 ], [ 434608.746927404310554, 439846.953433332848363 ], [ 434605.903658249881119, 439848.924077041796409 ], [ 434604.738360215851571, 439847.268732997123152 ], [ 434597.081220690452028, 439852.597415521973744 ], [ 434601.371001634339336, 439858.737598877982236 ] ] ] } },
{ "type": "Feature", "properties": { "amenity": null, "building": "house", "denomination": null, "name": null, "ref:GB:uprn": "72007484", "religion": null, "wikidata": null, "osm_type": "way", "osm_id": 609791109, "addr:city": "Leeds", "addr:housenumber": null, "addr:postcode": "LS17 8JR", "addr:street": null, "addr:suburb": null, "addr:country": "GB", "source:addr:postcode": "ONSUD;OS Open UPRN", "addr:housename": null, "source:name": null, "community_centre": null, "man_made": null }, "geometry": { "type": "Polygon", "coordinates": [ [ [ 434693.497217168274801, 439839.725198414060287 ], [ 434701.755959339032415, 439834.901826658286154 ], [ 434699.033972350182012, 439830.264127896400169 ], [ 434702.033599431684706, 439828.506104005500674 ], [ 434699.344086952391081, 439823.924278671853244 ], [ 434695.928226804186124, 439825.924004934728146 ], [ 434696.82478722993983, 439827.443861904088408 ], [ 434688.975689394806977, 439832.025492333108559 ], [ 434693.497217168274801, 439839.725198414060287 ] ] ] } },
{ "type": "Feature", "properties": { "amenity": null, "building": "house", "denomination": null, "name": null, "ref:GB:uprn": "72007480", "religion": null, "wikidata": null, "osm_type": "way", "osm_id": 609791395, "addr:city": "Leeds", "addr:housenumber": null, "addr:postcode": "LS17 8JR", "addr:street": null, "addr:suburb": null, "addr:country": "GB", "source:addr:postcode": "ONSUD;OS Open UPRN", "addr:housename": null, "source:name": null, "community_centre": null, "man_made": null }, "geometry": { "type": "Polygon", "coordinates": [ [ [ 434663.868463189457543, 439829.013421772047877 ], [ 434659.263080899894703, 439821.969592341221869 ], [ 434667.935753604222555, 439816.325858197524212 ], [ 434672.541128632437903, 439823.369696151814424 ], [ 434663.868463189457543, 439829.013421772047877 ] ] ] } },
{ "type": "Feature", "properties": { "amenity": null, "building": "house", "denomination": null, "name": null, "ref:GB:uprn": "72007473", "religion": null, "wikidata": null, "osm_type": "way", "osm_id": 609791572, "addr:city": "Leeds", "addr:housenumber": null, "addr:postcode": "LS17 8JR", "addr:street": null, "addr:suburb": null, "addr:country": "GB", "source:addr:postcode": "ONSUD;OS Open UPRN", "addr:housename": null, "source:name": null, "community_centre": null, "man_made": null }, "geometry": { "type": "Polygon", "coordinates": [ [ [ 434638.347331041819416, 439843.711928341304883 ], [ 434634.095982671016827, 439837.716640438069589 ], [ 434642.375394164118916, 439831.869672487024218 ], [ 434646.626737453101669, 439837.864967897767201 ], [ 434638.347331041819416, 439843.711928341304883 ] ] ] } },
{ "type": "Feature", "properties": { "amenity": null, "building": "house", "denomination": null, "name": null, "ref:GB:uprn": "72007474", "religion": null, "wikidata": null, "osm_type": "way", "osm_id": 609791634, "addr:city": "Leeds", "addr:housenumber": null, "addr:postcode": "LS17 8JR", "addr:street": null, "addr:suburb": null, "addr:country": "GB", "source:addr:postcode": "ONSUD;OS Open UPRN", "addr:housename": null, "source:name": null, "community_centre": null, "man_made": null }, "geometry": { "type": "Polygon", "coordinates": [ [ [ 434643.51893909915816, 439794.67087480367627 ], [ 434639.373295010940637, 439788.609605538309552 ], [ 434640.398086960893124, 439787.916212056297809 ], [ 434637.846954369801097, 439784.181066458113492 ], [ 434642.177677990868688, 439781.231180317467079 ], [ 434644.891533106856514, 439785.201190142310224 ], [ 434646.749449604889378, 439783.935380009817891 ], [ 434650.732364619616419, 439789.761793722747825 ], [ 434643.51893909915816, 439794.67087480367627 ] ] ] } },
{ "type": "Feature", "properties": { "amenity": null, "building": "house", "denomination": null, "name": null, "ref:GB:uprn": "72007470", "religion": null, "wikidata": null, "osm_type": "way", "osm_id": 609791765, "addr:city": null, "addr:housenumber": null, "addr:postcode": null, "addr:street": null, "addr:suburb": null, "addr:country": null, "source:addr:postcode": null, "addr:housename": null, "source:name": null, "community_centre": null, "man_made": null }, "geometry": { "type": "Polygon", "coordinates": [ [ [ 434608.708204584021587, 439796.115842296159826 ], [ 434603.779802504053805, 439788.257442349451594 ], [ 434609.899747656832915, 439784.430622480227612 ], [ 434614.834721772756893, 439792.289077492197976 ], [ 434608.708204584021587, 439796.115842296159826 ] ] ] } },
{ "type": "Feature", "properties": { "amenity": null, "building": "house", "denomination": null, "name": null, "ref:GB:uprn": "72007468", "religion": null, "wikidata": null, "osm_type": "way", "osm_id": 609792027, "addr:city": "Leeds", "addr:housenumber": null, "addr:postcode": "LS17 8JR", "addr:street": null, "addr:suburb": null, "addr:country": "GB", "source:addr:postcode": "ONSUD;OS Open UPRN", "addr:housename": null, "source:name": null, "community_centre": null, "man_made": null }, "geometry": { "type": "Polygon", "coordinates": [ [ [ 434596.525983838015236, 439798.640569793409668 ], [ 434590.854073791706469, 439790.798943932168186 ], [ 434596.687362669501454, 439786.591686069965363 ], [ 434602.35918603069149, 439794.444444951950572 ], [ 434596.525983838015236, 439798.640569793409668 ] ] ] } },
{ "type": "Feature", "properties": { "amenity": null, "building": "house", "denomination": null, "name": null, "ref:GB:uprn": "72007464", "religion": null, "wikidata": null, "osm_type": "way", "osm_id": 609792146, "addr:city": "Leeds", "addr:housenumber": null, "addr:postcode": "LS17 8JR", "addr:street": null, "addr:suburb": null, "addr:country": "GB", "source:addr:postcode": "ONSUD;OS Open UPRN", "addr:housename": null, "source:name": null, "community_centre": null, "man_made": null }, "geometry": { "type": "Polygon", "coordinates": [ [ [ 434573.225186284224037, 439804.866262279101647 ], [ 434567.972436549433041, 439797.272543672821485 ], [ 434574.597697460616473, 439792.715054453117773 ], [ 434579.850359612028114, 439800.319906449876726 ], [ 434573.225186284224037, 439804.866262279101647 ] ] ] } },
{ "type": "Feature", "properties": { "amenity": null, "building": "house", "denomination": null, "name": null, "ref:GB:uprn": "72007520", "religion": null, "wikidata": null, "osm_type": "way", "osm_id": 609792322, "addr:city": null, "addr:housenumber": null, "addr:postcode": null, "addr:street": null, "addr:suburb": null, "addr:country": null, "source:addr:postcode": null, "addr:housename": null, "source:name": null, "community_centre": null, "man_made": null }, "geometry": { "type": "Polygon", "coordinates": [ [ [ 434556.493694909033366, 439867.607887324527837 ], [ 434569.012207998312078, 439858.710014694719575 ], [ 434563.875043841195293, 439851.50658270844724 ], [ 434555.628574584552553, 439857.365058234194294 ], [ 434558.525984571198933, 439861.425385049427859 ], [ 434554.253933375934139, 439864.464793235179968 ], [ 434556.493694909033366, 439867.607887324527837 ] ] ] } },
{ "type": "Feature", "properties": { "amenity": null, "building": "house", "denomination": null, "name": null, "ref:GB:uprn": "72007453", "religion": null, "wikidata": null, "osm_type": "way", "osm_id": 609792556, "addr:city": "Leeds", "addr:housenumber": null, "addr:postcode": "LS17 8JP", "addr:street": null, "addr:suburb": null, "addr:country": "GB", "source:addr:postcode": "ONSUD;OS Open UPRN", "addr:housename": null, "source:name": null, "community_centre": null, "man_made": null }, "geometry": { "type": "Polygon", "coordinates": [ [ [ 434533.299369838787243, 439858.557780170696788 ], [ 434538.443239015061408, 439855.046340488246642 ], [ 434540.519386131840292, 439858.07695424684789 ], [ 434544.605443932581693, 439855.280946045299061 ], [ 434541.474902316636872, 439850.718212797306478 ], [ 434538.142675313632935, 439852.985708205960691 ], [ 434533.925164722371846, 439846.846116971690208 ], [ 434528.027539939619601, 439850.874952680314891 ], [ 434533.299369838787243, 439858.557780170696788 ] ] ] } },
{ "type": "Feature", "properties": { "amenity": null, "building": "house", "denomination": null, "name": null, "ref:GB:uprn": "72007522", "religion": null, "wikidata": null, "osm_type": "way", "osm_id": 609792755, "addr:city": "Leeds", "addr:housenumber": null, "addr:postcode": "LS17 8JS", "addr:street": null, "addr:suburb": null, "addr:country": "GB", "source:addr:postcode": "ONSUD;OS Open UPRN", "addr:housename": null, "source:name": null, "community_centre": null, "man_made": null }, "geometry": { "type": "Polygon", "coordinates": [ [ [ 434558.452508351998404, 439880.295507070259191 ], [ 434569.220513758365996, 439872.374981764587574 ], [ 434563.853628045762889, 439865.103094212128781 ], [ 434555.274916737165768, 439871.41530733066611 ], [ 434558.368672371841967, 439875.61060196289327 ], [ 434556.179371835431084, 439877.21892503357958 ], [ 434558.452508351998404, 439880.295507070259191 ] ] ] } },
{ "type": "Feature", "properties": { "amenity": null, "building": "house", "denomination": null, "name": null, "ref:GB:uprn": "72007454", "religion": null, "wikidata": null, "osm_type": "way", "osm_id": 609792823, "addr:city": "Leeds", "addr:housenumber": null, "addr:postcode": "LS17 8JP", "addr:street": null, "addr:suburb": null, "addr:country": "GB", "source:addr:postcode": "ONSUD;OS Open UPRN", "addr:housename": null, "source:name": null, "community_centre": null, "man_made": null }, "geometry": { "type": "Polygon", "coordinates": [ [ [ 434543.375880652223714, 439851.633487389190122 ], [ 434548.830820194561966, 439847.868442560313269 ], [ 434549.735561523353681, 439849.176926354994066 ], [ 434551.388522773864679, 439848.04308541410137 ], [ 434553.243639099411666, 439850.716023770277388 ], [ 434560.411000623600557, 439845.784211705438793 ], [ 434556.128060448216274, 439839.599611053825356 ], [ 434548.001954820821993, 439845.191950594889931 ], [ 434543.758055638929363, 439839.063282369053923 ], [ 434537.608888201997615, 439843.301655415678397 ], [ 434543.375880652223714, 439851.633487389190122 ] ] ] } },
{ "type": "Feature", "properties": { "amenity": null, "building": "house", "denomination": null, "name": null, "ref:GB:uprn": "72007449", "religion": null, "wikidata": null, "osm_type": "way", "osm_id": 609792896, "addr:city": "Leeds", "addr:housenumber": null, "addr:postcode": "LS17 8JP", "addr:street": null, "addr:suburb": null, "addr:country": "GB", "source:addr:postcode": "ONSUD;OS Open UPRN", "addr:housename": null, "source:name": null, "community_centre": null, "man_made": null }, "geometry": { "type": "Polygon", "coordinates": [ [ [ 434532.543946171179414, 439893.200349296326749 ], [ 434527.706316517142113, 439886.410848942468874 ], [ 434532.970195642556064, 439882.67775694152806 ], [ 434533.549727961537428, 439883.483143790974282 ], [ 434536.194867456390057, 439881.611134380917065 ], [ 434537.510079234198201, 439883.456718600587919 ], [ 434539.613036008377094, 439881.959015705971979 ], [ 434542.562575492542237, 439886.086476708413102 ], [ 434532.543946171179414, 439893.200349296326749 ] ] ] } },
{ "type": "Feature", "properties": { "amenity": null, "building": "house", "denomination": null, "name": null, "ref:GB:uprn": "72007526", "religion": null, "wikidata": null, "osm_type": "way", "osm_id": 609792989, "addr:city": "Leeds", "addr:housenumber": null, "addr:postcode": "LS17 8JS", "addr:street": null, "addr:suburb": null, "addr:country": "GB", "source:addr:postcode": "ONSUD;OS Open UPRN", "addr:housename": null, "source:name": null, "community_centre": null, "man_made": null }, "geometry": { "type": "Polygon", "coordinates": [ [ [ 434590.441732161852997, 439884.915564021212049 ], [ 434585.906764444196597, 439878.128238282632083 ], [ 434576.578978951903991, 439884.323614260065369 ], [ 434581.894600205705501, 439892.296112571028061 ], [ 434589.113567053514998, 439887.49824461271055 ], [ 434588.326261632202659, 439886.324139181990176 ], [ 434590.441732161852997, 439884.915564021212049 ] ] ] } },
{ "type": "Feature", "properties": { "amenity": null, "building": "house", "denomination": null, "name": null, "ref:GB:uprn": "72007445", "religion": null, "wikidata": null, "osm_type": "way", "osm_id": 609792999, "addr:city": null, "addr:housenumber": null, "addr:postcode": null, "addr:street": null, "addr:suburb": null, "addr:country": null, "source:addr:postcode": null, "addr:housename": null, "source:name": null, "community_centre": null, "man_made": null }, "geometry": { "type": "Polygon", "coordinates": [ [ [ 434546.518157371901907, 439911.673390597570688 ], [ 434554.102867319190409, 439906.332965356996283 ], [ 434549.825568799336907, 439900.28192987118382 ], [ 434542.240854121861048, 439905.622362033696845 ], [ 434546.518157371901907, 439911.673390597570688 ] ] ] } },
{ "type": "Feature", "properties": { "amenity": null, "building": "house", "denomination": null, "name": null, "ref:GB:uprn": "72007443", "religion": null, "wikidata": null, "osm_type": "way", "osm_id": 609793180, "addr:city": "Leeds", "addr:housenumber": null, "addr:postcode": "LS17 8JP", "addr:street": null, "addr:suburb": null, "addr:country": "GB", "source:addr:postcode": "ONSUD;OS Open UPRN", "addr:housename": null, "source:name": null, "community_centre": null, "man_made": null }, "geometry": { "type": "Polygon", "coordinates": [ [ [ 434565.145341436262242, 439915.582756559946574 ], [ 434559.876430456934031, 439908.411734951892868 ], [ 434570.207519034447614, 439900.855164609616622 ], [ 434575.476423021988012, 439908.026197827653959 ], [ 434565.145341436262242, 439915.582756559946574 ] ] ] } },
{ "type": "Feature", "properties": { "amenity": null, "building": "retail", "denomination": null, "name": null, "ref:GB:uprn": "72721533;72126400", "religion": null, "wikidata": null, "osm_type": "way", "osm_id": 682207159, "addr:city": null, "addr:housenumber": null, "addr:postcode": null, "addr:street": null, "addr:suburb": null, "addr:country": null, "source:addr:postcode": null, "addr:housename": null, "source:name": null, "community_centre": null, "man_made": null }, "geometry": { "type": "Polygon", "coordinates": [ [ [ 434017.24592624080833, 439947.409273296012543 ], [ 434020.419336801220197, 439950.659028212190606 ], [ 434032.08634128246922, 439939.272319956799038 ], [ 434021.357751823030412, 439928.334844301338308 ], [ 434009.690827769460157, 439939.71045322495047 ], [ 434014.620851390820462, 439944.74208443344105 ], [ 434013.560874175047502, 439945.769155210698955 ], [ 434016.18586821766803, 439948.447469451464713 ], [ 434017.24592624080833, 439947.409273296012543 ] ] ] } },
{ "type": "Feature", "properties": { "amenity": null, "building": "yes", "denomination": null, "name": null, "ref:GB:uprn": null, "religion": null, "wikidata": null, "osm_type": "way", "osm_id": 682207168, "addr:city": null, "addr:housenumber": null, "addr:postcode": null, "addr:street": null, "addr:suburb": null, "addr:country": null, "source:addr:postcode": null, "addr:housename": null, "source:name": null, "community_centre": null, "man_made": null }, "geometry": { "type": "Polygon", "coordinates": [ [ [ 434021.740850357222371, 439986.974588552606292 ], [ 434015.199321619176771, 439989.174632541369647 ], [ 434016.738365810713731, 439993.736574514536187 ], [ 434027.922154457424767, 439989.990292134345509 ], [ 434026.600937656010501, 439983.516161081613973 ], [ 434030.178197980974801, 439982.785549602354877 ], [ 434028.069302774383686, 439972.4559049771633 ], [ 434033.735170247964561, 439969.459528959356248 ], [ 434040.210712813481223, 439986.296573205268942 ], [ 434044.445730069128331, 439984.669502738397568 ], [ 434037.77658476162469, 439967.319223595317453 ], [ 434034.987320063111838, 439956.472809045226313 ], [ 434016.854127743747085, 439966.933536414406262 ], [ 434019.676124449935742, 439976.90117958036717 ], [ 434021.740850357222371, 439986.974588552606292 ] ] ] } },
{ "type": "Feature", "properties": { "amenity": null, "building": "house", "denomination": null, "name": null, "ref:GB:uprn": "72126402", "religion": null, "wikidata": null, "osm_type": "way", "osm_id": 682207169, "addr:city": null, "addr:housenumber": null, "addr:postcode": null, "addr:street": null, "addr:suburb": null, "addr:country": null, "source:addr:postcode": null, "addr:housename": null, "source:name": null, "community_centre": null, "man_made": null }, "geometry": { "type": "Polygon", "coordinates": [ [ [ 434046.354375679977238, 440005.345399787649512 ], [ 434047.764304659911431, 439996.89946566906292 ], [ 434039.505537519638892, 439995.526491301832721 ], [ 434038.095542271155864, 440003.983553812024184 ], [ 434046.354375679977238, 440005.345399787649512 ] ] ] } },
{ "type": "Feature", "properties": { "amenity": null, "building": "house", "denomination": null, "name": null, "ref:GB:uprn": "72046539", "religion": null, "wikidata": null, "osm_type": "way", "osm_id": 682492250, "addr:city": "Leeds", "addr:housenumber": null, "addr:postcode": "LS17 8LP", "addr:street": null, "addr:suburb": null, "addr:country": "GB", "source:addr:postcode": "ONSUD;OS Open UPRN", "addr:housename": "Ferndale", "source:name": "OS StreetView", "community_centre": null, "man_made": null }, "geometry": { "type": "Polygon", "coordinates": [ [ [ 434021.069116542348638, 439419.270683682523668 ], [ 434020.499413694837131, 439427.055129855521955 ], [ 434030.573083152878098, 439427.784778021159582 ], [ 434032.018657156615518, 439408.112415900221094 ], [ 434026.495184140163474, 439407.716236044187099 ], [ 434026.005838015174959, 439414.399736955878325 ], [ 434017.589227623306215, 439413.782272721990012 ], [ 434018.260886478761677, 439404.641127968789078 ], [ 434019.109127900272142, 439404.702921606134623 ], [ 434019.802627798286267, 439395.27264552959241 ], [ 434010.715281906886958, 439394.605816167546436 ], [ 434010.423374396690633, 439398.564747693948448 ], [ 434009.246360550052486, 439398.478315293672495 ], [ 434008.844787834212184, 439403.949661209597252 ], [ 434009.423466496868059, 439403.987242689472623 ], [ 434008.934306112176273, 439410.648493335582316 ], [ 434013.806734141136985, 439411.006544790579937 ], [ 434013.580253873195034, 439414.109207132598385 ], [ 434014.46138679276919, 439414.171238805633038 ], [ 434014.125399715790991, 439418.76406339998357 ], [ 434021.069116542348638, 439419.270683682523668 ] ] ] } },
{ "type": "Feature", "properties": { "amenity": null, "building": "house", "denomination": null, "name": null, "ref:GB:uprn": "72126424", "religion": null, "wikidata": null, "osm_type": "way", "osm_id": 689490168, "addr:city": null, "addr:housenumber": null, "addr:postcode": null, "addr:street": null, "addr:suburb": null, "addr:country": null, "source:addr:postcode": null, "addr:housename": null, "source:name": null, "community_centre": null, "man_made": null }, "geometry": { "type": "Polygon", "coordinates": [ [ [ 434147.57481672114227, 439904.875218478031456 ], [ 434156.295541062019765, 439904.260097479796968 ], [ 434155.728901550115552, 439896.267094002221711 ], [ 434147.008162382058799, 439896.882216110709123 ], [ 434147.57481672114227, 439904.875218478031456 ] ] ] } },
{ "type": "Feature", "properties": { "amenity": null, "building": "garage", "denomination": null, "name": null, "ref:GB:uprn": null, "religion": null, "wikidata": null, "osm_type": "way", "osm_id": 689490169, "addr:city": null, "addr:housenumber": null, "addr:postcode": null, "addr:street": null, "addr:suburb": null, "addr:country": null, "source:addr:postcode": null, "addr:housename": null, "source:name": null, "community_centre": null, "man_made": null }, "geometry": { "type": "Polygon", "coordinates": [ [ [ 434134.417254893749487, 439907.71670467290096 ], [ 434134.519023580709472, 439909.097139948047698 ], [ 434134.824410335160792, 439913.227319834637456 ], [ 434139.115816815756261, 439912.902552944724448 ], [ 434138.702007353014778, 439907.403015406569466 ], [ 434134.417254893749487, 439907.71670467290096 ] ] ] } },
{ "type": "Feature", "properties": { "amenity": null, "building": "garage", "denomination": null, "name": null, "ref:GB:uprn": null, "religion": null, "wikidata": null, "osm_type": "way", "osm_id": 689490171, "addr:city": null, "addr:housenumber": null, "addr:postcode": null, "addr:street": null, "addr:suburb": null, "addr:country": null, "source:addr:postcode": null, "addr:housename": null, "source:name": null, "community_centre": null, "man_made": null }, "geometry": { "type": "Polygon", "coordinates": [ [ [ 434122.995420650986489, 439899.855998034356162 ], [ 434117.565369796240702, 439900.261496599414386 ], [ 434120.127504910924472, 439905.242609400069341 ], [ 434123.378954041341785, 439904.999263371573761 ], [ 434122.995420650986489, 439899.855998034356162 ] ] ] } },
{ "type": "Feature", "properties": { "amenity": null, "building": "house", "denomination": null, "name": null, "ref:GB:uprn": "72126420", "religion": null, "wikidata": null, "osm_type": "way", "osm_id": 689490172, "addr:city": null, "addr:housenumber": null, "addr:postcode": null, "addr:street": null, "addr:suburb": null, "addr:country": null, "source:addr:postcode": null, "addr:housename": null, "source:name": null, "community_centre": null, "man_made": null }, "geometry": { "type": "Polygon", "coordinates": [ [ [ 434129.135108949500136, 439909.491834683227353 ], [ 434134.519023580709472, 439909.097139948047698 ], [ 434134.417254893749487, 439907.71670467290096 ], [ 434133.703412447008304, 439898.253925339551643 ], [ 434128.319404321548063, 439898.65974702546373 ], [ 434129.135108949500136, 439909.491834683227353 ] ] ] } },
{ "type": "Feature", "properties": { "amenity": null, "building": "house", "denomination": null, "name": null, "ref:GB:uprn": "72126418", "religion": null, "wikidata": null, "osm_type": "way", "osm_id": 689490174, "addr:city": "Leeds", "addr:housenumber": null, "addr:postcode": "LS17 8HL", "addr:street": null, "addr:suburb": null, "addr:country": "GB", "source:addr:postcode": "ONSUD;OS Open UPRN", "addr:housename": null, "source:name": null, "community_centre": null, "man_made": null }, "geometry": { "type": "Polygon", "coordinates": [ [ [ 434123.751114224432968, 439909.897661593859084 ], [ 434129.135108949500136, 439909.491834683227353 ], [ 434128.319404321548063, 439898.65974702546373 ], [ 434122.935478272149339, 439899.054448951617815 ], [ 434122.995420650986489, 439899.855998034356162 ], [ 434123.378954041341785, 439904.999263371573761 ], [ 434123.751114224432968, 439909.897661593859084 ] ] ] } },
{ "type": "Feature", "properties": { "amenity": null, "building": "garage", "denomination": null, "name": null, "ref:GB:uprn": null, "religion": null, "wikidata": null, "osm_type": "way", "osm_id": 689490175, "addr:city": null, "addr:housenumber": null, "addr:postcode": null, "addr:street": null, "addr:suburb": null, "addr:country": null, "source:addr:postcode": null, "addr:housename": null, "source:name": null, "community_centre": null, "man_made": null }, "geometry": { "type": "Polygon", "coordinates": [ [ [ 434118.400250141625293, 439903.95047045731917 ], [ 434115.273307842086069, 439905.162737682228908 ], [ 434117.772200377425179, 439911.600967841455713 ], [ 434120.905635930947028, 439910.399876192677766 ], [ 434118.400250141625293, 439903.95047045731917 ] ] ] } },
{ "type": "Feature", "properties": { "amenity": null, "building": "garage", "denomination": null, "name": null, "ref:GB:uprn": null, "religion": null, "wikidata": null, "osm_type": "way", "osm_id": 689490177, "addr:city": null, "addr:housenumber": null, "addr:postcode": null, "addr:street": null, "addr:suburb": null, "addr:country": null, "source:addr:postcode": null, "addr:housename": null, "source:name": null, "community_centre": null, "man_made": null }, "geometry": { "type": "Polygon", "coordinates": [ [ [ 434101.056051810563076, 439911.701742170960642 ], [ 434098.028112316620536, 439912.870235557085834 ], [ 434100.733628823247273, 439919.844035819871351 ], [ 434103.761564522457775, 439918.675544191035442 ], [ 434101.056051810563076, 439911.701742170960642 ] ] ] } },
{ "type": "Feature", "properties": { "amenity": null, "building": "house", "denomination": null, "name": null, "ref:GB:uprn": "72126416", "religion": null, "wikidata": null, "osm_type": "way", "osm_id": 689490178, "addr:city": null, "addr:housenumber": null, "addr:postcode": null, "addr:street": null, "addr:suburb": null, "addr:country": null, "source:addr:postcode": null, "addr:housename": null, "source:name": null, "community_centre": null, "man_made": null }, "geometry": { "type": "Polygon", "coordinates": [ [ [ 434108.919436889700592, 439911.380706910626031 ], [ 434115.06765921151964, 439909.011029181070626 ], [ 434111.115873075963464, 439898.834819835261442 ], [ 434104.967558482079767, 439901.215628747479059 ], [ 434108.919436889700592, 439911.380706910626031 ] ] ] } },
{ "type": "Feature", "properties": { "amenity": null, "building": "house", "denomination": null, "name": null, "ref:GB:uprn": "72126414", "religion": null, "wikidata": null, "osm_type": "way", "osm_id": 689490179, "addr:city": "Leeds", "addr:housenumber": null, "addr:postcode": "LS17 8HL", "addr:street": null, "addr:suburb": null, "addr:country": "GB", "source:addr:postcode": "ONSUD;OS Open UPRN", "addr:housename": null, "source:name": null, "community_centre": null, "man_made": null }, "geometry": { "type": "Polygon", "coordinates": [ [ [ 434102.771139855263755, 439913.761518690502271 ], [ 434108.919436889700592, 439911.380706910626031 ], [ 434104.967558482079767, 439901.215628747479059 ], [ 434098.819331241887994, 439903.585319771431386 ], [ 434102.771139855263755, 439913.761518690502271 ] ] ] } },
{ "type": "Feature", "properties": { "amenity": null, "building": "house", "denomination": null, "name": null, "ref:GB:uprn": "72126411", "religion": null, "wikidata": null, "osm_type": "way", "osm_id": 689490181, "addr:city": "Leeds", "addr:housenumber": null, "addr:postcode": "LS17 8HL", "addr:street": null, "addr:suburb": null, "addr:country": "GB", "source:addr:postcode": "ONSUD;OS Open UPRN", "addr:housename": null, "source:name": null, "community_centre": null, "man_made": null }, "geometry": { "type": "Polygon", "coordinates": [ [ [ 434091.00583767297212, 439918.738438691012561 ], [ 434093.132177405524999, 439921.235141360200942 ], [ 434098.288457699818537, 439916.866566045442596 ], [ 434089.841722341894638, 439906.95806469512172 ], [ 434079.456241890438832, 439915.772594788228162 ], [ 434079.788963234052062, 439916.153319140779786 ], [ 434078.067934047605377, 439917.620627084281296 ], [ 434080.742211160366423, 439920.755525306449272 ], [ 434087.577092924853787, 439921.650890793767758 ], [ 434091.00583767297212, 439918.738438691012561 ] ] ] } },
{ "type": "Feature", "properties": { "amenity": null, "building": "house", "denomination": null, "name": null, "ref:GB:uprn": "72126404", "religion": null, "wikidata": null, "osm_type": "way", "osm_id": 689490183, "addr:city": null, "addr:housenumber": null, "addr:postcode": null, "addr:street": null, "addr:suburb": null, "addr:country": null, "source:addr:postcode": null, "addr:housename": null, "source:name": null, "community_centre": null, "man_made": null }, "geometry": { "type": "Polygon", "coordinates": [ [ [ 434066.971236277022399, 439938.302047319710255 ], [ 434065.649645886849612, 439938.214547347277403 ], [ 434065.306492165545933, 439942.885205849655904 ], [ 434075.720929359842557, 439943.639696482568979 ], [ 434076.064093469176441, 439938.969038700335659 ], [ 434066.971236277022399, 439938.302047319710255 ] ] ] } },
{ "type": "Feature", "properties": { "amenity": null, "building": "house", "denomination": null, "name": null, "ref:GB:uprn": "72126406", "religion": null, "wikidata": null, "osm_type": "way", "osm_id": 689490184, "addr:city": null, "addr:housenumber": null, "addr:postcode": null, "addr:street": null, "addr:suburb": null, "addr:country": null, "source:addr:postcode": null, "addr:housename": null, "source:name": null, "community_centre": null, "man_made": null }, "geometry": { "type": "Polygon", "coordinates": [ [ [ 434067.314391917549074, 439933.63138896448072 ], [ 434066.971236277022399, 439938.302047319710255 ], [ 434076.064093469176441, 439938.969038700335659 ], [ 434076.407258179155178, 439934.298380973166786 ], [ 434067.314391917549074, 439933.63138896448072 ] ] ] } },
{ "type": "Feature", "properties": { "amenity": null, "building": "house", "denomination": null, "name": null, "ref:GB:uprn": "72126407", "religion": null, "wikidata": null, "osm_type": "way", "osm_id": 689490186, "addr:city": null, "addr:housenumber": null, "addr:postcode": null, "addr:street": null, "addr:suburb": null, "addr:country": null, "source:addr:postcode": null, "addr:housename": null, "source:name": null, "community_centre": null, "man_made": null }, "geometry": { "type": "Polygon", "coordinates": [ [ [ 434067.657548158778809, 439928.960730664664879 ], [ 434067.314391917549074, 439933.63138896448072 ], [ 434076.407258179155178, 439934.298380973166786 ], [ 434076.750423489778768, 439929.627723301993683 ], [ 434067.657548158778809, 439928.960730664664879 ] ] ] } },
{ "type": "Feature", "properties": { "amenity": null, "building": "house", "denomination": null, "name": null, "ref:GB:uprn": "72126409", "religion": null, "wikidata": null, "osm_type": "way", "osm_id": 689490187, "addr:city": "Leeds", "addr:housenumber": null, "addr:postcode": "LS17 8HL", "addr:street": null, "addr:suburb": null, "addr:country": "GB", "source:addr:postcode": "ONSUD;OS Open UPRN", "addr:housename": null, "source:name": null, "community_centre": null, "man_made": null }, "geometry": { "type": "Polygon", "coordinates": [ [ [ 434068.000705000536982, 439924.29007241781801 ], [ 434067.657548158778809, 439928.960730664664879 ], [ 434076.750423489778768, 439929.627723301993683 ], [ 434077.093670363421552, 439924.945939713856205 ], [ 434068.000705000536982, 439924.29007241781801 ] ] ] } },
{ "type": "Feature", "properties": { "amenity": null, "building": "house", "denomination": null, "name": null, "ref:GB:uprn": "72739661", "religion": null, "wikidata": null, "osm_type": "way", "osm_id": 689490823, "addr:city": "Leeds", "addr:housenumber": null, "addr:postcode": "LS17 8FY", "addr:street": null, "addr:suburb": null, "addr:country": "GB", "source:addr:postcode": "ONSUD;OS Open UPRN", "addr:housename": null, "source:name": null, "community_centre": null, "man_made": null }, "geometry": { "type": "Polygon", "coordinates": [ [ [ 434232.685981019341853, 439900.211503364262171 ], [ 434230.086226962739602, 439900.392777568195015 ], [ 434230.658991241245531, 439908.430342570180073 ], [ 434241.077806166547816, 439907.694274102570489 ], [ 434240.069367854739539, 439893.567292202147655 ], [ 434232.256857005006168, 439894.122136653866619 ], [ 434232.685981019341853, 439900.211503364262171 ] ] ] } },
{ "type": "Feature", "properties": { "amenity": null, "building": "house", "denomination": null, "name": null, "ref:GB:uprn": "72739659", "religion": null, "wikidata": null, "osm_type": "way", "osm_id": 689490824, "addr:city": "Leeds", "addr:housenumber": null, "addr:postcode": "LS17 8FX", "addr:street": null, "addr:suburb": null, "addr:country": "GB", "source:addr:postcode": "ONSUD;OS Open UPRN", "addr:housename": null, "source:name": null, "community_centre": null, "man_made": null }, "geometry": { "type": "Polygon", "coordinates": [ [ [ 434208.83995899092406, 439896.565758424228989 ], [ 434209.221935224952176, 439901.909298584330827 ], [ 434206.681384693831205, 439902.091018293751404 ], [ 434207.28407157654874, 439910.540481373551302 ], [ 434218.288639043923467, 439909.764134693308733 ], [ 434217.310664577235002, 439895.960051337489858 ], [ 434208.83995899092406, 439896.565758424228989 ] ] ] } },
{ "type": "Feature", "properties": { "amenity": null, "building": "house", "denomination": null, "name": null, "ref:GB:uprn": "72739660", "religion": null, "wikidata": null, "osm_type": "way", "osm_id": 689490825, "addr:city": null, "addr:housenumber": null, "addr:postcode": null, "addr:street": null, "addr:suburb": null, "addr:country": null, "source:addr:postcode": null, "addr:housename": null, "source:name": null, "community_centre": null, "man_made": null }, "geometry": { "type": "Polygon", "coordinates": [ [ [ 434221.403089619998354, 439900.362694945069961 ], [ 434218.671695871569682, 439900.554140072665177 ], [ 434219.333717898931354, 439909.883036939543672 ], [ 434229.522137063439004, 439909.167512284824625 ], [ 434228.585605928034056, 439895.997943201102316 ], [ 434221.135050851677079, 439896.533198739984073 ], [ 434221.403089619998354, 439900.362694945069961 ] ] ] } },
{ "type": "Feature", "properties": { "amenity": null, "building": "house", "denomination": null, "name": null, "ref:GB:uprn": null, "religion": null, "wikidata": null, "osm_type": "way", "osm_id": 689490826, "addr:city": null, "addr:housenumber": null, "addr:postcode": null, "addr:street": null, "addr:suburb": null, "addr:country": null, "source:addr:postcode": null, "addr:housename": null, "source:name": null, "community_centre": null, "man_made": null }, "geometry": { "type": "Polygon", "coordinates": [ [ [ 434197.99226473789895, 439895.674289039918222 ], [ 434198.350297954166308, 439900.694983020774089 ], [ 434195.586015753389802, 439900.886201467132196 ], [ 434196.224615693907253, 439909.82549384678714 ], [ 434206.195877680613194, 439909.119459119276144 ], [ 434205.199189911887515, 439895.170596718671732 ], [ 434197.99226473789895, 439895.674289039918222 ] ] ] } },
{ "type": "Feature", "properties": { "amenity": null, "building": "house", "denomination": null, "name": null, "ref:GB:uprn": "72739657", "religion": null, "wikidata": null, "osm_type": "way", "osm_id": 689490827, "addr:city": "Leeds", "addr:housenumber": null, "addr:postcode": "LS17 8FX", "addr:street": null, "addr:suburb": null, "addr:country": "GB", "source:addr:postcode": "ONSUD;OS Open UPRN", "addr:housename": null, "source:name": null, "community_centre": null, "man_made": null }, "geometry": { "type": "Polygon", "coordinates": [ [ [ 434185.351786039420404, 439897.963080326328054 ], [ 434182.317644366412424, 439898.174589792499319 ], [ 434183.021724265418015, 439908.060115731554106 ], [ 434193.585327221429907, 439907.313871659338474 ], [ 434192.583160670590587, 439893.209200549637899 ], [ 434185.047092459222768, 439893.743889313540421 ], [ 434185.351786039420404, 439897.963080326328054 ] ] ] } },
{ "type": "Feature", "properties": { "amenity": null, "building": "house", "denomination": null, "name": null, "ref:GB:uprn": "72721056", "religion": null, "wikidata": null, "osm_type": "way", "osm_id": 689490828, "addr:city": "Leeds", "addr:housenumber": null, "addr:postcode": "LS17 8HL", "addr:street": null, "addr:suburb": null, "addr:country": "GB", "source:addr:postcode": "ONSUD;OS Open UPRN", "addr:housename": null, "source:name": null, "community_centre": null, "man_made": null }, "geometry": { "type": "Polygon", "coordinates": [ [ [ 434180.663898203871213, 439894.924689449486323 ], [ 434175.911852550285403, 439895.268309704144485 ], [ 434175.995905389369, 439896.370452671893872 ], [ 434171.849439345765859, 439896.662863807869144 ], [ 434172.499536342103966, 439905.835894052637741 ], [ 434176.501279571210034, 439905.5424273700919 ], [ 434176.6922858444741, 439908.214196081389673 ], [ 434181.582455115858465, 439907.871584956301376 ], [ 434180.663898203871213, 439894.924689449486323 ] ] ] } },
{ "type": "Feature", "properties": { "amenity": null, "building": "house", "denomination": null, "name": null, "ref:GB:uprn": "72721055", "religion": null, "wikidata": null, "osm_type": "way", "osm_id": 689490829, "addr:city": "Leeds", "addr:housenumber": null, "addr:postcode": "LS17 8HL", "addr:street": null, "addr:suburb": null, "addr:country": "GB", "source:addr:postcode": "ONSUD;OS Open UPRN", "addr:housename": null, "source:name": null, "community_centre": null, "man_made": null }, "geometry": { "type": "Polygon", "coordinates": [ [ [ 434168.898943789303303, 439897.130903278244659 ], [ 434159.987281269393861, 439897.766861192183569 ], [ 434160.619534250581637, 439906.683848471031524 ], [ 434164.272401524474844, 439906.421206054859795 ], [ 434164.457080320629757, 439909.059548346675001 ], [ 434169.72243365063332, 439908.686282328912057 ], [ 434168.898943789303303, 439897.130903278244659 ] ] ] } },
{ "type": "Feature", "properties": { "amenity": null, "building": "garage", "denomination": null, "name": null, "ref:GB:uprn": null, "religion": null, "wikidata": null, "osm_type": "way", "osm_id": 689490831, "addr:city": null, "addr:housenumber": null, "addr:postcode": null, "addr:street": null, "addr:suburb": null, "addr:country": null, "source:addr:postcode": null, "addr:housename": null, "source:name": null, "community_centre": null, "man_made": null }, "geometry": { "type": "Polygon", "coordinates": [ [ [ 434172.752685938437935, 439918.021325990092009 ], [ 434177.570487439574208, 439917.678182679810561 ], [ 434177.105074030172545, 439911.143494350137189 ], [ 434172.287265832768753, 439911.486638163099997 ], [ 434172.752685938437935, 439918.021325990092009 ] ] ] } },
{ "type": "Feature", "properties": { "amenity": null, "building": "garage", "denomination": null, "name": null, "ref:GB:uprn": null, "religion": null, "wikidata": null, "osm_type": "way", "osm_id": 689490833, "addr:city": null, "addr:housenumber": null, "addr:postcode": null, "addr:street": null, "addr:suburb": null, "addr:country": null, "source:addr:postcode": null, "addr:housename": null, "source:name": null, "community_centre": null, "man_made": null }, "geometry": { "type": "Polygon", "coordinates": [ [ [ 434164.244732127292082, 439912.918915836373344 ], [ 434159.914018387673423, 439913.221119789290242 ], [ 434160.385303057380952, 439919.855988039053045 ], [ 434164.716010684496723, 439919.553784543531947 ], [ 434164.244732127292082, 439912.918915836373344 ] ] ] } },
{ "type": "Feature", "properties": { "amenity": null, "building": "garage", "denomination": null, "name": null, "ref:GB:uprn": null, "religion": null, "wikidata": null, "osm_type": "way", "osm_id": 689491088, "addr:city": null, "addr:housenumber": null, "addr:postcode": null, "addr:street": null, "addr:suburb": null, "addr:country": null, "source:addr:postcode": null, "addr:housename": null, "source:name": null, "community_centre": null, "man_made": null }, "geometry": { "type": "Polygon", "coordinates": [ [ [ 434174.179139298386872, 439931.684026601840742 ], [ 434179.873574856668711, 439931.102498959866352 ], [ 434179.339463988086209, 439925.869116527377628 ], [ 434173.638363026140723, 439926.461722804699093 ], [ 434174.179139298386872, 439931.684026601840742 ] ] ] } },
{ "type": "Feature", "properties": { "amenity": null, "building": "house", "denomination": null, "name": null, "ref:GB:uprn": "72513493", "religion": null, "wikidata": null, "osm_type": "way", "osm_id": 689491089, "addr:city": "Leeds", "addr:housenumber": null, "addr:postcode": "LS17 8WD", "addr:street": null, "addr:suburb": null, "addr:country": "GB", "source:addr:postcode": "ONSUD;OS Open UPRN", "addr:housename": null, "source:name": null, "community_centre": null, "man_made": null }, "geometry": { "type": "Polygon", "coordinates": [ [ [ 434159.952904140693136, 439928.63169058796484 ], [ 434161.280150970851537, 439941.470297867432237 ], [ 434169.364296056039166, 439940.639153539785184 ], [ 434168.854375587485265, 439935.695239460328594 ], [ 434167.774707108677831, 439935.809753874316812 ], [ 434167.615290258487221, 439934.217492414405569 ], [ 434170.235405867628288, 439933.947319726692513 ], [ 434169.584097886574455, 439927.644933431525715 ], [ 434159.952904140693136, 439928.63169058796484 ] ] ] } },
{ "type": "Feature", "properties": { "amenity": null, "building": "house", "denomination": null, "name": null, "ref:GB:uprn": "72513494", "religion": null, "wikidata": null, "osm_type": "way", "osm_id": 689491090, "addr:city": "Leeds", "addr:housenumber": null, "addr:postcode": "LS17 8WD", "addr:street": null, "addr:suburb": null, "addr:country": "GB", "source:addr:postcode": "ONSUD;OS Open UPRN", "addr:housename": null, "source:name": null, "community_centre": null, "man_made": null }, "geometry": { "type": "Polygon", "coordinates": [ [ [ 434169.434184828249272, 439962.614623220753856 ], [ 434170.466360254096799, 439972.613807724090293 ], [ 434175.225960225856397, 439972.125592587515712 ], [ 434175.060294323426206, 439970.488778887083754 ], [ 434182.295118172361981, 439969.75159825081937 ], [ 434181.428631491202395, 439961.389224981074221 ], [ 434169.434184828249272, 439962.614623220753856 ] ] ] } },
{ "type": "Feature", "properties": { "amenity": null, "building": "house", "denomination": null, "name": null, "ref:GB:uprn": "72513495", "religion": null, "wikidata": null, "osm_type": "way", "osm_id": 689491091, "addr:city": "Leeds", "addr:housenumber": null, "addr:postcode": "LS17 8WD", "addr:street": null, "addr:suburb": null, "addr:country": "GB", "source:addr:postcode": "ONSUD;OS Open UPRN", "addr:housename": null, "source:name": null, "community_centre": null, "man_made": null }, "geometry": { "type": "Polygon", "coordinates": [ [ [ 434154.812715418462176, 439958.747178804711439 ], [ 434155.783526778453961, 439968.145077735534869 ], [ 434160.233726954553276, 439967.687970260274597 ], [ 434159.908312718500383, 439964.503399737877771 ], [ 434161.336844378151, 439964.358048848574981 ], [ 434161.963956356048584, 439970.370967151131481 ], [ 434167.3753331504995, 439969.809612937970087 ], [ 434166.109426608076319, 439957.583411539439112 ], [ 434154.812715418462176, 439958.747178804711439 ] ] ] } },
{ "type": "Feature", "properties": { "amenity": null, "building": "house", "denomination": null, "name": null, "ref:GB:uprn": "72512974", "religion": null, "wikidata": null, "osm_type": "way", "osm_id": 689491092, "addr:city": "Leeds", "addr:housenumber": null, "addr:postcode": "LS17 8WD", "addr:street": null, "addr:suburb": null, "addr:country": "GB", "source:addr:postcode": "ONSUD;OS Open UPRN", "addr:housename": null, "source:name": null, "community_centre": null, "man_made": null }, "geometry": { "type": "Polygon", "coordinates": [ [ [ 434140.221863356593531, 439957.895301780779846 ], [ 434141.1927042689058, 439967.293197553022765 ], [ 434145.642903671076056, 439966.836076163104735 ], [ 434145.317479421384633, 439963.65150670427829 ], [ 434146.746010836970527, 439963.506151348585263 ], [ 434147.194634770799894, 439967.837655132287182 ], [ 434152.612509239814244, 439967.287457734812051 ], [ 434151.518572570814285, 439956.731499207089655 ], [ 434140.221863356593531, 439957.895301780779846 ] ] ] } },
{ "type": "Feature", "properties": { "amenity": null, "building": "house", "denomination": null, "name": null, "ref:GB:uprn": "72512975", "religion": null, "wikidata": null, "osm_type": "way", "osm_id": 689491093, "addr:city": "Leeds", "addr:housenumber": null, "addr:postcode": "LS17 8WD", "addr:street": null, "addr:suburb": null, "addr:country": "GB", "source:addr:postcode": "ONSUD;OS Open UPRN", "addr:housename": null, "source:name": null, "community_centre": null, "man_made": null }, "geometry": { "type": "Polygon", "coordinates": [ [ [ 434125.493600933579728, 439956.942330023390241 ], [ 434126.471049555344507, 439966.340270537999459 ], [ 434130.921248265483882, 439965.883135118056089 ], [ 434130.589154952554964, 439962.709644754999317 ], [ 434132.02434510254534, 439962.553206865326501 ], [ 434132.472901694301981, 439966.895835145027377 ], [ 434137.884278580313548, 439966.334446737891994 ], [ 434136.7968051439384, 439955.789665729971603 ], [ 434125.493600933579728, 439956.942330023390241 ] ] ] } },
{ "type": "Feature", "properties": { "amenity": null, "building": "house", "denomination": null, "name": null, "ref:GB:uprn": "72513496", "religion": null, "wikidata": null, "osm_type": "way", "osm_id": 689491094, "addr:city": "Leeds", "addr:housenumber": null, "addr:postcode": "LS17 8WD", "addr:street": null, "addr:suburb": null, "addr:country": "GB", "source:addr:postcode": "ONSUD;OS Open UPRN", "addr:housename": null, "source:name": null, "community_centre": null, "man_made": null }, "geometry": { "type": "Polygon", "coordinates": [ [ [ 434139.54393813299248, 439929.973817963968031 ], [ 434130.026040227385238, 439930.761184625211172 ], [ 434130.570776153239422, 439937.251939632580616 ], [ 434132.532286991190631, 439937.088211311842315 ], [ 434133.076694148010574, 439943.623470567865297 ], [ 434140.626479735074099, 439942.999786339816637 ], [ 434139.54393813299248, 439929.973817963968031 ] ] ] } },
{ "type": "Feature", "properties": { "amenity": null, "building": "garage", "denomination": null, "name": null, "ref:GB:uprn": null, "religion": null, "wikidata": null, "osm_type": "way", "osm_id": 689491095, "addr:city": null, "addr:housenumber": null, "addr:postcode": null, "addr:street": null, "addr:suburb": null, "addr:country": null, "source:addr:postcode": null, "addr:housename": null, "source:name": null, "community_centre": null, "man_made": null }, "geometry": { "type": "Polygon", "coordinates": [ [ [ 434120.594607848965097, 439935.933065418852493 ], [ 434126.77530891582137, 439935.421775563270785 ], [ 434126.315279902308248, 439929.944155367673375 ], [ 434120.141149557137396, 439930.45549378497526 ], [ 434120.594607848965097, 439935.933065418852493 ] ] ] } },
{ "type": "Feature", "properties": { "amenity": null, "building": "house", "denomination": null, "name": null, "ref:GB:uprn": "72513497", "religion": null, "wikidata": null, "osm_type": "way", "osm_id": 689491096, "addr:city": "Leeds", "addr:housenumber": null, "addr:postcode": "LS17 8WD", "addr:street": null, "addr:suburb": null, "addr:country": "GB", "source:addr:postcode": "ONSUD;OS Open UPRN", "addr:housename": null, "source:name": null, "community_centre": null, "man_made": null }, "geometry": { "type": "Polygon", "coordinates": [ [ [ 434106.681281953584403, 439950.429757137782872 ], [ 434112.506513510132208, 439949.949239314184524 ], [ 434112.077413834864274, 439944.738883323501796 ], [ 434113.61769290099619, 439944.60545835911762 ], [ 434113.841622540552635, 439947.277464115642942 ], [ 434118.199018100684043, 439946.91977937752381 ], [ 434117.407026099681389, 439937.345167292049155 ], [ 434105.670938037510496, 439938.316701260395348 ], [ 434106.681281953584403, 439950.429757137782872 ] ] ] } },
{ "type": "Feature", "properties": { "amenity": null, "building": "house", "denomination": null, "name": null, "ref:GB:uprn": "72512976", "religion": null, "wikidata": null, "osm_type": "way", "osm_id": 689491097, "addr:city": "Leeds", "addr:housenumber": null, "addr:postcode": "LS17 8WD", "addr:street": null, "addr:suburb": null, "addr:country": "GB", "source:addr:postcode": "ONSUD;OS Open UPRN", "addr:housename": null, "source:name": null, "community_centre": null, "man_made": null }, "geometry": { "type": "Polygon", "coordinates": [ [ [ 434105.354491457343102, 439960.089074776507914 ], [ 434094.115967361663934, 439962.299309136345983 ], [ 434096.051170321123209, 439972.071392332436517 ], [ 434101.769249551463872, 439970.944740716950037 ], [ 434101.471109595499001, 439969.429357369430363 ], [ 434102.729342808248475, 439969.182609385810792 ], [ 434102.881701541715302, 439969.940325048053637 ], [ 434107.14397280709818, 439969.09236881765537 ], [ 434105.354491457343102, 439960.089074776507914 ] ] ] } },
{ "type": "Feature", "properties": { "amenity": null, "building": "house", "denomination": null, "name": null, "ref:GB:uprn": "72512977", "religion": null, "wikidata": null, "osm_type": "way", "osm_id": 689491098, "addr:city": "Leeds", "addr:housenumber": null, "addr:postcode": "LS17 8WD", "addr:street": null, "addr:suburb": null, "addr:country": "GB", "source:addr:postcode": "ONSUD;OS Open UPRN", "addr:housename": null, "source:name": null, "community_centre": null, "man_made": null }, "geometry": { "type": "Polygon", "coordinates": [ [ [ 434086.590911446895916, 439971.279294726904482 ], [ 434092.987479847914074, 439970.024052444146946 ], [ 434091.680393625691067, 439963.427612939616665 ], [ 434079.282400277559645, 439965.874226254876703 ], [ 434082.423371386190411, 439981.70792729803361 ], [ 434088.424687270307913, 439980.527688137255609 ], [ 434086.590911446895916, 439971.279294726904482 ] ] ] } },
{ "type": "Feature", "properties": { "amenity": null, "building": "house", "denomination": null, "name": null, "ref:GB:uprn": "72509850", "religion": null, "wikidata": null, "osm_type": "way", "osm_id": 689492225, "addr:city": "Leeds", "addr:housenumber": null, "addr:postcode": "LS17 8WD", "addr:street": null, "addr:suburb": null, "addr:country": "GB", "source:addr:postcode": "ONSUD;OS Open UPRN", "addr:housename": null, "source:name": null, "community_centre": null, "man_made": null }, "geometry": { "type": "Polygon", "coordinates": [ [ [ 434224.405047413019929, 439928.857507482869551 ], [ 434220.994925951119512, 439929.210889106267132 ], [ 434221.277427083870862, 439931.961214598501101 ], [ 434235.029732687515207, 439930.548521400080062 ], [ 434234.476681809464935, 439925.214854438556358 ], [ 434233.666947629535571, 439925.297947360784747 ], [ 434233.058759871812072, 439919.407549406518228 ], [ 434223.532862328167539, 439920.383818885311484 ], [ 434224.405047413019929, 439928.857507482869551 ] ] ] } },
{ "type": "Feature", "properties": { "amenity": null, "building": "house", "denomination": null, "name": null, "ref:GB:uprn": "72509849", "religion": null, "wikidata": null, "osm_type": "way", "osm_id": 689492226, "addr:city": "Leeds", "addr:housenumber": null, "addr:postcode": "LS17 8WD", "addr:street": null, "addr:suburb": null, "addr:country": "GB", "source:addr:postcode": "ONSUD;OS Open UPRN", "addr:housename": null, "source:name": null, "community_centre": null, "man_made": null }, "geometry": { "type": "Polygon", "coordinates": [ [ [ 434231.282563519838732, 439933.814591008704156 ], [ 434220.97985296807019, 439934.874199488083832 ], [ 434222.27631728653796, 439947.401057403767481 ], [ 434232.579000567900948, 439946.341451870510355 ], [ 434231.282563519838732, 439933.814591008704156 ] ] ] } },
{ "type": "Feature", "properties": { "amenity": null, "building": "house", "denomination": null, "name": null, "ref:GB:uprn": "72509848", "religion": null, "wikidata": null, "osm_type": "way", "osm_id": 689492228, "addr:city": "Leeds", "addr:housenumber": null, "addr:postcode": "LS17 8WD", "addr:street": null, "addr:suburb": null, "addr:country": "GB", "source:addr:postcode": "ONSUD;OS Open UPRN", "addr:housename": null, "source:name": null, "community_centre": null, "man_made": null }, "geometry": { "type": "Polygon", "coordinates": [ [ [ 434220.672347176645417, 439949.948445314075798 ], [ 434221.944040800211951, 439962.263717737863772 ], [ 434232.207142738741823, 439961.214949033339508 ], [ 434231.697616734949406, 439956.226523793302476 ], [ 434229.551522971014492, 439956.444493974209763 ], [ 434229.422414924309123, 439955.20850168960169 ], [ 434231.92403969867155, 439954.948624156881124 ], [ 434231.297584613028448, 439948.857814470888115 ], [ 434220.672347176645417, 439949.948445314075798 ] ] ] } },
{ "type": "Feature", "properties": { "amenity": null, "building": "house", "denomination": null, "name": null, "ref:GB:uprn": "72509847", "religion": null, "wikidata": null, "osm_type": "way", "osm_id": 689492229, "addr:city": "Leeds", "addr:housenumber": null, "addr:postcode": "LS17 8WD", "addr:street": null, "addr:suburb": null, "addr:country": "GB", "source:addr:postcode": "ONSUD;OS Open UPRN", "addr:housename": null, "source:name": null, "community_centre": null, "man_made": null }, "geometry": { "type": "Polygon", "coordinates": [ [ [ 434226.62099047441734, 439977.585797868785448 ], [ 434226.104882771789562, 439972.597325057606213 ], [ 434225.02522125892574, 439972.711826207698323 ], [ 434224.86517488246318, 439971.20857037731912 ], [ 434227.531318391556852, 439970.938766435254365 ], [ 434226.929057209345046, 439965.13742472010199 ], [ 434217.067539645184297, 439966.144633028074168 ], [ 434218.33282232406782, 439978.43760474526789 ], [ 434226.62099047441734, 439977.585797868785448 ] ] ] } },
{ "type": "Feature", "properties": { "amenity": null, "building": "garage", "denomination": null, "name": null, "ref:GB:uprn": null, "religion": null, "wikidata": null, "osm_type": "way", "osm_id": 689492231, "addr:city": null, "addr:housenumber": null, "addr:postcode": null, "addr:street": null, "addr:suburb": null, "addr:country": null, "source:addr:postcode": null, "addr:housename": null, "source:name": null, "community_centre": null, "man_made": null }, "geometry": { "type": "Polygon", "coordinates": [ [ [ 434210.792255004518665, 439979.606431747786701 ], [ 434211.363676975131966, 439985.129381911363453 ], [ 434217.433314149850048, 439984.506135634612292 ], [ 434216.861980559944641, 439978.972058734856546 ], [ 434210.792255004518665, 439979.606431747786701 ] ] ] } },
{ "type": "Feature", "properties": { "amenity": null, "building": "house", "denomination": null, "name": null, "ref:GB:uprn": "72514347", "religion": null, "wikidata": null, "osm_type": "way", "osm_id": 689492232, "addr:city": "Leeds", "addr:housenumber": null, "addr:postcode": "LS17 8WD", "addr:street": null, "addr:suburb": null, "addr:country": "GB", "source:addr:postcode": "ONSUD;OS Open UPRN", "addr:housename": null, "source:name": null, "community_centre": null, "man_made": null }, "geometry": { "type": "Polygon", "coordinates": [ [ [ 434206.084697749407496, 439968.467732141725719 ], [ 434192.898614788718987, 439969.829010963672772 ], [ 434193.580498832918238, 439976.443168362020515 ], [ 434200.933799153950531, 439975.695755229098722 ], [ 434201.332999187288806, 439979.581841373932548 ], [ 434207.172255174431484, 439978.979152200743556 ], [ 434206.084697749407496, 439968.467732141725719 ] ] ] } },
{ "type": "Feature", "properties": { "amenity": null, "building": "garage", "denomination": null, "name": null, "ref:GB:uprn": null, "religion": null, "wikidata": null, "osm_type": "way", "osm_id": 689492234, "addr:city": null, "addr:housenumber": null, "addr:postcode": null, "addr:street": null, "addr:suburb": null, "addr:country": null, "source:addr:postcode": null, "addr:housename": null, "source:name": null, "community_centre": null, "man_made": null }, "geometry": { "type": "Polygon", "coordinates": [ [ [ 434201.332999187288806, 439979.581841373932548 ], [ 434201.898504604003392, 439985.0157345343614 ], [ 434207.737753887311555, 439984.413046091911383 ], [ 434207.172255174431484, 439978.979152200743556 ], [ 434201.332999187288806, 439979.581841373932548 ] ] ] } },
{ "type": "Feature", "properties": { "amenity": null, "building": "house", "denomination": null, "name": null, "ref:GB:uprn": "72514348", "religion": null, "wikidata": null, "osm_type": "way", "osm_id": 689492235, "addr:city": "Leeds", "addr:housenumber": null, "addr:postcode": "LS17 8WD", "addr:street": null, "addr:suburb": null, "addr:country": "GB", "source:addr:postcode": "ONSUD;OS Open UPRN", "addr:housename": null, "source:name": null, "community_centre": null, "man_made": null }, "geometry": { "type": "Polygon", "coordinates": [ [ [ 434199.908410946896765, 439951.265460809110664 ], [ 434199.257064580451697, 439944.974196015391499 ], [ 434189.592928907833993, 439945.971777693950571 ], [ 434190.219438807864208, 439952.062581545556895 ], [ 434190.798698111088015, 439952.011178054613993 ], [ 434191.370472639100626, 439957.48962156008929 ], [ 434203.812640368239954, 439956.211916862986982 ], [ 434203.265810268640053, 439950.92280544352252 ], [ 434199.908410946896765, 439951.265460809110664 ] ] ] } },
{ "type": "Feature", "properties": { "amenity": null, "building": "house", "denomination": null, "name": null, "ref:GB:uprn": "72516001", "religion": null, "wikidata": null, "osm_type": "way", "osm_id": 689492237, "addr:city": "Leeds", "addr:housenumber": null, "addr:postcode": "LS17 8WD", "addr:street": null, "addr:suburb": null, "addr:country": "GB", "source:addr:postcode": "ONSUD;OS Open UPRN", "addr:housename": null, "source:name": null, "community_centre": null, "man_made": null }, "geometry": { "type": "Polygon", "coordinates": [ [ [ 434198.435213633929379, 439929.602411321364343 ], [ 434189.24506182607729, 439930.547822722815908 ], [ 434189.718093386560213, 439935.135419907630421 ], [ 434192.647614949557465, 439934.834139104117639 ], [ 434192.77007424889598, 439936.081208235584199 ], [ 434188.71483927994268, 439936.496662352001294 ], [ 434189.292221615032759, 439942.108665112406015 ], [ 434199.614641927590128, 439941.049130879226141 ], [ 434198.435213633929379, 439929.602411321364343 ] ] ] } },
{ "type": "Feature", "properties": { "amenity": null, "building": "house", "denomination": null, "name": null, "ref:GB:uprn": "72512524", "religion": null, "wikidata": null, "osm_type": "way", "osm_id": 689492992, "addr:city": "Leeds", "addr:housenumber": null, "addr:postcode": "LS17 8WE", "addr:street": null, "addr:suburb": null, "addr:country": "GB", "source:addr:postcode": "ONSUD;OS Open UPRN", "addr:housename": null, "source:name": null, "community_centre": null, "man_made": null }, "geometry": { "type": "Polygon", "coordinates": [ [ [ 434399.928294187702704, 439976.04070720099844 ], [ 434399.750653200084344, 439975.149276744690724 ], [ 434395.71880100335693, 439975.965279099182226 ], [ 434397.388785919290967, 439984.144447154132649 ], [ 434409.622706482710782, 439981.664092052145861 ], [ 434406.143208599591162, 439964.60374855727423 ], [ 434400.569756872020662, 439965.731090663466603 ], [ 434402.563518715847749, 439975.503738373634405 ], [ 434399.928294187702704, 439976.04070720099844 ] ] ] } },
{ "type": "Feature", "properties": { "amenity": null, "building": "house", "denomination": null, "name": null, "ref:GB:uprn": "72512526", "religion": null, "wikidata": null, "osm_type": "way", "osm_id": 689492993, "addr:city": null, "addr:housenumber": null, "addr:postcode": null, "addr:street": null, "addr:suburb": null, "addr:country": null, "source:addr:postcode": null, "addr:housename": null, "source:name": null, "community_centre": null, "man_made": null }, "geometry": { "type": "Polygon", "coordinates": [ [ [ 434373.6975435098866, 439980.098433789564297 ], [ 434371.484204976237379, 439980.516123275621794 ], [ 434370.590456941397861, 439975.914290698594414 ], [ 434365.221675700333435, 439976.943037943681702 ], [ 434367.572886204754468, 439989.110505419550464 ], [ 434379.522623475291766, 439986.806011125212535 ], [ 434377.627649766975082, 439977.011845682747662 ], [ 434373.260088345210534, 439977.858782513998449 ], [ 434373.6975435098866, 439980.098433789564297 ] ] ] } },
{ "type": "Feature", "properties": { "amenity": null, "building": "house", "denomination": null, "name": null, "ref:GB:uprn": "72512973", "religion": null, "wikidata": null, "osm_type": "way", "osm_id": 689492994, "addr:city": "Leeds", "addr:housenumber": null, "addr:postcode": "LS17 8WE", "addr:street": null, "addr:suburb": null, "addr:country": "GB", "source:addr:postcode": "ONSUD;OS Open UPRN", "addr:housename": null, "source:name": null, "community_centre": null, "man_made": null }, "geometry": { "type": "Polygon", "coordinates": [ [ [ 434363.490254641859792, 439980.713364748749882 ], [ 434358.768639145768248, 439981.401944957207888 ], [ 434358.981509618228301, 439982.872213777038269 ], [ 434356.907206234231126, 439983.168538068770431 ], [ 434356.525141463556793, 439980.550991542870179 ], [ 434350.703804009594023, 439981.398409987450577 ], [ 434352.081959252303932, 439990.810469261952676 ], [ 434364.692615235224366, 439988.978101496933959 ], [ 434363.490254641859792, 439980.713364748749882 ] ] ] } },
{ "type": "Feature", "properties": { "amenity": null, "building": "garage", "denomination": null, "name": null, "ref:GB:uprn": null, "religion": null, "wikidata": null, "osm_type": "way", "osm_id": 689492995, "addr:city": null, "addr:housenumber": null, "addr:postcode": null, "addr:street": null, "addr:suburb": null, "addr:country": null, "source:addr:postcode": null, "addr:housename": null, "source:name": null, "community_centre": null, "man_made": null }, "geometry": { "type": "Polygon", "coordinates": [ [ [ 434343.720313576282933, 439981.948021364514716 ], [ 434344.540882734116167, 439987.561829447979107 ], [ 434350.395182075095363, 439986.703518635244109 ], [ 434349.574538162967656, 439981.100835473858751 ], [ 434343.720313576282933, 439981.948021364514716 ] ] ] } },
{ "type": "Feature", "properties": { "amenity": null, "building": "house", "denomination": null, "name": null, "ref:GB:uprn": "72511806", "religion": null, "wikidata": null, "osm_type": "way", "osm_id": 689492996, "addr:city": "Leeds", "addr:housenumber": null, "addr:postcode": "LS17 8WE", "addr:street": null, "addr:suburb": null, "addr:country": "GB", "source:addr:postcode": "ONSUD;OS Open UPRN", "addr:housename": null, "source:name": null, "community_centre": null, "man_made": null }, "geometry": { "type": "Polygon", "coordinates": [ [ [ 434336.117632111127023, 439984.406872398103587 ], [ 434335.71696443669498, 439981.633419359102845 ], [ 434329.428035197721329, 439982.555321680963971 ], [ 434330.793403520423453, 439991.922774197882973 ], [ 434343.753080159542151, 439990.037275973241776 ], [ 434342.568947620864492, 439981.972956907935441 ], [ 434337.853996140067466, 439982.650480532553047 ], [ 434338.066791539196856, 439984.131874345359392 ], [ 434336.117632111127023, 439984.406872398103587 ] ] ] } },
{ "type": "Feature", "properties": { "amenity": null, "building": "garage", "denomination": null, "name": null, "ref:GB:uprn": null, "religion": null, "wikidata": null, "osm_type": "way", "osm_id": 689492997, "addr:city": null, "addr:housenumber": null, "addr:postcode": null, "addr:street": null, "addr:suburb": null, "addr:country": null, "source:addr:postcode": null, "addr:housename": null, "source:name": null, "community_centre": null, "man_made": null }, "geometry": { "type": "Polygon", "coordinates": [ [ [ 434325.770414488972165, 439975.396379601676017 ], [ 434326.591169615858234, 439980.987932448391803 ], [ 434332.089780957030598, 439980.193750679027289 ], [ 434331.275691664079204, 439974.591119104879908 ], [ 434325.770414488972165, 439975.396379601676017 ] ] ] } },
{ "type": "Feature", "properties": { "amenity": null, "building": "house", "denomination": null, "name": null, "ref:GB:uprn": "72509493", "religion": null, "wikidata": null, "osm_type": "way", "osm_id": 689492999, "addr:city": "Leeds", "addr:housenumber": null, "addr:postcode": "LS17 8WE", "addr:street": null, "addr:suburb": null, "addr:country": "GB", "source:addr:postcode": "ONSUD;OS Open UPRN", "addr:housename": null, "source:name": null, "community_centre": null, "man_made": null }, "geometry": { "type": "Polygon", "coordinates": [ [ [ 434315.023183681769297, 439989.548489865846932 ], [ 434313.113204324094113, 439977.295270996633917 ], [ 434302.714404107246082, 439978.910322456737049 ], [ 434303.700667435768992, 439985.259689907310531 ], [ 434306.670773903315421, 439984.803006299422123 ], [ 434306.896897754108068, 439986.2622431012569 ], [ 434304.124290047853719, 439986.698120235349052 ], [ 434304.815411335439421, 439991.131556541426107 ], [ 434315.023183681769297, 439989.548489865846932 ] ] ] } },
{ "type": "Feature", "properties": { "amenity": null, "building": "house", "denomination": null, "name": null, "ref:GB:uprn": "72509496", "religion": null, "wikidata": null, "osm_type": "way", "osm_id": 689493000, "addr:city": "Leeds", "addr:housenumber": null, "addr:postcode": "LS17 8WE", "addr:street": null, "addr:suburb": null, "addr:country": "GB", "source:addr:postcode": "ONSUD;OS Open UPRN", "addr:housename": null, "source:name": null, "community_centre": null, "man_made": null }, "geometry": { "type": "Polygon", "coordinates": [ [ [ 434271.66347295185551, 439976.468779900926165 ], [ 434267.13920301257167, 439977.158897012239322 ], [ 434268.626745509682223, 439986.927780236932449 ], [ 434280.368614343169611, 439985.155586529406719 ], [ 434278.881177189701702, 439975.375573523691855 ], [ 434273.500808255746961, 439976.192936488892883 ], [ 434274.003012855770066, 439979.478948909672908 ], [ 434272.165678809804376, 439979.754792121239007 ], [ 434271.66347295185551, 439976.468779900926165 ] ] ] } },
{ "type": "Feature", "properties": { "amenity": null, "building": "house", "denomination": null, "name": null, "ref:GB:uprn": "72509774", "religion": null, "wikidata": null, "osm_type": "way", "osm_id": 689493001, "addr:city": "Leeds", "addr:housenumber": null, "addr:postcode": "LS17 8WD", "addr:street": null, "addr:suburb": null, "addr:country": "GB", "source:addr:postcode": "ONSUD;OS Open UPRN", "addr:housename": null, "source:name": null, "community_centre": null, "man_made": null }, "geometry": { "type": "Polygon", "coordinates": [ [ [ 434257.356662503618281, 439986.255610531778075 ], [ 434255.860690643836278, 439974.038825299940072 ], [ 434248.769596639787778, 439974.910461949417368 ], [ 434249.495831614418421, 439980.846232399344444 ], [ 434240.811448779888451, 439981.90650618262589 ], [ 434241.581296702381223, 439988.176391200744547 ], [ 434257.356662503618281, 439986.255610531778075 ] ] ] } },
{ "type": "Feature", "properties": { "amenity": null, "building": "house", "denomination": null, "name": null, "ref:GB:uprn": "72509843", "religion": null, "wikidata": null, "osm_type": "way", "osm_id": 689493002, "addr:city": "Leeds", "addr:housenumber": null, "addr:postcode": "LS17 8WD", "addr:street": null, "addr:suburb": null, "addr:country": "GB", "source:addr:postcode": "ONSUD;OS Open UPRN", "addr:housename": null, "source:name": null, "community_centre": null, "man_made": null }, "geometry": { "type": "Polygon", "coordinates": [ [ [ 434258.987310389697086, 440000.743201130186208 ], [ 434257.209300526010338, 439989.314337811782025 ], [ 434247.95647210162133, 439990.748742847004905 ], [ 434248.90504895983031, 439996.864164542872459 ], [ 434249.965297609334812, 439996.705020724330097 ], [ 434250.788255018531345, 440002.007284867577255 ], [ 434258.987310389697086, 440000.743201130186208 ] ] ] } },
{ "type": "Feature", "properties": { "amenity": null, "building": "house", "denomination": null, "name": null, "ref:GB:uprn": "72509845", "religion": null, "wikidata": null, "osm_type": "way", "osm_id": 689493004, "addr:city": "Leeds", "addr:housenumber": null, "addr:postcode": "LS17 8WD", "addr:street": null, "addr:suburb": null, "addr:country": "GB", "source:addr:postcode": "ONSUD;OS Open UPRN", "addr:housename": null, "source:name": null, "community_centre": null, "man_made": null }, "geometry": { "type": "Polygon", "coordinates": [ [ [ 434227.334843294869643, 439997.819108936819248 ], [ 434223.047564856591634, 439998.488747615367174 ], [ 434224.524150473240297, 440007.968245398486033 ], [ 434236.246540510037448, 440006.151292793569155 ], [ 434234.3742837793543, 439994.109788591042161 ], [ 434229.072878544859122, 439994.927779746823944 ], [ 434229.789160942193121, 439999.528286600252613 ], [ 434227.64877040090505, 439999.868691342533566 ], [ 434227.334843294869643, 439997.819108936819248 ] ] ] } },
{ "type": "Feature", "properties": { "amenity": null, "building": "house", "denomination": null, "name": null, "ref:GB:uprn": "72509846", "religion": null, "wikidata": null, "osm_type": "way", "osm_id": 689493005, "addr:city": "Leeds", "addr:housenumber": null, "addr:postcode": "LS17 8WD", "addr:street": null, "addr:suburb": null, "addr:country": "GB", "source:addr:postcode": "ONSUD;OS Open UPRN", "addr:housename": null, "source:name": null, "community_centre": null, "man_made": null }, "geometry": { "type": "Polygon", "coordinates": [ [ [ 434209.949195325665642, 440010.365221336833201 ], [ 434222.178632823459338, 440008.474051866796799 ], [ 434220.570250515826046, 439998.125719724688679 ], [ 434214.840806980850175, 439999.007358355214819 ], [ 434215.117142380389851, 440000.800754222786054 ], [ 434213.187487271788996, 440001.109325662022457 ], [ 434212.942577012639958, 439999.516437661135569 ], [ 434208.372131454816554, 440000.228527173050679 ], [ 434209.949195325665642, 440010.365221336833201 ] ] ] } },
{ "type": "Feature", "properties": { "amenity": null, "building": "garage", "denomination": null, "name": null, "ref:GB:uprn": null, "religion": null, "wikidata": null, "osm_type": "way", "osm_id": 689493306, "addr:city": null, "addr:housenumber": null, "addr:postcode": null, "addr:street": null, "addr:suburb": null, "addr:country": null, "source:addr:postcode": null, "addr:housename": null, "source:name": null, "community_centre": null, "man_made": null }, "geometry": { "type": "Polygon", "coordinates": [ [ [ 434349.479856871825177, 439960.827535851625726 ], [ 434350.525555146217812, 439968.034095328068361 ], [ 434356.979036419652402, 439967.102301927981898 ], [ 434356.766409396426752, 439965.598655333742499 ], [ 434359.17659953533439, 439965.249162598280236 ], [ 434358.35669659927953, 439959.54634433449246 ], [ 434349.479856871825177, 439960.827535851625726 ] ] ] } },
{ "type": "Feature", "properties": { "amenity": null, "building": "house", "denomination": null, "name": null, "ref:GB:uprn": "72149435", "religion": null, "wikidata": null, "osm_type": "way", "osm_id": 689493307, "addr:city": "Leeds", "addr:housenumber": null, "addr:postcode": "LS17 8HW", "addr:street": null, "addr:suburb": null, "addr:country": "GB", "source:addr:postcode": "ONSUD;OS Open UPRN", "addr:housename": null, "source:name": null, "community_centre": null, "man_made": null }, "geometry": { "type": "Polygon", "coordinates": [ [ [ 434367.73818637302611, 439955.83215513790492 ], [ 434375.765515125356615, 439954.678280697669834 ], [ 434374.538404365768656, 439946.201954947202466 ], [ 434353.557997801108286, 439949.21906326757744 ], [ 434354.666206435707863, 439956.871144847478718 ], [ 434363.068876867473591, 439955.664369478123263 ], [ 434363.651144608098548, 439959.685333080473356 ], [ 434368.201513255480677, 439959.028880440164357 ], [ 434367.73818637302611, 439955.83215513790492 ] ] ] } },
{ "type": "Feature", "properties": { "amenity": null, "building": "house", "denomination": null, "name": null, "ref:GB:uprn": "72511470", "religion": null, "wikidata": null, "osm_type": "way", "osm_id": 689493308, "addr:city": "Leeds", "addr:housenumber": null, "addr:postcode": "LS17 8WE", "addr:street": null, "addr:suburb": null, "addr:country": "GB", "source:addr:postcode": "ONSUD;OS Open UPRN", "addr:housename": null, "source:name": null, "community_centre": null, "man_made": null }, "geometry": { "type": "Polygon", "coordinates": [ [ [ 434314.281748538371176, 439936.324691794696264 ], [ 434315.645205698674545, 439945.959162299404852 ], [ 434321.275332379795145, 439945.177057712571695 ], [ 434321.194060185400303, 439944.597880626213737 ], [ 434327.153491748555098, 439943.76256383722648 ], [ 434325.871410965512041, 439934.696141101652756 ], [ 434314.281748538371176, 439936.324691794696264 ] ] ] } },
{ "type": "Feature", "properties": { "amenity": null, "building": "house", "denomination": null, "name": null, "ref:GB:uprn": "72511469", "religion": null, "wikidata": null, "osm_type": "way", "osm_id": 689493309, "addr:city": "Leeds", "addr:housenumber": null, "addr:postcode": "LS17 8WE", "addr:street": null, "addr:suburb": null, "addr:country": "GB", "source:addr:postcode": "ONSUD;OS Open UPRN", "addr:housename": null, "source:name": null, "community_centre": null, "man_made": null }, "geometry": { "type": "Polygon", "coordinates": [ [ [ 434299.398989872366656, 439938.496604369604029 ], [ 434300.58717931935098, 439946.916990793542936 ], [ 434306.27000671409769, 439946.12412760569714 ], [ 434306.044777086237445, 439944.54250527638942 ], [ 434307.592292465677019, 439944.3201847524615 ], [ 434308.023587480478454, 439947.405403219512664 ], [ 434313.0742864953354, 439946.696929631056264 ], [ 434311.060961445677094, 439932.384540803963318 ], [ 434305.746805128408596, 439933.135592915234156 ], [ 434306.365902920078952, 439937.523995117750019 ], [ 434299.398989872366656, 439938.496604369604029 ] ] ] } },
{ "type": "Feature", "properties": { "amenity": null, "building": "house", "denomination": null, "name": null, "ref:GB:uprn": "72511805", "religion": null, "wikidata": null, "osm_type": "way", "osm_id": 689493310, "addr:city": "Leeds", "addr:housenumber": null, "addr:postcode": "LS17 8WE", "addr:street": null, "addr:suburb": null, "addr:country": "GB", "source:addr:postcode": "ONSUD;OS Open UPRN", "addr:housename": null, "source:name": null, "community_centre": null, "man_made": null }, "geometry": { "type": "Polygon", "coordinates": [ [ [ 434291.998825103684794, 439946.531420055311173 ], [ 434292.142620687722228, 439947.556117060012184 ], [ 434296.844281626283191, 439946.900702764163725 ], [ 434295.831466221483424, 439939.683270790963434 ], [ 434282.878737621766049, 439941.502194755827077 ], [ 434284.892388871463481, 439955.781193395610899 ], [ 434290.8781921408372, 439954.934897023369558 ], [ 434289.733588611939922, 439946.848629248095676 ], [ 434291.998825103684794, 439946.531420055311173 ] ] ] } },
{ "type": "Feature", "properties": { "amenity": null, "building": "yes", "denomination": null, "name": null, "ref:GB:uprn": null, "religion": null, "wikidata": null, "osm_type": "way", "osm_id": 689493311, "addr:city": null, "addr:housenumber": null, "addr:postcode": null, "addr:street": null, "addr:suburb": null, "addr:country": null, "source:addr:postcode": null, "addr:housename": null, "source:name": null, "community_centre": null, "man_made": null }, "geometry": { "type": "Polygon", "coordinates": [ [ [ 434270.114194105088245, 439925.698053932399489 ], [ 434270.839142958633602, 439930.009339687880129 ], [ 434285.981059571553487, 439927.48318331327755 ], [ 434285.262620700523257, 439923.183069299208 ], [ 434270.114194105088245, 439925.698053932399489 ] ] ] } },
{ "type": "Feature", "properties": { "amenity": null, "building": "yes", "denomination": null, "name": null, "ref:GB:uprn": "72149427", "religion": null, "wikidata": null, "osm_type": "way", "osm_id": 689493729, "addr:city": null, "addr:housenumber": null, "addr:postcode": null, "addr:street": null, "addr:suburb": null, "addr:country": null, "source:addr:postcode": null, "addr:housename": null, "source:name": null, "community_centre": null, "man_made": null }, "geometry": { "type": "Polygon", "coordinates": [ [ [ 434377.627829274511896, 439851.537553171976469 ], [ 434371.598815517849289, 439852.872991550946608 ], [ 434375.056339251634199, 439868.475562588544562 ], [ 434381.091911975992844, 439867.140177014633082 ], [ 434377.627829274511896, 439851.537553171976469 ] ] ] } },
{ "type": "Feature", "properties": { "amenity": null, "building": "yes", "denomination": null, "name": null, "ref:GB:uprn": "72126449;72721536", "religion": null, "wikidata": null, "osm_type": "way", "osm_id": 689493730, "addr:city": null, "addr:housenumber": null, "addr:postcode": null, "addr:street": null, "addr:suburb": null, "addr:country": null, "source:addr:postcode": null, "addr:housename": null, "source:name": null, "community_centre": null, "man_made": null }, "geometry": { "type": "Polygon", "coordinates": [ [ [ 434366.637255474226549, 439863.829624001751654 ], [ 434368.896449732070323, 439863.445647920714691 ], [ 434367.527895024279132, 439855.41335013427306 ], [ 434359.729404118901584, 439856.735817983397283 ], [ 434362.983559520158451, 439875.852882353006862 ], [ 434368.522830495727248, 439874.914395178086124 ], [ 434366.637255474226549, 439863.829624001751654 ] ] ] } },
{ "type": "Feature", "properties": { "amenity": null, "building": "house", "denomination": null, "name": null, "ref:GB:uprn": "72521790", "religion": null, "wikidata": null, "osm_type": "way", "osm_id": 689493731, "addr:city": "Leeds", "addr:housenumber": null, "addr:postcode": "LS17 8GA", "addr:street": null, "addr:suburb": null, "addr:country": "GB", "source:addr:postcode": "ONSUD;OS Open UPRN", "addr:housename": null, "source:name": null, "community_centre": null, "man_made": null }, "geometry": { "type": "Polygon", "coordinates": [ [ [ 434377.822542008012533, 439885.052199456607923 ], [ 434380.194494320370723, 439885.436789800180122 ], [ 434380.94531106739305, 439880.835903689498082 ], [ 434378.573356467531994, 439880.451312974095345 ], [ 434379.0556237999117, 439877.484060321585275 ], [ 434370.74394841468893, 439876.132366091362201 ], [ 434369.125120207550935, 439886.067634682520293 ], [ 434377.436778284260072, 439887.419326119474135 ], [ 434377.822542008012533, 439885.052199456607923 ] ] ] } },
{ "type": "Feature", "properties": { "amenity": null, "building": "garage", "denomination": null, "name": null, "ref:GB:uprn": null, "religion": null, "wikidata": null, "osm_type": "way", "osm_id": 689493732, "addr:city": null, "addr:housenumber": null, "addr:postcode": null, "addr:street": null, "addr:suburb": null, "addr:country": null, "source:addr:postcode": null, "addr:housename": null, "source:name": null, "community_centre": null, "man_made": null }, "geometry": { "type": "Polygon", "coordinates": [ [ [ 434366.07058426446747, 439888.159264859627001 ], [ 434367.021107229404151, 439893.095309368451126 ], [ 434370.360951224109158, 439892.463354059145786 ], [ 434369.410513300448656, 439887.516182894818485 ], [ 434366.07058426446747, 439888.159264859627001 ] ] ] } },
{ "type": "Feature", "properties": { "amenity": null, "building": "house", "denomination": null, "name": null, "ref:GB:uprn": "72521789", "religion": null, "wikidata": null, "osm_type": "way", "osm_id": 689493733, "addr:city": "Leeds", "addr:housenumber": null, "addr:postcode": "LS17 8GA", "addr:street": null, "addr:suburb": null, "addr:country": "GB", "source:addr:postcode": "ONSUD;OS Open UPRN", "addr:housename": null, "source:name": null, "community_centre": null, "man_made": null }, "geometry": { "type": "Polygon", "coordinates": [ [ [ 434362.723028874781448, 439884.462932527065277 ], [ 434350.628323988756165, 439886.76640891621355 ], [ 434352.180753879598342, 439894.844557035481557 ], [ 434364.275520366267301, 439892.529958749655634 ], [ 434362.723028874781448, 439884.462932527065277 ] ] ] } },
{ "type": "Feature", "properties": { "amenity": null, "building": "garage", "denomination": null, "name": null, "ref:GB:uprn": null, "religion": null, "wikidata": null, "osm_type": "way", "osm_id": 689493734, "addr:city": null, "addr:housenumber": null, "addr:postcode": null, "addr:street": null, "addr:suburb": null, "addr:country": null, "source:addr:postcode": null, "addr:housename": null, "source:name": null, "community_centre": null, "man_made": null }, "geometry": { "type": "Polygon", "coordinates": [ [ [ 434348.172274031152483, 439880.806807455257513 ], [ 434351.903097116912249, 439881.579653936671093 ], [ 434353.048925101640634, 439876.03590328595601 ], [ 434349.311438151518814, 439875.274133631610312 ], [ 434348.172274031152483, 439880.806807455257513 ] ] ] } },
{ "type": "Feature", "properties": { "amenity": null, "building": "garage", "denomination": null, "name": null, "ref:GB:uprn": null, "religion": null, "wikidata": null, "osm_type": "way", "osm_id": 689493735, "addr:city": null, "addr:housenumber": null, "addr:postcode": null, "addr:street": null, "addr:suburb": null, "addr:country": null, "source:addr:postcode": null, "addr:housename": null, "source:name": null, "community_centre": null, "man_made": null }, "geometry": { "type": "Polygon", "coordinates": [ [ [ 434339.8586788190878, 439883.304945739801042 ], [ 434340.863210452895146, 439888.953480800264515 ], [ 434346.620186951942742, 439887.927551822271198 ], [ 434345.609084051044192, 439882.278967259800993 ], [ 434339.8586788190878, 439883.304945739801042 ] ] ] } },
{ "type": "Feature", "properties": { "amenity": null, "building": "garage", "denomination": null, "name": null, "ref:GB:uprn": null, "religion": null, "wikidata": null, "osm_type": "way", "osm_id": 689493736, "addr:city": null, "addr:housenumber": null, "addr:postcode": null, "addr:street": null, "addr:suburb": null, "addr:country": null, "source:addr:postcode": null, "addr:housename": null, "source:name": null, "community_centre": null, "man_made": null }, "geometry": { "type": "Polygon", "coordinates": [ [ [ 434329.508763221267145, 439893.476626754039899 ], [ 434325.78715952753555, 439894.139192565344274 ], [ 434327.025629078154452, 439901.080120941158384 ], [ 434330.74064949300373, 439900.417507906327955 ], [ 434329.508763221267145, 439893.476626754039899 ] ] ] } },
{ "type": "Feature", "properties": { "amenity": null, "building": "house", "denomination": null, "name": null, "ref:GB:uprn": "72126442", "religion": null, "wikidata": null, "osm_type": "way", "osm_id": 689493737, "addr:city": "Leeds", "addr:housenumber": null, "addr:postcode": "LS17 8HL", "addr:street": null, "addr:suburb": null, "addr:country": "GB", "source:addr:postcode": "ONSUD;OS Open UPRN", "addr:housename": null, "source:name": null, "community_centre": null, "man_made": null }, "geometry": { "type": "Polygon", "coordinates": [ [ [ 434329.419698355311994, 439887.679033405496739 ], [ 434338.516191428352613, 439886.065616094158031 ], [ 434336.298202917329036, 439873.654358991771005 ], [ 434332.958676682494115, 439874.24183482513763 ], [ 434332.74383474199567, 439873.038590686977841 ], [ 434326.986843183345627, 439874.064536815392785 ], [ 434329.419698355311994, 439887.679033405496739 ] ] ] } },
{ "type": "Feature", "properties": { "amenity": null, "building": "garage", "denomination": null, "name": null, "ref:GB:uprn": null, "religion": null, "wikidata": null, "osm_type": "way", "osm_id": 689493738, "addr:city": null, "addr:housenumber": null, "addr:postcode": null, "addr:street": null, "addr:suburb": null, "addr:country": null, "source:addr:postcode": null, "addr:housename": null, "source:name": null, "community_centre": null, "man_made": null }, "geometry": { "type": "Polygon", "coordinates": [ [ [ 434324.27985741518205, 439890.667782410047948 ], [ 434321.618772092217114, 439891.137846873723902 ], [ 434322.686575480329338, 439897.131765111000277 ], [ 434325.347739065298811, 439896.650575298815966 ], [ 434324.27985741518205, 439890.667782410047948 ] ] ] } },
{ "type": "Feature", "properties": { "amenity": null, "building": "house", "denomination": null, "name": null, "ref:GB:uprn": null, "religion": null, "wikidata": null, "osm_type": "way", "osm_id": 689493739, "addr:city": null, "addr:housenumber": null, "addr:postcode": null, "addr:street": null, "addr:suburb": null, "addr:country": null, "source:addr:postcode": null, "addr:housename": null, "source:name": null, "community_centre": null, "man_made": null }, "geometry": { "type": "Polygon", "coordinates": [ [ [ 434319.279617089952808, 439874.608881284948438 ], [ 434312.48192311450839, 439875.816370001528412 ], [ 434314.131191693828441, 439885.05237682920415 ], [ 434317.319251263572369, 439884.486030765459873 ], [ 434317.862942330189981, 439887.494187588687055 ], [ 434321.465983575559221, 439886.852999581606127 ], [ 434319.279617089952808, 439874.608881284948438 ] ] ] } },
{ "type": "Feature", "properties": { "amenity": null, "building": "garage", "denomination": null, "name": null, "ref:GB:uprn": null, "religion": null, "wikidata": null, "osm_type": "way", "osm_id": 689493740, "addr:city": null, "addr:housenumber": null, "addr:postcode": null, "addr:street": null, "addr:suburb": null, "addr:country": null, "source:addr:postcode": null, "addr:housename": null, "source:name": null, "community_centre": null, "man_made": null }, "geometry": { "type": "Polygon", "coordinates": [ [ [ 434310.598808948183432, 439891.313003310002387 ], [ 434307.516083795286249, 439891.868999039754272 ], [ 434308.438725632440764, 439897.027357991668396 ], [ 434311.521447506849654, 439896.471362881478854 ], [ 434310.598808948183432, 439891.313003310002387 ] ] ] } },
{ "type": "Feature", "properties": { "amenity": null, "building": "house", "denomination": null, "name": null, "ref:GB:uprn": "72126439", "religion": null, "wikidata": null, "osm_type": "way", "osm_id": 689493741, "addr:city": "Leeds", "addr:housenumber": null, "addr:postcode": "LS17 8HL", "addr:street": null, "addr:suburb": null, "addr:country": "GB", "source:addr:postcode": "ONSUD;OS Open UPRN", "addr:housename": null, "source:name": null, "community_centre": null, "man_made": null }, "geometry": { "type": "Polygon", "coordinates": [ [ [ 434298.273626134323422, 439889.164300508680753 ], [ 434301.468258825596422, 439888.597991812974215 ], [ 434299.894642683328129, 439879.807606361806393 ], [ 434293.781967471120879, 439880.897747464594431 ], [ 434296.100912237947341, 439893.910557122435421 ], [ 434299.025519094313495, 439893.386775455670431 ], [ 434298.273626134323422, 439889.164300508680753 ] ] ] } },
{ "type": "Feature", "properties": { "amenity": null, "building": "house", "denomination": null, "name": null, "ref:GB:uprn": "72126440", "religion": null, "wikidata": null, "osm_type": "way", "osm_id": 689493742, "addr:city": "Leeds", "addr:housenumber": null, "addr:postcode": "LS17 8HL", "addr:street": null, "addr:suburb": null, "addr:country": "GB", "source:addr:postcode": "ONSUD;OS Open UPRN", "addr:housename": null, "source:name": null, "community_centre": null, "man_made": null }, "geometry": { "type": "Polygon", "coordinates": [ [ [ 434306.013898816541769, 439878.717521443613805 ], [ 434299.894642683328129, 439879.807606361806393 ], [ 434301.468258825596422, 439888.597991812974215 ], [ 434307.580925895774271, 439887.507860795594752 ], [ 434306.013898816541769, 439878.717521443613805 ] ] ] } },
{ "type": "Feature", "properties": { "amenity": null, "building": "garage", "denomination": null, "name": null, "ref:GB:uprn": null, "religion": null, "wikidata": null, "osm_type": "way", "osm_id": 689493743, "addr:city": null, "addr:housenumber": null, "addr:postcode": null, "addr:street": null, "addr:suburb": null, "addr:country": null, "source:addr:postcode": null, "addr:housename": null, "source:name": null, "community_centre": null, "man_made": null }, "geometry": { "type": "Polygon", "coordinates": [ [ [ 434292.688890104007442, 439890.925903529045172 ], [ 434289.731392654241063, 439891.449448334751651 ], [ 434291.386952118074987, 439900.729999224189669 ], [ 434294.35110333445482, 439900.195377684780397 ], [ 434292.688890104007442, 439890.925903529045172 ] ] ] } },
{ "type": "Feature", "properties": { "amenity": null, "building": "house", "denomination": null, "name": null, "ref:GB:uprn": "72126437", "religion": null, "wikidata": null, "osm_type": "way", "osm_id": 689493744, "addr:city": "Leeds", "addr:housenumber": null, "addr:postcode": "LS17 8HL", "addr:street": null, "addr:suburb": null, "addr:country": "GB", "source:addr:postcode": "ONSUD;OS Open UPRN", "addr:housename": null, "source:name": null, "community_centre": null, "man_made": null }, "geometry": { "type": "Polygon", "coordinates": [ [ [ 434278.821510506561026, 439881.978755103191361 ], [ 434280.849720129685011, 439893.376076796907 ], [ 434283.412048954516649, 439892.916392714134417 ], [ 434284.005859290540684, 439896.269835805287585 ], [ 434288.517868832335807, 439895.468378812540323 ], [ 434287.235086899425369, 439888.282352516776882 ], [ 434289.580020376713946, 439887.865586313884705 ], [ 434288.234227788867429, 439880.300795277464204 ], [ 434278.821510506561026, 439881.978755103191361 ] ] ] } },
{ "type": "Feature", "properties": { "amenity": null, "building": "house", "denomination": null, "name": null, "ref:GB:uprn": "72126435", "religion": null, "wikidata": null, "osm_type": "way", "osm_id": 689493745, "addr:city": null, "addr:housenumber": null, "addr:postcode": null, "addr:street": null, "addr:suburb": null, "addr:country": null, "source:addr:postcode": null, "addr:housename": null, "source:name": null, "community_centre": null, "man_made": null }, "geometry": { "type": "Polygon", "coordinates": [ [ [ 434267.381920311134309, 439886.456922151613981 ], [ 434265.188525747566018, 439886.841428624349646 ], [ 434264.815811871667393, 439884.735780987655744 ], [ 434260.784639368590433, 439885.45176629954949 ], [ 434262.49084718915401, 439895.010840821894817 ], [ 434274.149629263905808, 439892.937604032806121 ], [ 434272.039146452152636, 439881.094620783464052 ], [ 434266.598410283389967, 439882.056196310906671 ], [ 434267.381920311134309, 439886.456922151613981 ] ] ] } },
{ "type": "Feature", "properties": { "amenity": null, "building": "house", "denomination": null, "name": null, "ref:GB:uprn": "72149440", "religion": null, "wikidata": null, "osm_type": "way", "osm_id": 689714644, "addr:city": null, "addr:housenumber": null, "addr:postcode": null, "addr:street": null, "addr:suburb": null, "addr:country": null, "source:addr:postcode": null, "addr:housename": null, "source:name": null, "community_centre": null, "man_made": null }, "geometry": { "type": "Polygon", "coordinates": [ [ [ 434463.115708315453958, 440005.912847146042623 ], [ 434460.873169071623124, 440005.829583622282371 ], [ 434460.799639955745079, 440007.776192354504019 ], [ 434455.558279905002564, 440007.581850531860255 ], [ 434455.248233609250747, 440015.746471937163733 ], [ 434464.711541691038292, 440016.105404689325951 ], [ 434464.654360291489866, 440017.618197462987155 ], [ 434470.382301113626454, 440017.838384660193697 ], [ 434470.938522207201459, 440003.044139909325168 ], [ 434467.630622746772133, 440002.919650949072093 ], [ 434467.451439771568403, 440002.23961121647153 ], [ 434467.067689532472286, 440001.647078306763433 ], [ 434466.518347470264416, 440001.209098578314297 ], [ 434465.855790393834468, 440000.959437309298664 ], [ 434465.152128598594572, 440000.932005005306564 ], [ 434464.473140273068566, 440001.127285822178237 ], [ 434463.891345175041351, 440001.523560341214761 ], [ 434463.466189277416561, 440002.087886333232746 ], [ 434463.237630717107095, 440002.753798413556069 ], [ 434463.115708315453958, 440005.912847146042623 ] ] ] } },
{ "type": "Feature", "properties": { "amenity": null, "building": "house", "denomination": null, "name": null, "ref:GB:uprn": null, "religion": null, "wikidata": null, "osm_type": "way", "osm_id": 689714645, "addr:city": null, "addr:housenumber": null, "addr:postcode": null, "addr:street": null, "addr:suburb": null, "addr:country": null, "source:addr:postcode": null, "addr:housename": null, "source:name": null, "community_centre": null, "man_made": null }, "geometry": { "type": "Polygon", "coordinates": [ [ [ 434423.922402243129909, 439991.682965327054262 ], [ 434424.304613392974716, 439996.959769017412327 ], [ 434426.028982348972932, 439996.838927134871483 ], [ 434426.178131746011786, 439998.920692157698795 ], [ 434437.873694626032375, 439998.083185744821094 ], [ 434437.802125057671219, 439997.081268112990074 ], [ 434443.008204209094401, 439996.707875276100822 ], [ 434442.751709361153189, 439993.12323312938679 ], [ 434437.545626240666024, 439993.496626267209649 ], [ 434437.342354317719582, 439990.724615489365533 ], [ 434423.922402243129909, 439991.682965327054262 ] ] ] } },
{ "type": "Feature", "properties": { "amenity": null, "building": "house", "denomination": null, "name": null, "ref:GB:uprn": "72663794", "religion": null, "wikidata": null, "osm_type": "way", "osm_id": 689714646, "addr:city": "Leeds", "addr:housenumber": null, "addr:postcode": "LS17 8LJ", "addr:street": null, "addr:suburb": null, "addr:country": "GB", "source:addr:postcode": "ONSUD;OS Open UPRN", "addr:housename": null, "source:name": null, "community_centre": null, "man_made": null }, "geometry": { "type": "Polygon", "coordinates": [ [ [ 434425.252446475147735, 439972.721942621981725 ], [ 434429.148707959160674, 439971.560045128921047 ], [ 434427.6014826457249, 439966.374814889975823 ], [ 434423.705299047054723, 439967.525587715907022 ], [ 434422.973335057380609, 439965.083488326170482 ], [ 434417.541076148045249, 439966.690290588070638 ], [ 434420.385143097722903, 439976.224411597242579 ], [ 434425.817473784030881, 439974.606486693141051 ], [ 434425.252446475147735, 439972.721942621981725 ] ] ] } },
{ "type": "Feature", "properties": { "amenity": null, "building": "house", "denomination": null, "name": null, "ref:GB:uprn": "72124981", "religion": null, "wikidata": null, "osm_type": "way", "osm_id": 689714647, "addr:city": "Leeds", "addr:housenumber": null, "addr:postcode": "LS17 8LJ", "addr:street": null, "addr:suburb": null, "addr:country": "GB", "source:addr:postcode": "ONSUD;OS Open UPRN", "addr:housename": null, "source:name": null, "community_centre": null, "man_made": null }, "geometry": { "type": "Polygon", "coordinates": [ [ [ 434442.25275963707827, 439975.995772371883504 ], [ 434449.613434572238475, 439970.675784646300599 ], [ 434444.475313873612322, 439963.594868757179938 ], [ 434436.942709627386648, 439969.035992462420836 ], [ 434436.2133537621703, 439968.029237524955533 ], [ 434431.577407289878465, 439971.377624376676977 ], [ 434435.185291378817055, 439976.333224611938931 ], [ 434436.322816999978386, 439975.50709711574018 ], [ 434439.39005107205594, 439979.735497798305005 ], [ 434443.047236670739949, 439977.092019843519665 ], [ 434442.25275963707827, 439975.995772371883504 ] ] ] } },
{ "type": "Feature", "properties": { "amenity": null, "building": "garage", "denomination": null, "name": null, "ref:GB:uprn": null, "religion": null, "wikidata": null, "osm_type": "way", "osm_id": 689714649, "addr:city": null, "addr:housenumber": null, "addr:postcode": null, "addr:street": null, "addr:suburb": null, "addr:country": null, "source:addr:postcode": null, "addr:housename": null, "source:name": null, "community_centre": null, "man_made": null }, "geometry": { "type": "Polygon", "coordinates": [ [ [ 434457.40835466934368, 439883.100278336554766 ], [ 434453.598876522155479, 439877.820508471340872 ], [ 434449.187871666101273, 439880.98138186102733 ], [ 434452.997270257852506, 439886.272274109302089 ], [ 434457.40835466934368, 439883.100278336554766 ] ] ] } },
{ "type": "Feature", "properties": { "amenity": null, "building": "house", "denomination": null, "name": null, "ref:GB:uprn": "72124980", "religion": null, "wikidata": null, "osm_type": "way", "osm_id": 689714650, "addr:city": "Leeds", "addr:housenumber": null, "addr:postcode": "LS17 8LJ", "addr:street": null, "addr:suburb": null, "addr:country": "GB", "source:addr:postcode": "ONSUD;OS Open UPRN", "addr:housename": null, "source:name": null, "community_centre": null, "man_made": null }, "geometry": { "type": "Polygon", "coordinates": [ [ [ 434449.377201302733738, 439894.590567668317817 ], [ 434452.6632171649253, 439899.488179696840234 ], [ 434458.883935707912315, 439895.339235146879219 ], [ 434453.287958152825013, 439886.997639754088596 ], [ 434443.490797076607123, 439893.534749836078845 ], [ 434445.800766093365382, 439896.978724009823054 ], [ 434449.377201302733738, 439894.590567668317817 ] ] ] } },
{ "type": "Feature", "properties": { "amenity": null, "building": "garage", "denomination": null, "name": null, "ref:GB:uprn": null, "religion": null, "wikidata": null, "osm_type": "way", "osm_id": 689714651, "addr:city": null, "addr:housenumber": null, "addr:postcode": null, "addr:street": null, "addr:suburb": null, "addr:country": null, "source:addr:postcode": null, "addr:housename": null, "source:name": null, "community_centre": null, "man_made": null }, "geometry": { "type": "Polygon", "coordinates": [ [ [ 434444.676653895759955, 439905.81607723410707 ], [ 434442.137548762490042, 439907.588778780540451 ], [ 434447.21555270801764, 439914.802767353481613 ], [ 434449.754655928001739, 439913.030068557127379 ], [ 434444.676653895759955, 439905.81607723410707 ] ] ] } },
{ "type": "Feature", "properties": { "amenity": null, "building": "house", "denomination": null, "name": null, "ref:GB:uprn": "72149430", "religion": null, "wikidata": null, "osm_type": "way", "osm_id": 689714652, "addr:city": null, "addr:housenumber": null, "addr:postcode": null, "addr:street": null, "addr:suburb": null, "addr:country": null, "source:addr:postcode": null, "addr:housename": null, "source:name": null, "community_centre": null, "man_made": null }, "geometry": { "type": "Polygon", "coordinates": [ [ [ 434398.486023651203141, 439894.772788182832301 ], [ 434403.744509485492017, 439911.456763009657152 ], [ 434409.94906221999554, 439909.499568881466985 ], [ 434407.647624949458987, 439902.205882966751233 ], [ 434414.814780119981151, 439899.955350824631751 ], [ 434411.857682416157331, 439890.576176299480721 ], [ 434398.486023651203141, 439894.772788182832301 ] ] ] } },
{ "type": "Feature", "properties": { "amenity": null, "building": "house", "denomination": null, "name": null, "ref:GB:uprn": null, "religion": null, "wikidata": null, "osm_type": "way", "osm_id": 689714653, "addr:city": null, "addr:housenumber": null, "addr:postcode": null, "addr:street": null, "addr:suburb": null, "addr:country": null, "source:addr:postcode": null, "addr:housename": null, "source:name": null, "community_centre": null, "man_made": null }, "geometry": { "type": "Polygon", "coordinates": [ [ [ 434434.091955631854944, 439846.800803432008252 ], [ 434437.662727763003204, 439846.081581374746747 ], [ 434436.431589727813844, 439839.952915858710185 ], [ 434432.867472969577648, 439840.661061266553588 ], [ 434434.091955631854944, 439846.800803432008252 ] ] ] } },
{ "type": "Feature", "properties": { "amenity": null, "building": "house", "denomination": null, "name": null, "ref:GB:uprn": null, "religion": null, "wikidata": null, "osm_type": "way", "osm_id": 689714654, "addr:city": null, "addr:housenumber": null, "addr:postcode": null, "addr:street": null, "addr:suburb": null, "addr:country": null, "source:addr:postcode": null, "addr:housename": null, "source:name": null, "community_centre": null, "man_made": null }, "geometry": { "type": "Polygon", "coordinates": [ [ [ 434430.527844457945321, 439847.50895061425399 ], [ 434434.091955631854944, 439846.800803432008252 ], [ 434432.867472969577648, 439840.661061266553588 ], [ 434429.296779287629761, 439841.369161033537239 ], [ 434430.527844457945321, 439847.50895061425399 ] ] ] } },
{ "type": "Feature", "properties": { "amenity": null, "building": "house", "denomination": null, "name": null, "ref:GB:uprn": null, "religion": null, "wikidata": null, "osm_type": "way", "osm_id": 689714655, "addr:city": null, "addr:housenumber": null, "addr:postcode": null, "addr:street": null, "addr:suburb": null, "addr:country": null, "source:addr:postcode": null, "addr:housename": null, "source:name": null, "community_centre": null, "man_made": null }, "geometry": { "type": "Polygon", "coordinates": [ [ [ 434426.957156369986478, 439848.217052155523561 ], [ 434430.527844457945321, 439847.50895061425399 ], [ 434429.296779287629761, 439841.369161033537239 ], [ 434425.732582959230058, 439842.088437852216884 ], [ 434426.957156369986478, 439848.217052155523561 ] ] ] } },
{ "type": "Feature", "properties": { "amenity": null, "building": "house", "denomination": null, "name": null, "ref:GB:uprn": null, "religion": null, "wikidata": null, "osm_type": "way", "osm_id": 689714656, "addr:city": null, "addr:housenumber": null, "addr:postcode": null, "addr:street": null, "addr:suburb": null, "addr:country": null, "source:addr:postcode": null, "addr:housename": null, "source:name": null, "community_centre": null, "man_made": null }, "geometry": { "type": "Polygon", "coordinates": [ [ [ 434423.393047417339403, 439848.925204778555781 ], [ 434426.957156369986478, 439848.217052155523561 ], [ 434425.732582959230058, 439842.088437852216884 ], [ 434422.161891509080306, 439842.796543068950996 ], [ 434423.393047417339403, 439848.925204778555781 ] ] ] } },
{ "type": "Feature", "properties": { "amenity": null, "building": "yes", "denomination": null, "name": null, "ref:GB:uprn": null, "religion": null, "wikidata": null, "osm_type": "way", "osm_id": 689714657, "addr:city": null, "addr:housenumber": null, "addr:postcode": null, "addr:street": null, "addr:suburb": null, "addr:country": null, "source:addr:postcode": null, "addr:housename": null, "source:name": null, "community_centre": null, "man_made": null }, "geometry": { "type": "Polygon", "coordinates": [ [ [ 434424.847278398636263, 439861.397650032769889 ], [ 434435.655121436691843, 439859.663483208511025 ], [ 434434.937626724888105, 439855.25208644347731 ], [ 434427.897058952483349, 439856.379735784605145 ], [ 434427.500639249803498, 439853.928976596798748 ], [ 434423.739930184383411, 439854.53554445062764 ], [ 434424.847278398636263, 439861.397650032769889 ] ] ] } },
{ "type": "Feature", "properties": { "amenity": null, "building": "house", "denomination": null, "name": null, "ref:GB:uprn": "72126457", "religion": null, "wikidata": null, "osm_type": "way", "osm_id": 689714658, "addr:city": null, "addr:housenumber": null, "addr:postcode": null, "addr:street": null, "addr:suburb": null, "addr:country": null, "source:addr:postcode": null, "addr:housename": null, "source:name": null, "community_centre": null, "man_made": null }, "geometry": { "type": "Polygon", "coordinates": [ [ [ 434435.945191595470533, 439870.313741389778443 ], [ 434438.810136980901007, 439869.856367661501281 ], [ 434438.281722977408208, 439866.570144142955542 ], [ 434435.416693821374793, 439867.038644165615551 ], [ 434434.309280797606334, 439860.187661916716024 ], [ 434425.437744868570007, 439861.613395515014417 ], [ 434427.205677455000114, 439872.57493483950384 ], [ 434426.421915138023905, 439872.702691662590951 ], [ 434427.158085498725995, 439877.258869854966179 ], [ 434436.813354418147355, 439875.705384395783767 ], [ 434435.945191595470533, 439870.313741389778443 ] ] ] } },
{ "type": "Feature", "properties": { "amenity": null, "building": "garage", "denomination": null, "name": null, "ref:GB:uprn": null, "religion": null, "wikidata": null, "osm_type": "way", "osm_id": 689714659, "addr:city": null, "addr:housenumber": null, "addr:postcode": null, "addr:street": null, "addr:suburb": null, "addr:country": null, "source:addr:postcode": null, "addr:housename": null, "source:name": null, "community_centre": null, "man_made": null }, "geometry": { "type": "Polygon", "coordinates": [ [ [ 434416.645359775284305, 439870.171857103472576 ], [ 434411.096715132531244, 439871.488521730527282 ], [ 434412.277260241913609, 439876.448519249795936 ], [ 434417.825899363670032, 439875.131856037420221 ], [ 434416.645359775284305, 439870.171857103472576 ] ] ] } },
{ "type": "Feature", "properties": { "amenity": null, "building": "house", "denomination": null, "name": null, "ref:GB:uprn": "72126451", "religion": null, "wikidata": null, "osm_type": "way", "osm_id": 689714660, "addr:city": "Leeds", "addr:housenumber": null, "addr:postcode": "LS17 8JA", "addr:street": null, "addr:suburb": null, "addr:country": "GB", "source:addr:postcode": "ONSUD;OS Open UPRN", "addr:housename": null, "source:name": null, "community_centre": null, "man_made": null }, "geometry": { "type": "Polygon", "coordinates": [ [ [ 434393.351991626084782, 439860.242721584509127 ], [ 434395.698256740579382, 439859.647993164835498 ], [ 434394.28529364609858, 439854.085458594490774 ], [ 434384.781740552163683, 439856.474638756131753 ], [ 434386.19463246531086, 439862.048296395805664 ], [ 434388.422246519825421, 439861.48607279069256 ], [ 434389.579284391133115, 439866.067588312667795 ], [ 434393.929016926093027, 439864.975750283105299 ], [ 434394.444061155547388, 439868.295249925227836 ], [ 434403.084526990540326, 439866.979025734122843 ], [ 434402.21795818436658, 439861.364869909361005 ], [ 434393.959415038640145, 439862.628268040134571 ], [ 434393.351991626084782, 439860.242721584509127 ] ] ] } },
{ "type": "Feature", "properties": { "amenity": null, "building": "house", "denomination": null, "name": null, "ref:GB:uprn": "72149429", "religion": null, "wikidata": null, "osm_type": "way", "osm_id": 689714661, "addr:city": "Leeds", "addr:housenumber": null, "addr:postcode": "LS17 8HP", "addr:street": null, "addr:suburb": null, "addr:country": "GB", "source:addr:postcode": "ONSUD;OS Open UPRN", "addr:housename": null, "source:name": null, "community_centre": null, "man_made": null }, "geometry": { "type": "Polygon", "coordinates": [ [ [ 434397.83139836153714, 439871.947391015593894 ], [ 434395.473699257418048, 439872.308376425411552 ], [ 434396.949489653517958, 439881.854683967190795 ], [ 434404.503338640148286, 439880.69737973192241 ], [ 434403.222244548553135, 439872.409802058478817 ], [ 434408.227402923977934, 439871.645463036489673 ], [ 434407.467598841001745, 439866.721937734051608 ], [ 434397.266184752224945, 439868.293725443072617 ], [ 434397.83139836153714, 439871.947391015593894 ] ] ] } },
{ "type": "Feature", "properties": { "amenity": null, "building": "house", "denomination": null, "name": null, "ref:GB:uprn": "72126456", "religion": null, "wikidata": null, "osm_type": "way", "osm_id": 689714663, "addr:city": "Leeds", "addr:housenumber": null, "addr:postcode": "LS17 8JA", "addr:street": null, "addr:suburb": null, "addr:country": "GB", "source:addr:postcode": "ONSUD;OS Open UPRN", "addr:housename": null, "source:name": null, "community_centre": null, "man_made": null }, "geometry": { "type": "Polygon", "coordinates": [ [ [ 434410.068400093587115, 439844.020598807139322 ], [ 434403.449714798945934, 439845.028992926236242 ], [ 434405.597384373948444, 439858.930726527119987 ], [ 434412.20955426042201, 439857.911161205498502 ], [ 434410.068400093587115, 439844.020598807139322 ] ] ] } },
{ "type": "Feature", "properties": { "amenity": null, "building": "house", "denomination": null, "name": null, "ref:GB:uprn": "72007446", "religion": null, "wikidata": null, "osm_type": "way", "osm_id": 689715919, "addr:city": "Leeds", "addr:housenumber": null, "addr:postcode": "LS17 8JP", "addr:street": null, "addr:suburb": null, "addr:country": "GB", "source:addr:postcode": "ONSUD;OS Open UPRN", "addr:housename": null, "source:name": null, "community_centre": null, "man_made": null }, "geometry": { "type": "Polygon", "coordinates": [ [ [ 434569.652287548058666, 439935.966526950127445 ], [ 434562.787471680785529, 439940.922810274758376 ], [ 434570.028904934995808, 439950.890040991362184 ], [ 434574.023467304243241, 439948.004370810929686 ], [ 434572.642838220810518, 439946.113786481204443 ], [ 434575.51316774438601, 439944.032057128613815 ], [ 434569.652287548058666, 439935.966526950127445 ] ] ] } },
{ "type": "Feature", "properties": { "amenity": null, "building": "house", "denomination": null, "name": null, "ref:GB:uprn": "72007448", "religion": null, "wikidata": null, "osm_type": "way", "osm_id": 689715921, "addr:city": "Leeds", "addr:housenumber": null, "addr:postcode": "LS17 8JP", "addr:street": null, "addr:suburb": null, "addr:country": "GB", "source:addr:postcode": "ONSUD;OS Open UPRN", "addr:housename": null, "source:name": null, "community_centre": null, "man_made": null }, "geometry": { "type": "Polygon", "coordinates": [ [ [ 434555.558409485325683, 439937.297828576294705 ], [ 434547.311279538495, 439943.267578579369001 ], [ 434548.757041843608022, 439945.247648410266265 ], [ 434546.448964527109638, 439946.910732333897613 ], [ 434549.281613744446076, 439950.825931289698929 ], [ 434559.836815405869856, 439943.193106288672425 ], [ 434555.558409485325683, 439937.297828576294705 ] ] ] } },
{ "type": "Feature", "properties": { "amenity": null, "building": "house", "denomination": null, "name": null, "ref:GB:uprn": "72007450", "religion": null, "wikidata": null, "osm_type": "way", "osm_id": 689715923, "addr:city": "Leeds", "addr:housenumber": null, "addr:postcode": "LS17 8JP", "addr:street": null, "addr:suburb": null, "addr:country": "GB", "source:addr:postcode": "ONSUD;OS Open UPRN", "addr:housename": null, "source:name": null, "community_centre": null, "man_made": null }, "geometry": { "type": "Polygon", "coordinates": [ [ [ 434542.50169891724363, 439931.79398185480386 ], [ 434534.922636531235185, 439937.267986047780141 ], [ 434536.251152621523943, 439939.091415213537402 ], [ 434533.65209050278645, 439940.963764196727425 ], [ 434536.647642169962637, 439945.09156152093783 ], [ 434546.812687531346455, 439937.733993973117322 ], [ 434542.50169891724363, 439931.79398185480386 ] ] ] } },
{ "type": "Feature", "properties": { "amenity": null, "building": "house", "denomination": null, "name": null, "ref:GB:uprn": "72007452", "religion": null, "wikidata": null, "osm_type": "way", "osm_id": 689715925, "addr:city": "Leeds", "addr:housenumber": null, "addr:postcode": "LS17 8JP", "addr:street": null, "addr:suburb": null, "addr:country": "GB", "source:addr:postcode": "ONSUD;OS Open UPRN", "addr:housename": null, "source:name": null, "community_centre": null, "man_made": null }, "geometry": { "type": "Polygon", "coordinates": [ [ [ 434525.165411449037492, 439924.111188998096623 ], [ 434523.38760366110364, 439921.661362727172673 ], [ 434517.375878526770975, 439926.012040533823892 ], [ 434522.683317012444604, 439933.316816739854403 ], [ 434528.694955851417035, 439928.977271706331521 ], [ 434527.184139119635802, 439926.896589480922557 ], [ 434530.160198632685933, 439924.748852552846074 ], [ 434528.134893849783111, 439921.963402285357006 ], [ 434525.165411449037492, 439924.111188998096623 ] ] ] } },
{ "type": "Feature", "properties": { "amenity": null, "building": "garage", "denomination": null, "name": null, "ref:GB:uprn": null, "religion": null, "wikidata": null, "osm_type": "way", "osm_id": 689715927, "addr:city": null, "addr:housenumber": null, "addr:postcode": null, "addr:street": null, "addr:suburb": null, "addr:country": null, "source:addr:postcode": null, "addr:housename": null, "source:name": null, "community_centre": null, "man_made": null }, "geometry": { "type": "Polygon", "coordinates": [ [ [ 434488.08800102112582, 439940.494443794130348 ], [ 434488.87589568371186, 439941.590650581871159 ], [ 434492.493507942766882, 439938.969172550365329 ], [ 434489.413220243761316, 439934.729514279402792 ], [ 434485.79560650041094, 439937.350994689157233 ], [ 434488.08800102112582, 439940.494443794130348 ] ] ] } },
{ "type": "Feature", "properties": { "amenity": null, "building": "house", "denomination": null, "name": null, "ref:GB:uprn": "72124971", "religion": null, "wikidata": null, "osm_type": "way", "osm_id": 689715929, "addr:city": "Leeds", "addr:housenumber": null, "addr:postcode": "LS17 8LJ", "addr:street": null, "addr:suburb": null, "addr:country": "GB", "source:addr:postcode": "ONSUD;OS Open UPRN", "addr:housename": null, "source:name": null, "community_centre": null, "man_made": null }, "geometry": { "type": "Polygon", "coordinates": [ [ [ 434516.446725196088664, 439933.370981480460614 ], [ 434513.705062493449077, 439929.601119013619609 ], [ 434506.172322167374659, 439935.042131233261898 ], [ 434511.375505216477904, 439942.212607506196946 ], [ 434518.908240287622903, 439936.771603647968732 ], [ 434516.446725196088664, 439933.370981480460614 ] ] ] } },
{ "type": "Feature", "properties": { "amenity": null, "building": "garage", "denomination": null, "name": null, "ref:GB:uprn": null, "religion": null, "wikidata": null, "osm_type": "way", "osm_id": 689715930, "addr:city": null, "addr:housenumber": null, "addr:postcode": null, "addr:street": null, "addr:suburb": null, "addr:country": null, "source:addr:postcode": null, "addr:housename": null, "source:name": null, "community_centre": null, "man_made": null }, "geometry": { "type": "Polygon", "coordinates": [ [ [ 434518.908240287622903, 439936.771603647968732 ], [ 434519.618095830897801, 439937.744848139118403 ], [ 434522.931504551670514, 439935.343682409846224 ], [ 434519.760053304722533, 439930.980939475353807 ], [ 434516.446725196088664, 439933.370981480460614 ], [ 434518.908240287622903, 439936.771603647968732 ] ] ] } },
{ "type": "Feature", "properties": { "amenity": null, "building": "house", "denomination": null, "name": null, "ref:GB:uprn": "72124973", "religion": null, "wikidata": null, "osm_type": "way", "osm_id": 689715932, "addr:city": null, "addr:housenumber": null, "addr:postcode": null, "addr:street": null, "addr:suburb": null, "addr:country": null, "source:addr:postcode": null, "addr:housename": null, "source:name": null, "community_centre": null, "man_made": null }, "geometry": { "type": "Polygon", "coordinates": [ [ [ 434504.178635327843949, 439942.248584798537195 ], [ 434505.956363085948396, 439944.709529784042388 ], [ 434509.580560595262796, 439942.088113428209908 ], [ 434506.539429843658581, 439937.893238492892124 ], [ 434503.808083439886104, 439939.864768308121711 ], [ 434499.581653648230713, 439934.047811738215387 ], [ 434493.126952929247636, 439938.706800818210468 ], [ 434498.616709811496548, 439946.268803632352501 ], [ 434499.397080860100687, 439945.707097795791924 ], [ 434501.109768695139792, 439948.067422623047605 ], [ 434504.264389429241419, 439945.787466156762093 ], [ 434502.551702318130992, 439943.427140177460387 ], [ 434504.178635327843949, 439942.248584798537195 ] ] ] } },
{ "type": "Feature", "properties": { "amenity": null, "building": "house", "denomination": null, "name": null, "ref:GB:uprn": "72124975", "religion": null, "wikidata": null, "osm_type": "way", "osm_id": 689715934, "addr:city": "Leeds", "addr:housenumber": null, "addr:postcode": "LS17 8LJ", "addr:street": null, "addr:suburb": null, "addr:country": "GB", "source:addr:postcode": "ONSUD;OS Open UPRN", "addr:housename": null, "source:name": null, "community_centre": null, "man_made": null }, "geometry": { "type": "Polygon", "coordinates": [ [ [ 434485.79560650041094, 439937.350994689157233 ], [ 434482.96939205302624, 439933.447008987772278 ], [ 434475.840075681684539, 439938.601749688154086 ], [ 434480.958689527062234, 439945.649176713079214 ], [ 434488.08800102112582, 439940.494443794130348 ], [ 434485.79560650041094, 439937.350994689157233 ] ] ] } },
{ "type": "Feature", "properties": { "amenity": null, "building": "garage", "denomination": null, "name": null, "ref:GB:uprn": null, "religion": null, "wikidata": null, "osm_type": "way", "osm_id": 689715936, "addr:city": null, "addr:housenumber": null, "addr:postcode": null, "addr:street": null, "addr:suburb": null, "addr:country": null, "source:addr:postcode": null, "addr:housename": null, "source:name": null, "community_centre": null, "man_made": null }, "geometry": { "type": "Polygon", "coordinates": [ [ [ 434452.157699898525607, 439946.738998799701221 ], [ 434453.101997593068518, 439948.03662842977792 ], [ 434454.510700043640099, 439947.012222236720845 ], [ 434456.61415314686019, 439949.909481022506952 ], [ 434458.862749920110218, 439948.279295049258508 ], [ 434455.82149623404257, 439944.095579251414165 ], [ 434452.157699898525607, 439946.738998799701221 ] ] ] } },
{ "type": "Feature", "properties": { "amenity": null, "building": "house", "denomination": null, "name": null, "ref:GB:uprn": "72124977", "religion": null, "wikidata": null, "osm_type": "way", "osm_id": 689715938, "addr:city": "Leeds", "addr:housenumber": null, "addr:postcode": "LS17 8LJ", "addr:street": null, "addr:suburb": null, "addr:country": "GB", "source:addr:postcode": "ONSUD;OS Open UPRN", "addr:housename": null, "source:name": null, "community_centre": null, "man_made": null }, "geometry": { "type": "Polygon", "coordinates": [ [ [ 434470.266230184701271, 439933.520380295463838 ], [ 434466.245245357393287, 439936.428197285858914 ], [ 434465.567940523906145, 439935.4997068970697 ], [ 434460.93194079271052, 439938.8480646336684 ], [ 434462.364666935289279, 439940.816884759580716 ], [ 434461.075017979426775, 439941.753152199904434 ], [ 434460.300027027842589, 439940.690424844506197 ], [ 434457.165240247442853, 439942.959430180606432 ], [ 434461.391714187688194, 439948.776348242419772 ], [ 434466.913973079179414, 439944.778046602383256 ], [ 434467.493590685713571, 439945.572299344697967 ], [ 434475.052743858250324, 439940.109166631125845 ], [ 434470.266230184701271, 439933.520380295463838 ] ] ] } },
{ "type": "Feature", "properties": { "amenity": null, "building": "house", "denomination": null, "name": null, "ref:GB:uprn": "72007458", "religion": null, "wikidata": null, "osm_type": "way", "osm_id": 689717196, "addr:city": "Leeds", "addr:housenumber": null, "addr:postcode": "LS17 8JP", "addr:street": null, "addr:suburb": null, "addr:country": "GB", "source:addr:postcode": "ONSUD;OS Open UPRN", "addr:housename": null, "source:name": null, "community_centre": null, "man_made": null }, "geometry": { "type": "Polygon", "coordinates": [ [ [ 434495.39805759198498, 439852.759653422050178 ], [ 434503.023254441272002, 439847.285924652009271 ], [ 434502.013907086569816, 439845.887666803202592 ], [ 434507.522837380121928, 439841.933820148347877 ], [ 434502.515235616476275, 439834.987322973669507 ], [ 434496.51024404168129, 439839.304698021151125 ], [ 434497.376353036030196, 439840.501621193485335 ], [ 434490.247208247426897, 439845.611835924442858 ], [ 434495.39805759198498, 439852.759653422050178 ] ] ] } },
{ "type": "Feature", "properties": { "amenity": null, "building": "house", "denomination": null, "name": null, "ref:GB:uprn": "72007457", "religion": null, "wikidata": null, "osm_type": "way", "osm_id": 689717197, "addr:city": "Leeds", "addr:housenumber": null, "addr:postcode": "LS17 8JP", "addr:street": null, "addr:suburb": null, "addr:country": "GB", "source:addr:postcode": "ONSUD;OS Open UPRN", "addr:housename": null, "source:name": null, "community_centre": null, "man_made": null }, "geometry": { "type": "Polygon", "coordinates": [ [ [ 434494.795315646741074, 439868.499308634898625 ], [ 434502.565940269327257, 439862.926511416910216 ], [ 434497.643048840633128, 439856.091908904374577 ], [ 434496.227813658653758, 439857.105127664050087 ], [ 434494.196126535767689, 439854.286266246112064 ], [ 434490.585190469631925, 439856.88553940365091 ], [ 434492.616878594621085, 439859.704399257549085 ], [ 434489.872418963117525, 439861.664714281796478 ], [ 434494.795315646741074, 439868.499308634898625 ] ] ] } },
{ "type": "Feature", "properties": { "amenity": null, "building": "house", "denomination": null, "name": null, "ref:GB:uprn": "72007456", "religion": null, "wikidata": null, "osm_type": "way", "osm_id": 689717198, "addr:city": "Leeds", "addr:housenumber": null, "addr:postcode": "LS17 8JP", "addr:street": null, "addr:suburb": null, "addr:country": "GB", "source:addr:postcode": "ONSUD;OS Open UPRN", "addr:housename": null, "source:name": null, "community_centre": null, "man_made": null }, "geometry": { "type": "Polygon", "coordinates": [ [ [ 434496.991103290813044, 439881.188646346447058 ], [ 434505.112228566547856, 439875.362524430849589 ], [ 434500.052527884778101, 439868.348885876475833 ], [ 434491.931478935410269, 439874.163890593335964 ], [ 434496.991103290813044, 439881.188646346447058 ] ] ] } },
{ "type": "Feature", "properties": { "amenity": null, "building": "house", "denomination": null, "name": null, "ref:GB:uprn": "72007455", "religion": null, "wikidata": null, "osm_type": "way", "osm_id": 689717199, "addr:city": "Leeds", "addr:housenumber": null, "addr:postcode": "LS17 8JP", "addr:street": null, "addr:suburb": null, "addr:country": "GB", "source:addr:postcode": "ONSUD;OS Open UPRN", "addr:housename": null, "source:name": null, "community_centre": null, "man_made": null }, "geometry": { "type": "Polygon", "coordinates": [ [ [ 434501.878411726851482, 439893.742043394944631 ], [ 434509.774640822783113, 439888.081171216326766 ], [ 434504.44147346552927, 439880.6872088649543 ], [ 434496.551734608947299, 439886.359264448634349 ], [ 434501.878411726851482, 439893.742043394944631 ] ] ] } },
{ "type": "Feature", "properties": { "amenity": null, "building": "garage", "denomination": null, "name": null, "ref:GB:uprn": null, "religion": null, "wikidata": null, "osm_type": "way", "osm_id": 689717200, "addr:city": null, "addr:housenumber": null, "addr:postcode": null, "addr:street": null, "addr:suburb": null, "addr:country": null, "source:addr:postcode": null, "addr:housename": null, "source:name": null, "community_centre": null, "man_made": null }, "geometry": { "type": "Polygon", "coordinates": [ [ [ 434507.680260912049562, 439901.807051029871218 ], [ 434513.101157528057229, 439898.186359688988887 ], [ 434509.834773554001004, 439893.311102240579203 ], [ 434504.407295967626851, 439896.931748889270239 ], [ 434505.474521145864855, 439898.508459098055027 ], [ 434507.680260912049562, 439901.807051029871218 ] ] ] } },
{ "type": "Feature", "properties": { "amenity": null, "building": "house", "denomination": null, "name": null, "ref:GB:uprn": "72124970", "religion": null, "wikidata": null, "osm_type": "way", "osm_id": 689717201, "addr:city": "Leeds", "addr:housenumber": null, "addr:postcode": "LS17 8LJ", "addr:street": null, "addr:suburb": null, "addr:country": "GB", "source:addr:postcode": "ONSUD;OS Open UPRN", "addr:housename": null, "source:name": null, "community_centre": null, "man_made": null }, "geometry": { "type": "Polygon", "coordinates": [ [ [ 434502.470969780930318, 439910.636542473570444 ], [ 434510.159319400612731, 439905.508214832399972 ], [ 434507.680260912049562, 439901.807051029871218 ], [ 434505.474521145864855, 439898.508459098055027 ], [ 434497.779505463899113, 439903.6478719325969 ], [ 434502.470969780930318, 439910.636542473570444 ] ] ] } },
{ "type": "Feature", "properties": { "amenity": null, "building": "garage", "denomination": null, "name": null, "ref:GB:uprn": null, "religion": null, "wikidata": null, "osm_type": "way", "osm_id": 689717202, "addr:city": null, "addr:housenumber": null, "addr:postcode": null, "addr:street": null, "addr:suburb": null, "addr:country": null, "source:addr:postcode": null, "addr:housename": null, "source:name": null, "community_centre": null, "man_made": null }, "geometry": { "type": "Polygon", "coordinates": [ [ [ 434488.057026553840842, 439908.972643034998327 ], [ 434484.315314385865349, 439911.470818466041237 ], [ 434486.950535583600868, 439915.406777815776877 ], [ 434490.692246070073452, 439912.908604489755817 ], [ 434488.057026553840842, 439908.972643034998327 ] ] ] } },
{ "type": "Feature", "properties": { "amenity": null, "building": "house", "denomination": null, "name": null, "ref:GB:uprn": "72124972", "religion": null, "wikidata": null, "osm_type": "way", "osm_id": 689717203, "addr:city": "Leeds", "addr:housenumber": null, "addr:postcode": "LS17 8LJ", "addr:street": null, "addr:suburb": null, "addr:country": "GB", "source:addr:postcode": "ONSUD;OS Open UPRN", "addr:housename": null, "source:name": null, "community_centre": null, "man_made": null }, "geometry": { "type": "Polygon", "coordinates": [ [ [ 434495.864339527208358, 439903.767282176180743 ], [ 434488.057026553840842, 439908.972643034998327 ], [ 434490.692246070073452, 439912.908604489755817 ], [ 434493.073708344134502, 439916.464394943439402 ], [ 434500.881014632584993, 439911.259042443241924 ], [ 434495.864339527208358, 439903.767282176180743 ] ] ] } },
{ "type": "Feature", "properties": { "amenity": null, "building": "house", "denomination": null, "name": null, "ref:GB:uprn": "72124974", "religion": null, "wikidata": null, "osm_type": "way", "osm_id": 689717204, "addr:city": "Leeds", "addr:housenumber": null, "addr:postcode": "LS17 8LJ", "addr:street": null, "addr:suburb": null, "addr:country": "GB", "source:addr:postcode": "ONSUD;OS Open UPRN", "addr:housename": null, "source:name": null, "community_centre": null, "man_made": null }, "geometry": { "type": "Polygon", "coordinates": [ [ [ 434471.294399606296793, 439903.764375819126144 ], [ 434475.471734275168274, 439910.003753988421522 ], [ 434483.239399744081311, 439904.820333426469006 ], [ 434481.781833889719564, 439902.65104586922098 ], [ 434484.19474693381926, 439901.044334954582155 ], [ 434481.461828869418241, 439896.974139145226218 ], [ 434471.294399606296793, 439903.764375819126144 ] ] ] } },
{ "type": "Feature", "properties": { "amenity": null, "building": "house", "denomination": null, "name": null, "ref:GB:uprn": "72124976", "religion": null, "wikidata": null, "osm_type": "way", "osm_id": 689717205, "addr:city": "Leeds", "addr:housenumber": null, "addr:postcode": "LS17 8LJ", "addr:street": null, "addr:suburb": null, "addr:country": "GB", "source:addr:postcode": "ONSUD;OS Open UPRN", "addr:housename": null, "source:name": null, "community_centre": null, "man_made": null }, "geometry": { "type": "Polygon", "coordinates": [ [ [ 434478.234256503114011, 439890.396824914147146 ], [ 434476.939412704377901, 439888.462395029957406 ], [ 434469.072566686663777, 439893.711855535395443 ], [ 434473.243499411561061, 439899.9289312165929 ], [ 434483.139850597421173, 439893.325854201801121 ], [ 434480.263768238713965, 439889.04320015956182 ], [ 434478.234256503114011, 439890.396824914147146 ] ] ] } },
{ "type": "Feature", "properties": { "amenity": null, "building": "house", "denomination": null, "name": null, "ref:GB:uprn": "72124978", "religion": null, "wikidata": null, "osm_type": "way", "osm_id": 689717206, "addr:city": "Leeds", "addr:housenumber": null, "addr:postcode": "LS17 8LJ", "addr:street": null, "addr:suburb": null, "addr:country": "GB", "source:addr:postcode": "ONSUD;OS Open UPRN", "addr:housename": null, "source:name": null, "community_centre": null, "man_made": null }, "geometry": { "type": "Polygon", "coordinates": [ [ [ 434464.197589496325236, 439878.577220683218911 ], [ 434468.101711951254401, 439884.402897851075977 ], [ 434476.682598488521762, 439878.669123585685156 ], [ 434470.110579691070598, 439868.87386831198819 ], [ 434465.839985800674185, 439871.724215789698064 ], [ 434468.507807877496816, 439875.704910280066542 ], [ 434464.197589496325236, 439878.577220683218911 ] ] ] } },
{ "type": "Feature", "properties": { "amenity": null, "building": "house", "denomination": null, "name": null, "ref:GB:uprn": "72007422", "religion": null, "wikidata": null, "osm_type": "way", "osm_id": 689721948, "addr:city": "Leeds", "addr:housenumber": null, "addr:postcode": "LS17 8JT", "addr:street": null, "addr:suburb": null, "addr:country": "GB", "source:addr:postcode": "ONSUD;OS Open UPRN", "addr:housename": null, "source:name": null, "community_centre": null, "man_made": null }, "geometry": { "type": "Polygon", "coordinates": [ [ [ 434755.437697170069441, 439906.432146487175487 ], [ 434764.775359312188812, 439903.363767005736008 ], [ 434765.360818790853955, 439905.137239355011843 ], [ 434771.473858737677801, 439903.124211697373539 ], [ 434767.812953240412753, 439892.059464250691235 ], [ 434761.699900526436977, 439894.072496720240451 ], [ 434761.925090931414161, 439894.752889611991122 ], [ 434752.587331037037075, 439897.83240077807568 ], [ 434755.437697170069441, 439906.432146487175487 ] ] ] } },
{ "type": "Feature", "properties": { "amenity": null, "building": "garage", "denomination": null, "name": null, "ref:GB:uprn": null, "religion": null, "wikidata": null, "osm_type": "way", "osm_id": 689721949, "addr:city": null, "addr:housenumber": null, "addr:postcode": null, "addr:street": null, "addr:suburb": null, "addr:country": null, "source:addr:postcode": null, "addr:housename": null, "source:name": null, "community_centre": null, "man_made": null }, "geometry": { "type": "Polygon", "coordinates": [ [ [ 434748.996625511324964, 439910.100620681419969 ], [ 434750.277067169896327, 439913.959918352193199 ], [ 434750.611440901469905, 439914.99717142956797 ], [ 434756.796983881562483, 439912.962409643339925 ], [ 434755.182174211542588, 439908.065856747678481 ], [ 434748.996625511324964, 439910.100620681419969 ] ] ] } },
{ "type": "Feature", "properties": { "amenity": null, "building": "house", "denomination": null, "name": null, "ref:GB:uprn": null, "religion": null, "wikidata": null, "osm_type": "way", "osm_id": 689721950, "addr:city": null, "addr:housenumber": null, "addr:postcode": null, "addr:street": null, "addr:suburb": null, "addr:country": null, "source:addr:postcode": null, "addr:housename": null, "source:name": null, "community_centre": null, "man_made": null }, "geometry": { "type": "Polygon", "coordinates": [ [ [ 434741.638347349537071, 439916.810980584821664 ], [ 434750.277067169896327, 439913.959918352193199 ], [ 434748.996625511324964, 439910.100620681419969 ], [ 434747.3687333111302, 439905.192846956430003 ], [ 434738.736659684858751, 439908.032837426639162 ], [ 434741.638347349537071, 439916.810980584821664 ] ] ] } },
{ "type": "Feature", "properties": { "amenity": null, "building": "garage", "denomination": null, "name": null, "ref:GB:uprn": null, "religion": null, "wikidata": null, "osm_type": "way", "osm_id": 689721951, "addr:city": null, "addr:housenumber": null, "addr:postcode": null, "addr:street": null, "addr:suburb": null, "addr:country": null, "source:addr:postcode": null, "addr:housename": null, "source:name": null, "community_centre": null, "man_made": null }, "geometry": { "type": "Polygon", "coordinates": [ [ [ 434735.262774615548551, 439919.634339644573629 ], [ 434736.871270559262484, 439924.497458978439681 ], [ 434742.166546665597707, 439922.756491418927908 ], [ 434740.564633511588909, 439917.893419056548737 ], [ 434735.262774615548551, 439919.634339644573629 ] ] ] } },
{ "type": "Feature", "properties": { "amenity": null, "building": "house", "denomination": null, "name": null, "ref:GB:uprn": "72007424", "religion": null, "wikidata": null, "osm_type": "way", "osm_id": 689721952, "addr:city": "Leeds", "addr:housenumber": null, "addr:postcode": "LS17 8JT", "addr:street": null, "addr:suburb": null, "addr:country": "GB", "source:addr:postcode": "ONSUD;OS Open UPRN", "addr:housename": null, "source:name": null, "community_centre": null, "man_made": null }, "geometry": { "type": "Polygon", "coordinates": [ [ [ 434733.71223870763788, 439914.938549507292919 ], [ 434724.730653848557267, 439917.898365454515442 ], [ 434728.616833127161954, 439929.643470522132702 ], [ 434737.598315539304167, 439926.694788045366295 ], [ 434736.871270559262484, 439924.497458978439681 ], [ 434735.262774615548551, 439919.634339644573629 ], [ 434733.71223870763788, 439914.938549507292919 ] ] ] } },
{ "type": "Feature", "properties": { "amenity": null, "building": "house", "denomination": null, "name": null, "ref:GB:uprn": "72007426", "religion": null, "wikidata": null, "osm_type": "way", "osm_id": 689721953, "addr:city": "Leeds", "addr:housenumber": null, "addr:postcode": "LS17 8JT", "addr:street": null, "addr:suburb": null, "addr:country": "GB", "source:addr:postcode": "ONSUD;OS Open UPRN", "addr:housename": null, "source:name": null, "community_centre": null, "man_made": null }, "geometry": { "type": "Polygon", "coordinates": [ [ [ 434723.094957704655826, 439928.233951907139271 ], [ 434721.222693956980947, 439922.567768137902021 ], [ 434716.705517311638687, 439924.05861683585681 ], [ 434717.239523749041837, 439925.675929491757415 ], [ 434712.603701515763532, 439927.199282202054746 ], [ 434715.215936183230951, 439935.096263515995815 ], [ 434724.368920038861688, 439932.082067767390981 ], [ 434724.767839594336692, 439933.286696267081425 ], [ 434728.203510118823033, 439932.155011420254596 ], [ 434726.530631505476777, 439927.102265826892108 ], [ 434723.094957704655826, 439928.233951907139271 ] ] ] } },
{ "type": "Feature", "properties": { "amenity": null, "building": "house", "denomination": null, "name": null, "ref:GB:uprn": "72007428", "religion": null, "wikidata": null, "osm_type": "way", "osm_id": 689721954, "addr:city": "Leeds", "addr:housenumber": null, "addr:postcode": "LS17 8JT", "addr:street": null, "addr:suburb": null, "addr:country": "GB", "source:addr:postcode": "ONSUD;OS Open UPRN", "addr:housename": null, "source:name": null, "community_centre": null, "man_made": null }, "geometry": { "type": "Polygon", "coordinates": [ [ [ 434708.883205904217903, 439932.145282868877985 ], [ 434709.729756909655407, 439933.308721728390083 ], [ 434712.950599984382279, 439930.984889657236636 ], [ 434710.013735121348873, 439926.946425239788368 ], [ 434706.799468694604002, 439929.270308081060648 ], [ 434703.849606525734998, 439925.209498139447533 ], [ 434696.276919315976556, 439930.68328978435602 ], [ 434703.172920834331308, 439940.180854258243926 ], [ 434706.638540073297918, 439937.669680165010504 ], [ 434704.776143895112909, 439935.10789091209881 ], [ 434708.883205904217903, 439932.145282868877985 ] ] ] } },
{ "type": "Feature", "properties": { "amenity": null, "building": "house", "denomination": null, "name": null, "ref:GB:uprn": "72007430", "religion": null, "wikidata": null, "osm_type": "way", "osm_id": 689721955, "addr:city": "Leeds", "addr:housenumber": null, "addr:postcode": "LS17 8JT", "addr:street": null, "addr:suburb": null, "addr:country": "GB", "source:addr:postcode": "ONSUD;OS Open UPRN", "addr:housename": null, "source:name": null, "community_centre": null, "man_made": null }, "geometry": { "type": "Polygon", "coordinates": [ [ [ 434685.286751740204636, 439942.829976679291576 ], [ 434695.108092954731546, 439935.7260947705945 ], [ 434689.208351636130828, 439927.604491544887424 ], [ 434682.078795140667353, 439932.758918082807213 ], [ 434679.955903974710964, 439929.839159163413569 ], [ 434677.27077106066281, 439931.777550862752832 ], [ 434685.286751740204636, 439942.829976679291576 ] ] ] } },
{ "type": "Feature", "properties": { "amenity": null, "building": "house", "denomination": null, "name": null, "ref:GB:uprn": "72007432", "religion": null, "wikidata": null, "osm_type": "way", "osm_id": 689721956, "addr:city": "Leeds", "addr:housenumber": null, "addr:postcode": "LS17 8JT", "addr:street": null, "addr:suburb": null, "addr:country": "GB", "source:addr:postcode": "ONSUD;OS Open UPRN", "addr:housename": null, "source:name": null, "community_centre": null, "man_made": null }, "geometry": { "type": "Polygon", "coordinates": [ [ [ 434667.246662715333514, 439928.064938076189719 ], [ 434661.201755286601838, 439932.437439592671581 ], [ 434666.658772038645111, 439939.943767745164223 ], [ 434672.703592688194476, 439935.582399233360775 ], [ 434667.246662715333514, 439928.064938076189719 ] ] ] } },
{ "type": "Feature", "properties": { "amenity": null, "building": "house", "denomination": null, "name": null, "ref:GB:uprn": "72007434", "religion": null, "wikidata": null, "osm_type": "way", "osm_id": 689721957, "addr:city": "Leeds", "addr:housenumber": null, "addr:postcode": "LS17 8JT", "addr:street": null, "addr:suburb": null, "addr:country": "GB", "source:addr:postcode": "ONSUD;OS Open UPRN", "addr:housename": null, "source:name": null, "community_centre": null, "man_made": null }, "geometry": { "type": "Polygon", "coordinates": [ [ [ 434657.077872650756035, 439935.010534638771787 ], [ 434652.766938287939411, 439929.081546124070883 ], [ 434646.450952379906084, 439933.641212303424254 ], [ 434653.04101781809004, 439942.713628228520975 ], [ 434654.158774660318159, 439941.898533614119515 ], [ 434656.548652300436515, 439945.187433688668534 ], [ 434662.719177890743595, 439940.726843575248495 ], [ 434661.280039990728255, 439938.746786960051395 ], [ 434663.436129896319471, 439937.18277340894565 ], [ 434660.212681041157339, 439932.752789173158817 ], [ 434657.077872650756035, 439935.010534638771787 ] ] ] } },
{ "type": "Feature", "properties": { "amenity": null, "building": "house", "denomination": null, "name": null, "ref:GB:uprn": "72007436", "religion": null, "wikidata": null, "osm_type": "way", "osm_id": 689721958, "addr:city": "Leeds", "addr:housenumber": null, "addr:postcode": "LS17 8JT", "addr:street": null, "addr:suburb": null, "addr:country": "GB", "source:addr:postcode": "ONSUD;OS Open UPRN", "addr:housename": null, "source:name": null, "community_centre": null, "man_made": null }, "geometry": { "type": "Polygon", "coordinates": [ [ [ 434642.973853511095513, 439935.9298143198248 ], [ 434638.975596759875771, 439930.414835216943175 ], [ 434632.507429391262121, 439935.095786680700257 ], [ 434641.090188627946191, 439946.908934479928575 ], [ 434647.55168837599922, 439942.239072149852291 ], [ 434646.457715596188791, 439940.728890242055058 ], [ 434649.2949453505571, 439938.680340689024888 ], [ 434645.804506685235538, 439933.881213992484845 ], [ 434642.973853511095513, 439935.9298143198248 ] ] ] } },
{ "type": "Feature", "properties": { "amenity": null, "building": "house", "denomination": null, "name": null, "ref:GB:uprn": "72007438", "religion": null, "wikidata": null, "osm_type": "way", "osm_id": 689721959, "addr:city": "Leeds", "addr:housenumber": null, "addr:postcode": "LS17 8JT", "addr:street": null, "addr:suburb": null, "addr:country": "GB", "source:addr:postcode": "ONSUD;OS Open UPRN", "addr:housename": null, "source:name": null, "community_centre": null, "man_made": null }, "geometry": { "type": "Polygon", "coordinates": [ [ [ 434626.880196043930482, 439935.476981305633672 ], [ 434623.813100590778049, 439931.248457140987739 ], [ 434617.530200314475223, 439935.786153606022708 ], [ 434625.057991178997327, 439946.156144483946264 ], [ 434634.482418967061676, 439939.338492119801231 ], [ 434630.028227380418684, 439933.208186939242296 ], [ 434626.880196043930482, 439935.476981305633672 ] ] ] } },
{ "type": "Feature", "properties": { "amenity": null, "building": "house", "denomination": null, "name": null, "ref:GB:uprn": "72007440", "religion": null, "wikidata": null, "osm_type": "way", "osm_id": 689721960, "addr:city": "Leeds", "addr:housenumber": null, "addr:postcode": "LS17 8JP", "addr:street": null, "addr:suburb": null, "addr:country": "GB", "source:addr:postcode": "ONSUD;OS Open UPRN", "addr:housename": null, "source:name": null, "community_centre": null, "man_made": null }, "geometry": { "type": "Polygon", "coordinates": [ [ [ 434611.328806352277752, 439931.078278337605298 ], [ 434604.424224377667997, 439936.067586766090244 ], [ 434610.421782560704742, 439944.323323248652741 ], [ 434617.326359000406228, 439939.334023655974306 ], [ 434611.328806352277752, 439931.078278337605298 ] ] ] } },
{ "type": "Feature", "properties": { "amenity": null, "building": "house", "denomination": null, "name": null, "ref:GB:uprn": "72007442", "religion": null, "wikidata": null, "osm_type": "way", "osm_id": 689721961, "addr:city": "Leeds", "addr:housenumber": null, "addr:postcode": "LS17 8JP", "addr:street": null, "addr:suburb": null, "addr:country": "GB", "source:addr:postcode": "ONSUD;OS Open UPRN", "addr:housename": null, "source:name": null, "community_centre": null, "man_made": null }, "geometry": { "type": "Polygon", "coordinates": [ [ [ 434596.556334305205382, 439945.900973936426453 ], [ 434604.029634420876391, 439940.504173538531177 ], [ 434597.784565654350445, 439931.912819577730261 ], [ 434590.317837203503586, 439937.309678519377485 ], [ 434596.556334305205382, 439945.900973936426453 ] ] ] } },
{ "type": "Feature", "properties": { "amenity": null, "building": "house", "denomination": null, "name": null, "ref:GB:uprn": "72007444", "religion": null, "wikidata": null, "osm_type": "way", "osm_id": 689721962, "addr:city": "Leeds", "addr:housenumber": null, "addr:postcode": "LS17 8JP", "addr:street": null, "addr:suburb": null, "addr:country": "GB", "source:addr:postcode": "ONSUD;OS Open UPRN", "addr:housename": null, "source:name": null, "community_centre": null, "man_made": null }, "geometry": { "type": "Polygon", "coordinates": [ [ [ 434586.808944200340193, 439938.563315915758722 ], [ 434583.481328114809003, 439933.976844062446617 ], [ 434580.66394074546406, 439936.014453270938247 ], [ 434580.077845279127359, 439935.209011873346753 ], [ 434575.402047996409237, 439938.590342666138895 ], [ 434581.666635614412371, 439947.215190270449966 ], [ 434582.718189027160406, 439946.45522264461033 ], [ 434587.693399957031943, 439953.301431329455227 ], [ 434595.107148223207332, 439947.948683259193785 ], [ 434587.781154699448962, 439937.858396235969849 ], [ 434586.808944200340193, 439938.563315915758722 ] ] ] } },
{ "type": "Feature", "properties": { "amenity": null, "building": "house", "denomination": null, "name": null, "ref:GB:uprn": "72007528", "religion": null, "wikidata": null, "osm_type": "way", "osm_id": 689723456, "addr:city": "Leeds", "addr:housenumber": null, "addr:postcode": "LS17 8JS", "addr:street": null, "addr:suburb": null, "addr:country": "GB", "source:addr:postcode": "ONSUD;OS Open UPRN", "addr:housename": null, "source:name": null, "community_centre": null, "man_made": null }, "geometry": { "type": "Polygon", "coordinates": [ [ [ 434603.315640870365314, 439875.998155043576844 ], [ 434594.600894673960283, 439882.020000257529318 ], [ 434598.610511182923801, 439887.790934976772405 ], [ 434600.885088675480802, 439886.216641504433937 ], [ 434602.473342105397023, 439888.498198186163791 ], [ 434608.100219390471466, 439884.612100576516241 ], [ 434610.065962814551312, 439887.441651811124757 ], [ 434613.537325371988118, 439885.041717093554325 ], [ 434610.543199567182455, 439880.724729276029393 ], [ 434607.871964055346325, 439882.563124314066954 ], [ 434603.315640870365314, 439875.998155043576844 ] ] ] } },
{ "type": "Feature", "properties": { "amenity": null, "building": "house", "denomination": null, "name": null, "ref:GB:uprn": "72007527", "religion": null, "wikidata": null, "osm_type": "way", "osm_id": 689723457, "addr:city": "Leeds", "addr:housenumber": null, "addr:postcode": "LS17 8JS", "addr:street": null, "addr:suburb": null, "addr:country": "GB", "source:addr:postcode": "ONSUD;OS Open UPRN", "addr:housename": null, "source:name": null, "community_centre": null, "man_made": null }, "geometry": { "type": "Polygon", "coordinates": [ [ [ 434618.44197595276637, 439872.071010113693774 ], [ 434612.021604845067486, 439876.507558982819319 ], [ 434617.534761145303492, 439884.448178720544092 ], [ 434623.955209063831717, 439880.000511438352987 ], [ 434618.44197595276637, 439872.071010113693774 ] ] ] } },
{ "type": "Feature", "properties": { "amenity": null, "building": "house", "denomination": null, "name": null, "ref:GB:uprn": "72007523", "religion": null, "wikidata": null, "osm_type": "way", "osm_id": 689723458, "addr:city": "Leeds", "addr:housenumber": null, "addr:postcode": "LS17 8JS", "addr:street": null, "addr:suburb": null, "addr:country": "GB", "source:addr:postcode": "ONSUD;OS Open UPRN", "addr:housename": null, "source:name": null, "community_centre": null, "man_made": null }, "geometry": { "type": "Polygon", "coordinates": [ [ [ 434616.800072124286089, 439849.460803844965994 ], [ 434609.081088690902106, 439855.145059948787093 ], [ 434613.464506213495042, 439861.074541819863953 ], [ 434614.714575664314907, 439860.160276579204947 ], [ 434617.065878257970326, 439863.337604371947236 ], [ 434626.352403116354253, 439856.507788692251779 ], [ 434622.503048286598641, 439851.305470424005762 ], [ 434619.806224222062156, 439851.263278888422064 ], [ 434618.721424416289665, 439852.067498866352253 ], [ 434616.800072124286089, 439849.460803844965994 ] ] ] } },
{ "type": "Feature", "properties": { "amenity": null, "building": "house", "denomination": null, "name": null, "ref:GB:uprn": "72007465", "religion": null, "wikidata": null, "osm_type": "way", "osm_id": 689723459, "addr:city": "Leeds", "addr:housenumber": null, "addr:postcode": "LS17 8JR", "addr:street": null, "addr:suburb": null, "addr:country": "GB", "source:addr:postcode": "ONSUD;OS Open UPRN", "addr:housename": null, "source:name": null, "community_centre": null, "man_made": null }, "geometry": { "type": "Polygon", "coordinates": [ [ [ 434594.356022024352569, 439821.667667105793953 ], [ 434587.225754901533946, 439826.91124565305654 ], [ 434595.171992624702398, 439837.662577953538857 ], [ 434602.308912874781527, 439832.407934131100774 ], [ 434594.356022024352569, 439821.667667105793953 ] ] ] } },
{ "type": "Feature", "properties": { "amenity": null, "building": "house", "denomination": null, "name": null, "ref:GB:uprn": "72007471", "religion": null, "wikidata": null, "osm_type": "way", "osm_id": 689723460, "addr:city": "Leeds", "addr:housenumber": null, "addr:postcode": "LS17 8JR", "addr:street": null, "addr:suburb": null, "addr:country": "GB", "source:addr:postcode": "ONSUD;OS Open UPRN", "addr:housename": null, "source:name": null, "community_centre": null, "man_made": null }, "geometry": { "type": "Polygon", "coordinates": [ [ [ 434633.740377496636938, 439819.088128493283875 ], [ 434626.24785697797779, 439824.384601633995771 ], [ 434629.633315300394315, 439829.16068227274809 ], [ 434627.041061884781811, 439830.988524114247411 ], [ 434629.964245566283353, 439835.115845644730143 ], [ 434634.143622370203957, 439832.164833184098825 ], [ 434632.183953871368431, 439829.402076506288722 ], [ 434638.095922801468987, 439825.228831870830618 ], [ 434633.740377496636938, 439819.088128493283875 ] ] ] } },
{ "type": "Feature", "properties": { "amenity": null, "building": "house", "denomination": null, "name": null, "ref:GB:uprn": "72007475", "religion": null, "wikidata": null, "osm_type": "way", "osm_id": 689723461, "addr:city": "Leeds", "addr:housenumber": null, "addr:postcode": "LS17 8JR", "addr:street": null, "addr:suburb": null, "addr:country": "GB", "source:addr:postcode": "ONSUD;OS Open UPRN", "addr:housename": null, "source:name": null, "community_centre": null, "man_made": null }, "geometry": { "type": "Polygon", "coordinates": [ [ [ 434641.229723416792694, 439857.797238161321729 ], [ 434644.621143466909416, 439862.651260475744493 ], [ 434646.948784476728179, 439861.021748912637122 ], [ 434647.463013909291476, 439861.759907466825098 ], [ 434655.186306546442211, 439856.387290316051804 ], [ 434650.603628718992695, 439849.833206216571853 ], [ 434644.143316688830964, 439854.325048763072118 ], [ 434642.047253628843464, 439851.32762057823129 ], [ 434637.220198086171877, 439854.685518349404447 ], [ 434639.999793612281792, 439858.656012478866614 ], [ 434641.229723416792694, 439857.797238161321729 ] ] ] } },
{ "type": "Feature", "properties": { "amenity": null, "building": "house", "denomination": null, "name": null, "ref:GB:uprn": "72007477", "religion": null, "wikidata": null, "osm_type": "way", "osm_id": 689723462, "addr:city": "Leeds", "addr:housenumber": null, "addr:postcode": "LS17 8JR", "addr:street": null, "addr:suburb": null, "addr:country": "GB", "source:addr:postcode": "ONSUD;OS Open UPRN", "addr:housename": null, "source:name": null, "community_centre": null, "man_made": null }, "geometry": { "type": "Polygon", "coordinates": [ [ [ 434663.348784705158323, 439864.558976726373658 ], [ 434658.258394068689086, 439857.277899303473532 ], [ 434649.635880366549827, 439863.266945711220615 ], [ 434654.719617307069711, 439870.559091048315167 ], [ 434663.348784705158323, 439864.558976726373658 ] ] ] } },
{ "type": "Feature", "properties": { "amenity": null, "building": "house", "denomination": null, "name": null, "ref:GB:uprn": "72007479", "religion": null, "wikidata": null, "osm_type": "way", "osm_id": 689723463, "addr:city": "Leeds", "addr:housenumber": null, "addr:postcode": "LS17 8JR", "addr:street": null, "addr:suburb": null, "addr:country": "GB", "source:addr:postcode": "ONSUD;OS Open UPRN", "addr:housename": null, "source:name": null, "community_centre": null, "man_made": null }, "geometry": { "type": "Polygon", "coordinates": [ [ [ 434664.766284075391013, 439882.794797700596973 ], [ 434671.48443678021431, 439878.126867618295364 ], [ 434669.388402113341726, 439875.12942693696823 ], [ 434670.942302114970516, 439874.050527518265881 ], [ 434665.89107239653822, 439866.81423765886575 ], [ 434657.619011227332521, 439872.561079082661308 ], [ 434664.766284075391013, 439882.794797700596973 ] ] ] } },
{ "type": "Feature", "properties": { "amenity": null, "building": "house", "denomination": null, "name": null, "ref:GB:uprn": "72007481", "religion": null, "wikidata": null, "osm_type": "way", "osm_id": 689723464, "addr:city": "Leeds", "addr:housenumber": null, "addr:postcode": "LS17 8JR", "addr:street": null, "addr:suburb": null, "addr:country": "GB", "source:addr:postcode": "ONSUD;OS Open UPRN", "addr:housename": null, "source:name": null, "community_centre": null, "man_made": null }, "geometry": { "type": "Polygon", "coordinates": [ [ [ 434686.507067271973938, 439878.43839970510453 ], [ 434688.674623082391918, 439881.547643794096075 ], [ 434692.45034921093611, 439878.916363891796209 ], [ 434689.286747646983713, 439874.397790904622525 ], [ 434686.106170065526385, 439876.61067192372866 ], [ 434681.647219163482077, 439870.235498096095398 ], [ 434675.418370037223212, 439874.562113192980178 ], [ 434682.383395454846323, 439884.527471970766783 ], [ 434686.430131325905677, 439881.720169297652319 ], [ 434684.913449936080724, 439879.550379511434585 ], [ 434686.507067271973938, 439878.43839970510453 ] ] ] } },
{ "type": "Feature", "properties": { "amenity": null, "building": "house", "denomination": null, "name": null, "ref:GB:uprn": "72007483", "religion": null, "wikidata": null, "osm_type": "way", "osm_id": 689723465, "addr:city": "Leeds", "addr:housenumber": null, "addr:postcode": "LS17 8JR", "addr:street": null, "addr:suburb": null, "addr:country": "GB", "source:addr:postcode": "ONSUD;OS Open UPRN", "addr:housename": null, "source:name": null, "community_centre": null, "man_made": null }, "geometry": { "type": "Polygon", "coordinates": [ [ [ 434695.913931767747272, 439873.133953577140346 ], [ 434701.494860431586858, 439869.247627106145956 ], [ 434697.478610875317827, 439863.498806911986321 ], [ 434694.350893322611228, 439865.678694358211942 ], [ 434691.304534554947168, 439861.316760866437107 ], [ 434684.546622597612441, 439866.0177480308339 ], [ 434689.806177237303928, 439873.544892599689774 ], [ 434694.110787714947946, 439870.561481633572839 ], [ 434695.913931767747272, 439873.133953577140346 ] ] ] } },
{ "type": "Feature", "properties": { "amenity": null, "building": "house", "denomination": null, "name": null, "ref:GB:uprn": "72007485", "religion": null, "wikidata": null, "osm_type": "way", "osm_id": 689723466, "addr:city": "Leeds", "addr:housenumber": null, "addr:postcode": "LS17 8JR", "addr:street": null, "addr:suburb": null, "addr:country": "GB", "source:addr:postcode": "ONSUD;OS Open UPRN", "addr:housename": null, "source:name": null, "community_centre": null, "man_made": null }, "geometry": { "type": "Polygon", "coordinates": [ [ [ 434712.458890596521087, 439862.430412906338461 ], [ 434704.768595735484269, 439867.780927384155802 ], [ 434709.188379654544406, 439874.111326990765519 ], [ 434716.878669371886645, 439868.760819769813679 ], [ 434712.458890596521087, 439862.430412906338461 ] ] ] } },
{ "type": "Feature", "properties": { "amenity": null, "building": "house", "denomination": null, "name": null, "ref:GB:uprn": "72007487", "religion": null, "wikidata": null, "osm_type": "way", "osm_id": 689723467, "addr:city": "Leeds", "addr:housenumber": null, "addr:postcode": "LS17 8JR", "addr:street": null, "addr:suburb": null, "addr:country": "GB", "source:addr:postcode": "ONSUD;OS Open UPRN", "addr:housename": null, "source:name": null, "community_centre": null, "man_made": null }, "geometry": { "type": "Polygon", "coordinates": [ [ [ 434716.042706162552349, 439875.041137122898363 ], [ 434714.812498478684574, 439873.274018049240112 ], [ 434709.343966319225729, 439877.083275775425136 ], [ 434711.147099456749856, 439879.655753668863326 ], [ 434714.195385044906288, 439877.542048049741425 ], [ 434719.689211180608254, 439885.404761107987724 ], [ 434724.85350516642211, 439881.81579087022692 ], [ 434722.959278640279081, 439879.109113196376711 ], [ 434725.551378837786615, 439877.303576379199512 ], [ 434721.378943899704609, 439871.331045407103375 ], [ 434716.042706162552349, 439875.041137122898363 ] ] ] } },
{ "type": "Feature", "properties": { "amenity": null, "building": "house", "denomination": null, "name": null, "ref:GB:uprn": "72007425", "religion": null, "wikidata": null, "osm_type": "way", "osm_id": 689723468, "addr:city": "Leeds", "addr:housenumber": null, "addr:postcode": "LS17 8JT", "addr:street": null, "addr:suburb": null, "addr:country": "GB", "source:addr:postcode": "ONSUD;OS Open UPRN", "addr:housename": null, "source:name": null, "community_centre": null, "man_made": null }, "geometry": { "type": "Polygon", "coordinates": [ [ [ 434711.507392295403406, 439891.396961329854093 ], [ 434703.843622380809393, 439896.725420484319329 ], [ 434708.588895662513096, 439903.514421951258555 ], [ 434716.246082126919646, 439898.185921787982807 ], [ 434713.707567769975867, 439894.539838888449594 ], [ 434719.103313281433657, 439890.78567957598716 ], [ 434715.965892493608408, 439886.289535305579193 ], [ 434710.563566450728104, 439890.043649471132085 ], [ 434711.507392295403406, 439891.396961329854093 ] ] ] } },
{ "type": "Feature", "properties": { "amenity": null, "building": "house", "denomination": null, "name": null, "ref:GB:uprn": "72007427", "religion": null, "wikidata": null, "osm_type": "way", "osm_id": 689723469, "addr:city": "Leeds", "addr:housenumber": null, "addr:postcode": "LS17 8JT", "addr:street": null, "addr:suburb": null, "addr:country": "GB", "source:addr:postcode": "ONSUD;OS Open UPRN", "addr:housename": null, "source:name": null, "community_centre": null, "man_made": null }, "geometry": { "type": "Polygon", "coordinates": [ [ [ 434695.258229965576902, 439905.69658006366808 ], [ 434696.468949706235435, 439907.430169962346554 ], [ 434704.264912370010279, 439902.013666011742316 ], [ 434699.246324997802731, 439894.82208703935612 ], [ 434691.443778446642682, 439900.238550608512014 ], [ 434690.916486785921734, 439899.489163691992871 ], [ 434687.081246748100966, 439902.16451016778592 ], [ 434687.740447920048609, 439906.41974490438588 ], [ 434689.855943016591482, 439909.450718155014329 ], [ 434695.258229965576902, 439905.69658006366808 ] ] ] } },
{ "type": "Feature", "properties": { "amenity": null, "building": "house", "denomination": null, "name": null, "ref:GB:uprn": "72007429", "religion": null, "wikidata": null, "osm_type": "way", "osm_id": 689723470, "addr:city": "Leeds", "addr:housenumber": null, "addr:postcode": "LS17 8JT", "addr:street": null, "addr:suburb": null, "addr:country": "GB", "source:addr:postcode": "ONSUD;OS Open UPRN", "addr:housename": null, "source:name": null, "community_centre": null, "man_made": null }, "geometry": { "type": "Polygon", "coordinates": [ [ [ 434672.249877609719988, 439900.908632686710916 ], [ 434676.969127519172616, 439907.664029168430716 ], [ 434685.466037985694129, 439901.751989036099985 ], [ 434680.746794137405232, 439894.9965839991346 ], [ 434672.249877609719988, 439900.908632686710916 ] ] ] } },
{ "type": "Feature", "properties": { "amenity": null, "building": "house", "denomination": null, "name": null, "ref:GB:uprn": "72007431", "religion": null, "wikidata": null, "osm_type": "way", "osm_id": 689723471, "addr:city": "Leeds", "addr:housenumber": null, "addr:postcode": "LS17 8JT", "addr:street": null, "addr:suburb": null, "addr:country": "GB", "source:addr:postcode": "ONSUD;OS Open UPRN", "addr:housename": null, "source:name": null, "community_centre": null, "man_made": null }, "geometry": { "type": "Polygon", "coordinates": [ [ [ 434672.790459341660608, 439886.537101277266629 ], [ 434664.531662322813645, 439892.272901964839548 ], [ 434669.32904399104882, 439899.140134538523853 ], [ 434677.58791740302695, 439893.39321634278167 ], [ 434672.790459341660608, 439886.537101277266629 ] ] ] } },
{ "type": "Feature", "properties": { "amenity": null, "building": "house", "denomination": null, "name": null, "ref:GB:uprn": "72007433", "religion": null, "wikidata": null, "osm_type": "way", "osm_id": 689723472, "addr:city": "Leeds", "addr:housenumber": null, "addr:postcode": "LS17 8JT", "addr:street": null, "addr:suburb": null, "addr:country": "GB", "source:addr:postcode": "ONSUD;OS Open UPRN", "addr:housename": null, "source:name": null, "community_centre": null, "man_made": null }, "geometry": { "type": "Polygon", "coordinates": [ [ [ 434650.959825019002892, 439894.152983878157102 ], [ 434650.035469237074722, 439892.83320824149996 ], [ 434646.676330227754079, 439895.17831344564911 ], [ 434650.790295176266227, 439901.061331762117334 ], [ 434651.669773214496672, 439900.44475162634626 ], [ 434654.130302700097673, 439903.967830870649777 ], [ 434657.27113174367696, 439901.788013889687136 ], [ 434655.311836187902372, 439898.980743190040812 ], [ 434662.182072947907727, 439894.202659765956923 ], [ 434658.491319601365831, 439888.912472121883184 ], [ 434650.959825019002892, 439894.152983878157102 ] ] ] } },
{ "type": "Feature", "properties": { "amenity": null, "building": "house", "denomination": null, "name": null, "ref:GB:uprn": "72007435", "religion": null, "wikidata": null, "osm_type": "way", "osm_id": 689723473, "addr:city": "Leeds", "addr:housenumber": null, "addr:postcode": "LS17 8JT", "addr:street": null, "addr:suburb": null, "addr:country": "GB", "source:addr:postcode": "ONSUD;OS Open UPRN", "addr:housename": null, "source:name": null, "community_centre": null, "man_made": null }, "geometry": { "type": "Polygon", "coordinates": [ [ [ 434644.198386610776652, 439898.453445949940942 ], [ 434635.800686296075583, 439904.299535020370968 ], [ 434639.745440872444306, 439909.936507424805313 ], [ 434648.136475929932203, 439904.101502715027891 ], [ 434644.198386610776652, 439898.453445949940942 ] ] ] } },
{ "type": "Feature", "properties": { "amenity": null, "building": "house", "denomination": null, "name": null, "ref:GB:uprn": "72007437", "religion": null, "wikidata": null, "osm_type": "way", "osm_id": 689723474, "addr:city": "Leeds", "addr:housenumber": null, "addr:postcode": "LS17 8JT", "addr:street": null, "addr:suburb": null, "addr:country": "GB", "source:addr:postcode": "ONSUD;OS Open UPRN", "addr:housename": null, "source:name": null, "community_centre": null, "man_made": null }, "geometry": { "type": "Polygon", "coordinates": [ [ [ 434626.199779032904189, 439900.278597773867659 ], [ 434618.985808058117982, 439905.287850501132198 ], [ 434622.709153162082657, 439910.622753949137405 ], [ 434629.923202340374701, 439905.602380989701487 ], [ 434631.465883027412929, 439907.816851375391707 ], [ 434634.725760086614173, 439905.54888720670715 ], [ 434627.558888350205962, 439895.292816506815143 ], [ 434624.299007761059329, 439897.560785658657551 ], [ 434626.199779032904189, 439900.278597773867659 ] ] ] } },
{ "type": "Feature", "properties": { "amenity": null, "building": "house", "denomination": null, "name": null, "ref:GB:uprn": "72007439", "religion": null, "wikidata": null, "osm_type": "way", "osm_id": 689723475, "addr:city": "Leeds", "addr:housenumber": null, "addr:postcode": "LS17 8JT", "addr:street": null, "addr:suburb": null, "addr:country": "GB", "source:addr:postcode": "ONSUD;OS Open UPRN", "addr:housename": null, "source:name": null, "community_centre": null, "man_made": null }, "geometry": { "type": "Polygon", "coordinates": [ [ [ 434611.616621261578985, 439902.818909954978153 ], [ 434610.041368708072696, 439900.55969924130477 ], [ 434602.09331772022415, 439906.097627813229337 ], [ 434606.077085394295864, 439911.801619051839225 ], [ 434613.291114594205283, 439906.781220453907736 ], [ 434614.677659274602775, 439908.760873061022721 ], [ 434617.52755641361, 439906.779157312819734 ], [ 434613.732585003657732, 439901.343589527765289 ], [ 434611.616621261578985, 439902.818909954978153 ] ] ] } },
{ "type": "Feature", "properties": { "amenity": null, "building": "house", "denomination": null, "name": null, "ref:GB:uprn": "72007459", "religion": null, "wikidata": null, "osm_type": "way", "osm_id": 689725445, "addr:city": "Leeds", "addr:housenumber": null, "addr:postcode": "LS17 8JR", "addr:street": null, "addr:suburb": null, "addr:country": "GB", "source:addr:postcode": "ONSUD;OS Open UPRN", "addr:housename": null, "source:name": null, "community_centre": null, "man_made": null }, "geometry": { "type": "Polygon", "coordinates": [ [ [ 434512.511118690716103, 439817.581141833332367 ], [ 434518.40309543866897, 439813.429852512432262 ], [ 434515.147762063133996, 439808.83283825404942 ], [ 434509.255782530875877, 439812.984131668810733 ], [ 434510.19326818943955, 439814.315101966378279 ], [ 434503.091119727585465, 439819.325357314897701 ], [ 434508.162878686911426, 439826.494858913589269 ], [ 434512.242939997115172, 439823.620892254053615 ], [ 434513.336738001788035, 439825.164420054876246 ], [ 434516.36539750295924, 439823.028188242926262 ], [ 434512.511118690716103, 439817.581141833332367 ] ] ] } },
{ "type": "Feature", "properties": { "amenity": null, "building": "garage", "denomination": null, "name": null, "ref:GB:uprn": null, "religion": null, "wikidata": null, "osm_type": "way", "osm_id": 689725446, "addr:city": null, "addr:housenumber": null, "addr:postcode": null, "addr:street": null, "addr:suburb": null, "addr:country": null, "source:addr:postcode": null, "addr:housename": null, "source:name": null, "community_centre": null, "man_made": null }, "geometry": { "type": "Polygon", "coordinates": [ [ [ 434518.40309543866897, 439813.429852512432262 ], [ 434523.131270997400861, 439810.093356738216244 ], [ 434519.875939852558076, 439805.496339196455665 ], [ 434515.147762063133996, 439808.83283825404942 ], [ 434518.40309543866897, 439813.429852512432262 ] ] ] } },
{ "type": "Feature", "properties": { "amenity": null, "building": "house", "denomination": null, "name": null, "ref:GB:uprn": "72007460", "religion": null, "wikidata": null, "osm_type": "way", "osm_id": 689725447, "addr:city": "Leeds", "addr:housenumber": null, "addr:postcode": "LS17 8JR", "addr:street": null, "addr:suburb": null, "addr:country": "GB", "source:addr:postcode": "ONSUD;OS Open UPRN", "addr:housename": null, "source:name": null, "community_centre": null, "man_made": null }, "geometry": { "type": "Polygon", "coordinates": [ [ [ 434533.501946944044903, 439810.570379276992753 ], [ 434535.28746388934087, 439809.303991281427443 ], [ 434532.064624266466126, 439804.762837578775361 ], [ 434528.599495298112743, 439807.207385029061697 ], [ 434529.556546842271928, 439808.560756660881452 ], [ 434522.150218854192644, 439813.780145231052302 ], [ 434527.261095206835307, 439820.994462430709973 ], [ 434534.667417706048582, 439815.775081937899813 ], [ 434533.430383692902979, 439814.0302145765163 ], [ 434535.116653832490556, 439812.840980625478551 ], [ 434533.501946944044903, 439810.570379276992753 ] ] ] } },
{ "type": "Feature", "properties": { "amenity": null, "building": "house", "denomination": null, "name": null, "ref:GB:uprn": "72007461", "religion": null, "wikidata": null, "osm_type": "way", "osm_id": 689725448, "addr:city": "Leeds", "addr:housenumber": null, "addr:postcode": "LS17 8JR", "addr:street": null, "addr:suburb": null, "addr:country": "GB", "source:addr:postcode": "ONSUD;OS Open UPRN", "addr:housename": null, "source:name": null, "community_centre": null, "man_made": null }, "geometry": { "type": "Polygon", "coordinates": [ [ [ 434547.090555567585398, 439800.200505084590986 ], [ 434543.718000937718898, 439802.578964957152493 ], [ 434544.41463403403759, 439803.563241882715374 ], [ 434540.155942280543968, 439806.569382036454044 ], [ 434537.584185739804525, 439802.945405496051535 ], [ 434534.152107026369777, 439805.367939482908696 ], [ 434542.030014632036909, 439816.485852061887272 ], [ 434549.727355989511125, 439811.057237042230554 ], [ 434546.76494628470391, 439806.885171224363148 ], [ 434550.137499421951361, 439804.506713543785736 ], [ 434547.090555567585398, 439800.200505084590986 ] ] ] } },
{ "type": "Feature", "properties": { "amenity": null, "building": "house", "denomination": null, "name": null, "ref:GB:uprn": "72007462", "religion": null, "wikidata": null, "osm_type": "way", "osm_id": 689725449, "addr:city": "Leeds", "addr:housenumber": null, "addr:postcode": "LS17 8JR", "addr:street": null, "addr:suburb": null, "addr:country": "GB", "source:addr:postcode": "ONSUD;OS Open UPRN", "addr:housename": null, "source:name": null, "community_centre": null, "man_made": null }, "geometry": { "type": "Polygon", "coordinates": [ [ [ 434565.973869292705785, 439799.77239595388528 ], [ 434560.296645421651192, 439791.752743436140008 ], [ 434557.631629451643676, 439793.635719502577558 ], [ 434560.033987508271821, 439797.035925589036196 ], [ 434559.035439949191641, 439797.740656814537942 ], [ 434560.064104774210136, 439799.19470238185022 ], [ 434552.783367853029631, 439804.325957140186802 ], [ 434557.770455990277696, 439811.37249613867607 ], [ 434565.051269758725539, 439806.230123160523362 ], [ 434562.303730337822344, 439802.360050774062984 ], [ 434565.973869292705785, 439799.77239595388528 ] ] ] } },
{ "type": "Feature", "properties": { "amenity": null, "building": "house", "denomination": null, "name": null, "ref:GB:uprn": "72007466", "religion": null, "wikidata": null, "osm_type": "way", "osm_id": 689725450, "addr:city": "Leeds", "addr:housenumber": null, "addr:postcode": "LS17 8JR", "addr:street": null, "addr:suburb": null, "addr:country": "GB", "source:addr:postcode": "ONSUD;OS Open UPRN", "addr:housename": null, "source:name": null, "community_centre": null, "man_made": null }, "geometry": { "type": "Polygon", "coordinates": [ [ [ 434586.344278367003426, 439788.607079212437384 ], [ 434579.222191799432039, 439793.628199204686098 ], [ 434586.103837621049024, 439803.348009163164534 ], [ 434593.225917076342739, 439798.326899625943042 ], [ 434586.344278367003426, 439788.607079212437384 ] ] ] } },
{ "type": "Feature", "properties": { "amenity": null, "building": "garage", "denomination": null, "name": null, "ref:GB:uprn": null, "religion": null, "wikidata": null, "osm_type": "way", "osm_id": 689725451, "addr:city": null, "addr:housenumber": null, "addr:postcode": null, "addr:street": null, "addr:suburb": null, "addr:country": null, "source:addr:postcode": null, "addr:housename": null, "source:name": null, "community_centre": null, "man_made": null }, "geometry": { "type": "Polygon", "coordinates": [ [ [ 434617.485960899852216, 439783.374039055663161 ], [ 434614.622586471203249, 439785.38903539814055 ], [ 434618.092696283012629, 439790.288124933140352 ], [ 434620.949491158593446, 439788.273082078783773 ], [ 434617.485960899852216, 439783.374039055663161 ] ] ] } },
{ "type": "Feature", "properties": { "amenity": null, "building": "house", "denomination": null, "name": null, "ref:GB:uprn": "72007472", "religion": null, "wikidata": null, "osm_type": "way", "osm_id": 689725452, "addr:city": "Leeds", "addr:housenumber": null, "addr:postcode": "LS17 8JR", "addr:street": null, "addr:suburb": null, "addr:country": "GB", "source:addr:postcode": "ONSUD;OS Open UPRN", "addr:housename": null, "source:name": null, "community_centre": null, "man_made": null }, "geometry": { "type": "Polygon", "coordinates": [ [ [ 434627.486096724402159, 439783.258822400122881 ], [ 434626.626752578245942, 439782.039671815931797 ], [ 434620.556125101691578, 439786.311897379229777 ], [ 434626.096511493029539, 439794.141460693441331 ], [ 434632.160638248897158, 439789.858067693654448 ], [ 434630.53306063771015, 439787.55395751807373 ], [ 434633.303853435907513, 439785.605045585427433 ], [ 434630.256890745717101, 439781.309908668394201 ], [ 434627.486096724402159, 439783.258822400122881 ] ] ] } },
{ "type": "Feature", "properties": { "amenity": null, "building": "house", "denomination": null, "name": null, "ref:GB:uprn": "72007476", "religion": null, "wikidata": null, "osm_type": "way", "osm_id": 689725453, "addr:city": "Leeds", "addr:housenumber": null, "addr:postcode": "LS17 8JR", "addr:street": null, "addr:suburb": null, "addr:country": "GB", "source:addr:postcode": "ONSUD;OS Open UPRN", "addr:housename": null, "source:name": null, "community_centre": null, "man_made": null }, "geometry": { "type": "Polygon", "coordinates": [ [ [ 434657.519935745745897, 439802.396176388370804 ], [ 434661.87121313699754, 439799.33519487909507 ], [ 434656.591299582854845, 439791.874692856799811 ], [ 434648.034120503289159, 439797.908732778392732 ], [ 434654.63572425727034, 439807.226016910164617 ], [ 434658.835040502715856, 439804.252920639119111 ], [ 434657.519935745745897, 439802.396176388370804 ] ] ] } },
{ "type": "Feature", "properties": { "amenity": null, "building": "house", "denomination": null, "name": null, "ref:GB:uprn": "72007478", "religion": null, "wikidata": null, "osm_type": "way", "osm_id": 689725454, "addr:city": "Leeds", "addr:housenumber": null, "addr:postcode": "LS17 8JR", "addr:street": null, "addr:suburb": null, "addr:country": "GB", "source:addr:postcode": "ONSUD;OS Open UPRN", "addr:housename": null, "source:name": null, "community_centre": null, "man_made": null }, "geometry": { "type": "Polygon", "coordinates": [ [ [ 434662.989312523568515, 439814.475609845248982 ], [ 434667.340664814750198, 439811.403507446055301 ], [ 434662.060691591585055, 439803.954124979791231 ], [ 434653.503527178138029, 439809.988154924125411 ], [ 434660.098606849263888, 439819.294272417435423 ], [ 434664.304411628923845, 439816.33235569333192 ], [ 434662.989312523568515, 439814.475609845248982 ] ] ] } },
{ "type": "Feature", "properties": { "amenity": null, "building": "garage", "denomination": null, "name": null, "ref:GB:uprn": null, "religion": null, "wikidata": null, "osm_type": "way", "osm_id": 689725455, "addr:city": null, "addr:housenumber": null, "addr:postcode": null, "addr:street": null, "addr:suburb": null, "addr:country": null, "source:addr:postcode": null, "addr:housename": null, "source:name": null, "community_centre": null, "man_made": null }, "geometry": { "type": "Polygon", "coordinates": [ [ [ 434677.498389412357938, 439821.092076223809272 ], [ 434673.292580357287079, 439824.05398109939415 ], [ 434675.610230307676829, 439827.331228434690274 ], [ 434678.295009822992142, 439825.44846566603519 ], [ 434679.186975472432096, 439826.701247392455116 ], [ 434680.708003399602603, 439825.62210765609052 ], [ 434677.498389412357938, 439821.092076223809272 ] ] ] } },
{ "type": "Feature", "properties": { "amenity": null, "building": "house", "denomination": null, "name": null, "ref:GB:uprn": "72007482", "religion": null, "wikidata": null, "osm_type": "way", "osm_id": 689725456, "addr:city": "Leeds", "addr:housenumber": null, "addr:postcode": "LS17 8JR", "addr:street": null, "addr:suburb": null, "addr:country": "GB", "source:addr:postcode": "ONSUD;OS Open UPRN", "addr:housename": null, "source:name": null, "community_centre": null, "man_made": null }, "geometry": { "type": "Polygon", "coordinates": [ [ [ 434669.837016153614968, 439832.306566483923234 ], [ 434676.125911878072657, 439841.198757560458034 ], [ 434681.310448612552136, 439837.543129671248607 ], [ 434679.754529048979748, 439835.33967157441657 ], [ 434682.108755353139713, 439833.676994482520968 ], [ 434677.375703157798853, 439826.999378133099526 ], [ 434669.837016153614968, 439832.306566483923234 ] ] ] } },
{ "type": "Feature", "properties": { "amenity": null, "building": "house", "denomination": null, "name": null, "ref:GB:uprn": "72007489", "religion": null, "wikidata": null, "osm_type": "way", "osm_id": 689725457, "addr:city": "Leeds", "addr:housenumber": null, "addr:postcode": "LS17 8JR", "addr:street": null, "addr:suburb": null, "addr:country": "GB", "source:addr:postcode": "ONSUD;OS Open UPRN", "addr:housename": null, "source:name": null, "community_centre": null, "man_made": null }, "geometry": { "type": "Polygon", "coordinates": [ [ [ 434726.413641220307909, 439846.188939682208002 ], [ 434731.488389677659143, 439853.792647038935684 ], [ 434736.955646596383303, 439850.161430623847991 ], [ 434738.979043910163455, 439853.191742762341164 ], [ 434741.491155275667552, 439851.530266716028564 ], [ 434743.117582528677303, 439853.979053627001122 ], [ 434746.892453726148233, 439851.470203264034353 ], [ 434744.316119883442298, 439847.601291852421127 ], [ 434741.949382307415362, 439849.174832347780466 ], [ 434740.348852129653096, 439846.781870889477432 ], [ 434738.623402953497134, 439847.926234264974482 ], [ 434734.07570362748811, 439841.105288749793544 ], [ 434726.413641220307909, 439846.188939682208002 ] ] ] } },
{ "type": "Feature", "properties": { "amenity": null, "building": "house", "denomination": null, "name": null, "ref:GB:uprn": "72007488", "religion": null, "wikidata": null, "osm_type": "way", "osm_id": 689725458, "addr:city": "Leeds", "addr:housenumber": null, "addr:postcode": "LS17 8JR", "addr:street": null, "addr:suburb": null, "addr:country": "GB", "source:addr:postcode": "ONSUD;OS Open UPRN", "addr:housename": null, "source:name": null, "community_centre": null, "man_made": null }, "geometry": { "type": "Polygon", "coordinates": [ [ [ 434730.847065744572319, 439833.82681469945237 ], [ 434727.119017497112509, 439828.2470053905854 ], [ 434719.549447066499852, 439833.275720684672706 ], [ 434724.168873690185137, 439840.186196116963401 ], [ 434730.462521719106007, 439836.004771336680278 ], [ 434732.206127163546626, 439838.621321960818022 ], [ 434736.569339106674306, 439835.727396888076328 ], [ 434733.934445602993947, 439831.769044505432248 ], [ 434730.847065744572319, 439833.82681469945237 ] ] ] } },
{ "type": "Feature", "properties": { "amenity": null, "building": "house", "denomination": null, "name": null, "ref:GB:uprn": "72007486", "religion": null, "wikidata": null, "osm_type": "way", "osm_id": 689725459, "addr:city": "Leeds", "addr:housenumber": null, "addr:postcode": "LS17 8JR", "addr:street": null, "addr:suburb": null, "addr:country": "GB", "source:addr:postcode": "ONSUD;OS Open UPRN", "addr:housename": null, "source:name": null, "community_centre": null, "man_made": null }, "geometry": { "type": "Polygon", "coordinates": [ [ [ 434722.813862064562272, 439824.198387209093198 ], [ 434724.616018775559496, 439826.904381607309915 ], [ 434729.230440740764607, 439823.845413863076828 ], [ 434726.348290406167507, 439819.518055277061649 ], [ 434723.168400561902672, 439821.630777405924164 ], [ 434719.798167504835874, 439816.58770306489896 ], [ 434712.261641689576209, 439821.59442207205575 ], [ 434716.711876174376812, 439828.258850933169015 ], [ 434722.813862064562272, 439824.198387209093198 ] ] ] } },
{ "type": "Feature", "properties": { "amenity": null, "building": "yes", "denomination": null, "name": null, "ref:GB:uprn": "72126478", "religion": null, "wikidata": null, "osm_type": "way", "osm_id": 690279611, "addr:city": null, "addr:housenumber": null, "addr:postcode": null, "addr:street": null, "addr:suburb": null, "addr:country": null, "source:addr:postcode": null, "addr:housename": null, "source:name": null, "community_centre": null, "man_made": null }, "geometry": { "type": "Polygon", "coordinates": [ [ [ 434526.487157663097605, 439768.037415461381897 ], [ 434520.183760407497175, 439769.092476275749505 ], [ 434521.204965215176344, 439775.130604132893495 ], [ 434495.464367843756918, 439779.458309979992919 ], [ 434488.858377021213528, 439779.621058507822454 ], [ 434489.280875228170771, 439796.391907576238737 ], [ 434498.137125542154536, 439796.167850587982684 ], [ 434497.989554786588997, 439790.303062145598233 ], [ 434495.739350727584679, 439790.353245406295173 ], [ 434495.596059976960532, 439784.800032554194331 ], [ 434528.384322494152002, 439779.289237404242158 ], [ 434526.487157663097605, 439768.037415461381897 ] ] ] } },
{ "type": "Feature", "properties": { "amenity": null, "building": "yes", "denomination": null, "name": null, "ref:GB:uprn": "72126482", "religion": null, "wikidata": null, "osm_type": "way", "osm_id": 690279612, "addr:city": null, "addr:housenumber": null, "addr:postcode": null, "addr:street": null, "addr:suburb": null, "addr:country": null, "source:addr:postcode": null, "addr:housename": null, "source:name": null, "community_centre": null, "man_made": null }, "geometry": { "type": "Polygon", "coordinates": [ [ [ 434514.938617861596867, 439765.80485705123283 ], [ 434520.011331562651321, 439764.818603071034886 ], [ 434518.553387788473628, 439757.341929088928737 ], [ 434512.802132770419121, 439758.45670275145676 ], [ 434513.46133301500231, 439761.844037619419396 ], [ 434507.505834386043716, 439763.001818740973249 ], [ 434507.303122198791243, 439761.943301083287224 ], [ 434486.920103616197594, 439765.89885303331539 ], [ 434488.891503742779605, 439776.016294620232657 ], [ 434498.951219980663154, 439774.065357587998733 ], [ 434499.356728847604245, 439776.17126625077799 ], [ 434509.679984486312605, 439774.166660955990665 ], [ 434509.052526247978676, 439770.935332427266985 ], [ 434515.686547170276754, 439769.649035553098656 ], [ 434514.938617861596867, 439765.80485705123283 ] ] ] } },
{ "type": "Feature", "properties": { "amenity": null, "building": "yes", "denomination": null, "name": null, "ref:GB:uprn": null, "religion": null, "wikidata": null, "osm_type": "way", "osm_id": 690279613, "addr:city": null, "addr:housenumber": null, "addr:postcode": null, "addr:street": null, "addr:suburb": null, "addr:country": null, "source:addr:postcode": null, "addr:housename": null, "source:name": null, "community_centre": null, "man_made": null }, "geometry": { "type": "Polygon", "coordinates": [ [ [ 434533.05203008884564, 439741.337551476433873 ], [ 434525.935968709352892, 439743.755180120351724 ], [ 434527.507081670919433, 439748.373162745847367 ], [ 434534.623054847936146, 439745.966662468737923 ], [ 434533.05203008884564, 439741.337551476433873 ] ] ] } },
{ "type": "Feature", "properties": { "amenity": null, "building": "garages", "denomination": null, "name": null, "ref:GB:uprn": null, "religion": null, "wikidata": null, "osm_type": "way", "osm_id": 690279614, "addr:city": null, "addr:housenumber": null, "addr:postcode": null, "addr:street": null, "addr:suburb": null, "addr:country": null, "source:addr:postcode": null, "addr:housename": null, "source:name": null, "community_centre": null, "man_made": null }, "geometry": { "type": "Polygon", "coordinates": [ [ [ 434563.346256413671654, 439725.282873703166842 ], [ 434556.193959043419454, 439726.365000959252939 ], [ 434557.912885618919972, 439737.69340555020608 ], [ 434565.065166109532584, 439736.611280976328999 ], [ 434563.346256413671654, 439725.282873703166842 ] ] ] } },
{ "type": "Feature", "properties": { "amenity": null, "building": "house", "denomination": null, "name": null, "ref:GB:uprn": "72126483", "religion": null, "wikidata": null, "osm_type": "way", "osm_id": 690279615, "addr:city": "Leeds", "addr:housenumber": null, "addr:postcode": "LS17 8JD", "addr:street": null, "addr:suburb": null, "addr:country": "GB", "source:addr:postcode": "ONSUD;OS Open UPRN", "addr:housename": null, "source:name": null, "community_centre": null, "man_made": null }, "geometry": { "type": "Polygon", "coordinates": [ [ [ 434554.685385870689061, 439723.972783719189465 ], [ 434558.729162756586447, 439723.357282461831346 ], [ 434556.708845315792132, 439710.079504412249662 ], [ 434544.696138541039545, 439711.893519588629715 ], [ 434547.262281281349715, 439728.769200220936909 ], [ 434555.231171968160197, 439727.570692545617931 ], [ 434554.685385870689061, 439723.972783719189465 ] ] ] } },
{ "type": "Feature", "properties": { "amenity": null, "building": "house", "denomination": null, "name": null, "ref:GB:uprn": "72257735", "religion": null, "wikidata": null, "osm_type": "way", "osm_id": 690279618, "addr:city": "Leeds", "addr:housenumber": null, "addr:postcode": "LS17 8HD", "addr:street": null, "addr:suburb": null, "addr:country": "GB", "source:addr:postcode": "ONSUD;OS Open UPRN", "addr:housename": null, "source:name": null, "community_centre": null, "man_made": null }, "geometry": { "type": "Polygon", "coordinates": [ [ [ 434601.901676789624617, 439740.621843708795495 ], [ 434601.857021053903736, 439736.871859718230553 ], [ 434601.814584808773361, 439732.821474764845334 ], [ 434591.873628086468671, 439732.926058190525509 ], [ 434591.96073667157907, 439740.726426884531975 ], [ 434601.901676789624617, 439740.621843708795495 ] ] ] } },
{ "type": "Feature", "properties": { "amenity": null, "building": "garage", "denomination": null, "name": null, "ref:GB:uprn": null, "religion": null, "wikidata": null, "osm_type": "way", "osm_id": 690279620, "addr:city": null, "addr:housenumber": null, "addr:postcode": null, "addr:street": null, "addr:suburb": null, "addr:country": null, "source:addr:postcode": null, "addr:housename": null, "source:name": null, "community_centre": null, "man_made": null }, "geometry": { "type": "Polygon", "coordinates": [ [ [ 434606.752097492688335, 439743.906643909518607 ], [ 434606.689354425005149, 439738.15374354715459 ], [ 434606.672825860267039, 439736.829559581005014 ], [ 434601.857021053903736, 439736.871859718230553 ], [ 434601.901676789624617, 439740.621843708795495 ], [ 434601.936217775917612, 439743.960069898632355 ], [ 434606.752097492688335, 439743.906643909518607 ] ] ] } },
{ "type": "Feature", "properties": { "amenity": null, "building": "garage", "denomination": null, "name": null, "ref:GB:uprn": null, "religion": null, "wikidata": null, "osm_type": "way", "osm_id": 690279622, "addr:city": null, "addr:housenumber": null, "addr:postcode": null, "addr:street": null, "addr:suburb": null, "addr:country": null, "source:addr:postcode": null, "addr:housename": null, "source:name": null, "community_centre": null, "man_made": null }, "geometry": { "type": "Polygon", "coordinates": [ [ [ 434625.089817350555677, 439745.232737606042065 ], [ 434630.43861037917668, 439745.172149817692116 ], [ 434630.381816513312515, 439739.508305356604978 ], [ 434625.026438819302712, 439739.568844596040435 ], [ 434625.089817350555677, 439745.232737606042065 ] ] ] } },
{ "type": "Feature", "properties": { "amenity": null, "building": "house", "denomination": null, "name": null, "ref:GB:uprn": "72257738", "religion": null, "wikidata": null, "osm_type": "way", "osm_id": 690279624, "addr:city": "Leeds", "addr:housenumber": null, "addr:postcode": "LS17 8HD", "addr:street": null, "addr:suburb": null, "addr:country": "GB", "source:addr:postcode": "ONSUD;OS Open UPRN", "addr:housename": null, "source:name": null, "community_centre": null, "man_made": null }, "geometry": { "type": "Polygon", "coordinates": [ [ [ 434613.768381004629191, 439738.083670021034777 ], [ 434606.689354425005149, 439738.15374354715459 ], [ 434606.752097492688335, 439743.906643909518607 ], [ 434606.775944672466721, 439746.020868453430012 ], [ 434613.848381157265976, 439745.950746481656097 ], [ 434613.768381004629191, 439738.083670021034777 ] ] ] } },
{ "type": "Feature", "properties": { "amenity": null, "building": "house", "denomination": null, "name": null, "ref:GB:uprn": "72257740", "religion": null, "wikidata": null, "osm_type": "way", "osm_id": 690279626, "addr:city": null, "addr:housenumber": null, "addr:postcode": null, "addr:street": null, "addr:suburb": null, "addr:country": null, "source:addr:postcode": null, "addr:housename": null, "source:name": null, "community_centre": null, "man_made": null }, "geometry": { "type": "Polygon", "coordinates": [ [ [ 434624.215929935046006, 439737.971752320416272 ], [ 434613.768381004629191, 439738.083670021034777 ], [ 434613.848381157265976, 439745.950746481656097 ], [ 434624.30249065742828, 439745.838877661386505 ], [ 434624.215929935046006, 439737.971752320416272 ] ] ] } },
{ "type": "Feature", "properties": { "amenity": null, "building": "house", "denomination": null, "name": null, "ref:GB:uprn": "72257739", "religion": null, "wikidata": null, "osm_type": "way", "osm_id": 690279627, "addr:city": "Leeds", "addr:housenumber": null, "addr:postcode": "LS17 8HD", "addr:street": null, "addr:suburb": null, "addr:country": "GB", "source:addr:postcode": "ONSUD;OS Open UPRN", "addr:housename": null, "source:name": null, "community_centre": null, "man_made": null }, "geometry": { "type": "Polygon", "coordinates": [ [ [ 434633.360740171803627, 439756.565115381381474 ], [ 434624.689580838487018, 439756.656766393687576 ], [ 434624.771618273167405, 439764.245694265817292 ], [ 434633.442763515573461, 439764.154043458867818 ], [ 434633.360740171803627, 439756.565115381381474 ] ] ] } },
{ "type": "Feature", "properties": { "amenity": null, "building": "house", "denomination": null, "name": null, "ref:GB:uprn": "72257737", "religion": null, "wikidata": null, "osm_type": "way", "osm_id": 690279629, "addr:city": null, "addr:housenumber": null, "addr:postcode": null, "addr:street": null, "addr:suburb": null, "addr:country": null, "source:addr:postcode": null, "addr:housename": null, "source:name": null, "community_centre": null, "man_made": null }, "geometry": { "type": "Polygon", "coordinates": [ [ [ 434643.32138295826735, 439756.460766496486031 ], [ 434633.360740171803627, 439756.565115381381474 ], [ 434633.442763515573461, 439764.154043458867818 ], [ 434643.403390115709044, 439764.049694811110385 ], [ 434643.32138295826735, 439756.460766496486031 ] ] ] } },
{ "type": "Feature", "properties": { "amenity": null, "building": "house", "denomination": null, "name": null, "ref:GB:uprn": "72257736", "religion": null, "wikidata": null, "osm_type": "way", "osm_id": 690279631, "addr:city": "Leeds", "addr:housenumber": null, "addr:postcode": "LS17 8HD", "addr:street": null, "addr:suburb": null, "addr:country": "GB", "source:addr:postcode": "ONSUD;OS Open UPRN", "addr:housename": null, "source:name": null, "community_centre": null, "man_made": null }, "geometry": { "type": "Polygon", "coordinates": [ [ [ 434651.358331752475351, 439755.84150832972955 ], [ 434643.312177416170016, 439755.926622977014631 ], [ 434643.32138295826735, 439756.460766496486031 ], [ 434643.403390115709044, 439764.049694811110385 ], [ 434643.426644265768118, 439766.241801409167238 ], [ 434646.676657450734638, 439766.210212794481777 ], [ 434646.654474932176527, 439763.873468662146479 ], [ 434651.443940239492804, 439763.831020149867982 ], [ 434651.358331752475351, 439755.84150832972955 ] ] ] } },
{ "type": "Feature", "properties": { "amenity": null, "building": "house", "denomination": null, "name": null, "ref:GB:uprn": "72257734", "religion": null, "wikidata": null, "osm_type": "way", "osm_id": 690279633, "addr:city": "Leeds", "addr:housenumber": null, "addr:postcode": "LS17 8HD", "addr:street": null, "addr:suburb": null, "addr:country": "GB", "source:addr:postcode": "ONSUD;OS Open UPRN", "addr:housename": null, "source:name": null, "community_centre": null, "man_made": null }, "geometry": { "type": "Polygon", "coordinates": [ [ [ 434660.299198073218577, 439755.751903044758365 ], [ 434651.358331752475351, 439755.84150832972955 ], [ 434651.443940239492804, 439763.831020149867982 ], [ 434657.305890256364364, 439763.763133976259269 ], [ 434657.322980610071681, 439765.009436496533453 ], [ 434659.632155744475313, 439764.993147153756581 ], [ 434659.62172649835702, 439763.735767344711348 ], [ 434660.384873612376396, 439763.730289127677679 ], [ 434660.299198073218577, 439755.751903044758365 ] ] ] } },
{ "type": "Feature", "properties": { "amenity": null, "building": "garages", "denomination": null, "name": null, "ref:GB:uprn": null, "religion": null, "wikidata": null, "osm_type": "way", "osm_id": 690279636, "addr:city": null, "addr:housenumber": null, "addr:postcode": null, "addr:street": null, "addr:suburb": null, "addr:country": null, "source:addr:postcode": null, "addr:housename": null, "source:name": null, "community_centre": null, "man_made": null }, "geometry": { "type": "Polygon", "coordinates": [ [ [ 434665.644022303284146, 439742.895768856280483 ], [ 434665.685382498719264, 439749.750043186126277 ], [ 434671.816808218893129, 439749.717549574445002 ], [ 434671.775457024748903, 439742.863275154610164 ], [ 434665.644022303284146, 439742.895768856280483 ] ] ] } },
{ "type": "Feature", "properties": { "amenity": null, "building": "house", "denomination": null, "name": null, "ref:GB:uprn": "72257726", "religion": null, "wikidata": null, "osm_type": "way", "osm_id": 690279637, "addr:city": null, "addr:housenumber": null, "addr:postcode": null, "addr:street": null, "addr:suburb": null, "addr:country": null, "source:addr:postcode": null, "addr:housename": null, "source:name": null, "community_centre": null, "man_made": null }, "geometry": { "type": "Polygon", "coordinates": [ [ [ 434649.948972109821625, 439735.602973415167071 ], [ 434649.992331372341141, 439742.190224353340454 ], [ 434658.768440027197357, 439742.143903059069999 ], [ 434658.731671330693644, 439735.556700679007918 ], [ 434657.685657694353722, 439735.5600857634563 ], [ 434657.682793990825303, 439734.16924315947108 ], [ 434650.821087175805587, 439734.207478469936177 ], [ 434650.830531107727438, 439735.598369735409506 ], [ 434649.948972109821625, 439735.602973415167071 ] ] ] } },
{ "type": "Feature", "properties": { "amenity": null, "building": "house", "denomination": null, "name": null, "ref:GB:uprn": "72257724", "religion": null, "wikidata": null, "osm_type": "way", "osm_id": 690279640, "addr:city": null, "addr:housenumber": null, "addr:postcode": null, "addr:street": null, "addr:suburb": null, "addr:country": null, "source:addr:postcode": null, "addr:housename": null, "source:name": null, "community_centre": null, "man_made": null }, "geometry": { "type": "Polygon", "coordinates": [ [ [ 434649.615536136901937, 439726.432211778941564 ], [ 434649.65543866797816, 439733.486753020551987 ], [ 434657.760506235179491, 439733.446591162821278 ], [ 434657.714037753466982, 439726.392001120140776 ], [ 434649.615536136901937, 439726.432211778941564 ] ] ] } },
{ "type": "Feature", "properties": { "amenity": null, "building": "house", "denomination": null, "name": null, "ref:GB:uprn": "72257722", "religion": null, "wikidata": null, "osm_type": "way", "osm_id": 690279642, "addr:city": "Leeds", "addr:housenumber": null, "addr:postcode": "LS17 8HD", "addr:street": null, "addr:suburb": null, "addr:country": "GB", "source:addr:postcode": "ONSUD;OS Open UPRN", "addr:housename": null, "source:name": null, "community_centre": null, "man_made": null }, "geometry": { "type": "Polygon", "coordinates": [ [ [ 434657.703781479853205, 439724.222243846976198 ], [ 434659.605046030716039, 439724.21406198584009 ], [ 434659.587892463838216, 439721.198634255444631 ], [ 434657.68662668496836, 439721.20681612927001 ], [ 434657.669471831351984, 439718.191388423671015 ], [ 434649.564295460120775, 439718.242676505702548 ], [ 434649.615536136901937, 439726.432211778941564 ], [ 434657.714037753466982, 439726.392001120140776 ], [ 434657.703781479853205, 439724.222243846976198 ] ] ] } },
{ "type": "Feature", "properties": { "amenity": null, "building": "house", "denomination": null, "name": null, "ref:GB:uprn": "72257717", "religion": null, "wikidata": null, "osm_type": "way", "osm_id": 690279644, "addr:city": "Leeds", "addr:housenumber": null, "addr:postcode": "LS17 8HD", "addr:street": null, "addr:suburb": null, "addr:country": "GB", "source:addr:postcode": "ONSUD;OS Open UPRN", "addr:housename": null, "source:name": null, "community_centre": null, "man_made": null }, "geometry": { "type": "Polygon", "coordinates": [ [ [ 434662.004721960169263, 439706.640714267967269 ], [ 434661.957362815563101, 439698.818384426995181 ], [ 434652.293028437532485, 439698.869254626799375 ], [ 434652.34763261693297, 439707.492750887409784 ], [ 434658.347631409822498, 439707.44813987868838 ], [ 434658.372910383273847, 439712.032474161940627 ], [ 434664.576745872618631, 439712.000506382784806 ], [ 434664.544163884129375, 439706.626131396507844 ], [ 434662.004721960169263, 439706.640714267967269 ] ] ] } },
{ "type": "Feature", "properties": { "amenity": null, "building": "house", "denomination": null, "name": null, "ref:GB:uprn": "72126460", "religion": null, "wikidata": null, "osm_type": "way", "osm_id": 690281193, "addr:city": null, "addr:housenumber": null, "addr:postcode": null, "addr:street": null, "addr:suburb": null, "addr:country": null, "source:addr:postcode": null, "addr:housename": null, "source:name": null, "community_centre": null, "man_made": null }, "geometry": { "type": "Polygon", "coordinates": [ [ [ 434464.461007106117904, 439815.969961293041706 ], [ 434465.308022213110235, 439818.86910263763275 ], [ 434468.22191484371433, 439818.022676986525767 ], [ 434469.466694033064414, 439822.293314690585248 ], [ 434476.89646932593314, 439820.133822054602206 ], [ 434473.059596696286462, 439806.953972457209602 ], [ 434457.942978876351845, 439811.337849880335853 ], [ 434459.69466491707135, 439817.347959277685732 ], [ 434464.461007106117904, 439815.969961293041706 ] ] ] } },
{ "type": "Feature", "properties": { "amenity": null, "building": "yes", "denomination": null, "name": null, "ref:GB:uprn": "72679965", "religion": null, "wikidata": null, "osm_type": "way", "osm_id": 690281195, "addr:city": null, "addr:housenumber": null, "addr:postcode": null, "addr:street": null, "addr:suburb": null, "addr:country": null, "source:addr:postcode": null, "addr:housename": null, "source:name": null, "community_centre": null, "man_made": null }, "geometry": { "type": "Polygon", "coordinates": [ [ [ 434438.852801697212271, 439796.966540566878393 ], [ 434434.208650306798518, 439798.723766527255066 ], [ 434438.29362714040326, 439809.490942302625626 ], [ 434442.931191396550275, 439807.733672029455192 ], [ 434438.852801697212271, 439796.966540566878393 ] ] ] } },
{ "type": "Feature", "properties": { "amenity": null, "building": "yes", "denomination": null, "name": null, "ref:GB:uprn": null, "religion": null, "wikidata": null, "osm_type": "way", "osm_id": 690281197, "addr:city": null, "addr:housenumber": null, "addr:postcode": null, "addr:street": null, "addr:suburb": null, "addr:country": null, "source:addr:postcode": null, "addr:housename": null, "source:name": null, "community_centre": null, "man_made": null }, "geometry": { "type": "Polygon", "coordinates": [ [ [ 434453.234220098005608, 439820.983317604521289 ], [ 434452.551842999237124, 439818.953262015478685 ], [ 434438.623785208095796, 439823.635236670728773 ], [ 434435.726655855309218, 439815.046475366689265 ], [ 434429.448463172477204, 439817.158867001067847 ], [ 434434.199913435266353, 439831.224403411149979 ], [ 434439.871354164381046, 439829.318960755015723 ], [ 434440.592467007169034, 439831.449438465293497 ], [ 434445.380159922176972, 439829.849046873743646 ], [ 434446.365159448236227, 439832.771452829823829 ], [ 434463.28058905643411, 439827.087841526721604 ], [ 434461.226893754675984, 439820.997622149996459 ], [ 434458.793448387994431, 439821.814207745832391 ], [ 434457.975799838895909, 439819.3937260909006 ], [ 434453.234220098005608, 439820.983317604521289 ] ] ] } },
{ "type": "Feature", "properties": { "amenity": null, "building": "house", "denomination": null, "name": null, "ref:GB:uprn": "72126464", "religion": null, "wikidata": null, "osm_type": "way", "osm_id": 690281200, "addr:city": "Leeds", "addr:housenumber": null, "addr:postcode": "LS17 8JB", "addr:street": null, "addr:suburb": null, "addr:country": "GB", "source:addr:postcode": "ONSUD;OS Open UPRN", "addr:housename": null, "source:name": null, "community_centre": null, "man_made": null }, "geometry": { "type": "Polygon", "coordinates": [ [ [ 434450.977014219330158, 439776.382558177225292 ], [ 434450.720506228797603, 439779.952298977877945 ], [ 434458.347605704388116, 439780.486857069423422 ], [ 434471.945018395374063, 439778.739919659798034 ], [ 434470.557290775177535, 439767.97031441796571 ], [ 434455.530918575939722, 439769.907020449405536 ], [ 434455.260104539280292, 439773.632427679025568 ], [ 434453.386156199907418, 439773.507374713779427 ], [ 434453.437114437925629, 439772.840155638521537 ], [ 434449.275122085702606, 439772.542499451898038 ], [ 434449.011136820190586, 439776.234577537630685 ], [ 434450.977014219330158, 439776.382558177225292 ] ] ] } },
{ "type": "Feature", "properties": { "amenity": null, "building": "house", "denomination": null, "name": null, "ref:GB:uprn": null, "religion": null, "wikidata": null, "osm_type": "way", "osm_id": 690281202, "addr:city": null, "addr:housenumber": null, "addr:postcode": null, "addr:street": null, "addr:suburb": null, "addr:country": null, "source:addr:postcode": null, "addr:housename": null, "source:name": null, "community_centre": null, "man_made": null }, "geometry": { "type": "Polygon", "coordinates": [ [ [ 434425.311317330226302, 439791.114540211390704 ], [ 434422.185081991949119, 439791.314091059146449 ], [ 434422.52143263083417, 439796.568302554427646 ], [ 434432.650441210367717, 439795.919540976407006 ], [ 434432.166092124185525, 439788.4278006516397 ], [ 434433.693031376053113, 439788.327762275468558 ], [ 434433.439378222974483, 439784.353713071788661 ], [ 434431.912437679246068, 439784.453751533059403 ], [ 434431.616989693546202, 439779.900813745101914 ], [ 434424.620848975901026, 439780.338948737364262 ], [ 434425.311317330226302, 439791.114540211390704 ] ] ] } },
{ "type": "Feature", "properties": { "amenity": null, "building": "house", "denomination": null, "name": null, "ref:GB:uprn": "72076245", "religion": null, "wikidata": null, "osm_type": "way", "osm_id": 690281204, "addr:city": "Leeds", "addr:housenumber": null, "addr:postcode": "LS17 8HR", "addr:street": null, "addr:suburb": null, "addr:country": "GB", "source:addr:postcode": "ONSUD;OS Open UPRN", "addr:housename": null, "source:name": null, "community_centre": null, "man_made": null }, "geometry": { "type": "Polygon", "coordinates": [ [ [ 434401.856439534923993, 439798.64176140690688 ], [ 434402.054557349940296, 439799.433202969259582 ], [ 434410.008949048875365, 439797.499989173142239 ], [ 434408.507895013375673, 439791.391601847717538 ], [ 434404.01337241003057, 439792.482363257789984 ], [ 434402.844398888759315, 439787.733858553343453 ], [ 434392.636032324691769, 439790.229111939086579 ], [ 434394.13702575978823, 439796.348620031028986 ], [ 434397.919881730806082, 439795.419520179624669 ], [ 434398.890821620239876, 439799.365456291707233 ], [ 434401.856439534923993, 439798.64176140690688 ] ] ] } },
{ "type": "Feature", "properties": { "amenity": null, "building": "garage", "denomination": null, "name": null, "ref:GB:uprn": null, "religion": null, "wikidata": null, "osm_type": "way", "osm_id": 690281206, "addr:city": null, "addr:housenumber": null, "addr:postcode": null, "addr:street": null, "addr:suburb": null, "addr:country": null, "source:addr:postcode": null, "addr:housename": null, "source:name": null, "community_centre": null, "man_made": null }, "geometry": { "type": "Polygon", "coordinates": [ [ [ 434421.930929766094778, 439807.990945413592272 ], [ 434416.803697642637417, 439809.243942194501869 ], [ 434418.132278440170921, 439814.650091237039305 ], [ 434423.259505025693215, 439813.397095928899944 ], [ 434421.930929766094778, 439807.990945413592272 ] ] ] } },
{ "type": "Feature", "properties": { "amenity": null, "building": "house", "denomination": null, "name": null, "ref:GB:uprn": "72076244", "religion": null, "wikidata": null, "osm_type": "way", "osm_id": 690281209, "addr:city": "Leeds", "addr:housenumber": null, "addr:postcode": "LS17 8HR", "addr:street": null, "addr:suburb": null, "addr:country": "GB", "source:addr:postcode": "ONSUD;OS Open UPRN", "addr:housename": null, "source:name": null, "community_centre": null, "man_made": null }, "geometry": { "type": "Polygon", "coordinates": [ [ [ 434409.650867199467029, 439811.316552747855894 ], [ 434397.53139303374337, 439814.276195104932413 ], [ 434399.824513615225442, 439823.605974845122546 ], [ 434404.160968437441625, 439822.536301546380855 ], [ 434405.291525573993567, 439827.13987934216857 ], [ 434413.331631695094984, 439825.173921685433015 ], [ 434411.313301989401225, 439816.947684234939516 ], [ 434415.194979492633138, 439815.99707153683994 ], [ 434413.936628741736058, 439810.880730172037147 ], [ 434415.162440439278726, 439810.578194716363214 ], [ 434413.131278023065533, 439802.307356126024388 ], [ 434407.760244199889712, 439803.614204107318074 ], [ 434409.650867199467029, 439811.316552747855894 ] ] ] } },
{ "type": "Feature", "properties": { "amenity": null, "building": "house", "denomination": null, "name": null, "ref:GB:uprn": "72076257", "religion": null, "wikidata": null, "osm_type": "way", "osm_id": 690281883, "addr:city": "Leeds", "addr:housenumber": null, "addr:postcode": "LS17 8HR", "addr:street": null, "addr:suburb": null, "addr:country": "GB", "source:addr:postcode": "ONSUD;OS Open UPRN", "addr:housename": null, "source:name": null, "community_centre": null, "man_made": null }, "geometry": { "type": "Polygon", "coordinates": [ [ [ 434410.073908242105972, 439708.977515850099735 ], [ 434411.057452931476291, 439709.418678766349331 ], [ 434412.808989098644815, 439705.615137722692452 ], [ 434414.644841786066536, 439706.451994226197712 ], [ 434415.92838360107271, 439703.668659118236974 ], [ 434417.528156267711893, 439704.403642733697779 ], [ 434420.73048194689909, 439697.439696289366111 ], [ 434407.158408952411264, 439691.231478117057122 ], [ 434399.463525513245258, 439707.964934462332167 ], [ 434402.64341950812377, 439709.423620022484101 ], [ 434401.60720421053702, 439711.674700459348969 ], [ 434407.573598994582426, 439714.411161397118121 ], [ 434410.073908242105972, 439708.977515850099735 ] ] ] } },
{ "type": "Feature", "properties": { "amenity": null, "building": "yes", "denomination": null, "name": null, "ref:GB:uprn": null, "religion": null, "wikidata": null, "osm_type": "way", "osm_id": 690281884, "addr:city": null, "addr:housenumber": null, "addr:postcode": null, "addr:street": null, "addr:suburb": null, "addr:country": null, "source:addr:postcode": null, "addr:housename": null, "source:name": null, "community_centre": null, "man_made": null }, "geometry": { "type": "Polygon", "coordinates": [ [ [ 434444.138507914030924, 439689.200120299006812 ], [ 434444.05809115676675, 439693.872686052229255 ], [ 434447.116728074033745, 439693.928562903078273 ], [ 434447.140687217761297, 439692.460032571223564 ], [ 434448.640444962598849, 439692.482191020972095 ], [ 434448.616730872599874, 439693.917343459441327 ], [ 434451.780619606957771, 439693.973997596069239 ], [ 434451.860880396794528, 439689.323683868860826 ], [ 434444.138507914030924, 439689.200120299006812 ] ] ] } },
{ "type": "Feature", "properties": { "amenity": null, "building": "house", "denomination": null, "name": null, "ref:GB:uprn": null, "religion": null, "wikidata": null, "osm_type": "way", "osm_id": 690281885, "addr:city": null, "addr:housenumber": null, "addr:postcode": null, "addr:street": null, "addr:suburb": null, "addr:country": null, "source:addr:postcode": null, "addr:housename": null, "source:name": null, "community_centre": null, "man_made": null }, "geometry": { "type": "Polygon", "coordinates": [ [ [ 434462.456563819374423, 439697.702062060474418 ], [ 434461.326025614864193, 439690.416968957288191 ], [ 434454.382916802656837, 439689.887439906946383 ], [ 434455.75189686001977, 439698.743131216149777 ], [ 434462.456563819374423, 439697.702062060474418 ] ] ] } },
{ "type": "Feature", "properties": { "amenity": null, "building": "house", "denomination": null, "name": null, "ref:GB:uprn": "72126472", "religion": null, "wikidata": null, "osm_type": "way", "osm_id": 690281886, "addr:city": null, "addr:housenumber": null, "addr:postcode": null, "addr:street": null, "addr:suburb": null, "addr:country": null, "source:addr:postcode": null, "addr:housename": null, "source:name": null, "community_centre": null, "man_made": null }, "geometry": { "type": "Polygon", "coordinates": [ [ [ 434455.443945358914789, 439708.409850734751672 ], [ 434456.090722729975823, 439712.598198007559404 ], [ 434464.560379086062312, 439711.291954320156947 ], [ 434463.913609098119196, 439707.10360585001763 ], [ 434455.443945358914789, 439708.409850734751672 ] ] ] } },
{ "type": "Feature", "properties": { "amenity": null, "building": "house", "denomination": null, "name": null, "ref:GB:uprn": "72126474", "religion": null, "wikidata": null, "osm_type": "way", "osm_id": 690281887, "addr:city": null, "addr:housenumber": null, "addr:postcode": null, "addr:street": null, "addr:suburb": null, "addr:country": null, "source:addr:postcode": null, "addr:housename": null, "source:name": null, "community_centre": null, "man_made": null }, "geometry": { "type": "Polygon", "coordinates": [ [ [ 434463.14733726833947, 439702.168898199568503 ], [ 434462.456563819374423, 439697.702062060474418 ], [ 434455.75189686001977, 439698.743131216149777 ], [ 434452.972607591887936, 439699.167746092891321 ], [ 434453.663471711159218, 439703.62345484085381 ], [ 434463.14733726833947, 439702.168898199568503 ] ] ] } },
{ "type": "Feature", "properties": { "amenity": null, "building": "house", "denomination": null, "name": null, "ref:GB:uprn": "72126466", "religion": null, "wikidata": null, "osm_type": "way", "osm_id": 690281888, "addr:city": null, "addr:housenumber": null, "addr:postcode": null, "addr:street": null, "addr:suburb": null, "addr:country": null, "source:addr:postcode": null, "addr:housename": null, "source:name": null, "community_centre": null, "man_made": null }, "geometry": { "type": "Polygon", "coordinates": [ [ [ 434456.451753524306696, 439721.646752141881734 ], [ 434457.142692463472486, 439726.091335615725257 ], [ 434466.626595554407686, 439724.625660207355395 ], [ 434465.935665386263281, 439720.181075303233229 ], [ 434456.451753524306696, 439721.646752141881734 ] ] ] } },
{ "type": "Feature", "properties": { "amenity": null, "building": "house", "denomination": null, "name": null, "ref:GB:uprn": "72126468", "religion": null, "wikidata": null, "osm_type": "way", "osm_id": 690281889, "addr:city": null, "addr:housenumber": null, "addr:postcode": null, "addr:street": null, "addr:suburb": null, "addr:country": null, "source:addr:postcode": null, "addr:housename": null, "source:name": null, "community_centre": null, "man_made": null }, "geometry": { "type": "Polygon", "coordinates": [ [ [ 434455.767391400353517, 439717.202217202167958 ], [ 434456.451753524306696, 439721.646752141881734 ], [ 434465.935665386263281, 439720.181075303233229 ], [ 434465.244733824336436, 439715.736490537296049 ], [ 434455.767391400353517, 439717.202217202167958 ] ] ] } },
{ "type": "Feature", "properties": { "amenity": null, "building": "house", "denomination": null, "name": null, "ref:GB:uprn": "72126469", "religion": null, "wikidata": null, "osm_type": "way", "osm_id": 690281890, "addr:city": null, "addr:housenumber": null, "addr:postcode": null, "addr:street": null, "addr:suburb": null, "addr:country": null, "source:addr:postcode": null, "addr:housename": null, "source:name": null, "community_centre": null, "man_made": null }, "geometry": { "type": "Polygon", "coordinates": [ [ [ 434455.076449680025689, 439712.757634001551196 ], [ 434455.767391400353517, 439717.202217202167958 ], [ 434465.244733824336436, 439715.736490537296049 ], [ 434464.560379086062312, 439711.291954320156947 ], [ 434456.090722729975823, 439712.598198007559404 ], [ 434455.076449680025689, 439712.757634001551196 ] ] ] } },
{ "type": "Feature", "properties": { "amenity": null, "building": "house", "denomination": null, "name": null, "ref:GB:uprn": "72126473", "religion": null, "wikidata": null, "osm_type": "way", "osm_id": 690281891, "addr:city": null, "addr:housenumber": null, "addr:postcode": null, "addr:street": null, "addr:suburb": null, "addr:country": null, "source:addr:postcode": null, "addr:housename": null, "source:name": null, "community_centre": null, "man_made": null }, "geometry": { "type": "Polygon", "coordinates": [ [ [ 434463.913609098119196, 439707.10360585001763 ], [ 434463.14733726833947, 439702.168898199568503 ], [ 434453.663471711159218, 439703.62345484085381 ], [ 434454.429671425255947, 439708.569286869606003 ], [ 434455.443945358914789, 439708.409850734751672 ], [ 434463.913609098119196, 439707.10360585001763 ] ] ] } },
{ "type": "Feature", "properties": { "amenity": null, "building": "house", "denomination": null, "name": null, "ref:GB:uprn": null, "religion": null, "wikidata": null, "osm_type": "way", "osm_id": 690281892, "addr:city": null, "addr:housenumber": null, "addr:postcode": null, "addr:street": null, "addr:suburb": null, "addr:country": null, "source:addr:postcode": null, "addr:housename": null, "source:name": null, "community_centre": null, "man_made": null }, "geometry": { "type": "Polygon", "coordinates": [ [ [ 434437.294763104175217, 439707.363976268912666 ], [ 434437.122714498837013, 439706.606104693724774 ], [ 434432.384791213378776, 439707.683923228876665 ], [ 434433.767844244139269, 439713.735817034961656 ], [ 434446.261578675184865, 439710.912537652882747 ], [ 434445.057248373224866, 439705.60743439628277 ], [ 434437.294763104175217, 439707.363976268912666 ] ] ] } },
{ "type": "Feature", "properties": { "amenity": null, "building": "house", "denomination": null, "name": null, "ref:GB:uprn": "72676693", "religion": null, "wikidata": null, "osm_type": "way", "osm_id": 690281893, "addr:city": "Leeds", "addr:housenumber": null, "addr:postcode": "LS17 8JB", "addr:street": null, "addr:suburb": null, "addr:country": "GB", "source:addr:postcode": "ONSUD;OS Open UPRN", "addr:housename": null, "source:name": null, "community_centre": null, "man_made": null }, "geometry": { "type": "Polygon", "coordinates": [ [ [ 434443.606928985973354, 439749.847117828321643 ], [ 434430.869417321693618, 439752.735370364855044 ], [ 434432.730276034795679, 439760.904824869940057 ], [ 434445.467766710382421, 439758.016577462549321 ], [ 434443.606928985973354, 439749.847117828321643 ] ] ] } },
{ "type": "Feature", "properties": { "amenity": null, "building": "garage", "denomination": null, "name": null, "ref:GB:uprn": null, "religion": null, "wikidata": null, "osm_type": "way", "osm_id": 690281894, "addr:city": null, "addr:housenumber": null, "addr:postcode": null, "addr:street": null, "addr:suburb": null, "addr:country": null, "source:addr:postcode": null, "addr:housename": null, "source:name": null, "community_centre": null, "man_made": null }, "geometry": { "type": "Polygon", "coordinates": [ [ [ 434398.816384467936587, 439744.121514536323957 ], [ 434398.198242320097052, 439741.402092359610833 ], [ 434393.341711386106908, 439742.512458574026823 ], [ 434393.959937909850851, 439745.220754137728363 ], [ 434398.816384467936587, 439744.121514536323957 ] ] ] } },
{ "type": "Feature", "properties": { "amenity": null, "building": "garage", "denomination": null, "name": null, "ref:GB:uprn": null, "religion": null, "wikidata": null, "osm_type": "way", "osm_id": 690281895, "addr:city": null, "addr:housenumber": null, "addr:postcode": null, "addr:street": null, "addr:suburb": null, "addr:country": null, "source:addr:postcode": null, "addr:housename": null, "source:name": null, "community_centre": null, "man_made": null }, "geometry": { "type": "Polygon", "coordinates": [ [ [ 434399.441104033845477, 439746.840985128190368 ], [ 434398.816384467936587, 439744.121514536323957 ], [ 434393.959937909850851, 439745.220754137728363 ], [ 434394.578081973246299, 439747.940175761468709 ], [ 434399.441104033845477, 439746.840985128190368 ] ] ] } },
{ "type": "Feature", "properties": { "amenity": null, "building": "house", "denomination": null, "name": null, "ref:GB:uprn": "72076252", "religion": null, "wikidata": null, "osm_type": "way", "osm_id": 690281896, "addr:city": "Leeds", "addr:housenumber": null, "addr:postcode": "LS17 8HR", "addr:street": null, "addr:suburb": null, "addr:country": "GB", "source:addr:postcode": "ONSUD;OS Open UPRN", "addr:housename": null, "source:name": null, "community_centre": null, "man_made": null }, "geometry": { "type": "Polygon", "coordinates": [ [ [ 434380.557614345394541, 439739.203009979566559 ], [ 434382.023381530714687, 439745.644925083732232 ], [ 434390.8467463349225, 439743.640171804116108 ], [ 434389.380908911698498, 439737.209379870328121 ], [ 434380.557614345394541, 439739.203009979566559 ] ] ] } },
{ "type": "Feature", "properties": { "amenity": null, "building": "house", "denomination": null, "name": null, "ref:GB:uprn": "72076254", "religion": null, "wikidata": null, "osm_type": "way", "osm_id": 690281897, "addr:city": "Leeds", "addr:housenumber": null, "addr:postcode": "LS17 8HR", "addr:street": null, "addr:suburb": null, "addr:country": "GB", "source:addr:postcode": "ONSUD;OS Open UPRN", "addr:housename": null, "source:name": null, "community_centre": null, "man_made": null }, "geometry": { "type": "Polygon", "coordinates": [ [ [ 434379.091761276533362, 439732.772221378632821 ], [ 434380.557614345394541, 439739.203009979566559 ], [ 434389.380908911698498, 439737.209379870328121 ], [ 434387.915148987725843, 439730.767462508170865 ], [ 434379.091761276533362, 439732.772221378632821 ] ] ] } },
{ "type": "Feature", "properties": { "amenity": null, "building": "house", "denomination": null, "name": null, "ref:GB:uprn": "72076249", "religion": null, "wikidata": null, "osm_type": "way", "osm_id": 690281898, "addr:city": "Leeds", "addr:housenumber": null, "addr:postcode": "LS17 8HR", "addr:street": null, "addr:suburb": null, "addr:country": "GB", "source:addr:postcode": "ONSUD;OS Open UPRN", "addr:housename": null, "source:name": null, "community_centre": null, "man_made": null }, "geometry": { "type": "Polygon", "coordinates": [ [ [ 434396.88227232650388, 439764.724832342239097 ], [ 434387.821804693841841, 439766.772339043905959 ], [ 434390.135399499442428, 439776.903375877649523 ], [ 434399.189270488917828, 439774.855825389269739 ], [ 434396.88227232650388, 439764.724832342239097 ] ] ] } },
{ "type": "Feature", "properties": { "amenity": null, "building": "house", "denomination": null, "name": null, "ref:GB:uprn": "72076251", "religion": null, "wikidata": null, "osm_type": "way", "osm_id": 690281899, "addr:city": "Leeds", "addr:housenumber": null, "addr:postcode": "LS17 8HR", "addr:street": null, "addr:suburb": null, "addr:country": "GB", "source:addr:postcode": "ONSUD;OS Open UPRN", "addr:housename": null, "source:name": null, "community_centre": null, "man_made": null }, "geometry": { "type": "Polygon", "coordinates": [ [ [ 434393.464495420339517, 439755.353415665682405 ], [ 434391.985917787591461, 439748.86689632886555 ], [ 434382.819926122785546, 439750.947017741156742 ], [ 434384.298515746777412, 439757.433534149429761 ], [ 434393.464495420339517, 439755.353415665682405 ] ] ] } },
{ "type": "Feature", "properties": { "amenity": null, "building": "house", "denomination": null, "name": null, "ref:GB:uprn": "72076250", "religion": null, "wikidata": null, "osm_type": "way", "osm_id": 690281900, "addr:city": "Leeds", "addr:housenumber": null, "addr:postcode": "LS17 8HR", "addr:street": null, "addr:suburb": null, "addr:country": "GB", "source:addr:postcode": "ONSUD;OS Open UPRN", "addr:housename": null, "source:name": null, "community_centre": null, "man_made": null }, "geometry": { "type": "Polygon", "coordinates": [ [ [ 434394.942987065063789, 439761.851061518536881 ], [ 434393.464495420339517, 439755.353415665682405 ], [ 434384.298515746777412, 439757.433534149429761 ], [ 434385.777101098501589, 439763.920051107183099 ], [ 434394.942987065063789, 439761.851061518536881 ] ] ] } },
{ "type": "Feature", "properties": { "amenity": null, "building": "yes", "denomination": null, "name": null, "ref:GB:uprn": "72126430", "religion": null, "wikidata": null, "osm_type": "way", "osm_id": 690534505, "addr:city": null, "addr:housenumber": null, "addr:postcode": null, "addr:street": null, "addr:suburb": null, "addr:country": null, "source:addr:postcode": null, "addr:housename": null, "source:name": null, "community_centre": null, "man_made": null }, "geometry": { "type": "Polygon", "coordinates": [ [ [ 434234.468772927764803, 439842.611196865676902 ], [ 434235.75066331087146, 439850.831970852683298 ], [ 434240.360727330902591, 439850.120196308474988 ], [ 434241.09594402264338, 439854.832107818918303 ], [ 434238.626260393939447, 439855.214606715599075 ], [ 434238.054586130310781, 439851.527535012573935 ], [ 434235.01845945243258, 439852.006033543380909 ], [ 434236.136801088170614, 439859.201968448003754 ], [ 434250.118511340639088, 439857.034388310159557 ], [ 434249.565603975730482, 439853.480971089447848 ], [ 434251.330627974646632, 439853.20458961406257 ], [ 434249.659317984886002, 439842.466359846992418 ], [ 434247.887712012568954, 439842.74269385531079 ], [ 434247.554861492710188, 439840.581706587225199 ], [ 434234.468772927764803, 439842.611196865676902 ] ] ] } },
{ "type": "Feature", "properties": { "amenity": null, "building": "house", "denomination": null, "name": null, "ref:GB:uprn": "72126425", "religion": null, "wikidata": null, "osm_type": "way", "osm_id": 690534507, "addr:city": "Leeds", "addr:housenumber": null, "addr:postcode": "LS17 8HN", "addr:street": null, "addr:suburb": null, "addr:country": "GB", "source:addr:postcode": "ONSUD;OS Open UPRN", "addr:housename": null, "source:name": null, "community_centre": null, "man_made": null }, "geometry": { "type": "Polygon", "coordinates": [ [ [ 434183.320921012724284, 439858.960785611881875 ], [ 434188.354965076432563, 439858.741623410955071 ], [ 434188.141227267624345, 439853.777616906794719 ], [ 434190.654922544490546, 439853.673576687113382 ], [ 434190.283320810412988, 439845.103411872987635 ], [ 434186.433712885540444, 439845.275585740339011 ], [ 434186.28794378467137, 439841.814161294372752 ], [ 434182.583131240564398, 439841.976268826401792 ], [ 434183.320921012724284, 439858.960785611881875 ] ] ] } },
{ "type": "Feature", "properties": { "amenity": null, "building": "house", "denomination": null, "name": null, "ref:GB:uprn": "72126426", "religion": null, "wikidata": null, "osm_type": "way", "osm_id": 690534509, "addr:city": "Leeds", "addr:housenumber": null, "addr:postcode": "LS17 8HN", "addr:street": null, "addr:suburb": null, "addr:country": "GB", "source:addr:postcode": "ONSUD;OS Open UPRN", "addr:housename": null, "source:name": null, "community_centre": null, "man_made": null }, "geometry": { "type": "Polygon", "coordinates": [ [ [ 434197.837658511067275, 439844.780268791364506 ], [ 434190.283320810412988, 439845.103411872987635 ], [ 434190.654922544490546, 439853.673576687113382 ], [ 434193.175195963820443, 439853.569585852557793 ], [ 434193.389009673439432, 439858.522466638009064 ], [ 434198.423054803861305, 439858.303315290831961 ], [ 434197.837658511067275, 439844.780268791364506 ] ] ] } },
{ "type": "Feature", "properties": { "amenity": null, "building": "garage", "denomination": null, "name": null, "ref:GB:uprn": null, "religion": null, "wikidata": null, "osm_type": "way", "osm_id": 690534510, "addr:city": null, "addr:housenumber": null, "addr:postcode": null, "addr:street": null, "addr:suburb": null, "addr:country": null, "source:addr:postcode": null, "addr:housename": null, "source:name": null, "community_centre": null, "man_made": null }, "geometry": { "type": "Polygon", "coordinates": [ [ [ 434197.642520459368825, 439841.774672371800989 ], [ 434200.379956811084412, 439841.661144633661024 ], [ 434200.114828635356389, 439835.628612438216805 ], [ 434197.377307509887032, 439835.753266309387982 ], [ 434197.642520459368825, 439841.774672371800989 ] ] ] } },
{ "type": "Feature", "properties": { "amenity": null, "building": "garage", "denomination": null, "name": null, "ref:GB:uprn": null, "religion": null, "wikidata": null, "osm_type": "way", "osm_id": 690534512, "addr:city": null, "addr:housenumber": null, "addr:postcode": null, "addr:street": null, "addr:suburb": null, "addr:country": null, "source:addr:postcode": null, "addr:housename": null, "source:name": null, "community_centre": null, "man_made": null }, "geometry": { "type": "Polygon", "coordinates": [ [ [ 434178.243336314801127, 439842.612187008722685 ], [ 434181.132147494761739, 439842.488626226549968 ], [ 434180.895580718235578, 439837.046011551865377 ], [ 434178.006766180624254, 439837.169572490616702 ], [ 434178.243336314801127, 439842.612187008722685 ] ] ] } },
{ "type": "Feature", "properties": { "amenity": null, "building": "garage", "denomination": null, "name": null, "ref:GB:uprn": null, "religion": null, "wikidata": null, "osm_type": "way", "osm_id": 690534513, "addr:city": null, "addr:housenumber": null, "addr:postcode": null, "addr:street": null, "addr:suburb": null, "addr:country": null, "source:addr:postcode": null, "addr:housename": null, "source:name": null, "community_centre": null, "man_made": null }, "geometry": { "type": "Polygon", "coordinates": [ [ [ 434175.361103338247631, 439842.735797584755346 ], [ 434178.243336314801127, 439842.612187008722685 ], [ 434178.006766180624254, 439837.169572490616702 ], [ 434175.124529853928834, 439837.293183224508539 ], [ 434175.361103338247631, 439842.735797584755346 ] ] ] } },
{ "type": "Feature", "properties": { "amenity": null, "building": "house", "denomination": null, "name": null, "ref:GB:uprn": "72126423", "religion": null, "wikidata": null, "osm_type": "way", "osm_id": 690534515, "addr:city": "Leeds", "addr:housenumber": null, "addr:postcode": "LS17 8HN", "addr:street": null, "addr:suburb": null, "addr:country": "GB", "source:addr:postcode": "ONSUD;OS Open UPRN", "addr:housename": null, "source:name": null, "community_centre": null, "man_made": null }, "geometry": { "type": "Polygon", "coordinates": [ [ [ 434174.448711487231776, 439846.067107322975062 ], [ 434166.894377910939511, 439846.390288247144781 ], [ 434167.266022419906221, 439854.960451050428674 ], [ 434169.786375664116349, 439854.845321619766764 ], [ 434170.000132913002744, 439859.809327217633836 ], [ 434175.034175275941379, 439859.590150654665194 ], [ 434174.87629786512116, 439855.983992930268869 ], [ 434177.265009351249319, 439855.879033425007947 ], [ 434176.988969985977747, 439849.534879412734881 ], [ 434174.600255263736472, 439849.639839070267044 ], [ 434174.448711487231776, 439846.067107322975062 ] ] ] } },
{ "type": "Feature", "properties": { "amenity": null, "building": "house", "denomination": null, "name": null, "ref:GB:uprn": "72126421", "religion": null, "wikidata": null, "osm_type": "way", "osm_id": 690534517, "addr:city": "Leeds", "addr:housenumber": null, "addr:postcode": "LS17 8HN", "addr:street": null, "addr:suburb": null, "addr:country": "GB", "source:addr:postcode": "ONSUD;OS Open UPRN", "addr:housename": null, "source:name": null, "community_centre": null, "man_made": null }, "geometry": { "type": "Polygon", "coordinates": [ [ [ 434159.346623542020097, 439846.713529377593659 ], [ 434159.932130945497192, 439860.236570657347329 ], [ 434164.966091083479114, 439860.028509207186289 ], [ 434164.752328498056158, 439855.064503859961405 ], [ 434167.266022419906221, 439854.960451050428674 ], [ 434166.894377910939511, 439846.390288247144781 ], [ 434159.346623542020097, 439846.713529377593659 ] ] ] } },
{ "type": "Feature", "properties": { "amenity": null, "building": "house", "denomination": null, "name": null, "ref:GB:uprn": "72126417", "religion": null, "wikidata": null, "osm_type": "way", "osm_id": 690534518, "addr:city": "Leeds", "addr:housenumber": null, "addr:postcode": "LS17 8HN", "addr:street": null, "addr:suburb": null, "addr:country": "GB", "source:addr:postcode": "ONSUD;OS Open UPRN", "addr:housename": null, "source:name": null, "community_centre": null, "man_made": null }, "geometry": { "type": "Polygon", "coordinates": [ [ [ 434136.861856664298102, 439861.136491566314362 ], [ 434141.895895640947856, 439860.917279270128347 ], [ 434141.682027476897929, 439855.964401033706963 ], [ 434144.195801381836645, 439855.849209834006615 ], [ 434143.824033517856151, 439847.290174987050705 ], [ 434139.981088671833277, 439847.451309149037115 ], [ 434139.851531596388668, 439844.468446760205552 ], [ 434136.14672318281373, 439844.630591140710749 ], [ 434136.861856664298102, 439861.136491566314362 ] ] ] } },
{ "type": "Feature", "properties": { "amenity": null, "building": "house", "denomination": null, "name": null, "ref:GB:uprn": "72126419", "religion": null, "wikidata": null, "osm_type": "way", "osm_id": 690534520, "addr:city": null, "addr:housenumber": null, "addr:postcode": null, "addr:street": null, "addr:suburb": null, "addr:country": null, "source:addr:postcode": null, "addr:housename": null, "source:name": null, "community_centre": null, "man_made": null }, "geometry": { "type": "Polygon", "coordinates": [ [ [ 434151.378363623516634, 439846.966956734424457 ], [ 434143.824033517856151, 439847.290174987050705 ], [ 434144.195801381836645, 439855.849209834006615 ], [ 434146.716072311392054, 439855.7451939182356 ], [ 434146.929854023619555, 439860.709198373253457 ], [ 434151.963894054992124, 439860.489996932912618 ], [ 434151.378363623516634, 439846.966956734424457 ] ] ] } },
{ "type": "Feature", "properties": { "amenity": null, "building": "house", "denomination": null, "name": null, "ref:GB:uprn": "72126415", "religion": null, "wikidata": null, "osm_type": "way", "osm_id": 690534522, "addr:city": "Leeds", "addr:housenumber": null, "addr:postcode": "LS17 8HN", "addr:street": null, "addr:suburb": null, "addr:country": "GB", "source:addr:postcode": "ONSUD;OS Open UPRN", "addr:housename": null, "source:name": null, "community_centre": null, "man_made": null }, "geometry": { "type": "Polygon", "coordinates": [ [ [ 434127.973812835058197, 439844.98270574095659 ], [ 434121.4986021888908, 439845.269318228121847 ], [ 434121.62849522131728, 439848.207676192047074 ], [ 434120.707247813639697, 439848.245470079709776 ], [ 434121.089781989925541, 439857.138377836206928 ], [ 434123.557427488849498, 439857.033965994836763 ], [ 434123.754256172920577, 439861.61954258044716 ], [ 434128.683045792160556, 439861.399549126042984 ], [ 434127.973812835058197, 439844.98270574095659 ] ] ] } },
{ "type": "Feature", "properties": { "amenity": null, "building": "garage", "denomination": null, "name": null, "ref:GB:uprn": null, "religion": null, "wikidata": null, "osm_type": "way", "osm_id": 690534523, "addr:city": null, "addr:housenumber": null, "addr:postcode": null, "addr:street": null, "addr:suburb": null, "addr:country": null, "source:addr:postcode": null, "addr:housename": null, "source:name": null, "community_centre": null, "man_made": null }, "geometry": { "type": "Polygon", "coordinates": [ [ [ 434155.935534955293406, 439843.584338856395334 ], [ 434159.660079150111414, 439843.422354130190797 ], [ 434159.423243948025629, 439838.013118534930982 ], [ 434155.698695450962987, 439838.175103465677239 ], [ 434155.935534955293406, 439843.584338856395334 ] ] ] } },
{ "type": "Feature", "properties": { "amenity": null, "building": "garage", "denomination": null, "name": null, "ref:GB:uprn": null, "religion": null, "wikidata": null, "osm_type": "way", "osm_id": 690534525, "addr:city": null, "addr:housenumber": null, "addr:postcode": null, "addr:street": null, "addr:suburb": null, "addr:country": null, "source:addr:postcode": null, "addr:housename": null, "source:name": null, "community_centre": null, "man_made": null }, "geometry": { "type": "Polygon", "coordinates": [ [ [ 434152.210991052212194, 439843.746326554915868 ], [ 434155.935534955293406, 439843.584338856395334 ], [ 434155.698695450962987, 439838.175103465677239 ], [ 434151.974147245520726, 439838.337091368972324 ], [ 434152.210991052212194, 439843.746326554915868 ] ] ] } },
{ "type": "Feature", "properties": { "amenity": null, "building": "garage", "denomination": null, "name": null, "ref:GB:uprn": null, "religion": null, "wikidata": null, "osm_type": "way", "osm_id": 690534526, "addr:city": null, "addr:housenumber": null, "addr:postcode": null, "addr:street": null, "addr:suburb": null, "addr:country": null, "source:addr:postcode": null, "addr:housename": null, "source:name": null, "community_centre": null, "man_made": null }, "geometry": { "type": "Polygon", "coordinates": [ [ [ 434132.066805316542741, 439844.812257579178549 ], [ 434135.271521113114432, 439844.668717799242586 ], [ 434135.029377290455159, 439839.081420106580481 ], [ 434131.824738761060871, 439839.213834097608924 ], [ 434132.066805316542741, 439844.812257579178549 ] ] ] } },
{ "type": "Feature", "properties": { "amenity": null, "building": "garage", "denomination": null, "name": null, "ref:GB:uprn": null, "religion": null, "wikidata": null, "osm_type": "way", "osm_id": 690534528, "addr:city": null, "addr:housenumber": null, "addr:postcode": null, "addr:street": null, "addr:suburb": null, "addr:country": null, "source:addr:postcode": null, "addr:housename": null, "source:name": null, "community_centre": null, "man_made": null }, "geometry": { "type": "Polygon", "coordinates": [ [ [ 434128.868748852459248, 439844.944721530424431 ], [ 434132.066805316542741, 439844.812257579178549 ], [ 434131.824738761060871, 439839.213834097608924 ], [ 434128.626597389986273, 439839.357424195972271 ], [ 434128.868748852459248, 439844.944721530424431 ] ] ] } },
{ "type": "Feature", "properties": { "amenity": null, "building": "garage", "denomination": null, "name": null, "ref:GB:uprn": null, "religion": null, "wikidata": null, "osm_type": "way", "osm_id": 690534529, "addr:city": null, "addr:housenumber": null, "addr:postcode": null, "addr:street": null, "addr:suburb": null, "addr:country": null, "source:addr:postcode": null, "addr:housename": null, "source:name": null, "community_centre": null, "man_made": null }, "geometry": { "type": "Polygon", "coordinates": [ [ [ 434113.389043204369955, 439845.955716694006696 ], [ 434113.124613468535244, 439839.811930151074193 ], [ 434109.814646646380424, 439839.954718545777723 ], [ 434110.085658750555012, 439846.098552800016478 ], [ 434113.389043204369955, 439845.955716694006696 ] ] ] } },
{ "type": "Feature", "properties": { "amenity": null, "building": "house", "denomination": null, "name": null, "ref:GB:uprn": "72126413", "religion": null, "wikidata": null, "osm_type": "way", "osm_id": 690534531, "addr:city": "Leeds", "addr:housenumber": null, "addr:postcode": "LS17 8HN", "addr:street": null, "addr:suburb": null, "addr:country": "GB", "source:addr:postcode": "ONSUD;OS Open UPRN", "addr:housename": null, "source:name": null, "community_centre": null, "man_made": null }, "geometry": { "type": "Polygon", "coordinates": [ [ [ 434116.627333856245968, 439848.427150000119582 ], [ 434116.531880470924079, 439846.178889748989604 ], [ 434113.215340003662277, 439846.321627794182859 ], [ 434113.896840599365532, 439862.037293162895367 ], [ 434118.825548136606812, 439861.828415270312689 ], [ 434118.628633565967903, 439857.253964878502302 ], [ 434121.089781989925541, 439857.138377836206928 ], [ 434120.707247813639697, 439848.245470079709776 ], [ 434116.627333856245968, 439848.427150000119582 ] ] ] } },
{ "type": "Feature", "properties": { "amenity": null, "building": "house", "denomination": null, "name": null, "ref:GB:uprn": "72126412", "religion": null, "wikidata": null, "osm_type": "way", "osm_id": 690534532, "addr:city": null, "addr:housenumber": null, "addr:postcode": null, "addr:street": null, "addr:suburb": null, "addr:country": null, "source:addr:postcode": null, "addr:housename": null, "source:name": null, "community_centre": null, "man_made": null }, "geometry": { "type": "Polygon", "coordinates": [ [ [ 434096.722322815621737, 439861.82320231560152 ], [ 434102.011762308480684, 439866.278961216215976 ], [ 434106.291682247188874, 439861.214166056597605 ], [ 434101.008818967093248, 439856.758450246532448 ], [ 434096.722322815621737, 439861.82320231560152 ] ] ] } },
{ "type": "Feature", "properties": { "amenity": null, "building": "house", "denomination": null, "name": null, "ref:GB:uprn": "72126410", "religion": null, "wikidata": null, "osm_type": "way", "osm_id": 690534534, "addr:city": "Leeds", "addr:housenumber": null, "addr:postcode": "LS17 8HN", "addr:street": null, "addr:suburb": null, "addr:country": "GB", "source:addr:postcode": "ONSUD;OS Open UPRN", "addr:housename": null, "source:name": null, "community_centre": null, "man_made": null }, "geometry": { "type": "Polygon", "coordinates": [ [ [ 434092.652907237003092, 439849.721259216661565 ], [ 434088.372991929762065, 439854.786066777887754 ], [ 434096.722322815621737, 439861.82320231560152 ], [ 434101.008818967093248, 439856.758450246532448 ], [ 434092.652907237003092, 439849.721259216661565 ] ] ] } },
{ "type": "Feature", "properties": { "amenity": null, "building": "house", "denomination": null, "name": null, "ref:GB:uprn": "72076246", "religion": null, "wikidata": null, "osm_type": "way", "osm_id": 690534825, "addr:city": "Leeds", "addr:housenumber": null, "addr:postcode": "LS17 8HS", "addr:street": null, "addr:suburb": null, "addr:country": "GB", "source:addr:postcode": "ONSUD;OS Open UPRN", "addr:housename": null, "source:name": null, "community_centre": null, "man_made": null }, "geometry": { "type": "Polygon", "coordinates": [ [ [ 434359.826482427481096, 439817.504262025700882 ], [ 434362.747740720340516, 439827.305947332875803 ], [ 434368.826342264132109, 439825.492418865556829 ], [ 434365.905013838375453, 439815.701855700113811 ], [ 434359.826482427481096, 439817.504262025700882 ] ] ] } },
{ "type": "Feature", "properties": { "amenity": null, "building": "house", "denomination": null, "name": null, "ref:GB:uprn": "72126438", "religion": null, "wikidata": null, "osm_type": "way", "osm_id": 690534826, "addr:city": "Leeds", "addr:housenumber": null, "addr:postcode": "LS17 8HN", "addr:street": null, "addr:suburb": null, "addr:country": "GB", "source:addr:postcode": "ONSUD;OS Open UPRN", "addr:housename": null, "source:name": null, "community_centre": null, "man_made": null }, "geometry": { "type": "Polygon", "coordinates": [ [ [ 434312.025091907649767, 439844.792161920689978 ], [ 434335.081963120959699, 439840.354759744484909 ], [ 434333.528994394524489, 439832.343373954179697 ], [ 434328.390615051670466, 439833.329348067054525 ], [ 434328.840610138024203, 439835.658098690677434 ], [ 434314.960295197786763, 439838.338009000523016 ], [ 434313.800292884989176, 439832.354544316302054 ], [ 434309.77515626209788, 439833.137291460181586 ], [ 434312.025091907649767, 439844.792161920689978 ] ] ] } },
{ "type": "Feature", "properties": { "amenity": null, "building": "garage", "denomination": null, "name": null, "ref:GB:uprn": null, "religion": null, "wikidata": null, "osm_type": "way", "osm_id": 690534827, "addr:city": null, "addr:housenumber": null, "addr:postcode": null, "addr:street": null, "addr:suburb": null, "addr:country": null, "source:addr:postcode": null, "addr:housename": null, "source:name": null, "community_centre": null, "man_made": null }, "geometry": { "type": "Polygon", "coordinates": [ [ [ 434308.461731380550191, 439827.441994838183746 ], [ 434314.540774476714432, 439826.462891421164386 ], [ 434313.332163792627398, 439819.032617569901049 ], [ 434307.253111320198514, 439820.011722585768439 ], [ 434308.461731380550191, 439827.441994838183746 ] ] ] } },
{ "type": "Feature", "properties": { "amenity": null, "building": "garage", "denomination": null, "name": null, "ref:GB:uprn": null, "religion": null, "wikidata": null, "osm_type": "way", "osm_id": 690534828, "addr:city": null, "addr:housenumber": null, "addr:postcode": null, "addr:street": null, "addr:suburb": null, "addr:country": null, "source:addr:postcode": null, "addr:housename": null, "source:name": null, "community_centre": null, "man_made": null }, "geometry": { "type": "Polygon", "coordinates": [ [ [ 434306.753254853014369, 439826.28344242379535 ], [ 434304.599541484902147, 439826.634841703344136 ], [ 434305.348587216518354, 439831.246726082172245 ], [ 434307.502217014203779, 439830.906453118892387 ], [ 434306.753254853014369, 439826.28344242379535 ] ] ] } },
{ "type": "Feature", "properties": { "amenity": null, "building": "garage", "denomination": null, "name": null, "ref:GB:uprn": null, "religion": null, "wikidata": null, "osm_type": "way", "osm_id": 690534829, "addr:city": null, "addr:housenumber": null, "addr:postcode": null, "addr:street": null, "addr:suburb": null, "addr:country": null, "source:addr:postcode": null, "addr:housename": null, "source:name": null, "community_centre": null, "man_made": null }, "geometry": { "type": "Polygon", "coordinates": [ [ [ 434289.401871671550907, 439834.033967442344874 ], [ 434291.772900277457666, 439833.65077283163555 ], [ 434291.067688250856008, 439829.339628932881169 ], [ 434288.703235573135316, 439829.722872072015889 ], [ 434289.401871671550907, 439834.033967442344874 ] ] ] } },
{ "type": "Feature", "properties": { "amenity": null, "building": "house", "denomination": null, "name": null, "ref:GB:uprn": "72126436", "religion": null, "wikidata": null, "osm_type": "way", "osm_id": 690534830, "addr:city": "Leeds", "addr:housenumber": null, "addr:postcode": "LS17 8HN", "addr:street": null, "addr:suburb": null, "addr:country": "GB", "source:addr:postcode": "ONSUD;OS Open UPRN", "addr:housename": null, "source:name": null, "community_centre": null, "man_made": null }, "geometry": { "type": "Polygon", "coordinates": [ [ [ 434305.156122512067668, 439834.171602367190644 ], [ 434304.520591884967871, 439830.228143341606483 ], [ 434298.560042267956305, 439831.19700103008654 ], [ 434299.202237305638846, 439835.129381444188766 ], [ 434300.694001263123937, 439844.319722632179037 ], [ 434307.260447021573782, 439843.255167520372197 ], [ 434305.768614084459841, 439834.075950167723931 ], [ 434305.156122512067668, 439834.171602367190644 ] ] ] } },
{ "type": "Feature", "properties": { "amenity": null, "building": "house", "denomination": null, "name": null, "ref:GB:uprn": "72126434", "religion": null, "wikidata": null, "osm_type": "way", "osm_id": 690534831, "addr:city": "Leeds", "addr:housenumber": null, "addr:postcode": "LS17 8HN", "addr:street": null, "addr:suburb": null, "addr:country": "GB", "source:addr:postcode": "ONSUD;OS Open UPRN", "addr:housename": null, "source:name": null, "community_centre": null, "man_made": null }, "geometry": { "type": "Polygon", "coordinates": [ [ [ 434298.444784633116797, 439835.257352480548434 ], [ 434297.84667963971151, 439831.59233261179179 ], [ 434292.037672703852877, 439832.528928801999427 ], [ 434294.127558599167969, 439845.384286969900131 ], [ 434300.694001263123937, 439844.319722632179037 ], [ 434299.202237305638846, 439835.129381444188766 ], [ 434298.444784633116797, 439835.257352480548434 ] ] ] } },
{ "type": "Feature", "properties": { "amenity": null, "building": "house", "denomination": null, "name": null, "ref:GB:uprn": "72126432", "religion": null, "wikidata": null, "osm_type": "way", "osm_id": 690534832, "addr:city": "Leeds", "addr:housenumber": null, "addr:postcode": "LS17 8HN", "addr:street": null, "addr:suburb": null, "addr:country": "GB", "source:addr:postcode": "ONSUD;OS Open UPRN", "addr:housename": null, "source:name": null, "community_centre": null, "man_made": null }, "geometry": { "type": "Polygon", "coordinates": [ [ [ 434288.007978173089214, 439833.934748828643933 ], [ 434284.062842886720318, 439834.573458523489535 ], [ 434284.648128002067097, 439838.193876419682056 ], [ 434278.957699623308145, 439839.109103786642663 ], [ 434280.418077844835352, 439848.098930239793845 ], [ 434290.060198589286301, 439846.54504491109401 ], [ 434288.007978173089214, 439833.934748828643933 ] ] ] } },
{ "type": "Feature", "properties": { "amenity": null, "building": "house", "denomination": null, "name": null, "ref:GB:uprn": "72126431", "religion": null, "wikidata": null, "osm_type": "way", "osm_id": 690534833, "addr:city": "Leeds", "addr:housenumber": null, "addr:postcode": "LS17 8HN", "addr:street": null, "addr:suburb": null, "addr:country": "GB", "source:addr:postcode": "ONSUD;OS Open UPRN", "addr:housename": null, "source:name": null, "community_centre": null, "man_made": null }, "geometry": { "type": "Polygon", "coordinates": [ [ [ 434275.131598606996704, 439836.967051602900028 ], [ 434267.985551814897917, 439838.127549666445702 ], [ 434268.633861031150445, 439842.126729755080305 ], [ 434266.091565702401567, 439842.542062547523528 ], [ 434267.388591904193163, 439850.484792528906837 ], [ 434277.076912125921808, 439848.908965415670536 ], [ 434275.131598606996704, 439836.967051602900028 ] ] ] } },
{ "type": "Feature", "properties": { "amenity": null, "building": "house", "denomination": null, "name": null, "ref:GB:uprn": "72046538", "religion": null, "wikidata": null, "osm_type": "way", "osm_id": 690760780, "addr:city": "Leeds", "addr:housenumber": null, "addr:postcode": "LS17 8HT", "addr:street": null, "addr:suburb": null, "addr:country": "GB", "source:addr:postcode": "ONSUD;OS Open UPRN", "addr:housename": null, "source:name": null, "community_centre": null, "man_made": null }, "geometry": { "type": "Polygon", "coordinates": [ [ [ 434104.745609117671847, 439826.91085345193278 ], [ 434103.81045189127326, 439830.664819811005145 ], [ 434108.840403090580367, 439831.914247447974049 ], [ 434107.417281861358788, 439837.634059899603017 ], [ 434113.215558017021976, 439839.067113211029209 ], [ 434115.777190747379791, 439828.771454246016219 ], [ 434110.228463270876091, 439827.395848346990533 ], [ 434112.587080237281043, 439817.877568173687905 ], [ 434104.595592221710831, 439815.894468570128083 ], [ 434102.026994531915989, 439826.245715345838107 ], [ 434104.745609117671847, 439826.91085345193278 ] ] ] } },
{ "type": "Feature", "properties": { "amenity": null, "building": "house", "denomination": null, "name": null, "ref:GB:uprn": "72076243", "religion": null, "wikidata": null, "osm_type": "way", "osm_id": 690760781, "addr:city": "Leeds", "addr:housenumber": null, "addr:postcode": "LS17 8HU", "addr:street": null, "addr:suburb": null, "addr:country": "GB", "source:addr:postcode": "ONSUD;OS Open UPRN", "addr:housename": null, "source:name": null, "community_centre": null, "man_made": null }, "geometry": { "type": "Polygon", "coordinates": [ [ [ 434122.223922711040359, 439822.465157927479595 ], [ 434123.522973390819971, 439822.941938862670213 ], [ 434125.186400317354128, 439822.164074223604985 ], [ 434125.722374131670222, 439820.832792847068049 ], [ 434130.362806234625168, 439818.663551672827452 ], [ 434129.507637460017577, 439816.8548167522531 ], [ 434138.148254547908437, 439812.812096227658913 ], [ 434135.518187540583313, 439807.218518700683489 ], [ 434118.738750167249236, 439815.051730454782955 ], [ 434122.223922711040359, 439822.465157927479595 ] ] ] } },
{ "type": "Feature", "properties": { "amenity": null, "building": "house", "denomination": null, "name": null, "ref:GB:uprn": "72076241", "religion": null, "wikidata": null, "osm_type": "way", "osm_id": 690760782, "addr:city": "Leeds", "addr:housenumber": null, "addr:postcode": "LS17 8HU", "addr:street": null, "addr:suburb": null, "addr:country": "GB", "source:addr:postcode": "ONSUD;OS Open UPRN", "addr:housename": null, "source:name": null, "community_centre": null, "man_made": null }, "geometry": { "type": "Polygon", "coordinates": [ [ [ 434153.631635332421865, 439809.509137572720647 ], [ 434159.378999270033091, 439808.004465000936761 ], [ 434156.920695431297645, 439798.706983945798129 ], [ 434150.744852576113772, 439800.330927139846608 ], [ 434151.449050875555258, 439802.995310038561001 ], [ 434140.033337925910018, 439805.994131275569089 ], [ 434142.600497085601091, 439815.704079514485784 ], [ 434154.444655432831496, 439812.58599732501898 ], [ 434153.631635332421865, 439809.509137572720647 ] ] ] } },
{ "type": "Feature", "properties": { "amenity": null, "building": "house", "denomination": null, "name": null, "ref:GB:uprn": "72076239", "religion": null, "wikidata": null, "osm_type": "way", "osm_id": 690760783, "addr:city": "Leeds", "addr:housenumber": null, "addr:postcode": "LS17 8HU", "addr:street": null, "addr:suburb": null, "addr:country": "GB", "source:addr:postcode": "ONSUD;OS Open UPRN", "addr:housename": null, "source:name": null, "community_centre": null, "man_made": null }, "geometry": { "type": "Polygon", "coordinates": [ [ [ 434163.157557603262831, 439803.147468748618849 ], [ 434162.279124564491212, 439809.038137015770189 ], [ 434161.727134146494791, 439808.956224436289631 ], [ 434161.29128894675523, 439811.890456722700037 ], [ 434168.315944004338235, 439812.94309485447593 ], [ 434168.454243166022934, 439812.02059947210364 ], [ 434178.718556906620506, 439813.553080552839674 ], [ 434179.907721575640608, 439805.650775716872886 ], [ 434163.157557603262831, 439803.147468748618849 ] ] ] } },
{ "type": "Feature", "properties": { "amenity": null, "building": "house", "denomination": null, "name": null, "ref:GB:uprn": "72076237", "religion": null, "wikidata": null, "osm_type": "way", "osm_id": 690760784, "addr:city": "Leeds", "addr:housenumber": null, "addr:postcode": "LS17 8HU", "addr:street": null, "addr:suburb": null, "addr:country": "GB", "source:addr:postcode": "ONSUD;OS Open UPRN", "addr:housename": null, "source:name": null, "community_centre": null, "man_made": null }, "geometry": { "type": "Polygon", "coordinates": [ [ [ 434188.064544221037067, 439805.710316527518444 ], [ 434187.92762078816304, 439807.344921242329292 ], [ 434182.102771088830195, 439806.846212438656949 ], [ 434181.455278535664547, 439814.440926714451052 ], [ 434190.777702370542102, 439815.232206704909913 ], [ 434190.900658170983661, 439813.708765666699037 ], [ 434198.829343644436449, 439814.378620637347922 ], [ 434199.484255091287196, 439806.672697032685392 ], [ 434188.064544221037067, 439805.710316527518444 ] ] ] } },
{ "type": "Feature", "properties": { "amenity": null, "building": "house", "denomination": null, "name": null, "ref:GB:uprn": "72076235", "religion": null, "wikidata": null, "osm_type": "way", "osm_id": 690760785, "addr:city": "Leeds", "addr:housenumber": null, "addr:postcode": "LS17 8HU", "addr:street": null, "addr:suburb": null, "addr:country": "GB", "source:addr:postcode": "ONSUD;OS Open UPRN", "addr:housename": null, "source:name": null, "community_centre": null, "man_made": null }, "geometry": { "type": "Polygon", "coordinates": [ [ [ 434217.866652764438186, 439808.164417223422788 ], [ 434217.858868873561732, 439806.528755924780853 ], [ 434209.451348872797098, 439806.567470730631612 ], [ 434209.459135709214024, 439808.203132006688975 ], [ 434206.439553474949207, 439808.214454694767483 ], [ 434206.475007458298933, 439815.068674928159453 ], [ 434209.566944025980774, 439815.057880861568265 ], [ 434209.576025917718653, 439817.41677806165535 ], [ 434218.634836260927841, 439817.371696046320722 ], [ 434218.625758946407586, 439815.012798807932995 ], [ 434228.401583861152176, 439814.972974939504638 ], [ 434228.366243388969451, 439808.107628452125937 ], [ 434217.866652764438186, 439808.164417223422788 ] ] ] } },
{ "type": "Feature", "properties": { "amenity": null, "building": "house", "denomination": null, "name": null, "ref:GB:uprn": "72076234", "religion": null, "wikidata": null, "osm_type": "way", "osm_id": 690760786, "addr:city": "Leeds", "addr:housenumber": null, "addr:postcode": "LS17 8HU", "addr:street": null, "addr:suburb": null, "addr:country": "GB", "source:addr:postcode": "ONSUD;OS Open UPRN", "addr:housename": null, "source:name": null, "community_centre": null, "man_made": null }, "geometry": { "type": "Polygon", "coordinates": [ [ [ 434249.027417216333561, 439802.940190804423764 ], [ 434231.94968925107969, 439806.553849647054449 ], [ 434233.40605075226631, 439813.407330696936697 ], [ 434244.171787101833615, 439811.138337425305508 ], [ 434245.717211687297095, 439818.404156632721424 ], [ 434252.029088821145706, 439817.070624521002173 ], [ 434249.027417216333561, 439802.940190804423764 ] ] ] } },
{ "type": "Feature", "properties": { "amenity": null, "building": "house", "denomination": null, "name": null, "ref:GB:uprn": "72076232", "religion": null, "wikidata": null, "osm_type": "way", "osm_id": 690760787, "addr:city": "Leeds", "addr:housenumber": null, "addr:postcode": "LS17 8HU", "addr:street": null, "addr:suburb": null, "addr:country": "GB", "source:addr:postcode": "ONSUD;OS Open UPRN", "addr:housename": null, "source:name": null, "community_centre": null, "man_made": null }, "geometry": { "type": "Polygon", "coordinates": [ [ [ 434255.326875624305103, 439807.804066970595159 ], [ 434256.35666155081708, 439810.91591050173156 ], [ 434262.931283582875039, 439808.738696285057813 ], [ 434263.330251509614754, 439809.954410577192903 ], [ 434269.918034411093686, 439807.777302445145324 ], [ 434266.165644544700626, 439796.456383890821598 ], [ 434250.246817510458641, 439801.714060645899735 ], [ 434252.570483760267962, 439808.707409947644919 ], [ 434255.326875624305103, 439807.804066970595159 ] ] ] } },
{ "type": "Feature", "properties": { "amenity": null, "building": "house", "denomination": null, "name": null, "ref:GB:uprn": "72076230", "religion": null, "wikidata": null, "osm_type": "way", "osm_id": 690760788, "addr:city": "Leeds", "addr:housenumber": null, "addr:postcode": "LS17 8HU", "addr:street": null, "addr:suburb": null, "addr:country": "GB", "source:addr:postcode": "ONSUD;OS Open UPRN", "addr:housename": null, "source:name": null, "community_centre": null, "man_made": null }, "geometry": { "type": "Polygon", "coordinates": [ [ [ 434282.749297142145224, 439802.830885542905889 ], [ 434288.317984156834427, 439800.579583472339436 ], [ 434291.032677907438483, 439801.778876479831524 ], [ 434292.434866688330658, 439805.238378547481261 ], [ 434297.640701553027611, 439803.129075827891938 ], [ 434291.030018633056898, 439786.869263317319565 ], [ 434286.279442993632983, 439788.792755075497553 ], [ 434285.161386874620803, 439786.058561753481627 ], [ 434280.298659288499039, 439788.02574474690482 ], [ 434280.87384889589157, 439789.431902053183876 ], [ 434272.877000729204156, 439792.677959028165787 ], [ 434277.064526694768574, 439802.967297709081322 ], [ 434281.993181226484012, 439800.978340986650437 ], [ 434282.749297142145224, 439802.830885542905889 ] ] ] } },
{ "type": "Feature", "properties": { "amenity": null, "building": "house", "denomination": null, "name": null, "ref:GB:uprn": "72076228", "religion": null, "wikidata": null, "osm_type": "way", "osm_id": 690760789, "addr:city": "Leeds", "addr:housenumber": null, "addr:postcode": "LS17 8HU", "addr:street": null, "addr:suburb": null, "addr:country": "GB", "source:addr:postcode": "ONSUD;OS Open UPRN", "addr:housename": null, "source:name": null, "community_centre": null, "man_made": null }, "geometry": { "type": "Polygon", "coordinates": [ [ [ 434301.079225449298974, 439781.846892792382278 ], [ 434301.374846209189855, 439784.597319036023691 ], [ 434294.257958107686136, 439785.357435085810721 ], [ 434295.262073910504114, 439794.666594665381126 ], [ 434298.415672344039194, 439794.32251398882363 ], [ 434298.637653263169341, 439796.349174187751487 ], [ 434304.062568823748734, 439795.765822186716832 ], [ 434303.847168324864469, 439793.739209907245822 ], [ 434304.696395271574147, 439793.656418205820955 ], [ 434304.819562589749694, 439794.803356421529315 ], [ 434313.634973876818549, 439793.866550245787948 ], [ 434313.431755364348646, 439791.973545500542969 ], [ 434314.215201791957952, 439791.890273538883775 ], [ 434312.995644273236394, 439780.565623067435808 ], [ 434301.079225449298974, 439781.846892792382278 ] ] ] } },
{ "type": "Feature", "properties": { "amenity": null, "building": "house", "denomination": null, "name": null, "ref:GB:uprn": "72076226", "religion": null, "wikidata": null, "osm_type": "way", "osm_id": 690760790, "addr:city": "Leeds", "addr:housenumber": null, "addr:postcode": "LS17 8HU", "addr:street": null, "addr:suburb": null, "addr:country": "GB", "source:addr:postcode": "ONSUD;OS Open UPRN", "addr:housename": null, "source:name": null, "community_centre": null, "man_made": null }, "geometry": { "type": "Polygon", "coordinates": [ [ [ 434336.932054037170019, 439782.721596981282346 ], [ 434330.581264316337183, 439782.174340541241691 ], [ 434330.430400100827683, 439783.90897845569998 ], [ 434319.858907615416683, 439782.997000349103473 ], [ 434319.053831792203709, 439792.315160233178176 ], [ 434335.976078034262173, 439793.774391817394644 ], [ 434336.932054037170019, 439782.721596981282346 ] ] ] } },
{ "type": "Feature", "properties": { "amenity": null, "building": "house", "denomination": null, "name": null, "ref:GB:uprn": "72076224", "religion": null, "wikidata": null, "osm_type": "way", "osm_id": 690760791, "addr:city": "Leeds", "addr:housenumber": null, "addr:postcode": "LS17 8HU", "addr:street": null, "addr:suburb": null, "addr:country": "GB", "source:addr:postcode": "ONSUD;OS Open UPRN", "addr:housename": null, "source:name": null, "community_centre": null, "man_made": null }, "geometry": { "type": "Polygon", "coordinates": [ [ [ 434342.44041247520363, 439795.880207399721257 ], [ 434355.799352234462276, 439797.035217043827288 ], [ 434355.971673947700765, 439795.067079384229146 ], [ 434357.490398469264619, 439795.189487143768929 ], [ 434358.151989043399226, 439787.505885195569135 ], [ 434347.495075592247304, 439786.582091064192355 ], [ 434347.337382279976737, 439788.350058116950095 ], [ 434343.123262766981497, 439787.985354786040261 ], [ 434342.656032009457704, 439793.38943833601661 ], [ 434342.44041247520363, 439795.880207399721257 ] ] ] } },
{ "type": "Feature", "properties": { "amenity": null, "building": "garage", "denomination": null, "name": null, "ref:GB:uprn": null, "religion": null, "wikidata": null, "osm_type": "way", "osm_id": 690760792, "addr:city": null, "addr:housenumber": null, "addr:postcode": null, "addr:street": null, "addr:suburb": null, "addr:country": null, "source:addr:postcode": null, "addr:housename": null, "source:name": null, "community_centre": null, "man_made": null }, "geometry": { "type": "Polygon", "coordinates": [ [ [ 434342.656032009457704, 439793.38943833601661 ], [ 434343.123262766981497, 439787.985354786040261 ], [ 434343.374629284720868, 439785.105418202932924 ], [ 434337.714137475180905, 439784.61884725606069 ], [ 434336.995550196268596, 439792.902868216857314 ], [ 434342.656032009457704, 439793.38943833601661 ] ] ] } },
{ "type": "Feature", "properties": { "amenity": null, "building": "garage", "denomination": null, "name": null, "ref:GB:uprn": null, "religion": null, "wikidata": null, "osm_type": "way", "osm_id": 690761853, "addr:city": null, "addr:housenumber": null, "addr:postcode": null, "addr:street": null, "addr:suburb": null, "addr:country": null, "source:addr:postcode": null, "addr:housename": null, "source:name": null, "community_centre": null, "man_made": null }, "geometry": { "type": "Polygon", "coordinates": [ [ [ 434342.836773869115859, 439730.169631225056946 ], [ 434343.851945440575946, 439734.371790137491189 ], [ 434349.914891893684398, 439732.914171231910586 ], [ 434348.893147231661715, 439728.711962741683237 ], [ 434342.836773869115859, 439730.169631225056946 ] ] ] } },
{ "type": "Feature", "properties": { "amenity": null, "building": "house", "denomination": null, "name": null, "ref:GB:uprn": "72076253", "religion": null, "wikidata": null, "osm_type": "way", "osm_id": 690761854, "addr:city": "Leeds", "addr:housenumber": null, "addr:postcode": "LS17 8HS", "addr:street": null, "addr:suburb": null, "addr:country": "GB", "source:addr:postcode": "ONSUD;OS Open UPRN", "addr:housename": null, "source:name": null, "community_centre": null, "man_made": null }, "geometry": { "type": "Polygon", "coordinates": [ [ [ 434338.007322293706238, 439720.409601950552315 ], [ 434340.018758048594464, 439728.702513399883173 ], [ 434347.986317632603459, 439726.780416175257415 ], [ 434345.974895101797301, 439718.48750126559753 ], [ 434338.007322293706238, 439720.409601950552315 ] ] ] } },
{ "type": "Feature", "properties": { "amenity": null, "building": "house", "denomination": null, "name": null, "ref:GB:uprn": "72076223", "religion": null, "wikidata": null, "osm_type": "way", "osm_id": 690761855, "addr:city": null, "addr:housenumber": null, "addr:postcode": null, "addr:street": null, "addr:suburb": null, "addr:country": null, "source:addr:postcode": null, "addr:housename": null, "source:name": null, "community_centre": null, "man_made": null }, "geometry": { "type": "Polygon", "coordinates": [ [ [ 434332.807870213873684, 439755.731696870760061 ], [ 434338.198916134017054, 439754.391529406886548 ], [ 434338.556932051898912, 439755.807228054152802 ], [ 434344.910267078317702, 439754.218213457614183 ], [ 434344.552252950903494, 439752.802514319657348 ], [ 434353.093705855484586, 439750.662103757495061 ], [ 434351.463691130513325, 439744.185613631387241 ], [ 434336.575541942322161, 439747.90396678831894 ], [ 434336.709686154441442, 439748.450151925440878 ], [ 434332.755283396574669, 439749.444803326041438 ], [ 434332.751560085569508, 439749.055346332374029 ], [ 434326.264756985532586, 439749.107933549210429 ], [ 434326.277858246350661, 439750.910532726789825 ], [ 434326.319282243493944, 439756.029055202612653 ], [ 434332.806075728614815, 439755.976468097651377 ], [ 434332.807870213873684, 439755.731696870760061 ] ] ] } },
{ "type": "Feature", "properties": { "amenity": null, "building": "house", "denomination": null, "name": null, "ref:GB:uprn": "72076225", "religion": null, "wikidata": null, "osm_type": "way", "osm_id": 690761856, "addr:city": "Leeds", "addr:housenumber": null, "addr:postcode": "LS17 8HU", "addr:street": null, "addr:suburb": null, "addr:country": "GB", "source:addr:postcode": "ONSUD;OS Open UPRN", "addr:housename": null, "source:name": null, "community_centre": null, "man_made": null }, "geometry": { "type": "Polygon", "coordinates": [ [ [ 434315.498336578893941, 439746.058237505028956 ], [ 434305.616787870822009, 439746.141612358624116 ], [ 434305.672729403653648, 439752.87359221430961 ], [ 434308.554288588697091, 439752.850195586681366 ], [ 434308.559375448618084, 439753.951762513141148 ], [ 434319.84221816516947, 439753.856410109903663 ], [ 434319.817370540695265, 439750.963321761111729 ], [ 434326.277858246350661, 439750.910532726789825 ], [ 434326.264756985532586, 439749.107933549210429 ], [ 434326.23029115027748, 439744.835080884280615 ], [ 434323.440821176802274, 439744.859141602180898 ], [ 434323.408146636269521, 439740.341517769731581 ], [ 434315.454235485754907, 439740.405620735604316 ], [ 434315.498336578893941, 439746.058237505028956 ] ] ] } },
{ "type": "Feature", "properties": { "amenity": null, "building": "house", "denomination": null, "name": null, "ref:GB:uprn": "72076227", "religion": null, "wikidata": null, "osm_type": "way", "osm_id": 690761857, "addr:city": "Leeds", "addr:housenumber": null, "addr:postcode": "LS17 8HU", "addr:street": null, "addr:suburb": null, "addr:country": "GB", "source:addr:postcode": "ONSUD;OS Open UPRN", "addr:housename": null, "source:name": null, "community_centre": null, "man_made": null }, "geometry": { "type": "Polygon", "coordinates": [ [ [ 434285.637694042583462, 439748.854826050577685 ], [ 434285.429004448815249, 439747.707262368872762 ], [ 434279.046048514079303, 439748.851078510284424 ], [ 434280.019342169165611, 439754.287964846356772 ], [ 434286.408787648426369, 439753.155324184917845 ], [ 434287.097622137516737, 439757.010157759301364 ], [ 434300.574937835568562, 439754.594248156063259 ], [ 434299.108372751215938, 439746.449989960063249 ], [ 434285.637694042583462, 439748.854826050577685 ] ] ] } },
{ "type": "Feature", "properties": { "amenity": null, "building": "house", "denomination": null, "name": null, "ref:GB:uprn": "72076229", "religion": null, "wikidata": null, "osm_type": "way", "osm_id": 690761858, "addr:city": "Leeds", "addr:housenumber": null, "addr:postcode": "LS17 8HU", "addr:street": null, "addr:suburb": null, "addr:country": "GB", "source:addr:postcode": "ONSUD;OS Open UPRN", "addr:housename": null, "source:name": null, "community_centre": null, "man_made": null }, "geometry": { "type": "Polygon", "coordinates": [ [ [ 434265.404394289187621, 439762.937610505498014 ], [ 434265.875725270074327, 439764.153854365111329 ], [ 434271.964530279044993, 439761.850705393939279 ], [ 434271.49986020225333, 439760.623383092228323 ], [ 434279.719523180043325, 439757.501346466131508 ], [ 434274.813934497709852, 439744.647641997085884 ], [ 434266.653618727170397, 439747.747868542559445 ], [ 434269.061274478619453, 439754.051993218832649 ], [ 434259.700418249238282, 439757.599635791615583 ], [ 434262.198381223774049, 439764.14920197497122 ], [ 434265.404394289187621, 439762.937610505498014 ] ] ] } },
{ "type": "Feature", "properties": { "amenity": null, "building": "house", "denomination": null, "name": null, "ref:GB:uprn": "72076231", "religion": null, "wikidata": null, "osm_type": "way", "osm_id": 690761859, "addr:city": "Leeds", "addr:housenumber": null, "addr:postcode": "LS17 8HU", "addr:street": null, "addr:suburb": null, "addr:country": "GB", "source:addr:postcode": "ONSUD;OS Open UPRN", "addr:housename": null, "source:name": null, "community_centre": null, "man_made": null }, "geometry": { "type": "Polygon", "coordinates": [ [ [ 434248.118115868302993, 439760.864013255690224 ], [ 434235.970363943313714, 439763.189654436660931 ], [ 434237.225415017164778, 439769.685614511719905 ], [ 434243.602404374338221, 439768.452685468015261 ], [ 434244.084037483786233, 439770.959683464840055 ], [ 434246.989224606601056, 439770.402346809045412 ], [ 434246.691361763630994, 439768.853576614172198 ], [ 434254.194843899924308, 439767.406368794851005 ], [ 434253.522951538441703, 439763.929967289441265 ], [ 434255.70349051366793, 439763.511981053859927 ], [ 434254.417037372128107, 439756.815508016152307 ], [ 434247.592145382950548, 439758.123032856034115 ], [ 434248.118115868302993, 439760.864013255690224 ] ] ] } },
{ "type": "Feature", "properties": { "amenity": null, "building": "house", "denomination": null, "name": null, "ref:GB:uprn": "72076233", "religion": null, "wikidata": null, "osm_type": "way", "osm_id": 690761860, "addr:city": "Leeds", "addr:housenumber": null, "addr:postcode": "LS17 8HU", "addr:street": null, "addr:suburb": null, "addr:country": "GB", "source:addr:postcode": "ONSUD;OS Open UPRN", "addr:housename": null, "source:name": null, "community_centre": null, "man_made": null }, "geometry": { "type": "Polygon", "coordinates": [ [ [ 434223.521110259927809, 439762.664724357426167 ], [ 434213.110666736843996, 439763.111606037127785 ], [ 434213.425639611668885, 439770.424056992633268 ], [ 434223.835985569457989, 439769.988302041310817 ], [ 434223.695518017921131, 439766.704940247815102 ], [ 434233.158296199166216, 439766.306787569774315 ], [ 434232.86584393796511, 439759.517447940772399 ], [ 434223.403052035835572, 439759.915601260378025 ], [ 434223.521110259927809, 439762.664724357426167 ] ] ] } },
{ "type": "Feature", "properties": { "amenity": null, "building": "house", "denomination": null, "name": null, "ref:GB:uprn": "72076236", "religion": null, "wikidata": null, "osm_type": "way", "osm_id": 690761861, "addr:city": "Leeds", "addr:housenumber": null, "addr:postcode": "LS17 8HU", "addr:street": null, "addr:suburb": null, "addr:country": "GB", "source:addr:postcode": "ONSUD;OS Open UPRN", "addr:housename": null, "source:name": null, "community_centre": null, "man_made": null }, "geometry": { "type": "Polygon", "coordinates": [ [ [ 434190.333400544477627, 439762.555829358054325 ], [ 434190.518877188733313, 439769.589168958715163 ], [ 434194.637844968296122, 439769.474597358843312 ], [ 434194.689328296866734, 439771.433247744920664 ], [ 434200.229414707282558, 439771.295678244088776 ], [ 434200.171436817618087, 439769.325853782123886 ], [ 434204.000804731273092, 439769.231428650673479 ], [ 434203.88176804484101, 439764.813315056497231 ], [ 434211.027416698925663, 439764.620725702261552 ], [ 434210.88362342515029, 439759.089775062049739 ], [ 434208.72056007158244, 439757.115699538728222 ], [ 434204.654206116800196, 439757.230643117101863 ], [ 434203.321770563605241, 439755.919103977736086 ], [ 434201.40704050794011, 439755.971879431512207 ], [ 434200.100987977115437, 439757.353161276783794 ], [ 434200.236025419319049, 439762.283213270828128 ], [ 434190.333400544477627, 439762.555829358054325 ] ] ] } },
{ "type": "Feature", "properties": { "amenity": null, "building": "house", "denomination": null, "name": null, "ref:GB:uprn": "72076238", "religion": null, "wikidata": null, "osm_type": "way", "osm_id": 690761862, "addr:city": "Leeds", "addr:housenumber": null, "addr:postcode": "LS17 8HU", "addr:street": null, "addr:suburb": null, "addr:country": "GB", "source:addr:postcode": "ONSUD;OS Open UPRN", "addr:housename": null, "source:name": null, "community_centre": null, "man_made": null }, "geometry": { "type": "Polygon", "coordinates": [ [ [ 434180.150518563983496, 439766.976627458934672 ], [ 434188.437428295670543, 439767.24852224253118 ], [ 434188.600994279549923, 439761.964600705890916 ], [ 434184.036574176745489, 439761.820015283534303 ], [ 434184.405925549275707, 439758.084187513682991 ], [ 434180.783801125537138, 439757.723952504107729 ], [ 434180.435648747370578, 439761.259657190181315 ], [ 434169.608587005641311, 439760.201509731705301 ], [ 434168.934063815278932, 439766.994915598654188 ], [ 434172.549603706691414, 439767.35509343794547 ], [ 434172.457105965877417, 439768.311302546178922 ], [ 434179.944567530881613, 439769.055790850310586 ], [ 434180.150518563983496, 439766.976627458934672 ] ] ] } },
{ "type": "Feature", "properties": { "amenity": null, "building": "house", "denomination": null, "name": null, "ref:GB:uprn": "72076240", "religion": null, "wikidata": null, "osm_type": "way", "osm_id": 690761863, "addr:city": "Leeds", "addr:housenumber": null, "addr:postcode": "LS17 8HU", "addr:street": null, "addr:suburb": null, "addr:country": "GB", "source:addr:postcode": "ONSUD;OS Open UPRN", "addr:housename": null, "source:name": null, "community_centre": null, "man_made": null }, "geometry": { "type": "Polygon", "coordinates": [ [ [ 434152.704263483930845, 439767.98918390145991 ], [ 434152.683317916002125, 439769.057180750998668 ], [ 434155.426156449248083, 439769.11056397377979 ], [ 434155.447102644888218, 439768.042567136348225 ], [ 434156.565304560353979, 439768.061849214951508 ], [ 434156.608090104185976, 439765.803469914826564 ], [ 434165.375937450968195, 439765.978692459058948 ], [ 434165.502927067806013, 439759.392696229624562 ], [ 434156.741645496222191, 439759.217521473881789 ], [ 434156.804647304641549, 439755.991279086447321 ], [ 434145.866152848408092, 439755.777992566116154 ], [ 434145.647295618138742, 439766.847322065732442 ], [ 434149.409665625658818, 439766.919262019218877 ], [ 434149.38912646449171, 439767.93162904784549 ], [ 434152.704263483930845, 439767.98918390145991 ] ] ] } },
{ "type": "Feature", "properties": { "amenity": null, "building": "house", "denomination": null, "name": null, "ref:GB:uprn": null, "religion": null, "wikidata": null, "osm_type": "way", "osm_id": 690761864, "addr:city": null, "addr:housenumber": null, "addr:postcode": null, "addr:street": null, "addr:suburb": null, "addr:country": null, "source:addr:postcode": null, "addr:housename": null, "source:name": null, "community_centre": null, "man_made": null }, "geometry": { "type": "Polygon", "coordinates": [ [ [ 434127.25540132826427, 439753.995604028808884 ], [ 434125.422374732035678, 439760.89183885557577 ], [ 434132.749799742421601, 439762.836753302835859 ], [ 434134.582917580555659, 439755.929395327577367 ], [ 434131.063595783314668, 439755.002493838081136 ], [ 434127.25540132826427, 439753.995604028808884 ] ] ] } },
{ "type": "Feature", "properties": { "amenity": null, "building": "house", "denomination": null, "name": null, "ref:GB:uprn": "72046540", "religion": null, "wikidata": null, "osm_type": "way", "osm_id": 690761865, "addr:city": null, "addr:housenumber": null, "addr:postcode": null, "addr:street": null, "addr:suburb": null, "addr:country": null, "source:addr:postcode": null, "addr:housename": null, "source:name": null, "community_centre": null, "man_made": null }, "geometry": { "type": "Polygon", "coordinates": [ [ [ 434127.25540132826427, 439753.995604028808884 ], [ 434131.063595783314668, 439755.002493838081136 ], [ 434132.315017285058275, 439750.282827479881234 ], [ 434128.506819219328463, 439749.275936668040231 ], [ 434130.258727291482501, 439742.679528940119781 ], [ 434122.471607968909666, 439740.620003821444698 ], [ 434119.461721548403148, 439751.936035891063511 ], [ 434127.25540132826427, 439753.995604028808884 ] ] ] } },
{ "type": "Feature", "properties": { "amenity": null, "building": "house", "denomination": null, "name": null, "ref:GB:uprn": "72022965", "religion": null, "wikidata": null, "osm_type": "way", "osm_id": 690762156, "addr:city": "Leeds", "addr:housenumber": null, "addr:postcode": "LS17 8HE", "addr:street": null, "addr:suburb": null, "addr:country": "GB", "source:addr:postcode": "ONSUD;OS Open UPRN", "addr:housename": null, "source:name": null, "community_centre": null, "man_made": null }, "geometry": { "type": "Polygon", "coordinates": [ [ [ 434153.68089333322132, 439726.983813489438035 ], [ 434154.314614188973792, 439717.664379887399264 ], [ 434147.660389532975387, 439717.215299692819826 ], [ 434147.579592255118769, 439718.371872521121986 ], [ 434140.925368068448734, 439717.922801927663386 ], [ 434140.314328452863265, 439726.841846335679293 ], [ 434144.391023924457841, 439727.116351344273426 ], [ 434144.442587282916065, 439726.360121381469071 ], [ 434153.68089333322132, 439726.983813489438035 ] ] ] } },
{ "type": "Feature", "properties": { "amenity": null, "building": "house", "denomination": null, "name": null, "ref:GB:uprn": "72022966", "religion": null, "wikidata": null, "osm_type": "way", "osm_id": 690762157, "addr:city": "Leeds", "addr:housenumber": null, "addr:postcode": "LS17 8HE", "addr:street": null, "addr:suburb": null, "addr:country": "GB", "source:addr:postcode": "ONSUD;OS Open UPRN", "addr:housename": null, "source:name": null, "community_centre": null, "man_made": null }, "geometry": { "type": "Polygon", "coordinates": [ [ [ 434140.314328452863265, 439726.841846335679293 ], [ 434140.925368068448734, 439717.922801927663386 ], [ 434134.264564500073902, 439717.473692878498696 ], [ 434134.34543958120048, 439716.305993869085796 ], [ 434127.691211384022608, 439715.856942157261074 ], [ 434126.851950037875213, 439728.112291997415014 ], [ 434137.017292901466135, 439728.809465973172337 ], [ 434137.083957839990035, 439727.786308646202087 ], [ 434138.543667701247614, 439727.885961556923576 ], [ 434138.624462617561221, 439726.729388565639965 ], [ 434140.314328452863265, 439726.841846335679293 ] ] ] } },
{ "type": "Feature", "properties": { "amenity": null, "building": "house", "denomination": null, "name": null, "ref:GB:uprn": "72022963", "religion": null, "wikidata": null, "osm_type": "way", "osm_id": 690762158, "addr:city": "Leeds", "addr:housenumber": null, "addr:postcode": "LS17 8HE", "addr:street": null, "addr:suburb": null, "addr:country": "GB", "source:addr:postcode": "ONSUD;OS Open UPRN", "addr:housename": null, "source:name": null, "community_centre": null, "man_made": null }, "geometry": { "type": "Polygon", "coordinates": [ [ [ 434173.5659542370704, 439724.536386138293892 ], [ 434178.28918093489483, 439724.559727746876888 ], [ 434178.29185934754787, 439723.291319651296362 ], [ 434187.172590227797627, 439723.33388737833593 ], [ 434187.217425058770459, 439714.488600740558468 ], [ 434173.613440416462254, 439714.422691373853013 ], [ 434173.5659542370704, 439724.536386138293892 ] ] ] } },
{ "type": "Feature", "properties": { "amenity": null, "building": "house", "denomination": null, "name": null, "ref:GB:uprn": "72022964", "religion": null, "wikidata": null, "osm_type": "way", "osm_id": 690762159, "addr:city": "Leeds", "addr:housenumber": null, "addr:postcode": "LS17 8HE", "addr:street": null, "addr:suburb": null, "addr:country": "GB", "source:addr:postcode": "ONSUD;OS Open UPRN", "addr:housename": null, "source:name": null, "community_centre": null, "man_made": null }, "geometry": { "type": "Polygon", "coordinates": [ [ [ 434166.806161736603826, 439723.229763220530003 ], [ 434166.788145129394252, 439726.600978841655888 ], [ 434173.557269255747087, 439726.628115696948953 ], [ 434173.5659542370704, 439724.536386138293892 ], [ 434173.613440416462254, 439714.422691373853013 ], [ 434160.016115200007334, 439714.34574367897585 ], [ 434159.971331918088254, 439723.191030380548909 ], [ 434166.806161736603826, 439723.229763220530003 ] ] ] } },
{ "type": "Feature", "properties": { "amenity": null, "building": "house", "denomination": null, "name": null, "ref:GB:uprn": "72022961", "religion": null, "wikidata": null, "osm_type": "way", "osm_id": 690762160, "addr:city": "Leeds", "addr:housenumber": null, "addr:postcode": "LS17 8HE", "addr:street": null, "addr:suburb": null, "addr:country": "GB", "source:addr:postcode": "ONSUD;OS Open UPRN", "addr:housename": null, "source:name": null, "community_centre": null, "man_made": null }, "geometry": { "type": "Polygon", "coordinates": [ [ [ 434232.716753519547638, 439711.516378693864681 ], [ 434214.79630007292144, 439713.377073587384075 ], [ 434215.337222035857849, 439718.577128638979048 ], [ 434218.872563822311349, 439718.213529674801975 ], [ 434219.087923968734685, 439720.251263612415642 ], [ 434220.819373548787553, 439720.074763827724382 ], [ 434221.151344610436354, 439723.259385592420585 ], [ 434233.804890971805435, 439721.949919161968865 ], [ 434232.716753519547638, 439711.516378693864681 ] ] ] } },
{ "type": "Feature", "properties": { "amenity": null, "building": "house", "denomination": null, "name": null, "ref:GB:uprn": "72022959", "religion": null, "wikidata": null, "osm_type": "way", "osm_id": 690762161, "addr:city": "Leeds", "addr:housenumber": null, "addr:postcode": "LS17 8HE", "addr:street": null, "addr:suburb": null, "addr:country": "GB", "source:addr:postcode": "ONSUD;OS Open UPRN", "addr:housename": null, "source:name": null, "community_centre": null, "man_made": null }, "geometry": { "type": "Polygon", "coordinates": [ [ [ 434260.380488202674314, 439707.802125767804682 ], [ 434261.821620281843934, 439716.736170144169591 ], [ 434269.679111576639116, 439715.469601242803037 ], [ 434269.861738037259784, 439716.583593699033372 ], [ 434275.855318246700335, 439715.614939712220803 ], [ 434274.231505357427523, 439705.578024259302765 ], [ 434260.380488202674314, 439707.802125767804682 ] ] ] } },
{ "type": "Feature", "properties": { "amenity": null, "building": "garage", "denomination": null, "name": null, "ref:GB:uprn": null, "religion": null, "wikidata": null, "osm_type": "way", "osm_id": 690762162, "addr:city": null, "addr:housenumber": null, "addr:postcode": null, "addr:street": null, "addr:suburb": null, "addr:country": null, "source:addr:postcode": null, "addr:housename": null, "source:name": null, "community_centre": null, "man_made": null }, "geometry": { "type": "Polygon", "coordinates": [ [ [ 434293.887665070302319, 439708.358916278462857 ], [ 434289.191609988454729, 439709.114516091533005 ], [ 434290.167080111277755, 439715.152254489716142 ], [ 434294.863129306351766, 439714.396655675023794 ], [ 434293.887665070302319, 439708.358916278462857 ] ] ] } },
{ "type": "Feature", "properties": { "amenity": null, "building": "garage", "denomination": null, "name": null, "ref:GB:uprn": null, "religion": null, "wikidata": null, "osm_type": "way", "osm_id": 690762163, "addr:city": null, "addr:housenumber": null, "addr:postcode": null, "addr:street": null, "addr:suburb": null, "addr:country": null, "source:addr:postcode": null, "addr:housename": null, "source:name": null, "community_centre": null, "man_made": null }, "geometry": { "type": "Polygon", "coordinates": [ [ [ 434298.577143501723185, 439707.603273008135147 ], [ 434293.887665070302319, 439708.358916278462857 ], [ 434294.863129306351766, 439714.396655675023794 ], [ 434299.552520372264553, 439713.652139365323819 ], [ 434298.577143501723185, 439707.603273008135147 ] ] ] } },
{ "type": "Feature", "properties": { "amenity": null, "building": "house", "denomination": null, "name": null, "ref:GB:uprn": "72022958", "religion": null, "wikidata": null, "osm_type": "way", "osm_id": 690762164, "addr:city": "Leeds", "addr:housenumber": null, "addr:postcode": "LS17 8HE", "addr:street": null, "addr:suburb": null, "addr:country": "GB", "source:addr:postcode": "ONSUD;OS Open UPRN", "addr:housename": null, "source:name": null, "community_centre": null, "man_made": null }, "geometry": { "type": "Polygon", "coordinates": [ [ [ 434288.216218659013975, 439703.065651998040266 ], [ 434278.824101412435994, 439704.576867775409482 ], [ 434280.774986434495077, 439716.663466278696433 ], [ 434290.167080111277755, 439715.152254489716142 ], [ 434289.191609988454729, 439709.114516091533005 ], [ 434288.216218659013975, 439703.065651998040266 ] ] ] } },
{ "type": "Feature", "properties": { "amenity": null, "building": "house", "denomination": null, "name": null, "ref:GB:uprn": "72022957", "religion": null, "wikidata": null, "osm_type": "way", "osm_id": 690762165, "addr:city": "Leeds", "addr:housenumber": null, "addr:postcode": "LS17 8HE", "addr:street": null, "addr:suburb": null, "addr:country": "GB", "source:addr:postcode": "ONSUD;OS Open UPRN", "addr:housename": null, "source:name": null, "community_centre": null, "man_made": null }, "geometry": { "type": "Polygon", "coordinates": [ [ [ 434306.993812268250622, 439700.054354849737138 ], [ 434297.601682477572467, 439701.56553288444411 ], [ 434298.577143501723185, 439707.603273008135147 ], [ 434299.552520372264553, 439713.652139365323819 ], [ 434308.94462659326382, 439712.140965321217664 ], [ 434306.993812268250622, 439700.054354849737138 ] ] ] } },
{ "type": "Feature", "properties": { "amenity": null, "building": "farm", "denomination": null, "name": null, "ref:GB:uprn": "72126481", "religion": null, "wikidata": null, "osm_type": "way", "osm_id": 690772048, "addr:city": null, "addr:housenumber": null, "addr:postcode": null, "addr:street": null, "addr:suburb": null, "addr:country": null, "source:addr:postcode": null, "addr:housename": null, "source:name": null, "community_centre": null, "man_made": null }, "geometry": { "type": "Polygon", "coordinates": [ [ [ 434458.53141222987324, 439647.325472858268768 ], [ 434461.347009699500632, 439647.335064164362848 ], [ 434461.37077279377263, 439639.635656428872608 ], [ 434442.885043536312878, 439639.588677597348578 ], [ 434442.85772516974248, 439650.459129688679241 ], [ 434451.521677553304471, 439650.478351364843547 ], [ 434451.511292507871985, 439654.572850642027333 ], [ 434463.39210662827827, 439654.604633702547289 ], [ 434463.407688506762497, 439650.699324175249785 ], [ 434458.526424127223436, 439650.68565862311516 ], [ 434458.53141222987324, 439647.325472858268768 ] ] ] } },
{ "type": "Feature", "properties": { "amenity": null, "building": "farm_auxiliary", "denomination": null, "name": null, "ref:GB:uprn": null, "religion": null, "wikidata": null, "osm_type": "way", "osm_id": 690772049, "addr:city": null, "addr:housenumber": null, "addr:postcode": null, "addr:street": null, "addr:suburb": null, "addr:country": null, "source:addr:postcode": null, "addr:housename": null, "source:name": null, "community_centre": null, "man_made": null }, "geometry": { "type": "Polygon", "coordinates": [ [ [ 434373.46967380924616, 439581.843640513718128 ], [ 434373.561875616782345, 439601.549457152024843 ], [ 434391.792177070223261, 439601.460765265743248 ], [ 434391.699970501649659, 439581.766073932056315 ], [ 434373.46967380924616, 439581.843640513718128 ] ] ] } },
{ "type": "Feature", "properties": { "amenity": null, "building": "farm_auxiliary", "denomination": null, "name": null, "ref:GB:uprn": null, "religion": null, "wikidata": null, "osm_type": "way", "osm_id": 690772050, "addr:city": null, "addr:housenumber": null, "addr:postcode": null, "addr:street": null, "addr:suburb": null, "addr:country": null, "source:addr:postcode": null, "addr:housename": null, "source:name": null, "community_centre": null, "man_made": null }, "geometry": { "type": "Polygon", "coordinates": [ [ [ 434425.592528590466827, 439645.469874758622609 ], [ 434425.566588818095624, 439644.523926176596433 ], [ 434426.211426894238684, 439644.506413222639821 ], [ 434426.044758559321053, 439638.541350024519488 ], [ 434425.399919660412706, 439638.558863006765023 ], [ 434425.259108101308811, 439633.550874418113381 ], [ 434419.949008313706145, 439633.700995598803274 ], [ 434420.403569067886565, 439649.726587664452381 ], [ 434425.18730454123579, 439649.583724531345069 ], [ 434422.866112845484167, 439677.182793705258518 ], [ 434468.552763810846955, 439681.012573048938066 ], [ 434469.050229293527082, 439675.09690180211328 ], [ 434464.520340617280453, 439674.718639281112701 ], [ 434464.628348914324306, 439673.451005731127225 ], [ 434469.618472053669393, 439673.866035519866273 ], [ 434469.07307662232779, 439671.992758282227442 ], [ 434466.949384779611137, 439664.678101174067706 ], [ 434462.044769285363145, 439664.263703586300835 ], [ 434461.295048714382574, 439673.170565110980533 ], [ 434430.966498163994402, 439670.633162538404576 ], [ 434433.028425106487703, 439646.091995868831873 ], [ 434425.592528590466827, 439645.469874758622609 ] ] ] } },
{ "type": "Feature", "properties": { "amenity": null, "building": "farm_auxiliary", "denomination": null, "name": null, "ref:GB:uprn": null, "religion": null, "wikidata": null, "osm_type": "way", "osm_id": 690772051, "addr:city": null, "addr:housenumber": null, "addr:postcode": null, "addr:street": null, "addr:suburb": null, "addr:country": null, "source:addr:postcode": null, "addr:housename": null, "source:name": null, "community_centre": null, "man_made": null }, "geometry": { "type": "Polygon", "coordinates": [ [ [ 434402.781598391360603, 439651.210454850108363 ], [ 434402.90863446216099, 439678.693999279639684 ], [ 434411.375594641896896, 439678.656067089759745 ], [ 434411.24860841257032, 439651.172522238222882 ], [ 434402.781598391360603, 439651.210454850108363 ] ] ] } },
{ "type": "Feature", "properties": { "amenity": null, "building": "farm_auxiliary", "denomination": null, "name": null, "ref:GB:uprn": null, "religion": null, "wikidata": null, "osm_type": "way", "osm_id": 690772052, "addr:city": null, "addr:housenumber": null, "addr:postcode": null, "addr:street": null, "addr:suburb": null, "addr:country": null, "source:addr:postcode": null, "addr:housename": null, "source:name": null, "community_centre": null, "man_made": null }, "geometry": { "type": "Polygon", "coordinates": [ [ [ 434400.617136111715809, 439646.743930015247315 ], [ 434401.28154521738179, 439646.748810506309383 ], [ 434401.296987064590212, 439650.020133435726166 ], [ 434410.481116029550321, 439649.976340636843815 ], [ 434410.378620808827691, 439628.111891228472814 ], [ 434401.194448834809009, 439628.155684397672303 ], [ 434401.212913529481739, 439632.806723205372691 ], [ 434382.015719755319878, 439632.888278372935019 ], [ 434382.18764988379553, 439669.507057656417601 ], [ 434400.726865489385091, 439669.420671579777263 ], [ 434400.617136111715809, 439646.743930015247315 ] ] ] } },
{ "type": "Feature", "properties": { "amenity": null, "building": "house", "denomination": null, "name": null, "ref:GB:uprn": "72249415", "religion": null, "wikidata": null, "osm_type": "way", "osm_id": 690772453, "addr:city": "Leeds", "addr:housenumber": null, "addr:postcode": "LS17 8HZ", "addr:street": null, "addr:suburb": null, "addr:country": "GB", "source:addr:postcode": "ONSUD;OS Open UPRN", "addr:housename": null, "source:name": null, "community_centre": null, "man_made": null }, "geometry": { "type": "Polygon", "coordinates": [ [ [ 434485.011431610328145, 439636.482834067894146 ], [ 434483.517808749049436, 439632.944714799989015 ], [ 434474.252597554470412, 439636.848685351898894 ], [ 434478.242125580145512, 439646.291129011311568 ], [ 434490.886071036686189, 439640.965595732210204 ], [ 434488.38360617402941, 439635.061213158653118 ], [ 434485.011431610328145, 439636.482834067894146 ] ] ] } },
{ "type": "Feature", "properties": { "amenity": null, "building": "garage", "denomination": null, "name": null, "ref:GB:uprn": null, "religion": null, "wikidata": null, "osm_type": "way", "osm_id": 690772454, "addr:city": null, "addr:housenumber": null, "addr:postcode": null, "addr:street": null, "addr:suburb": null, "addr:country": null, "source:addr:postcode": null, "addr:housename": null, "source:name": null, "community_centre": null, "man_made": null }, "geometry": { "type": "Polygon", "coordinates": [ [ [ 434494.426136234251317, 439625.681515513570048 ], [ 434491.662686864379793, 439620.376043573720381 ], [ 434486.339975864859298, 439623.129612691351213 ], [ 434489.110007894109003, 439628.43512993096374 ], [ 434494.426136234251317, 439625.681515513570048 ] ] ] } },
{ "type": "Feature", "properties": { "amenity": null, "building": "house", "denomination": null, "name": null, "ref:GB:uprn": "72249414", "religion": null, "wikidata": null, "osm_type": "way", "osm_id": 690772455, "addr:city": "Leeds", "addr:housenumber": null, "addr:postcode": "LS17 8HZ", "addr:street": null, "addr:suburb": null, "addr:country": "GB", "source:addr:postcode": "ONSUD;OS Open UPRN", "addr:housename": null, "source:name": null, "community_centre": null, "man_made": null }, "geometry": { "type": "Polygon", "coordinates": [ [ [ 434500.312798300175928, 439616.92376493755728 ], [ 434497.712776086584199, 439619.797518649837002 ], [ 434500.052497136930469, 439621.89542194257956 ], [ 434496.649942356802057, 439625.653389420825988 ], [ 434503.740797498438042, 439632.036642168066464 ], [ 434509.736798602738418, 439625.404882844770327 ], [ 434500.312798300175928, 439616.92376493755728 ] ] ] } },
{ "type": "Feature", "properties": { "amenity": null, "building": "garage", "denomination": null, "name": null, "ref:GB:uprn": null, "religion": null, "wikidata": null, "osm_type": "way", "osm_id": 690772456, "addr:city": null, "addr:housenumber": null, "addr:postcode": null, "addr:street": null, "addr:suburb": null, "addr:country": null, "source:addr:postcode": null, "addr:housename": null, "source:name": null, "community_centre": null, "man_made": null }, "geometry": { "type": "Polygon", "coordinates": [ [ [ 434525.422708374622744, 439635.801443505682983 ], [ 434521.270559831522405, 439640.399486108100973 ], [ 434525.296309937955812, 439644.023044016445056 ], [ 434529.448377297667321, 439639.436130926595069 ], [ 434525.422708374622744, 439635.801443505682983 ] ] ] } },
{ "type": "Feature", "properties": { "amenity": null, "building": "house", "denomination": null, "name": null, "ref:GB:uprn": "72249413", "religion": null, "wikidata": null, "osm_type": "way", "osm_id": 690772457, "addr:city": "Leeds", "addr:housenumber": null, "addr:postcode": "LS17 8HZ", "addr:street": null, "addr:suburb": null, "addr:country": "GB", "source:addr:postcode": "ONSUD;OS Open UPRN", "addr:housename": null, "source:name": null, "community_centre": null, "man_made": null }, "geometry": { "type": "Polygon", "coordinates": [ [ [ 434515.734230955247767, 439635.540876051527448 ], [ 434520.230512134730816, 439639.590706894989125 ], [ 434524.555091165238991, 439634.80478291970212 ], [ 434513.954743613139726, 439625.269067740417086 ], [ 434507.448023910576012, 439632.464513350161724 ], [ 434513.552005288307555, 439637.961511069093831 ], [ 434515.734230955247767, 439635.540876051527448 ] ] ] } },
{ "type": "Feature", "properties": { "amenity": null, "building": "house", "denomination": null, "name": null, "ref:GB:uprn": "72534456", "religion": null, "wikidata": null, "osm_type": "way", "osm_id": 690772458, "addr:city": "Leeds", "addr:housenumber": null, "addr:postcode": "LS17 8HZ", "addr:street": null, "addr:suburb": null, "addr:country": "GB", "source:addr:postcode": "ONSUD;OS Open UPRN", "addr:housename": null, "source:name": null, "community_centre": null, "man_made": null }, "geometry": { "type": "Polygon", "coordinates": [ [ [ 434520.182739457290154, 439652.319146338733844 ], [ 434527.411501707741991, 439658.725705794640817 ], [ 434533.574093867093325, 439651.80591432901565 ], [ 434526.351907383301295, 439645.399393902393058 ], [ 434520.182739457290154, 439652.319146338733844 ] ] ] } },
{ "type": "Feature", "properties": { "amenity": null, "building": "farm_auxiliary", "denomination": null, "name": null, "ref:GB:uprn": null, "religion": null, "wikidata": null, "osm_type": "way", "osm_id": 690772459, "addr:city": null, "addr:housenumber": null, "addr:postcode": null, "addr:street": null, "addr:suburb": null, "addr:country": null, "source:addr:postcode": null, "addr:housename": null, "source:name": null, "community_centre": null, "man_made": null }, "geometry": { "type": "Polygon", "coordinates": [ [ [ 434474.65429288870655, 439651.093645325279795 ], [ 434479.146164006961044, 439670.041874863789417 ], [ 434485.235387117485516, 439668.606877041747794 ], [ 434480.743621076981071, 439649.64751562953461 ], [ 434474.65429288870655, 439651.093645325279795 ] ] ] } },
{ "type": "Feature", "properties": { "amenity": null, "building": "house", "denomination": null, "name": null, "ref:GB:uprn": "72249411", "religion": null, "wikidata": null, "osm_type": "way", "osm_id": 690772460, "addr:city": "Leeds", "addr:housenumber": null, "addr:postcode": "LS17 8HZ", "addr:street": null, "addr:suburb": null, "addr:country": "GB", "source:addr:postcode": "ONSUD;OS Open UPRN", "addr:housename": null, "source:name": null, "community_centre": null, "man_made": null }, "geometry": { "type": "Polygon", "coordinates": [ [ [ 434502.186273893574253, 439660.876373904175125 ], [ 434507.46402605791809, 439664.219849955872633 ], [ 434511.097911886114161, 439658.527572595397942 ], [ 434513.402729267196264, 439660.002138070296496 ], [ 434517.901809034578037, 439652.958801172208041 ], [ 434510.319228517415468, 439648.140748345293105 ], [ 434502.186273893574253, 439660.876373904175125 ] ] ] } },
{ "type": "Feature", "properties": { "amenity": null, "building": "house", "denomination": null, "name": null, "ref:GB:uprn": "72249410", "religion": null, "wikidata": null, "osm_type": "way", "osm_id": 690772461, "addr:city": "Leeds", "addr:housenumber": null, "addr:postcode": "LS17 8HZ", "addr:street": null, "addr:suburb": null, "addr:country": "GB", "source:addr:postcode": "ONSUD;OS Open UPRN", "addr:housename": null, "source:name": null, "community_centre": null, "man_made": null }, "geometry": { "type": "Polygon", "coordinates": [ [ [ 434503.303989440726582, 439670.787252318812534 ], [ 434504.868983251973987, 439671.777920639258809 ], [ 434507.304832763620652, 439667.968329710303806 ], [ 434505.746416447858792, 439666.977709050173871 ], [ 434506.884583095670678, 439665.183591626118869 ], [ 434501.783625704818405, 439661.952684364165179 ], [ 434498.688905467395671, 439666.792195066111162 ], [ 434496.253094949352089, 439665.238785985857248 ], [ 434491.70743805449456, 439672.359686292824335 ], [ 434499.250773924111854, 439677.144040488288738 ], [ 434503.303989440726582, 439670.787252318812534 ] ] ] } },
{ "type": "Feature", "properties": { "amenity": null, "building": "house", "denomination": null, "name": null, "ref:GB:uprn": "72127003", "religion": null, "wikidata": null, "osm_type": "way", "osm_id": 690772849, "addr:city": "Leeds", "addr:housenumber": null, "addr:postcode": "LS17 8JE", "addr:street": null, "addr:suburb": null, "addr:country": "GB", "source:addr:postcode": "ONSUD;OS Open UPRN", "addr:housename": null, "source:name": null, "community_centre": null, "man_made": null }, "geometry": { "type": "Polygon", "coordinates": [ [ [ 434591.408521046629176, 439646.268905388191342 ], [ 434583.516767751658335, 439645.910202972358093 ], [ 434583.095316972408909, 439654.875104368897155 ], [ 434590.993551240011584, 439655.244980683666654 ], [ 434591.408521046629176, 439646.268905388191342 ] ] ] } },
{ "type": "Feature", "properties": { "amenity": null, "building": "house", "denomination": null, "name": null, "ref:GB:uprn": "72127005", "religion": null, "wikidata": null, "osm_type": "way", "osm_id": 690772850, "addr:city": "Leeds", "addr:housenumber": null, "addr:postcode": "LS17 8JE", "addr:street": null, "addr:suburb": null, "addr:country": "GB", "source:addr:postcode": "ONSUD;OS Open UPRN", "addr:housename": null, "source:name": null, "community_centre": null, "man_made": null }, "geometry": { "type": "Polygon", "coordinates": [ [ [ 434582.725321518199053, 439633.709640292800032 ], [ 434582.248210786201525, 439643.975938987452537 ], [ 434591.908958194078878, 439644.425591562641785 ], [ 434592.386090155981947, 439634.159293766482733 ], [ 434582.725321518199053, 439633.709640292800032 ] ] ] } },
{ "type": "Feature", "properties": { "amenity": null, "building": "house", "denomination": null, "name": null, "ref:GB:uprn": "72127007", "religion": null, "wikidata": null, "osm_type": "way", "osm_id": 690772851, "addr:city": "Leeds", "addr:housenumber": null, "addr:postcode": "LS17 8JE", "addr:street": null, "addr:suburb": null, "addr:country": "GB", "source:addr:postcode": "ONSUD;OS Open UPRN", "addr:housename": null, "source:name": null, "community_centre": null, "man_made": null }, "geometry": { "type": "Polygon", "coordinates": [ [ [ 434584.262477107986342, 439627.779404646833427 ], [ 434581.888355170493014, 439627.672860203776509 ], [ 434581.685030592256226, 439632.044099799124524 ], [ 434592.746658122923691, 439632.548604815849103 ], [ 434593.216556831030175, 439622.371266364585608 ], [ 434584.529030090197921, 439621.973304898827337 ], [ 434584.262477107986342, 439627.779404646833427 ] ] ] } },
{ "type": "Feature", "properties": { "amenity": null, "building": "house", "denomination": null, "name": null, "ref:GB:uprn": "72127009", "religion": null, "wikidata": null, "osm_type": "way", "osm_id": 690772852, "addr:city": "Leeds", "addr:housenumber": null, "addr:postcode": "LS17 8JE", "addr:street": null, "addr:suburb": null, "addr:country": "GB", "source:addr:postcode": "ONSUD;OS Open UPRN", "addr:housename": null, "source:name": null, "community_centre": null, "man_made": null }, "geometry": { "type": "Polygon", "coordinates": [ [ [ 434597.158696438302286, 439617.716102603822947 ], [ 434597.393527551728766, 439612.644122606958263 ], [ 434595.256136806798168, 439612.550446904380806 ], [ 434595.443523434572853, 439608.557393436203711 ], [ 434587.0190234730253, 439608.172497234772891 ], [ 434586.596824399661273, 439617.237531490623951 ], [ 434597.158696438302286, 439617.716102603822947 ] ] ] } },
{ "type": "Feature", "properties": { "amenity": null, "building": "house", "denomination": null, "name": null, "ref:GB:uprn": "72127011", "religion": null, "wikidata": null, "osm_type": "way", "osm_id": 690772853, "addr:city": "Leeds", "addr:housenumber": null, "addr:postcode": "LS17 8JE", "addr:street": null, "addr:suburb": null, "addr:country": "GB", "source:addr:postcode": "ONSUD;OS Open UPRN", "addr:housename": null, "source:name": null, "community_centre": null, "man_made": null }, "geometry": { "type": "Polygon", "coordinates": [ [ [ 434576.237715528579429, 439604.443371679051779 ], [ 434586.518560125958174, 439605.565184427658096 ], [ 434587.449600454536267, 439597.082489790394902 ], [ 434577.168737337982748, 439595.960675074136816 ], [ 434576.237715528579429, 439604.443371679051779 ] ] ] } },
{ "type": "Feature", "properties": { "amenity": null, "building": "house", "denomination": null, "name": null, "ref:GB:uprn": "72127013", "religion": null, "wikidata": null, "osm_type": "way", "osm_id": 690772854, "addr:city": "Leeds", "addr:housenumber": null, "addr:postcode": "LS17 8JE", "addr:street": null, "addr:suburb": null, "addr:country": "GB", "source:addr:postcode": "ONSUD;OS Open UPRN", "addr:housename": null, "source:name": null, "community_centre": null, "man_made": null }, "geometry": { "type": "Polygon", "coordinates": [ [ [ 434564.881955701333936, 439594.75731833872851 ], [ 434563.958191332174465, 439603.151058154064231 ], [ 434573.548805525060743, 439604.200988726923242 ], [ 434574.466008607007097, 439595.807202160474844 ], [ 434564.881955701333936, 439594.75731833872851 ] ] ] } },
{ "type": "Feature", "properties": { "amenity": null, "building": "house", "denomination": null, "name": null, "ref:GB:uprn": "72127014", "religion": null, "wikidata": null, "osm_type": "way", "osm_id": 690772855, "addr:city": "Leeds", "addr:housenumber": null, "addr:postcode": "LS17 8JE", "addr:street": null, "addr:suburb": null, "addr:country": "GB", "source:addr:postcode": "ONSUD;OS Open UPRN", "addr:housename": null, "source:name": null, "community_centre": null, "man_made": null }, "geometry": { "type": "Polygon", "coordinates": [ [ [ 434560.238899238116574, 439599.006780106225051 ], [ 434562.684166603896301, 439599.280736924265511 ], [ 434563.227241553890053, 439594.333422882948071 ], [ 434553.196181579958647, 439593.235757851274684 ], [ 434552.20904624502873, 439602.19648705702275 ], [ 434559.801400220778305, 439603.020242009195499 ], [ 434560.238899238116574, 439599.006780106225051 ] ] ] } },
{ "type": "Feature", "properties": { "amenity": null, "building": "house", "denomination": null, "name": null, "ref:GB:uprn": "72127012", "religion": null, "wikidata": null, "osm_type": "way", "osm_id": 690772856, "addr:city": "Leeds", "addr:housenumber": null, "addr:postcode": "LS17 8JE", "addr:street": null, "addr:suburb": null, "addr:country": "GB", "source:addr:postcode": "ONSUD;OS Open UPRN", "addr:housename": null, "source:name": null, "community_centre": null, "man_made": null }, "geometry": { "type": "Polygon", "coordinates": [ [ [ 434537.476454478106461, 439591.873627277091146 ], [ 434536.538843784830533, 439600.367408911813982 ], [ 434550.218097931297962, 439601.870254595414735 ], [ 434551.149154910293873, 439593.376427058363333 ], [ 434537.476454478106461, 439591.873627277091146 ] ] ] } },
{ "type": "Feature", "properties": { "amenity": null, "building": "house", "denomination": null, "name": null, "ref:GB:uprn": "72127010", "religion": null, "wikidata": null, "osm_type": "way", "osm_id": 690772857, "addr:city": "Leeds", "addr:housenumber": null, "addr:postcode": "LS17 8JE", "addr:street": null, "addr:suburb": null, "addr:country": "GB", "source:addr:postcode": "ONSUD;OS Open UPRN", "addr:housename": null, "source:name": null, "community_centre": null, "man_made": null }, "geometry": { "type": "Polygon", "coordinates": [ [ [ 434529.766143505112268, 439613.291043787146918 ], [ 434538.970261908660177, 439614.115522492094897 ], [ 434539.651414340361953, 439606.498848411138169 ], [ 434535.417490409046877, 439606.12270063336473 ], [ 434535.704664824123029, 439602.864734583767131 ], [ 434530.741030334960669, 439602.416450596181676 ], [ 434529.766143505112268, 439613.291043787146918 ] ] ] } },
{ "type": "Feature", "properties": { "amenity": null, "building": "house", "denomination": null, "name": null, "ref:GB:uprn": "72127008", "religion": null, "wikidata": null, "osm_type": "way", "osm_id": 690772858, "addr:city": "Leeds", "addr:housenumber": null, "addr:postcode": "LS17 8JE", "addr:street": null, "addr:suburb": null, "addr:country": "GB", "source:addr:postcode": "ONSUD;OS Open UPRN", "addr:housename": null, "source:name": null, "community_centre": null, "man_made": null }, "geometry": { "type": "Polygon", "coordinates": [ [ [ 434535.403342588688247, 439625.883377459249459 ], [ 434543.956672292028088, 439626.636307795299217 ], [ 434544.630514457705431, 439619.119719398440793 ], [ 434536.077253102266695, 439618.355661928886548 ], [ 434535.403342588688247, 439625.883377459249459 ] ] ] } },
{ "type": "Feature", "properties": { "amenity": null, "building": "house", "denomination": null, "name": null, "ref:GB:uprn": "72127006", "religion": null, "wikidata": null, "osm_type": "way", "osm_id": 690772859, "addr:city": "Leeds", "addr:housenumber": null, "addr:postcode": "LS17 8JE", "addr:street": null, "addr:suburb": null, "addr:country": "GB", "source:addr:postcode": "ONSUD;OS Open UPRN", "addr:housename": null, "source:name": null, "community_centre": null, "man_made": null }, "geometry": { "type": "Polygon", "coordinates": [ [ [ 434550.481561286374927, 439639.27971470321063 ], [ 434551.176789208548144, 439631.540753451758064 ], [ 434542.55776827246882, 439630.776198666542768 ], [ 434541.862554563500453, 439638.515161138726398 ], [ 434550.481561286374927, 439639.27971470321063 ] ] ] } },
{ "type": "Feature", "properties": { "amenity": null, "building": "house", "denomination": null, "name": null, "ref:GB:uprn": null, "religion": null, "wikidata": null, "osm_type": "way", "osm_id": 690772860, "addr:city": null, "addr:housenumber": null, "addr:postcode": null, "addr:street": null, "addr:suburb": null, "addr:country": null, "source:addr:postcode": null, "addr:housename": null, "source:name": null, "community_centre": null, "man_made": null }, "geometry": { "type": "Polygon", "coordinates": [ [ [ 434550.056984173425008, 439643.326652663061395 ], [ 434549.3618415792007, 439651.054488244000822 ], [ 434557.961089135264046, 439651.818910135654733 ], [ 434558.649667576770298, 439644.091027228627354 ], [ 434550.056984173425008, 439643.326652663061395 ] ] ] } },
{ "type": "Feature", "properties": { "amenity": null, "building": "yes", "denomination": null, "name": null, "ref:GB:uprn": null, "religion": null, "wikidata": null, "osm_type": "way", "osm_id": 690773302, "addr:city": null, "addr:housenumber": null, "addr:postcode": null, "addr:street": null, "addr:suburb": null, "addr:country": null, "source:addr:postcode": null, "addr:housename": null, "source:name": null, "community_centre": null, "man_made": null }, "geometry": { "type": "Polygon", "coordinates": [ [ [ 434703.97588674724102, 439651.630246449261904 ], [ 434701.025608932948671, 439651.152194806025364 ], [ 434700.266793391783722, 439655.897617948707193 ], [ 434703.217150717740878, 439656.364543165778741 ], [ 434703.97588674724102, 439651.630246449261904 ] ] ] } },
{ "type": "Feature", "properties": { "amenity": "community_centre", "building": "public", "denomination": null, "name": "Shadwell Village Hall", "ref:GB:uprn": null, "religion": null, "wikidata": null, "osm_type": "way", "osm_id": 690773303, "addr:city": "Shadwell", "addr:housenumber": null, "addr:postcode": null, "addr:street": "Main Street", "addr:suburb": null, "addr:country": null, "source:addr:postcode": null, "addr:housename": null, "source:name": null, "community_centre": "village_hall", "man_made": null }, "geometry": { "type": "Polygon", "coordinates": [ [ [ 434710.111434963997453, 439637.74525113706477 ], [ 434709.90468448860338, 439639.012147841509432 ], [ 434706.0410020329291, 439638.393804404768161 ], [ 434704.895984420261811, 439645.539704008959234 ], [ 434706.36129875597544, 439645.77309470414184 ], [ 434704.657632661226671, 439656.397471067495644 ], [ 434713.916060153220315, 439657.868039696244523 ], [ 434714.743888848810457, 439652.689193902187981 ], [ 434717.1785327171674, 439637.530598863377236 ], [ 434718.867264512402471, 439637.799029447021894 ], [ 434719.274439668166451, 439635.231810176977888 ], [ 434717.592285289545543, 439634.963428216637112 ], [ 434719.185867707128637, 439624.994708060170524 ], [ 434712.332410694274586, 439623.898005700670183 ], [ 434710.801263701228891, 439633.43325452087447 ], [ 434706.740391756000463, 439632.791195862228051 ], [ 434706.044070823583752, 439637.092018350842409 ], [ 434710.111434963997453, 439637.74525113706477 ] ] ] } },
{ "type": "Feature", "properties": { "amenity": null, "building": "school", "denomination": null, "name": null, "ref:GB:uprn": "72663416", "religion": null, "wikidata": null, "osm_type": "way", "osm_id": 690773304, "addr:city": null, "addr:housenumber": null, "addr:postcode": null, "addr:street": null, "addr:suburb": null, "addr:country": null, "source:addr:postcode": null, "addr:housename": null, "source:name": null, "community_centre": null, "man_made": null }, "geometry": { "type": "Polygon", "coordinates": [ [ [ 434611.670862835017033, 439597.305943742976524 ], [ 434610.573756365862209, 439604.218560685636476 ], [ 434620.233184318407439, 439605.747538305004127 ], [ 434619.743173222115729, 439608.848228424089029 ], [ 434622.581817949132528, 439609.303149823565036 ], [ 434624.169037748244591, 439599.278719938942231 ], [ 434611.670862835017033, 439597.305943742976524 ] ] ] } },
{ "type": "Feature", "properties": { "amenity": null, "building": "school", "denomination": null, "name": null, "ref:GB:uprn": null, "religion": null, "wikidata": null, "osm_type": "way", "osm_id": 690773306, "addr:city": null, "addr:housenumber": null, "addr:postcode": null, "addr:street": null, "addr:suburb": null, "addr:country": null, "source:addr:postcode": null, "addr:housename": null, "source:name": null, "community_centre": null, "man_made": null }, "geometry": { "type": "Polygon", "coordinates": [ [ [ 434650.652103471104056, 439648.576142704114318 ], [ 434650.003530910005793, 439652.654794945730828 ], [ 434665.543835252872668, 439655.117509557283483 ], [ 434667.075954052503221, 439645.437608489533886 ], [ 434671.866188755840994, 439646.196298307739198 ], [ 434672.287152988719754, 439643.540164735401049 ], [ 434677.333695907087531, 439644.334137507015839 ], [ 434678.790020389424171, 439635.120994831551798 ], [ 434668.959799403441139, 439633.568377549294382 ], [ 434670.029355168517213, 439626.833594270166941 ], [ 434655.921390222094487, 439624.603996611083858 ], [ 434657.819277007482015, 439612.612473425571807 ], [ 434656.761314148781821, 439612.448872059350833 ], [ 434658.900566536060069, 439598.957048822659999 ], [ 434641.500447315978818, 439596.202437013038434 ], [ 434639.361244195315521, 439609.694267978193238 ], [ 434648.218997651012614, 439611.094981893664226 ], [ 434647.604713736043777, 439614.984736285405234 ], [ 434648.734873574983794, 439615.171122875297442 ], [ 434648.279547078767791, 439618.027282343478873 ], [ 434649.863118356966879, 439618.283783232676797 ], [ 434649.034944799554069, 439623.518269808148034 ], [ 434636.937712316634133, 439621.604024351574481 ], [ 434633.936005989031401, 439640.530371164088137 ], [ 434640.007623511890415, 439641.487656502518803 ], [ 434639.16597885475494, 439646.766551475622691 ], [ 434650.652103471104056, 439648.576142704114318 ] ] ] } },
{ "type": "Feature", "properties": { "amenity": null, "building": "garage", "denomination": null, "name": null, "ref:GB:uprn": null, "religion": null, "wikidata": null, "osm_type": "way", "osm_id": 690855207, "addr:city": null, "addr:housenumber": null, "addr:postcode": null, "addr:street": null, "addr:suburb": null, "addr:country": null, "source:addr:postcode": null, "addr:housename": null, "source:name": null, "community_centre": null, "man_made": null }, "geometry": { "type": "Polygon", "coordinates": [ [ [ 434277.180255989776924, 439340.414862896432169 ], [ 434280.519709021144081, 439346.180605534347706 ], [ 434286.20834848418599, 439342.895404790178873 ], [ 434282.868818569811992, 439337.140784056042321 ], [ 434277.180255989776924, 439340.414862896432169 ] ] ] } },
{ "type": "Feature", "properties": { "amenity": null, "building": "house", "denomination": null, "name": null, "ref:GB:uprn": "72076265", "religion": null, "wikidata": null, "osm_type": "way", "osm_id": 690855208, "addr:city": "Leeds", "addr:housenumber": null, "addr:postcode": "LS17 8LW", "addr:street": null, "addr:suburb": null, "addr:country": "GB", "source:addr:postcode": "ONSUD;OS Open UPRN", "addr:housename": null, "source:name": null, "community_centre": null, "man_made": null }, "geometry": { "type": "Polygon", "coordinates": [ [ [ 434257.855505434446968, 439345.180287739844061 ], [ 434259.73315815551905, 439348.420722368056886 ], [ 434271.116907226270996, 439341.861451350268908 ], [ 434265.724440033955034, 439332.542451394489035 ], [ 434254.334097466897219, 439339.101687419693917 ], [ 434255.97793144674506, 439341.9287279372802 ], [ 434254.881141644495074, 439342.566046464839019 ], [ 434256.758797501737718, 439345.806479870225303 ], [ 434257.855505434446968, 439345.180287739844061 ] ] ] } },
{ "type": "Feature", "properties": { "amenity": null, "building": "garage", "denomination": null, "name": null, "ref:GB:uprn": null, "religion": null, "wikidata": null, "osm_type": "way", "osm_id": 690855209, "addr:city": null, "addr:housenumber": null, "addr:postcode": null, "addr:street": null, "addr:suburb": null, "addr:country": null, "source:addr:postcode": null, "addr:housename": null, "source:name": null, "community_centre": null, "man_made": null }, "geometry": { "type": "Polygon", "coordinates": [ [ [ 434260.635741563863121, 439326.663785116863437 ], [ 434262.861422888177913, 439329.995779049117118 ], [ 434268.69245607953053, 439326.133017809246667 ], [ 434266.466776992834639, 439322.801021107123233 ], [ 434263.557877525920048, 439324.726887350785546 ], [ 434260.635741563863121, 439326.663785116863437 ] ] ] } },
{ "type": "Feature", "properties": { "amenity": null, "building": "house", "denomination": null, "name": null, "ref:GB:uprn": "72076266", "religion": null, "wikidata": null, "osm_type": "way", "osm_id": 690855210, "addr:city": "Leeds", "addr:housenumber": null, "addr:postcode": "LS17 8LW", "addr:street": null, "addr:suburb": null, "addr:country": "GB", "source:addr:postcode": "ONSUD;OS Open UPRN", "addr:housename": null, "source:name": null, "community_centre": null, "man_made": null }, "geometry": { "type": "Polygon", "coordinates": [ [ [ 434250.862298764230218, 439327.137505882768892 ], [ 434248.429438154271338, 439328.744192564394325 ], [ 434251.201640036713798, 439332.914668665733188 ], [ 434260.635741563863121, 439326.663785116863437 ], [ 434263.557877525920048, 439324.726887350785546 ], [ 434258.29319415660575, 439316.821903694421053 ], [ 434255.099942683475092, 439318.945973339257762 ], [ 434254.371176046377514, 439317.839114719885401 ], [ 434247.6409581945627, 439322.307279300759546 ], [ 434250.862298764230218, 439327.137505882768892 ] ] ] } },
{ "type": "Feature", "properties": { "amenity": null, "building": "house", "denomination": null, "name": null, "ref:GB:uprn": "72076267", "religion": null, "wikidata": null, "osm_type": "way", "osm_id": 690855211, "addr:city": "Leeds", "addr:housenumber": null, "addr:postcode": "LS17 8LW", "addr:street": null, "addr:suburb": null, "addr:country": "GB", "source:addr:postcode": "ONSUD;OS Open UPRN", "addr:housename": null, "source:name": null, "community_centre": null, "man_made": null }, "geometry": { "type": "Polygon", "coordinates": [ [ [ 434251.666905625606887, 439310.676090854569338 ], [ 434246.726630171760917, 439305.187955143512227 ], [ 434243.600862261198927, 439307.980119246290997 ], [ 434240.833906393498182, 439304.888962031924166 ], [ 434239.125273693993222, 439306.423062243731692 ], [ 434236.932611934433226, 439303.970319087733515 ], [ 434231.760505984711926, 439308.594541215454228 ], [ 434236.726866298471577, 439314.116231289110146 ], [ 434235.408988286042586, 439315.297139432048425 ], [ 434237.529929558630101, 439317.66034527879674 ], [ 434238.847807458136231, 439316.479437732719816 ], [ 434241.660483639105223, 439319.61543434637133 ], [ 434251.666905625606887, 439310.676090854569338 ] ] ] } },
{ "type": "Feature", "properties": { "amenity": null, "building": "house", "denomination": null, "name": null, "ref:GB:uprn": "72076268", "religion": null, "wikidata": null, "osm_type": "way", "osm_id": 690855212, "addr:city": null, "addr:housenumber": null, "addr:postcode": null, "addr:street": null, "addr:suburb": null, "addr:country": null, "source:addr:postcode": null, "addr:housename": null, "source:name": null, "community_centre": null, "man_made": null }, "geometry": { "type": "Polygon", "coordinates": [ [ [ 434234.088834293885157, 439298.786812548525631 ], [ 434235.778056962648407, 439297.208062411402352 ], [ 434231.260573487263173, 439292.379500498645939 ], [ 434223.258664322202094, 439299.809195787995122 ], [ 434226.307221998111345, 439303.080424998304807 ], [ 434228.029497056442779, 439301.479660513345152 ], [ 434232.462019842816517, 439306.229712606873363 ], [ 434237.052592778112739, 439301.957290072692558 ], [ 434234.088834293885157, 439298.786812548525631 ] ] ] } },
{ "type": "Feature", "properties": { "amenity": null, "building": "house", "denomination": null, "name": null, "ref:GB:uprn": "72076269", "religion": null, "wikidata": null, "osm_type": "way", "osm_id": 690855213, "addr:city": "Leeds", "addr:housenumber": null, "addr:postcode": "LS17 8LW", "addr:street": null, "addr:suburb": null, "addr:country": "GB", "source:addr:postcode": "ONSUD;OS Open UPRN", "addr:housename": null, "source:name": null, "community_centre": null, "man_made": null }, "geometry": { "type": "Polygon", "coordinates": [ [ [ 434231.260573487263173, 439292.379500498645939 ], [ 434226.743161925987806, 439287.539817067445256 ], [ 434220.463527257961687, 439293.368752797134221 ], [ 434221.651602691679727, 439294.645860078278929 ], [ 434219.929327369085513, 439296.246626901905984 ], [ 434223.258664322202094, 439299.809195787995122 ], [ 434231.260573487263173, 439292.379500498645939 ] ] ] } },
{ "type": "Feature", "properties": { "amenity": null, "building": "house", "denomination": null, "name": null, "ref:GB:uprn": "72076271", "religion": null, "wikidata": null, "osm_type": "way", "osm_id": 690855214, "addr:city": "Leeds", "addr:housenumber": null, "addr:postcode": "LS17 8LW", "addr:street": null, "addr:suburb": null, "addr:country": "GB", "source:addr:postcode": "ONSUD;OS Open UPRN", "addr:housename": null, "source:name": null, "community_centre": null, "man_made": null }, "geometry": { "type": "Polygon", "coordinates": [ [ [ 434218.25614139821846, 439277.619681591051631 ], [ 434211.342879528645426, 439270.214530756347813 ], [ 434205.447413554124068, 439275.690242950688116 ], [ 434209.194489519461058, 439279.712040723767132 ], [ 434207.048243321478367, 439281.710271612391807 ], [ 434210.207770286884625, 439285.104692460037768 ], [ 434218.25614139821846, 439277.619681591051631 ] ] ] } },
{ "type": "Feature", "properties": { "amenity": null, "building": "house", "denomination": null, "name": null, "ref:GB:uprn": "72076270", "religion": null, "wikidata": null, "osm_type": "way", "osm_id": 690855215, "addr:city": null, "addr:housenumber": null, "addr:postcode": null, "addr:street": null, "addr:suburb": null, "addr:country": null, "source:addr:postcode": null, "addr:housename": null, "source:name": null, "community_centre": null, "man_made": null }, "geometry": { "type": "Polygon", "coordinates": [ [ [ 434215.742252776166424, 439286.71396273188293 ], [ 434216.786735235946253, 439287.834248051396571 ], [ 434222.682199599919841, 439282.358550084638409 ], [ 434218.25614139821846, 439277.619681591051631 ], [ 434210.207770286884625, 439285.104692460037768 ], [ 434213.589428093633614, 439288.712142573553137 ], [ 434215.742252776166424, 439286.71396273188293 ] ] ] } },
{ "type": "Feature", "properties": { "amenity": null, "building": "house", "denomination": null, "name": null, "ref:GB:uprn": "72533036", "religion": null, "wikidata": null, "osm_type": "way", "osm_id": 690855216, "addr:city": null, "addr:housenumber": null, "addr:postcode": null, "addr:street": null, "addr:suburb": null, "addr:country": null, "source:addr:postcode": null, "addr:housename": null, "source:name": null, "community_centre": null, "man_made": null }, "geometry": { "type": "Polygon", "coordinates": [ [ [ 434192.8158980862936, 439270.212763484567404 ], [ 434201.547954768349882, 439275.416983347036876 ], [ 434208.654594343912322, 439263.552344936062582 ], [ 434199.922522998298518, 439258.348111928673461 ], [ 434192.8158980862936, 439270.212763484567404 ] ] ] } },
{ "type": "Feature", "properties": { "amenity": null, "building": "house", "denomination": null, "name": null, "ref:GB:uprn": null, "religion": null, "wikidata": null, "osm_type": "way", "osm_id": 690855217, "addr:city": null, "addr:housenumber": null, "addr:postcode": null, "addr:street": null, "addr:suburb": null, "addr:country": null, "source:addr:postcode": null, "addr:housename": null, "source:name": null, "community_centre": null, "man_made": null }, "geometry": { "type": "Polygon", "coordinates": [ [ [ 434182.770657073648181, 439267.34667865280062 ], [ 434180.31960272998549, 439271.445615326636471 ], [ 434186.038402442471124, 439274.847569786943495 ], [ 434193.0983826960437, 439263.0604534430895 ], [ 434189.960596185410395, 439261.190540733048692 ], [ 434189.381170741165988, 439262.154321174020879 ], [ 434184.147162869223393, 439259.034064693609253 ], [ 434180.11767411994515, 439265.758474422967993 ], [ 434182.770657073648181, 439267.34667865280062 ] ] ] } },
{ "type": "Feature", "properties": { "amenity": null, "building": "house", "denomination": null, "name": null, "ref:GB:uprn": null, "religion": null, "wikidata": null, "osm_type": "way", "osm_id": 690855218, "addr:city": null, "addr:housenumber": null, "addr:postcode": null, "addr:street": null, "addr:suburb": null, "addr:country": null, "source:addr:postcode": null, "addr:housename": null, "source:name": null, "community_centre": null, "man_made": null }, "geometry": { "type": "Polygon", "coordinates": [ [ [ 434174.883583080663811, 439262.64935427706223 ], [ 434180.11767411994515, 439265.758474422967993 ], [ 434184.147162869223393, 439259.034064693609253 ], [ 434183.072859187028371, 439258.392010921146721 ], [ 434184.604753024585079, 439255.832957767299376 ], [ 434180.445040358405095, 439253.354759620502591 ], [ 434174.883583080663811, 439262.64935427706223 ] ] ] } },
{ "type": "Feature", "properties": { "amenity": null, "building": "garage", "denomination": null, "name": null, "ref:GB:uprn": null, "religion": null, "wikidata": null, "osm_type": "way", "osm_id": 690855219, "addr:city": null, "addr:housenumber": null, "addr:postcode": null, "addr:street": null, "addr:suburb": null, "addr:country": null, "source:addr:postcode": null, "addr:housename": null, "source:name": null, "community_centre": null, "man_made": null }, "geometry": { "type": "Polygon", "coordinates": [ [ [ 434141.127283365873154, 439241.674420426599681 ], [ 434139.409173230233137, 439244.510294039500877 ], [ 434143.38535569619853, 439246.898105026572011 ], [ 434145.103467411536258, 439244.062232860946096 ], [ 434141.127283365873154, 439241.674420426599681 ] ] ] } },
{ "type": "Feature", "properties": { "amenity": null, "building": "house", "denomination": null, "name": null, "ref:GB:uprn": "72231696", "religion": null, "wikidata": null, "osm_type": "way", "osm_id": 690855220, "addr:city": null, "addr:housenumber": null, "addr:postcode": null, "addr:street": null, "addr:suburb": null, "addr:country": null, "source:addr:postcode": null, "addr:housename": null, "source:name": null, "community_centre": null, "man_made": null }, "geometry": { "type": "Polygon", "coordinates": [ [ [ 434142.792826161603443, 439237.024536755052395 ], [ 434144.292630617623217, 439235.255221700645052 ], [ 434147.784504502022173, 439238.195833388366736 ], [ 434150.923572181607597, 439234.480198931414634 ], [ 434147.431697425723542, 439231.539584916317835 ], [ 434148.765654073271435, 439229.958213531179354 ], [ 434142.697259909880813, 439224.862522145849653 ], [ 434136.731013784825336, 439231.928901016246527 ], [ 434142.792826161603443, 439237.024536755052395 ] ] ] } },
{ "type": "Feature", "properties": { "amenity": null, "building": "house", "denomination": null, "name": null, "ref:GB:uprn": "72231694", "religion": null, "wikidata": null, "osm_type": "way", "osm_id": 690855221, "addr:city": null, "addr:housenumber": null, "addr:postcode": null, "addr:street": null, "addr:suburb": null, "addr:country": null, "source:addr:postcode": null, "addr:housename": null, "source:name": null, "community_centre": null, "man_made": null }, "geometry": { "type": "Polygon", "coordinates": [ [ [ 434139.38817875739187, 439241.072037360398099 ], [ 434142.792826161603443, 439237.024536755052395 ], [ 434136.731013784825336, 439231.928901016246527 ], [ 434133.319870243780315, 439235.965232106274925 ], [ 434139.38817875739187, 439241.072037360398099 ] ] ] } },
{ "type": "Feature", "properties": { "amenity": null, "building": "yes", "denomination": null, "name": null, "ref:GB:uprn": null, "religion": null, "wikidata": null, "osm_type": "way", "osm_id": 690855222, "addr:city": null, "addr:housenumber": null, "addr:postcode": null, "addr:street": null, "addr:suburb": null, "addr:country": null, "source:addr:postcode": null, "addr:housename": null, "source:name": null, "community_centre": null, "man_made": null }, "geometry": { "type": "Polygon", "coordinates": [ [ [ 434148.197663026861846, 439504.579614347196184 ], [ 434129.884338240372017, 439506.081728947465308 ], [ 434131.891479921643622, 439530.374495630967431 ], [ 434150.204791415773798, 439528.861263256985694 ], [ 434148.197663026861846, 439504.579614347196184 ] ] ] } },
{ "type": "Feature", "properties": { "amenity": null, "building": "garage", "denomination": null, "name": null, "ref:GB:uprn": null, "religion": null, "wikidata": null, "osm_type": "way", "osm_id": 690855345, "addr:city": null, "addr:housenumber": null, "addr:postcode": null, "addr:street": null, "addr:suburb": null, "addr:country": null, "source:addr:postcode": null, "addr:housename": null, "source:name": null, "community_centre": null, "man_made": null }, "geometry": { "type": "Polygon", "coordinates": [ [ [ 434438.56569851184031, 439400.324708678526804 ], [ 434438.841752965352498, 439411.097248426754959 ], [ 434444.474460066470783, 439410.949518496287055 ], [ 434444.198336768196896, 439400.188104323111475 ], [ 434438.56569851184031, 439400.324708678526804 ] ] ] } },
{ "type": "Feature", "properties": { "amenity": null, "building": "house", "denomination": null, "name": null, "ref:GB:uprn": "72533037", "religion": null, "wikidata": null, "osm_type": "way", "osm_id": 690855347, "addr:city": "Leeds", "addr:housenumber": null, "addr:postcode": "LS17 8LN", "addr:street": null, "addr:suburb": null, "addr:country": "GB", "source:addr:postcode": "ONSUD;OS Open UPRN", "addr:housename": null, "source:name": null, "community_centre": null, "man_made": null }, "geometry": { "type": "Polygon", "coordinates": [ [ [ 434431.344891542219557, 439390.079690695158206 ], [ 434429.680079118465073, 439390.123084917548113 ], [ 434429.817544809717219, 439395.587236088467762 ], [ 434436.739933443139307, 439395.415597814950161 ], [ 434436.684338248625863, 439393.13424433558248 ], [ 434442.238041105738375, 439392.9970571345184 ], [ 434442.007619018666446, 439384.071861853240989 ], [ 434443.238159163098317, 439384.036404888378456 ], [ 434443.043316100316588, 439376.535670915502124 ], [ 434436.877611965232063, 439376.690610613673925 ], [ 434436.990684313816018, 439380.997420450323261 ], [ 434431.107869705301709, 439381.154447709559463 ], [ 434431.344891542219557, 439390.079690695158206 ] ] ] } },
{ "type": "Feature", "properties": { "amenity": null, "building": "yes", "denomination": null, "name": null, "ref:GB:uprn": null, "religion": null, "wikidata": null, "osm_type": "way", "osm_id": 690855349, "addr:city": null, "addr:housenumber": null, "addr:postcode": null, "addr:street": null, "addr:suburb": null, "addr:country": null, "source:addr:postcode": null, "addr:housename": null, "source:name": null, "community_centre": null, "man_made": null }, "geometry": { "type": "Polygon", "coordinates": [ [ [ 434393.14845774177229, 439399.746189014054835 ], [ 434386.578711315232795, 439400.276530769187957 ], [ 434386.880850778892636, 439403.928260206710547 ], [ 434393.450592113425955, 439403.397918896283954 ], [ 434393.14845774177229, 439399.746189014054835 ] ] ] } },
{ "type": "Feature", "properties": { "amenity": null, "building": "garage", "denomination": null, "name": null, "ref:GB:uprn": null, "religion": null, "wikidata": null, "osm_type": "way", "osm_id": 690855351, "addr:city": null, "addr:housenumber": null, "addr:postcode": null, "addr:street": null, "addr:suburb": null, "addr:country": null, "source:addr:postcode": null, "addr:housename": null, "source:name": null, "community_centre": null, "man_made": null }, "geometry": { "type": "Polygon", "coordinates": [ [ [ 434336.280477023043204, 439408.586229793378152 ], [ 434329.045899742341135, 439409.167411139118485 ], [ 434329.444126475777011, 439414.077141642337665 ], [ 434336.685356419999152, 439413.484883205965161 ], [ 434336.280477023043204, 439408.586229793378152 ] ] ] } },
{ "type": "Feature", "properties": { "amenity": null, "building": "house", "denomination": null, "name": null, "ref:GB:uprn": null, "religion": null, "wikidata": null, "osm_type": "way", "osm_id": 690855352, "addr:city": null, "addr:housenumber": null, "addr:postcode": null, "addr:street": null, "addr:suburb": null, "addr:country": null, "source:addr:postcode": null, "addr:housename": null, "source:name": null, "community_centre": null, "man_made": null }, "geometry": { "type": "Polygon", "coordinates": [ [ [ 434346.259017549396958, 439395.374285577679984 ], [ 434351.104013588046655, 439394.987008664757013 ], [ 434350.222516744513996, 439384.210036228527315 ], [ 434336.391660984256305, 439385.343667497625574 ], [ 434336.549084957747255, 439387.202956574968994 ], [ 434324.212660292861983, 439388.202934758039191 ], [ 434325.009779695479665, 439397.933386978227645 ], [ 434346.325345168239437, 439396.198137205792591 ], [ 434346.259017549396958, 439395.374285577679984 ] ] ] } },
{ "type": "Feature", "properties": { "amenity": null, "building": "house", "denomination": null, "name": null, "ref:GB:uprn": "72076260", "religion": null, "wikidata": null, "osm_type": "way", "osm_id": 690855353, "addr:city": "Leeds", "addr:housenumber": null, "addr:postcode": "LS17 8LN", "addr:street": null, "addr:suburb": null, "addr:country": "GB", "source:addr:postcode": "ONSUD;OS Open UPRN", "addr:housename": null, "source:name": null, "community_centre": null, "man_made": null }, "geometry": { "type": "Polygon", "coordinates": [ [ [ 434309.045716685592197, 439398.394998703617603 ], [ 434318.847451990935951, 439397.632318137097172 ], [ 434318.162377023487352, 439388.770559485536069 ], [ 434313.837500194262248, 439389.10604837583378 ], [ 434313.555120012839325, 439385.443342603626661 ], [ 434308.078320323780645, 439385.859410162665881 ], [ 434309.045716685592197, 439398.394998703617603 ] ] ] } },
{ "type": "Feature", "properties": { "amenity": null, "building": "garage", "denomination": null, "name": null, "ref:GB:uprn": null, "religion": null, "wikidata": null, "osm_type": "way", "osm_id": 690855354, "addr:city": null, "addr:housenumber": null, "addr:postcode": null, "addr:street": null, "addr:suburb": null, "addr:country": null, "source:addr:postcode": null, "addr:housename": null, "source:name": null, "community_centre": null, "man_made": null }, "geometry": { "type": "Polygon", "coordinates": [ [ [ 434313.01180527813267, 439405.723074254579842 ], [ 434313.570799437875394, 439412.937178212334402 ], [ 434320.726180446334183, 439412.388772297068499 ], [ 434320.167197252449114, 439405.174667446408421 ], [ 434313.01180527813267, 439405.723074254579842 ] ] ] } },
{ "type": "Feature", "properties": { "amenity": null, "building": "garage", "denomination": null, "name": null, "ref:GB:uprn": null, "religion": null, "wikidata": null, "osm_type": "way", "osm_id": 690855355, "addr:city": null, "addr:housenumber": null, "addr:postcode": null, "addr:street": null, "addr:suburb": null, "addr:country": null, "source:addr:postcode": null, "addr:housename": null, "source:name": null, "community_centre": null, "man_made": null }, "geometry": { "type": "Polygon", "coordinates": [ [ [ 434304.889843039971311, 439406.197652978124097 ], [ 434297.866109077178407, 439406.735920733422972 ], [ 434298.395247914770152, 439413.538121414836496 ], [ 434305.418971728300676, 439412.999854489346035 ], [ 434304.889843039971311, 439406.197652978124097 ] ] ] } },
{ "type": "Feature", "properties": { "amenity": null, "building": "garage", "denomination": null, "name": null, "ref:GB:uprn": null, "religion": null, "wikidata": null, "osm_type": "way", "osm_id": 690855356, "addr:city": null, "addr:housenumber": null, "addr:postcode": null, "addr:street": null, "addr:suburb": null, "addr:country": null, "source:addr:postcode": null, "addr:housename": null, "source:name": null, "community_centre": null, "man_made": null }, "geometry": { "type": "Polygon", "coordinates": [ [ [ 434278.322808463301044, 439407.238187287701294 ], [ 434278.840202714607585, 439413.851148037589155 ], [ 434287.279226230864879, 439413.200820372905582 ], [ 434286.761925282073207, 439406.57673268718645 ], [ 434278.322808463301044, 439407.238187287701294 ] ] ] } },
{ "type": "Feature", "properties": { "amenity": null, "building": "house", "denomination": null, "name": null, "ref:GB:uprn": "72076262", "religion": null, "wikidata": null, "osm_type": "way", "osm_id": 690855357, "addr:city": "Leeds", "addr:housenumber": null, "addr:postcode": "LS17 8LN", "addr:street": null, "addr:suburb": null, "addr:country": "GB", "source:addr:postcode": "ONSUD;OS Open UPRN", "addr:housename": null, "source:name": null, "community_centre": null, "man_made": null }, "geometry": { "type": "Polygon", "coordinates": [ [ [ 434297.689076744019985, 439405.755487404763699 ], [ 434302.514158514037263, 439405.390267507522367 ], [ 434302.074985526734963, 439399.779266777681187 ], [ 434307.176621902675834, 439399.382697408902459 ], [ 434306.1782832700992, 439386.579845307278447 ], [ 434296.258111048431601, 439387.341685434104875 ], [ 434297.689076744019985, 439405.755487404763699 ] ] ] } },
{ "type": "Feature", "properties": { "amenity": null, "building": "house", "denomination": null, "name": null, "ref:GB:uprn": "72076263", "religion": null, "wikidata": null, "osm_type": "way", "osm_id": 690855358, "addr:city": null, "addr:housenumber": null, "addr:postcode": null, "addr:street": null, "addr:suburb": null, "addr:country": null, "source:addr:postcode": null, "addr:housename": null, "source:name": null, "community_centre": null, "man_made": null }, "geometry": { "type": "Polygon", "coordinates": [ [ [ 434272.953770692285616, 439405.518785795662552 ], [ 434287.521357933990657, 439404.390360741293989 ], [ 434286.872031579434406, 439396.029563952353783 ], [ 434272.304418466228526, 439397.157991118147038 ], [ 434272.953770692285616, 439405.518785795662552 ] ] ] } },
{ "type": "Feature", "properties": { "amenity": null, "building": "yes", "denomination": null, "name": null, "ref:GB:uprn": null, "religion": null, "wikidata": null, "osm_type": "way", "osm_id": 690855372, "addr:city": null, "addr:housenumber": null, "addr:postcode": null, "addr:street": null, "addr:suburb": null, "addr:country": null, "source:addr:postcode": null, "addr:housename": null, "source:name": null, "community_centre": null, "man_made": null }, "geometry": { "type": "Polygon", "coordinates": [ [ [ 434395.13763098185882, 439071.51627540634945 ], [ 434396.258997160184663, 439077.399329714477062 ], [ 434404.521132651076186, 439075.835531015181914 ], [ 434403.399858165765181, 439069.941348743159324 ], [ 434395.13763098185882, 439071.51627540634945 ] ] ] } },
{ "type": "Feature", "properties": { "amenity": null, "building": "yes", "denomination": null, "name": null, "ref:GB:uprn": null, "religion": null, "wikidata": null, "osm_type": "way", "osm_id": 690855373, "addr:city": null, "addr:housenumber": null, "addr:postcode": null, "addr:street": null, "addr:suburb": null, "addr:country": null, "source:addr:postcode": null, "addr:housename": null, "source:name": null, "community_centre": null, "man_made": null }, "geometry": { "type": "Polygon", "coordinates": [ [ [ 434392.654000126291066, 439061.194850920932367 ], [ 434386.354130886262283, 439060.748042996157892 ], [ 434385.914543022576254, 439066.853293341351673 ], [ 434392.207743234233931, 439067.311178356641904 ], [ 434392.654000126291066, 439061.194850920932367 ] ] ] } },
{ "type": "Feature", "properties": { "amenity": null, "building": "yes", "denomination": null, "name": null, "ref:GB:uprn": null, "religion": null, "wikidata": null, "osm_type": "way", "osm_id": 690855374, "addr:city": null, "addr:housenumber": null, "addr:postcode": null, "addr:street": null, "addr:suburb": null, "addr:country": null, "source:addr:postcode": null, "addr:housename": null, "source:name": null, "community_centre": null, "man_made": null }, "geometry": { "type": "Polygon", "coordinates": [ [ [ 434392.103772673057392, 439051.900139505160041 ], [ 434392.935508241527714, 439059.594694287166931 ], [ 434402.516240022378042, 439058.563521673902869 ], [ 434401.68443829548778, 439050.880091087659821 ], [ 434392.103772673057392, 439051.900139505160041 ] ] ] } },
{ "type": "Feature", "properties": { "amenity": null, "building": "house", "denomination": null, "name": null, "ref:GB:uprn": "72231701", "religion": null, "wikidata": null, "osm_type": "way", "osm_id": 690855375, "addr:city": null, "addr:housenumber": null, "addr:postcode": null, "addr:street": null, "addr:suburb": null, "addr:country": null, "source:addr:postcode": null, "addr:housename": null, "source:name": null, "community_centre": null, "man_made": null }, "geometry": { "type": "Polygon", "coordinates": [ [ [ 434411.426385642553214, 439070.000308423768729 ], [ 434426.33471080288291, 439070.999979977263138 ], [ 434426.837614782038145, 439063.448746186564676 ], [ 434425.016013406449929, 439063.324092696304433 ], [ 434425.341064770997036, 439058.486430811695755 ], [ 434420.908688521478325, 439058.186820261878893 ], [ 434420.590139110514428, 439063.035656733671203 ], [ 434411.929183832427952, 439062.46019908436574 ], [ 434411.426385642553214, 439070.000308423768729 ] ] ] } },
{ "type": "Feature", "properties": { "amenity": null, "building": "yes", "denomination": null, "name": null, "ref:GB:uprn": null, "religion": null, "wikidata": null, "osm_type": "way", "osm_id": 690855376, "addr:city": null, "addr:housenumber": null, "addr:postcode": null, "addr:street": null, "addr:suburb": null, "addr:country": null, "source:addr:postcode": null, "addr:housename": null, "source:name": null, "community_centre": null, "man_made": null }, "geometry": { "type": "Polygon", "coordinates": [ [ [ 434464.611071096733212, 439116.121472516213544 ], [ 434459.890695549314842, 439116.520678200991824 ], [ 434460.84587498253677, 439127.988057767273858 ], [ 434465.572818087297492, 439127.588901492301375 ], [ 434464.611071096733212, 439116.121472516213544 ] ] ] } },
{ "type": "Feature", "properties": { "amenity": null, "building": "yes", "denomination": null, "name": null, "ref:GB:uprn": null, "religion": null, "wikidata": null, "osm_type": "way", "osm_id": 690855377, "addr:city": null, "addr:housenumber": null, "addr:postcode": null, "addr:street": null, "addr:suburb": null, "addr:country": null, "source:addr:postcode": null, "addr:housename": null, "source:name": null, "community_centre": null, "man_made": null }, "geometry": { "type": "Polygon", "coordinates": [ [ [ 434454.124536747287493, 439108.823190383263864 ], [ 434454.595883458154276, 439114.512327218311839 ], [ 434462.384066608443391, 439113.868649167357944 ], [ 434461.912729298928753, 439108.179511512396857 ], [ 434454.124536747287493, 439108.823190383263864 ] ] ] } },
{ "type": "Feature", "properties": { "amenity": null, "building": "house", "denomination": null, "name": null, "ref:GB:uprn": "72231700", "religion": null, "wikidata": null, "osm_type": "way", "osm_id": 690855378, "addr:city": null, "addr:housenumber": null, "addr:postcode": null, "addr:street": null, "addr:suburb": null, "addr:country": null, "source:addr:postcode": null, "addr:housename": null, "source:name": null, "community_centre": null, "man_made": null }, "geometry": { "type": "Polygon", "coordinates": [ [ [ 434422.39755365322344, 439104.484225436695851 ], [ 434422.875027999805752, 439110.240162949543446 ], [ 434419.734688675263897, 439110.50637602689676 ], [ 434420.163621023704764, 439115.705628865049221 ], [ 434427.708208112628199, 439115.082356108585373 ], [ 434427.925754810858052, 439117.709821980912238 ], [ 434426.352379692310933, 439117.831776418141089 ], [ 434426.497356742445845, 439119.590837597846985 ], [ 434420.407728301011957, 439120.091285123839043 ], [ 434420.873271464486606, 439125.680236568441615 ], [ 434435.100070254236925, 439124.494125214288943 ], [ 434434.489488154067658, 439117.157236809842288 ], [ 434430.657943121797871, 439117.473993911640719 ], [ 434430.440316163236275, 439114.857653860701248 ], [ 434439.854585920926183, 439114.081246120971628 ], [ 434438.941723892872687, 439103.114877804066055 ], [ 434422.39755365322344, 439104.484225436695851 ] ] ] } },
{ "type": "Feature", "properties": { "amenity": null, "building": "house", "denomination": null, "name": null, "ref:GB:uprn": "72552601", "religion": null, "wikidata": null, "osm_type": "way", "osm_id": 690856339, "addr:city": "Leeds", "addr:housenumber": null, "addr:postcode": "LS17 8LT", "addr:street": null, "addr:suburb": null, "addr:country": "GB", "source:addr:postcode": "ONSUD;OS Open UPRN", "addr:housename": null, "source:name": null, "community_centre": null, "man_made": null }, "geometry": { "type": "Polygon", "coordinates": [ [ [ 434622.77026143076364, 438999.079320549732074 ], [ 434618.97282046120381, 439002.778649934567511 ], [ 434616.954971757892054, 439000.71645032230299 ], [ 434609.916789501672611, 439007.57403348153457 ], [ 434615.696059491718188, 439013.480435071745887 ], [ 434621.985445340629667, 439007.340552113135345 ], [ 434625.98848144360818, 439011.431335624540225 ], [ 434630.52822157938499, 439007.003147008828819 ], [ 434628.105511817208026, 439004.52626662212424 ], [ 434634.262272102350835, 438998.53006475919392 ], [ 434629.795561364677269, 438993.968530850368552 ], [ 434623.638800977903884, 438999.964738563168794 ], [ 434622.77026143076364, 438999.079320549732074 ] ] ] } },
{ "type": "Feature", "properties": { "amenity": null, "building": "house", "denomination": null, "name": null, "ref:GB:uprn": "72202633", "religion": null, "wikidata": null, "osm_type": "way", "osm_id": 699163655, "addr:city": "Leeds", "addr:housenumber": null, "addr:postcode": "LS17 8JU", "addr:street": null, "addr:suburb": null, "addr:country": "GB", "source:addr:postcode": "ONSUD;OS Open UPRN", "addr:housename": null, "source:name": null, "community_centre": null, "man_made": null }, "geometry": { "type": "Polygon", "coordinates": [ [ [ 435007.4066288046306, 439810.528699747053906 ], [ 434999.070970710832626, 439812.391288955928758 ], [ 435001.535020452167373, 439823.336009832564741 ], [ 435009.870660118409432, 439821.473425064585172 ], [ 435007.4066288046306, 439810.528699747053906 ] ] ] } },
{ "type": "Feature", "properties": { "amenity": null, "building": "house", "denomination": null, "name": null, "ref:GB:uprn": "72202634", "religion": null, "wikidata": null, "osm_type": "way", "osm_id": 699163656, "addr:city": "Leeds", "addr:housenumber": null, "addr:postcode": "LS17 8JU", "addr:street": null, "addr:suburb": null, "addr:country": "GB", "source:addr:postcode": "ONSUD;OS Open UPRN", "addr:housename": null, "source:name": null, "community_centre": null, "man_made": null }, "geometry": { "type": "Polygon", "coordinates": [ [ [ 434989.437641449447256, 439824.169107339577749 ], [ 434998.432245130243246, 439822.155653974274173 ], [ 434996.617615356110036, 439814.097573007340543 ], [ 434987.629575109574944, 439816.111079051624984 ], [ 434989.437641449447256, 439824.169107339577749 ] ] ] } },
{ "type": "Feature", "properties": { "amenity": null, "building": "house", "denomination": null, "name": null, "ref:GB:uprn": "72202635", "religion": null, "wikidata": null, "osm_type": "way", "osm_id": 699163657, "addr:city": "Leeds", "addr:housenumber": null, "addr:postcode": "LS17 8JU", "addr:street": null, "addr:suburb": null, "addr:country": "GB", "source:addr:postcode": "ONSUD;OS Open UPRN", "addr:housename": null, "source:name": null, "community_centre": null, "man_made": null }, "geometry": { "type": "Polygon", "coordinates": [ [ [ 434983.97935828298796, 439824.807047037291341 ], [ 434985.956184541631956, 439824.365626391023397 ], [ 434984.447306987596676, 439817.645024540601298 ], [ 434975.479096364695579, 439819.647575420327485 ], [ 434978.178689798805863, 439831.651068070204929 ], [ 434985.170054526184686, 439830.089942563092336 ], [ 434983.97935828298796, 439824.807047037291341 ] ] ] } },
{ "type": "Feature", "properties": { "amenity": null, "building": "house", "denomination": null, "name": null, "ref:GB:uprn": "72202636", "religion": null, "wikidata": null, "osm_type": "way", "osm_id": 699163658, "addr:city": "Leeds", "addr:housenumber": null, "addr:postcode": "LS17 8JU", "addr:street": null, "addr:suburb": null, "addr:country": "GB", "source:addr:postcode": "ONSUD;OS Open UPRN", "addr:housename": null, "source:name": null, "community_centre": null, "man_made": null }, "geometry": { "type": "Polygon", "coordinates": [ [ [ 434972.698429082229268, 439821.140022154198959 ], [ 434963.862040915584657, 439823.110200012568384 ], [ 434966.166866602841765, 439833.363864608225413 ], [ 434975.00323646410834, 439831.393691156757995 ], [ 434972.698429082229268, 439821.140022154198959 ] ] ] } },
{ "type": "Feature", "properties": { "amenity": null, "building": "house", "denomination": null, "name": null, "ref:GB:uprn": "72202637", "religion": null, "wikidata": null, "osm_type": "way", "osm_id": 699163659, "addr:city": "Leeds", "addr:housenumber": null, "addr:postcode": "LS17 8JU", "addr:street": null, "addr:suburb": null, "addr:country": "GB", "source:addr:postcode": "ONSUD;OS Open UPRN", "addr:housename": null, "source:name": null, "community_centre": null, "man_made": null }, "geometry": { "type": "Polygon", "coordinates": [ [ [ 434955.071657540160231, 439826.849864291609265 ], [ 434951.974572688573971, 439827.549974050489254 ], [ 434953.884705376811326, 439836.042686551110819 ], [ 434963.814931252214592, 439833.824745912337676 ], [ 434961.904898669163231, 439825.32090334687382 ], [ 434960.797874159179628, 439825.568549540941603 ], [ 434960.243857311084867, 439823.116565474541858 ], [ 434954.517637856828514, 439824.397880907752551 ], [ 434955.071657540160231, 439826.849864291609265 ] ] ] } },
{ "type": "Feature", "properties": { "amenity": null, "building": "house", "denomination": null, "name": null, "ref:GB:uprn": "72202638", "religion": null, "wikidata": null, "osm_type": "way", "osm_id": 699163660, "addr:city": "Leeds", "addr:housenumber": null, "addr:postcode": "LS17 8JU", "addr:street": null, "addr:suburb": null, "addr:country": "GB", "source:addr:postcode": "ONSUD;OS Open UPRN", "addr:housename": null, "source:name": null, "community_centre": null, "man_made": null }, "geometry": { "type": "Polygon", "coordinates": [ [ [ 434945.15931261802325, 439836.366994020296261 ], [ 434950.892092797090299, 439835.085716245463118 ], [ 434949.013848082046025, 439826.726762012578547 ], [ 434939.030907116190065, 439828.955467462656088 ], [ 434941.494838725018781, 439839.933534276089631 ], [ 434945.745063434587792, 439838.974985230946913 ], [ 434945.15931261802325, 439836.366994020296261 ] ] ] } },
{ "type": "Feature", "properties": { "amenity": null, "building": "house", "denomination": null, "name": null, "ref:GB:uprn": "72202639", "religion": null, "wikidata": null, "osm_type": "way", "osm_id": 699163661, "addr:city": "Leeds", "addr:housenumber": null, "addr:postcode": "LS17 8JU", "addr:street": null, "addr:suburb": null, "addr:country": "GB", "source:addr:postcode": "ONSUD;OS Open UPRN", "addr:housename": null, "source:name": null, "community_centre": null, "man_made": null }, "geometry": { "type": "Polygon", "coordinates": [ [ [ 434937.170417168992572, 439829.675940400222316 ], [ 434927.701406200940255, 439831.797238585306332 ], [ 434929.592344892793335, 439840.223038066527806 ], [ 434939.067917785898317, 439838.101792836678214 ], [ 434937.170417168992572, 439829.675940400222316 ] ] ] } },
{ "type": "Feature", "properties": { "amenity": null, "building": "house", "denomination": null, "name": null, "ref:GB:uprn": "72202640", "religion": null, "wikidata": null, "osm_type": "way", "osm_id": 699163662, "addr:city": "Leeds", "addr:housenumber": null, "addr:postcode": "LS17 8JU", "addr:street": null, "addr:suburb": null, "addr:country": "GB", "source:addr:postcode": "ONSUD;OS Open UPRN", "addr:housename": null, "source:name": null, "community_centre": null, "man_made": null }, "geometry": { "type": "Polygon", "coordinates": [ [ [ 434917.441570645431057, 439841.1671890495345 ], [ 434918.103700735955499, 439844.120670168660581 ], [ 434921.629005280090496, 439843.334718949627131 ], [ 434920.966877293481957, 439840.381237324210815 ], [ 434926.686489502957556, 439839.09983174665831 ], [ 434924.598097937065177, 439829.80468761571683 ], [ 434914.700856340816244, 439832.011830911738798 ], [ 434916.795761568297166, 439841.318145584664308 ], [ 434917.441570645431057, 439841.1671890495345 ] ] ] } },
{ "type": "Feature", "properties": { "amenity": null, "building": "house", "denomination": null, "name": null, "ref:GB:uprn": "72202642", "religion": null, "wikidata": null, "osm_type": "way", "osm_id": 699163663, "addr:city": "Leeds", "addr:housenumber": null, "addr:postcode": "LS17 8JU", "addr:street": null, "addr:suburb": null, "addr:country": "GB", "source:addr:postcode": "ONSUD;OS Open UPRN", "addr:housename": null, "source:name": null, "community_centre": null, "man_made": null }, "geometry": { "type": "Polygon", "coordinates": [ [ [ 434890.784318826918025, 439836.962920384947211 ], [ 434892.688146159052849, 439845.433306599967182 ], [ 434900.714035761659034, 439843.634979190654121 ], [ 434900.465618917311076, 439842.542722897138447 ], [ 434902.673075275553856, 439842.047353163012303 ], [ 434901.017681808618363, 439834.669219142640941 ], [ 434890.784318826918025, 439836.962920384947211 ] ] ] } },
{ "type": "Feature", "properties": { "amenity": null, "building": "house", "denomination": null, "name": null, "ref:GB:uprn": "72202641", "religion": null, "wikidata": null, "osm_type": "way", "osm_id": 699163664, "addr:city": "Leeds", "addr:housenumber": null, "addr:postcode": "LS17 8JU", "addr:street": null, "addr:suburb": null, "addr:country": "GB", "source:addr:postcode": "ONSUD;OS Open UPRN", "addr:housename": null, "source:name": null, "community_centre": null, "man_made": null }, "geometry": { "type": "Polygon", "coordinates": [ [ [ 434910.865654889144935, 439833.77461606846191 ], [ 434910.674700396251865, 439832.916445801849477 ], [ 434903.432985673018266, 439834.531449411762878 ], [ 434905.438722339458764, 439843.447663846542127 ], [ 434912.673928934382275, 439841.821488371235318 ], [ 434912.113725677772891, 439839.313831197330728 ], [ 434913.985124122875277, 439838.893847342347726 ], [ 434912.736972475540824, 439833.365757668158039 ], [ 434910.865654889144935, 439833.77461606846191 ] ] ] } },
{ "type": "Feature", "properties": { "amenity": null, "building": "house", "denomination": null, "name": null, "ref:GB:uprn": "72007545", "religion": null, "wikidata": null, "osm_type": "way", "osm_id": 699163665, "addr:city": null, "addr:housenumber": null, "addr:postcode": null, "addr:street": null, "addr:suburb": null, "addr:country": null, "source:addr:postcode": null, "addr:housename": null, "source:name": null, "community_centre": null, "man_made": null }, "geometry": { "type": "Polygon", "coordinates": [ [ [ 434908.203973987489007, 439859.902236050693318 ], [ 434906.846581564226653, 439860.203661391627975 ], [ 434905.351339552085847, 439853.405301496037282 ], [ 434895.381964994478039, 439855.589694307651371 ], [ 434897.793359740579035, 439866.567345981136896 ], [ 434909.126681417110376, 439864.081582337268628 ], [ 434909.748082830745261, 439863.674531464232132 ], [ 434910.193288294889499, 439863.077015223796479 ], [ 434910.415671114402357, 439862.366572008701041 ], [ 434910.381760532036424, 439861.620838316623122 ], [ 434910.097470861161128, 439860.92887089191936 ], [ 434909.601689443690702, 439860.368845749297179 ], [ 434908.93988171388628, 439860.0189879599493 ], [ 434908.203973987489007, 439859.902236050693318 ] ] ] } },
{ "type": "Feature", "properties": { "amenity": null, "building": "house", "denomination": null, "name": null, "ref:GB:uprn": "72007416", "religion": null, "wikidata": null, "osm_type": "way", "osm_id": 699163666, "addr:city": "Leeds", "addr:housenumber": null, "addr:postcode": "LS17 8JT", "addr:street": null, "addr:suburb": null, "addr:country": "GB", "source:addr:postcode": "ONSUD;OS Open UPRN", "addr:housename": null, "source:name": null, "community_centre": null, "man_made": null }, "geometry": { "type": "Polygon", "coordinates": [ [ [ 434860.769532792794053, 439853.41811752342619 ], [ 434851.573073844367173, 439856.053420946118422 ], [ 434853.20815145643428, 439861.75127226638142 ], [ 434862.938578785688151, 439858.964175476226956 ], [ 434862.483302238688339, 439857.380811712122522 ], [ 434870.789827025844716, 439854.994813826750033 ], [ 434868.449328968185, 439846.85498261183966 ], [ 434859.608894246979617, 439849.381655649747699 ], [ 434860.769532792794053, 439853.41811752342619 ] ] ] } },
{ "type": "Feature", "properties": { "amenity": null, "building": "house", "denomination": null, "name": null, "ref:GB:uprn": "72007418", "religion": null, "wikidata": null, "osm_type": "way", "osm_id": 699163667, "addr:city": "Leeds", "addr:housenumber": null, "addr:postcode": "LS17 8JT", "addr:street": null, "addr:suburb": null, "addr:country": "GB", "source:addr:postcode": "ONSUD;OS Open UPRN", "addr:housename": null, "source:name": null, "community_centre": null, "man_made": null }, "geometry": { "type": "Polygon", "coordinates": [ [ [ 434854.703598154475912, 439880.021119152079336 ], [ 434854.006556128500961, 439877.334425301291049 ], [ 434854.949112811475061, 439877.085529753472656 ], [ 434852.716993759619072, 439868.523703056154773 ], [ 434843.36427024344448, 439870.946454262710176 ], [ 434844.560162686393596, 439875.550629974924959 ], [ 434837.316551312222145, 439877.432759025949053 ], [ 434838.659685371443629, 439882.583231012453325 ], [ 434845.903289357665926, 439880.701104062260129 ], [ 434845.596322363358922, 439879.519402418518439 ], [ 434850.836251863627695, 439878.156449044239707 ], [ 434851.539873557805549, 439880.84319137816783 ], [ 434851.885442622122355, 439881.257446786970831 ], [ 434852.350326156592928, 439881.550197897595353 ], [ 434852.888809563417453, 439881.676598172751255 ], [ 434853.428617932659108, 439881.624983107438311 ], [ 434853.93020063417498, 439881.406184896128252 ], [ 434854.334273078886326, 439881.030888828798197 ], [ 434854.600953323184513, 439880.554430922376923 ], [ 434854.703598154475912, 439880.021119152079336 ] ] ] } },
{ "type": "Feature", "properties": { "amenity": null, "building": "house", "denomination": null, "name": null, "ref:GB:uprn": "72007419", "religion": null, "wikidata": null, "osm_type": "way", "osm_id": 699163668, "addr:city": "Leeds", "addr:housenumber": null, "addr:postcode": "LS17 8JT", "addr:street": null, "addr:suburb": null, "addr:country": "GB", "source:addr:postcode": "ONSUD;OS Open UPRN", "addr:housename": null, "source:name": null, "community_centre": null, "man_made": null }, "geometry": { "type": "Polygon", "coordinates": [ [ [ 434822.81432442687219, 439866.409716802067123 ], [ 434822.569821103068534, 439865.673544405261055 ], [ 434813.76610326662194, 439868.5788803412579 ], [ 434817.394939787802286, 439879.521033656434156 ], [ 434820.39545041002566, 439878.530826007947326 ], [ 434819.617053403344471, 439876.166203330503777 ], [ 434825.222408878908027, 439874.316369085921906 ], [ 434825.621224977541715, 439875.532132147229277 ], [ 434829.129486436955631, 439874.378807640867308 ], [ 434827.578945961548015, 439869.694112290279008 ], [ 434828.363713545491919, 439869.432911235257052 ], [ 434826.909523662819993, 439865.060476983082481 ], [ 434822.81432442687219, 439866.409716802067123 ] ] ] } },
{ "type": "Feature", "properties": { "amenity": null, "building": "house", "denomination": null, "name": null, "ref:GB:uprn": "72007420", "religion": null, "wikidata": null, "osm_type": "way", "osm_id": 699163669, "addr:city": "Leeds", "addr:housenumber": null, "addr:postcode": "LS17 8JT", "addr:street": null, "addr:suburb": null, "addr:country": "GB", "source:addr:postcode": "ONSUD;OS Open UPRN", "addr:housename": null, "source:name": null, "community_centre": null, "man_made": null }, "geometry": { "type": "Polygon", "coordinates": [ [ [ 434797.712618237477727, 439885.705751868081279 ], [ 434800.680148028826807, 439884.726413119351491 ], [ 434799.779406470304821, 439882.004834104329348 ], [ 434805.107810057932511, 439880.241930284537375 ], [ 434805.468155335111078, 439881.32388670463115 ], [ 434812.023044267843943, 439879.169550376478583 ], [ 434810.414527105691377, 439874.317531190696172 ], [ 434804.446478779078461, 439876.287079734029248 ], [ 434802.889501684170682, 439871.580091850017197 ], [ 434801.564017501543276, 439872.01530377578456 ], [ 434800.830498207360506, 439869.806789991795085 ], [ 434798.001427558425348, 439870.742651338339783 ], [ 434798.734948030672967, 439872.95116467832122 ], [ 434794.006706380750984, 439874.507130241137929 ], [ 434797.712618237477727, 439885.705751868081279 ] ] ] } },
{ "type": "Feature", "properties": { "amenity": null, "building": "house", "denomination": null, "name": null, "ref:GB:uprn": "72007421", "religion": null, "wikidata": null, "osm_type": "way", "osm_id": 699163670, "addr:city": "Leeds", "addr:housenumber": null, "addr:postcode": "LS17 8JT", "addr:street": null, "addr:suburb": null, "addr:country": "GB", "source:addr:postcode": "ONSUD;OS Open UPRN", "addr:housename": null, "source:name": null, "community_centre": null, "man_made": null }, "geometry": { "type": "Polygon", "coordinates": [ [ [ 434772.346324074664153, 439880.421346644172445 ], [ 434775.183839744597208, 439888.976502742618322 ], [ 434783.354438860667869, 439886.277796695707366 ], [ 434783.804814109113067, 439887.638584585743956 ], [ 434790.227876426361036, 439885.516618344583549 ], [ 434788.445618412923068, 439880.140366965089925 ], [ 434783.73054350662278, 439881.696440652362071 ], [ 434782.224931761738844, 439877.156740044709295 ], [ 434772.346324074664153, 439880.421346644172445 ] ] ] } },
{ "type": "Feature", "properties": { "amenity": null, "building": "house", "denomination": null, "name": null, "ref:GB:uprn": "72007511", "religion": null, "wikidata": null, "osm_type": "way", "osm_id": 699164061, "addr:city": "Leeds", "addr:housenumber": null, "addr:postcode": "LS17 8JW", "addr:street": null, "addr:suburb": null, "addr:country": "GB", "source:addr:postcode": "ONSUD;OS Open UPRN", "addr:housename": null, "source:name": null, "community_centre": null, "man_made": null }, "geometry": { "type": "Polygon", "coordinates": [ [ [ 434760.964959734759759, 439774.18931382347364 ], [ 434759.911058582074475, 439771.711391200893559 ], [ 434768.06757008616114, 439768.278198143467307 ], [ 434767.873612724477425, 439767.820568531635217 ], [ 434773.641247854509857, 439765.393294361187145 ], [ 434771.430268584925216, 439760.158513121423312 ], [ 434765.656050072342623, 439762.585741192102432 ], [ 434765.36515459115617, 439761.893733955104835 ], [ 434755.446737384190783, 439766.05933536356315 ], [ 434756.410117265535519, 439768.325180145679042 ], [ 434754.41716129676206, 439769.167134962510318 ], [ 434757.210029499023221, 439775.774795616278425 ], [ 434760.964959734759759, 439774.18931382347364 ] ] ] } },
{ "type": "Feature", "properties": { "amenity": null, "building": "house", "denomination": null, "name": null, "ref:GB:uprn": "72007513", "religion": null, "wikidata": null, "osm_type": "way", "osm_id": 699164062, "addr:city": "Leeds", "addr:housenumber": null, "addr:postcode": "LS17 8JW", "addr:street": null, "addr:suburb": null, "addr:country": "GB", "source:addr:postcode": "ONSUD;OS Open UPRN", "addr:housename": null, "source:name": null, "community_centre": null, "man_made": null }, "geometry": { "type": "Polygon", "coordinates": [ [ [ 434750.36136529489886, 439765.198228768655099 ], [ 434749.937336169416085, 439764.716639478690922 ], [ 434749.38716636353638, 439764.38988622801844 ], [ 434748.763233383651823, 439764.251737455837429 ], [ 434748.124658039887436, 439764.313758449978195 ], [ 434747.537386965879705, 439764.554185406886972 ], [ 434747.04746722325217, 439764.973359972820617 ], [ 434746.714514894585591, 439765.516091598779894 ], [ 434746.565172732924111, 439766.138071638997644 ], [ 434746.606514137180056, 439766.772593121277168 ], [ 434743.2409313544631, 439768.194076490704902 ], [ 434742.573345533048268, 439767.732934021623805 ], [ 434741.792115260264836, 439767.515733154607005 ], [ 434740.982591377571225, 439767.565360296634026 ], [ 434740.230372372432612, 439767.871323902509175 ], [ 434739.627634830772877, 439768.423181180725805 ], [ 434739.240820458449889, 439769.132412365521304 ], [ 434739.109893229382578, 439769.932554429746233 ], [ 434740.28656175226206, 439772.71180048561655 ], [ 434738.91393581853481, 439773.2913261273643 ], [ 434741.493459654331673, 439779.396698699216358 ], [ 434747.274305314815138, 439776.958363655488938 ], [ 434748.263503936759662, 439779.291157800704241 ], [ 434755.106817298801616, 439776.40452684648335 ], [ 434750.36136529489886, 439765.198228768655099 ] ] ] } },
{ "type": "Feature", "properties": { "amenity": null, "building": "house", "denomination": null, "name": null, "ref:GB:uprn": "72007514", "religion": null, "wikidata": null, "osm_type": "way", "osm_id": 699164063, "addr:city": "Leeds", "addr:housenumber": null, "addr:postcode": "LS17 8JW", "addr:street": null, "addr:suburb": null, "addr:country": "GB", "source:addr:postcode": "ONSUD;OS Open UPRN", "addr:housename": null, "source:name": null, "community_centre": null, "man_made": null }, "geometry": { "type": "Polygon", "coordinates": [ [ [ 434733.293354132620152, 439800.242703209980391 ], [ 434742.975032491143793, 439796.053045977489091 ], [ 434737.981832409801427, 439784.544504655641504 ], [ 434728.293556866294239, 439788.734123464208096 ], [ 434733.293354132620152, 439800.242703209980391 ] ] ] } },
{ "type": "Feature", "properties": { "amenity": null, "building": "house", "denomination": null, "name": null, "ref:GB:uprn": "72007515", "religion": null, "wikidata": null, "osm_type": "way", "osm_id": 699164064, "addr:city": "Leeds", "addr:housenumber": null, "addr:postcode": "LS17 8JW", "addr:street": null, "addr:suburb": null, "addr:country": "GB", "source:addr:postcode": "ONSUD;OS Open UPRN", "addr:housename": null, "source:name": null, "community_centre": null, "man_made": null }, "geometry": { "type": "Polygon", "coordinates": [ [ [ 434741.929977569845505, 439811.889534973888658 ], [ 434751.514867718797177, 439807.443266266025603 ], [ 434747.759103517979383, 439799.39313536172267 ], [ 434738.174200649140403, 439803.839411780238152 ], [ 434741.929977569845505, 439811.889534973888658 ] ] ] } },
{ "type": "Feature", "properties": { "amenity": null, "building": "house", "denomination": null, "name": null, "ref:GB:uprn": "72007516", "religion": null, "wikidata": null, "osm_type": "way", "osm_id": 699164065, "addr:city": "Leeds", "addr:housenumber": null, "addr:postcode": "LS17 8JW", "addr:street": null, "addr:suburb": null, "addr:country": "GB", "source:addr:postcode": "ONSUD;OS Open UPRN", "addr:housename": null, "source:name": null, "community_centre": null, "man_made": null }, "geometry": { "type": "Polygon", "coordinates": [ [ [ 434750.981580561958253, 439822.571450923685916 ], [ 434760.091267708397936, 439818.333078369847499 ], [ 434756.154231344058644, 439809.892164607415907 ], [ 434747.044614088081289, 439814.119418880552985 ], [ 434750.981580561958253, 439822.571450923685916 ] ] ] } },
{ "type": "Feature", "properties": { "amenity": null, "building": "house", "denomination": null, "name": null, "ref:GB:uprn": "72007518", "religion": null, "wikidata": null, "osm_type": "way", "osm_id": 699164066, "addr:city": null, "addr:housenumber": null, "addr:postcode": null, "addr:street": null, "addr:suburb": null, "addr:country": null, "source:addr:postcode": null, "addr:housename": null, "source:name": null, "community_centre": null, "man_made": null }, "geometry": { "type": "Polygon", "coordinates": [ [ [ 434772.741976438672282, 439841.314368204213679 ], [ 434767.768934029794764, 439830.651562292827293 ], [ 434758.276498214574531, 439835.053977367351763 ], [ 434763.249557311588433, 439845.716773168533109 ], [ 434772.741976438672282, 439841.314368204213679 ] ] ] } },
{ "type": "Feature", "properties": { "amenity": null, "building": "house", "denomination": null, "name": null, "ref:GB:uprn": "72007517", "religion": null, "wikidata": null, "osm_type": "way", "osm_id": 699164067, "addr:city": "Leeds", "addr:housenumber": null, "addr:postcode": "LS17 8JW", "addr:street": null, "addr:suburb": null, "addr:country": "GB", "source:addr:postcode": "ONSUD;OS Open UPRN", "addr:housename": null, "source:name": null, "community_centre": null, "man_made": null }, "geometry": { "type": "Polygon", "coordinates": [ [ [ 434767.134280230558943, 439829.300534576526843 ], [ 434763.52104843838606, 439821.551865991787054 ], [ 434754.028598385048099, 439825.954289701767266 ], [ 434757.641842305194587, 439833.702950943261385 ], [ 434767.134280230558943, 439829.300534576526843 ] ] ] } },
{ "type": "Feature", "properties": { "amenity": null, "building": "house", "denomination": null, "name": null, "ref:GB:uprn": "72007519", "religion": null, "wikidata": null, "osm_type": "way", "osm_id": 699164068, "addr:city": null, "addr:housenumber": null, "addr:postcode": null, "addr:street": null, "addr:suburb": null, "addr:country": null, "source:addr:postcode": null, "addr:housename": null, "source:name": null, "community_centre": null, "man_made": null }, "geometry": { "type": "Polygon", "coordinates": [ [ [ 434768.332602152309846, 439856.625176002271473 ], [ 434777.825086833210662, 439852.211655409657396 ], [ 434773.447745994315483, 439842.832823484670371 ], [ 434763.955329246178735, 439847.23522701440379 ], [ 434768.332602152309846, 439856.625176002271473 ] ] ] } },
{ "type": "Feature", "properties": { "amenity": null, "building": "garage", "denomination": null, "name": null, "ref:GB:uprn": null, "religion": null, "wikidata": null, "osm_type": "way", "osm_id": 699166825, "addr:city": null, "addr:housenumber": null, "addr:postcode": null, "addr:street": null, "addr:suburb": null, "addr:country": null, "source:addr:postcode": null, "addr:housename": null, "source:name": null, "community_centre": null, "man_made": null }, "geometry": { "type": "Polygon", "coordinates": [ [ [ 434866.291087904188316, 439650.777496287715621 ], [ 434865.616393488598987, 439653.921293890220113 ], [ 434870.72644077258883, 439655.016366592026316 ], [ 434871.401138493674807, 439651.872569711063989 ], [ 434866.291087904188316, 439650.777496287715621 ] ] ] } },
{ "type": "Feature", "properties": { "amenity": null, "building": "house", "denomination": null, "name": null, "ref:GB:uprn": "72126515", "religion": null, "wikidata": null, "osm_type": "way", "osm_id": 699166826, "addr:city": null, "addr:housenumber": null, "addr:postcode": null, "addr:street": null, "addr:suburb": null, "addr:country": null, "source:addr:postcode": null, "addr:housename": null, "source:name": null, "community_centre": null, "man_made": null }, "geometry": { "type": "Polygon", "coordinates": [ [ [ 434878.192068124481011, 439639.272226125351153 ], [ 434868.41060155100422, 439639.132626150851138 ], [ 434868.331036607327405, 439644.517296220525168 ], [ 434872.258041344583035, 439644.579917045077309 ], [ 434872.239449734275695, 439646.193132058833726 ], [ 434876.745344442373607, 439646.260067461291328 ], [ 434878.192068124481011, 439639.272226125351153 ] ] ] } },
{ "type": "Feature", "properties": { "amenity": null, "building": "house", "denomination": null, "name": null, "ref:GB:uprn": "72126514", "religion": null, "wikidata": null, "osm_type": "way", "osm_id": 699166827, "addr:city": "Leeds", "addr:housenumber": null, "addr:postcode": "LS17 8JG", "addr:street": null, "addr:suburb": null, "addr:country": "GB", "source:addr:postcode": "ONSUD;OS Open UPRN", "addr:housename": null, "source:name": null, "community_centre": null, "man_made": null }, "geometry": { "type": "Polygon", "coordinates": [ [ [ 434863.66599154623691, 439648.154333712649532 ], [ 434868.277137325145304, 439648.222044530208223 ], [ 434868.331036607327405, 439644.517296220525168 ], [ 434868.41060155100422, 439639.132626150851138 ], [ 434863.792868470191024, 439639.064866261789575 ], [ 434863.66599154623691, 439648.154333712649532 ] ] ] } },
{ "type": "Feature", "properties": { "amenity": null, "building": "house", "denomination": null, "name": null, "ref:GB:uprn": "72126513", "religion": null, "wikidata": null, "osm_type": "way", "osm_id": 699166828, "addr:city": "Leeds", "addr:housenumber": null, "addr:postcode": "LS17 8JG", "addr:street": null, "addr:suburb": null, "addr:country": "GB", "source:addr:postcode": "ONSUD;OS Open UPRN", "addr:housename": null, "source:name": null, "community_centre": null, "man_made": null }, "geometry": { "type": "Polygon", "coordinates": [ [ [ 434853.584804145095404, 439638.788602568674833 ], [ 434853.502026888018008, 439644.607185213477351 ], [ 434853.46440594032174, 439647.010245430865325 ], [ 434862.259192420227919, 439647.131342306849547 ], [ 434862.379606118018273, 439638.909699610434473 ], [ 434853.584804145095404, 439638.788602568674833 ] ] ] } },
{ "type": "Feature", "properties": { "amenity": null, "building": "garage", "denomination": null, "name": null, "ref:GB:uprn": null, "religion": null, "wikidata": null, "osm_type": "way", "osm_id": 699166829, "addr:city": null, "addr:housenumber": null, "addr:postcode": null, "addr:street": null, "addr:suburb": null, "addr:country": null, "source:addr:postcode": null, "addr:housename": null, "source:name": null, "community_centre": null, "man_made": null }, "geometry": { "type": "Polygon", "coordinates": [ [ [ 434850.539206783811096, 439638.743683358537965 ], [ 434850.456433323735837, 439644.5622660422232 ], [ 434853.502026888018008, 439644.607185213477351 ], [ 434853.584804145095404, 439638.788602568674833 ], [ 434850.539206783811096, 439638.743683358537965 ] ] ] } },
{ "type": "Feature", "properties": { "amenity": null, "building": "house", "denomination": null, "name": null, "ref:GB:uprn": "72126512", "religion": null, "wikidata": null, "osm_type": "way", "osm_id": 699166830, "addr:city": "Leeds", "addr:housenumber": null, "addr:postcode": "LS17 8JG", "addr:street": null, "addr:suburb": null, "addr:country": "GB", "source:addr:postcode": "ONSUD;OS Open UPRN", "addr:housename": null, "source:name": null, "community_centre": null, "man_made": null }, "geometry": { "type": "Polygon", "coordinates": [ [ [ 434844.638783287256956, 439638.65527035901323 ], [ 434844.527131543669384, 439646.5876874019159 ], [ 434850.427627809927799, 439646.664974343613721 ], [ 434850.456433323735837, 439644.5622660422232 ], [ 434850.539206783811096, 439638.743683358537965 ], [ 434844.638783287256956, 439638.65527035901323 ] ] ] } },
{ "type": "Feature", "properties": { "amenity": null, "building": "house", "denomination": null, "name": null, "ref:GB:uprn": "72126511", "religion": null, "wikidata": null, "osm_type": "way", "osm_id": 699166831, "addr:city": "Leeds", "addr:housenumber": null, "addr:postcode": "LS17 8JG", "addr:street": null, "addr:suburb": null, "addr:country": "GB", "source:addr:postcode": "ONSUD;OS Open UPRN", "addr:housename": null, "source:name": null, "community_centre": null, "man_made": null }, "geometry": { "type": "Polygon", "coordinates": [ [ [ 434831.827442040317692, 439634.587776238680817 ], [ 434831.791977790824603, 439645.547188214608468 ], [ 434840.942658174433745, 439645.581879417877644 ], [ 434840.978143908898346, 439634.622467426466756 ], [ 434831.827442040317692, 439634.587776238680817 ] ] ] } },
{ "type": "Feature", "properties": { "amenity": null, "building": "house", "denomination": null, "name": null, "ref:GB:uprn": "72126510", "religion": null, "wikidata": null, "osm_type": "way", "osm_id": 699166832, "addr:city": "Leeds", "addr:housenumber": null, "addr:postcode": "LS17 8JG", "addr:street": null, "addr:suburb": null, "addr:country": "GB", "source:addr:postcode": "ONSUD;OS Open UPRN", "addr:housename": null, "source:name": null, "community_centre": null, "man_made": null }, "geometry": { "type": "Polygon", "coordinates": [ [ [ 434816.974902261805255, 439651.111556425923482 ], [ 434820.842035084904637, 439651.262701514642686 ], [ 434820.743406225054059, 439653.910092833335511 ], [ 434825.116983005660586, 439654.076133792637847 ], [ 434825.21569708356401, 439651.417616598075256 ], [ 434827.247896483866498, 439651.49948897282593 ], [ 434827.388025916996412, 439647.695242660818622 ], [ 434830.479169144527987, 439647.807245030999184 ], [ 434830.717604827135801, 439641.400111570255831 ], [ 434817.353440670063719, 439640.900175775866956 ], [ 434816.974902261805255, 439651.111556425923482 ] ] ] } },
{ "type": "Feature", "properties": { "amenity": null, "building": "house", "denomination": null, "name": null, "ref:GB:uprn": "72126505", "religion": null, "wikidata": null, "osm_type": "way", "osm_id": 699166833, "addr:city": "Leeds", "addr:housenumber": null, "addr:postcode": "LS17 8JG", "addr:street": null, "addr:suburb": null, "addr:country": "GB", "source:addr:postcode": "ONSUD;OS Open UPRN", "addr:housename": null, "source:name": null, "community_centre": null, "man_made": null }, "geometry": { "type": "Polygon", "coordinates": [ [ [ 434795.202772128162906, 439655.099948792951182 ], [ 434795.54185291955946, 439647.536398172494955 ], [ 434791.457797537499573, 439647.361409357516095 ], [ 434791.071070512407459, 439656.026137002976611 ], [ 434795.15511831844924, 439656.201125511317514 ], [ 434795.202772128162906, 439655.099948792951182 ] ] ] } },
{ "type": "Feature", "properties": { "amenity": null, "building": "house", "denomination": null, "name": null, "ref:GB:uprn": "72126507", "religion": null, "wikidata": null, "osm_type": "way", "osm_id": 699166834, "addr:city": null, "addr:housenumber": null, "addr:postcode": null, "addr:street": null, "addr:suburb": null, "addr:country": null, "source:addr:postcode": null, "addr:housename": null, "source:name": null, "community_centre": null, "man_made": null }, "geometry": { "type": "Polygon", "coordinates": [ [ [ 434803.370786182757001, 439655.461062564048916 ], [ 434803.709880199923646, 439647.897512482479215 ], [ 434799.625825358729344, 439647.722516520530917 ], [ 434799.286737954767887, 439655.286066870437935 ], [ 434799.159410571155604, 439658.255915902089328 ], [ 434803.243456202268135, 439658.430911497329362 ], [ 434803.370786182757001, 439655.461062564048916 ] ] ] } },
{ "type": "Feature", "properties": { "amenity": null, "building": "house", "denomination": null, "name": null, "ref:GB:uprn": "72126509", "religion": null, "wikidata": null, "osm_type": "way", "osm_id": 699166835, "addr:city": null, "addr:housenumber": null, "addr:postcode": null, "addr:street": null, "addr:suburb": null, "addr:country": null, "source:addr:postcode": null, "addr:housename": null, "source:name": null, "community_centre": null, "man_made": null }, "geometry": { "type": "Polygon", "coordinates": [ [ [ 434807.454751449055038, 439655.647187793627381 ], [ 434811.53879913612036, 439655.822190638631582 ], [ 434811.877906379057094, 439648.258641093038023 ], [ 434807.793934775574598, 439648.072512020240538 ], [ 434807.454751449055038, 439655.647187793627381 ] ] ] } },
{ "type": "Feature", "properties": { "amenity": null, "building": "house", "denomination": null, "name": null, "ref:GB:uprn": "72126508", "religion": null, "wikidata": null, "osm_type": "way", "osm_id": 699166836, "addr:city": null, "addr:housenumber": null, "addr:postcode": null, "addr:street": null, "addr:suburb": null, "addr:country": null, "source:addr:postcode": null, "addr:housename": null, "source:name": null, "community_centre": null, "man_made": null }, "geometry": { "type": "Polygon", "coordinates": [ [ [ 434803.370786182757001, 439655.461062564048916 ], [ 434807.454751449055038, 439655.647187793627381 ], [ 434807.793934775574598, 439648.072512020240538 ], [ 434803.709880199923646, 439647.897512482479215 ], [ 434803.370786182757001, 439655.461062564048916 ] ] ] } },
{ "type": "Feature", "properties": { "amenity": null, "building": "house", "denomination": null, "name": null, "ref:GB:uprn": "72126506", "religion": null, "wikidata": null, "osm_type": "way", "osm_id": 699166837, "addr:city": null, "addr:housenumber": null, "addr:postcode": null, "addr:street": null, "addr:suburb": null, "addr:country": null, "source:addr:postcode": null, "addr:housename": null, "source:name": null, "community_centre": null, "man_made": null }, "geometry": { "type": "Polygon", "coordinates": [ [ [ 434795.202772128162906, 439655.099948792951182 ], [ 434799.286737954767887, 439655.286066870437935 ], [ 434799.625825358729344, 439647.722516520530917 ], [ 434795.54185291955946, 439647.536398172494955 ], [ 434795.202772128162906, 439655.099948792951182 ] ] ] } },
{ "type": "Feature", "properties": { "amenity": null, "building": "house", "denomination": null, "name": null, "ref:GB:uprn": "72126504", "religion": null, "wikidata": null, "osm_type": "way", "osm_id": 699166838, "addr:city": "Leeds", "addr:housenumber": null, "addr:postcode": "LS17 8JG", "addr:street": null, "addr:suburb": null, "addr:country": "GB", "source:addr:postcode": "ONSUD;OS Open UPRN", "addr:housename": null, "source:name": null, "community_centre": null, "man_made": null }, "geometry": { "type": "Polygon", "coordinates": [ [ [ 434788.010827777325176, 439649.983926596585661 ], [ 434790.292590602010023, 439650.123269634786993 ], [ 434790.703164403967094, 439643.561641529668123 ], [ 434788.421398378210142, 439643.422298305900767 ], [ 434788.495694540208206, 439642.276813178206794 ], [ 434785.18820629559923, 439642.063092506024987 ], [ 434785.239708939392585, 439641.329121237504296 ], [ 434778.841649833135307, 439640.925550962914713 ], [ 434778.408300438080914, 439647.898693960392848 ], [ 434780.111421280656941, 439648.000355050317012 ], [ 434779.917000863119029, 439651.147731319186278 ], [ 434787.906416730256751, 439651.641010406659916 ], [ 434788.010827777325176, 439649.983926596585661 ] ] ] } },
{ "type": "Feature", "properties": { "amenity": null, "building": "house", "denomination": null, "name": null, "ref:GB:uprn": null, "religion": null, "wikidata": null, "osm_type": "way", "osm_id": 699166839, "addr:city": null, "addr:housenumber": null, "addr:postcode": null, "addr:street": null, "addr:suburb": null, "addr:country": null, "source:addr:postcode": null, "addr:housename": null, "source:name": null, "community_centre": null, "man_made": null }, "geometry": { "type": "Polygon", "coordinates": [ [ [ 434758.698368506040424, 439645.271134479320608 ], [ 434768.112848591001239, 439642.559377435361966 ], [ 434765.810289577115327, 439634.586783821345307 ], [ 434756.395877465431113, 439637.287419574684463 ], [ 434758.698368506040424, 439645.271134479320608 ] ] ] } },
{ "type": "Feature", "properties": { "amenity": null, "building": "house", "denomination": null, "name": null, "ref:GB:uprn": "72126501", "religion": null, "wikidata": null, "osm_type": "way", "osm_id": 699166840, "addr:city": "Leeds", "addr:housenumber": null, "addr:postcode": "LS17 8JG", "addr:street": null, "addr:suburb": null, "addr:country": "GB", "source:addr:postcode": "ONSUD;OS Open UPRN", "addr:housename": null, "source:name": null, "community_centre": null, "man_made": null }, "geometry": { "type": "Polygon", "coordinates": [ [ [ 434771.322282739274669, 439663.067227022605948 ], [ 434771.963402561959811, 439663.550430026371032 ], [ 434777.271176155365538, 439656.624609150807373 ], [ 434776.859056949149817, 439656.310004617786035 ], [ 434777.975034767354373, 439654.860711104469374 ], [ 434772.290464170626365, 439650.51251490181312 ], [ 434771.174404509132728, 439651.972935721278191 ], [ 434767.138224127120338, 439648.89428811846301 ], [ 434764.673637353233062, 439652.113824173109606 ], [ 434766.171643645502627, 439653.259855362353846 ], [ 434763.328462898964062, 439656.966150697902776 ], [ 434768.65987121022772, 439661.033549657440744 ], [ 434767.092113767052069, 439663.080326227471232 ], [ 434769.75452478468651, 439665.114002706948668 ], [ 434771.322282739274669, 439663.067227022605948 ] ] ] } },
{ "type": "Feature", "properties": { "amenity": null, "building": "house", "denomination": null, "name": null, "ref:GB:uprn": "72126500", "religion": null, "wikidata": null, "osm_type": "way", "osm_id": 699166841, "addr:city": "Leeds", "addr:housenumber": null, "addr:postcode": "LS17 8JG", "addr:street": null, "addr:suburb": null, "addr:country": "GB", "source:addr:postcode": "ONSUD;OS Open UPRN", "addr:housename": null, "source:name": null, "community_centre": null, "man_made": null }, "geometry": { "type": "Polygon", "coordinates": [ [ [ 434755.269308446208015, 439672.96197679603938 ], [ 434764.023216572357342, 439664.403858784004115 ], [ 434756.586287925660145, 439656.838220558594912 ], [ 434747.832379666797351, 439665.396352423704229 ], [ 434755.269308446208015, 439672.96197679603938 ] ] ] } },
{ "type": "Feature", "properties": { "amenity": null, "building": "house", "denomination": null, "name": null, "ref:GB:uprn": "72126499", "religion": null, "wikidata": null, "osm_type": "way", "osm_id": 699166842, "addr:city": "Leeds", "addr:housenumber": null, "addr:postcode": "LS17 8JG", "addr:street": null, "addr:suburb": null, "addr:country": "GB", "source:addr:postcode": "ONSUD;OS Open UPRN", "addr:housename": null, "source:name": null, "community_centre": null, "man_made": null }, "geometry": { "type": "Polygon", "coordinates": [ [ [ 434731.789469026087318, 439689.021447313018143 ], [ 434730.817034074338153, 439692.407839870196767 ], [ 434735.615910905704368, 439693.767494844039902 ], [ 434736.588349085417576, 439690.381103266729042 ], [ 434742.529447551351041, 439692.071908666286618 ], [ 434744.285522246034816, 439685.920815791585483 ], [ 434745.597953747608699, 439686.364489591098391 ], [ 434749.749202779552434, 439673.933530247071758 ], [ 434743.823303786921315, 439671.964664391707629 ], [ 434742.275715857511386, 439676.615216779173352 ], [ 434743.109174824377988, 439676.888437870424241 ], [ 434740.606263946334366, 439684.391432547126897 ], [ 434730.896990574197844, 439681.62678416876588 ], [ 434729.019140620541293, 439688.233168239123188 ], [ 434731.789469026087318, 439689.021447313018143 ] ] ] } },
{ "type": "Feature", "properties": { "amenity": null, "building": "house", "denomination": null, "name": null, "ref:GB:uprn": "72126496", "religion": null, "wikidata": null, "osm_type": "way", "osm_id": 699166843, "addr:city": "Leeds", "addr:housenumber": null, "addr:postcode": "LS17 8JG", "addr:street": null, "addr:suburb": null, "addr:country": "GB", "source:addr:postcode": "ONSUD;OS Open UPRN", "addr:housename": null, "source:name": null, "community_centre": null, "man_made": null }, "geometry": { "type": "Polygon", "coordinates": [ [ [ 434731.565637345251162, 439698.80004454148002 ], [ 434718.973284106818028, 439700.698325913748704 ], [ 434720.69782773318002, 439712.104722019517794 ], [ 434733.290068523143418, 439710.217571344343014 ], [ 434731.565637345251162, 439698.80004454148002 ] ] ] } },
{ "type": "Feature", "properties": { "amenity": null, "building": "garage", "denomination": null, "name": null, "ref:GB:uprn": null, "religion": null, "wikidata": null, "osm_type": "way", "osm_id": 699166844, "addr:city": null, "addr:housenumber": null, "addr:postcode": null, "addr:street": null, "addr:suburb": null, "addr:country": null, "source:addr:postcode": null, "addr:housename": null, "source:name": null, "community_centre": null, "man_made": null }, "geometry": { "type": "Polygon", "coordinates": [ [ [ 434727.004148756503128, 439714.221025603823364 ], [ 434727.578096566430759, 439717.552127104019746 ], [ 434733.295657295908313, 439716.559759377152659 ], [ 434732.715052686922718, 439713.239734337897971 ], [ 434727.004148756503128, 439714.221025603823364 ] ] ] } },
{ "type": "Feature", "properties": { "amenity": null, "building": "house", "denomination": null, "name": null, "ref:GB:uprn": "72126490", "religion": null, "wikidata": null, "osm_type": "way", "osm_id": 699166845, "addr:city": null, "addr:housenumber": null, "addr:postcode": null, "addr:street": null, "addr:suburb": null, "addr:country": null, "source:addr:postcode": null, "addr:housename": null, "source:name": null, "community_centre": null, "man_made": null }, "geometry": { "type": "Polygon", "coordinates": [ [ [ 434729.220503769931383, 439717.853597986861132 ], [ 434731.602996922738384, 439723.033997319522314 ], [ 434730.65251770830946, 439723.460884404485114 ], [ 434733.889546645688824, 439730.505760425119661 ], [ 434738.285808490938507, 439728.4910807099659 ], [ 434741.399735267972574, 439735.279137789504603 ], [ 434745.868603700539097, 439733.231624141801149 ], [ 434738.054427722760011, 439716.227880612597801 ], [ 434729.220503769931383, 439717.853597986861132 ] ] ] } },
{ "type": "Feature", "properties": { "amenity": null, "building": "house", "denomination": null, "name": null, "ref:GB:uprn": "72244328", "religion": null, "wikidata": null, "osm_type": "way", "osm_id": 699166846, "addr:city": "Leeds", "addr:housenumber": null, "addr:postcode": "LS17 8LL", "addr:street": null, "addr:suburb": null, "addr:country": "GB", "source:addr:postcode": "ONSUD;OS Open UPRN", "addr:housename": null, "source:name": null, "community_centre": null, "man_made": null }, "geometry": { "type": "Polygon", "coordinates": [ [ [ 434742.830306426447351, 439756.152076875674538 ], [ 434746.131358771992382, 439757.22246691538021 ], [ 434748.144706707331352, 439750.97314486571122 ], [ 434747.324335105426144, 439750.711146376561373 ], [ 434747.957295034313574, 439748.746439436683431 ], [ 434745.476526794198435, 439747.949172120075673 ], [ 434747.658129591902252, 439741.189275917015038 ], [ 434746.231264629750513, 439737.551425585639663 ], [ 434739.594052402244415, 439740.139181410893798 ], [ 434741.234039441973437, 439744.31268630863633 ], [ 434739.456381231429987, 439749.829405766678974 ], [ 434732.663742276607081, 439747.653844757471234 ], [ 434730.926637101860251, 439753.026222685817629 ], [ 434742.628256724856328, 439756.784792563179508 ], [ 434742.830306426447351, 439756.152076875674538 ] ] ] } },
{ "type": "Feature", "properties": { "amenity": null, "building": "house", "denomination": null, "name": null, "ref:GB:uprn": "72244327", "religion": null, "wikidata": null, "osm_type": "way", "osm_id": 699166847, "addr:city": "Leeds", "addr:housenumber": null, "addr:postcode": "LS17 8LL", "addr:street": null, "addr:suburb": null, "addr:country": "GB", "source:addr:postcode": "ONSUD;OS Open UPRN", "addr:housename": null, "source:name": null, "community_centre": null, "man_made": null }, "geometry": { "type": "Polygon", "coordinates": [ [ [ 434710.65910310234176, 439755.568581887870096 ], [ 434708.681564041879028, 439750.78062453516759 ], [ 434708.120688479393721, 439751.010125507018529 ], [ 434706.854044781939592, 439747.940930194919929 ], [ 434700.525960919389036, 439750.54215885407757 ], [ 434706.503730934346095, 439765.028749958146363 ], [ 434719.740565667452756, 439759.585838134749793 ], [ 434717.007002969912719, 439752.956387294572778 ], [ 434710.65910310234176, 439755.568581887870096 ] ] ] } },
{ "type": "Feature", "properties": { "amenity": null, "building": "house", "denomination": null, "name": null, "ref:GB:uprn": "72244326", "religion": null, "wikidata": null, "osm_type": "way", "osm_id": 699166848, "addr:city": null, "addr:housenumber": null, "addr:postcode": null, "addr:street": null, "addr:suburb": null, "addr:country": null, "source:addr:postcode": null, "addr:housename": null, "source:name": null, "community_centre": null, "man_made": null }, "geometry": { "type": "Polygon", "coordinates": [ [ [ 434694.331635668990202, 439741.305713888141327 ], [ 434708.568552641954739, 439736.738052046857774 ], [ 434706.047706960351206, 439728.919641535147093 ], [ 434697.16536417620955, 439731.757856742595322 ], [ 434695.364768929488491, 439726.170103308046237 ], [ 434697.408956353901885, 439725.517654565977864 ], [ 434695.679152922704816, 439720.14183047239203 ], [ 434689.058562833466567, 439722.262465181876905 ], [ 434688.975061441306025, 439724.654059608117677 ], [ 434694.331635668990202, 439741.305713888141327 ] ] ] } },
{ "type": "Feature", "properties": { "amenity": null, "building": "house", "denomination": null, "name": null, "ref:GB:uprn": "72007490", "religion": null, "wikidata": null, "osm_type": "way", "osm_id": 699166941, "addr:city": null, "addr:housenumber": null, "addr:postcode": null, "addr:street": null, "addr:suburb": null, "addr:country": null, "source:addr:postcode": null, "addr:housename": null, "source:name": null, "community_centre": null, "man_made": null }, "geometry": { "type": "Polygon", "coordinates": [ [ [ 434844.620631173369475, 439671.155860785394907 ], [ 434846.481148099410348, 439675.742727208300494 ], [ 434852.762871418730356, 439673.20810905075632 ], [ 434851.839070038404316, 439670.931412383913994 ], [ 434859.829795041005127, 439667.708548540482298 ], [ 434857.006845277384855, 439660.733425765181892 ], [ 434841.836998724553268, 439666.851417948841117 ], [ 434843.729832065408118, 439671.516409660805948 ], [ 434844.620631173369475, 439671.155860785394907 ] ] ] } },
{ "type": "Feature", "properties": { "amenity": null, "building": "house", "denomination": null, "name": null, "ref:GB:uprn": "72007492", "religion": null, "wikidata": null, "osm_type": "way", "osm_id": 699166942, "addr:city": "Leeds", "addr:housenumber": null, "addr:postcode": "LS17 8JW", "addr:street": null, "addr:suburb": null, "addr:country": "GB", "source:addr:postcode": "ONSUD;OS Open UPRN", "addr:housename": null, "source:name": null, "community_centre": null, "man_made": null }, "geometry": { "type": "Polygon", "coordinates": [ [ [ 434843.729832065408118, 439671.516409660805948 ], [ 434841.836998724553268, 439666.851417948841117 ], [ 434840.260786220955197, 439662.956516328616999 ], [ 434827.618145457061473, 439668.058585507329553 ], [ 434830.118178818607703, 439674.230174998752773 ], [ 434838.016538621450309, 439671.039966782089323 ], [ 434838.985566882125568, 439673.428262856206857 ], [ 434843.729832065408118, 439671.516409660805948 ] ] ] } },
{ "type": "Feature", "properties": { "amenity": null, "building": "house", "denomination": null, "name": null, "ref:GB:uprn": "72007494", "religion": null, "wikidata": null, "osm_type": "way", "osm_id": 699166943, "addr:city": null, "addr:housenumber": null, "addr:postcode": null, "addr:street": null, "addr:suburb": null, "addr:country": null, "source:addr:postcode": null, "addr:housename": null, "source:name": null, "community_centre": null, "man_made": null }, "geometry": { "type": "Polygon", "coordinates": [ [ [ 434812.541338350391015, 439665.20934526680503 ], [ 434811.93216625781497, 439665.738892385386862 ], [ 434811.532176052336581, 439666.448019746341743 ], [ 434811.394738285336643, 439667.236984862131067 ], [ 434811.533505627594423, 439668.039129752782173 ], [ 434811.929570170119405, 439668.743048147531226 ], [ 434809.362762929173186, 439669.780992496409453 ], [ 434811.933939697570167, 439676.119999443879351 ], [ 434817.463403987232596, 439673.891286062193103 ], [ 434818.548782851663418, 439676.558607217855752 ], [ 434826.387677934020758, 439673.401317043928429 ], [ 434822.731223688577302, 439664.383853787207045 ], [ 434821.99213924590731, 439664.689902086742222 ], [ 434820.842217487923335, 439661.855201657512225 ], [ 434812.541338350391015, 439665.20934526680503 ] ] ] } },
{ "type": "Feature", "properties": { "amenity": null, "building": "house", "denomination": null, "name": null, "ref:GB:uprn": "72007496", "religion": null, "wikidata": null, "osm_type": "way", "osm_id": 699166944, "addr:city": "Leeds", "addr:housenumber": null, "addr:postcode": "LS17 8JW", "addr:street": null, "addr:suburb": null, "addr:country": "GB", "source:addr:postcode": "ONSUD;OS Open UPRN", "addr:housename": null, "source:name": null, "community_centre": null, "man_made": null }, "geometry": { "type": "Polygon", "coordinates": [ [ [ 434795.670886728388723, 439670.013035811018199 ], [ 434794.980793867260218, 439670.809021630324423 ], [ 434794.572327082278207, 439671.773998632212169 ], [ 434794.492112813517451, 439672.830427162582055 ], [ 434794.747721109830309, 439673.844844564097002 ], [ 434792.279925280425232, 439674.839027606183663 ], [ 434794.812313987058587, 439681.088724169298075 ], [ 434800.407794719620142, 439678.827101512695663 ], [ 434801.544733296905179, 439681.639447254827246 ], [ 434809.3176600279985, 439678.50389152369462 ], [ 434805.648268664255738, 439669.452966020675376 ], [ 434805.08080022764625, 439669.682406476698816 ], [ 434802.793928617669735, 439664.035363975912333 ], [ 434799.323167594557162, 439665.433772916672751 ], [ 434800.408558833762072, 439668.101089770905674 ], [ 434795.670886728388723, 439670.013035811018199 ] ] ] } },
{ "type": "Feature", "properties": { "amenity": null, "building": "house", "denomination": null, "name": null, "ref:GB:uprn": "72007498", "religion": null, "wikidata": null, "osm_type": "way", "osm_id": 699166945, "addr:city": "Leeds", "addr:housenumber": null, "addr:postcode": "LS17 8JW", "addr:street": null, "addr:suburb": null, "addr:country": "GB", "source:addr:postcode": "ONSUD;OS Open UPRN", "addr:housename": null, "source:name": null, "community_centre": null, "man_made": null }, "geometry": { "type": "Polygon", "coordinates": [ [ [ 434778.563194330432452, 439678.420034899725579 ], [ 434778.191207773343194, 439678.016715675476007 ], [ 434777.699738217401318, 439677.757154608611017 ], [ 434777.147659589420073, 439677.686295241350308 ], [ 434776.607332883402705, 439677.804674963699654 ], [ 434776.138127800775692, 439678.090481502586044 ], [ 434775.799331386748236, 439678.533028530306183 ], [ 434775.62441330589354, 439679.054678545682691 ], [ 434775.633521407318767, 439679.599948283750564 ], [ 434778.934612366254441, 439687.757988596335053 ], [ 434786.991287540295161, 439684.502110951812938 ], [ 434787.843996553565376, 439686.611367777572013 ], [ 434793.063349309901241, 439684.50271436420735 ], [ 434789.639525084174238, 439676.043334572459571 ], [ 434789.012688529328443, 439676.294589071301743 ], [ 434787.907888585876208, 439673.582624411559664 ], [ 434784.067599081376102, 439675.134071558364667 ], [ 434785.165822594950441, 439677.845986445434391 ], [ 434779.293234942248091, 439680.216835020808503 ], [ 434778.563194330432452, 439678.420034899725579 ] ] ] } },
{ "type": "Feature", "properties": { "amenity": null, "building": "house", "denomination": null, "name": null, "ref:GB:uprn": "72007500", "religion": null, "wikidata": null, "osm_type": "way", "osm_id": 699166946, "addr:city": "Leeds", "addr:housenumber": null, "addr:postcode": "LS17 8JW", "addr:street": null, "addr:suburb": null, "addr:country": "GB", "source:addr:postcode": "ONSUD;OS Open UPRN", "addr:housename": null, "source:name": null, "community_centre": null, "man_made": null }, "geometry": { "type": "Polygon", "coordinates": [ [ [ 434772.01018914359156, 439680.2851436563069 ], [ 434771.585658682568464, 439679.87030824192334 ], [ 434771.041480244486593, 439679.621483080787584 ], [ 434770.44993216264993, 439679.55033144459594 ], [ 434769.870053661172278, 439679.679544847691432 ], [ 434769.354636130563449, 439679.987262094626203 ], [ 434768.97620571393054, 439680.451768490020186 ], [ 434768.768149343435653, 439681.006552437320352 ], [ 434768.750532170466613, 439681.607256601448171 ], [ 434769.887489023210946, 439684.419594572740607 ], [ 434763.744383231503889, 439686.899719763896428 ], [ 434762.878837284399197, 439684.745865877368487 ], [ 434762.349136911740061, 439684.319124028668739 ], [ 434761.712945501261856, 439684.058490356779657 ], [ 434761.029137076751795, 439684.00890821008943 ], [ 434760.363576886826195, 439684.159739930648357 ], [ 434759.775469325715676, 439684.511424962896854 ], [ 434759.317770827328786, 439685.019850048120134 ], [ 434759.043355179310311, 439685.652027881122194 ], [ 434758.965956905798521, 439686.330174362519756 ], [ 434759.108118462725542, 439686.676153315347619 ], [ 434757.280326922249515, 439687.419193973648362 ], [ 434759.315397001686506, 439692.430130203836598 ], [ 434762.330822675779928, 439691.217463526525535 ], [ 434763.538902717118617, 439694.19722653622739 ], [ 434770.420992930536158, 439691.422170478035696 ], [ 434771.480494368588552, 439694.033655495150015 ], [ 434774.812669462757185, 439692.689829878974706 ], [ 434773.488335704547353, 439689.419909722637385 ], [ 434775.401811623771209, 439688.655258526210673 ], [ 434772.01018914359156, 439680.2851436563069 ] ] ] } },
{ "type": "Feature", "properties": { "amenity": null, "building": "house", "denomination": null, "name": null, "ref:GB:uprn": "72007503", "religion": null, "wikidata": null, "osm_type": "way", "osm_id": 699166947, "addr:city": "Leeds", "addr:housenumber": null, "addr:postcode": "LS17 8JW", "addr:street": null, "addr:suburb": null, "addr:country": "GB", "source:addr:postcode": "ONSUD;OS Open UPRN", "addr:housename": null, "source:name": null, "community_centre": null, "man_made": null }, "geometry": { "type": "Polygon", "coordinates": [ [ [ 434753.170882080506999, 439711.945042449980974 ], [ 434762.395394145103637, 439708.219347167178057 ], [ 434759.081133089959621, 439700.061220707371831 ], [ 434756.586963315668982, 439701.066353229107335 ], [ 434755.792291096237022, 439699.113304959260859 ], [ 434753.575315663998481, 439699.998104058322497 ], [ 434753.226448723871727, 439699.138768890756182 ], [ 434748.719808934023604, 439700.952337483293377 ], [ 434753.170882080506999, 439711.945042449980974 ] ] ] } },
{ "type": "Feature", "properties": { "amenity": null, "building": "house", "denomination": null, "name": null, "ref:GB:uprn": "72007505", "religion": null, "wikidata": null, "osm_type": "way", "osm_id": 699166948, "addr:city": "Leeds", "addr:housenumber": null, "addr:postcode": "LS17 8JW", "addr:street": null, "addr:suburb": null, "addr:country": "GB", "source:addr:postcode": "ONSUD;OS Open UPRN", "addr:housename": null, "source:name": null, "community_centre": null, "man_made": null }, "geometry": { "type": "Polygon", "coordinates": [ [ [ 434758.459456067997962, 439724.434929155628197 ], [ 434767.433150134515017, 439720.818648068816401 ], [ 434763.976912032230757, 439712.292286764248274 ], [ 434755.003204452805221, 439715.908574504661374 ], [ 434758.459456067997962, 439724.434929155628197 ] ] ] } },
{ "type": "Feature", "properties": { "amenity": null, "building": "house", "denomination": null, "name": null, "ref:GB:uprn": "72007507", "religion": null, "wikidata": null, "osm_type": "way", "osm_id": 699166949, "addr:city": "Leeds", "addr:housenumber": null, "addr:postcode": "LS17 8JW", "addr:street": null, "addr:suburb": null, "addr:country": "GB", "source:addr:postcode": "ONSUD;OS Open UPRN", "addr:housename": null, "source:name": null, "community_centre": null, "man_made": null }, "geometry": { "type": "Polygon", "coordinates": [ [ [ 434763.66702748532407, 439736.312259507249109 ], [ 434774.09236601262819, 439732.105932905105874 ], [ 434770.862255284097046, 439724.137574000051245 ], [ 434760.436902089102659, 439728.343907822854817 ], [ 434763.66702748532407, 439736.312259507249109 ] ] ] } },
{ "type": "Feature", "properties": { "amenity": null, "building": "house", "denomination": null, "name": null, "ref:GB:uprn": "72007509", "religion": null, "wikidata": null, "osm_type": "way", "osm_id": 699166950, "addr:city": "Leeds", "addr:housenumber": null, "addr:postcode": "LS17 8JW", "addr:street": null, "addr:suburb": null, "addr:country": "GB", "source:addr:postcode": "ONSUD;OS Open UPRN", "addr:housename": null, "source:name": null, "community_centre": null, "man_made": null }, "geometry": { "type": "Polygon", "coordinates": [ [ [ 434769.045556547120214, 439754.399494099197909 ], [ 434775.036783632240258, 439751.985008196206763 ], [ 434771.580666117311921, 439743.447514758096077 ], [ 434775.843138193129562, 439741.732294420013204 ], [ 434774.648069964430761, 439738.774877556134015 ], [ 434770.378934872103855, 439740.501176104764454 ], [ 434770.094699437962845, 439739.798091480508447 ], [ 434764.110037634440232, 439742.212632570532151 ], [ 434769.045556547120214, 439754.399494099197909 ] ] ] } },
{ "type": "Feature", "properties": { "amenity": null, "building": "house", "denomination": null, "name": null, "ref:GB:uprn": "72007531", "religion": null, "wikidata": null, "osm_type": "way", "osm_id": 699167087, "addr:city": "Leeds", "addr:housenumber": null, "addr:postcode": "LS17 8JN", "addr:street": null, "addr:suburb": null, "addr:country": "GB", "source:addr:postcode": "ONSUD;OS Open UPRN", "addr:housename": null, "source:name": null, "community_centre": null, "man_made": null }, "geometry": { "type": "Polygon", "coordinates": [ [ [ 434843.547214070742484, 439707.554029029794037 ], [ 434846.035334703687113, 439712.668514541350305 ], [ 434854.08357899019029, 439708.778474954771809 ], [ 434853.046796484442893, 439706.656709002447315 ], [ 434858.65882787364535, 439703.939089666353539 ], [ 434855.84027764032362, 439698.143416789360344 ], [ 434846.187625102815218, 439702.811501500196755 ], [ 434847.554850867250934, 439705.614445961080492 ], [ 434843.547214070742484, 439707.554029029794037 ] ] ] } },
{ "type": "Feature", "properties": { "amenity": null, "building": "house", "denomination": null, "name": null, "ref:GB:uprn": "72007491", "religion": null, "wikidata": null, "osm_type": "way", "osm_id": 699167088, "addr:city": "Leeds", "addr:housenumber": null, "addr:postcode": "LS17 8JW", "addr:street": null, "addr:suburb": null, "addr:country": "GB", "source:addr:postcode": "ONSUD;OS Open UPRN", "addr:housename": null, "source:name": null, "community_centre": null, "man_made": null }, "geometry": { "type": "Polygon", "coordinates": [ [ [ 434840.69971949479077, 439704.762325523071922 ], [ 434840.174912194546778, 439703.679143163026311 ], [ 434842.815889729652554, 439702.396983026759699 ], [ 434838.928215476626065, 439694.401430647121742 ], [ 434828.635083943780046, 439699.38745736097917 ], [ 434831.05835334782023, 439704.379059938015416 ], [ 434829.275694263633341, 439705.244800498127006 ], [ 434831.258343911089469, 439709.331873546354473 ], [ 434840.69971949479077, 439704.762325523071922 ] ] ] } },
{ "type": "Feature", "properties": { "amenity": null, "building": "house", "denomination": null, "name": null, "ref:GB:uprn": "72007493", "religion": null, "wikidata": null, "osm_type": "way", "osm_id": 699167089, "addr:city": "Leeds", "addr:housenumber": null, "addr:postcode": "LS17 8JW", "addr:street": null, "addr:suburb": null, "addr:country": "GB", "source:addr:postcode": "ONSUD;OS Open UPRN", "addr:housename": null, "source:name": null, "community_centre": null, "man_made": null }, "geometry": { "type": "Polygon", "coordinates": [ [ [ 434821.950603196222801, 439699.471266111591831 ], [ 434811.915044727153145, 439704.32572580804117 ], [ 434815.161356046795845, 439710.992424674564973 ], [ 434817.419379336060956, 439709.896554997423664 ], [ 434818.546865943470038, 439712.208139054477215 ], [ 434826.317809267318808, 439708.449508964433335 ], [ 434821.950603196222801, 439699.471266111591831 ] ] ] } },
{ "type": "Feature", "properties": { "amenity": null, "building": "house", "denomination": null, "name": null, "ref:GB:uprn": "72007495", "religion": null, "wikidata": null, "osm_type": "way", "osm_id": 699167090, "addr:city": "Leeds", "addr:housenumber": null, "addr:postcode": "LS17 8JW", "addr:street": null, "addr:suburb": null, "addr:country": "GB", "source:addr:postcode": "ONSUD;OS Open UPRN", "addr:housename": null, "source:name": null, "community_centre": null, "man_made": null }, "geometry": { "type": "Polygon", "coordinates": [ [ [ 434805.098028035601601, 439716.046970646828413 ], [ 434814.724215803435072, 439711.389731474337168 ], [ 434811.542693948373199, 439704.85703343921341 ], [ 434809.628060693270527, 439705.777433275827207 ], [ 434808.254316800564993, 439702.963325157412328 ], [ 434800.549409614875913, 439706.689096240676008 ], [ 434805.098028035601601, 439716.046970646828413 ] ] ] } },
{ "type": "Feature", "properties": { "amenity": null, "building": "house", "denomination": null, "name": null, "ref:GB:uprn": "72007497", "religion": null, "wikidata": null, "osm_type": "way", "osm_id": 699167091, "addr:city": "Leeds", "addr:housenumber": null, "addr:postcode": "LS17 8JW", "addr:street": null, "addr:suburb": null, "addr:country": "GB", "source:addr:postcode": "ONSUD;OS Open UPRN", "addr:housename": null, "source:name": null, "community_centre": null, "man_made": null }, "geometry": { "type": "Polygon", "coordinates": [ [ [ 434808.933856046234723, 439733.677723449771293 ], [ 434806.074590866919607, 439727.158550829160959 ], [ 434806.833647106192075, 439726.819268821855076 ], [ 434805.319901037844829, 439723.369906048523262 ], [ 434804.560927046462893, 439723.698062338400632 ], [ 434803.176509814918973, 439720.550079034175724 ], [ 434796.767990083957557, 439723.33973211911507 ], [ 434800.177156786958221, 439731.109161710715853 ], [ 434797.042264408431947, 439732.465561585035175 ], [ 434799.396956651296932, 439737.834941769600846 ], [ 434808.933856046234723, 439733.677723449771293 ] ] ] } },
{ "type": "Feature", "properties": { "amenity": null, "building": "house", "denomination": null, "name": null, "ref:GB:uprn": "72007499", "religion": null, "wikidata": null, "osm_type": "way", "osm_id": 699167092, "addr:city": "Leeds", "addr:housenumber": null, "addr:postcode": "LS17 8JW", "addr:street": null, "addr:suburb": null, "addr:country": "GB", "source:addr:postcode": "ONSUD;OS Open UPRN", "addr:housename": null, "source:name": null, "community_centre": null, "man_made": null }, "geometry": { "type": "Polygon", "coordinates": [ [ [ 434807.073325852688868, 439748.562378556118347 ], [ 434816.511207056522835, 439744.448946136748418 ], [ 434813.024462749657687, 439736.500902110012248 ], [ 434803.586486072395928, 439740.625467542558908 ], [ 434807.073325852688868, 439748.562378556118347 ] ] ] } },
{ "type": "Feature", "properties": { "amenity": null, "building": "house", "denomination": null, "name": null, "ref:GB:uprn": "72007501", "religion": null, "wikidata": null, "osm_type": "way", "osm_id": 699167093, "addr:city": "Leeds", "addr:housenumber": null, "addr:postcode": "LS17 8JW", "addr:street": null, "addr:suburb": null, "addr:country": "GB", "source:addr:postcode": "ONSUD;OS Open UPRN", "addr:housename": null, "source:name": null, "community_centre": null, "man_made": null }, "geometry": { "type": "Polygon", "coordinates": [ [ [ 434819.933471271127928, 439745.141986065194942 ], [ 434810.25136917445343, 439749.364861909649335 ], [ 434814.70837078220211, 439759.534305984387174 ], [ 434824.390456097491551, 439755.311439390527084 ], [ 434819.933471271127928, 439745.141986065194942 ] ] ] } },
{ "type": "Feature", "properties": { "amenity": null, "building": "garage", "denomination": null, "name": null, "ref:GB:uprn": null, "religion": null, "wikidata": null, "osm_type": "way", "osm_id": 699167094, "addr:city": null, "addr:housenumber": null, "addr:postcode": null, "addr:street": null, "addr:suburb": null, "addr:country": null, "source:addr:postcode": null, "addr:housename": null, "source:name": null, "community_centre": null, "man_made": null }, "geometry": { "type": "Polygon", "coordinates": [ [ [ 434810.32614742469741, 439779.129008304444142 ], [ 434808.2820295295096, 439774.462904725922272 ], [ 434804.751070130674634, 439776.005506974179298 ], [ 434806.795190833043307, 439780.671609006240033 ], [ 434810.32614742469741, 439779.129008304444142 ] ] ] } },
{ "type": "Feature", "properties": { "amenity": null, "building": "house", "denomination": null, "name": null, "ref:GB:uprn": "72007502", "religion": null, "wikidata": null, "osm_type": "way", "osm_id": 699167095, "addr:city": null, "addr:housenumber": null, "addr:postcode": null, "addr:street": null, "addr:suburb": null, "addr:country": null, "source:addr:postcode": null, "addr:housename": null, "source:name": null, "community_centre": null, "man_made": null }, "geometry": { "type": "Polygon", "coordinates": [ [ [ 434815.229302258463576, 439766.447782596806064 ], [ 434806.913388110988308, 439770.07998720719479 ], [ 434810.600730210077018, 439778.474581469665281 ], [ 434818.910054340492934, 439774.842334517743438 ], [ 434815.229302258463576, 439766.447782596806064 ] ] ] } },
{ "type": "Feature", "properties": { "amenity": null, "building": "house", "denomination": null, "name": null, "ref:GB:uprn": "72007504", "religion": null, "wikidata": null, "osm_type": "way", "osm_id": 699167096, "addr:city": "Leeds", "addr:housenumber": null, "addr:postcode": "LS17 8JW", "addr:street": null, "addr:suburb": null, "addr:country": "GB", "source:addr:postcode": "ONSUD;OS Open UPRN", "addr:housename": null, "source:name": null, "community_centre": null, "man_made": null }, "geometry": { "type": "Polygon", "coordinates": [ [ [ 434790.558072449173778, 439780.862492704065517 ], [ 434792.291828681598417, 439784.803055042400956 ], [ 434801.723045728751458, 439780.689543961896561 ], [ 434797.466569555224851, 439770.977791722514667 ], [ 434784.623121702170465, 439776.590304632904008 ], [ 434787.145943258074112, 439782.350358127150685 ], [ 434790.558072449173778, 439780.862492704065517 ] ] ] } },
{ "type": "Feature", "properties": { "amenity": null, "building": "house", "denomination": null, "name": null, "ref:GB:uprn": "72007533", "religion": null, "wikidata": null, "osm_type": "way", "osm_id": 699167097, "addr:city": "Leeds", "addr:housenumber": null, "addr:postcode": "LS17 8JN", "addr:street": null, "addr:suburb": null, "addr:country": "GB", "source:addr:postcode": "ONSUD;OS Open UPRN", "addr:housename": null, "source:name": null, "community_centre": null, "man_made": null }, "geometry": { "type": "Polygon", "coordinates": [ [ [ 434847.26063657226041, 439718.630350530147552 ], [ 434837.354507925396319, 439722.005884052021429 ], [ 434839.041411625687033, 439726.936380317434669 ], [ 434835.730548910389189, 439728.068913684925064 ], [ 434837.623484458948951, 439733.601777268690057 ], [ 434850.840453010925557, 439729.093719345168211 ], [ 434847.26063657226041, 439718.630350530147552 ] ] ] } },
{ "type": "Feature", "properties": { "amenity": null, "building": "house", "denomination": null, "name": null, "ref:GB:uprn": "72007535", "religion": null, "wikidata": null, "osm_type": "way", "osm_id": 699167098, "addr:city": "Leeds", "addr:housenumber": null, "addr:postcode": "LS17 8JN", "addr:street": null, "addr:suburb": null, "addr:country": "GB", "source:addr:postcode": "ONSUD;OS Open UPRN", "addr:housename": null, "source:name": null, "community_centre": null, "man_made": null }, "geometry": { "type": "Polygon", "coordinates": [ [ [ 434850.094698252796661, 439732.949091364629567 ], [ 434849.161146269121673, 439730.216132703004405 ], [ 434839.861806662811432, 439733.38477142737247 ], [ 434842.070195084030274, 439739.843489711056463 ], [ 434839.023212772794068, 439740.877844853559509 ], [ 434840.5363046725397, 439745.295226278249174 ], [ 434853.515766363823786, 439740.874421757413074 ], [ 434850.727777622523718, 439732.74239786202088 ], [ 434850.094698252796661, 439732.949091364629567 ] ] ] } },
{ "type": "Feature", "properties": { "amenity": null, "building": "house", "denomination": null, "name": null, "ref:GB:uprn": "72007537", "religion": null, "wikidata": null, "osm_type": "way", "osm_id": 699167099, "addr:city": "Leeds", "addr:housenumber": null, "addr:postcode": "LS17 8JN", "addr:street": null, "addr:suburb": null, "addr:country": "GB", "source:addr:postcode": "ONSUD;OS Open UPRN", "addr:housename": null, "source:name": null, "community_centre": null, "man_made": null }, "geometry": { "type": "Polygon", "coordinates": [ [ [ 434840.167112249531783, 439755.128373087034561 ], [ 434837.720242379931733, 439755.96691546891816 ], [ 434839.168956012814306, 439760.194665851187892 ], [ 434851.660349534940906, 439755.937124126125127 ], [ 434848.028842028870713, 439745.350976989720948 ], [ 434837.990874726849142, 439748.770033872802742 ], [ 434840.167112249531783, 439755.128373087034561 ] ] ] } },
{ "type": "Feature", "properties": { "amenity": null, "building": "house", "denomination": null, "name": null, "ref:GB:uprn": "72007539", "religion": null, "wikidata": null, "osm_type": "way", "osm_id": 699167100, "addr:city": "Leeds", "addr:housenumber": null, "addr:postcode": "LS17 8JN", "addr:street": null, "addr:suburb": null, "addr:country": "GB", "source:addr:postcode": "ONSUD;OS Open UPRN", "addr:housename": null, "source:name": null, "community_centre": null, "man_made": null }, "geometry": { "type": "Polygon", "coordinates": [ [ [ 434837.62370068707969, 439764.522534634568729 ], [ 434842.6943362224265, 439775.31965997593943 ], [ 434845.453763456025627, 439774.027256399509497 ], [ 434846.697142678312957, 439776.673507507774048 ], [ 434853.034503088856582, 439773.716494955471717 ], [ 434848.967770635150373, 439765.040878591826186 ], [ 434851.601724078005645, 439763.814304285217077 ], [ 434849.361040867981501, 439759.046580321155488 ], [ 434837.62370068707969, 439764.522534634568729 ] ] ] } },
{ "type": "Feature", "properties": { "amenity": null, "building": "house", "denomination": null, "name": null, "ref:GB:uprn": "72007542", "religion": null, "wikidata": null, "osm_type": "way", "osm_id": 699167101, "addr:city": "Leeds", "addr:housenumber": null, "addr:postcode": "LS17 8JN", "addr:street": null, "addr:suburb": null, "addr:country": "GB", "source:addr:postcode": "ONSUD;OS Open UPRN", "addr:housename": null, "source:name": null, "community_centre": null, "man_made": null }, "geometry": { "type": "Polygon", "coordinates": [ [ [ 434849.398582480615005, 439780.52115341136232 ], [ 434841.377853364509065, 439784.266759272082709 ], [ 434845.444665213755798, 439792.931243322324008 ], [ 434853.465382916736417, 439789.185644445708022 ], [ 434849.398582480615005, 439780.52115341136232 ] ] ] } },
{ "type": "Feature", "properties": { "amenity": null, "building": "house", "denomination": null, "name": null, "ref:GB:uprn": "72007544", "religion": null, "wikidata": null, "osm_type": "way", "osm_id": 699167102, "addr:city": "Leeds", "addr:housenumber": null, "addr:postcode": "LS17 8JN", "addr:street": null, "addr:suburb": null, "addr:country": "GB", "source:addr:postcode": "ONSUD;OS Open UPRN", "addr:housename": null, "source:name": null, "community_centre": null, "man_made": null }, "geometry": { "type": "Polygon", "coordinates": [ [ [ 434854.927969027485233, 439813.641621858463623 ], [ 434861.02106781170005, 439810.794068173971027 ], [ 434857.070967369596474, 439802.36409670941066 ], [ 434859.513474830426276, 439801.225114573375322 ], [ 434857.124006601574365, 439796.122481395374052 ], [ 434848.588384761300404, 439800.109026739839464 ], [ 434854.927969027485233, 439813.641621858463623 ] ] ] } },
{ "type": "Feature", "properties": { "amenity": null, "building": "house", "denomination": null, "name": null, "ref:GB:uprn": "72007415", "religion": null, "wikidata": null, "osm_type": "way", "osm_id": 699167103, "addr:city": null, "addr:housenumber": null, "addr:postcode": null, "addr:street": null, "addr:suburb": null, "addr:country": null, "source:addr:postcode": null, "addr:housename": null, "source:name": null, "community_centre": null, "man_made": null }, "geometry": { "type": "Polygon", "coordinates": [ [ [ 434839.020827103580814, 439824.316027927212417 ], [ 434837.548705019406043, 439825.006050114170648 ], [ 434840.909572513424791, 439832.174317741533741 ], [ 434854.138688865408767, 439825.997375280130655 ], [ 434849.806445041787811, 439816.763451833161525 ], [ 434847.020646542019676, 439818.066782980109565 ], [ 434845.913265901443083, 439815.71083452377934 ], [ 434840.863160037319176, 439818.076598397339694 ], [ 434841.49129891366465, 439819.416461289161816 ], [ 434837.583260193292517, 439821.245523952064104 ], [ 434839.020827103580814, 439824.316027927212417 ] ] ] } },
{ "type": "Feature", "properties": { "amenity": null, "building": "house", "denomination": null, "name": null, "ref:GB:uprn": "72007417", "religion": null, "wikidata": null, "osm_type": "way", "osm_id": 699167104, "addr:city": "Leeds", "addr:housenumber": null, "addr:postcode": "LS17 8JT", "addr:street": null, "addr:suburb": null, "addr:country": "GB", "source:addr:postcode": "ONSUD;OS Open UPRN", "addr:housename": null, "source:name": null, "community_centre": null, "man_made": null }, "geometry": { "type": "Polygon", "coordinates": [ [ [ 434830.982936327171046, 439822.420348480227403 ], [ 434830.205733766546473, 439820.778960700263269 ], [ 434823.492178206506651, 439823.911231187987141 ], [ 434822.061013600439765, 439820.863032876513898 ], [ 434816.621496450563427, 439823.403952280059457 ], [ 434819.593836045765784, 439829.745948712690733 ], [ 434822.174955486843828, 439828.5412184773013 ], [ 434823.48312036372954, 439831.321464329841547 ], [ 434831.358458105591126, 439827.652633115299977 ], [ 434832.414046293240972, 439829.896927075693384 ], [ 434837.926171685161535, 439827.323186486726627 ], [ 434834.791886613355018, 439820.64617609931156 ], [ 434830.982936327171046, 439822.420348480227403 ] ] ] } },
{ "type": "Feature", "properties": { "amenity": null, "building": "house", "denomination": null, "name": null, "ref:GB:uprn": "72007512", "religion": null, "wikidata": null, "osm_type": "way", "osm_id": 699167105, "addr:city": null, "addr:housenumber": null, "addr:postcode": null, "addr:street": null, "addr:suburb": null, "addr:country": null, "source:addr:postcode": null, "addr:housename": null, "source:name": null, "community_centre": null, "man_made": null }, "geometry": { "type": "Polygon", "coordinates": [ [ [ 434810.709020598675124, 439837.357230098568834 ], [ 434813.480979491025209, 439836.142787217511795 ], [ 434811.934881317138206, 439832.626421279623173 ], [ 434800.055285058857407, 439837.800992949749343 ], [ 434804.661034457967617, 439848.305332265794277 ], [ 434813.768736565136351, 439844.334087422350422 ], [ 434810.709020598675124, 439837.357230098568834 ] ] ] } },
{ "type": "Feature", "properties": { "amenity": null, "building": "house", "denomination": null, "name": null, "ref:GB:uprn": "72007510", "religion": null, "wikidata": null, "osm_type": "way", "osm_id": 699167106, "addr:city": "Leeds", "addr:housenumber": null, "addr:postcode": "LS17 8JW", "addr:street": null, "addr:suburb": null, "addr:country": "GB", "source:addr:postcode": "ONSUD;OS Open UPRN", "addr:housename": null, "source:name": null, "community_centre": null, "man_made": null }, "geometry": { "type": "Polygon", "coordinates": [ [ [ 434807.627131330838893, 439833.362132770242169 ], [ 434801.818112033361103, 439820.122836818336509 ], [ 434795.455857815453783, 439822.901707832585089 ], [ 434798.838886686018668, 439830.637564477394335 ], [ 434796.482751037518028, 439831.665954115916975 ], [ 434798.902179976576008, 439837.169335393817164 ], [ 434807.627131330838893, 439833.362132770242169 ] ] ] } },
{ "type": "Feature", "properties": { "amenity": null, "building": "house", "denomination": null, "name": null, "ref:GB:uprn": "72007508", "religion": null, "wikidata": null, "osm_type": "way", "osm_id": 699167107, "addr:city": "Leeds", "addr:housenumber": null, "addr:postcode": "LS17 8JW", "addr:street": null, "addr:suburb": null, "addr:country": "GB", "source:addr:postcode": "ONSUD;OS Open UPRN", "addr:housename": null, "source:name": null, "community_centre": null, "man_made": null }, "geometry": { "type": "Polygon", "coordinates": [ [ [ 434794.489084799191914, 439803.389636011794209 ], [ 434785.255840817524586, 439807.426745832781307 ], [ 434789.143639536225237, 439816.290128782740794 ], [ 434792.179554636182729, 439814.966368439025246 ], [ 434794.320687655999791, 439819.855717654223554 ], [ 434800.517997440008912, 439817.14237871626392 ], [ 434794.489084799191914, 439803.389636011794209 ] ] ] } },
{ "type": "Feature", "properties": { "amenity": null, "building": "house", "denomination": null, "name": null, "ref:GB:uprn": "72007506", "religion": null, "wikidata": null, "osm_type": "way", "osm_id": 699167108, "addr:city": "Leeds", "addr:housenumber": null, "addr:postcode": "LS17 8JW", "addr:street": null, "addr:suburb": null, "addr:country": "GB", "source:addr:postcode": "ONSUD;OS Open UPRN", "addr:housename": null, "source:name": null, "community_centre": null, "man_made": null }, "geometry": { "type": "Polygon", "coordinates": [ [ [ 434789.217011331173126, 439802.872023104457185 ], [ 434793.091080763726495, 439801.187313137226738 ], [ 434787.84485189820407, 439789.220647328533232 ], [ 434782.023787149286363, 439791.758772688917816 ], [ 434785.22598094312707, 439799.048212386667728 ], [ 434781.846839785575867, 439800.52520002448 ], [ 434784.402128456393257, 439806.341126383282244 ], [ 434789.721588590182364, 439804.021809054189362 ], [ 434789.217011331173126, 439802.872023104457185 ] ] ] } },
{ "type": "Feature", "properties": { "amenity": null, "building": "house", "denomination": null, "name": null, "ref:GB:uprn": "72007534", "religion": null, "wikidata": null, "osm_type": "way", "osm_id": 699167171, "addr:city": null, "addr:housenumber": null, "addr:postcode": null, "addr:street": null, "addr:suburb": null, "addr:country": null, "source:addr:postcode": null, "addr:housename": null, "source:name": null, "community_centre": null, "man_made": null }, "geometry": { "type": "Polygon", "coordinates": [ [ [ 434885.736322141485289, 439706.588574888184667 ], [ 434884.187756105384324, 439706.054089803132229 ], [ 434880.564440594811458, 439716.452702655806206 ], [ 434892.637760915386025, 439720.648353861528449 ], [ 434894.936753912596032, 439714.056297550792806 ], [ 434892.843608731403947, 439713.328599778236821 ], [ 434895.740835386677645, 439705.027508567087352 ], [ 434887.302618431218434, 439702.093979788245633 ], [ 434885.736322141485289, 439706.588574888184667 ] ] ] } },
{ "type": "Feature", "properties": { "amenity": null, "building": "house", "denomination": null, "name": null, "ref:GB:uprn": "72007536", "religion": null, "wikidata": null, "osm_type": "way", "osm_id": 699167172, "addr:city": "Leeds", "addr:housenumber": null, "addr:postcode": "LS17 8JN", "addr:street": null, "addr:suburb": null, "addr:country": "GB", "source:addr:postcode": "ONSUD;OS Open UPRN", "addr:housename": null, "source:name": null, "community_centre": null, "man_made": null }, "geometry": { "type": "Polygon", "coordinates": [ [ [ 434881.21315713878721, 439727.39495997747872 ], [ 434879.249428774928674, 439734.022899752249941 ], [ 434885.32781773066381, 439735.815050008124672 ], [ 434888.020400670007803, 439726.722442531725392 ], [ 434888.210753958264831, 439726.779493583831936 ], [ 434889.675027830176987, 439721.850202591740526 ], [ 434881.187558262608945, 439719.350254037650302 ], [ 434879.729870850860607, 439724.279596638865769 ], [ 434880.760410900809802, 439724.587690184824169 ], [ 434880.038228882069234, 439727.041284545790404 ], [ 434881.21315713878721, 439727.39495997747872 ] ] ] } },
{ "type": "Feature", "properties": { "amenity": null, "building": "house", "denomination": null, "name": null, "ref:GB:uprn": "72007538", "religion": null, "wikidata": null, "osm_type": "way", "osm_id": 699167173, "addr:city": "Leeds", "addr:housenumber": null, "addr:postcode": "LS17 8JN", "addr:street": null, "addr:suburb": null, "addr:country": "GB", "source:addr:postcode": "ONSUD;OS Open UPRN", "addr:housename": null, "source:name": null, "community_centre": null, "man_made": null }, "geometry": { "type": "Polygon", "coordinates": [ [ [ 434877.187396468187217, 439741.484601500909775 ], [ 434878.388716850779019, 439741.827346257399768 ], [ 434877.504602008906659, 439744.82493722694926 ], [ 434879.040662449842785, 439745.270314497640356 ], [ 434877.232136616366915, 439751.376462035812438 ], [ 434884.012874922249466, 439753.37412036198657 ], [ 434886.914674011524767, 439743.570969707099721 ], [ 434887.58423865941586, 439743.765109805157408 ], [ 434888.744945545098744, 439739.846075431909412 ], [ 434878.563983383704908, 439736.843945027096197 ], [ 434877.187396468187217, 439741.484601500909775 ] ] ] } },
{ "type": "Feature", "properties": { "amenity": null, "building": "house", "denomination": null, "name": null, "ref:GB:uprn": "72007540", "religion": null, "wikidata": null, "osm_type": "way", "osm_id": 699167174, "addr:city": "Leeds", "addr:housenumber": null, "addr:postcode": "LS17 8JN", "addr:street": null, "addr:suburb": null, "addr:country": "GB", "source:addr:postcode": "ONSUD;OS Open UPRN", "addr:housename": null, "source:name": null, "community_centre": null, "man_made": null }, "geometry": { "type": "Polygon", "coordinates": [ [ [ 434885.108997191069648, 439772.252962023369037 ], [ 434890.675400253327098, 439773.885533755063079 ], [ 434892.052157480153255, 439769.222629100782797 ], [ 434888.139959215768613, 439768.069696072721854 ], [ 434888.963215625903104, 439765.294185122358613 ], [ 434887.6504051721422, 439764.906100621214136 ], [ 434889.985381892474834, 439757.012500223936513 ], [ 434883.58535572263645, 439755.128934914013371 ], [ 434883.450228722416796, 439755.606371159665287 ], [ 434880.063192312722094, 439754.60200268169865 ], [ 434878.402951152180322, 439760.230811491375789 ], [ 434880.135853682062589, 439760.744414779357612 ], [ 434879.393611304694787, 439763.24236619763542 ], [ 434881.047740605659783, 439763.733129948843271 ], [ 434879.286591721931472, 439769.661604466149583 ], [ 434885.345199593808502, 439771.453608033596538 ], [ 434885.108997191069648, 439772.252962023369037 ] ] ] } },
{ "type": "Feature", "properties": { "amenity": null, "building": "house", "denomination": null, "name": null, "ref:GB:uprn": "72007541", "religion": null, "wikidata": null, "osm_type": "way", "osm_id": 699167175, "addr:city": "Leeds", "addr:housenumber": null, "addr:postcode": "LS17 8JN", "addr:street": null, "addr:suburb": null, "addr:country": "GB", "source:addr:postcode": "ONSUD;OS Open UPRN", "addr:housename": null, "source:name": null, "community_centre": null, "man_made": null }, "geometry": { "type": "Polygon", "coordinates": [ [ [ 434881.895560645556543, 439782.387589937075973 ], [ 434883.392553945828695, 439782.777044910006225 ], [ 434881.800450627401005, 439788.973815757897682 ], [ 434888.274530754075386, 439790.624272819375619 ], [ 434890.862473968241829, 439780.562874598079361 ], [ 434892.674719560309313, 439781.021440942538902 ], [ 434893.82657688728068, 439776.52375965018291 ], [ 434882.473962030548137, 439773.624154941528104 ], [ 434881.037629121798091, 439779.221251120558009 ], [ 434882.613478113140445, 439779.622419788385741 ], [ 434881.895560645556543, 439782.387589937075973 ] ] ] } },
{ "type": "Feature", "properties": { "amenity": null, "building": "house", "denomination": null, "name": null, "ref:GB:uprn": "72007543", "religion": null, "wikidata": null, "osm_type": "way", "osm_id": 699167176, "addr:city": "Leeds", "addr:housenumber": null, "addr:postcode": "LS17 8JN", "addr:street": null, "addr:suburb": null, "addr:country": "GB", "source:addr:postcode": "ONSUD;OS Open UPRN", "addr:housename": null, "source:name": null, "community_centre": null, "man_made": null }, "geometry": { "type": "Polygon", "coordinates": [ [ [ 434885.596780288149603, 439803.911711246240884 ], [ 434884.234966117888689, 439809.220070743700489 ], [ 434892.823262285965029, 439811.409234147635289 ], [ 434895.140370390494354, 439802.380591744789854 ], [ 434896.131838134780992, 439802.632764871348627 ], [ 434897.988213279226329, 439795.403196257771924 ], [ 434891.82931175455451, 439793.832960074301809 ], [ 434889.979523691697977, 439801.062580098863691 ], [ 434886.55205856874818, 439800.191424166201614 ], [ 434886.260663045395631, 439801.335290866787545 ], [ 434884.251413505407982, 439800.830753010581248 ], [ 434883.594192765536718, 439803.396096709533595 ], [ 434885.596780288149603, 439803.911711246240884 ] ] ] } },
{ "type": "Feature", "properties": { "amenity": null, "building": "house", "denomination": null, "name": null, "ref:GB:uprn": "72202659", "religion": null, "wikidata": null, "osm_type": "way", "osm_id": 699167424, "addr:city": "Leeds", "addr:housenumber": null, "addr:postcode": "LS17 8JZ", "addr:street": null, "addr:suburb": null, "addr:country": "GB", "source:addr:postcode": "ONSUD;OS Open UPRN", "addr:housename": null, "source:name": null, "community_centre": null, "man_made": null }, "geometry": { "type": "Polygon", "coordinates": [ [ [ 434920.189528792281635, 439714.378058586851694 ], [ 434920.332672175194602, 439708.415280213812366 ], [ 434913.814481725916266, 439708.255412611993961 ], [ 434913.671346670307685, 439714.218191152904183 ], [ 434912.092740785097703, 439714.184168772422709 ], [ 434911.901786481728777, 439722.149374914122745 ], [ 434922.622932305559516, 439722.407341437065043 ], [ 434922.813904905458912, 439714.442135661491193 ], [ 434920.189528792281635, 439714.378058586851694 ] ] ] } },
{ "type": "Feature", "properties": { "amenity": null, "building": "house", "denomination": null, "name": null, "ref:GB:uprn": "72202662", "religion": null, "wikidata": null, "osm_type": "way", "osm_id": 699167425, "addr:city": "Leeds", "addr:housenumber": null, "addr:postcode": "LS17 8JZ", "addr:street": null, "addr:suburb": null, "addr:country": "GB", "source:addr:postcode": "ONSUD;OS Open UPRN", "addr:housename": null, "source:name": null, "community_centre": null, "man_made": null }, "geometry": { "type": "Polygon", "coordinates": [ [ [ 434912.308196850877721, 439732.934058949700557 ], [ 434922.654444079089444, 439733.178104256512597 ], [ 434922.872286933241412, 439724.256213010987267 ], [ 434912.519524674164131, 439724.000992297194898 ], [ 434912.308196850877721, 439732.934058949700557 ] ] ] } },
{ "type": "Feature", "properties": { "amenity": null, "building": "house", "denomination": null, "name": null, "ref:GB:uprn": "72202663", "religion": null, "wikidata": null, "osm_type": "way", "osm_id": 699167426, "addr:city": "Leeds", "addr:housenumber": null, "addr:postcode": "LS17 8JZ", "addr:street": null, "addr:suburb": null, "addr:country": "GB", "source:addr:postcode": "ONSUD;OS Open UPRN", "addr:housename": null, "source:name": null, "community_centre": null, "man_made": null }, "geometry": { "type": "Polygon", "coordinates": [ [ [ 434922.421562845411245, 439737.05954340507742 ], [ 434912.91067062120419, 439736.832853020052426 ], [ 434912.635460845078342, 439748.157657909207046 ], [ 434922.152825187600683, 439748.395522847305983 ], [ 434922.421562845411245, 439737.05954340507742 ] ] ] } },
{ "type": "Feature", "properties": { "amenity": null, "building": "house", "denomination": null, "name": null, "ref:GB:uprn": "72202665", "religion": null, "wikidata": null, "osm_type": "way", "osm_id": 699167427, "addr:city": null, "addr:housenumber": null, "addr:postcode": null, "addr:street": null, "addr:suburb": null, "addr:country": null, "source:addr:postcode": null, "addr:housename": null, "source:name": null, "community_centre": null, "man_made": null }, "geometry": { "type": "Polygon", "coordinates": [ [ [ 434916.235012021963485, 439749.775596417719498 ], [ 434910.657391101878602, 439749.644998940522783 ], [ 434910.56965466280235, 439753.471887829247862 ], [ 434913.121649093809538, 439753.535420099040493 ], [ 434912.872892439074349, 439763.959169608191587 ], [ 434919.298911051941104, 439764.118349473690614 ], [ 434919.51848945429083, 439754.962812527315691 ], [ 434921.971893601759803, 439755.014487881795503 ], [ 434922.114624139736407, 439749.107338994625024 ], [ 434916.254141333687585, 439748.974625399103388 ], [ 434916.235012021963485, 439749.775596417719498 ] ] ] } },
{ "type": "Feature", "properties": { "amenity": null, "building": "house", "denomination": null, "name": null, "ref:GB:uprn": "72202667", "religion": null, "wikidata": null, "osm_type": "way", "osm_id": 699167428, "addr:city": null, "addr:housenumber": null, "addr:postcode": null, "addr:street": null, "addr:suburb": null, "addr:country": null, "source:addr:postcode": null, "addr:housename": null, "source:name": null, "community_centre": null, "man_made": null }, "geometry": { "type": "Polygon", "coordinates": [ [ [ 434911.926926912332419, 439768.191343467449769 ], [ 434911.716015361249447, 439777.068780920817517 ], [ 434921.976649092044681, 439777.312187579111196 ], [ 434922.187580159574281, 439768.434750510263257 ], [ 434916.62971604813356, 439768.304292974527925 ], [ 434916.70507209317293, 439765.256172260502353 ], [ 434904.12923669628799, 439764.951013786718249 ], [ 434904.053888864291366, 439767.999134669895284 ], [ 434911.926926912332419, 439768.191343467449769 ] ] ] } },
{ "type": "Feature", "properties": { "amenity": null, "building": "garage", "denomination": null, "name": null, "ref:GB:uprn": null, "religion": null, "wikidata": null, "osm_type": "way", "osm_id": 699167429, "addr:city": null, "addr:housenumber": null, "addr:postcode": null, "addr:street": null, "addr:suburb": null, "addr:country": null, "source:addr:postcode": null, "addr:housename": null, "source:name": null, "community_centre": null, "man_made": null }, "geometry": { "type": "Polygon", "coordinates": [ [ [ 434909.01735013484722, 439778.150193487876095 ], [ 434904.215898940165062, 439778.036516136256978 ], [ 434904.140053520502988, 439781.151392839383334 ], [ 434908.941501510736998, 439781.265070128720254 ], [ 434909.01735013484722, 439778.150193487876095 ] ] ] } },
{ "type": "Feature", "properties": { "amenity": null, "building": "house", "denomination": null, "name": null, "ref:GB:uprn": "72202669", "religion": null, "wikidata": null, "osm_type": "way", "osm_id": 699167430, "addr:city": "Leeds", "addr:housenumber": null, "addr:postcode": "LS17 8JZ", "addr:street": null, "addr:suburb": null, "addr:country": "GB", "source:addr:postcode": "ONSUD;OS Open UPRN", "addr:housename": null, "source:name": null, "community_centre": null, "man_made": null }, "geometry": { "type": "Polygon", "coordinates": [ [ [ 434912.078186993079726, 439781.433099988498725 ], [ 434911.877337231184356, 439789.843296303413808 ], [ 434921.631428482884075, 439790.082926064846106 ], [ 434921.832378793449607, 439781.661604137392715 ], [ 434912.078186993079726, 439781.433099988498725 ] ] ] } },
{ "type": "Feature", "properties": { "amenity": null, "building": "house", "denomination": null, "name": null, "ref:GB:uprn": "72202672", "religion": null, "wikidata": null, "osm_type": "way", "osm_id": 699167431, "addr:city": "Leeds", "addr:housenumber": null, "addr:postcode": "LS17 8JZ", "addr:street": null, "addr:suburb": null, "addr:country": "GB", "source:addr:postcode": "ONSUD;OS Open UPRN", "addr:housename": null, "source:name": null, "community_centre": null, "man_made": null }, "geometry": { "type": "Polygon", "coordinates": [ [ [ 434918.788489612692501, 439798.161875440273434 ], [ 434921.419396708428394, 439798.226000973954797 ], [ 434921.573599710944109, 439791.662469076924026 ], [ 434912.615296796080656, 439791.451025555841625 ], [ 434912.243781912082341, 439806.869694554363377 ], [ 434918.577731213124935, 439807.017061104881577 ], [ 434918.788489612692501, 439798.161875440273434 ] ] ] } },
{ "type": "Feature", "properties": { "amenity": null, "building": "house", "denomination": null, "name": null, "ref:GB:uprn": "72202625", "religion": null, "wikidata": null, "osm_type": "way", "osm_id": 699167864, "addr:city": "Leeds", "addr:housenumber": null, "addr:postcode": "LS17 8JX", "addr:street": null, "addr:suburb": null, "addr:country": "GB", "source:addr:postcode": "ONSUD;OS Open UPRN", "addr:housename": null, "source:name": null, "community_centre": null, "man_made": null }, "geometry": { "type": "Polygon", "coordinates": [ [ [ 434980.998417843831703, 439782.659541085828096 ], [ 434975.524923672201112, 439782.685415604384616 ], [ 434975.575589685584418, 439790.874957473133691 ], [ 434985.298947714036331, 439790.825199682847597 ], [ 434985.237197853450198, 439780.599410392343998 ], [ 434980.987315087753814, 439780.62329385522753 ], [ 434980.998417843831703, 439782.659541085828096 ] ] ] } },
{ "type": "Feature", "properties": { "amenity": null, "building": "house", "denomination": null, "name": null, "ref:GB:uprn": "72202627", "religion": null, "wikidata": null, "osm_type": "way", "osm_id": 699167865, "addr:city": "Leeds", "addr:housenumber": null, "addr:postcode": "LS17 8JX", "addr:street": null, "addr:suburb": null, "addr:country": "GB", "source:addr:postcode": "ONSUD;OS Open UPRN", "addr:housename": null, "source:name": null, "community_centre": null, "man_made": null }, "geometry": { "type": "Polygon", "coordinates": [ [ [ 434961.053413808927871, 439797.509220652282238 ], [ 434964.526982173963916, 439797.490649206913076 ], [ 434964.520388855715282, 439796.61160010646563 ], [ 434972.000353165145498, 439796.578444243292324 ], [ 434971.935638549563009, 439784.984063809853978 ], [ 434967.370010400947649, 439785.005601561511867 ], [ 434967.384388636739459, 439788.365936250891536 ], [ 434961.003038964408915, 439788.396175146801397 ], [ 434961.053413808927871, 439797.509220652282238 ] ] ] } },
{ "type": "Feature", "properties": { "amenity": null, "building": "house", "denomination": null, "name": null, "ref:GB:uprn": "72202629", "religion": null, "wikidata": null, "osm_type": "way", "osm_id": 699167866, "addr:city": "Leeds", "addr:housenumber": null, "addr:postcode": "LS17 8JX", "addr:street": null, "addr:suburb": null, "addr:country": "GB", "source:addr:postcode": "ONSUD;OS Open UPRN", "addr:housename": null, "source:name": null, "community_centre": null, "man_made": null }, "geometry": { "type": "Polygon", "coordinates": [ [ [ 434941.75732575240545, 439792.413868280011229 ], [ 434941.795123959367629, 439799.690933645819314 ], [ 434956.709078183048405, 439799.613091406179592 ], [ 434956.657615236821584, 439790.644683435559273 ], [ 434955.723440808767918, 439790.648836480686441 ], [ 434955.705067665607203, 439787.822547941585071 ], [ 434948.422433106519748, 439787.857202789979056 ], [ 434948.440810658212285, 439790.683491285191849 ], [ 434945.710646676714532, 439790.696495902142487 ], [ 434945.717760521452874, 439792.387789156404324 ], [ 434941.75732575240545, 439792.413868280011229 ] ] ] } },
{ "type": "Feature", "properties": { "amenity": null, "building": "house", "denomination": null, "name": null, "ref:GB:uprn": "72202673", "religion": null, "wikidata": null, "osm_type": "way", "osm_id": 699167867, "addr:city": "Leeds", "addr:housenumber": null, "addr:postcode": "LS17 8JZ", "addr:street": null, "addr:suburb": null, "addr:country": "GB", "source:addr:postcode": "ONSUD;OS Open UPRN", "addr:housename": null, "source:name": null, "community_centre": null, "man_made": null }, "geometry": { "type": "Polygon", "coordinates": [ [ [ 434952.862370194925461, 439765.014092832570896 ], [ 434943.496254902798682, 439764.788420088589191 ], [ 434943.192685507354327, 439777.259050573571585 ], [ 434952.558692728576716, 439777.495848770835437 ], [ 434952.862370194925461, 439765.014092832570896 ] ] ] } },
{ "type": "Feature", "properties": { "amenity": null, "building": "garage", "denomination": null, "name": null, "ref:GB:uprn": null, "religion": null, "wikidata": null, "osm_type": "way", "osm_id": 699167868, "addr:city": null, "addr:housenumber": null, "addr:postcode": null, "addr:street": null, "addr:suburb": null, "addr:country": null, "source:addr:postcode": null, "addr:housename": null, "source:name": null, "community_centre": null, "man_made": null }, "geometry": { "type": "Polygon", "coordinates": [ [ [ 434955.136163275339641, 439760.925357355969027 ], [ 434955.069519583601505, 439763.684251673636027 ], [ 434960.824649966438301, 439763.82735426351428 ], [ 434960.891380124841817, 439761.057334053562954 ], [ 434955.136163275339641, 439760.925357355969027 ] ] ] } },
{ "type": "Feature", "properties": { "amenity": null, "building": "house", "denomination": null, "name": null, "ref:GB:uprn": "72202671", "religion": null, "wikidata": null, "osm_type": "way", "osm_id": 699167869, "addr:city": "Leeds", "addr:housenumber": null, "addr:postcode": "LS17 8JZ", "addr:street": null, "addr:suburb": null, "addr:country": "GB", "source:addr:postcode": "ONSUD;OS Open UPRN", "addr:housename": null, "source:name": null, "community_centre": null, "man_made": null }, "geometry": { "type": "Polygon", "coordinates": [ [ [ 434944.205972435884178, 439750.785352662787773 ], [ 434943.962459883361589, 439760.497039311798289 ], [ 434953.328583778114989, 439760.722712955670431 ], [ 434953.565537655260414, 439751.010977613274008 ], [ 434944.205972435884178, 439750.785352662787773 ] ] ] } },
{ "type": "Feature", "properties": { "amenity": null, "building": "house", "denomination": null, "name": null, "ref:GB:uprn": "72202670", "religion": null, "wikidata": null, "osm_type": "way", "osm_id": 699167870, "addr:city": "Leeds", "addr:housenumber": null, "addr:postcode": "LS17 8JZ", "addr:street": null, "addr:suburb": null, "addr:country": "GB", "source:addr:postcode": "ONSUD;OS Open UPRN", "addr:housename": null, "source:name": null, "community_centre": null, "man_made": null }, "geometry": { "type": "Polygon", "coordinates": [ [ [ 434954.46508852095576, 439734.494721706723794 ], [ 434944.007098901201971, 439734.238645417848602 ], [ 434943.703776772366837, 439746.675897435983643 ], [ 434954.155160354508553, 439746.931924055679701 ], [ 434954.46508852095576, 439734.494721706723794 ] ] ] } },
{ "type": "Feature", "properties": { "amenity": null, "building": "house", "denomination": null, "name": null, "ref:GB:uprn": "72202668", "religion": null, "wikidata": null, "osm_type": "way", "osm_id": 699167871, "addr:city": "Leeds", "addr:housenumber": null, "addr:postcode": "LS17 8JZ", "addr:street": null, "addr:suburb": null, "addr:country": "GB", "source:addr:postcode": "ONSUD;OS Open UPRN", "addr:housename": null, "source:name": null, "community_centre": null, "man_made": null }, "geometry": { "type": "Polygon", "coordinates": [ [ [ 434945.049735649838112, 439720.5829869461013 ], [ 434944.738669998419937, 439733.175952997640707 ], [ 434953.631219113478437, 439733.398092668154277 ], [ 434953.837726260127965, 439725.121459165355191 ], [ 434955.620169468747918, 439725.168143855175003 ], [ 434955.731414872570895, 439720.840734976343811 ], [ 434945.049735649838112, 439720.5829869461013 ] ] ] } },
{ "type": "Feature", "properties": { "amenity": null, "building": "house", "denomination": null, "name": null, "ref:GB:uprn": "72202664", "religion": null, "wikidata": null, "osm_type": "way", "osm_id": 699167872, "addr:city": null, "addr:housenumber": null, "addr:postcode": null, "addr:street": null, "addr:suburb": null, "addr:country": null, "source:addr:postcode": null, "addr:housename": null, "source:name": null, "community_centre": null, "man_made": null }, "geometry": { "type": "Polygon", "coordinates": [ [ [ 434949.783816113078501, 439693.591857071267441 ], [ 434949.821588132530451, 439692.056671149213798 ], [ 434942.566694682638627, 439691.880138885462657 ], [ 434942.529008068609983, 439693.404198898351751 ], [ 434940.628061221679673, 439693.36776173429098 ], [ 434940.476902328024153, 439699.519631673814729 ], [ 434942.009465421375353, 439699.553320042206906 ], [ 434941.904727821412962, 439703.89190410496667 ], [ 434950.501395501196384, 439704.100702831754461 ], [ 434950.757313336653169, 439693.610249262768775 ], [ 434949.783816113078501, 439693.591857071267441 ] ] ] } },
{ "type": "Feature", "properties": { "amenity": null, "building": "house", "denomination": null, "name": null, "ref:GB:uprn": null, "religion": null, "wikidata": null, "osm_type": "way", "osm_id": 699167873, "addr:city": null, "addr:housenumber": null, "addr:postcode": null, "addr:street": null, "addr:suburb": null, "addr:country": null, "source:addr:postcode": null, "addr:housename": null, "source:name": null, "community_centre": null, "man_made": null }, "geometry": { "type": "Polygon", "coordinates": [ [ [ 434944.05397176934639, 439711.206977032124996 ], [ 434943.855139335093554, 439719.339022346190177 ], [ 434949.465604014112614, 439719.481030785827897 ], [ 434949.589151484426111, 439714.385979734826833 ], [ 434954.134117200446781, 439714.497788525070064 ], [ 434954.323814888601191, 439706.710599261103198 ], [ 434945.154929401760455, 439706.486396734137088 ], [ 434945.033960521453992, 439711.236543089151382 ], [ 434944.05397176934639, 439711.206977032124996 ] ] ] } },
{ "type": "Feature", "properties": { "amenity": null, "building": "house", "denomination": null, "name": null, "ref:GB:uprn": "72202655", "religion": null, "wikidata": null, "osm_type": "way", "osm_id": 699167995, "addr:city": "Leeds", "addr:housenumber": null, "addr:postcode": "LS17 8JY", "addr:street": null, "addr:suburb": null, "addr:country": "GB", "source:addr:postcode": "ONSUD;OS Open UPRN", "addr:housename": null, "source:name": null, "community_centre": null, "man_made": null }, "geometry": { "type": "Polygon", "coordinates": [ [ [ 434977.616632926277816, 439694.645284985308535 ], [ 434977.493509159656242, 439685.58732989046257 ], [ 434965.065271986240987, 439685.750428444356658 ], [ 434965.133556623652112, 439690.702265865984373 ], [ 434961.98207687138347, 439690.745495596551336 ], [ 434962.043438050197437, 439694.862787870340981 ], [ 434977.616632926277816, 439694.645284985308535 ] ] ] } },
{ "type": "Feature", "properties": { "amenity": null, "building": "house", "denomination": null, "name": null, "ref:GB:uprn": "72202654", "religion": null, "wikidata": null, "osm_type": "way", "osm_id": 699167996, "addr:city": "Leeds", "addr:housenumber": null, "addr:postcode": "LS17 8JY", "addr:street": null, "addr:suburb": null, "addr:country": "GB", "source:addr:postcode": "ONSUD;OS Open UPRN", "addr:housename": null, "source:name": null, "community_centre": null, "man_made": null }, "geometry": { "type": "Polygon", "coordinates": [ [ [ 434972.798741676786449, 439697.602351110777818 ], [ 434972.930958737269975, 439707.205576446373016 ], [ 434981.845784697390627, 439707.094138290034607 ], [ 434981.713669078832027, 439697.479786676354706 ], [ 434972.798741676786449, 439697.602351110777818 ] ] ] } },
{ "type": "Feature", "properties": { "amenity": null, "building": "house", "denomination": null, "name": null, "ref:GB:uprn": "72202652", "religion": null, "wikidata": null, "osm_type": "way", "osm_id": 699167997, "addr:city": "Leeds", "addr:housenumber": null, "addr:postcode": "LS17 8JY", "addr:street": null, "addr:suburb": null, "addr:country": "GB", "source:addr:postcode": "ONSUD;OS Open UPRN", "addr:housename": null, "source:name": null, "community_centre": null, "man_made": null }, "geometry": { "type": "Polygon", "coordinates": [ [ [ 434982.304186815628782, 439719.703977478086017 ], [ 434982.157740739465225, 439709.366290919133462 ], [ 434973.144162669312209, 439709.488117492874153 ], [ 434973.284050485992339, 439719.825754564604722 ], [ 434982.304186815628782, 439719.703977478086017 ] ] ] } },
{ "type": "Feature", "properties": { "amenity": null, "building": "house", "denomination": null, "name": null, "ref:GB:uprn": "72202650", "religion": null, "wikidata": null, "osm_type": "way", "osm_id": 699167998, "addr:city": "Leeds", "addr:housenumber": null, "addr:postcode": "LS17 8JY", "addr:street": null, "addr:suburb": null, "addr:country": "GB", "source:addr:postcode": "ONSUD;OS Open UPRN", "addr:housename": null, "source:name": null, "community_centre": null, "man_made": null }, "geometry": { "type": "Polygon", "coordinates": [ [ [ 434973.547205986746121, 439726.870844828896224 ], [ 434973.616144953062758, 439731.733675045426935 ], [ 434981.932308677292895, 439731.617766510113142 ], [ 434981.805027710273862, 439722.237108813365921 ], [ 434971.146674086572602, 439722.380032123881392 ], [ 434971.20503505441593, 439726.897859275457449 ], [ 434973.547205986746121, 439726.870844828896224 ] ] ] } },
{ "type": "Feature", "properties": { "amenity": null, "building": "house", "denomination": null, "name": null, "ref:GB:uprn": "72202648", "religion": null, "wikidata": null, "osm_type": "way", "osm_id": 699167999, "addr:city": "Leeds", "addr:housenumber": null, "addr:postcode": "LS17 8JY", "addr:street": null, "addr:suburb": null, "addr:country": "GB", "source:addr:postcode": "ONSUD;OS Open UPRN", "addr:housename": null, "source:name": null, "community_centre": null, "man_made": null }, "geometry": { "type": "Polygon", "coordinates": [ [ [ 434974.462637231103145, 439741.70941273146309 ], [ 434983.114270281570498, 439741.596012039692141 ], [ 434983.00849630124867, 439733.739856275729835 ], [ 434974.356765602598898, 439733.864383178413846 ], [ 434974.462637231103145, 439741.70941273146309 ] ] ] } },
{ "type": "Feature", "properties": { "amenity": null, "building": "house", "denomination": null, "name": null, "ref:GB:uprn": "72202646", "religion": null, "wikidata": null, "osm_type": "way", "osm_id": 699168000, "addr:city": "Leeds", "addr:housenumber": null, "addr:postcode": "LS17 8JY", "addr:street": null, "addr:suburb": null, "addr:country": "GB", "source:addr:postcode": "ONSUD;OS Open UPRN", "addr:housename": null, "source:name": null, "community_centre": null, "man_made": null }, "geometry": { "type": "Polygon", "coordinates": [ [ [ 434974.929393321741372, 439749.67953013908118 ], [ 434975.023256806598511, 439756.489698257297277 ], [ 434983.766956689942162, 439756.376986724324524 ], [ 434983.621181493974291, 439745.950291860033758 ], [ 434974.877462091681082, 439746.063003744930029 ], [ 434974.865289465407841, 439745.050394047051668 ], [ 434970.819048585311975, 439745.109187841764651 ], [ 434970.883156451687682, 439749.738323863013647 ], [ 434974.929393321741372, 439749.67953013908118 ] ] ] } },
{ "type": "Feature", "properties": { "amenity": null, "building": "garage", "denomination": null, "name": null, "ref:GB:uprn": null, "religion": null, "wikidata": null, "osm_type": "way", "osm_id": 699168001, "addr:city": null, "addr:housenumber": null, "addr:postcode": null, "addr:street": null, "addr:suburb": null, "addr:country": null, "source:addr:postcode": null, "addr:housename": null, "source:name": null, "community_centre": null, "man_made": null }, "geometry": { "type": "Polygon", "coordinates": [ [ [ 434984.128122086345684, 439771.433948476915248 ], [ 434978.411389896355104, 439771.435749405878596 ], [ 434978.405565416498575, 439777.499692346318625 ], [ 434984.128868307045195, 439777.497940580127761 ], [ 434984.128122086345684, 439771.433948476915248 ] ] ] } },
{ "type": "Feature", "properties": { "amenity": null, "building": "house", "denomination": null, "name": null, "ref:GB:uprn": "72202644", "religion": null, "wikidata": null, "osm_type": "way", "osm_id": 699168002, "addr:city": "Leeds", "addr:housenumber": null, "addr:postcode": "LS17 8JY", "addr:street": null, "addr:suburb": null, "addr:country": "GB", "source:addr:postcode": "ONSUD;OS Open UPRN", "addr:housename": null, "source:name": null, "community_centre": null, "man_made": null }, "geometry": { "type": "Polygon", "coordinates": [ [ [ 434975.044674109725747, 439768.595577631960623 ], [ 434983.853218403528444, 439768.605743219028227 ], [ 434983.862838130502496, 439759.393006346421316 ], [ 434975.047615200688597, 439759.393917636713013 ], [ 434975.044674109725747, 439768.595577631960623 ] ] ] } },
{ "type": "Feature", "properties": { "amenity": null, "building": "house", "denomination": null, "name": null, "ref:GB:uprn": "72202658", "religion": null, "wikidata": null, "osm_type": "way", "osm_id": 699171380, "addr:city": "Leeds", "addr:housenumber": null, "addr:postcode": "LS17 8JY", "addr:street": null, "addr:suburb": null, "addr:country": "GB", "source:addr:postcode": "ONSUD;OS Open UPRN", "addr:housename": null, "source:name": null, "community_centre": null, "man_made": null }, "geometry": { "type": "Polygon", "coordinates": [ [ [ 434990.810885424609296, 439664.156888468540274 ], [ 434990.681256159790792, 439672.701132679125294 ], [ 435001.837344710424077, 439672.873517155065201 ], [ 435001.973572685907129, 439664.329322342411615 ], [ 434990.810885424609296, 439664.156888468540274 ] ] ] } },
{ "type": "Feature", "properties": { "amenity": null, "building": "house", "denomination": null, "name": null, "ref:GB:uprn": "72126521", "religion": null, "wikidata": null, "osm_type": "way", "osm_id": 699171387, "addr:city": "Leeds", "addr:housenumber": null, "addr:postcode": "LS17 8LA", "addr:street": null, "addr:suburb": null, "addr:country": "GB", "source:addr:postcode": "ONSUD;OS Open UPRN", "addr:housename": null, "source:name": null, "community_centre": null, "man_made": null }, "geometry": { "type": "Polygon", "coordinates": [ [ [ 434994.235956178978086, 439638.068401102325879 ], [ 435004.909648021799512, 439636.779605338582769 ], [ 435003.812979498179629, 439627.714372659567744 ], [ 434993.132688970770687, 439629.003121838555671 ], [ 434993.300161160412244, 439630.361815853742883 ], [ 434990.310770883923396, 439630.717782333493233 ], [ 434991.829101807030383, 439643.224275139393285 ], [ 434994.818567362148315, 439642.857183702057227 ], [ 434994.235956178978086, 439638.068401102325879 ] ] ] } },
{ "type": "Feature", "properties": { "amenity": null, "building": "house", "denomination": null, "name": null, "ref:GB:uprn": "72126519", "religion": null, "wikidata": null, "osm_type": "way", "osm_id": 699171390, "addr:city": "Leeds", "addr:housenumber": null, "addr:postcode": "LS17 8LA", "addr:street": null, "addr:suburb": null, "addr:country": "GB", "source:addr:postcode": "ONSUD;OS Open UPRN", "addr:housename": null, "source:name": null, "community_centre": null, "man_made": null }, "geometry": { "type": "Polygon", "coordinates": [ [ [ 434948.516127531358507, 439638.672733757062815 ], [ 434949.403999269707128, 439644.876863661804236 ], [ 434958.920293774863239, 439643.523692524177022 ], [ 434957.469536833232269, 439633.409930036636069 ], [ 434945.885302536538802, 439635.059216405963525 ], [ 434946.448292562738061, 439638.957719757338054 ], [ 434948.516127531358507, 439638.672733757062815 ] ] ] } },
{ "type": "Feature", "properties": { "amenity": null, "building": "house", "denomination": null, "name": null, "ref:GB:uprn": null, "religion": null, "wikidata": null, "osm_type": "way", "osm_id": 699171391, "addr:city": null, "addr:housenumber": null, "addr:postcode": null, "addr:street": null, "addr:suburb": null, "addr:country": null, "source:addr:postcode": null, "addr:housename": null, "source:name": null, "community_centre": null, "man_made": null }, "geometry": { "type": "Polygon", "coordinates": [ [ [ 434934.367071761807892, 439641.971894796937704 ], [ 434932.621825715061277, 439642.225913648726419 ], [ 434933.703602715220768, 439649.777802662109025 ], [ 434939.242101369018201, 439648.995755066978745 ], [ 434939.3921777701471, 439650.042773060500622 ], [ 434943.481872112024575, 439649.461326195974834 ], [ 434943.331796605489217, 439648.414308067294769 ], [ 434944.115528573980555, 439648.297763841575943 ], [ 434943.471668914076872, 439643.775568950804882 ], [ 434945.9741685432964, 439643.427065800526179 ], [ 434944.842771915136836, 439635.474246754776686 ], [ 434933.66690164594911, 439637.059851151658222 ], [ 434934.367071761807892, 439641.971894796937704 ] ] ] } },
{ "type": "Feature", "properties": { "amenity": null, "building": "house", "denomination": null, "name": null, "ref:GB:uprn": "72126517", "religion": null, "wikidata": null, "osm_type": "way", "osm_id": 699171392, "addr:city": "Leeds", "addr:housenumber": null, "addr:postcode": "LS17 8LA", "addr:street": null, "addr:suburb": null, "addr:country": "GB", "source:addr:postcode": "ONSUD;OS Open UPRN", "addr:housename": null, "source:name": null, "community_centre": null, "man_made": null }, "geometry": { "type": "Polygon", "coordinates": [ [ [ 434915.146238196990453, 439636.39877989247907 ], [ 434913.438583824667148, 439646.611372270504944 ], [ 434924.713606451114174, 439648.486824667896144 ], [ 434926.421367908013053, 439638.263110335217789 ], [ 434915.146238196990453, 439636.39877989247907 ] ] ] } },
{ "type": "Feature", "properties": { "amenity": null, "building": "house", "denomination": null, "name": null, "ref:GB:uprn": "72126516", "religion": null, "wikidata": null, "osm_type": "way", "osm_id": 699171393, "addr:city": "Leeds", "addr:housenumber": null, "addr:postcode": "LS17 8LA", "addr:street": null, "addr:suburb": null, "addr:country": "GB", "source:addr:postcode": "ONSUD;OS Open UPRN", "addr:housename": null, "source:name": null, "community_centre": null, "man_made": null }, "geometry": { "type": "Polygon", "coordinates": [ [ [ 434901.412076692213304, 439637.87637548474595 ], [ 434899.759235189005267, 439647.800090067321435 ], [ 434908.123470557562541, 439649.197621039347723 ], [ 434909.776412376610097, 439639.262783369980752 ], [ 434901.412076692213304, 439637.87637548474595 ] ] ] } },
{ "type": "Feature", "properties": { "amenity": null, "building": "house", "denomination": null, "name": null, "ref:GB:uprn": "72007530", "religion": null, "wikidata": null, "osm_type": "way", "osm_id": 699171394, "addr:city": "Leeds", "addr:housenumber": null, "addr:postcode": "LS17 8JN", "addr:street": null, "addr:suburb": null, "addr:country": "GB", "source:addr:postcode": "ONSUD;OS Open UPRN", "addr:housename": null, "source:name": null, "community_centre": null, "man_made": null }, "geometry": { "type": "Polygon", "coordinates": [ [ [ 434895.65967574674869, 439670.011566255125217 ], [ 434898.035557920986321, 439655.753873394569382 ], [ 434891.143047014309559, 439654.612110133864917 ], [ 434890.110213397769257, 439660.790791360777803 ], [ 434888.375533936312422, 439660.510829722043127 ], [ 434887.907156542991288, 439663.333490671822801 ], [ 434886.317117351572961, 439663.065733931143768 ], [ 434885.442554331908468, 439668.3109628331149 ], [ 434895.65967574674869, 439670.011566255125217 ] ] ] } },
{ "type": "Feature", "properties": { "amenity": null, "building": "house", "denomination": null, "name": null, "ref:GB:uprn": "72202660", "religion": null, "wikidata": null, "osm_type": "way", "osm_id": 699171395, "addr:city": null, "addr:housenumber": null, "addr:postcode": null, "addr:street": null, "addr:suburb": null, "addr:country": null, "source:addr:postcode": null, "addr:housename": null, "source:name": null, "community_centre": null, "man_made": null }, "geometry": { "type": "Polygon", "coordinates": [ [ [ 434912.256128403823823, 439677.267402739147656 ], [ 434908.983966210798826, 439676.731186623335816 ], [ 434907.91664618399227, 439683.12101222074125 ], [ 434911.188721053884365, 439683.668353569693863 ], [ 434911.402434547839221, 439682.357010695850477 ], [ 434920.187198285013437, 439683.813332071178593 ], [ 434921.605873691558372, 439675.300952921272255 ], [ 434917.926356049487367, 439674.694933357299305 ], [ 434918.366944219451398, 439672.072346355300397 ], [ 434913.261679664428812, 439671.22204148536548 ], [ 434912.256128403823823, 439677.267402739147656 ] ] ] } },
{ "type": "Feature", "properties": { "amenity": null, "building": "house", "denomination": null, "name": null, "ref:GB:uprn": "72007532", "religion": null, "wikidata": null, "osm_type": "way", "osm_id": 699171396, "addr:city": "Leeds", "addr:housenumber": null, "addr:postcode": "LS17 8JN", "addr:street": null, "addr:suburb": null, "addr:country": "GB", "source:addr:postcode": "ONSUD;OS Open UPRN", "addr:housename": null, "source:name": null, "community_centre": null, "man_made": null }, "geometry": { "type": "Polygon", "coordinates": [ [ [ 434897.761215959151741, 439672.263668595580384 ], [ 434887.498052262177225, 439670.562717490480281 ], [ 434886.017746985482518, 439679.40844442951493 ], [ 434896.287469938164577, 439681.109441395266913 ], [ 434897.761215959151741, 439672.263668595580384 ] ] ] } },
{ "type": "Feature", "properties": { "amenity": null, "building": "house", "denomination": null, "name": null, "ref:GB:uprn": "72099740", "religion": null, "wikidata": null, "osm_type": "way", "osm_id": 699208250, "addr:city": null, "addr:housenumber": null, "addr:postcode": null, "addr:street": null, "addr:suburb": null, "addr:country": null, "source:addr:postcode": null, "addr:housename": null, "source:name": null, "community_centre": null, "man_made": null }, "geometry": { "type": "Polygon", "coordinates": [ [ [ 434829.430308204551693, 439330.6142633598065 ], [ 434823.166004685626831, 439328.97658287093509 ], [ 434821.771239629597403, 439334.284712512977421 ], [ 434850.643529967870563, 439341.820750302635133 ], [ 434852.925642900983803, 439333.092248669825494 ], [ 434830.324105691630393, 439327.205053594196215 ], [ 434829.430308204551693, 439330.6142633598065 ] ] ] } },
{ "type": "Feature", "properties": { "amenity": null, "building": "garage", "denomination": null, "name": null, "ref:GB:uprn": null, "religion": null, "wikidata": null, "osm_type": "way", "osm_id": 699208251, "addr:city": null, "addr:housenumber": null, "addr:postcode": null, "addr:street": null, "addr:suburb": null, "addr:country": null, "source:addr:postcode": null, "addr:housename": null, "source:name": null, "community_centre": null, "man_made": null }, "geometry": { "type": "Polygon", "coordinates": [ [ [ 434836.882209163275547, 439346.836591708706692 ], [ 434835.887370557640679, 439351.44671829440631 ], [ 434841.299881628656294, 439352.610763611621223 ], [ 434842.294725365820341, 439348.000638153054751 ], [ 434836.882209163275547, 439346.836591708706692 ] ] ] } },
{ "type": "Feature", "properties": { "amenity": null, "building": "garage", "denomination": null, "name": null, "ref:GB:uprn": null, "religion": null, "wikidata": null, "osm_type": "way", "osm_id": 699208252, "addr:city": null, "addr:housenumber": null, "addr:postcode": null, "addr:street": null, "addr:suburb": null, "addr:country": null, "source:addr:postcode": null, "addr:housename": null, "source:name": null, "community_centre": null, "man_made": null }, "geometry": { "type": "Polygon", "coordinates": [ [ [ 434850.648440437566023, 439345.581567451357841 ], [ 434831.054358238179702, 439341.363480377593078 ], [ 434830.182326873065904, 439345.384813235374168 ], [ 434836.882209163275547, 439346.836591708706692 ], [ 434842.294725365820341, 439348.000638153054751 ], [ 434849.776310083747376, 439349.614022691501305 ], [ 434850.648440437566023, 439345.581567451357841 ] ] ] } },
{ "type": "Feature", "properties": { "amenity": null, "building": "house", "denomination": null, "name": null, "ref:GB:uprn": "72041571", "religion": null, "wikidata": null, "osm_type": "way", "osm_id": 699208253, "addr:city": "Leeds", "addr:housenumber": null, "addr:postcode": "LS17 8JL", "addr:street": null, "addr:suburb": null, "addr:country": "GB", "source:addr:postcode": "ONSUD;OS Open UPRN", "addr:housename": null, "source:name": null, "community_centre": null, "man_made": null }, "geometry": { "type": "Polygon", "coordinates": [ [ [ 434836.888905022642575, 439358.319261369644664 ], [ 434833.855620054004248, 439361.901708442601375 ], [ 434835.43124177865684, 439363.23748944781255 ], [ 434832.895749622490257, 439366.233931539696641 ], [ 434837.720875143422745, 439370.297639046562836 ], [ 434841.305073663534131, 439366.062825199915096 ], [ 434841.762686133384705, 439366.455659473082051 ], [ 434843.753928788704798, 439364.100514062913135 ], [ 434836.888905022642575, 439358.319261369644664 ] ] ] } },
{ "type": "Feature", "properties": { "amenity": null, "building": "house", "denomination": null, "name": null, "ref:GB:uprn": "72099746", "religion": null, "wikidata": null, "osm_type": "way", "osm_id": 699208254, "addr:city": "Leeds", "addr:housenumber": null, "addr:postcode": "LS17 8JQ", "addr:street": null, "addr:suburb": null, "addr:country": "GB", "source:addr:postcode": "ONSUD;OS Open UPRN", "addr:housename": null, "source:name": null, "community_centre": null, "man_made": null }, "geometry": { "type": "Polygon", "coordinates": [ [ [ 434845.559605861955788, 439361.043014933471568 ], [ 434849.648271740996279, 439356.211125953472219 ], [ 434843.247436021047179, 439350.822748023318127 ], [ 434836.888905022642575, 439358.319261369644664 ], [ 434843.753928788704798, 439364.100514062913135 ], [ 434846.023879971180577, 439361.424772613216192 ], [ 434845.559605861955788, 439361.043014933471568 ] ] ] } },
{ "type": "Feature", "properties": { "amenity": null, "building": "garage", "denomination": null, "name": null, "ref:GB:uprn": null, "religion": null, "wikidata": null, "osm_type": "way", "osm_id": 699208255, "addr:city": null, "addr:housenumber": null, "addr:postcode": null, "addr:street": null, "addr:suburb": null, "addr:country": null, "source:addr:postcode": null, "addr:housename": null, "source:name": null, "community_centre": null, "man_made": null }, "geometry": { "type": "Polygon", "coordinates": [ [ [ 434831.910590943298303, 439348.312827548477799 ], [ 434829.14843406365253, 439348.169893360929564 ], [ 434828.87656078056898, 439353.764535951544531 ], [ 434831.638797099061776, 439353.896344037959352 ], [ 434831.910590943298303, 439348.312827548477799 ] ] ] } },
{ "type": "Feature", "properties": { "amenity": null, "building": "garage", "denomination": null, "name": null, "ref:GB:uprn": null, "religion": null, "wikidata": null, "osm_type": "way", "osm_id": 699208256, "addr:city": null, "addr:housenumber": null, "addr:postcode": null, "addr:street": null, "addr:suburb": null, "addr:country": null, "source:addr:postcode": null, "addr:housename": null, "source:name": null, "community_centre": null, "man_made": null }, "geometry": { "type": "Polygon", "coordinates": [ [ [ 434818.380681718525011, 439365.569670326658525 ], [ 434820.925813959853258, 439365.699858129373752 ], [ 434821.601811647473369, 439351.76329279737547 ], [ 434819.056589100218844, 439351.644230613601394 ], [ 434818.65254199685296, 439359.975027077598497 ], [ 434818.380681718525011, 439365.569670326658525 ] ] ] } },
{ "type": "Feature", "properties": { "amenity": null, "building": "house", "denomination": null, "name": null, "ref:GB:uprn": "72041572", "religion": null, "wikidata": null, "osm_type": "way", "osm_id": 699208257, "addr:city": "Leeds", "addr:housenumber": null, "addr:postcode": "LS17 8JL", "addr:street": null, "addr:suburb": null, "addr:country": "GB", "source:addr:postcode": "ONSUD;OS Open UPRN", "addr:housename": null, "source:name": null, "community_centre": null, "man_made": null }, "geometry": { "type": "Polygon", "coordinates": [ [ [ 434822.103258258837741, 439357.764241919387132 ], [ 434821.504710366134532, 439370.132536851218902 ], [ 434826.174181017209776, 439370.356408546562307 ], [ 434826.205046134535223, 439369.744676730246283 ], [ 434828.474035980994813, 439369.850562140694819 ], [ 434829.048315542633645, 439358.094048744649626 ], [ 434822.103258258837741, 439357.764241919387132 ] ] ] } },
{ "type": "Feature", "properties": { "amenity": null, "building": "house", "denomination": null, "name": null, "ref:GB:uprn": "72041574", "religion": null, "wikidata": null, "osm_type": "way", "osm_id": 699208258, "addr:city": "Leeds", "addr:housenumber": null, "addr:postcode": "LS17 8JL", "addr:street": null, "addr:suburb": null, "addr:country": "GB", "source:addr:postcode": "ONSUD;OS Open UPRN", "addr:housename": null, "source:name": null, "community_centre": null, "man_made": null }, "geometry": { "type": "Polygon", "coordinates": [ [ [ 434815.870572855288628, 439359.843079948215745 ], [ 434815.979547364579048, 439357.574069936177693 ], [ 434815.575967641838361, 439356.992488218238577 ], [ 434815.019919385260437, 439356.565545110730454 ], [ 434814.363784253480844, 439356.327009753091261 ], [ 434813.660109365941025, 439356.288399352109991 ], [ 434812.98109532345552, 439356.472503745229915 ], [ 434812.386198787949979, 439356.846385161275975 ], [ 434811.934876369137783, 439357.377105794847012 ], [ 434811.35290340409847, 439369.289335580077022 ], [ 434815.851411752286367, 439369.500799628905952 ], [ 434815.883019895583857, 439368.788934160838835 ], [ 434818.217714688740671, 439368.906429586117156 ], [ 434818.380681718525011, 439365.569670326658525 ], [ 434818.65254199685296, 439359.975027077598497 ], [ 434815.870572855288628, 439359.843079948215745 ] ] ] } },
{ "type": "Feature", "properties": { "amenity": null, "building": "house", "denomination": null, "name": null, "ref:GB:uprn": "72041576", "religion": null, "wikidata": null, "osm_type": "way", "osm_id": 699208259, "addr:city": "Leeds", "addr:housenumber": null, "addr:postcode": "LS17 8JL", "addr:street": null, "addr:suburb": null, "addr:country": "GB", "source:addr:postcode": "ONSUD;OS Open UPRN", "addr:housename": null, "source:name": null, "community_centre": null, "man_made": null }, "geometry": { "type": "Polygon", "coordinates": [ [ [ 434801.506711028807331, 439359.191122065880336 ], [ 434801.048294753127266, 439368.64529924641829 ], [ 434805.803290764684789, 439368.869786048308015 ], [ 434805.841889502713457, 439368.102339635486715 ], [ 434808.025357360427734, 439368.207579521578737 ], [ 434808.445105887833051, 439359.531975312274881 ], [ 434801.506711028807331, 439359.191122065880336 ] ] ] } },
{ "type": "Feature", "properties": { "amenity": null, "building": "house", "denomination": null, "name": null, "ref:GB:uprn": "72041578", "religion": null, "wikidata": null, "osm_type": "way", "osm_id": 699208260, "addr:city": "Leeds", "addr:housenumber": null, "addr:postcode": "LS17 8JL", "addr:street": null, "addr:suburb": null, "addr:country": "GB", "source:addr:postcode": "ONSUD;OS Open UPRN", "addr:housename": null, "source:name": null, "community_centre": null, "man_made": null }, "geometry": { "type": "Polygon", "coordinates": [ [ [ 434798.743546503596008, 439361.840967066469602 ], [ 434798.666351308405865, 439363.375859984662384 ], [ 434800.350004928070121, 439363.455129459965974 ], [ 434800.878210649534594, 439352.57727008278016 ], [ 434791.979840804939158, 439352.155108389444649 ], [ 434791.505475882091559, 439361.987471047090366 ], [ 434796.115747382573318, 439362.210872799274512 ], [ 434796.139120607695077, 439361.721477429033257 ], [ 434798.743546503596008, 439361.840967066469602 ] ] ] } },
{ "type": "Feature", "properties": { "amenity": null, "building": "house", "denomination": null, "name": null, "ref:GB:uprn": "72041580", "religion": null, "wikidata": null, "osm_type": "way", "osm_id": 699208261, "addr:city": "Leeds", "addr:housenumber": null, "addr:postcode": "LS17 8JL", "addr:street": null, "addr:suburb": null, "addr:country": "GB", "source:addr:postcode": "ONSUD;OS Open UPRN", "addr:housename": null, "source:name": null, "community_centre": null, "man_made": null }, "geometry": { "type": "Polygon", "coordinates": [ [ [ 434781.321510777284857, 439351.297083618235774 ], [ 434781.234126961207949, 439355.090594405424781 ], [ 434779.142341497703455, 439355.041680793394335 ], [ 434779.064512515149545, 439358.434706126223318 ], [ 434781.156296458211727, 439358.483619705657475 ], [ 434781.090415377402678, 439361.153506828122772 ], [ 434785.912033244967461, 439361.267202342743985 ], [ 434785.929239873657934, 439360.722128293244168 ], [ 434788.271013855119236, 439360.77290185529273 ], [ 434788.338551894295961, 439357.880495729856193 ], [ 434790.568489097000565, 439357.930439718649723 ], [ 434790.791620795382187, 439348.263109301449731 ], [ 434785.805521279107779, 439348.148187237326056 ], [ 434785.728761701495387, 439351.396575030870736 ], [ 434781.321510777284857, 439351.297083618235774 ] ] ] } },
{ "type": "Feature", "properties": { "amenity": null, "building": "house", "denomination": null, "name": null, "ref:GB:uprn": "72041585", "religion": null, "wikidata": null, "osm_type": "way", "osm_id": 699208262, "addr:city": "Leeds", "addr:housenumber": null, "addr:postcode": "LS17 8JL", "addr:street": null, "addr:suburb": null, "addr:country": "GB", "source:addr:postcode": "ONSUD;OS Open UPRN", "addr:housename": null, "source:name": null, "community_centre": null, "man_made": null }, "geometry": { "type": "Polygon", "coordinates": [ [ [ 434774.056382575829048, 439365.71880066965241 ], [ 434774.595731429057196, 439363.964807522017509 ], [ 434775.665665169304702, 439364.295422349008732 ], [ 434777.108620416198391, 439359.577345331199467 ], [ 434776.038685686769895, 439359.246730179991573 ], [ 434777.414120613539126, 439354.76180984696839 ], [ 434769.208807293965947, 439352.264169727102853 ], [ 434766.821876997069921, 439360.068427432328463 ], [ 434763.854822393506765, 439359.167404196457937 ], [ 434762.890612837392837, 439362.320192543324083 ], [ 434774.056382575829048, 439365.71880066965241 ] ] ] } },
{ "type": "Feature", "properties": { "amenity": null, "building": "garage", "denomination": null, "name": null, "ref:GB:uprn": null, "religion": null, "wikidata": null, "osm_type": "way", "osm_id": 699208263, "addr:city": null, "addr:housenumber": null, "addr:postcode": null, "addr:street": null, "addr:suburb": null, "addr:country": null, "source:addr:postcode": null, "addr:housename": null, "source:name": null, "community_centre": null, "man_made": null }, "geometry": { "type": "Polygon", "coordinates": [ [ [ 434761.430166313948575, 439366.737726646009833 ], [ 434762.756699387333356, 439360.861618198337965 ], [ 434757.022730612079613, 439359.572886188165285 ], [ 434755.69620443880558, 439365.448996225488372 ], [ 434761.430166313948575, 439366.737726646009833 ] ] ] } },
{ "type": "Feature", "properties": { "amenity": null, "building": "house", "denomination": null, "name": null, "ref:GB:uprn": "72041586", "religion": null, "wikidata": null, "osm_type": "way", "osm_id": 699208264, "addr:city": "Leeds", "addr:housenumber": null, "addr:postcode": "LS17 8JL", "addr:street": null, "addr:suburb": null, "addr:country": "GB", "source:addr:postcode": "ONSUD;OS Open UPRN", "addr:housename": null, "source:name": null, "community_centre": null, "man_made": null }, "geometry": { "type": "Polygon", "coordinates": [ [ [ 434764.411473823012784, 439369.263333115726709 ], [ 434761.018267884792294, 439369.048995598801412 ], [ 434760.810777464648709, 439372.185147735290229 ], [ 434764.203898543259129, 439372.410611065919511 ], [ 434763.989001546869986, 439375.657973801600747 ], [ 434772.912486756744329, 439376.236041067051701 ], [ 434773.060747098177671, 439373.98957505740691 ], [ 434773.922143029631115, 439374.051603555446491 ], [ 434774.247540594311431, 439369.21396240463946 ], [ 434764.456148937984835, 439368.562690948718227 ], [ 434764.411473823012784, 439369.263333115726709 ] ] ] } },
{ "type": "Feature", "properties": { "amenity": null, "building": "garage", "denomination": null, "name": null, "ref:GB:uprn": null, "religion": null, "wikidata": null, "osm_type": "way", "osm_id": 699208265, "addr:city": null, "addr:housenumber": null, "addr:postcode": null, "addr:street": null, "addr:suburb": null, "addr:country": null, "source:addr:postcode": null, "addr:housename": null, "source:name": null, "community_centre": null, "man_made": null }, "geometry": { "type": "Polygon", "coordinates": [ [ [ 434754.849854332744144, 439379.317545578815043 ], [ 434760.094306378916372, 439379.189567917957902 ], [ 434760.017013125121593, 439376.307213151128963 ], [ 434754.772557845688425, 439376.435190908960067 ], [ 434754.849854332744144, 439379.317545578815043 ] ] ] } },
{ "type": "Feature", "properties": { "amenity": null, "building": "house", "denomination": null, "name": null, "ref:GB:uprn": null, "religion": null, "wikidata": null, "osm_type": "way", "osm_id": 699208266, "addr:city": null, "addr:housenumber": null, "addr:postcode": null, "addr:street": null, "addr:suburb": null, "addr:country": null, "source:addr:postcode": null, "addr:housename": null, "source:name": null, "community_centre": null, "man_made": null }, "geometry": { "type": "Polygon", "coordinates": [ [ [ 434769.558335517533123, 439381.396119712502696 ], [ 434769.497562903910875, 439378.947823520982638 ], [ 434760.094306378916372, 439379.189567917957902 ], [ 434754.849854332744144, 439379.317545578815043 ], [ 434754.931252467853483, 439382.533727737376466 ], [ 434763.847596769104712, 439382.29948535002768 ], [ 434764.218698213226162, 439385.484438447514549 ], [ 434758.661256867693737, 439386.1219106328208 ], [ 434759.465206096705515, 439393.037476126919501 ], [ 434768.631053522869479, 439391.981728801736608 ], [ 434768.260368662362453, 439388.741145532927476 ], [ 434773.435914781119209, 439388.145355563843623 ], [ 434772.613653483276721, 439381.04049986647442 ], [ 434769.558335517533123, 439381.396119712502696 ] ] ] } },
{ "type": "Feature", "properties": { "amenity": null, "building": "garage", "denomination": null, "name": null, "ref:GB:uprn": null, "religion": null, "wikidata": null, "osm_type": "way", "osm_id": 699208267, "addr:city": null, "addr:housenumber": null, "addr:postcode": null, "addr:street": null, "addr:suburb": null, "addr:country": null, "source:addr:postcode": null, "addr:housename": null, "source:name": null, "community_centre": null, "man_made": null }, "geometry": { "type": "Polygon", "coordinates": [ [ [ 434774.158922849397641, 439392.668110636761412 ], [ 434771.763550526811741, 439390.091214976855554 ], [ 434764.834193933929782, 439396.515436405432411 ], [ 434767.229649271001108, 439399.081202575587668 ], [ 434774.158922849397641, 439392.668110636761412 ] ] ] } },
{ "type": "Feature", "properties": { "amenity": null, "building": "house", "denomination": null, "name": null, "ref:GB:uprn": "72041581", "religion": null, "wikidata": null, "osm_type": "way", "osm_id": 699208268, "addr:city": "Leeds", "addr:housenumber": null, "addr:postcode": "LS17 8JL", "addr:street": null, "addr:suburb": null, "addr:country": "GB", "source:addr:postcode": "ONSUD;OS Open UPRN", "addr:housename": null, "source:name": null, "community_centre": null, "man_made": null }, "geometry": { "type": "Polygon", "coordinates": [ [ [ 434777.869840447616298, 439400.595529311569408 ], [ 434777.34171105211135, 439406.154892016667873 ], [ 434781.509930528351106, 439406.54189587791916 ], [ 434782.037982229143381, 439400.9936595747713 ], [ 434782.997887654579245, 439401.078674542484805 ], [ 434783.940309411671478, 439391.116268111160025 ], [ 434777.004273420374375, 439390.463924347655848 ], [ 434776.597316968487576, 439394.766884567099623 ], [ 434773.441622868413106, 439394.465288892155513 ], [ 434772.906093469820917, 439400.135862739640288 ], [ 434777.869840447616298, 439400.595529311569408 ] ] ] } },
{ "type": "Feature", "properties": { "amenity": null, "building": "garage", "denomination": null, "name": null, "ref:GB:uprn": null, "religion": null, "wikidata": null, "osm_type": "way", "osm_id": 699208269, "addr:city": null, "addr:housenumber": null, "addr:postcode": null, "addr:street": null, "addr:suburb": null, "addr:country": null, "source:addr:postcode": null, "addr:housename": null, "source:name": null, "community_centre": null, "man_made": null }, "geometry": { "type": "Polygon", "coordinates": [ [ [ 434783.761838117206935, 439400.973082669777796 ], [ 434783.277241426985711, 439407.756690707523376 ], [ 434786.532101502001751, 439407.992270298069343 ], [ 434787.01020689192228, 439401.197487757541239 ], [ 434783.761838117206935, 439400.973082669777796 ] ] ] } },
{ "type": "Feature", "properties": { "amenity": null, "building": "house", "denomination": null, "name": null, "ref:GB:uprn": "72041579", "religion": null, "wikidata": null, "osm_type": "way", "osm_id": 699208270, "addr:city": "Leeds", "addr:housenumber": null, "addr:postcode": "LS17 8JL", "addr:street": null, "addr:suburb": null, "addr:country": "GB", "source:addr:postcode": "ONSUD;OS Open UPRN", "addr:housename": null, "source:name": null, "community_centre": null, "man_made": null }, "geometry": { "type": "Polygon", "coordinates": [ [ [ 434786.893609164981171, 439400.951837185537443 ], [ 434793.304823678568937, 439401.40001863159705 ], [ 434794.017923178325873, 439391.313518078764901 ], [ 434787.606694852234796, 439390.865335712209344 ], [ 434786.893609164981171, 439400.951837185537443 ] ] ] } },
{ "type": "Feature", "properties": { "amenity": null, "building": "garage", "denomination": null, "name": null, "ref:GB:uprn": null, "religion": null, "wikidata": null, "osm_type": "way", "osm_id": 699208271, "addr:city": null, "addr:housenumber": null, "addr:postcode": null, "addr:street": null, "addr:suburb": null, "addr:country": null, "source:addr:postcode": null, "addr:housename": null, "source:name": null, "community_centre": null, "man_made": null }, "geometry": { "type": "Polygon", "coordinates": [ [ [ 434797.837882928550243, 439400.499065417796373 ], [ 434794.536967499996535, 439400.263135837973095 ], [ 434794.037048697471619, 439407.335919899051078 ], [ 434797.331380492425524, 439407.571800271398388 ], [ 434797.837882928550243, 439400.499065417796373 ] ] ] } },
{ "type": "Feature", "properties": { "amenity": null, "building": "house", "denomination": null, "name": null, "ref:GB:uprn": "72041577", "religion": null, "wikidata": null, "osm_type": "way", "osm_id": 699208272, "addr:city": "Leeds", "addr:housenumber": null, "addr:postcode": "LS17 8JL", "addr:street": null, "addr:suburb": null, "addr:country": "GB", "source:addr:postcode": "ONSUD;OS Open UPRN", "addr:housename": null, "source:name": null, "community_centre": null, "man_made": null }, "geometry": { "type": "Polygon", "coordinates": [ [ [ 434803.341289550357033, 439401.819514684262685 ], [ 434803.59890955715673, 439398.138534607714973 ], [ 434804.295916854054667, 439398.188220584532246 ], [ 434804.979170412116218, 439388.579942166688852 ], [ 434797.792068925104104, 439388.070347134955227 ], [ 434797.10883011581609, 439397.678626539185643 ], [ 434799.37081486225361, 439397.840078754466958 ], [ 434799.106619523954578, 439401.521010169410147 ], [ 434803.341289550357033, 439401.819514684262685 ] ] ] } },
{ "type": "Feature", "properties": { "amenity": null, "building": "garage", "denomination": null, "name": null, "ref:GB:uprn": null, "religion": null, "wikidata": null, "osm_type": "way", "osm_id": 699208273, "addr:city": null, "addr:housenumber": null, "addr:postcode": null, "addr:street": null, "addr:suburb": null, "addr:country": null, "source:addr:postcode": null, "addr:housename": null, "source:name": null, "community_centre": null, "man_made": null }, "geometry": { "type": "Polygon", "coordinates": [ [ [ 434806.797501500113867, 439405.060778475832194 ], [ 434804.042369685601443, 439404.862278119195253 ], [ 434803.674825370311737, 439410.055654804455116 ], [ 434806.430036815989297, 439410.243029002682306 ], [ 434806.797501500113867, 439405.060778475832194 ] ] ] } },
{ "type": "Feature", "properties": { "amenity": null, "building": "house", "denomination": null, "name": null, "ref:GB:uprn": "72041575", "religion": null, "wikidata": null, "osm_type": "way", "osm_id": 699208274, "addr:city": "Leeds", "addr:housenumber": null, "addr:postcode": "LS17 8JL", "addr:street": null, "addr:suburb": null, "addr:country": "GB", "source:addr:postcode": "ONSUD;OS Open UPRN", "addr:housename": null, "source:name": null, "community_centre": null, "man_made": null }, "geometry": { "type": "Polygon", "coordinates": [ [ [ 434814.816566062043421, 439389.231641149148345 ], [ 434808.175248341809493, 439388.759467013995163 ], [ 434807.910549536929466, 439392.507153637823649 ], [ 434805.398738406016491, 439392.32158754626289 ], [ 434805.038928085414227, 439397.359249557252042 ], [ 434807.550819203606807, 439397.533689510310069 ], [ 434807.462696768576279, 439398.768083800678141 ], [ 434814.104000292369165, 439399.240256986231543 ], [ 434814.816566062043421, 439389.231641149148345 ] ] ] } },
{ "type": "Feature", "properties": { "amenity": null, "building": "house", "denomination": null, "name": null, "ref:GB:uprn": "72041573", "religion": null, "wikidata": null, "osm_type": "way", "osm_id": 699208275, "addr:city": "Leeds", "addr:housenumber": null, "addr:postcode": "LS17 8JL", "addr:street": null, "addr:suburb": null, "addr:country": "GB", "source:addr:postcode": "ONSUD;OS Open UPRN", "addr:housename": null, "source:name": null, "community_centre": null, "man_made": null }, "geometry": { "type": "Polygon", "coordinates": [ [ [ 434817.92477189807687, 439392.381313598714769 ], [ 434815.38656365184579, 439392.206672455649823 ], [ 434814.380497751233634, 439406.296557643101551 ], [ 434819.10173447872512, 439406.632073192391545 ], [ 434819.358870422351174, 439403.017849641735666 ], [ 434821.061914541118313, 439403.14177719829604 ], [ 434821.311646263871808, 439399.638764406787232 ], [ 434824.44159861211665, 439399.862315116799437 ], [ 434825.131968543573748, 439390.187332648900338 ], [ 434818.115834153548349, 439389.690104136476293 ], [ 434817.92477189807687, 439392.381313598714769 ] ] ] } },
{ "type": "Feature", "properties": { "amenity": null, "building": "house", "denomination": null, "name": null, "ref:GB:uprn": "72099739", "religion": null, "wikidata": null, "osm_type": "way", "osm_id": 699208276, "addr:city": "Leeds", "addr:housenumber": null, "addr:postcode": "LS17 8JQ", "addr:street": null, "addr:suburb": null, "addr:country": "GB", "source:addr:postcode": "ONSUD;OS Open UPRN", "addr:housename": null, "source:name": null, "community_centre": null, "man_made": null }, "geometry": { "type": "Polygon", "coordinates": [ [ [ 434842.844346519443206, 439416.499893776373938 ], [ 434842.604097111849114, 439408.998797672684304 ], [ 434829.278368295286782, 439409.433753319084644 ], [ 434829.22424836922437, 439407.864504417637363 ], [ 434825.414136211853474, 439407.98081641853787 ], [ 434825.499952430778649, 439410.596198562532663 ], [ 434825.157780254550744, 439410.604780757450499 ], [ 434825.366279864800163, 439417.070868524722755 ], [ 434842.844346519443206, 439416.499893776373938 ] ] ] } },
{ "type": "Feature", "properties": { "amenity": null, "building": "house", "denomination": null, "name": null, "ref:GB:uprn": "72099741;72099742", "religion": null, "wikidata": null, "osm_type": "way", "osm_id": 699208277, "addr:city": null, "addr:housenumber": null, "addr:postcode": null, "addr:street": null, "addr:suburb": null, "addr:country": null, "source:addr:postcode": null, "addr:housename": null, "source:name": null, "community_centre": null, "man_made": null }, "geometry": { "type": "Polygon", "coordinates": [ [ [ 434864.385779404838104, 439403.886901788180694 ], [ 434862.437421498936601, 439404.017043455736712 ], [ 434862.925273122265935, 439410.952528888825327 ], [ 434868.500531352474354, 439410.571224766550586 ], [ 434868.560022316931281, 439411.417287123389542 ], [ 434876.136430742568336, 439410.883992970804684 ], [ 434875.589108918909915, 439403.102443636511452 ], [ 434871.567231736553367, 439403.384039649856277 ], [ 434871.377342371910345, 439400.612109488691203 ], [ 434864.189389973413199, 439401.10379700595513 ], [ 434864.385779404838104, 439403.886901788180694 ] ] ] } },
{ "type": "Feature", "properties": { "amenity": null, "building": "house", "denomination": null, "name": null, "ref:GB:uprn": null, "religion": null, "wikidata": null, "osm_type": "way", "osm_id": 699208278, "addr:city": null, "addr:housenumber": null, "addr:postcode": null, "addr:street": null, "addr:suburb": null, "addr:country": null, "source:addr:postcode": null, "addr:housename": null, "source:name": null, "community_centre": null, "man_made": null }, "geometry": { "type": "Polygon", "coordinates": [ [ [ 434878.458861348452047, 439469.182273701648228 ], [ 434900.041212496464141, 439469.598968869890086 ], [ 434900.137149501824751, 439464.670611837180331 ], [ 434886.764165164378937, 439464.404075436410494 ], [ 434886.806309519801289, 439462.27921396389138 ], [ 434878.596999043715186, 439462.11792882962618 ], [ 434878.458861348452047, 439469.182273701648228 ] ] ] } },
{ "type": "Feature", "properties": { "amenity": null, "building": "house", "denomination": null, "name": null, "ref:GB:uprn": "72159418", "religion": null, "wikidata": null, "osm_type": "way", "osm_id": 699208279, "addr:city": null, "addr:housenumber": null, "addr:postcode": null, "addr:street": null, "addr:suburb": null, "addr:country": null, "source:addr:postcode": null, "addr:housename": null, "source:name": null, "community_centre": null, "man_made": null }, "geometry": { "type": "Polygon", "coordinates": [ [ [ 434868.848495060228743, 439468.988318306626752 ], [ 434878.458861348452047, 439469.182273701648228 ], [ 434878.596999043715186, 439462.11792882962618 ], [ 434868.98653537244536, 439461.935099165420979 ], [ 434868.848495060228743, 439468.988318306626752 ] ] ] } },
{ "type": "Feature", "properties": { "amenity": null, "building": "house", "denomination": null, "name": null, "ref:GB:uprn": "72099738", "religion": null, "wikidata": null, "osm_type": "way", "osm_id": 699208280, "addr:city": "Leeds", "addr:housenumber": null, "addr:postcode": "LS17 8JQ", "addr:street": null, "addr:suburb": null, "addr:country": "GB", "source:addr:postcode": "ONSUD;OS Open UPRN", "addr:housename": null, "source:name": null, "community_centre": null, "man_made": null }, "geometry": { "type": "Polygon", "coordinates": [ [ [ 434838.078826339449733, 439468.992984665906988 ], [ 434838.916279144759756, 439475.808676297427155 ], [ 434849.96576847427059, 439474.455558987916447 ], [ 434848.50197947002016, 439462.516981508000754 ], [ 434837.452462412882596, 439463.870102369808592 ], [ 434837.28493803658057, 439462.511414485634305 ], [ 434830.83831193036167, 439463.297957653063349 ], [ 434831.632126267999411, 439469.790652662049979 ], [ 434838.078826339449733, 439468.992984665906988 ] ] ] } },
{ "type": "Feature", "properties": { "amenity": null, "building": "garage", "denomination": null, "name": null, "ref:GB:uprn": null, "religion": null, "wikidata": null, "osm_type": "way", "osm_id": 699208281, "addr:city": null, "addr:housenumber": null, "addr:postcode": null, "addr:street": null, "addr:suburb": null, "addr:country": null, "source:addr:postcode": null, "addr:housename": null, "source:name": null, "community_centre": null, "man_made": null }, "geometry": { "type": "Polygon", "coordinates": [ [ [ 434824.956001052865759, 439466.937108143698424 ], [ 434825.229204482457135, 439471.779198210337199 ], [ 434828.559443633363117, 439471.603685042005964 ], [ 434828.286326382483821, 439466.75046881265007 ], [ 434824.956001052865759, 439466.937108143698424 ] ] ] } },
{ "type": "Feature", "properties": { "amenity": null, "building": "house", "denomination": null, "name": null, "ref:GB:uprn": "72552796", "religion": null, "wikidata": null, "osm_type": "way", "osm_id": 699208282, "addr:city": "Leeds", "addr:housenumber": null, "addr:postcode": "LS17 8JQ", "addr:street": null, "addr:suburb": null, "addr:country": "GB", "source:addr:postcode": "ONSUD;OS Open UPRN", "addr:housename": null, "source:name": null, "community_centre": null, "man_made": null }, "geometry": { "type": "Polygon", "coordinates": [ [ [ 434815.816162744478788, 439460.972070557181723 ], [ 434809.098393888503779, 439458.407530263997614 ], [ 434806.367993035877589, 439465.508242326206528 ], [ 434813.085670351050794, 439468.083904705825262 ], [ 434815.816162744478788, 439460.972070557181723 ] ] ] } },
{ "type": "Feature", "properties": { "amenity": null, "building": "garage", "denomination": null, "name": null, "ref:GB:uprn": null, "religion": null, "wikidata": null, "osm_type": "way", "osm_id": 699208283, "addr:city": null, "addr:housenumber": null, "addr:postcode": null, "addr:street": null, "addr:suburb": null, "addr:country": null, "source:addr:postcode": null, "addr:housename": null, "source:name": null, "community_centre": null, "man_made": null }, "geometry": { "type": "Polygon", "coordinates": [ [ [ 434799.538578280888032, 439460.261382523342036 ], [ 434792.650733654794749, 439455.792958760051988 ], [ 434790.900565684423782, 439458.472586958669126 ], [ 434797.794986523513217, 439462.941057045478374 ], [ 434799.538578280888032, 439460.261382523342036 ] ] ] } },
{ "type": "Feature", "properties": { "amenity": null, "building": "house", "denomination": null, "name": null, "ref:GB:uprn": null, "religion": null, "wikidata": null, "osm_type": "way", "osm_id": 699208284, "addr:city": null, "addr:housenumber": null, "addr:postcode": null, "addr:street": null, "addr:suburb": null, "addr:country": null, "source:addr:postcode": null, "addr:housename": null, "source:name": null, "community_centre": null, "man_made": null }, "geometry": { "type": "Polygon", "coordinates": [ [ [ 434822.533841576660052, 439463.547746509429999 ], [ 434815.816162744478788, 439460.972070557181723 ], [ 434813.085670351050794, 439468.083904705825262 ], [ 434819.803423057659529, 439470.648450837470591 ], [ 434822.533841576660052, 439463.547746509429999 ] ] ] } },
{ "type": "Feature", "properties": { "amenity": null, "building": "house", "denomination": null, "name": null, "ref:GB:uprn": null, "religion": null, "wikidata": null, "osm_type": "way", "osm_id": 847224274, "addr:city": null, "addr:housenumber": null, "addr:postcode": null, "addr:street": null, "addr:suburb": null, "addr:country": null, "source:addr:postcode": null, "addr:housename": null, "source:name": null, "community_centre": null, "man_made": null }, "geometry": { "type": "Polygon", "coordinates": [ [ [ 434966.048197244934272, 439643.977465595235117 ], [ 434965.635777961928397, 439640.180223102681339 ], [ 434964.47041841322789, 439640.305040941573679 ], [ 434963.608431703352835, 439632.398734850576147 ], [ 434970.09365463105496, 439631.701678082812577 ], [ 434969.964482598064933, 439630.499043071060441 ], [ 434975.488441328925546, 439629.906081424676813 ], [ 434975.617861248843838, 439631.07533872150816 ], [ 434981.484225910389796, 439630.440435188706033 ], [ 434982.33369106129976, 439638.257638734066859 ], [ 434980.746985431935173, 439638.423811335931532 ], [ 434981.171551937353797, 439642.354664970189333 ], [ 434966.048197244934272, 439643.977465595235117 ] ] ] } },
{ "type": "Feature", "properties": { "amenity": null, "building": "house", "denomination": null, "name": null, "ref:GB:uprn": "72764221", "religion": null, "wikidata": null, "osm_type": "way", "osm_id": 847224275, "addr:city": "Leeds", "addr:housenumber": null, "addr:postcode": "LS17 8FZ", "addr:street": null, "addr:suburb": null, "addr:country": "GB", "source:addr:postcode": "ONSUD;OS Open UPRN", "addr:housename": null, "source:name": null, "community_centre": null, "man_made": null }, "geometry": { "type": "Polygon", "coordinates": [ [ [ 434977.783615003281739, 439652.031735039548948 ], [ 434965.470058313803747, 439653.564259220147505 ], [ 434967.0030990508385, 439665.870575131732039 ], [ 434976.81438206275925, 439664.653162472648546 ], [ 434976.37366613233462, 439661.122745330329053 ], [ 434978.875909830385353, 439660.807637710124254 ], [ 434977.783615003281739, 439652.031735039548948 ] ] ] } },
{ "type": "Feature", "properties": { "amenity": null, "building": "house", "denomination": null, "name": null, "ref:GB:uprn": "72764222", "religion": null, "wikidata": null, "osm_type": "way", "osm_id": 847224276, "addr:city": "Leeds", "addr:housenumber": null, "addr:postcode": "LS17 8FZ", "addr:street": null, "addr:suburb": null, "addr:country": "GB", "source:addr:postcode": "ONSUD;OS Open UPRN", "addr:housename": null, "source:name": null, "community_centre": null, "man_made": null }, "geometry": { "type": "Polygon", "coordinates": [ [ [ 434977.934903994610067, 439667.888239661115222 ], [ 434966.470402368926443, 439669.371469779987819 ], [ 434968.006923831999302, 439681.210496090585366 ], [ 434977.351035094936378, 439680.00072304031346 ], [ 434976.946716127335094, 439676.882261017919518 ], [ 434980.05481706984574, 439676.482666725292802 ], [ 434979.476363797730301, 439672.016587696038187 ], [ 434978.488625206926372, 439672.14272871799767 ], [ 434977.934903994610067, 439667.888239661115222 ] ] ] } },
{ "type": "Feature", "properties": { "amenity": null, "building": "yes", "denomination": null, "name": null, "ref:GB:uprn": null, "religion": null, "wikidata": null, "osm_type": "way", "osm_id": 974138054, "addr:city": null, "addr:housenumber": null, "addr:postcode": null, "addr:street": null, "addr:suburb": null, "addr:country": null, "source:addr:postcode": null, "addr:housename": null, "source:name": null, "community_centre": null, "man_made": "storage_tank" }, "geometry": { "type": "Polygon", "coordinates": [ [ [ 434462.842783190018963, 439684.553304051514715 ], [ 434462.867374065157492, 439682.105640678433701 ], [ 434466.886608108936343, 439682.146346365218051 ], [ 434466.855436870828271, 439684.593961310456507 ], [ 434462.842783190018963, 439684.553304051514715 ] ] ] } }
]
}
